student_id,cohort,first_gen,gender,rural_origin,race_ethnicity,home_state,institution_id,institution_name,institution_type,hs_gpa,test_percentile,birth_year,starting_major,major_category,efc_dollars,need_index,eligible_flag,aid_received,annual_aid_amount,y1_gpa_mean,y1_credits,y2_retained,y6_completed,cumulative_gpa_final,above_cutoff,distance_from_cutoff
S201600001,2016,1,M,1,White,NY,INST_05,Urban University E (Research),research,2.61,40,1998,Political Science,Social Sciences,10484,1.542,1,0,0,2.66,29,0,0,,0,-1.458
S201600002,2016,1,M,0,White,NC,INST_01,State University A (Research),research,3.37,59,1998,Finance,Business,5567,0.819,1,0,0,2.5700000000000003,33,1,1,2.46,0,-2.181
S201600003,2016,0,F,0,White,FL,INST_03,Regional College C (Teaching),teaching,3.01,48,1998,Economics-Bus,Business,16053,2.361,1,0,0,2.56,31,1,1,2.92,0,-0.639
S201600004,2016,0,F,0,White,CA,INST_03,Regional College C (Teaching),teaching,3.47,38,1998,Mathematics,STEM,3003,0.442,1,1,6521,4.0,33,1,0,,0,-2.558
S201600005,2016,1,M,0,Hispanic,PA,INST_03,Regional College C (Teaching),teaching,3.2,27,1998,Kinesiology,Health,14586,2.145,1,1,2986,3.91,31,1,0,,0,-0.855
S201600006,2016,1,M,0,Asian,FL,INST_01,State University A (Research),research,2.63,71,1998,Nursing,Health,12188,1.792,1,1,4402,3.5,28,1,1,3.82,0,-1.208
S201600007,2016,1,F,0,White,IL,INST_02,State University B (Research),research,3.91,85,1998,Nursing,Health,412,0.1,1,1,3501,3.455,31,1,1,3.36,0,-2.9
S201600008,2016,1,F,0,Black,FL,INST_03,Regional College C (Teaching),teaching,3.46,49,1998,Mathematics,STEM,0,0.1,1,1,6337,2.99,27,1,0,,0,-2.9
S201600009,2016,0,F,0,White,NJ,INST_03,Regional College C (Teaching),teaching,2.67,60,1998,Public Health,Health,1473,0.217,1,1,6187,3.455,31,0,0,,0,-2.783
S201600010,2016,0,F,1,Hispanic,NJ,INST_05,Urban University E (Research),research,3.5,30,1998,Sociology,Social Sciences,0,0.1,1,0,0,3.545,34,0,0,,0,-2.9
S201600011,2016,0,F,1,Asian,NJ,INST_05,Urban University E (Research),research,3.9,49,1998,Nursing,Health,2592,0.381,1,0,0,3.69,25,1,0,,0,-2.619
S201600012,2016,0,M,1,Black,NY,INST_04,Regional College D (Teaching),teaching,3.42,39,1998,Civil Engineering,STEM,12276,1.805,1,0,0,3.77,30,0,0,,0,-1.195
S201600013,2016,1,F,0,Hispanic,PA,INST_03,Regional College C (Teaching),teaching,3.18,53,1998,Pre-Med,Health,0,0.1,1,0,0,3.265,30,0,0,,0,-2.9
S201600014,2016,0,M,1,White,VA,INST_02,State University B (Research),research,2.84,62,1998,History,Humanities,44,0.1,1,1,4870,3.34,32,0,0,,0,-2.9
S201600015,2016,0,M,0,Asian,MI,INST_03,Regional College C (Teaching),teaching,2.22,53,1998,Communications,Other,7317,1.076,1,1,8326,3.2199999999999998,28,1,1,2.99,0,-1.924
S201600016,2016,0,F,1,White,PA,INST_02,State University B (Research),research,2.97,66,1997,Economics-Bus,Business,16003,2.353,1,1,5538,3.1500000000000004,30,0,0,,0,-0.647
S201600017,2016,0,F,0,Hispanic,OH,INST_03,Regional College C (Teaching),teaching,3.27,64,1998,Chemistry,STEM,12405,1.824,1,1,6212,3.44,31,1,0,,0,-1.176
S201600018,2016,1,F,0,White,NY,INST_02,State University B (Research),research,2.65,68,1998,Statistics,STEM,10852,1.596,1,1,2870,3.645,28,1,1,3.9,0,-1.404
S201600019,2016,1,M,0,White,PA,INST_04,Regional College D (Teaching),teaching,3.6,71,1998,Mechanical Engineering,STEM,22488,3.307,0,0,0,2.9299999999999997,30,0,0,,1,0.307
S201600020,2016,0,M,0,White,GA,INST_03,Regional College C (Teaching),teaching,3.86,60,1998,Chemistry,STEM,10944,1.609,1,1,7054,3.785,31,1,1,4.0,0,-1.391
S201600021,2016,0,M,1,White,GA,INST_04,Regional College D (Teaching),teaching,2.53,24,1998,Political Science,Social Sciences,25666,3.774,0,0,0,3.3899999999999997,28,0,0,,1,0.774
S201600022,2016,1,F,0,White,PA,INST_03,Regional College C (Teaching),teaching,4.0,49,1998,Accounting,Business,0,0.1,1,1,7891,3.865,32,1,0,,0,-2.9
S201600023,2016,1,M,0,White,OH,INST_04,Regional College D (Teaching),teaching,3.42,68,1998,Mechanical Engineering,STEM,5301,0.78,1,0,0,2.59,26,1,1,2.57,0,-2.22
S201600024,2016,0,F,0,White,TX,INST_05,Urban University E (Research),research,3.46,52,1998,Communications,Other,21163,3.112,0,0,0,3.4050000000000002,29,0,0,,1,0.112
S201600025,2016,0,F,0,Black,IL,INST_04,Regional College D (Teaching),teaching,3.94,35,1998,History,Humanities,9836,1.446,1,1,3961,3.4850000000000003,30,0,0,,0,-1.554
S201600026,2016,0,M,0,Asian,NJ,INST_02,State University B (Research),research,3.38,62,1998,Kinesiology,Health,14399,2.118,1,1,7902,3.4050000000000002,32,1,0,,0,-0.882
S201600027,2016,0,F,1,Black,NY,INST_02,State University B (Research),research,4.0,44,1998,Biology,STEM,18641,2.741,1,1,5585,2.96,31,1,0,,0,-0.259
S201600028,2016,0,M,0,White,MI,INST_04,Regional College D (Teaching),teaching,3.83,55,1998,Pre-Med,Health,11975,1.761,1,1,5838,3.355,31,0,0,,0,-1.239
S201600029,2016,1,M,1,Asian,NY,INST_04,Regional College D (Teaching),teaching,3.51,30,1998,Mathematics,STEM,12961,1.906,1,1,6462,3.675,32,0,0,,0,-1.094
S201600030,2016,1,M,0,White,GA,INST_02,State University B (Research),research,3.53,55,1998,Management,Business,4637,0.682,1,0,0,3.7,31,1,0,,0,-2.318
S201600031,2016,0,F,1,White,PA,INST_05,Urban University E (Research),research,2.43,29,1998,Communications,Other,4204,0.618,1,1,5142,2.95,28,1,1,2.96,0,-2.382
S201600032,2016,1,M,0,Hispanic,CA,INST_05,Urban University E (Research),research,3.18,64,1998,General Studies,Other,0,0.1,1,0,0,3.685,29,1,1,4.0,0,-2.9
S201600033,2016,0,M,1,White,FL,INST_01,State University A (Research),research,3.08,99,1998,Mathematics,STEM,11085,1.63,1,0,0,3.99,27,0,0,,0,-1.37
S201600034,2016,0,M,0,White,CA,INST_03,Regional College C (Teaching),teaching,3.75,68,1998,Biomedical Engineering,STEM,24653,3.625,0,0,0,3.105,31,1,0,,1,0.625
S201600035,2016,0,F,0,White,FL,INST_03,Regional College C (Teaching),teaching,2.8,76,1998,Management,Business,13978,2.056,1,1,3670,3.8449999999999998,24,1,0,,0,-0.944
S201600036,2016,0,F,0,White,IL,INST_01,State University A (Research),research,3.68,85,1998,Public Health,Health,24161,3.553,0,0,0,4.0,28,1,1,4.0,1,0.553
S201600037,2016,0,M,0,Black,VA,INST_01,State University A (Research),research,3.79,59,1998,Management,Business,16815,2.473,1,1,5457,3.48,28,1,0,,0,-0.527
S201600038,2016,0,M,0,Black,GA,INST_03,Regional College C (Teaching),teaching,3.92,47,1998,History,Humanities,19645,2.889,1,1,10498,3.375,28,1,0,,0,-0.111
S201600039,2016,0,M,1,Unknown,NY,INST_05,Urban University E (Research),research,2.79,60,1998,Statistics,STEM,6400,0.941,1,1,5246,3.215,32,0,0,,0,-2.059
S201600040,2016,0,F,1,White,IL,INST_03,Regional College C (Teaching),teaching,3.28,75,1998,Economics,Social Sciences,11039,1.623,1,1,8072,3.39,32,1,1,3.68,0,-1.377
S201600041,2016,1,M,1,White,PA,INST_05,Urban University E (Research),research,3.01,48,1998,Economics-Bus,Business,6997,1.029,1,0,0,2.94,33,1,1,3.04,0,-1.971
S201600042,2016,0,F,0,Black,NC,INST_01,State University A (Research),research,2.91,35,1998,Economics-Bus,Business,19065,2.804,1,0,0,2.77,31,1,0,,0,-0.196
S201600043,2016,0,F,0,Asian,OH,INST_05,Urban University E (Research),research,3.5,62,1998,Accounting,Business,2402,0.353,1,1,5879,2.895,28,1,0,,0,-2.647
S201600044,2016,1,M,1,White,CA,INST_04,Regional College D (Teaching),teaching,2.81,22,1998,General Studies,Other,12768,1.878,1,1,5682,4.0,29,1,0,,0,-1.122
S201600045,2016,0,M,0,White,VA,INST_04,Regional College D (Teaching),teaching,3.59,34,1998,Economics,Social Sciences,7850,1.154,1,1,5830,3.275,27,0,0,,0,-1.846
S201600046,2016,1,F,0,White,NC,INST_04,Regional College D (Teaching),teaching,3.91,31,1998,Political Science,Social Sciences,12931,1.902,1,1,7032,3.955,31,1,0,,0,-1.098
S201600047,2016,0,F,1,White,PA,INST_04,Regional College D (Teaching),teaching,4.0,70,1998,Undeclared,Other,8876,1.305,1,1,5401,3.965,30,1,1,4.0,0,-1.695
S201600048,2016,0,F,1,White,NJ,INST_03,Regional College C (Teaching),teaching,3.54,56,1998,Computer Science,STEM,10525,1.548,1,1,7166,3.39,27,1,0,,0,-1.452
S201600049,2016,1,F,1,White,GA,INST_03,Regional College C (Teaching),teaching,3.9,29,1997,Psychology,Social Sciences,9201,1.353,1,0,0,3.49,28,1,1,4.0,0,-1.647
S201600050,2016,1,F,0,Black,NC,INST_02,State University B (Research),research,2.91,37,1998,Electrical Engineering,STEM,5496,0.808,1,1,4710,3.58,32,0,0,,0,-2.192
S201600051,2016,0,M,0,Hispanic,PA,INST_04,Regional College D (Teaching),teaching,3.7,70,1998,English,Humanities,9090,1.337,1,1,6008,3.71,30,1,0,,0,-1.663
S201600052,2016,0,F,1,Black,NY,INST_01,State University A (Research),research,3.35,69,1998,Education,Other,5028,0.739,1,0,0,2.98,32,1,1,2.77,0,-2.261
S201600053,2016,1,F,0,White,NY,INST_05,Urban University E (Research),research,3.07,31,1998,Finance,Business,7367,1.083,1,1,6477,3.0,30,0,0,,0,-1.917
S201600054,2016,1,F,0,White,NY,INST_01,State University A (Research),research,3.31,71,1998,Physics,STEM,0,0.1,1,1,5060,3.5700000000000003,31,0,0,,0,-2.9
S201600055,2016,0,M,1,Hispanic,PA,INST_01,State University A (Research),research,2.79,89,1998,Public Health,Health,10232,1.505,1,0,0,3.355,31,1,1,3.32,0,-1.495
S201600056,2016,1,F,0,Hispanic,NC,INST_05,Urban University E (Research),research,3.16,43,1998,Economics,Social Sciences,915,0.135,1,1,4965,3.4400000000000004,28,1,1,3.4,0,-2.865
S201600057,2016,0,M,0,Asian,NC,INST_02,State University B (Research),research,2.71,46,1998,Political Science,Social Sciences,10938,1.609,1,1,5564,3.515,28,1,0,,0,-1.391
S201600058,2016,1,F,0,White,MI,INST_02,State University B (Research),research,3.37,63,1998,Computer Science,STEM,0,0.1,1,0,0,3.16,31,1,1,3.46,0,-2.9
S201600059,2016,1,M,0,Asian,IL,INST_04,Regional College D (Teaching),teaching,3.54,66,1998,Anthropology,Social Sciences,4059,0.597,1,0,0,2.94,31,0,0,,0,-2.403
S201600060,2016,0,M,0,White,TX,INST_02,State University B (Research),research,2.88,54,1998,Public Health,Health,9435,1.388,1,1,5216,3.23,33,0,0,,0,-1.612
S201600061,2016,0,F,1,White,PA,INST_01,State University A (Research),research,2.45,45,1998,Mechanical Engineering,STEM,13197,1.941,1,1,5150,3.66,30,0,0,,0,-1.059
S201600062,2016,1,F,1,Black,PA,INST_05,Urban University E (Research),research,3.07,44,1998,Marketing,Business,4524,0.665,1,1,6049,3.88,30,1,0,,0,-2.335
S201600063,2016,0,F,0,White,CA,INST_03,Regional College C (Teaching),teaching,3.13,81,1998,Pre-Med,Health,2793,0.411,1,1,4158,4.0,27,1,0,,0,-2.589
S201600064,2016,0,F,0,Hispanic,NC,INST_03,Regional College C (Teaching),teaching,2.76,65,1998,Mathematics,STEM,9570,1.407,1,0,0,2.73,31,1,0,,0,-1.593
S201600065,2016,0,F,0,Asian,MI,INST_01,State University A (Research),research,3.3,43,1998,Management,Business,15904,2.339,1,0,0,2.4050000000000002,32,1,1,2.9,0,-0.661
S201600066,2016,1,M,0,Black,NC,INST_05,Urban University E (Research),research,2.59,29,1998,Computer Science,STEM,7990,1.175,1,1,7394,3.1799999999999997,31,1,1,3.21,0,-1.825
S201600067,2016,1,F,0,Hispanic,IL,INST_04,Regional College D (Teaching),teaching,3.33,77,1998,Computer Science,STEM,16921,2.488,1,1,4312,3.62,28,1,1,3.73,0,-0.512
S201600068,2016,0,F,0,White,GA,INST_05,Urban University E (Research),research,2.96,56,1998,Computer Science,STEM,1207,0.178,1,1,2994,3.3499999999999996,30,1,1,3.48,0,-2.822
S201600069,2016,1,M,0,Asian,NC,INST_02,State University B (Research),research,3.33,32,1998,Pre-Med,Health,8571,1.26,1,1,5901,3.4,32,1,1,3.82,0,-1.74
S201600070,2016,1,M,0,White,NJ,INST_05,Urban University E (Research),research,4.0,23,1998,Economics-Bus,Business,10674,1.57,1,1,4784,3.365,28,1,1,3.73,0,-1.43
S201600071,2016,1,F,0,White,CA,INST_05,Urban University E (Research),research,2.78,33,1998,Pre-Med,Health,11229,1.651,1,1,4913,3.42,31,0,0,,0,-1.349
S201600072,2016,0,F,1,Black,NY,INST_05,Urban University E (Research),research,1.8,72,1998,Anthropology,Social Sciences,11857,1.744,1,0,0,1.995,30,0,0,,0,-1.256
S201600073,2016,0,F,0,White,TX,INST_03,Regional College C (Teaching),teaching,3.29,58,1998,Nursing,Health,21160,3.112,0,0,0,3.66,28,1,1,3.58,1,0.112
S201600074,2016,1,F,0,AIAN,MI,INST_05,Urban University E (Research),research,2.74,87,1998,Computer Science,STEM,2191,0.322,1,1,7469,3.565,28,1,1,4.0,0,-2.678
S201600075,2016,0,M,0,Hispanic,NC,INST_02,State University B (Research),research,2.91,26,1998,History,Humanities,13498,1.985,1,1,8726,3.06,28,0,0,,0,-1.015
S201600076,2016,0,M,0,Hispanic,TX,INST_05,Urban University E (Research),research,3.21,37,1998,Computer Science,STEM,13489,1.984,1,1,6791,3.165,30,1,0,,0,-1.016
S201600077,2016,1,M,1,Black,NC,INST_04,Regional College D (Teaching),teaching,2.48,65,1998,Pre-Med,Health,3118,0.459,1,1,7279,3.02,27,1,1,2.97,0,-2.541
S201600078,2016,1,F,1,White,CA,INST_05,Urban University E (Research),research,3.58,79,1998,Spanish,Humanities,3294,0.484,1,1,7289,3.935,32,1,1,4.0,0,-2.516
S201600079,2016,1,M,1,Black,OH,INST_01,State University A (Research),research,3.21,44,1998,Pre-Med,Health,23375,3.438,0,0,0,3.455,30,0,0,,1,0.438
S201600080,2016,0,F,0,Hispanic,GA,INST_02,State University B (Research),research,2.64,81,1998,Civil Engineering,STEM,11688,1.719,1,0,0,3.0300000000000002,30,1,1,2.91,0,-1.281
S201600081,2016,0,M,0,White,OH,INST_03,Regional College C (Teaching),teaching,3.59,26,1998,Psychology,Social Sciences,8917,1.311,1,1,6070,3.11,28,0,0,,0,-1.689
S201600082,2016,0,F,0,Asian,VA,INST_02,State University B (Research),research,3.38,90,1998,Marketing,Business,8404,1.236,1,0,0,2.86,33,0,0,,0,-1.764
S201600083,2016,1,M,0,White,VA,INST_02,State University B (Research),research,3.56,80,1998,Electrical Engineering,STEM,5394,0.793,1,1,6259,3.995,30,0,0,,0,-2.207
S201600084,2016,0,M,0,White,MI,INST_05,Urban University E (Research),research,3.76,46,1998,Nursing,Health,22683,3.336,0,0,0,3.77,27,1,0,,1,0.336
S201600085,2016,0,M,0,NHPI,VA,INST_01,State University A (Research),research,3.36,30,1998,Statistics,STEM,11704,1.721,1,1,8101,2.67,32,0,0,,0,-1.279
S201600086,2016,1,M,0,Asian,MI,INST_04,Regional College D (Teaching),teaching,2.66,49,1998,Accounting,Business,14635,2.152,1,1,5760,3.67,30,0,0,,0,-0.848
S201600087,2016,0,F,0,Hispanic,PA,INST_05,Urban University E (Research),research,3.16,81,1998,Psychology,Social Sciences,6399,0.941,1,1,4626,3.0599999999999996,34,1,1,2.79,0,-2.059
S201600088,2016,1,M,0,Black,OH,INST_01,State University A (Research),research,3.39,69,1998,Finance,Business,567,0.1,1,1,5845,3.895,28,0,0,,0,-2.9
S201600089,2016,1,F,0,White,VA,INST_02,State University B (Research),research,3.26,64,1998,Political Science,Social Sciences,9265,1.362,1,1,7643,3.63,24,0,0,,0,-1.638
S201600090,2016,0,M,1,Black,NC,INST_01,State University A (Research),research,2.69,67,1998,Philosophy,Humanities,10161,1.494,1,0,0,3.205,30,1,1,3.69,0,-1.506
S201600091,2016,1,F,1,Hispanic,IL,INST_01,State University A (Research),research,3.41,61,1998,Mathematics,STEM,8326,1.224,1,0,0,3.6100000000000003,32,0,0,,0,-1.776
S201600092,2016,0,NB,0,White,PA,INST_05,Urban University E (Research),research,2.83,82,1998,Communications,Other,1820,0.268,1,0,0,2.835,31,1,1,3.14,0,-2.732
S201600093,2016,0,F,1,White,NC,INST_03,Regional College C (Teaching),teaching,3.31,46,1998,Public Health,Health,13627,2.004,1,1,7149,3.825,29,1,0,,0,-0.996
S201600094,2016,0,F,0,Asian,PA,INST_04,Regional College D (Teaching),teaching,2.33,78,1998,Mechanical Engineering,STEM,2957,0.435,1,1,6599,3.965,29,1,1,4.0,0,-2.565
S201600095,2016,0,F,0,White,NY,INST_04,Regional College D (Teaching),teaching,3.39,67,1998,Economics,Social Sciences,16532,2.431,1,1,5846,3.285,31,0,0,,0,-0.569
S201600096,2016,0,M,0,White,OH,INST_04,Regional College D (Teaching),teaching,2.65,37,1998,Finance,Business,10058,1.479,1,1,8059,3.27,27,1,1,3.44,0,-1.521
S201600097,2016,0,M,0,White,NY,INST_05,Urban University E (Research),research,2.89,65,1998,Statistics,STEM,21202,3.118,0,1,4192,2.92,28,1,0,,1,0.118
S201600098,2016,1,F,0,Black,FL,INST_05,Urban University E (Research),research,2.66,53,1998,Undeclared,Other,17961,2.641,1,1,3662,3.31,28,1,0,,0,-0.359
S201600099,2016,0,M,0,Black,NJ,INST_05,Urban University E (Research),research,3.11,26,1998,Accounting,Business,11441,1.682,1,0,0,3.4850000000000003,28,1,0,,0,-1.318
S201600100,2016,1,M,0,Black,OH,INST_03,Regional College C (Teaching),teaching,3.63,79,1998,Political Science,Social Sciences,3156,0.464,1,1,5223,3.585,28,1,1,3.79,0,-2.536
S201600101,2016,0,F,0,Hispanic,IL,INST_03,Regional College C (Teaching),teaching,2.84,77,1997,Electrical Engineering,STEM,10424,1.533,1,0,0,3.7199999999999998,31,1,1,4.0,0,-1.467
S201600102,2016,0,M,0,White,NC,INST_04,Regional College D (Teaching),teaching,3.62,81,1998,Computer Science,STEM,9844,1.448,1,1,4174,3.54,34,0,0,,0,-1.552
S201600103,2016,0,M,0,White,NC,INST_01,State University A (Research),research,3.97,64,1998,Biology,STEM,21460,3.156,0,0,0,3.215,29,1,1,3.38,1,0.156
S201600104,2016,0,F,0,White,OH,INST_05,Urban University E (Research),research,2.35,66,1998,Pre-Med,Health,7593,1.117,1,1,4601,3.1550000000000002,28,0,0,,0,-1.883
S201600105,2016,1,M,0,White,CA,INST_04,Regional College D (Teaching),teaching,3.49,58,1998,Communications,Other,1607,0.236,1,0,0,3.63,27,1,0,,0,-2.764
S201600106,2016,1,M,0,White,FL,INST_03,Regional College C (Teaching),teaching,2.87,33,1998,Finance,Business,6819,1.003,1,0,0,2.8200000000000003,32,1,0,,0,-1.997
S201600107,2016,0,NB,0,White,TX,INST_05,Urban University E (Research),research,3.88,38,1998,Education,Other,26363,3.877,0,0,0,3.2350000000000003,27,1,1,3.02,1,0.877
S201600108,2016,1,F,0,White,GA,INST_05,Urban University E (Research),research,3.24,63,1998,Chemistry,STEM,5023,0.739,1,1,7269,3.51,31,1,0,,0,-2.261
S201600109,2016,0,F,0,Black,MI,INST_04,Regional College D (Teaching),teaching,3.11,35,1998,Mechanical Engineering,STEM,12981,1.909,1,0,0,3.58,29,0,0,,0,-1.091
S201600110,2016,0,F,0,Black,TX,INST_02,State University B (Research),research,3.83,46,1998,Communications,Other,7587,1.116,1,1,5519,3.415,31,0,0,,0,-1.884
S201600111,2016,0,M,1,White,NY,INST_01,State University A (Research),research,4.0,75,1998,Accounting,Business,5265,0.774,1,1,5305,3.33,31,1,0,,0,-2.226
S201600112,2016,0,F,0,Hispanic,FL,INST_04,Regional College D (Teaching),teaching,3.51,77,1998,Psychology,Social Sciences,11527,1.695,1,1,5040,3.94,30,1,1,4.0,0,-1.305
S201600113,2016,0,F,0,Hispanic,GA,INST_03,Regional College C (Teaching),teaching,3.57,74,1998,Philosophy,Humanities,12265,1.804,1,1,5425,3.5,30,1,0,,0,-1.196
S201600114,2016,1,F,0,White,MI,INST_02,State University B (Research),research,2.55,48,1998,Mechanical Engineering,STEM,1161,0.171,1,1,4530,2.94,31,1,0,,0,-2.829
S201600115,2016,0,M,1,Black,NY,INST_02,State University B (Research),research,3.15,47,1998,Mechanical Engineering,STEM,11651,1.713,1,0,0,2.9850000000000003,28,1,1,3.52,0,-1.287
S201600116,2016,0,F,0,Hispanic,NC,INST_03,Regional College C (Teaching),teaching,3.84,53,1998,Economics-Bus,Business,13450,1.978,1,0,0,3.105,31,0,0,,0,-1.022
S201600117,2016,0,F,0,Black,CA,INST_01,State University A (Research),research,2.64,67,1998,Political Science,Social Sciences,7365,1.083,1,0,0,2.94,31,0,0,,0,-1.917
S201600118,2016,1,F,0,Black,NJ,INST_05,Urban University E (Research),research,3.21,52,1998,Physics,STEM,10053,1.478,1,0,0,3.74,31,0,0,,0,-1.522
S201600119,2016,1,M,0,Hispanic,MI,INST_03,Regional College C (Teaching),teaching,2.82,53,1998,Accounting,Business,23499,3.456,0,0,0,2.995,26,0,0,,1,0.456
S201600120,2016,0,F,1,Black,MI,INST_05,Urban University E (Research),research,4.0,39,1998,English,Humanities,16687,2.454,1,1,6048,3.66,30,1,0,,0,-0.546
S201600121,2016,0,M,1,Black,CA,INST_01,State University A (Research),research,3.91,48,1998,English,Humanities,0,0.1,1,0,0,3.12,31,1,1,3.4,0,-2.9
S201600122,2016,0,F,0,White,PA,INST_01,State University A (Research),research,3.08,73,1998,Management,Business,13404,1.971,1,0,0,2.79,24,1,1,2.95,0,-1.029
S201600123,2016,1,F,0,White,TX,INST_05,Urban University E (Research),research,3.9,9,1998,Economics-Bus,Business,5505,0.81,1,1,5298,3.95,33,1,0,,0,-2.19
S201600124,2016,1,M,0,White,VA,INST_04,Regional College D (Teaching),teaching,3.45,29,1998,Economics,Social Sciences,20713,3.046,0,0,0,3.23,30,1,1,3.56,1,0.046
S201600125,2016,0,F,0,Multi,CA,INST_03,Regional College C (Teaching),teaching,3.33,40,1998,Accounting,Business,22120,3.253,0,0,0,3.325,33,1,1,3.51,1,0.253
S201600126,2016,1,M,0,White,PA,INST_04,Regional College D (Teaching),teaching,3.72,41,1998,Anthropology,Social Sciences,0,0.1,1,0,0,2.81,30,1,0,,0,-2.9
S201600127,2016,0,F,0,Asian,CA,INST_01,State University A (Research),research,2.31,69,1998,Biology,STEM,14249,2.095,1,0,0,2.885,31,1,0,,0,-0.905
S201600128,2016,1,F,1,Asian,GA,INST_05,Urban University E (Research),research,2.98,47,1998,Political Science,Social Sciences,9824,1.445,1,1,3888,3.6950000000000003,29,1,0,,0,-1.555
S201600129,2016,0,F,1,Hispanic,NJ,INST_01,State University A (Research),research,3.46,41,1998,Marketing,Business,10853,1.596,1,0,0,3.01,28,0,0,,0,-1.404
S201600130,2016,1,F,0,Multi,MI,INST_05,Urban University E (Research),research,2.71,58,1998,Political Science,Social Sciences,20254,2.979,1,1,3636,3.51,30,1,1,3.6,0,-0.021
S201600131,2016,0,M,0,White,NC,INST_01,State University A (Research),research,3.72,30,1998,Biomedical Engineering,STEM,27023,3.974,0,1,5832,3.13,30,1,1,3.33,1,0.974
S201600132,2016,0,M,1,White,MI,INST_04,Regional College D (Teaching),teaching,2.42,95,1998,Biology,STEM,6893,1.014,1,1,4671,3.51,28,1,1,3.93,0,-1.986
S201600133,2016,1,M,1,Black,PA,INST_03,Regional College C (Teaching),teaching,2.64,59,1998,Public Health,Health,15234,2.24,1,1,4878,3.66,30,0,0,,0,-0.76
S201600134,2016,1,M,0,White,MI,INST_05,Urban University E (Research),research,3.14,48,1998,Mechanical Engineering,STEM,3411,0.502,1,1,2432,3.3899999999999997,28,1,1,3.81,0,-2.498
S201600135,2016,0,M,1,White,NC,INST_03,Regional College C (Teaching),teaching,3.36,59,1998,Physics,STEM,4733,0.696,1,0,0,3.075,27,1,0,,0,-2.304
S201600136,2016,0,F,0,White,VA,INST_04,Regional College D (Teaching),teaching,3.03,81,1998,Mathematics,STEM,12098,1.779,1,0,0,3.205,31,1,1,3.06,0,-1.221
S201600137,2016,0,M,1,White,FL,INST_03,Regional College C (Teaching),teaching,2.67,56,1998,English,Humanities,7120,1.047,1,0,0,3.965,30,0,0,,0,-1.953
S201600138,2016,0,M,0,Hispanic,CA,INST_01,State University A (Research),research,3.23,64,1998,Kinesiology,Health,7459,1.097,1,1,6159,3.38,31,1,1,3.68,0,-1.903
S201600139,2016,0,F,0,Hispanic,IL,INST_05,Urban University E (Research),research,3.7,81,1998,Accounting,Business,4046,0.595,1,1,3865,3.5700000000000003,31,0,0,,0,-2.405
S201600140,2016,0,F,0,White,GA,INST_03,Regional College C (Teaching),teaching,2.64,90,1998,Kinesiology,Health,11578,1.703,1,1,7352,3.465,31,1,1,3.88,0,-1.297
S201600141,2016,1,M,0,White,GA,INST_03,Regional College C (Teaching),teaching,2.85,44,1998,Computer Science,STEM,6262,0.921,1,1,5336,2.775,28,0,0,,0,-2.079
S201600142,2016,0,F,1,Multi,PA,INST_05,Urban University E (Research),research,3.05,65,1998,Anthropology,Social Sciences,6709,0.987,1,1,6961,2.64,31,1,1,2.47,0,-2.013
S201600143,2016,1,M,0,Black,OH,INST_01,State University A (Research),research,4.0,44,1998,Pre-Med,Health,10048,1.478,1,0,0,3.125,25,1,0,,0,-1.522
S201600144,2016,0,F,1,White,FL,INST_02,State University B (Research),research,3.95,21,1998,Physics,STEM,22529,3.313,0,0,0,2.91,28,0,0,,1,0.313
S201600145,2016,1,F,0,White,FL,INST_01,State University A (Research),research,2.46,61,1998,History,Humanities,6080,0.894,1,1,5752,4.0,28,0,0,,0,-2.106
S201600146,2016,0,F,1,Black,OH,INST_01,State University A (Research),research,3.1,77,1998,Nursing,Health,12813,1.884,1,1,7018,3.625,33,0,0,,0,-1.116
S201600147,2016,0,F,0,White,NY,INST_04,Regional College D (Teaching),teaching,2.21,52,1998,Chemistry,STEM,11579,1.703,1,0,0,4.0,28,1,0,,0,-1.297
S201600148,2016,0,M,0,Hispanic,NC,INST_05,Urban University E (Research),research,2.64,45,1998,Kinesiology,Health,8384,1.233,1,1,6077,2.63,28,0,0,,0,-1.767
S201600149,2016,0,M,1,Hispanic,MI,INST_02,State University B (Research),research,3.31,63,1998,Nursing,Health,10829,1.592,1,1,6868,3.12,31,1,0,,0,-1.408
S201600150,2016,0,M,0,Asian,IL,INST_04,Regional College D (Teaching),teaching,3.56,51,1998,Biology,STEM,18157,2.67,1,1,4934,3.465,26,1,1,3.92,0,-0.33
S201600151,2016,0,F,0,Black,MI,INST_02,State University B (Research),research,3.58,64,1998,Communications,Other,1578,0.232,1,1,6996,3.395,26,1,0,,0,-2.768
S201600152,2016,1,M,0,Hispanic,IL,INST_01,State University A (Research),research,3.01,55,1998,Psychology,Social Sciences,0,0.1,1,0,0,3.1849999999999996,26,1,0,,0,-2.9
S201600153,2016,0,M,0,White,IL,INST_03,Regional College C (Teaching),teaching,4.0,36,1998,Anthropology,Social Sciences,15297,2.25,1,0,0,3.7800000000000002,34,0,0,,0,-0.75
S201600154,2016,0,F,0,White,IL,INST_03,Regional College C (Teaching),teaching,3.15,51,1998,Economics,Social Sciences,12936,1.902,1,1,6147,3.3099999999999996,30,1,0,,0,-1.098
S201600155,2016,1,F,0,White,NC,INST_02,State University B (Research),research,3.12,63,1998,Marketing,Business,2594,0.381,1,0,0,3.07,31,1,0,,0,-2.619
S201600156,2016,0,F,1,Hispanic,GA,INST_03,Regional College C (Teaching),teaching,2.98,50,1998,Statistics,STEM,3015,0.443,1,0,0,3.4850000000000003,30,0,0,,0,-2.557
S201600157,2016,0,F,0,White,NC,INST_03,Regional College C (Teaching),teaching,2.94,44,1998,Electrical Engineering,STEM,7837,1.152,1,0,0,3.455,31,1,0,,0,-1.848
S201600158,2016,1,F,0,Multi,NC,INST_03,Regional College C (Teaching),teaching,2.87,42,1998,History,Humanities,4605,0.677,1,0,0,2.88,30,1,0,,0,-2.323
S201600159,2016,0,M,0,White,NY,INST_05,Urban University E (Research),research,3.13,26,1998,Education,Other,20667,3.039,0,0,0,3.465,29,1,1,3.4,1,0.039
S201600160,2016,0,F,1,White,NC,INST_02,State University B (Research),research,3.21,56,1998,Mechanical Engineering,STEM,4167,0.613,1,0,0,3.965,31,1,0,,0,-2.387
S201600161,2016,1,M,0,Black,TX,INST_04,Regional College D (Teaching),teaching,3.0,60,1998,Management,Business,2888,0.425,1,0,0,3.27,33,0,0,,0,-2.575
S201600162,2016,1,F,0,White,FL,INST_02,State University B (Research),research,2.98,77,1998,Sociology,Social Sciences,17023,2.503,1,1,6333,2.49,34,1,1,2.51,0,-0.497
S201600163,2016,1,NB,0,White,VA,INST_05,Urban University E (Research),research,4.0,35,1998,Mathematics,STEM,12938,1.903,1,1,3965,4.0,28,1,0,,0,-1.097
S201600164,2016,0,F,1,Hispanic,VA,INST_01,State University A (Research),research,2.43,50,1998,Anthropology,Social Sciences,0,0.1,1,1,7948,3.33,28,0,0,,0,-2.9
S201600165,2016,1,F,0,White,VA,INST_05,Urban University E (Research),research,3.41,25,1998,History,Humanities,3890,0.572,1,1,5006,3.055,34,0,0,,0,-2.428
S201600166,2016,1,F,0,Hispanic,GA,INST_05,Urban University E (Research),research,2.62,38,1998,Undeclared,Other,4949,0.728,1,1,6483,3.3600000000000003,31,1,1,3.56,0,-2.272
S201600167,2016,0,F,1,White,CA,INST_01,State University A (Research),research,3.52,60,1998,Economics-Bus,Business,7278,1.07,1,1,5090,3.7249999999999996,27,0,0,,0,-1.93
S201600168,2016,0,M,0,Black,NC,INST_01,State University A (Research),research,2.62,46,1998,Psychology,Social Sciences,12369,1.819,1,0,0,3.33,31,0,0,,0,-1.181
S201600169,2016,0,F,0,White,OH,INST_04,Regional College D (Teaching),teaching,2.63,90,1998,Mathematics,STEM,4903,0.721,1,1,3173,2.9749999999999996,27,1,0,,0,-2.279
S201600170,2016,1,F,0,White,NJ,INST_02,State University B (Research),research,3.67,47,1998,Undeclared,Other,10219,1.503,1,0,0,3.4699999999999998,27,0,0,,0,-1.497
S201600171,2016,0,F,1,White,GA,INST_05,Urban University E (Research),research,2.66,51,1998,Sociology,Social Sciences,22691,3.337,0,0,0,3.0300000000000002,27,0,0,,1,0.337
S201600172,2016,0,F,1,White,NJ,INST_03,Regional College C (Teaching),teaching,2.8,46,1998,Pre-Med,Health,16312,2.399,1,0,0,3.225,32,1,1,3.52,0,-0.601
S201600173,2016,1,M,0,White,CA,INST_01,State University A (Research),research,3.45,54,1998,Public Health,Health,0,0.1,1,1,9028,3.335,30,0,0,,0,-2.9
S201600174,2016,1,M,0,Asian,GA,INST_04,Regional College D (Teaching),teaching,2.61,82,1998,Anthropology,Social Sciences,4601,0.677,1,1,4916,3.95,31,1,0,,0,-2.323
S201600175,2016,1,M,1,White,TX,INST_05,Urban University E (Research),research,2.41,54,1998,Electrical Engineering,STEM,16445,2.418,1,1,4916,3.535,29,1,0,,0,-0.582
S201600176,2016,1,F,0,Black,NY,INST_04,Regional College D (Teaching),teaching,2.74,70,1998,Finance,Business,11641,1.712,1,1,4860,3.825,30,0,0,,0,-1.288
S201600177,2016,0,F,0,Unknown,NC,INST_04,Regional College D (Teaching),teaching,3.99,43,1998,Marketing,Business,7283,1.071,1,1,5704,2.785,31,0,0,,0,-1.929
S201600178,2016,0,M,1,White,FL,INST_03,Regional College C (Teaching),teaching,2.88,69,1998,Philosophy,Humanities,3144,0.462,1,1,6471,4.0,30,0,0,,0,-2.538
S201600179,2016,0,F,0,White,MI,INST_03,Regional College C (Teaching),teaching,3.06,44,1998,General Studies,Other,2418,0.356,1,1,5025,3.2199999999999998,32,0,0,,0,-2.644
S201600180,2016,0,F,0,Black,CA,INST_04,Regional College D (Teaching),teaching,3.17,27,1998,Chemistry,STEM,20749,3.051,0,0,0,2.615,30,1,0,,1,0.051
S201600181,2016,0,F,1,Black,NJ,INST_04,Regional College D (Teaching),teaching,3.93,64,1998,Mechanical Engineering,STEM,8829,1.298,1,0,0,3.145,30,0,0,,0,-1.702
S201600182,2016,1,F,0,Black,IL,INST_01,State University A (Research),research,3.4,73,1998,Economics-Bus,Business,0,0.1,1,1,5011,3.325,33,1,1,3.28,0,-2.9
S201600183,2016,0,M,0,White,NJ,INST_03,Regional College C (Teaching),teaching,2.62,64,1998,Physics,STEM,17152,2.522,1,0,0,3.475,33,1,0,,0,-0.478
S201600184,2016,0,F,0,White,PA,INST_02,State University B (Research),research,3.45,51,1998,Economics-Bus,Business,12669,1.863,1,1,6746,3.5300000000000002,30,1,0,,0,-1.137
S201600185,2016,1,F,1,Black,VA,INST_02,State University B (Research),research,2.85,33,1998,Statistics,STEM,6549,0.963,1,1,5452,2.825,28,0,0,,0,-2.037
S201600186,2016,0,M,0,Hispanic,PA,INST_03,Regional College C (Teaching),teaching,3.05,68,1998,Spanish,Humanities,27110,3.987,0,1,5590,3.96,29,1,0,,1,0.987
S201600187,2016,0,F,0,Asian,PA,INST_01,State University A (Research),research,3.42,33,1998,Economics-Bus,Business,0,0.1,1,0,0,3.44,31,1,0,,0,-2.9
S201600188,2016,0,M,0,White,OH,INST_04,Regional College D (Teaching),teaching,3.49,55,1997,Marketing,Business,17055,2.508,1,1,6549,3.42,33,0,0,,0,-0.492
S201600189,2016,0,F,0,Hispanic,NJ,INST_01,State University A (Research),research,3.24,28,1998,Pre-Med,Health,18282,2.689,1,1,6358,3.065,33,1,0,,0,-0.311
S201600190,2016,0,F,1,White,OH,INST_03,Regional College C (Teaching),teaching,3.87,69,1998,Biomedical Engineering,STEM,11483,1.689,1,0,0,3.3949999999999996,31,0,0,,0,-1.311
S201600191,2016,0,F,0,Black,IL,INST_04,Regional College D (Teaching),teaching,2.5,42,1998,Statistics,STEM,23347,3.433,0,0,0,2.965,29,0,0,,1,0.433
S201600192,2016,1,F,1,Black,VA,INST_04,Regional College D (Teaching),teaching,2.31,46,1998,Education,Other,12321,1.812,1,0,0,3.04,32,1,0,,0,-1.188
S201600193,2016,1,M,0,Hispanic,GA,INST_05,Urban University E (Research),research,3.42,51,1998,Electrical Engineering,STEM,6905,1.015,1,1,6298,3.545,31,1,1,2.82,0,-1.985
S201600194,2016,0,F,0,White,VA,INST_03,Regional College C (Teaching),teaching,3.19,39,1998,Education,Other,8287,1.219,1,0,0,3.46,31,0,0,,0,-1.781
S201600195,2016,1,F,0,White,FL,INST_05,Urban University E (Research),research,2.7,59,1998,Accounting,Business,0,0.1,1,1,4749,3.44,32,1,0,,0,-2.9
S201600196,2016,0,F,1,White,CA,INST_04,Regional College D (Teaching),teaching,2.72,53,1998,Public Health,Health,4513,0.664,1,1,6585,3.645,28,0,0,,0,-2.336
S201600197,2016,0,F,1,Multi,IL,INST_05,Urban University E (Research),research,3.37,69,1998,Finance,Business,6862,1.009,1,1,5956,3.3600000000000003,28,0,0,,0,-1.991
S201600198,2016,1,F,0,White,MI,INST_04,Regional College D (Teaching),teaching,3.13,27,1998,Finance,Business,2159,0.318,1,1,7458,3.1550000000000002,31,1,1,3.0,0,-2.682
S201600199,2016,1,M,0,White,FL,INST_02,State University B (Research),research,3.3,56,1998,Anthropology,Social Sciences,20779,3.056,0,1,8309,3.7649999999999997,29,1,0,,1,0.056
S201600200,2016,0,F,0,Black,NY,INST_04,Regional College D (Teaching),teaching,3.14,49,1998,Biology,STEM,6533,0.961,1,0,0,3.185,28,1,1,3.25,0,-2.039
S201600201,2016,1,M,0,White,VA,INST_01,State University A (Research),research,2.44,86,1998,Anthropology,Social Sciences,14861,2.185,1,1,7550,3.255,29,0,0,,0,-0.815
S201600202,2016,1,F,0,Multi,PA,INST_04,Regional College D (Teaching),teaching,3.99,41,1998,Civil Engineering,STEM,231,0.1,1,1,5441,3.5549999999999997,30,1,0,,0,-2.9
S201600203,2016,0,M,0,White,IL,INST_04,Regional College D (Teaching),teaching,3.7,55,1998,General Studies,Other,6186,0.91,1,1,6498,3.3049999999999997,28,1,0,,0,-2.09
S201600204,2016,0,F,0,White,NY,INST_04,Regional College D (Teaching),teaching,2.75,66,1998,Public Health,Health,18278,2.688,1,1,5835,3.745,32,0,0,,0,-0.312
S201600205,2016,0,M,0,White,FL,INST_05,Urban University E (Research),research,3.57,61,1998,Pre-Med,Health,11507,1.692,1,1,5348,4.0,28,1,0,,0,-1.308
S201600206,2016,0,M,0,Multi,VA,INST_01,State University A (Research),research,2.31,70,1998,Public Health,Health,6676,0.982,1,0,0,3.385,30,1,1,3.7,0,-2.018
S201600207,2016,0,M,0,White,NC,INST_02,State University B (Research),research,4.0,58,1998,Finance,Business,11746,1.727,1,1,3622,3.455,31,1,1,3.68,0,-1.273
S201600208,2016,0,M,0,White,FL,INST_04,Regional College D (Teaching),teaching,3.79,15,1997,Marketing,Business,18160,2.671,1,0,0,2.915,28,1,1,3.65,0,-0.329
S201600209,2016,1,F,0,Hispanic,VA,INST_03,Regional College C (Teaching),teaching,3.39,46,1998,Nursing,Health,9935,1.461,1,0,0,3.79,33,1,0,,0,-1.539
S201600210,2016,1,M,0,White,NC,INST_01,State University A (Research),research,3.89,26,1998,Accounting,Business,11890,1.749,1,1,6167,3.285,30,0,0,,0,-1.251
S201600211,2016,0,F,0,White,MI,INST_03,Regional College C (Teaching),teaching,3.67,66,1998,Biology,STEM,14087,2.072,1,0,0,2.495,32,1,1,2.62,0,-0.928
S201600212,2016,1,M,0,Hispanic,PA,INST_01,State University A (Research),research,3.42,39,1998,Psychology,Social Sciences,0,0.1,1,1,6773,2.795,32,1,1,2.9,0,-2.9
S201600213,2016,1,F,0,Hispanic,GA,INST_02,State University B (Research),research,4.0,46,1998,Mathematics,STEM,13347,1.963,1,1,9922,3.84,28,0,0,,0,-1.037
S201600214,2016,1,M,0,White,NC,INST_04,Regional College D (Teaching),teaching,2.33,41,1998,Communications,Other,5829,0.857,1,0,0,2.52,26,1,1,2.86,0,-2.143
S201600215,2016,0,F,0,White,VA,INST_05,Urban University E (Research),research,2.29,70,1998,Chemistry,STEM,14380,2.115,1,1,9057,3.515,31,1,0,,0,-0.885
S201600216,2016,0,F,0,White,VA,INST_01,State University A (Research),research,3.55,78,1998,Kinesiology,Health,16025,2.357,1,0,0,3.355,28,0,0,,0,-0.643
S201600217,2016,0,M,1,White,NC,INST_04,Regional College D (Teaching),teaching,4.0,17,1998,Communications,Other,15416,2.267,1,1,6365,3.24,28,1,0,,0,-0.733
S201600218,2016,0,M,0,Hispanic,NJ,INST_01,State University A (Research),research,2.97,38,1998,Communications,Other,20960,3.082,0,1,9048,3.48,29,0,0,,1,0.082
S201600219,2016,0,F,0,Unknown,CA,INST_05,Urban University E (Research),research,3.12,47,1998,Anthropology,Social Sciences,4528,0.666,1,1,5949,3.295,27,0,0,,0,-2.334
S201600220,2016,0,M,1,White,IL,INST_03,Regional College C (Teaching),teaching,4.0,63,1998,General Studies,Other,10093,1.484,1,0,0,3.505,32,0,0,,0,-1.516
S201600221,2016,0,M,0,Black,TX,INST_03,Regional College C (Teaching),teaching,2.8,34,1998,Civil Engineering,STEM,6973,1.025,1,0,0,2.84,30,0,0,,0,-1.975
S201600222,2016,0,M,0,Black,CA,INST_01,State University A (Research),research,3.07,63,1998,Psychology,Social Sciences,11214,1.649,1,0,0,3.33,31,1,0,,0,-1.351
S201600223,2016,0,M,0,Hispanic,CA,INST_03,Regional College C (Teaching),teaching,3.22,19,1998,Civil Engineering,STEM,8704,1.28,1,0,0,3.13,31,1,0,,0,-1.72
S201600224,2016,0,M,1,White,FL,INST_02,State University B (Research),research,3.38,54,1998,Psychology,Social Sciences,18094,2.661,1,1,6529,3.275,31,1,0,,0,-0.339
S201600225,2016,0,F,0,White,OH,INST_05,Urban University E (Research),research,4.0,57,1998,Pre-Med,Health,8012,1.178,1,1,4826,3.3,28,0,0,,0,-1.822
S201600226,2016,1,F,1,Multi,NY,INST_01,State University A (Research),research,3.93,59,1998,Spanish,Humanities,8642,1.271,1,1,6568,4.0,31,1,1,3.55,0,-1.729
S201600227,2016,0,M,1,Hispanic,FL,INST_02,State University B (Research),research,3.1,51,1998,Marketing,Business,10047,1.478,1,1,5921,3.7800000000000002,30,1,0,,0,-1.522
S201600228,2016,0,M,0,White,VA,INST_01,State University A (Research),research,3.36,62,1998,Kinesiology,Health,14956,2.199,1,1,4479,3.51,34,1,1,3.49,0,-0.801
S201600229,2016,0,M,1,White,TX,INST_01,State University A (Research),research,3.65,47,1998,Electrical Engineering,STEM,5759,0.847,1,0,0,3.335,33,0,0,,0,-2.153
S201600230,2016,1,F,0,Multi,PA,INST_05,Urban University E (Research),research,2.16,82,1998,Economics-Bus,Business,5093,0.749,1,1,5877,4.0,28,1,1,4.0,0,-2.251
S201600231,2016,1,F,1,Hispanic,VA,INST_01,State University A (Research),research,4.0,5,1998,Mathematics,STEM,3805,0.56,1,1,8249,3.5700000000000003,31,1,0,,0,-2.44
S201600232,2016,1,M,0,Asian,MI,INST_04,Regional College D (Teaching),teaching,3.36,25,1998,Sociology,Social Sciences,11420,1.679,1,0,0,3.5149999999999997,32,0,0,,0,-1.321
S201600233,2016,0,M,0,NHPI,OH,INST_04,Regional College D (Teaching),teaching,2.59,69,1998,Kinesiology,Health,5257,0.773,1,0,0,2.9850000000000003,31,1,1,3.45,0,-2.227
S201600234,2016,0,M,1,White,NY,INST_02,State University B (Research),research,3.23,72,1998,Anthropology,Social Sciences,22798,3.353,0,0,0,2.96,29,0,0,,1,0.353
S201600235,2016,0,F,0,White,GA,INST_05,Urban University E (Research),research,2.36,70,1998,Public Health,Health,11720,1.724,1,1,4942,3.24,25,1,1,3.24,0,-1.276
S201600236,2016,1,F,0,Hispanic,IL,INST_03,Regional College C (Teaching),teaching,3.97,42,1998,Mathematics,STEM,10948,1.61,1,1,5399,3.665,31,1,1,4.0,0,-1.39
S201600237,2016,1,M,1,White,MI,INST_05,Urban University E (Research),research,3.49,46,1998,Marketing,Business,0,0.1,1,1,6604,3.435,31,1,1,3.39,0,-2.9
S201600238,2016,0,M,1,White,NC,INST_02,State University B (Research),research,2.96,49,1998,Education,Other,8991,1.322,1,1,5824,3.095,31,0,0,,0,-1.678
S201600239,2016,1,F,0,White,CA,INST_02,State University B (Research),research,3.54,63,1998,Chemistry,STEM,10120,1.488,1,1,6517,3.9699999999999998,30,1,1,4.0,0,-1.512
S201600240,2016,0,F,1,White,PA,INST_03,Regional College C (Teaching),teaching,2.49,54,1998,Sociology,Social Sciences,15597,2.294,1,1,6514,3.38,28,0,0,,0,-0.706
S201600241,2016,0,F,1,Black,VA,INST_05,Urban University E (Research),research,3.35,69,1998,Education,Other,15775,2.32,1,1,4575,3.3200000000000003,33,1,1,3.43,0,-0.68
S201600242,2016,0,F,0,Hispanic,IL,INST_03,Regional College C (Teaching),teaching,2.76,45,1998,Accounting,Business,11461,1.685,1,1,6203,3.94,32,1,0,,0,-1.315
S201600243,2016,0,M,1,White,VA,INST_05,Urban University E (Research),research,2.42,53,1998,Economics,Social Sciences,8283,1.218,1,1,4255,3.5949999999999998,28,1,1,3.72,0,-1.782
S201600244,2016,0,F,0,Black,MI,INST_03,Regional College C (Teaching),teaching,3.15,35,1998,Anthropology,Social Sciences,0,0.1,1,1,4143,3.44,30,1,1,3.57,0,-2.9
S201600245,2016,1,M,0,Black,NC,INST_05,Urban University E (Research),research,3.06,32,1998,Pre-Med,Health,16398,2.411,1,1,4021,3.675,31,1,0,,0,-0.589
S201600246,2016,0,M,0,White,OH,INST_02,State University B (Research),research,2.65,65,1998,Chemistry,STEM,16567,2.436,1,1,5428,3.1,27,1,0,,0,-0.564
S201600247,2016,0,F,1,Hispanic,GA,INST_04,Regional College D (Teaching),teaching,3.37,60,1998,Biomedical Engineering,STEM,7528,1.107,1,1,6331,3.3200000000000003,30,1,1,3.69,0,-1.893
S201600248,2016,1,M,0,White,NJ,INST_01,State University A (Research),research,3.18,40,1998,Political Science,Social Sciences,1679,0.247,1,1,5201,3.115,29,1,1,3.92,0,-2.753
S201600249,2016,1,M,0,White,OH,INST_03,Regional College C (Teaching),teaching,3.4,55,1998,Biomedical Engineering,STEM,5958,0.876,1,1,3936,3.96,29,0,0,,0,-2.124
S201600250,2016,0,M,0,Black,NJ,INST_05,Urban University E (Research),research,3.48,63,1998,Psychology,Social Sciences,15105,2.221,1,1,6444,3.58,25,0,0,,0,-0.779
S201600251,2016,1,M,0,Hispanic,NJ,INST_02,State University B (Research),research,3.2,38,1998,Mathematics,STEM,9781,1.438,1,1,6473,3.98,32,1,1,4.0,0,-1.562
S201600252,2016,0,F,0,White,TX,INST_05,Urban University E (Research),research,3.18,88,1998,Marketing,Business,18240,2.682,1,1,5546,2.43,28,1,1,2.46,0,-0.318
S201600253,2016,1,F,0,White,TX,INST_04,Regional College D (Teaching),teaching,3.91,86,1998,Sociology,Social Sciences,11242,1.653,1,0,0,3.4749999999999996,26,1,1,3.85,0,-1.347
S201600254,2016,1,M,0,White,NC,INST_05,Urban University E (Research),research,3.54,44,1998,Undeclared,Other,2663,0.392,1,1,6405,4.0,31,1,0,,0,-2.608
S201600255,2016,0,F,1,Hispanic,OH,INST_05,Urban University E (Research),research,2.88,36,1997,History,Humanities,5575,0.82,1,1,8732,2.9050000000000002,25,1,0,,0,-2.18
S201600256,2016,0,F,0,White,GA,INST_05,Urban University E (Research),research,2.5,57,1998,Sociology,Social Sciences,16007,2.354,1,1,4771,3.475,32,1,0,,0,-0.646
S201600257,2016,0,M,0,White,TX,INST_04,Regional College D (Teaching),teaching,2.86,32,1998,Art History,Humanities,29428,4.328,0,1,6628,3.575,34,1,0,,1,1.328
S201600258,2016,1,F,0,Black,GA,INST_01,State University A (Research),research,3.08,66,1998,Philosophy,Humanities,20547,3.022,0,1,5643,3.815,33,1,1,4.0,1,0.022
S201600259,2016,0,M,0,White,CA,INST_04,Regional College D (Teaching),teaching,3.48,59,1998,Art History,Humanities,10716,1.576,1,0,0,3.08,33,1,1,3.76,0,-1.424
S201600260,2016,1,M,0,Black,PA,INST_03,Regional College C (Teaching),teaching,2.69,53,1998,Biomedical Engineering,STEM,16637,2.447,1,1,6518,2.825,31,0,0,,0,-0.553
S201600261,2016,0,F,0,Asian,NC,INST_04,Regional College D (Teaching),teaching,3.08,46,1998,Psychology,Social Sciences,21041,3.094,0,0,0,3.185,30,1,0,,1,0.094
S201600262,2016,0,F,0,Hispanic,NY,INST_03,Regional College C (Teaching),teaching,3.86,35,1998,Spanish,Humanities,6497,0.955,1,1,6663,3.79,26,1,1,3.87,0,-2.045
S201600263,2016,0,M,0,Hispanic,NY,INST_03,Regional College C (Teaching),teaching,3.73,39,1998,Undeclared,Other,13844,2.036,1,0,0,3.495,30,0,0,,0,-0.964
S201600264,2016,0,F,0,Hispanic,VA,INST_05,Urban University E (Research),research,3.33,37,1998,Civil Engineering,STEM,19999,2.941,1,1,5899,3.085,28,1,1,3.68,0,-0.059
S201600265,2016,0,M,1,Hispanic,NC,INST_01,State University A (Research),research,3.74,71,1998,Biomedical Engineering,STEM,17714,2.605,1,1,5438,3.84,30,1,0,,0,-0.395
S201600266,2016,1,M,0,White,CA,INST_02,State University B (Research),research,3.75,39,1998,Economics,Social Sciences,2596,0.382,1,1,5381,3.74,30,0,0,,0,-2.618
S201600267,2016,0,F,1,White,TX,INST_05,Urban University E (Research),research,2.94,40,1998,Accounting,Business,6885,1.012,1,0,0,3.075,30,1,1,3.1,0,-1.988
S201600268,2016,0,M,0,Hispanic,FL,INST_01,State University A (Research),research,3.24,48,1998,Physics,STEM,12326,1.813,1,1,7184,3.54,30,0,0,,0,-1.187
S201600269,2016,1,F,1,White,PA,INST_05,Urban University E (Research),research,3.23,58,1998,Computer Science,STEM,6360,0.935,1,1,5985,3.58,31,1,1,3.81,0,-2.065
S201600270,2016,1,F,0,Multi,CA,INST_03,Regional College C (Teaching),teaching,2.11,54,1998,Anthropology,Social Sciences,7540,1.109,1,1,6267,3.1550000000000002,31,1,0,,0,-1.891
S201600271,2016,1,M,1,Black,NJ,INST_05,Urban University E (Research),research,2.5,42,1998,Computer Science,STEM,1489,0.219,1,1,8486,3.355,31,1,0,,0,-2.781
S201600272,2016,0,F,0,Hispanic,MI,INST_04,Regional College D (Teaching),teaching,2.31,13,1998,Kinesiology,Health,0,0.1,1,1,6220,2.69,28,1,1,2.89,0,-2.9
S201600273,2016,0,F,0,Multi,VA,INST_05,Urban University E (Research),research,4.0,36,1998,Anthropology,Social Sciences,13051,1.919,1,0,0,3.385,31,1,0,,0,-1.081
S201600274,2016,0,M,0,Black,VA,INST_01,State University A (Research),research,3.23,52,1998,Kinesiology,Health,16291,2.396,1,0,0,3.27,36,1,0,,0,-0.604
S201600275,2016,0,F,0,White,CA,INST_04,Regional College D (Teaching),teaching,3.02,24,1998,Management,Business,0,0.1,1,0,0,3.175,25,1,1,2.94,0,-2.9
S201600276,2016,0,F,0,White,OH,INST_05,Urban University E (Research),research,3.74,55,1998,Mechanical Engineering,STEM,15770,2.319,1,0,0,3.37,34,1,1,3.54,0,-0.681
S201600277,2016,0,F,1,White,NY,INST_03,Regional College C (Teaching),teaching,3.32,80,1998,Accounting,Business,12252,1.802,1,0,0,3.0949999999999998,31,1,1,3.25,0,-1.198
S201600278,2016,0,M,0,White,NJ,INST_01,State University A (Research),research,3.25,73,1998,Management,Business,4636,0.682,1,1,7507,3.56,27,0,0,,0,-2.318
S201600279,2016,1,M,1,White,TX,INST_05,Urban University E (Research),research,3.84,76,1998,Education,Other,3999,0.588,1,0,0,3.35,31,1,1,3.27,0,-2.412
S201600280,2016,1,F,0,White,TX,INST_01,State University A (Research),research,4.0,59,1998,Mathematics,STEM,9059,1.332,1,1,5635,4.0,30,0,0,,0,-1.668
S201600281,2016,0,F,0,White,OH,INST_05,Urban University E (Research),research,3.52,86,1998,Mechanical Engineering,STEM,13958,2.053,1,0,0,2.58,30,1,0,,0,-0.947
S201600282,2016,0,F,0,Black,MI,INST_01,State University A (Research),research,3.31,94,1998,Kinesiology,Health,20369,2.995,1,1,3227,3.8449999999999998,30,1,0,,0,-0.005
S201600283,2016,1,F,0,White,PA,INST_02,State University B (Research),research,2.98,61,1998,Political Science,Social Sciences,7523,1.106,1,1,5577,4.0,28,1,1,4.0,0,-1.894
S201600284,2016,1,F,1,White,TX,INST_05,Urban University E (Research),research,3.63,81,1998,Spanish,Humanities,9451,1.39,1,0,0,3.375,31,1,0,,0,-1.61
S201600285,2016,0,F,0,Asian,IL,INST_04,Regional College D (Teaching),teaching,3.2,58,1998,Economics-Bus,Business,16057,2.361,1,1,4642,3.365,28,1,1,3.72,0,-0.639
S201600286,2016,1,F,1,White,TX,INST_02,State University B (Research),research,3.23,57,1998,Education,Other,25363,3.73,0,0,0,3.44,32,1,1,3.72,1,0.73
S201600287,2016,0,F,0,Multi,NY,INST_03,Regional College C (Teaching),teaching,3.23,87,1998,Computer Science,STEM,11513,1.693,1,1,5910,3.8049999999999997,28,0,0,,0,-1.307
S201600288,2016,0,M,0,NHPI,GA,INST_05,Urban University E (Research),research,3.94,73,1998,Political Science,Social Sciences,4248,0.625,1,0,0,3.835,27,1,0,,0,-2.375
S201600289,2016,0,M,0,White,OH,INST_04,Regional College D (Teaching),teaching,3.03,44,1998,Pre-Med,Health,3066,0.451,1,1,7828,3.63,28,0,0,,0,-2.549
S201600290,2016,0,F,0,Hispanic,VA,INST_02,State University B (Research),research,2.83,66,1998,Nursing,Health,13308,1.957,1,1,5741,2.8,24,0,0,,0,-1.043
S201600291,2016,0,M,0,White,GA,INST_04,Regional College D (Teaching),teaching,2.84,90,1998,Education,Other,14444,2.124,1,0,0,3.29,32,1,0,,0,-0.876
S201600292,2016,0,M,0,Hispanic,GA,INST_04,Regional College D (Teaching),teaching,2.72,52,1997,Sociology,Social Sciences,5842,0.859,1,1,4253,3.435,31,1,1,3.56,0,-2.141
S201600293,2016,1,M,0,Hispanic,NC,INST_04,Regional College D (Teaching),teaching,3.76,35,1998,Physics,STEM,7697,1.132,1,1,3400,3.9,26,0,0,,0,-1.868
S201600294,2016,0,F,0,White,VA,INST_04,Regional College D (Teaching),teaching,3.35,87,1998,Education,Other,6704,0.986,1,1,6691,3.4000000000000004,28,1,1,3.52,0,-2.014
S201600295,2016,0,M,1,Black,TX,INST_05,Urban University E (Research),research,3.17,64,1998,Electrical Engineering,STEM,719,0.106,1,1,4919,3.3449999999999998,29,1,1,4.0,0,-2.894
S201600296,2016,0,F,0,White,VA,INST_05,Urban University E (Research),research,3.32,47,1997,Electrical Engineering,STEM,13045,1.918,1,0,0,2.98,28,1,0,,0,-1.082
S201600297,2016,1,F,0,Multi,PA,INST_04,Regional College D (Teaching),teaching,3.05,39,1998,Psychology,Social Sciences,12991,1.91,1,0,0,2.8200000000000003,30,1,0,,0,-1.09
S201600298,2016,1,F,0,Black,NY,INST_05,Urban University E (Research),research,2.99,77,1998,Kinesiology,Health,8754,1.287,1,1,6083,2.94,31,1,0,,0,-1.713
S201600299,2016,0,M,0,White,CA,INST_02,State University B (Research),research,2.4,72,1998,Biomedical Engineering,STEM,17521,2.577,1,1,5504,3.8200000000000003,31,0,0,,0,-0.423
S201600300,2016,1,F,1,Hispanic,NJ,INST_05,Urban University E (Research),research,3.01,27,1998,Marketing,Business,8591,1.263,1,1,5176,3.375,31,0,0,,0,-1.737
S201600301,2016,0,M,0,White,FL,INST_03,Regional College C (Teaching),teaching,2.86,67,1998,Finance,Business,929,0.137,1,1,5399,3.76,34,1,1,3.91,0,-2.863
S201600302,2016,0,M,1,White,NJ,INST_05,Urban University E (Research),research,3.1,37,1998,Anthropology,Social Sciences,17917,2.635,1,1,3030,3.925,29,1,1,3.86,0,-0.365
S201600303,2016,1,M,0,Hispanic,TX,INST_04,Regional College D (Teaching),teaching,3.66,79,1998,Sociology,Social Sciences,8538,1.256,1,1,4618,3.675,32,1,1,4.0,0,-1.744
S201600304,2016,0,F,0,White,FL,INST_05,Urban University E (Research),research,2.96,28,1998,Marketing,Business,13114,1.929,1,1,5217,3.255,29,1,1,3.01,0,-1.071
S201600305,2016,0,F,0,White,NJ,INST_03,Regional College C (Teaching),teaching,3.3,56,1998,Public Health,Health,11704,1.721,1,1,3080,3.865,28,1,1,3.63,0,-1.279
S201600306,2016,0,M,0,Multi,GA,INST_05,Urban University E (Research),research,3.52,79,1998,Statistics,STEM,8961,1.318,1,1,3406,3.16,31,1,0,,0,-1.682
S201600307,2016,0,F,0,Hispanic,VA,INST_03,Regional College C (Teaching),teaching,4.0,58,1998,Biomedical Engineering,STEM,30039,4.418,0,0,0,3.9050000000000002,31,0,0,,1,1.418
S201600308,2016,0,M,0,Hispanic,GA,INST_03,Regional College C (Teaching),teaching,3.61,74,1998,Finance,Business,28895,4.249,0,0,0,4.0,32,1,0,,1,1.249
S201600309,2016,0,M,0,White,TX,INST_03,Regional College C (Teaching),teaching,3.35,19,1997,Public Health,Health,21115,3.105,0,1,5928,3.0149999999999997,31,0,0,,1,0.105
S201600310,2016,0,M,1,White,OH,INST_04,Regional College D (Teaching),teaching,3.67,65,1998,Communications,Other,2573,0.378,1,1,3582,4.0,28,1,1,4.0,0,-2.622
S201600311,2016,0,M,1,AIAN,CA,INST_03,Regional College C (Teaching),teaching,3.25,37,1998,Physics,STEM,17830,2.622,1,0,0,3.15,27,1,0,,0,-0.378
S201600312,2016,0,M,1,Hispanic,CA,INST_04,Regional College D (Teaching),teaching,3.48,32,1998,Biology,STEM,12058,1.773,1,0,0,3.075,26,0,0,,0,-1.227
S201600313,2016,0,F,1,Black,NC,INST_02,State University B (Research),research,3.12,51,1998,Political Science,Social Sciences,2427,0.357,1,1,5477,3.325,29,1,1,3.56,0,-2.643
S201600314,2016,0,F,0,Black,IL,INST_01,State University A (Research),research,3.03,65,1998,Chemistry,STEM,7247,1.066,1,1,3843,3.88,26,0,0,,0,-1.934
S201600315,2016,1,F,1,Unknown,VA,INST_04,Regional College D (Teaching),teaching,3.77,46,1998,Mechanical Engineering,STEM,5475,0.805,1,1,5838,3.685,30,1,1,4.0,0,-2.195
S201600316,2016,0,M,1,White,CA,INST_04,Regional College D (Teaching),teaching,3.7,78,1998,Computer Science,STEM,16593,2.44,1,0,0,3.835,30,0,0,,0,-0.56
S201600317,2016,0,F,0,Black,PA,INST_04,Regional College D (Teaching),teaching,3.88,47,1998,Mathematics,STEM,12858,1.891,1,1,3924,3.99,31,1,0,,0,-1.109
S201600318,2016,0,M,0,White,NJ,INST_02,State University B (Research),research,2.89,39,1998,General Studies,Other,14728,2.166,1,0,0,3.125,27,0,0,,0,-0.834
S201600319,2016,1,F,0,Multi,OH,INST_01,State University A (Research),research,3.21,24,1998,Economics-Bus,Business,9041,1.33,1,1,5577,3.765,34,0,0,,0,-1.67
S201600320,2016,0,M,0,White,VA,INST_05,Urban University E (Research),research,2.9,53,1998,General Studies,Other,10110,1.487,1,1,5010,3.89,30,1,1,3.67,0,-1.513
S201600321,2016,1,F,0,Asian,TX,INST_04,Regional College D (Teaching),teaching,4.0,77,1998,Physics,STEM,23798,3.5,0,0,0,3.075,28,1,0,,1,0.5
S201600322,2016,0,F,0,Black,TX,INST_01,State University A (Research),research,3.49,77,1998,Education,Other,12736,1.873,1,1,2050,3.58,31,1,0,,0,-1.127
S201600323,2016,0,M,0,White,NJ,INST_02,State University B (Research),research,3.19,58,1998,Pre-Med,Health,11763,1.73,1,1,4322,3.955,30,1,0,,0,-1.27
S201600324,2016,1,F,0,Hispanic,NY,INST_05,Urban University E (Research),research,2.93,98,1998,English,Humanities,15854,2.331,1,0,0,3.8049999999999997,28,1,0,,0,-0.669
S201600325,2016,0,F,0,White,NJ,INST_01,State University A (Research),research,2.68,62,1998,Nursing,Health,16376,2.408,1,1,4866,3.565,31,1,1,3.18,0,-0.592
S201600326,2016,0,M,1,White,CA,INST_05,Urban University E (Research),research,3.37,92,1998,Electrical Engineering,STEM,17379,2.556,1,1,3614,3.065,27,1,1,3.47,0,-0.444
S201600327,2016,1,M,0,White,NY,INST_04,Regional College D (Teaching),teaching,2.74,37,1998,Public Health,Health,3458,0.509,1,1,4688,3.6550000000000002,28,1,1,3.22,0,-2.491
S201600328,2016,0,M,0,Black,NC,INST_01,State University A (Research),research,3.59,39,1998,Pre-Med,Health,10248,1.507,1,0,0,3.17,30,1,1,3.33,0,-1.493
S201600329,2016,0,F,1,Unknown,OH,INST_04,Regional College D (Teaching),teaching,3.86,57,1998,Philosophy,Humanities,3315,0.488,1,0,0,2.8899999999999997,31,0,0,,0,-2.512
S201600330,2016,0,F,0,White,NJ,INST_02,State University B (Research),research,3.57,45,1998,Physics,STEM,14278,2.1,1,1,6062,3.395,32,0,0,,0,-0.9
S201600331,2016,1,F,0,White,FL,INST_04,Regional College D (Teaching),teaching,3.67,81,1998,Public Health,Health,13639,2.006,1,0,0,3.045,28,1,1,3.14,0,-0.994
S201600332,2016,1,F,1,White,FL,INST_02,State University B (Research),research,3.22,41,1998,Management,Business,16588,2.439,1,1,7229,3.38,33,1,1,3.32,0,-0.561
S201600333,2016,1,F,1,Hispanic,GA,INST_02,State University B (Research),research,3.81,56,1998,Mechanical Engineering,STEM,8567,1.26,1,0,0,2.4699999999999998,28,0,0,,0,-1.74
S201600334,2016,0,M,1,Hispanic,OH,INST_05,Urban University E (Research),research,2.73,30,1998,Marketing,Business,16416,2.414,1,1,7522,3.585,27,0,0,,0,-0.586
S201600335,2016,1,M,1,Black,IL,INST_03,Regional College C (Teaching),teaching,2.79,85,1998,Management,Business,133,0.1,1,1,5705,3.605,27,0,0,,0,-2.9
S201600336,2016,1,M,1,Black,CA,INST_04,Regional College D (Teaching),teaching,4.0,57,1998,Marketing,Business,13559,1.994,1,1,6820,3.755,31,1,0,,0,-1.006
S201600337,2016,0,M,0,Asian,PA,INST_01,State University A (Research),research,3.23,48,1998,Sociology,Social Sciences,7687,1.13,1,1,5504,3.7800000000000002,28,1,1,3.97,0,-1.87
S201600338,2016,0,M,0,White,IL,INST_02,State University B (Research),research,3.83,91,1998,Electrical Engineering,STEM,7007,1.03,1,0,0,3.7199999999999998,28,1,1,4.0,0,-1.97
S201600339,2016,0,F,0,Hispanic,NC,INST_02,State University B (Research),research,2.98,19,1998,General Studies,Other,9865,1.451,1,1,8308,2.76,28,1,0,,0,-1.549
S201600340,2016,1,M,0,White,FL,INST_02,State University B (Research),research,3.38,90,1998,Undeclared,Other,4218,0.62,1,0,0,3.395,30,0,0,,0,-2.38
S201600341,2016,1,F,0,Asian,IL,INST_02,State University B (Research),research,3.1,67,1998,Mechanical Engineering,STEM,15685,2.307,1,1,5362,3.44,30,1,1,3.39,0,-0.693
S201600342,2016,0,M,0,White,GA,INST_04,Regional College D (Teaching),teaching,3.68,40,1998,Mechanical Engineering,STEM,4724,0.695,1,0,0,3.465,30,1,0,,0,-2.305
S201600343,2016,0,F,0,Hispanic,GA,INST_05,Urban University E (Research),research,3.73,43,1998,Pre-Med,Health,28204,4.148,0,0,0,3.035,29,0,0,,1,1.148
S201600344,2016,1,F,0,Hispanic,MI,INST_01,State University A (Research),research,3.7,78,1998,Anthropology,Social Sciences,11107,1.633,1,0,0,3.035,27,1,1,2.85,0,-1.367
S201600345,2016,1,NB,1,Black,MI,INST_04,Regional College D (Teaching),teaching,2.74,64,1998,Statistics,STEM,12155,1.788,1,1,4928,3.87,31,0,0,,0,-1.212
S201600346,2016,0,F,0,Hispanic,VA,INST_01,State University A (Research),research,2.94,68,1998,Chemistry,STEM,16850,2.478,1,1,5835,2.955,31,1,1,3.27,0,-0.522
S201600347,2016,0,M,0,Hispanic,TX,INST_02,State University B (Research),research,3.91,62,1998,Political Science,Social Sciences,15191,2.234,1,0,0,3.14,31,1,1,3.28,0,-0.766
S201600348,2016,1,F,0,Black,OH,INST_03,Regional College C (Teaching),teaching,3.52,17,1998,Accounting,Business,19609,2.884,1,1,5500,3.085,27,0,0,,0,-0.116
S201600349,2016,1,M,0,Unknown,MI,INST_01,State University A (Research),research,3.14,54,1998,Nursing,Health,21506,3.163,0,0,0,3.54,31,1,0,,1,0.163
S201600350,2016,1,F,1,White,NC,INST_01,State University A (Research),research,2.55,41,1998,Public Health,Health,2882,0.424,1,1,7012,3.135,28,0,0,,0,-2.576
S201600351,2016,1,M,1,Black,NC,INST_02,State University B (Research),research,3.43,56,1998,Undeclared,Other,2445,0.36,1,1,6996,3.02,31,1,0,,0,-2.64
S201600352,2016,1,F,0,White,MI,INST_02,State University B (Research),research,3.33,8,1997,Management,Business,13698,2.014,1,1,4733,2.8449999999999998,28,1,0,,0,-0.986
S201600353,2016,0,F,0,White,PA,INST_03,Regional College C (Teaching),teaching,3.86,36,1998,Biomedical Engineering,STEM,21203,3.118,0,0,0,3.545,28,1,1,3.2,1,0.118
S201600354,2016,1,F,0,White,CA,INST_05,Urban University E (Research),research,3.29,73,1998,Anthropology,Social Sciences,827,0.122,1,1,5408,3.75,31,0,0,,0,-2.878
S201600355,2016,1,M,0,White,MI,INST_03,Regional College C (Teaching),teaching,2.62,47,1998,Civil Engineering,STEM,15504,2.28,1,0,0,3.09,25,1,1,2.9,0,-0.72
S201600356,2016,1,F,1,Black,NC,INST_01,State University A (Research),research,3.88,80,1998,Political Science,Social Sciences,10051,1.478,1,1,5395,3.175,29,1,1,3.78,0,-1.522
S201600357,2016,1,F,0,White,VA,INST_02,State University B (Research),research,3.24,49,1998,Accounting,Business,14087,2.072,1,1,6320,3.7199999999999998,31,1,0,,0,-0.928
S201600358,2016,0,F,0,White,CA,INST_04,Regional College D (Teaching),teaching,3.49,62,1998,Sociology,Social Sciences,1922,0.283,1,0,0,3.41,24,1,0,,0,-2.717
S201600359,2016,0,F,0,Black,NC,INST_01,State University A (Research),research,4.0,46,1998,Management,Business,9593,1.411,1,1,6468,3.11,33,1,0,,0,-1.589
S201600360,2016,1,F,0,Black,VA,INST_02,State University B (Research),research,3.96,71,1998,Biomedical Engineering,STEM,1524,0.224,1,0,0,3.535,30,1,1,3.1,0,-2.776
S201600361,2016,1,F,0,Black,GA,INST_04,Regional College D (Teaching),teaching,3.31,40,1998,Kinesiology,Health,18447,2.713,1,1,6523,3.67,30,0,0,,0,-0.287
S201600362,2016,0,F,0,Asian,TX,INST_02,State University B (Research),research,2.94,84,1998,English,Humanities,18237,2.682,1,0,0,3.6550000000000002,31,1,1,3.86,0,-0.318
S201600363,2016,0,F,1,Black,PA,INST_02,State University B (Research),research,3.31,65,1998,Physics,STEM,1881,0.277,1,0,0,3.52,30,1,0,,0,-2.723
S201600364,2016,0,F,0,Hispanic,OH,INST_05,Urban University E (Research),research,3.76,50,1998,Biomedical Engineering,STEM,2436,0.358,1,1,7022,3.17,25,1,0,,0,-2.642
S201600365,2016,1,F,0,Hispanic,VA,INST_05,Urban University E (Research),research,3.71,62,1998,Civil Engineering,STEM,16900,2.485,1,0,0,3.955,28,1,0,,0,-0.515
S201600366,2016,1,M,1,White,MI,INST_04,Regional College D (Teaching),teaching,2.73,47,1998,Marketing,Business,10989,1.616,1,1,6498,3.07,31,0,0,,0,-1.384
S201600367,2016,0,F,0,Asian,MI,INST_05,Urban University E (Research),research,3.03,32,1998,Political Science,Social Sciences,4652,0.684,1,0,0,3.125,28,0,0,,0,-2.316
S201600368,2016,0,F,0,White,CA,INST_04,Regional College D (Teaching),teaching,3.08,64,1998,Economics-Bus,Business,12026,1.769,1,0,0,2.585,32,1,0,,0,-1.231
S201600369,2016,1,M,0,White,GA,INST_01,State University A (Research),research,3.0,78,1998,Pre-Med,Health,4914,0.723,1,1,4338,3.955,27,1,0,,0,-2.277
S201600370,2016,0,M,0,Multi,GA,INST_04,Regional College D (Teaching),teaching,3.19,9,1998,Kinesiology,Health,5646,0.83,1,0,0,3.315,28,1,0,,0,-2.17
S201600371,2016,0,F,1,Asian,TX,INST_04,Regional College D (Teaching),teaching,3.67,74,1998,Kinesiology,Health,3441,0.506,1,1,8129,3.645,29,1,0,,0,-2.494
S201600372,2016,0,M,0,White,PA,INST_04,Regional College D (Teaching),teaching,3.75,37,1998,Biomedical Engineering,STEM,1901,0.28,1,0,0,2.63,31,1,0,,0,-2.72
S201600373,2016,0,F,0,White,MI,INST_01,State University A (Research),research,3.79,57,1998,Political Science,Social Sciences,21116,3.105,0,0,0,3.075,30,1,1,3.76,1,0.105
S201600374,2016,0,M,1,White,NY,INST_04,Regional College D (Teaching),teaching,3.75,35,1998,Civil Engineering,STEM,14287,2.101,1,1,3545,3.335,26,0,0,,0,-0.899
S201600375,2016,1,F,0,Asian,MI,INST_05,Urban University E (Research),research,3.81,45,1998,Civil Engineering,STEM,0,0.1,1,1,5530,3.74,33,1,0,,0,-2.9
S201600376,2016,1,F,1,Hispanic,VA,INST_03,Regional College C (Teaching),teaching,3.22,51,1998,Public Health,Health,8715,1.282,1,0,0,3.3600000000000003,33,0,0,,0,-1.718
S201600377,2016,1,M,1,Black,NC,INST_05,Urban University E (Research),research,4.0,54,1998,General Studies,Other,4675,0.688,1,1,7187,3.6550000000000002,28,1,0,,0,-2.312
S201600378,2016,0,M,0,Multi,NY,INST_02,State University B (Research),research,4.0,54,1998,Civil Engineering,STEM,0,0.1,1,0,0,2.695,27,1,1,2.96,0,-2.9
S201600379,2016,0,M,0,Hispanic,NY,INST_03,Regional College C (Teaching),teaching,2.49,52,1998,Biomedical Engineering,STEM,6280,0.924,1,1,10012,2.94,28,1,0,,0,-2.076
S201600380,2016,0,M,0,White,VA,INST_01,State University A (Research),research,2.73,51,1998,Marketing,Business,7439,1.094,1,1,5314,3.1399999999999997,31,0,0,,0,-1.906
S201600381,2016,1,M,0,White,FL,INST_01,State University A (Research),research,3.08,47,1998,Chemistry,STEM,17267,2.539,1,0,0,3.9850000000000003,30,1,1,3.71,0,-0.461
S201600382,2016,0,M,0,Black,GA,INST_04,Regional College D (Teaching),teaching,3.37,88,1998,Civil Engineering,STEM,0,0.1,1,1,6848,3.59,28,0,0,,0,-2.9
S201600383,2016,0,F,0,White,CA,INST_02,State University B (Research),research,3.0,42,1998,Education,Other,5843,0.859,1,1,6203,3.5700000000000003,30,1,0,,0,-2.141
S201600384,2016,0,F,1,White,NJ,INST_03,Regional College C (Teaching),teaching,2.94,42,1998,Mathematics,STEM,13345,1.962,1,0,0,2.33,32,1,0,,0,-1.038
S201600385,2016,0,F,0,Black,NC,INST_01,State University A (Research),research,3.51,71,1998,Accounting,Business,11081,1.63,1,0,0,2.96,31,1,1,3.5,0,-1.37
S201600386,2016,0,M,0,White,CA,INST_05,Urban University E (Research),research,2.97,30,1998,Economics,Social Sciences,15502,2.28,1,1,6214,2.615,31,0,0,,0,-0.72
S201600387,2016,0,F,0,Asian,NY,INST_04,Regional College D (Teaching),teaching,2.68,50,1998,Statistics,STEM,8637,1.27,1,1,6583,3.6900000000000004,31,1,1,3.46,0,-1.73
S201600388,2016,1,F,0,White,OH,INST_01,State University A (Research),research,3.78,3,1998,Economics,Social Sciences,1576,0.232,1,0,0,3.135,32,1,0,,0,-2.768
S201600389,2016,0,M,1,Asian,GA,INST_04,Regional College D (Teaching),teaching,2.67,52,1998,Civil Engineering,STEM,6218,0.914,1,0,0,3.6399999999999997,29,1,0,,0,-2.086
S201600390,2016,1,F,1,Black,MI,INST_05,Urban University E (Research),research,3.15,35,1998,Biomedical Engineering,STEM,384,0.1,1,0,0,3.125,30,0,0,,0,-2.9
S201600391,2016,0,F,0,White,OH,INST_02,State University B (Research),research,2.82,55,1998,Sociology,Social Sciences,8319,1.223,1,0,0,3.37,27,0,0,,0,-1.777
S201600392,2016,0,M,0,White,MI,INST_05,Urban University E (Research),research,3.02,58,1998,Art History,Humanities,17252,2.537,1,1,3634,3.865,31,0,0,,0,-0.463
S201600393,2016,0,M,1,White,MI,INST_04,Regional College D (Teaching),teaching,2.8,43,1998,Political Science,Social Sciences,0,0.1,1,1,4176,3.12,30,1,0,,0,-2.9
S201600394,2016,1,M,1,Hispanic,IL,INST_01,State University A (Research),research,3.63,73,1998,Kinesiology,Health,0,0.1,1,0,0,3.4850000000000003,31,1,1,3.2,0,-2.9
S201600395,2016,0,F,0,Hispanic,NC,INST_05,Urban University E (Research),research,3.56,20,1998,Statistics,STEM,9591,1.41,1,0,0,3.425,31,1,0,,0,-1.59
S201600396,2016,0,F,1,White,GA,INST_03,Regional College C (Teaching),teaching,2.81,42,1998,Economics-Bus,Business,10317,1.517,1,0,0,2.44,29,1,0,,0,-1.483
S201600397,2016,1,F,0,Multi,NY,INST_02,State University B (Research),research,3.69,3,1998,Statistics,STEM,9941,1.462,1,0,0,2.8200000000000003,27,0,0,,0,-1.538
S201600398,2016,0,M,1,Hispanic,TX,INST_03,Regional College C (Teaching),teaching,3.42,25,1998,Psychology,Social Sciences,0,0.1,1,1,5431,2.825,31,0,0,,0,-2.9
S201600399,2016,0,M,0,White,NY,INST_03,Regional College C (Teaching),teaching,3.71,49,1998,Physics,STEM,30407,4.472,0,0,0,2.89,31,0,0,,1,1.472
S201600400,2016,0,F,0,White,FL,INST_05,Urban University E (Research),research,2.43,69,1998,Management,Business,18751,2.758,1,1,7092,2.625,28,1,0,,0,-0.242
S201600401,2016,0,F,0,White,GA,INST_02,State University B (Research),research,3.67,58,1998,Statistics,STEM,18597,2.735,1,1,7061,3.8499999999999996,31,1,0,,0,-0.265
S201600402,2016,1,F,1,White,CA,INST_03,Regional College C (Teaching),teaching,3.01,45,1998,Mechanical Engineering,STEM,15268,2.245,1,1,5868,3.215,25,1,1,3.53,0,-0.755
S201600403,2016,1,M,0,White,OH,INST_01,State University A (Research),research,2.95,38,1998,Marketing,Business,9001,1.324,1,1,8978,3.38,28,0,0,,0,-1.676
S201600404,2016,0,F,0,White,CA,INST_05,Urban University E (Research),research,2.81,60,1998,Communications,Other,16185,2.38,1,0,0,2.7350000000000003,27,1,1,2.79,0,-0.62
S201600405,2016,1,M,0,White,IL,INST_04,Regional College D (Teaching),teaching,3.19,45,1998,Kinesiology,Health,7239,1.065,1,0,0,3.04,30,1,0,,0,-1.935
S201600406,2016,0,F,0,White,NC,INST_01,State University A (Research),research,2.68,36,1998,Anthropology,Social Sciences,19764,2.906,1,1,5046,3.055,30,1,1,3.6,0,-0.094
S201600407,2016,0,M,0,White,FL,INST_03,Regional College C (Teaching),teaching,3.61,44,1998,Physics,STEM,2799,0.412,1,1,4402,3.535,27,1,0,,0,-2.588
S201600408,2016,0,F,1,White,TX,INST_05,Urban University E (Research),research,3.18,41,1998,Economics,Social Sciences,0,0.1,1,1,5859,2.88,33,1,1,3.05,0,-2.9
S201600409,2016,0,F,1,Black,NY,INST_03,Regional College C (Teaching),teaching,3.57,40,1998,General Studies,Other,1531,0.225,1,0,0,3.525,32,1,1,3.68,0,-2.775
S201600410,2016,1,F,1,Black,NJ,INST_02,State University B (Research),research,3.72,50,1998,Biology,STEM,0,0.1,1,1,7378,3.8600000000000003,30,0,0,,0,-2.9
S201600411,2016,0,F,0,White,PA,INST_04,Regional College D (Teaching),teaching,3.3,22,1998,Mathematics,STEM,12931,1.902,1,0,0,3.045,34,0,0,,0,-1.098
S201600412,2016,0,F,0,Hispanic,MI,INST_01,State University A (Research),research,2.61,72,1998,Electrical Engineering,STEM,11194,1.646,1,1,7553,3.12,28,1,0,,0,-1.354
S201600413,2016,0,M,0,White,MI,INST_01,State University A (Research),research,3.32,49,1998,Mechanical Engineering,STEM,3863,0.568,1,1,5745,3.275,29,1,0,,0,-2.432
S201600414,2016,0,F,0,Black,GA,INST_05,Urban University E (Research),research,3.48,35,1998,Mathematics,STEM,0,0.1,1,1,4045,3.38,28,0,0,,0,-2.9
S201600415,2016,1,F,1,Black,FL,INST_02,State University B (Research),research,2.5,40,1998,Chemistry,STEM,9095,1.338,1,1,7211,3.9050000000000002,30,1,0,,0,-1.662
S201600416,2016,1,F,0,White,IL,INST_05,Urban University E (Research),research,3.17,5,1998,Chemistry,STEM,10875,1.599,1,0,0,3.2800000000000002,27,1,1,3.49,0,-1.401
S201600417,2016,0,M,0,White,GA,INST_05,Urban University E (Research),research,2.02,53,1998,Public Health,Health,7980,1.174,1,1,6588,3.325,28,0,0,,0,-1.826
S201600418,2016,0,F,0,Hispanic,NC,INST_01,State University A (Research),research,3.59,50,1998,Communications,Other,6317,0.929,1,1,5403,3.3099999999999996,30,0,0,,0,-2.071
S201600419,2016,0,F,0,White,VA,INST_04,Regional College D (Teaching),teaching,2.9,22,1998,Kinesiology,Health,19546,2.874,1,1,4040,3.01,25,0,0,,0,-0.126
S201600420,2016,1,M,0,Hispanic,FL,INST_04,Regional College D (Teaching),teaching,3.75,80,1998,Psychology,Social Sciences,13819,2.032,1,0,0,2.51,33,1,0,,0,-0.968
S201600421,2016,1,F,0,Hispanic,FL,INST_01,State University A (Research),research,3.31,71,1998,Sociology,Social Sciences,0,0.1,1,1,5294,3.685,25,1,0,,0,-2.9
S201600422,2016,1,F,0,White,NC,INST_01,State University A (Research),research,3.25,38,1998,Finance,Business,2718,0.4,1,0,0,3.935,27,1,1,4.0,0,-2.6
S201600423,2016,0,F,0,Black,OH,INST_01,State University A (Research),research,3.61,90,1998,Anthropology,Social Sciences,18448,2.713,1,1,7728,3.4050000000000002,29,1,0,,0,-0.287
S201600424,2016,0,F,0,Black,GA,INST_01,State University A (Research),research,3.12,99,1998,Physics,STEM,26180,3.85,0,0,0,3.8049999999999997,28,1,0,,1,0.85
S201600425,2016,1,F,0,White,MI,INST_05,Urban University E (Research),research,2.14,40,1998,Accounting,Business,0,0.1,1,1,9087,3.235,31,0,0,,0,-2.9
S201600426,2016,1,M,0,White,NC,INST_05,Urban University E (Research),research,3.06,62,1998,Spanish,Humanities,0,0.1,1,1,5983,3.37,30,1,0,,0,-2.9
S201600427,2016,1,F,0,White,VA,INST_02,State University B (Research),research,2.94,53,1998,Pre-Med,Health,14336,2.108,1,1,6943,3.495,28,1,1,3.44,0,-0.892
S201600428,2016,0,F,0,Hispanic,IL,INST_03,Regional College C (Teaching),teaching,3.48,51,1998,Biology,STEM,19165,2.818,1,1,5197,3.4699999999999998,30,1,0,,0,-0.182
S201600429,2016,0,M,0,White,NY,INST_02,State University B (Research),research,3.81,43,1998,Mathematics,STEM,12446,1.83,1,1,4319,3.465,28,1,0,,0,-1.17
S201600430,2016,0,M,0,Black,CA,INST_03,Regional College C (Teaching),teaching,2.84,38,1998,Political Science,Social Sciences,6306,0.927,1,1,5661,3.785,29,0,0,,0,-2.073
S201600431,2016,0,M,0,White,CA,INST_03,Regional College C (Teaching),teaching,2.43,39,1998,Finance,Business,28068,4.128,0,1,5410,3.835,31,1,1,3.79,1,1.128
S201600432,2016,0,M,0,White,GA,INST_01,State University A (Research),research,3.49,47,1998,Marketing,Business,6650,0.978,1,1,5307,3.12,28,0,0,,0,-2.022
S201600433,2016,0,F,0,White,VA,INST_03,Regional College C (Teaching),teaching,2.94,52,1998,Spanish,Humanities,289,0.1,1,1,6028,3.71,30,1,0,,0,-2.9
S201600434,2016,1,F,0,NHPI,PA,INST_02,State University B (Research),research,3.34,16,1998,Communications,Other,14419,2.12,1,1,6348,3.14,31,0,0,,0,-0.88
S201600435,2016,1,M,1,White,GA,INST_03,Regional College C (Teaching),teaching,2.67,39,1998,Undeclared,Other,6883,1.012,1,1,7944,3.535,30,1,0,,0,-1.988
S201600436,2016,0,M,0,Hispanic,NC,INST_04,Regional College D (Teaching),teaching,2.56,60,1998,Statistics,STEM,13509,1.987,1,0,0,3.425,33,1,0,,0,-1.013
S201600437,2016,0,M,0,White,VA,INST_05,Urban University E (Research),research,3.44,57,1998,Accounting,Business,19909,2.928,1,0,0,3.26,30,1,1,3.01,0,-0.072
S201600438,2016,1,F,0,White,GA,INST_04,Regional College D (Teaching),teaching,2.75,80,1998,Anthropology,Social Sciences,14263,2.098,1,1,4364,2.7750000000000004,31,1,0,,0,-0.902
S201600439,2016,1,F,1,Black,IL,INST_01,State University A (Research),research,3.41,56,1998,Education,Other,2771,0.408,1,0,0,3.24,27,0,0,,0,-2.592
S201600440,2016,0,M,1,White,NY,INST_04,Regional College D (Teaching),teaching,3.27,89,1998,Physics,STEM,4055,0.596,1,1,6144,3.09,30,0,0,,0,-2.404
S201600441,2016,0,F,1,Asian,FL,INST_01,State University A (Research),research,3.57,88,1998,Mechanical Engineering,STEM,14060,2.068,1,1,5161,3.455,31,0,0,,0,-0.932
S201600442,2016,0,F,0,White,PA,INST_05,Urban University E (Research),research,3.5,60,1998,Political Science,Social Sciences,0,0.1,1,1,7324,2.9299999999999997,25,0,0,,0,-2.9
S201600443,2016,0,M,1,White,NC,INST_03,Regional College C (Teaching),teaching,2.91,62,1998,Economics-Bus,Business,16486,2.424,1,0,0,3.75,31,1,0,,0,-0.576
S201600444,2016,1,F,0,White,NJ,INST_03,Regional College C (Teaching),teaching,3.3,65,1998,Economics-Bus,Business,16554,2.434,1,0,0,3.24,32,1,1,3.08,0,-0.566
S201600445,2016,1,F,1,White,PA,INST_01,State University A (Research),research,3.09,60,1998,Nursing,Health,13974,2.055,1,1,8086,3.965,29,0,0,,0,-0.945
S201600446,2016,1,M,0,White,OH,INST_02,State University B (Research),research,3.29,24,1998,History,Humanities,10616,1.561,1,1,6107,3.81,30,1,0,,0,-1.439
S201600447,2016,0,F,1,Asian,CA,INST_01,State University A (Research),research,1.86,62,1998,Mathematics,STEM,23352,3.434,0,0,0,2.1399999999999997,28,0,0,,1,0.434
S201600448,2016,0,F,1,White,OH,INST_04,Regional College D (Teaching),teaching,3.96,72,1998,Accounting,Business,5568,0.819,1,1,5894,3.83,31,1,0,,0,-2.181
S201600449,2016,0,M,0,White,NJ,INST_05,Urban University E (Research),research,2.49,62,1998,Kinesiology,Health,15696,2.308,1,0,0,2.9299999999999997,29,0,0,,0,-0.692
S201600450,2016,0,M,0,White,MI,INST_05,Urban University E (Research),research,3.54,65,1998,Philosophy,Humanities,1991,0.293,1,0,0,3.16,31,0,0,,0,-2.707
S201600451,2016,0,F,1,Hispanic,NY,INST_03,Regional College C (Teaching),teaching,3.82,49,1998,Biomedical Engineering,STEM,11939,1.756,1,1,9183,3.13,28,0,0,,0,-1.244
S201600452,2016,0,M,1,White,OH,INST_02,State University B (Research),research,2.84,19,1998,Economics,Social Sciences,10850,1.596,1,1,4408,3.295,31,0,0,,0,-1.404
S201600453,2016,0,M,0,White,CA,INST_02,State University B (Research),research,3.16,23,1998,Spanish,Humanities,7201,1.059,1,1,5609,3.165,28,1,0,,0,-1.941
S201600454,2016,1,M,0,Black,OH,INST_05,Urban University E (Research),research,2.92,3,1998,History,Humanities,3624,0.533,1,1,5066,3.665,31,1,0,,0,-2.467
S201600455,2016,1,F,1,White,MI,INST_05,Urban University E (Research),research,3.32,54,1998,Electrical Engineering,STEM,0,0.1,1,1,2715,3.9850000000000003,26,1,1,4.0,0,-2.9
S201600456,2016,0,F,0,Black,GA,INST_03,Regional College C (Teaching),teaching,2.61,45,1998,Statistics,STEM,11250,1.654,1,1,7683,3.4850000000000003,32,1,1,3.48,0,-1.346
S201600457,2016,1,M,0,Asian,NJ,INST_03,Regional College C (Teaching),teaching,2.72,81,1998,Anthropology,Social Sciences,12677,1.864,1,0,0,3.3200000000000003,31,0,0,,0,-1.136
S201600458,2016,1,M,1,White,PA,INST_05,Urban University E (Research),research,3.5,78,1998,Biology,STEM,6443,0.948,1,1,5878,2.8499999999999996,31,1,1,3.41,0,-2.052
S201600459,2016,1,F,0,Multi,GA,INST_01,State University A (Research),research,2.92,26,1998,Biomedical Engineering,STEM,13181,1.938,1,1,6352,3.58,27,1,0,,0,-1.062
S201600460,2016,1,M,0,Hispanic,NJ,INST_03,Regional College C (Teaching),teaching,3.97,35,1998,Mathematics,STEM,0,0.1,1,0,0,3.75,28,0,0,,0,-2.9
S201600461,2016,0,F,0,Black,CA,INST_04,Regional College D (Teaching),teaching,2.64,40,1998,History,Humanities,10608,1.56,1,1,6051,3.8449999999999998,29,1,1,3.74,0,-1.44
S201600462,2016,1,F,0,White,FL,INST_05,Urban University E (Research),research,3.39,32,1998,Education,Other,14882,2.189,1,0,0,2.41,31,0,0,,0,-0.811
S201600463,2016,0,F,0,Asian,MI,INST_03,Regional College C (Teaching),teaching,3.9,73,1998,Pre-Med,Health,8891,1.308,1,1,5161,3.79,31,1,1,3.81,0,-1.692
S201600464,2016,1,M,1,Black,TX,INST_03,Regional College C (Teaching),teaching,2.73,65,1998,Nursing,Health,6424,0.945,1,0,0,2.685,31,1,1,2.76,0,-2.055
S201600465,2016,1,F,0,Asian,IL,INST_04,Regional College D (Teaching),teaching,2.55,77,1998,General Studies,Other,20484,3.012,0,1,3749,4.0,31,1,1,3.85,1,0.012
S201600466,2016,1,F,0,Asian,NY,INST_01,State University A (Research),research,3.55,39,1998,Pre-Med,Health,4338,0.638,1,0,0,2.875,32,1,0,,0,-2.362
S201600467,2016,1,F,1,Multi,IL,INST_01,State University A (Research),research,3.67,29,1998,Public Health,Health,3229,0.475,1,1,4122,3.4000000000000004,30,1,0,,0,-2.525
S201600468,2016,1,F,0,Multi,MI,INST_01,State University A (Research),research,3.17,96,1998,Economics-Bus,Business,18563,2.73,1,1,5819,3.9850000000000003,32,1,1,3.83,0,-0.27
S201600469,2016,1,M,1,White,GA,INST_05,Urban University E (Research),research,2.79,61,1998,Spanish,Humanities,10538,1.55,1,1,6500,3.9050000000000002,31,1,0,,0,-1.45
S201600470,2016,1,F,0,White,MI,INST_01,State University A (Research),research,2.53,33,1998,Biomedical Engineering,STEM,16254,2.39,1,1,4001,3.645,30,0,0,,0,-0.61
S201600471,2016,1,M,1,Hispanic,NC,INST_03,Regional College C (Teaching),teaching,2.74,36,1998,Biology,STEM,6482,0.953,1,0,0,2.4299999999999997,31,1,0,,0,-2.047
S201600472,2016,1,F,1,White,FL,INST_02,State University B (Research),research,3.07,47,1998,Communications,Other,6545,0.962,1,1,6834,3.385,33,0,0,,0,-2.038
S201600473,2016,1,F,0,White,PA,INST_04,Regional College D (Teaching),teaching,3.67,99,1998,Pre-Med,Health,0,0.1,1,1,5424,4.0,28,0,0,,0,-2.9
S201600474,2016,0,M,0,White,CA,INST_01,State University A (Research),research,4.0,65,1998,Accounting,Business,9228,1.357,1,1,4500,3.42,28,1,1,4.0,0,-1.643
S201600475,2016,1,M,0,White,MI,INST_05,Urban University E (Research),research,3.38,91,1998,Public Health,Health,4284,0.63,1,1,4812,3.785,29,1,1,3.18,0,-2.37
S201600476,2016,1,M,0,Black,OH,INST_04,Regional College D (Teaching),teaching,2.95,68,1998,Marketing,Business,0,0.1,1,1,4220,3.575,31,1,1,3.84,0,-2.9
S201600477,2016,0,M,1,Asian,NC,INST_05,Urban University E (Research),research,3.89,59,1998,Marketing,Business,9033,1.328,1,1,5736,3.38,26,0,0,,0,-1.672
S201600478,2016,0,F,0,White,FL,INST_04,Regional College D (Teaching),teaching,3.09,79,1998,Computer Science,STEM,10232,1.505,1,1,4929,3.735,30,1,0,,0,-1.495
S201600479,2016,0,M,0,White,NY,INST_03,Regional College C (Teaching),teaching,3.06,64,1998,Public Health,Health,10818,1.591,1,0,0,2.915,28,1,0,,0,-1.409
S201600480,2016,0,F,0,White,PA,INST_05,Urban University E (Research),research,3.18,42,1998,Mathematics,STEM,12897,1.897,1,1,6557,2.915,31,0,0,,0,-1.103
S201600481,2016,0,M,1,Asian,NY,INST_01,State University A (Research),research,3.64,53,1998,Biology,STEM,8155,1.199,1,0,0,3.79,29,1,1,3.66,0,-1.801
S201600482,2016,0,M,1,Hispanic,NY,INST_02,State University B (Research),research,3.58,91,1998,Mechanical Engineering,STEM,16355,2.405,1,1,5362,4.0,24,1,1,3.65,0,-0.595
S201600483,2016,0,F,0,White,NC,INST_05,Urban University E (Research),research,3.51,95,1998,Political Science,Social Sciences,11924,1.754,1,0,0,2.57,29,0,0,,0,-1.246
S201600484,2016,1,M,0,Black,PA,INST_02,State University B (Research),research,2.58,64,1998,Biology,STEM,3596,0.529,1,0,0,2.83,29,1,1,2.79,0,-2.471
S201600485,2016,0,F,0,White,PA,INST_01,State University A (Research),research,4.0,61,1998,Management,Business,20074,2.952,1,1,4014,3.495,28,1,0,,0,-0.048
S201600486,2016,0,M,0,AIAN,IL,INST_05,Urban University E (Research),research,3.33,35,1998,Statistics,STEM,21767,3.201,0,1,4541,3.745,30,1,0,,1,0.201
S201600487,2016,1,F,0,White,MI,INST_04,Regional College D (Teaching),teaching,3.88,59,1998,Management,Business,5433,0.799,1,1,3976,3.95,32,0,0,,0,-2.201
S201600488,2016,1,F,0,White,NY,INST_03,Regional College C (Teaching),teaching,4.0,39,1998,Pre-Med,Health,5704,0.839,1,0,0,3.0300000000000002,27,0,0,,0,-2.161
S201600489,2016,0,F,0,Multi,NC,INST_02,State University B (Research),research,2.43,66,1998,Spanish,Humanities,6628,0.975,1,0,0,2.59,31,0,0,,0,-2.025
S201600490,2016,1,F,0,Asian,NC,INST_03,Regional College C (Teaching),teaching,2.87,64,1998,Education,Other,3342,0.491,1,0,0,3.895,30,1,0,,0,-2.509
S201600491,2016,0,M,0,White,NC,INST_01,State University A (Research),research,2.97,51,1998,Economics-Bus,Business,15921,2.341,1,0,0,3.005,28,0,0,,0,-0.659
S201600492,2016,1,F,1,White,FL,INST_03,Regional College C (Teaching),teaching,3.49,36,1998,Physics,STEM,3590,0.528,1,1,6946,3.27,30,1,0,,0,-2.472
S201600493,2016,0,M,0,Black,CA,INST_01,State University A (Research),research,3.83,67,1998,Pre-Med,Health,16094,2.367,1,0,0,3.3600000000000003,27,0,0,,0,-0.633
S201600494,2016,1,F,0,White,PA,INST_02,State University B (Research),research,3.1,47,1998,Economics-Bus,Business,14925,2.195,1,1,5565,3.3600000000000003,31,0,0,,0,-0.805
S201600495,2016,0,F,1,White,FL,INST_04,Regional College D (Teaching),teaching,2.85,90,1998,Psychology,Social Sciences,3715,0.546,1,0,0,4.0,32,1,1,4.0,0,-2.454
S201600496,2016,0,M,0,White,TX,INST_02,State University B (Research),research,2.95,97,1998,Management,Business,5475,0.805,1,1,6398,3.81,31,1,0,,0,-2.195
S201600497,2016,0,F,0,Asian,TX,INST_02,State University B (Research),research,2.96,64,1998,Economics,Social Sciences,13130,1.931,1,1,3877,3.64,31,1,0,,0,-1.069
S201600498,2016,0,F,0,White,VA,INST_04,Regional College D (Teaching),teaching,3.3,45,1998,Finance,Business,17568,2.584,1,0,0,3.425,31,0,0,,0,-0.416
S201600499,2016,1,F,0,Black,CA,INST_02,State University B (Research),research,3.71,51,1998,Education,Other,19025,2.798,1,1,6571,3.96,28,1,1,3.78,0,-0.202
S201600500,2016,0,M,0,Hispanic,GA,INST_05,Urban University E (Research),research,4.0,41,1998,Communications,Other,4823,0.709,1,1,6230,3.12,29,1,1,3.43,0,-2.291
S201600501,2016,0,F,0,Hispanic,FL,INST_03,Regional College C (Teaching),teaching,3.51,88,1998,Nursing,Health,19369,2.848,1,1,7896,3.2649999999999997,27,1,0,,0,-0.152
S201600502,2016,0,F,0,White,VA,INST_04,Regional College D (Teaching),teaching,3.24,66,1998,Mathematics,STEM,24018,3.532,0,0,0,3.66,33,0,0,,1,0.532
S201600503,2016,1,M,0,Asian,VA,INST_01,State University A (Research),research,3.69,74,1998,Political Science,Social Sciences,15453,2.272,1,0,0,3.775,31,1,0,,0,-0.728
S201600504,2016,1,F,0,White,NY,INST_05,Urban University E (Research),research,3.34,78,1998,Undeclared,Other,0,0.1,1,0,0,3.545,34,1,1,3.45,0,-2.9
S201600505,2016,1,F,0,White,OH,INST_02,State University B (Research),research,3.37,99,1998,Undeclared,Other,7984,1.174,1,0,0,3.415,30,1,1,3.15,0,-1.826
S201600506,2016,0,F,1,Hispanic,OH,INST_04,Regional College D (Teaching),teaching,3.2,50,1998,Biomedical Engineering,STEM,11773,1.731,1,1,4614,2.825,28,1,0,,0,-1.269
S201600507,2016,0,M,1,White,FL,INST_02,State University B (Research),research,3.64,3,1998,History,Humanities,4726,0.695,1,0,0,3.0949999999999998,25,1,0,,0,-2.305
S201600508,2016,0,F,1,Asian,TX,INST_01,State University A (Research),research,3.38,65,1998,Pre-Med,Health,15672,2.305,1,0,0,3.545,30,1,0,,0,-0.695
S201600509,2016,0,M,0,White,CA,INST_05,Urban University E (Research),research,3.47,36,1998,Biology,STEM,15302,2.25,1,1,6943,3.55,30,1,0,,0,-0.75
S201600510,2016,0,F,0,Hispanic,NY,INST_04,Regional College D (Teaching),teaching,2.61,29,1998,Economics-Bus,Business,13449,1.978,1,1,9131,2.8,31,1,0,,0,-1.022
S201600511,2016,1,M,0,Black,OH,INST_02,State University B (Research),research,3.69,69,1998,Finance,Business,1215,0.179,1,1,3686,3.57,32,1,0,,0,-2.821
S201600512,2016,1,M,0,Asian,FL,INST_03,Regional College C (Teaching),teaching,3.24,64,1998,Kinesiology,Health,6163,0.906,1,1,6006,3.3899999999999997,28,0,0,,0,-2.094
S201600513,2016,1,F,0,White,CA,INST_05,Urban University E (Research),research,3.67,58,1998,Kinesiology,Health,18557,2.729,1,1,6227,3.2649999999999997,30,0,0,,0,-0.271
S201600514,2016,0,F,0,White,PA,INST_05,Urban University E (Research),research,3.12,75,1998,Psychology,Social Sciences,9847,1.448,1,1,6562,3.04,32,0,0,,0,-1.552
S201600515,2016,1,M,0,White,NY,INST_01,State University A (Research),research,2.92,48,1998,Pre-Med,Health,0,0.1,1,1,6879,2.995,28,1,1,3.49,0,-2.9
S201600516,2016,0,M,1,White,OH,INST_01,State University A (Research),research,2.63,76,1998,Undeclared,Other,246,0.1,1,1,4009,3.4,29,1,1,3.73,0,-2.9
S201600517,2016,0,F,0,Black,FL,INST_01,State University A (Research),research,2.7,16,1998,Undeclared,Other,11932,1.755,1,0,0,3.4299999999999997,30,1,1,3.33,0,-1.245
S201600518,2016,1,M,0,White,FL,INST_02,State University B (Research),research,3.59,42,1998,Finance,Business,0,0.1,1,1,7424,3.9699999999999998,31,0,0,,0,-2.9
S201600519,2016,0,M,1,Hispanic,MI,INST_03,Regional College C (Teaching),teaching,3.66,62,1998,Marketing,Business,16680,2.453,1,0,0,3.18,28,1,0,,0,-0.547
S201600520,2016,1,F,1,White,OH,INST_05,Urban University E (Research),research,2.79,67,1998,Computer Science,STEM,2198,0.323,1,1,7402,3.035,31,1,1,3.02,0,-2.677
S201600521,2016,0,F,1,Black,PA,INST_05,Urban University E (Research),research,3.5,22,1998,Public Health,Health,5820,0.856,1,1,6999,3.5,30,1,0,,0,-2.144
S201600522,2016,0,M,0,Asian,NJ,INST_01,State University A (Research),research,2.6,23,1998,Biomedical Engineering,STEM,8942,1.315,1,1,6813,3.09,28,1,0,,0,-1.685
S201600523,2016,0,M,0,White,NY,INST_05,Urban University E (Research),research,2.99,70,1998,Sociology,Social Sciences,7023,1.033,1,0,0,2.8449999999999998,31,1,1,3.11,0,-1.967
S201600524,2016,0,F,1,White,GA,INST_04,Regional College D (Teaching),teaching,3.73,63,1998,Biomedical Engineering,STEM,13589,1.998,1,1,5839,3.9450000000000003,31,1,0,,0,-1.002
S201600525,2016,1,M,0,White,NY,INST_02,State University B (Research),research,2.53,31,1998,Civil Engineering,STEM,9906,1.457,1,0,0,3.24,31,1,0,,0,-1.543
S201600526,2016,0,M,0,White,NC,INST_02,State University B (Research),research,2.65,35,1998,Finance,Business,10468,1.539,1,1,7280,3.51,34,0,0,,0,-1.461
S201600527,2016,0,M,1,White,NY,INST_05,Urban University E (Research),research,2.77,32,1998,Public Health,Health,4423,0.65,1,1,4353,2.85,31,1,0,,0,-2.35
S201600528,2016,0,M,0,White,NY,INST_04,Regional College D (Teaching),teaching,2.89,71,1998,Education,Other,15823,2.327,1,1,5679,3.455,30,1,0,,0,-0.673
S201600529,2016,1,M,1,White,CA,INST_03,Regional College C (Teaching),teaching,2.8,65,1998,Statistics,STEM,0,0.1,1,1,8279,4.0,30,1,0,,0,-2.9
S201600530,2016,0,F,0,Asian,FL,INST_02,State University B (Research),research,2.76,62,1998,Art History,Humanities,20178,2.967,1,0,0,3.23,31,1,1,3.34,0,-0.033
S201600531,2016,0,F,0,Hispanic,NY,INST_04,Regional College D (Teaching),teaching,3.09,53,1998,Anthropology,Social Sciences,11681,1.718,1,1,7863,2.745,32,1,0,,0,-1.282
S201600532,2016,0,F,0,Hispanic,PA,INST_02,State University B (Research),research,2.87,29,1998,Computer Science,STEM,13238,1.947,1,1,7786,3.39,29,1,0,,0,-1.053
S201600533,2016,1,F,1,White,IL,INST_05,Urban University E (Research),research,4.0,51,1998,General Studies,Other,1106,0.163,1,1,4558,4.0,31,0,0,,0,-2.837
S201600534,2016,0,M,0,Black,PA,INST_03,Regional College C (Teaching),teaching,3.07,67,1998,Mathematics,STEM,6213,0.914,1,0,0,2.98,34,0,0,,0,-2.086
S201600535,2016,0,M,1,White,PA,INST_01,State University A (Research),research,2.95,87,1998,Statistics,STEM,22058,3.244,0,0,0,3.5,32,1,0,,1,0.244
S201600536,2016,0,F,0,White,FL,INST_05,Urban University E (Research),research,3.54,39,1998,Sociology,Social Sciences,10562,1.553,1,0,0,2.665,31,1,0,,0,-1.447
S201600537,2016,1,M,0,Hispanic,OH,INST_05,Urban University E (Research),research,2.93,55,1998,Civil Engineering,STEM,6251,0.919,1,1,4201,3.3449999999999998,30,1,1,3.35,0,-2.081
S201600538,2016,1,F,0,White,NC,INST_02,State University B (Research),research,2.78,71,1998,Kinesiology,Health,10567,1.554,1,1,8551,3.6799999999999997,32,0,0,,0,-1.446
S201600539,2016,0,F,0,Hispanic,OH,INST_01,State University A (Research),research,2.74,51,1998,Anthropology,Social Sciences,0,0.1,1,1,4991,2.745,27,1,1,3.4,0,-2.9
S201600540,2016,1,F,0,Black,OH,INST_02,State University B (Research),research,2.87,67,1998,Economics,Social Sciences,14193,2.087,1,1,4900,3.415,34,0,0,,0,-0.913
S201600541,2016,0,M,0,Black,NY,INST_04,Regional College D (Teaching),teaching,3.31,51,1998,Biology,STEM,7822,1.15,1,0,0,2.9749999999999996,31,0,0,,0,-1.85
S201600542,2016,1,F,0,White,CA,INST_04,Regional College D (Teaching),teaching,4.0,99,1998,General Studies,Other,339,0.1,1,1,4716,3.71,31,1,0,,0,-2.9
S201600543,2016,0,F,0,Multi,MI,INST_04,Regional College D (Teaching),teaching,3.0,54,1998,Public Health,Health,16587,2.439,1,0,0,2.865,28,1,0,,0,-0.561
S201600544,2016,0,M,0,Black,NJ,INST_05,Urban University E (Research),research,4.0,83,1998,Pre-Med,Health,13086,1.924,1,1,2557,3.64,24,1,1,4.0,0,-1.076
S201600545,2016,0,F,0,White,GA,INST_04,Regional College D (Teaching),teaching,3.94,63,1998,Public Health,Health,7230,1.063,1,0,0,2.785,28,1,1,2.47,0,-1.937
S201600546,2016,0,M,0,Multi,CA,INST_05,Urban University E (Research),research,2.93,38,1998,Pre-Med,Health,12700,1.868,1,0,0,3.205,31,1,0,,0,-1.132
S201600547,2016,1,F,0,Black,NY,INST_05,Urban University E (Research),research,2.97,50,1998,Biomedical Engineering,STEM,12018,1.767,1,1,3055,2.565,30,0,0,,0,-1.233
S201600548,2016,0,F,1,White,VA,INST_05,Urban University E (Research),research,3.52,50,1998,Computer Science,STEM,13707,2.016,1,1,5281,3.295,28,0,0,,0,-0.984
S201600549,2016,0,M,0,White,PA,INST_05,Urban University E (Research),research,3.53,68,1998,Management,Business,11874,1.746,1,1,6105,3.165,31,1,0,,0,-1.254
S201600550,2016,0,F,0,White,FL,INST_03,Regional College C (Teaching),teaching,2.94,27,1998,Public Health,Health,5791,0.852,1,0,0,3.115,31,0,0,,0,-2.148
S201600551,2016,0,F,0,White,MI,INST_01,State University A (Research),research,3.86,48,1998,Biology,STEM,24974,3.673,0,0,0,3.145,31,1,0,,1,0.673
S201600552,2016,1,M,1,White,IL,INST_01,State University A (Research),research,3.11,58,1998,Economics-Bus,Business,3082,0.453,1,1,5130,3.83,31,1,1,4.0,0,-2.547
S201600553,2016,0,F,0,Black,NY,INST_02,State University B (Research),research,2.7,47,1998,Physics,STEM,3799,0.559,1,1,7164,2.565,30,0,0,,0,-2.441
S201600554,2016,0,F,1,Asian,TX,INST_01,State University A (Research),research,3.05,48,1998,Statistics,STEM,9621,1.415,1,1,7551,3.325,28,1,0,,0,-1.585
S201600555,2016,1,F,0,White,VA,INST_04,Regional College D (Teaching),teaching,4.0,59,1998,Biology,STEM,0,0.1,1,0,0,3.37,28,1,1,3.97,0,-2.9
S201600556,2016,1,F,0,White,OH,INST_04,Regional College D (Teaching),teaching,3.55,45,1998,General Studies,Other,22864,3.362,0,0,0,3.06,31,0,0,,1,0.362
S201600557,2016,1,F,0,White,NY,INST_01,State University A (Research),research,2.58,17,1997,Economics-Bus,Business,15030,2.21,1,1,5827,3.1550000000000002,27,0,0,,0,-0.79
S201600558,2016,1,M,1,White,VA,INST_03,Regional College C (Teaching),teaching,2.88,73,1998,Undeclared,Other,3340,0.491,1,1,5730,3.8200000000000003,30,1,1,4.0,0,-2.509
S201600559,2016,1,M,0,White,NJ,INST_01,State University A (Research),research,2.88,62,1998,Public Health,Health,0,0.1,1,1,6043,3.135,30,0,0,,0,-2.9
S201600560,2016,0,F,0,White,FL,INST_01,State University A (Research),research,3.56,47,1998,Nursing,Health,10626,1.563,1,1,5021,3.325,30,1,0,,0,-1.437
S201600561,2016,0,M,0,White,NJ,INST_03,Regional College C (Teaching),teaching,3.29,57,1998,Undeclared,Other,13351,1.963,1,1,3704,3.265,28,1,1,3.64,0,-1.037
S201600562,2016,0,M,1,White,OH,INST_03,Regional College C (Teaching),teaching,3.63,28,1998,Communications,Other,6096,0.896,1,1,6718,3.295,25,1,1,3.57,0,-2.104
S201600563,2016,0,M,1,Black,NJ,INST_02,State University B (Research),research,3.39,99,1998,Nursing,Health,8342,1.227,1,0,0,3.645,28,1,1,3.86,0,-1.773
S201600564,2016,0,M,1,White,TX,INST_03,Regional College C (Teaching),teaching,2.88,40,1998,Chemistry,STEM,3273,0.481,1,1,5657,3.91,31,1,1,4.0,0,-2.519
S201600565,2016,0,F,0,Hispanic,FL,INST_02,State University B (Research),research,3.16,42,1998,Communications,Other,19155,2.817,1,1,7016,3.715,28,1,0,,0,-0.183
S201600566,2016,0,M,1,White,NY,INST_02,State University B (Research),research,3.42,82,1997,Management,Business,13354,1.964,1,0,0,2.51,27,1,0,,0,-1.036
S201600567,2016,1,F,1,White,TX,INST_02,State University B (Research),research,3.19,65,1998,Economics-Bus,Business,0,0.1,1,1,6018,3.12,28,1,1,3.43,0,-2.9
S201600568,2016,0,M,1,Hispanic,NJ,INST_02,State University B (Research),research,3.19,47,1997,Physics,STEM,2211,0.325,1,0,0,3.715,28,1,0,,0,-2.675
S201600569,2016,0,F,1,Black,VA,INST_05,Urban University E (Research),research,2.59,47,1998,Communications,Other,16216,2.385,1,1,5438,2.995,27,1,1,3.55,0,-0.615
S201600570,2016,1,M,0,Black,NJ,INST_01,State University A (Research),research,3.26,62,1998,Communications,Other,2465,0.362,1,1,4418,3.14,29,1,0,,0,-2.638
S201600571,2016,0,F,0,Black,PA,INST_01,State University A (Research),research,2.7,32,1998,Philosophy,Humanities,12942,1.903,1,1,6885,3.33,28,1,1,3.49,0,-1.097
S201600572,2016,1,F,1,Black,FL,INST_03,Regional College C (Teaching),teaching,3.35,91,1998,Mechanical Engineering,STEM,0,0.1,1,0,0,3.885,36,0,0,,0,-2.9
S201600573,2016,1,F,0,White,GA,INST_04,Regional College D (Teaching),teaching,3.52,59,1998,Nursing,Health,13904,2.045,1,1,5562,3.52,34,0,0,,0,-0.955
S201600574,2016,0,M,1,White,TX,INST_03,Regional College C (Teaching),teaching,3.73,77,1998,General Studies,Other,13599,2.0,1,0,0,3.135,31,1,0,,0,-1.0
S201600575,2016,0,M,0,White,FL,INST_02,State University B (Research),research,3.2,70,1998,History,Humanities,0,0.1,1,1,6811,2.97,29,1,1,3.38,0,-2.9
S201600576,2016,1,F,0,Hispanic,GA,INST_03,Regional College C (Teaching),teaching,3.72,65,1998,Biology,STEM,11224,1.651,1,1,6376,3.4850000000000003,31,1,1,3.7,0,-1.349
S201600577,2016,0,F,0,White,NY,INST_01,State University A (Research),research,4.0,62,1998,Marketing,Business,14725,2.165,1,0,0,2.695,25,1,1,2.59,0,-0.835
S201600578,2016,0,F,0,Black,OH,INST_01,State University A (Research),research,2.67,68,1998,Pre-Med,Health,19047,2.801,1,1,10298,4.0,30,0,0,,0,-0.199
S201600579,2016,1,M,0,Asian,NY,INST_04,Regional College D (Teaching),teaching,3.67,42,1998,Civil Engineering,STEM,12854,1.89,1,1,7190,3.76,30,1,1,3.83,0,-1.11
S201600580,2016,0,F,0,White,FL,INST_03,Regional College C (Teaching),teaching,2.83,57,1997,Art History,Humanities,5605,0.824,1,1,4185,2.8200000000000003,28,0,0,,0,-2.176
S201600581,2016,1,M,0,Hispanic,IL,INST_05,Urban University E (Research),research,3.19,60,1998,Communications,Other,2980,0.438,1,1,6251,2.87,26,1,0,,0,-2.562
S201600582,2016,0,F,0,White,CA,INST_01,State University A (Research),research,3.38,75,1998,Physics,STEM,12738,1.873,1,1,7571,3.335,30,1,1,3.21,0,-1.127
S201600583,2016,0,M,0,Black,MI,INST_01,State University A (Research),research,3.0,64,1998,Anthropology,Social Sciences,10087,1.483,1,1,7673,3.755,32,1,1,4.0,0,-1.517
S201600584,2016,1,F,0,Hispanic,FL,INST_04,Regional College D (Teaching),teaching,2.88,80,1998,Kinesiology,Health,12304,1.809,1,1,4187,3.335,29,0,0,,0,-1.191
S201600585,2016,0,F,0,Black,IL,INST_02,State University B (Research),research,3.66,41,1998,Sociology,Social Sciences,2428,0.357,1,0,0,3.8200000000000003,28,1,1,3.95,0,-2.643
S201600586,2016,1,M,0,Hispanic,CA,INST_03,Regional College C (Teaching),teaching,3.19,52,1998,Education,Other,8246,1.213,1,1,2748,3.0599999999999996,31,1,1,3.25,0,-1.787
S201600587,2016,0,M,0,Hispanic,OH,INST_03,Regional College C (Teaching),teaching,3.41,44,1998,Marketing,Business,20635,3.035,0,0,0,2.99,29,0,0,,1,0.035
S201600588,2016,0,F,1,Black,IL,INST_05,Urban University E (Research),research,2.91,21,1998,Psychology,Social Sciences,4299,0.632,1,1,5341,2.535,34,1,1,2.96,0,-2.368
S201600589,2016,0,F,0,Hispanic,CA,INST_04,Regional College D (Teaching),teaching,2.98,69,1998,English,Humanities,3335,0.49,1,1,6525,3.455,30,1,0,,0,-2.51
S201600590,2016,0,M,0,Hispanic,MI,INST_03,Regional College C (Teaching),teaching,2.65,72,1998,Chemistry,STEM,19818,2.914,1,1,7904,3.285,24,1,1,3.5,0,-0.086
S201600591,2016,0,F,0,Black,OH,INST_03,Regional College C (Teaching),teaching,4.0,53,1998,Mechanical Engineering,STEM,0,0.1,1,0,0,3.8049999999999997,28,0,0,,0,-2.9
S201600592,2016,1,M,1,White,NJ,INST_04,Regional College D (Teaching),teaching,2.98,40,1998,Biomedical Engineering,STEM,9241,1.359,1,0,0,3.6550000000000002,30,1,0,,0,-1.641
S201600593,2016,0,M,0,White,GA,INST_03,Regional College C (Teaching),teaching,2.88,36,1998,Electrical Engineering,STEM,17288,2.542,1,1,6446,3.395,28,1,1,3.17,0,-0.458
S201600594,2016,0,M,0,White,CA,INST_02,State University B (Research),research,3.59,41,1998,Computer Science,STEM,1133,0.167,1,0,0,2.45,26,0,0,,0,-2.833
S201600595,2016,0,F,0,White,OH,INST_04,Regional College D (Teaching),teaching,3.31,60,1998,Anthropology,Social Sciences,8980,1.321,1,1,4699,3.48,32,1,0,,0,-1.679
S201600596,2016,1,M,1,Unknown,CA,INST_05,Urban University E (Research),research,3.16,39,1998,Anthropology,Social Sciences,6406,0.942,1,1,6487,2.8600000000000003,32,0,0,,0,-2.058
S201600597,2016,1,F,0,NHPI,IL,INST_02,State University B (Research),research,3.51,59,1998,Economics,Social Sciences,13348,1.963,1,0,0,3.63,27,1,1,4.0,0,-1.037
S201600598,2016,1,NB,1,White,NC,INST_03,Regional College C (Teaching),teaching,3.33,66,1998,Mathematics,STEM,8256,1.214,1,1,5737,3.895,29,1,0,,0,-1.786
S201600599,2016,0,M,1,Black,CA,INST_02,State University B (Research),research,2.6,72,1998,History,Humanities,6868,1.01,1,1,7107,3.69,32,1,0,,0,-1.99
S201600600,2016,0,M,0,Hispanic,FL,INST_03,Regional College C (Teaching),teaching,2.78,53,1998,Computer Science,STEM,12575,1.849,1,0,0,3.05,30,1,0,,0,-1.151
S201600601,2016,0,F,0,White,CA,INST_04,Regional College D (Teaching),teaching,3.79,56,1998,Biology,STEM,16896,2.485,1,1,5996,3.79,31,0,0,,0,-0.515
S201600602,2016,0,M,1,Asian,CA,INST_01,State University A (Research),research,3.23,67,1998,Nursing,Health,0,0.1,1,1,5838,3.1799999999999997,29,1,1,3.07,0,-2.9
S201600603,2016,0,F,0,Hispanic,PA,INST_04,Regional College D (Teaching),teaching,4.0,51,1998,Biology,STEM,6083,0.895,1,1,6575,3.76,30,1,1,3.98,0,-2.105
S201600604,2016,0,M,0,White,GA,INST_05,Urban University E (Research),research,3.71,56,1998,Management,Business,8730,1.284,1,1,7340,3.33,28,1,0,,0,-1.716
S201600605,2016,0,F,0,White,PA,INST_05,Urban University E (Research),research,3.12,86,1998,Electrical Engineering,STEM,11660,1.715,1,0,0,3.6849999999999996,25,1,1,4.0,0,-1.285
S201600606,2016,0,M,0,Multi,GA,INST_04,Regional College D (Teaching),teaching,3.1,99,1998,Spanish,Humanities,12260,1.803,1,1,5519,2.6799999999999997,28,1,1,2.81,0,-1.197
S201600607,2016,1,F,1,White,PA,INST_05,Urban University E (Research),research,2.81,60,1998,Physics,STEM,5807,0.854,1,0,0,3.38,33,1,1,3.45,0,-2.146
S201600608,2016,0,F,0,Asian,VA,INST_02,State University B (Research),research,3.82,77,1998,English,Humanities,8090,1.19,1,1,6930,4.0,31,1,1,4.0,0,-1.81
S201600609,2016,1,M,1,White,IL,INST_04,Regional College D (Teaching),teaching,3.36,55,1998,Biomedical Engineering,STEM,1498,0.22,1,1,3259,4.0,30,1,1,4.0,0,-2.78
S201600610,2016,1,F,0,White,NC,INST_05,Urban University E (Research),research,3.58,55,1998,Anthropology,Social Sciences,5229,0.769,1,0,0,3.175,27,0,0,,0,-2.231
S201600611,2016,0,M,0,White,CA,INST_05,Urban University E (Research),research,3.61,21,1998,Marketing,Business,7229,1.063,1,1,6599,3.27,26,1,0,,0,-1.937
S201600612,2016,1,M,0,White,PA,INST_02,State University B (Research),research,2.43,94,1998,Accounting,Business,8515,1.252,1,1,4937,3.4050000000000002,28,1,1,3.03,0,-1.748
S201600613,2016,0,M,0,Asian,CA,INST_03,Regional College C (Teaching),teaching,4.0,35,1998,Physics,STEM,1942,0.286,1,1,5818,3.875,28,0,0,,0,-2.714
S201600614,2016,0,F,0,White,CA,INST_04,Regional College D (Teaching),teaching,3.49,53,1998,Undeclared,Other,27429,4.034,0,0,0,2.81,31,1,0,,1,1.034
S201600615,2016,0,M,0,Asian,OH,INST_03,Regional College C (Teaching),teaching,3.08,12,1998,Biology,STEM,15574,2.29,1,0,0,3.085,28,1,0,,0,-0.71
S201600616,2016,0,F,1,Black,GA,INST_01,State University A (Research),research,2.38,59,1998,Economics-Bus,Business,2331,0.343,1,1,5077,3.2350000000000003,25,0,0,,0,-2.657
S201600617,2016,0,M,1,White,IL,INST_01,State University A (Research),research,3.75,74,1998,Mechanical Engineering,STEM,17309,2.545,1,1,5541,3.4450000000000003,31,1,1,3.18,0,-0.455
S201600618,2016,0,M,1,White,NJ,INST_04,Regional College D (Teaching),teaching,2.89,45,1998,Electrical Engineering,STEM,20613,3.031,0,0,0,3.0,30,0,0,,1,0.031
S201600619,2016,0,F,0,White,GA,INST_01,State University A (Research),research,3.19,54,1998,Chemistry,STEM,2518,0.37,1,0,0,3.205,28,1,0,,0,-2.63
S201600620,2016,0,M,0,Black,PA,INST_02,State University B (Research),research,2.33,62,1998,Philosophy,Humanities,3011,0.443,1,1,9866,3.005,31,1,0,,0,-2.557
S201600621,2016,1,M,1,Black,CA,INST_01,State University A (Research),research,3.94,23,1998,Marketing,Business,0,0.1,1,1,4903,4.0,30,1,1,4.0,0,-2.9
S201600622,2016,0,M,0,Asian,OH,INST_03,Regional College C (Teaching),teaching,3.94,62,1998,Accounting,Business,18524,2.724,1,0,0,3.51,31,1,1,4.0,0,-0.276
S201600623,2016,0,M,0,White,NY,INST_05,Urban University E (Research),research,2.42,88,1998,Finance,Business,1202,0.177,1,0,0,2.915,31,0,0,,0,-2.823
S201600624,2016,0,F,1,Hispanic,PA,INST_01,State University A (Research),research,3.3,74,1998,Economics,Social Sciences,8047,1.183,1,1,6767,3.625,31,1,1,3.67,0,-1.817
S201600625,2016,0,F,1,White,PA,INST_03,Regional College C (Teaching),teaching,2.63,62,1998,Psychology,Social Sciences,13585,1.998,1,0,0,3.8200000000000003,31,1,1,3.64,0,-1.002
S201600626,2016,1,F,0,White,FL,INST_02,State University B (Research),research,3.46,73,1998,Economics,Social Sciences,10357,1.523,1,0,0,3.815,31,1,1,4.0,0,-1.477
S201600627,2016,0,F,0,Black,FL,INST_01,State University A (Research),research,3.92,75,1998,Finance,Business,19286,2.836,1,0,0,3.52,31,1,1,3.14,0,-0.164
S201600628,2016,1,M,0,White,TX,INST_05,Urban University E (Research),research,2.98,53,1998,Anthropology,Social Sciences,856,0.126,1,1,7280,3.24,30,1,0,,0,-2.874
S201600629,2016,0,M,0,White,CA,INST_02,State University B (Research),research,3.61,33,1998,Psychology,Social Sciences,18884,2.777,1,1,6752,2.825,29,0,0,,0,-0.223
S201600630,2016,0,F,0,White,FL,INST_05,Urban University E (Research),research,2.83,50,1998,Biomedical Engineering,STEM,14714,2.164,1,0,0,2.825,32,0,0,,0,-0.836
S201600631,2016,0,M,1,White,CA,INST_02,State University B (Research),research,3.3,68,1998,Economics-Bus,Business,8185,1.204,1,1,4892,3.88,28,0,0,,0,-1.796
S201600632,2016,0,M,0,Unknown,NJ,INST_04,Regional College D (Teaching),teaching,4.0,31,1998,Civil Engineering,STEM,8764,1.289,1,1,8328,3.41,30,1,0,,0,-1.711
S201600633,2016,0,F,0,White,GA,INST_04,Regional College D (Teaching),teaching,2.94,56,1998,Finance,Business,5544,0.815,1,1,4627,2.99,28,1,1,3.37,0,-2.185
S201600634,2016,0,M,1,White,GA,INST_03,Regional College C (Teaching),teaching,2.39,40,1998,Public Health,Health,12516,1.841,1,1,6669,2.8,31,1,0,,0,-1.159
S201600635,2016,0,M,0,White,GA,INST_01,State University A (Research),research,2.65,41,1998,Nursing,Health,7226,1.063,1,1,5645,3.425,31,0,0,,0,-1.937
S201600636,2016,0,F,1,White,OH,INST_05,Urban University E (Research),research,3.24,66,1998,General Studies,Other,17395,2.558,1,1,6697,2.74,32,0,0,,0,-0.442
S201600637,2016,0,F,0,Asian,CA,INST_04,Regional College D (Teaching),teaching,3.21,32,1998,Sociology,Social Sciences,13143,1.933,1,0,0,3.01,31,1,1,3.59,0,-1.067
S201600638,2016,1,M,1,White,NJ,INST_05,Urban University E (Research),research,3.43,80,1998,Sociology,Social Sciences,7355,1.082,1,1,5168,4.0,31,1,1,4.0,0,-1.918
S201600639,2016,1,F,0,Black,CA,INST_04,Regional College D (Teaching),teaching,3.17,17,1998,Accounting,Business,8535,1.255,1,0,0,3.3449999999999998,27,0,0,,0,-1.745
S201600640,2016,0,M,0,Black,CA,INST_05,Urban University E (Research),research,3.71,43,1998,Statistics,STEM,19403,2.853,1,1,8551,3.535,29,1,1,3.57,0,-0.147
S201600641,2016,0,M,1,White,GA,INST_03,Regional College C (Teaching),teaching,2.76,41,1998,Sociology,Social Sciences,17319,2.547,1,1,6589,3.42,33,0,0,,0,-0.453
S201600642,2016,1,M,0,Asian,CA,INST_04,Regional College D (Teaching),teaching,3.32,39,1998,General Studies,Other,9677,1.423,1,0,0,2.85,30,0,0,,0,-1.577
S201600643,2016,1,F,0,White,FL,INST_02,State University B (Research),research,2.4,62,1998,Kinesiology,Health,14101,2.074,1,1,6798,3.135,28,0,0,,0,-0.926
S201600644,2016,1,F,0,White,NC,INST_05,Urban University E (Research),research,4.0,71,1998,Mathematics,STEM,6207,0.913,1,1,6125,3.535,30,1,0,,0,-2.087
S201600645,2016,0,M,1,White,PA,INST_01,State University A (Research),research,3.59,69,1998,Computer Science,STEM,5222,0.768,1,1,7383,3.495,29,1,1,3.68,0,-2.232
S201600646,2016,1,M,0,Hispanic,NC,INST_05,Urban University E (Research),research,3.33,44,1998,Biology,STEM,10837,1.594,1,0,0,3.19,31,0,0,,0,-1.406
S201600647,2016,1,M,0,White,FL,INST_01,State University A (Research),research,3.01,63,1998,Biomedical Engineering,STEM,0,0.1,1,1,5400,2.64,31,1,0,,0,-2.9
S201600648,2016,0,M,1,Hispanic,MI,INST_05,Urban University E (Research),research,4.0,56,1998,Electrical Engineering,STEM,20097,2.955,1,0,0,2.79,30,0,0,,0,-0.045
S201600649,2016,1,M,0,Multi,NC,INST_02,State University B (Research),research,3.62,67,1998,Management,Business,7085,1.042,1,0,0,3.245,29,0,0,,0,-1.958
S201600650,2016,1,M,1,White,GA,INST_02,State University B (Research),research,3.27,45,1998,Political Science,Social Sciences,11753,1.728,1,1,8965,3.7800000000000002,31,0,0,,0,-1.272
S201600651,2016,1,F,0,Asian,PA,INST_03,Regional College C (Teaching),teaching,3.14,36,1998,Art History,Humanities,22679,3.335,0,0,0,3.23,28,1,1,3.39,1,0.335
S201600652,2016,0,M,0,Asian,NY,INST_02,State University B (Research),research,3.15,55,1998,Computer Science,STEM,12564,1.848,1,0,0,2.5700000000000003,28,1,1,2.96,0,-1.152
S201600653,2016,0,F,1,White,GA,INST_02,State University B (Research),research,3.35,47,1998,Biology,STEM,14079,2.07,1,1,5429,3.0949999999999998,30,1,1,2.8,0,-0.93
S201600654,2016,0,M,1,White,NC,INST_02,State University B (Research),research,3.17,62,1998,Finance,Business,8493,1.249,1,1,4319,3.14,30,1,0,,0,-1.751
S201600655,2016,0,M,0,Black,MI,INST_05,Urban University E (Research),research,2.93,69,1998,Kinesiology,Health,5282,0.777,1,1,8417,3.79,30,1,0,,0,-2.223
S201600656,2016,1,F,0,White,CA,INST_02,State University B (Research),research,2.73,43,1998,Management,Business,10000,1.471,1,0,0,3.175,30,1,1,3.48,0,-1.529
S201600657,2016,0,M,1,Black,FL,INST_01,State University A (Research),research,2.34,81,1998,Political Science,Social Sciences,4664,0.686,1,0,0,2.685,33,1,1,3.08,0,-2.314
S201600658,2016,1,F,0,Black,MI,INST_01,State University A (Research),research,3.68,77,1998,Psychology,Social Sciences,0,0.1,1,1,6066,2.8449999999999998,28,1,1,3.04,0,-2.9
S201600659,2016,1,M,1,Hispanic,PA,INST_02,State University B (Research),research,3.37,59,1998,Marketing,Business,824,0.121,1,1,5114,4.0,31,1,1,4.0,0,-2.879
S201600660,2016,0,F,0,White,NC,INST_02,State University B (Research),research,3.7,74,1998,Biomedical Engineering,STEM,15100,2.221,1,0,0,3.48,28,1,0,,0,-0.779
S201600661,2016,0,F,0,White,NY,INST_01,State University A (Research),research,3.73,39,1998,General Studies,Other,15341,2.256,1,1,5074,3.125,31,0,0,,0,-0.744
S201600662,2016,0,F,0,White,OH,INST_03,Regional College C (Teaching),teaching,3.07,48,1998,Psychology,Social Sciences,15527,2.283,1,1,5268,3.395,28,1,1,3.23,0,-0.717
S201600663,2016,0,F,1,Multi,GA,INST_04,Regional College D (Teaching),teaching,3.81,41,1998,Economics,Social Sciences,12295,1.808,1,0,0,3.855,30,1,1,3.83,0,-1.192
S201600664,2016,1,M,0,White,MI,INST_04,Regional College D (Teaching),teaching,3.25,55,1998,Nursing,Health,2388,0.351,1,1,7905,3.92,28,0,0,,0,-2.649
S201600665,2016,1,M,0,White,FL,INST_04,Regional College D (Teaching),teaching,4.0,66,1998,Undeclared,Other,11145,1.639,1,1,5080,3.935,31,0,0,,0,-1.361
S201600666,2016,1,M,0,White,GA,INST_01,State University A (Research),research,3.09,29,1998,Pre-Med,Health,0,0.1,1,0,0,3.7199999999999998,27,0,0,,0,-2.9
S201600667,2016,1,M,0,White,GA,INST_02,State University B (Research),research,2.88,51,1998,Biology,STEM,0,0.1,1,1,5611,3.275,30,0,0,,0,-2.9
S201600668,2016,0,M,0,White,NY,INST_02,State University B (Research),research,2.84,83,1998,Anthropology,Social Sciences,12553,1.846,1,1,4552,3.59,31,1,1,4.0,0,-1.154
S201600669,2016,0,F,0,White,CA,INST_01,State University A (Research),research,2.9,71,1998,Mechanical Engineering,STEM,11469,1.687,1,1,6814,3.37,29,1,0,,0,-1.313
S201600670,2016,0,F,0,Black,NJ,INST_03,Regional College C (Teaching),teaching,2.32,72,1998,Public Health,Health,18689,2.748,1,0,0,3.2199999999999998,27,0,0,,0,-0.252
S201600671,2016,0,F,1,White,MI,INST_05,Urban University E (Research),research,3.09,45,1998,Spanish,Humanities,6090,0.896,1,1,4360,3.115,31,1,0,,0,-2.104
S201600672,2016,0,M,1,Multi,TX,INST_02,State University B (Research),research,2.73,67,1998,Economics,Social Sciences,10999,1.618,1,1,6198,3.5999999999999996,29,1,1,3.67,0,-1.382
S201600673,2016,1,F,1,White,VA,INST_03,Regional College C (Teaching),teaching,3.31,43,1998,Pre-Med,Health,0,0.1,1,0,0,3.51,32,0,0,,0,-2.9
S201600674,2016,1,M,0,White,NY,INST_01,State University A (Research),research,3.73,31,1998,Management,Business,20805,3.06,0,0,0,2.585,30,1,1,3.53,1,0.06
S201600675,2016,1,M,0,White,MI,INST_01,State University A (Research),research,4.0,70,1998,History,Humanities,6219,0.915,1,1,3944,3.49,31,0,0,,0,-2.085
S201600676,2016,0,F,0,White,CA,INST_03,Regional College C (Teaching),teaching,3.54,56,1998,Civil Engineering,STEM,3023,0.445,1,0,0,3.415,28,1,1,3.88,0,-2.555
S201600677,2016,1,F,0,Black,MI,INST_05,Urban University E (Research),research,2.54,68,1998,Nursing,Health,0,0.1,1,0,0,2.865,31,0,0,,0,-2.9
S201600678,2016,0,F,1,White,OH,INST_01,State University A (Research),research,2.89,48,1998,Biology,STEM,8054,1.184,1,0,0,3.085,27,1,1,3.63,0,-1.816
S201600679,2016,0,F,0,White,GA,INST_01,State University A (Research),research,3.45,61,1998,Biomedical Engineering,STEM,13191,1.94,1,0,0,3.3200000000000003,34,0,0,,0,-1.06
S201600680,2016,1,F,1,Asian,OH,INST_05,Urban University E (Research),research,3.6,37,1998,Kinesiology,Health,0,0.1,1,0,0,3.15,27,1,0,,0,-2.9
S201600681,2016,1,M,0,White,NJ,INST_04,Regional College D (Teaching),teaching,3.06,62,1998,Sociology,Social Sciences,14308,2.104,1,0,0,3.37,30,0,0,,0,-0.896
S201600682,2016,0,F,0,Hispanic,FL,INST_05,Urban University E (Research),research,3.45,52,1998,Marketing,Business,13369,1.966,1,0,0,2.995,29,1,1,2.89,0,-1.034
S201600683,2016,0,F,0,White,NJ,INST_03,Regional College C (Teaching),teaching,4.0,31,1998,Finance,Business,7828,1.151,1,1,8530,3.355,30,1,0,,0,-1.849
S201600684,2016,0,F,0,White,CA,INST_05,Urban University E (Research),research,2.59,69,1998,Pre-Med,Health,6288,0.925,1,1,5719,2.8,30,1,1,3.38,0,-2.075
S201600685,2016,1,M,0,White,GA,INST_05,Urban University E (Research),research,2.47,67,1998,Sociology,Social Sciences,0,0.1,1,1,7959,2.83,28,1,1,3.5,0,-2.9
S201600686,2016,0,F,1,White,IL,INST_02,State University B (Research),research,2.64,78,1998,Nursing,Health,7801,1.147,1,1,7554,2.585,27,0,0,,0,-1.853
S201600687,2016,1,F,0,White,TX,INST_01,State University A (Research),research,3.63,56,1998,Pre-Med,Health,16394,2.411,1,1,5605,3.395,34,1,1,3.53,0,-0.589
S201600688,2016,0,M,0,White,GA,INST_03,Regional College C (Teaching),teaching,3.53,45,1998,Civil Engineering,STEM,5223,0.768,1,0,0,3.5300000000000002,31,1,1,3.64,0,-2.232
S201600689,2016,0,M,1,Black,NY,INST_05,Urban University E (Research),research,2.11,53,1998,Mathematics,STEM,13141,1.932,1,0,0,2.8200000000000003,30,1,0,,0,-1.068
S201600690,2016,0,F,1,White,CA,INST_01,State University A (Research),research,2.44,34,1998,Public Health,Health,0,0.1,1,1,7578,3.23,24,1,1,3.52,0,-2.9
S201600691,2016,0,M,0,White,OH,INST_01,State University A (Research),research,2.5,49,1998,Biomedical Engineering,STEM,9938,1.461,1,1,6286,3.4699999999999998,31,1,1,3.7,0,-1.539
S201600692,2016,1,F,1,White,GA,INST_05,Urban University E (Research),research,2.48,55,1998,Biology,STEM,0,0.1,1,1,4830,3.66,30,0,0,,0,-2.9
S201600693,2016,0,M,0,White,TX,INST_03,Regional College C (Teaching),teaching,2.93,11,1998,Public Health,Health,15155,2.229,1,0,0,2.4699999999999998,33,1,0,,0,-0.771
S201600694,2016,0,M,1,Hispanic,FL,INST_05,Urban University E (Research),research,3.22,42,1998,Nursing,Health,9618,1.414,1,1,5209,3.3049999999999997,30,0,0,,0,-1.586
S201600695,2016,0,F,0,White,FL,INST_03,Regional College C (Teaching),teaching,2.87,13,1998,Psychology,Social Sciences,1800,0.265,1,0,0,3.62,27,0,0,,0,-2.735
S201600696,2016,1,F,0,Hispanic,FL,INST_03,Regional College C (Teaching),teaching,3.01,65,1998,Management,Business,9360,1.376,1,1,5454,3.245,31,1,1,3.88,0,-1.624
S201600697,2016,0,M,0,White,GA,INST_05,Urban University E (Research),research,2.67,66,1998,Finance,Business,0,0.1,1,1,2931,2.975,33,1,0,,0,-2.9
S201600698,2016,0,F,0,Black,FL,INST_05,Urban University E (Research),research,3.41,39,1998,Sociology,Social Sciences,1582,0.233,1,0,0,3.0949999999999998,36,0,0,,0,-2.767
S201600699,2016,1,F,1,Unknown,MI,INST_03,Regional College C (Teaching),teaching,3.56,45,1998,General Studies,Other,0,0.1,1,1,4185,3.42,31,0,0,,0,-2.9
S201600700,2016,0,F,1,White,NJ,INST_05,Urban University E (Research),research,2.72,56,1998,Economics-Bus,Business,5345,0.786,1,1,6223,3.3449999999999998,32,1,0,,0,-2.214
S201600701,2016,1,F,1,White,OH,INST_02,State University B (Research),research,3.19,58,1998,Spanish,Humanities,725,0.107,1,1,5461,3.96,31,0,0,,0,-2.893
S201600702,2016,0,F,1,White,GA,INST_01,State University A (Research),research,3.5,60,1998,Accounting,Business,8801,1.294,1,1,7124,3.75,31,1,1,4.0,0,-1.706
S201600703,2016,0,F,0,White,TX,INST_04,Regional College D (Teaching),teaching,3.69,57,1998,Mathematics,STEM,13869,2.04,1,1,4637,3.4299999999999997,28,1,1,3.8,0,-0.96
S201600704,2016,1,F,0,White,FL,INST_04,Regional College D (Teaching),teaching,3.99,53,1998,Philosophy,Humanities,11543,1.698,1,1,4262,3.44,33,1,0,,0,-1.302
S201600705,2016,0,M,0,White,TX,INST_02,State University B (Research),research,2.8,44,1998,Statistics,STEM,4714,0.693,1,0,0,3.34,27,1,0,,0,-2.307
S201600706,2016,0,F,0,White,FL,INST_05,Urban University E (Research),research,3.24,61,1998,Pre-Med,Health,3638,0.535,1,1,7016,3.5549999999999997,31,0,0,,0,-2.465
S201600707,2016,1,M,1,White,NC,INST_02,State University B (Research),research,2.41,34,1998,Mathematics,STEM,6468,0.951,1,1,4845,3.6449999999999996,30,0,0,,0,-2.049
S201600708,2016,0,F,0,Hispanic,TX,INST_02,State University B (Research),research,2.37,77,1998,Civil Engineering,STEM,5254,0.773,1,1,7934,3.45,29,1,1,3.51,0,-2.227
S201600709,2016,1,F,0,White,MI,INST_03,Regional College C (Teaching),teaching,3.3,45,1998,Mechanical Engineering,STEM,0,0.1,1,1,5016,2.99,31,1,0,,0,-2.9
S201600710,2016,0,F,0,Hispanic,FL,INST_03,Regional College C (Teaching),teaching,2.76,68,1998,Pre-Med,Health,8708,1.281,1,0,0,3.9,31,1,1,4.0,0,-1.719
S201600711,2016,1,F,1,Black,NJ,INST_03,Regional College C (Teaching),teaching,4.0,60,1998,Electrical Engineering,STEM,3861,0.568,1,0,0,4.0,31,1,0,,0,-2.432
S201600712,2016,0,M,0,White,CA,INST_03,Regional College C (Teaching),teaching,2.87,35,1998,Biology,STEM,17293,2.543,1,1,7453,2.415,28,0,0,,0,-0.457
S201600713,2016,1,M,0,Asian,TX,INST_01,State University A (Research),research,3.81,67,1998,General Studies,Other,14561,2.141,1,1,5172,3.5599999999999996,30,0,0,,0,-0.859
S201600714,2016,0,F,0,White,CA,INST_05,Urban University E (Research),research,2.64,71,1998,Electrical Engineering,STEM,11451,1.684,1,1,5398,3.85,30,1,1,3.89,0,-1.316
S201600715,2016,1,M,1,NHPI,CA,INST_01,State University A (Research),research,4.0,53,1998,Computer Science,STEM,0,0.1,1,1,4515,3.94,28,0,0,,0,-2.9
S201600716,2016,0,F,1,White,VA,INST_05,Urban University E (Research),research,3.28,28,1998,Kinesiology,Health,13638,2.006,1,0,0,3.135,29,0,0,,0,-0.994
S201600717,2016,0,M,0,White,NY,INST_05,Urban University E (Research),research,3.39,73,1998,Finance,Business,14019,2.062,1,0,0,3.5,28,1,1,3.59,0,-0.938
S201600718,2016,0,M,0,Multi,NJ,INST_05,Urban University E (Research),research,3.35,37,1998,Mechanical Engineering,STEM,17623,2.592,1,0,0,2.7,24,0,0,,0,-0.408
S201600719,2016,0,M,0,White,TX,INST_01,State University A (Research),research,3.73,42,1998,Anthropology,Social Sciences,10512,1.546,1,1,5140,3.55,27,1,0,,0,-1.454
S201600720,2016,0,F,0,Hispanic,FL,INST_04,Regional College D (Teaching),teaching,3.06,64,1998,Anthropology,Social Sciences,0,0.1,1,0,0,2.84,27,1,0,,0,-2.9
S201600721,2016,1,M,0,White,PA,INST_05,Urban University E (Research),research,3.04,79,1998,Sociology,Social Sciences,6472,0.952,1,1,3987,3.295,30,1,1,3.58,0,-2.048
S201600722,2016,0,M,1,Hispanic,NY,INST_01,State University A (Research),research,3.23,38,1998,Pre-Med,Health,20465,3.01,0,0,0,2.9050000000000002,32,1,0,,1,0.01
S201600723,2016,1,M,0,Black,GA,INST_01,State University A (Research),research,3.62,73,1998,Public Health,Health,1741,0.256,1,0,0,3.1,31,1,1,3.48,0,-2.744
S201600724,2016,0,F,0,White,MI,INST_04,Regional College D (Teaching),teaching,3.52,91,1998,Sociology,Social Sciences,16056,2.361,1,1,6956,3.46,30,1,0,,0,-0.639
S201600725,2016,1,F,1,Black,MI,INST_03,Regional College C (Teaching),teaching,3.88,86,1998,General Studies,Other,0,0.1,1,1,6153,3.915,30,0,0,,0,-2.9
S201600726,2016,0,M,1,Hispanic,NC,INST_05,Urban University E (Research),research,2.31,71,1998,Chemistry,STEM,1561,0.23,1,0,0,3.065,28,0,0,,0,-2.77
S201600727,2016,1,F,0,White,PA,INST_05,Urban University E (Research),research,3.14,69,1998,Undeclared,Other,8722,1.283,1,1,4728,2.86,28,0,0,,0,-1.717
S201600728,2016,0,F,0,Multi,IL,INST_04,Regional College D (Teaching),teaching,4.0,62,1998,Psychology,Social Sciences,28191,4.146,0,1,6667,3.425,31,0,0,,1,1.146
S201600729,2016,0,F,0,White,NY,INST_01,State University A (Research),research,2.59,38,1998,History,Humanities,12506,1.839,1,0,0,2.46,28,1,0,,0,-1.161
S201600730,2016,1,F,0,Hispanic,OH,INST_03,Regional College C (Teaching),teaching,3.23,46,1998,Mathematics,STEM,5335,0.785,1,0,0,2.995,31,1,1,3.63,0,-2.215
S201600731,2016,1,F,0,White,NJ,INST_04,Regional College D (Teaching),teaching,4.0,14,1998,Pre-Med,Health,16427,2.416,1,1,3942,3.955,31,0,0,,0,-0.584
S201600732,2016,1,F,1,White,FL,INST_04,Regional College D (Teaching),teaching,2.71,42,1998,Communications,Other,9118,1.341,1,1,7113,3.71,31,1,0,,0,-1.659
S201600733,2016,0,M,1,Hispanic,TX,INST_05,Urban University E (Research),research,3.54,84,1998,Electrical Engineering,STEM,11719,1.723,1,1,6530,3.705,30,1,0,,0,-1.277
S201600734,2016,0,M,0,White,OH,INST_01,State University A (Research),research,3.35,44,1998,Sociology,Social Sciences,15553,2.287,1,1,5804,3.07,29,1,0,,0,-0.713
S201600735,2016,0,F,0,Black,FL,INST_05,Urban University E (Research),research,2.89,25,1998,Management,Business,10636,1.564,1,1,6269,3.71,30,1,0,,0,-1.436
S201600736,2016,1,F,1,Hispanic,CA,INST_04,Regional College D (Teaching),teaching,3.11,59,1998,Physics,STEM,0,0.1,1,1,5627,3.915,31,0,0,,0,-2.9
S201600737,2016,1,M,0,Hispanic,FL,INST_04,Regional College D (Teaching),teaching,2.82,45,1998,General Studies,Other,3678,0.541,1,1,5180,3.185,28,0,0,,0,-2.459
S201600738,2016,1,M,1,Asian,MI,INST_03,Regional College C (Teaching),teaching,4.0,62,1998,Spanish,Humanities,16328,2.401,1,0,0,3.84,31,0,0,,0,-0.599
S201600739,2016,0,F,1,Hispanic,GA,INST_05,Urban University E (Research),research,3.13,67,1998,Economics,Social Sciences,20522,3.018,0,0,0,3.45,30,0,0,,1,0.018
S201600740,2016,0,M,0,White,NY,INST_01,State University A (Research),research,3.52,42,1998,Education,Other,8119,1.194,1,1,5506,3.415,31,1,1,3.65,0,-1.806
S201600741,2016,0,M,1,White,OH,INST_03,Regional College C (Teaching),teaching,2.73,68,1998,Pre-Med,Health,12717,1.87,1,1,4209,3.925,26,1,1,4.0,0,-1.13
S201600742,2016,0,M,0,White,CA,INST_01,State University A (Research),research,2.39,75,1998,Anthropology,Social Sciences,11517,1.694,1,1,3111,3.305,28,1,0,,0,-1.306
S201600743,2016,0,M,0,White,FL,INST_03,Regional College C (Teaching),teaching,3.06,56,1998,Physics,STEM,14891,2.19,1,1,6253,4.0,31,1,1,4.0,0,-0.81
S201600744,2016,1,M,0,White,OH,INST_05,Urban University E (Research),research,3.3,38,1998,Marketing,Business,7892,1.161,1,1,5352,3.81,29,0,0,,0,-1.839
S201600745,2016,0,F,0,White,VA,INST_04,Regional College D (Teaching),teaching,2.96,55,1998,Finance,Business,21884,3.218,0,0,0,2.8,33,1,1,2.85,1,0.218
S201600746,2016,0,F,0,Asian,NJ,INST_01,State University A (Research),research,2.34,37,1998,Marketing,Business,13353,1.964,1,0,0,2.7,27,1,1,2.85,0,-1.036
S201600747,2016,1,M,0,White,IL,INST_02,State University B (Research),research,3.09,60,1998,Physics,STEM,1247,0.183,1,1,6567,3.615,30,0,0,,0,-2.817
S201600748,2016,0,F,0,White,GA,INST_05,Urban University E (Research),research,3.95,52,1998,Accounting,Business,4327,0.636,1,1,6142,3.635,31,0,0,,0,-2.364
S201600749,2016,0,F,0,White,VA,INST_04,Regional College D (Teaching),teaching,2.96,81,1998,Biomedical Engineering,STEM,8302,1.221,1,1,5006,3.36,31,1,0,,0,-1.779
S201600750,2016,1,F,1,Black,FL,INST_02,State University B (Research),research,2.61,27,1998,Pre-Med,Health,4460,0.656,1,0,0,3.5,31,0,0,,0,-2.344
S201600751,2016,1,M,0,White,PA,INST_02,State University B (Research),research,3.06,63,1998,Economics-Bus,Business,9545,1.404,1,1,6299,3.37,30,0,0,,0,-1.596
S201600752,2016,0,F,1,White,GA,INST_04,Regional College D (Teaching),teaching,2.76,56,1998,Pre-Med,Health,13785,2.027,1,1,6119,3.715,25,0,0,,0,-0.973
S201600753,2016,0,F,0,Multi,IL,INST_05,Urban University E (Research),research,1.93,64,1998,Mathematics,STEM,10633,1.564,1,1,7234,2.635,28,1,1,3.04,0,-1.436
S201600754,2016,0,M,1,Asian,NY,INST_03,Regional College C (Teaching),teaching,2.89,67,1997,Economics-Bus,Business,0,0.1,1,0,0,3.59,31,1,1,3.54,0,-2.9
S201600755,2016,0,F,0,Hispanic,MI,INST_01,State University A (Research),research,3.2,52,1998,Political Science,Social Sciences,8260,1.215,1,0,0,3.805,32,1,1,3.78,0,-1.785
S201600756,2016,0,M,0,Hispanic,OH,INST_01,State University A (Research),research,3.36,51,1998,Biology,STEM,11145,1.639,1,1,7089,3.6550000000000002,31,1,0,,0,-1.361
S201600757,2016,0,F,0,Hispanic,NY,INST_05,Urban University E (Research),research,3.35,3,1998,Computer Science,STEM,7229,1.063,1,0,0,3.715,34,0,0,,0,-1.937
S201600758,2016,0,M,0,White,PA,INST_04,Regional College D (Teaching),teaching,3.71,79,1998,Finance,Business,15863,2.333,1,1,7207,3.5300000000000002,30,1,0,,0,-0.667
S201600759,2016,1,F,0,White,OH,INST_01,State University A (Research),research,3.01,65,1998,Psychology,Social Sciences,14608,2.148,1,1,7161,3.725,30,1,1,3.76,0,-0.852
S201600760,2016,0,M,0,Hispanic,CA,INST_02,State University B (Research),research,3.38,39,1998,Pre-Med,Health,7486,1.101,1,0,0,3.66,27,0,0,,0,-1.899
S201600761,2016,1,F,1,White,IL,INST_05,Urban University E (Research),research,3.18,70,1998,Pre-Med,Health,0,0.1,1,0,0,3.44,30,1,0,,0,-2.9
S201600762,2016,1,F,0,Multi,TX,INST_02,State University B (Research),research,3.31,60,1998,Psychology,Social Sciences,7600,1.118,1,1,3075,3.37,33,1,1,3.14,0,-1.882
S201600763,2016,1,F,0,Hispanic,NJ,INST_02,State University B (Research),research,4.0,67,1998,Philosophy,Humanities,10096,1.485,1,1,4702,4.0,27,1,0,,0,-1.515
S201600764,2016,0,F,0,White,FL,INST_01,State University A (Research),research,3.14,60,1998,Mathematics,STEM,14067,2.069,1,0,0,3.8899999999999997,30,1,0,,0,-0.931
S201600765,2016,0,M,1,Hispanic,CA,INST_05,Urban University E (Research),research,3.64,44,1998,English,Humanities,9475,1.393,1,1,5319,2.9749999999999996,28,1,1,3.1,0,-1.607
S201600766,2016,0,F,0,White,OH,INST_05,Urban University E (Research),research,3.06,51,1998,Political Science,Social Sciences,7538,1.109,1,0,0,3.69,27,0,0,,0,-1.891
S201600767,2016,0,F,1,White,NY,INST_05,Urban University E (Research),research,3.63,40,1998,Statistics,STEM,17257,2.538,1,0,0,3.175,31,1,1,3.15,0,-0.462
S201600768,2016,0,M,0,White,NY,INST_05,Urban University E (Research),research,3.72,53,1998,Philosophy,Humanities,24711,3.634,0,0,0,3.105,31,0,0,,1,0.634
S201600769,2016,1,M,0,Multi,NC,INST_05,Urban University E (Research),research,2.56,47,1998,Economics-Bus,Business,13643,2.006,1,1,3831,3.145,27,0,0,,0,-0.994
S201600770,2016,0,M,1,Hispanic,IL,INST_04,Regional College D (Teaching),teaching,3.72,66,1998,Mechanical Engineering,STEM,9533,1.402,1,0,0,3.775,29,1,1,3.6,0,-1.598
S201600771,2016,1,M,0,White,NY,INST_04,Regional College D (Teaching),teaching,2.79,60,1998,Mathematics,STEM,9263,1.362,1,1,7778,3.33,33,1,0,,0,-1.638
S201600772,2016,1,M,1,White,NC,INST_01,State University A (Research),research,4.0,65,1998,Civil Engineering,STEM,6097,0.897,1,1,6562,3.98,29,1,0,,0,-2.103
S201600773,2016,1,F,0,White,VA,INST_02,State University B (Research),research,2.52,46,1998,Finance,Business,10024,1.474,1,1,5986,3.785,36,1,0,,0,-1.526
S201600774,2016,0,F,0,White,OH,INST_02,State University B (Research),research,4.0,45,1998,Finance,Business,2681,0.394,1,0,0,3.44,31,1,1,3.77,0,-2.606
S201600775,2016,0,F,0,White,CA,INST_04,Regional College D (Teaching),teaching,3.23,71,1998,Biomedical Engineering,STEM,14655,2.155,1,1,5128,3.835,30,1,1,4.0,0,-0.845
S201600776,2016,0,F,0,Black,MI,INST_05,Urban University E (Research),research,3.37,54,1998,Psychology,Social Sciences,9978,1.467,1,0,0,3.79,30,1,1,4.0,0,-1.533
S201600777,2016,0,M,0,White,NC,INST_01,State University A (Research),research,3.08,32,1997,Biomedical Engineering,STEM,13500,1.985,1,1,5550,3.46,28,0,0,,0,-1.015
S201600778,2016,1,M,1,Hispanic,CA,INST_03,Regional College C (Teaching),teaching,3.02,40,1998,Marketing,Business,10891,1.602,1,1,5253,3.45,28,0,0,,0,-1.398
S201600779,2016,0,M,0,White,FL,INST_04,Regional College D (Teaching),teaching,3.43,24,1998,Nursing,Health,22978,3.379,0,0,0,3.0999999999999996,32,1,1,3.09,1,0.379
S201600780,2016,0,M,0,White,PA,INST_01,State University A (Research),research,3.27,76,1998,Mathematics,STEM,8728,1.284,1,1,5685,3.385,31,1,0,,0,-1.716
S201600781,2016,1,M,0,Hispanic,MI,INST_03,Regional College C (Teaching),teaching,2.68,43,1998,Communications,Other,11257,1.655,1,1,6344,3.6550000000000002,28,0,0,,0,-1.345
S201600782,2016,0,M,1,White,NY,INST_02,State University B (Research),research,2.54,74,1998,Biomedical Engineering,STEM,10007,1.472,1,1,4895,3.12,28,1,0,,0,-1.528
S201600783,2016,0,F,0,White,OH,INST_04,Regional College D (Teaching),teaching,3.41,45,1998,General Studies,Other,5548,0.816,1,0,0,3.25,31,0,0,,0,-2.184
S201600784,2016,0,F,1,White,NJ,INST_03,Regional College C (Teaching),teaching,3.05,66,1998,Education,Other,12743,1.874,1,1,5262,3.385,30,1,1,3.81,0,-1.126
S201600785,2016,1,F,1,AIAN,FL,INST_03,Regional College C (Teaching),teaching,3.88,65,1998,Psychology,Social Sciences,13241,1.947,1,1,6669,3.955,28,1,0,,0,-1.053
S201600786,2016,0,F,1,Black,NJ,INST_02,State University B (Research),research,3.23,73,1998,Political Science,Social Sciences,14314,2.105,1,0,0,3.245,31,1,1,4.0,0,-0.895
S201600787,2016,0,F,1,Asian,IL,INST_03,Regional College C (Teaching),teaching,3.07,72,1998,Electrical Engineering,STEM,5664,0.833,1,0,0,3.36,32,0,0,,0,-2.167
S201600788,2016,1,M,0,Hispanic,MI,INST_05,Urban University E (Research),research,3.65,45,1998,English,Humanities,10990,1.616,1,0,0,3.18,27,1,1,3.02,0,-1.384
S201600789,2016,1,M,0,White,TX,INST_02,State University B (Research),research,2.81,34,1998,Physics,STEM,9991,1.469,1,1,5121,3.4850000000000003,32,1,0,,0,-1.531
S201600790,2016,0,F,0,White,PA,INST_01,State University A (Research),research,3.17,27,1998,Biology,STEM,8782,1.291,1,1,6399,2.79,28,0,0,,0,-1.709
S201600791,2016,0,M,0,White,FL,INST_03,Regional College C (Teaching),teaching,3.65,41,1998,Statistics,STEM,28831,4.24,0,0,0,3.505,28,0,0,,1,1.24
S201600792,2016,0,F,1,White,NJ,INST_04,Regional College D (Teaching),teaching,4.0,53,1998,Electrical Engineering,STEM,8583,1.262,1,0,0,3.325,27,1,1,3.86,0,-1.738
S201600793,2016,1,M,0,White,TX,INST_05,Urban University E (Research),research,2.6,75,1998,Civil Engineering,STEM,21174,3.114,0,0,0,3.41,29,1,1,3.08,1,0.114
S201600794,2016,0,F,0,Hispanic,VA,INST_03,Regional College C (Teaching),teaching,3.0,61,1998,Spanish,Humanities,12061,1.774,1,0,0,2.995,26,1,0,,0,-1.226
S201600795,2016,0,F,0,Asian,GA,INST_03,Regional College C (Teaching),teaching,3.63,60,1998,Finance,Business,13131,1.931,1,0,0,3.64,27,1,1,3.75,0,-1.069
S201600796,2016,1,F,0,White,MI,INST_04,Regional College D (Teaching),teaching,3.23,52,1998,Mathematics,STEM,1248,0.184,1,1,5530,3.9050000000000002,27,0,0,,0,-2.816
S201600797,2016,0,M,1,Hispanic,FL,INST_02,State University B (Research),research,3.2,35,1998,Psychology,Social Sciences,25109,3.692,0,0,0,3.455,30,0,0,,1,0.692
S201600798,2016,0,M,0,White,FL,INST_01,State University A (Research),research,2.9,44,1998,English,Humanities,30128,4.431,0,1,6094,3.585,31,1,1,3.51,1,1.431
S201600799,2016,0,F,0,White,NJ,INST_04,Regional College D (Teaching),teaching,2.18,14,1998,Public Health,Health,21493,3.161,0,0,0,2.545,25,0,0,,1,0.161
S201600800,2016,1,M,0,White,VA,INST_02,State University B (Research),research,2.84,66,1998,English,Humanities,9044,1.33,1,1,5813,4.0,28,1,0,,0,-1.67
S201600801,2016,0,F,0,White,GA,INST_01,State University A (Research),research,3.21,19,1997,Political Science,Social Sciences,28729,4.225,0,0,0,3.02,31,1,0,,1,1.225
S201600802,2016,0,F,0,White,PA,INST_02,State University B (Research),research,3.49,41,1998,Statistics,STEM,11836,1.741,1,1,2632,3.92,28,1,0,,0,-1.259
S201600803,2016,0,M,0,White,NJ,INST_03,Regional College C (Teaching),teaching,3.35,37,1998,Art History,Humanities,0,0.1,1,1,5081,3.865,32,1,1,3.96,0,-2.9
S201600804,2016,0,M,0,Multi,NC,INST_03,Regional College C (Teaching),teaching,3.51,33,1998,Finance,Business,16757,2.464,1,1,5837,2.865,32,1,0,,0,-0.536
S201600805,2016,0,F,1,Black,GA,INST_05,Urban University E (Research),research,3.9,57,1998,Biomedical Engineering,STEM,7323,1.077,1,1,4433,2.965,29,0,0,,0,-1.923
S201600806,2016,1,F,1,White,NY,INST_03,Regional College C (Teaching),teaching,3.5,75,1998,Political Science,Social Sciences,17045,2.507,1,1,5822,3.16,31,0,0,,0,-0.493
S201600807,2016,1,F,0,White,PA,INST_03,Regional College C (Teaching),teaching,2.6,7,1998,Accounting,Business,9838,1.447,1,1,7270,2.5,27,0,0,,0,-1.553
S201600808,2016,0,F,0,White,NY,INST_03,Regional College C (Teaching),teaching,3.27,98,1998,Political Science,Social Sciences,5758,0.847,1,1,5575,3.49,31,1,1,3.61,0,-2.153
S201600809,2016,0,F,0,Black,TX,INST_03,Regional College C (Teaching),teaching,2.69,80,1997,Mathematics,STEM,15008,2.207,1,0,0,3.79,28,0,0,,0,-0.793
S201600810,2016,1,F,0,Hispanic,NJ,INST_04,Regional College D (Teaching),teaching,3.16,42,1998,Education,Other,0,0.1,1,1,6012,3.4699999999999998,26,0,0,,0,-2.9
S201600811,2016,0,M,0,Hispanic,NJ,INST_03,Regional College C (Teaching),teaching,2.81,46,1998,Civil Engineering,STEM,6019,0.885,1,1,5552,3.2199999999999998,32,1,1,3.25,0,-2.115
S201600812,2016,1,M,1,Black,PA,INST_05,Urban University E (Research),research,3.36,35,1998,Physics,STEM,4181,0.615,1,1,7212,3.425,31,1,1,3.32,0,-2.385
S201600813,2016,0,M,0,White,IL,INST_05,Urban University E (Research),research,3.43,80,1997,Pre-Med,Health,11556,1.699,1,1,7253,3.3,25,1,0,,0,-1.301
S201600814,2016,1,F,0,Asian,IL,INST_01,State University A (Research),research,3.76,61,1998,Political Science,Social Sciences,826,0.121,1,0,0,3.2800000000000002,30,1,1,3.51,0,-2.879
S201600815,2016,0,F,1,Hispanic,NY,INST_05,Urban University E (Research),research,2.66,36,1998,Electrical Engineering,STEM,18034,2.652,1,0,0,4.0,28,0,0,,0,-0.348
S201600816,2016,0,M,1,AIAN,NC,INST_05,Urban University E (Research),research,2.38,71,1998,General Studies,Other,7112,1.046,1,1,5593,3.49,28,1,0,,0,-1.954
S201600817,2016,1,M,1,White,GA,INST_02,State University B (Research),research,3.7,81,1998,Mathematics,STEM,1077,0.158,1,1,4044,3.6500000000000004,31,1,0,,0,-2.842
S201600818,2016,1,M,0,Hispanic,IL,INST_01,State University A (Research),research,4.0,30,1998,Anthropology,Social Sciences,11443,1.683,1,1,3964,3.8600000000000003,29,1,1,4.0,0,-1.317
S201600819,2016,1,F,0,Black,GA,INST_04,Regional College D (Teaching),teaching,2.63,35,1998,Mechanical Engineering,STEM,0,0.1,1,0,0,3.21,31,1,0,,0,-2.9
S201600820,2016,1,M,1,White,NY,INST_01,State University A (Research),research,2.49,59,1998,Biomedical Engineering,STEM,11258,1.656,1,1,7735,3.565,27,1,1,3.58,0,-1.344
S201600821,2016,1,M,0,Hispanic,NC,INST_05,Urban University E (Research),research,3.28,99,1998,Anthropology,Social Sciences,0,0.1,1,1,3753,3.63,28,0,0,,0,-2.9
S201600822,2016,1,F,1,Hispanic,NY,INST_02,State University B (Research),research,3.28,50,1998,Computer Science,STEM,0,0.1,1,0,0,3.24,29,1,0,,0,-2.9
S201600823,2016,1,F,0,Black,GA,INST_02,State University B (Research),research,2.68,54,1998,General Studies,Other,14876,2.188,1,1,6491,3.9450000000000003,27,0,0,,0,-0.812
S201600824,2016,0,F,0,White,NY,INST_04,Regional College D (Teaching),teaching,3.33,50,1998,Kinesiology,Health,13667,2.01,1,1,6512,3.33,26,0,0,,0,-0.99
S201600825,2016,0,M,1,Multi,IL,INST_03,Regional College C (Teaching),teaching,3.62,65,1998,Nursing,Health,6114,0.899,1,1,7474,2.8,30,1,0,,0,-2.101
S201600826,2016,0,M,0,Hispanic,PA,INST_01,State University A (Research),research,3.06,26,1998,Philosophy,Humanities,2123,0.312,1,1,8054,3.44,26,0,0,,0,-2.688
S201600827,2016,0,M,0,White,CA,INST_04,Regional College D (Teaching),teaching,3.37,67,1998,Education,Other,16549,2.434,1,0,0,3.655,30,1,0,,0,-0.566
S201600828,2016,0,M,0,White,MI,INST_02,State University B (Research),research,2.78,69,1998,Kinesiology,Health,12685,1.865,1,1,7975,3.575,30,1,0,,0,-1.135
S201600829,2016,1,M,0,White,OH,INST_03,Regional College C (Teaching),teaching,2.68,73,1998,Accounting,Business,1662,0.244,1,1,5392,3.315,28,0,0,,0,-2.756
S201600830,2016,0,F,0,Hispanic,FL,INST_05,Urban University E (Research),research,3.31,78,1998,Biology,STEM,12631,1.858,1,1,5583,3.355,31,1,0,,0,-1.142
S201600831,2016,0,F,0,White,MI,INST_02,State University B (Research),research,2.8,56,1998,Sociology,Social Sciences,15637,2.3,1,1,5549,3.39,32,0,0,,0,-0.7
S201600832,2016,0,M,1,Hispanic,CA,INST_01,State University A (Research),research,2.22,74,1998,Political Science,Social Sciences,18410,2.707,1,1,5877,3.56,30,0,0,,0,-0.293
S201600833,2016,0,F,0,Hispanic,TX,INST_03,Regional College C (Teaching),teaching,2.72,45,1998,Management,Business,5558,0.817,1,0,0,3.29,30,0,0,,0,-2.183
S201600834,2016,0,F,0,Black,NC,INST_03,Regional College C (Teaching),teaching,2.94,38,1998,Biomedical Engineering,STEM,17998,2.647,1,1,5110,2.76,31,1,1,3.55,0,-0.353
S201600835,2016,1,F,0,White,MI,INST_03,Regional College C (Teaching),teaching,3.4,57,1998,Biology,STEM,18028,2.651,1,1,5536,3.61,34,0,0,,0,-0.349
S201600836,2016,1,M,0,White,PA,INST_04,Regional College D (Teaching),teaching,3.05,68,1998,Pre-Med,Health,6017,0.885,1,0,0,3.125,27,0,0,,0,-2.115
S201600837,2016,1,M,1,Multi,OH,INST_03,Regional College C (Teaching),teaching,3.38,32,1998,History,Humanities,14777,2.173,1,0,0,3.8600000000000003,28,0,0,,0,-0.827
S201600838,2016,0,F,1,White,PA,INST_01,State University A (Research),research,3.16,68,1998,Chemistry,STEM,23249,3.419,0,0,0,3.49,28,1,0,,1,0.419
S201600839,2016,1,F,1,Hispanic,TX,INST_04,Regional College D (Teaching),teaching,3.56,53,1998,Biology,STEM,8786,1.292,1,1,8534,3.125,32,1,1,3.55,0,-1.708
S201600840,2016,0,F,1,Black,NJ,INST_01,State University A (Research),research,3.75,36,1998,Mathematics,STEM,3399,0.5,1,0,0,3.47,32,1,1,3.35,0,-2.5
S201600841,2016,1,M,1,Black,NC,INST_01,State University A (Research),research,3.43,85,1998,Chemistry,STEM,18302,2.691,1,1,6060,4.0,28,1,1,4.0,0,-0.309
S201600842,2016,1,F,0,White,FL,INST_03,Regional College C (Teaching),teaching,3.64,47,1998,Electrical Engineering,STEM,15488,2.278,1,1,5440,3.24,32,1,1,3.7,0,-0.722
S201600843,2016,0,F,0,Unknown,CA,INST_05,Urban University E (Research),research,3.44,61,1998,Public Health,Health,16610,2.443,1,0,0,3.6,27,1,1,3.22,0,-0.557
S201600844,2016,0,M,1,Black,TX,INST_01,State University A (Research),research,3.49,71,1998,Kinesiology,Health,17167,2.525,1,1,3091,3.635,34,1,1,3.82,0,-0.475
S201600845,2016,1,M,0,White,NJ,INST_03,Regional College C (Teaching),teaching,3.43,69,1998,Biology,STEM,3192,0.469,1,0,0,3.585,26,0,0,,0,-2.531
S201600846,2016,0,M,0,Multi,NC,INST_05,Urban University E (Research),research,3.25,54,1998,Undeclared,Other,12533,1.843,1,1,6108,3.1799999999999997,29,0,0,,0,-1.157
S201600847,2016,1,M,0,Multi,NJ,INST_02,State University B (Research),research,3.2,68,1998,General Studies,Other,14832,2.181,1,1,5573,3.13,27,0,0,,0,-0.819
S201600848,2016,0,M,0,Hispanic,CA,INST_03,Regional College C (Teaching),teaching,3.16,60,1998,Computer Science,STEM,19763,2.906,1,1,3514,2.855,30,1,1,3.23,0,-0.094
S201600849,2016,0,F,0,Unknown,FL,INST_04,Regional College D (Teaching),teaching,3.02,41,1997,Chemistry,STEM,25989,3.822,0,1,5291,2.955,31,1,1,3.19,1,0.822
S201600850,2016,0,M,1,White,GA,INST_01,State University A (Research),research,3.64,36,1998,Physics,STEM,16078,2.364,1,0,0,2.585,28,0,0,,0,-0.636
S201600851,2016,0,F,0,Asian,IL,INST_05,Urban University E (Research),research,3.37,69,1998,Finance,Business,15572,2.29,1,0,0,3.5949999999999998,29,1,0,,0,-0.71
S201600852,2016,1,F,0,White,NY,INST_01,State University A (Research),research,3.43,73,1998,Pre-Med,Health,9945,1.462,1,1,8877,3.9299999999999997,27,1,0,,0,-1.538
S201600853,2016,1,F,0,White,VA,INST_03,Regional College C (Teaching),teaching,3.35,69,1998,Civil Engineering,STEM,3193,0.47,1,0,0,2.41,26,1,1,2.77,0,-2.53
S201600854,2016,1,M,1,White,GA,INST_03,Regional College C (Teaching),teaching,3.6,48,1998,Chemistry,STEM,0,0.1,1,1,3947,3.8899999999999997,31,0,0,,0,-2.9
S201600855,2016,1,F,1,White,TX,INST_03,Regional College C (Teaching),teaching,2.77,61,1998,Political Science,Social Sciences,7591,1.116,1,1,4344,3.54,31,1,1,4.0,0,-1.884
S201600856,2016,0,F,0,White,VA,INST_03,Regional College C (Teaching),teaching,3.18,43,1998,Pre-Med,Health,19433,2.858,1,1,5261,3.7,30,1,1,4.0,0,-0.142
S201600857,2016,0,F,0,White,FL,INST_04,Regional College D (Teaching),teaching,3.62,43,1998,Management,Business,9346,1.374,1,0,0,3.7800000000000002,31,0,0,,0,-1.626
S201600858,2016,0,F,0,Hispanic,PA,INST_03,Regional College C (Teaching),teaching,3.01,54,1998,Statistics,STEM,12479,1.835,1,1,5404,3.325,31,0,0,,0,-1.165
S201600859,2016,1,F,0,Asian,VA,INST_02,State University B (Research),research,3.17,45,1998,Computer Science,STEM,11900,1.75,1,1,4055,3.59,31,1,0,,0,-1.25
S201600860,2016,1,M,1,Black,IL,INST_05,Urban University E (Research),research,3.31,45,1998,Biology,STEM,2919,0.429,1,0,0,3.2649999999999997,25,1,0,,0,-2.571
S201600861,2016,0,F,0,Unknown,VA,INST_03,Regional College C (Teaching),teaching,3.24,35,1998,History,Humanities,14789,2.175,1,1,3942,2.8449999999999998,28,1,1,2.57,0,-0.825
S201600862,2016,0,F,1,White,NC,INST_05,Urban University E (Research),research,3.12,65,1998,Philosophy,Humanities,4781,0.703,1,0,0,3.74,32,1,0,,0,-2.297
S201600863,2016,0,M,0,White,NY,INST_03,Regional College C (Teaching),teaching,4.0,63,1998,Public Health,Health,9515,1.399,1,1,4462,3.225,29,0,0,,0,-1.601
S201600864,2016,0,M,0,White,NC,INST_03,Regional College C (Teaching),teaching,3.71,73,1998,Biomedical Engineering,STEM,11503,1.692,1,1,6184,3.535,33,1,1,3.69,0,-1.308
S201600865,2016,0,M,0,Multi,PA,INST_01,State University A (Research),research,3.07,69,1998,Kinesiology,Health,12667,1.863,1,1,5309,3.855,31,1,1,4.0,0,-1.137
S201600866,2016,1,F,0,Hispanic,FL,INST_03,Regional College C (Teaching),teaching,3.12,66,1998,Mechanical Engineering,STEM,7691,1.131,1,1,5639,3.8200000000000003,28,1,1,4.0,0,-1.869
S201600867,2016,0,M,0,White,FL,INST_05,Urban University E (Research),research,3.64,63,1998,History,Humanities,18365,2.701,1,1,5369,3.2800000000000002,29,1,0,,0,-0.299
S201600868,2016,0,F,0,Black,FL,INST_03,Regional College C (Teaching),teaching,4.0,39,1998,Education,Other,9500,1.397,1,0,0,3.145,30,0,0,,0,-1.603
S201600869,2016,0,M,0,White,NY,INST_01,State University A (Research),research,2.66,63,1998,Anthropology,Social Sciences,9744,1.433,1,1,3785,3.35,27,0,0,,0,-1.567
S201600870,2016,0,M,1,White,MI,INST_04,Regional College D (Teaching),teaching,3.67,72,1998,Finance,Business,13531,1.99,1,1,5000,3.725,28,1,1,4.0,0,-1.01
S201600871,2016,1,M,0,White,NC,INST_02,State University B (Research),research,2.4,47,1998,Management,Business,1275,0.188,1,1,6369,3.6399999999999997,28,0,0,,0,-2.812
S201600872,2016,0,F,0,White,OH,INST_04,Regional College D (Teaching),teaching,3.16,24,1998,Education,Other,14616,2.149,1,1,7598,3.1950000000000003,27,1,1,3.31,0,-0.851
S201600873,2016,0,M,1,White,NC,INST_05,Urban University E (Research),research,2.93,52,1998,Pre-Med,Health,20052,2.949,1,1,7620,3.5,31,0,0,,0,-0.051
S201600874,2016,1,F,1,White,PA,INST_04,Regional College D (Teaching),teaching,3.22,61,1998,Art History,Humanities,2732,0.402,1,1,4420,3.955,30,1,1,4.0,0,-2.598
S201600875,2016,1,F,1,White,FL,INST_04,Regional College D (Teaching),teaching,3.84,54,1998,Political Science,Social Sciences,0,0.1,1,1,4308,3.54,28,1,1,3.88,0,-2.9
S201600876,2016,0,F,0,White,NY,INST_05,Urban University E (Research),research,3.55,61,1998,Electrical Engineering,STEM,8932,1.314,1,1,8289,3.83,28,0,0,,0,-1.686
S201600877,2016,0,M,1,White,NJ,INST_04,Regional College D (Teaching),teaching,3.81,64,1998,Political Science,Social Sciences,9374,1.379,1,0,0,3.5549999999999997,26,1,1,3.67,0,-1.621
S201600878,2016,1,M,0,Asian,NC,INST_02,State University B (Research),research,3.44,66,1998,Undeclared,Other,6750,0.993,1,0,0,3.9050000000000002,28,1,1,3.9,0,-2.007
S201600879,2016,0,M,1,Hispanic,NY,INST_02,State University B (Research),research,2.97,75,1998,Civil Engineering,STEM,13625,2.004,1,0,0,3.8600000000000003,31,1,0,,0,-0.996
S201600880,2016,1,F,0,White,CA,INST_03,Regional College C (Teaching),teaching,4.0,64,1998,Spanish,Humanities,15791,2.322,1,0,0,3.04,34,1,1,3.61,0,-0.678
S201600881,2016,0,M,0,White,GA,INST_04,Regional College D (Teaching),teaching,3.62,32,1998,Accounting,Business,27170,3.996,0,0,0,2.7,31,1,1,3.29,1,0.996
S201600882,2016,1,M,0,Hispanic,GA,INST_03,Regional College C (Teaching),teaching,3.61,62,1998,Art History,Humanities,6373,0.937,1,1,5431,3.955,30,1,1,3.99,0,-2.063
S201600883,2016,0,M,0,White,MI,INST_01,State University A (Research),research,3.59,71,1998,Philosophy,Humanities,13998,2.059,1,1,2876,3.9450000000000003,34,0,0,,0,-0.941
S201600884,2016,0,M,0,White,NC,INST_02,State University B (Research),research,2.41,31,1998,Public Health,Health,5759,0.847,1,0,0,2.15,33,1,1,2.35,0,-2.153
S201600885,2016,0,F,0,Black,MI,INST_02,State University B (Research),research,3.74,28,1998,Sociology,Social Sciences,5377,0.791,1,1,4349,3.0700000000000003,31,0,0,,0,-2.209
S201600886,2016,0,M,0,Hispanic,VA,INST_01,State University A (Research),research,3.51,80,1998,Mechanical Engineering,STEM,25304,3.721,0,0,0,3.0549999999999997,29,1,1,3.35,1,0.721
S201600887,2016,0,M,0,White,PA,INST_03,Regional College C (Teaching),teaching,3.66,34,1998,General Studies,Other,17473,2.57,1,0,0,3.4050000000000002,30,0,0,,0,-0.43
S201600888,2016,0,M,0,White,NY,INST_04,Regional College D (Teaching),teaching,2.87,80,1998,Psychology,Social Sciences,18628,2.739,1,0,0,3.3550000000000004,27,0,0,,0,-0.261
S201600889,2016,0,M,0,Black,PA,INST_03,Regional College C (Teaching),teaching,3.37,54,1998,Statistics,STEM,28827,4.239,0,0,0,3.195,27,1,1,3.26,1,1.239
S201600890,2016,0,M,1,White,NC,INST_01,State University A (Research),research,3.19,83,1998,Electrical Engineering,STEM,7016,1.032,1,1,6982,3.83,28,1,0,,0,-1.968
S201600891,2016,1,M,1,White,NY,INST_04,Regional College D (Teaching),teaching,3.41,66,1998,Kinesiology,Health,0,0.1,1,1,7109,3.615,33,1,1,3.76,0,-2.9
S201600892,2016,1,F,0,White,OH,INST_02,State University B (Research),research,3.1,68,1998,Kinesiology,Health,3664,0.539,1,1,5505,3.105,32,0,0,,0,-2.461
S201600893,2016,1,M,0,White,VA,INST_05,Urban University E (Research),research,2.7,71,1998,Physics,STEM,6659,0.979,1,1,7364,2.865,31,1,1,3.34,0,-2.021
S201600894,2016,0,M,1,White,TX,INST_05,Urban University E (Research),research,2.69,93,1998,Accounting,Business,3759,0.553,1,1,7746,3.62,28,0,0,,0,-2.447
S201600895,2016,1,M,1,White,GA,INST_03,Regional College C (Teaching),teaching,2.77,87,1998,Computer Science,STEM,0,0.1,1,1,5973,3.2750000000000004,25,0,0,,0,-2.9
S201600896,2016,0,M,0,White,FL,INST_04,Regional College D (Teaching),teaching,3.52,48,1998,Spanish,Humanities,7374,1.084,1,1,6143,3.51,28,0,0,,0,-1.916
S201600897,2016,0,F,0,Black,GA,INST_01,State University A (Research),research,3.12,44,1998,Marketing,Business,13247,1.948,1,0,0,2.79,28,0,0,,0,-1.052
S201600898,2016,0,F,0,White,IL,INST_04,Regional College D (Teaching),teaching,2.66,59,1998,Communications,Other,12769,1.878,1,1,5712,2.9299999999999997,32,0,0,,0,-1.122
S201600899,2016,0,M,1,AIAN,TX,INST_04,Regional College D (Teaching),teaching,3.84,72,1998,Physics,STEM,12120,1.782,1,1,5189,4.0,28,1,1,4.0,0,-1.218
S201600900,2016,0,F,0,Hispanic,NY,INST_04,Regional College D (Teaching),teaching,3.32,70,1998,Anthropology,Social Sciences,24333,3.578,0,0,0,2.54,31,0,0,,1,0.578
S201600901,2016,0,F,0,White,TX,INST_02,State University B (Research),research,3.26,57,1998,Management,Business,25270,3.716,0,0,0,3.1799999999999997,29,0,0,,1,0.716
S201600902,2016,1,M,1,White,TX,INST_01,State University A (Research),research,3.2,45,1998,Economics,Social Sciences,2781,0.409,1,1,7657,3.635,28,0,0,,0,-2.591
S201600903,2016,0,M,0,White,NJ,INST_03,Regional College C (Teaching),teaching,2.41,43,1998,History,Humanities,9397,1.382,1,1,4865,3.71,28,1,1,3.78,0,-1.618
S201600904,2016,1,M,0,White,IL,INST_01,State University A (Research),research,2.08,68,1998,Communications,Other,12850,1.89,1,0,0,2.765,28,0,0,,0,-1.11
S201600905,2016,1,M,1,White,OH,INST_03,Regional College C (Teaching),teaching,3.08,70,1998,Statistics,STEM,19255,2.832,1,0,0,3.15,31,1,0,,0,-0.168
S201600906,2016,1,F,0,Hispanic,VA,INST_01,State University A (Research),research,4.0,68,1998,Civil Engineering,STEM,13697,2.014,1,1,7976,3.565,31,1,0,,0,-0.986
S201600907,2016,0,F,1,White,FL,INST_02,State University B (Research),research,3.19,46,1998,Marketing,Business,25192,3.705,0,0,0,2.75,31,0,0,,1,0.705
S201600908,2016,0,F,0,Black,IL,INST_04,Regional College D (Teaching),teaching,3.46,11,1998,Economics,Social Sciences,15949,2.345,1,1,8072,3.9850000000000003,32,0,0,,0,-0.655
S201600909,2016,0,F,0,Hispanic,NY,INST_01,State University A (Research),research,4.0,73,1998,Biomedical Engineering,STEM,18605,2.736,1,1,5598,3.705,31,1,1,4.0,0,-0.264
S201600910,2016,0,M,1,White,PA,INST_03,Regional College C (Teaching),teaching,2.74,53,1998,Electrical Engineering,STEM,21607,3.178,0,1,1500,3.705,29,1,1,3.44,1,0.178
S201600911,2016,0,F,0,White,FL,INST_05,Urban University E (Research),research,3.43,53,1998,Mechanical Engineering,STEM,6694,0.984,1,0,0,2.9450000000000003,30,1,0,,0,-2.016
S201600912,2016,0,M,0,White,NJ,INST_03,Regional College C (Teaching),teaching,2.55,82,1998,Electrical Engineering,STEM,17061,2.509,1,1,3999,2.62,32,1,1,3.31,0,-0.491
S201600913,2016,0,F,1,Hispanic,NJ,INST_02,State University B (Research),research,2.46,51,1998,Spanish,Humanities,12795,1.882,1,1,7714,3.285,31,1,1,2.91,0,-1.118
S201600914,2016,0,F,1,White,CA,INST_01,State University A (Research),research,2.89,28,1998,Kinesiology,Health,16106,2.369,1,0,0,2.45,28,0,0,,0,-0.631
S201600915,2016,0,M,1,White,MI,INST_03,Regional College C (Teaching),teaching,2.72,48,1998,Finance,Business,18289,2.69,1,1,5276,3.5549999999999997,33,0,0,,0,-0.31
S201600916,2016,0,M,1,Hispanic,FL,INST_03,Regional College C (Teaching),teaching,3.13,33,1998,Philosophy,Humanities,426,0.1,1,1,5589,3.185,28,0,0,,0,-2.9
S201600917,2016,1,F,1,Hispanic,IL,INST_02,State University B (Research),research,3.13,76,1998,Education,Other,7659,1.126,1,1,6533,3.125,30,0,0,,0,-1.874
S201600918,2016,0,M,0,White,PA,INST_02,State University B (Research),research,3.67,27,1998,Education,Other,19136,2.814,1,1,4492,3.025,31,0,0,,0,-0.186
S201600919,2016,0,M,1,White,FL,INST_01,State University A (Research),research,3.81,76,1998,Statistics,STEM,17214,2.531,1,1,6751,3.2199999999999998,33,0,0,,0,-0.469
S201600920,2016,0,F,1,White,TX,INST_05,Urban University E (Research),research,3.88,74,1998,Communications,Other,6834,1.005,1,0,0,3.555,32,1,1,3.53,0,-1.995
S201600921,2016,0,M,1,White,OH,INST_03,Regional College C (Teaching),teaching,3.03,77,1998,Accounting,Business,2820,0.415,1,1,6149,3.0949999999999998,31,1,1,3.22,0,-2.585
S201600922,2016,1,M,1,Black,GA,INST_02,State University B (Research),research,2.63,52,1998,History,Humanities,6187,0.91,1,1,4532,3.975,27,1,1,4.0,0,-2.09
S201600923,2016,0,F,0,White,NC,INST_04,Regional College D (Teaching),teaching,3.17,74,1998,Philosophy,Humanities,2905,0.427,1,1,3869,3.275,31,0,0,,0,-2.573
S201600924,2016,0,F,1,Asian,NC,INST_05,Urban University E (Research),research,2.52,38,1998,Marketing,Business,3689,0.542,1,1,5617,3.5,33,0,0,,0,-2.458
S201600925,2016,0,F,0,Hispanic,CA,INST_01,State University A (Research),research,2.61,44,1998,Statistics,STEM,26509,3.898,0,0,0,3.9299999999999997,27,0,0,,1,0.898
S201600926,2016,1,M,0,Asian,NJ,INST_04,Regional College D (Teaching),teaching,3.89,72,1998,Chemistry,STEM,5197,0.764,1,1,5826,3.7350000000000003,32,1,1,3.94,0,-2.236
S201600927,2016,1,F,1,Black,MI,INST_05,Urban University E (Research),research,3.45,59,1998,Psychology,Social Sciences,10162,1.494,1,1,2484,3.6550000000000002,30,1,0,,0,-1.506
S201600928,2016,0,F,1,White,NC,INST_03,Regional College C (Teaching),teaching,3.76,72,1998,Sociology,Social Sciences,8881,1.306,1,0,0,2.6,27,1,0,,0,-1.694
S201600929,2016,0,F,1,White,NC,INST_01,State University A (Research),research,2.96,65,1998,Psychology,Social Sciences,5082,0.747,1,1,7660,3.5999999999999996,26,1,1,3.61,0,-2.253
S201600930,2016,0,F,0,Multi,CA,INST_04,Regional College D (Teaching),teaching,3.69,65,1998,Statistics,STEM,23271,3.422,0,0,0,3.205,32,0,0,,1,0.422
S201600931,2016,0,F,1,White,PA,INST_01,State University A (Research),research,2.76,55,1998,Public Health,Health,8743,1.286,1,1,6009,3.165,28,0,0,,0,-1.714
S201600932,2016,0,F,0,White,NJ,INST_02,State University B (Research),research,2.02,66,1998,Biology,STEM,14939,2.197,1,0,0,3.19,28,0,0,,0,-0.803
S201600933,2016,0,M,0,Hispanic,NC,INST_02,State University B (Research),research,2.8,44,1998,Statistics,STEM,14608,2.148,1,1,8330,2.59,27,0,0,,0,-0.852
S201600934,2016,1,M,1,White,TX,INST_02,State University B (Research),research,3.88,85,1998,Biomedical Engineering,STEM,12590,1.851,1,1,3408,3.8200000000000003,29,1,0,,0,-1.149
S201600935,2016,0,M,0,Black,NY,INST_01,State University A (Research),research,3.71,77,1998,Chemistry,STEM,10047,1.478,1,1,3833,3.65,28,1,1,4.0,0,-1.522
S201600936,2016,0,M,0,White,GA,INST_02,State University B (Research),research,2.98,56,1998,Nursing,Health,22537,3.314,0,0,0,3.56,31,1,1,3.5,1,0.314
S201600937,2016,0,M,1,White,VA,INST_02,State University B (Research),research,3.04,99,1998,Economics-Bus,Business,9155,1.346,1,1,6758,3.63,34,1,0,,0,-1.654
S201600938,2016,0,F,0,White,IL,INST_03,Regional College C (Teaching),teaching,3.27,63,1998,Finance,Business,15416,2.267,1,1,8197,3.0149999999999997,31,1,1,3.43,0,-0.733
S201600939,2016,0,M,1,White,VA,INST_03,Regional College C (Teaching),teaching,3.72,53,1998,Management,Business,13577,1.997,1,0,0,3.035,28,1,1,2.66,0,-1.003
S201600940,2016,0,F,0,White,FL,INST_04,Regional College D (Teaching),teaching,3.15,58,1998,Pre-Med,Health,13833,2.034,1,1,5276,3.13,28,1,0,,0,-0.966
S201600941,2016,1,M,0,Unknown,FL,INST_05,Urban University E (Research),research,4.0,79,1998,Finance,Business,2047,0.301,1,1,5826,3.29,30,1,1,3.64,0,-2.699
S201600942,2016,0,NB,1,White,FL,INST_04,Regional College D (Teaching),teaching,3.32,62,1998,Accounting,Business,2878,0.423,1,0,0,3.08,30,1,1,3.4,0,-2.577
S201600943,2016,0,F,0,Black,NJ,INST_01,State University A (Research),research,3.57,28,1998,Accounting,Business,1748,0.257,1,1,8177,3.255,31,0,0,,0,-2.743
S201600944,2016,1,M,0,White,NY,INST_01,State University A (Research),research,4.0,63,1998,Accounting,Business,2615,0.385,1,1,7675,3.925,31,0,0,,0,-2.615
S201600945,2016,1,F,0,White,PA,INST_04,Regional College D (Teaching),teaching,3.06,82,1998,Economics,Social Sciences,0,0.1,1,1,1838,3.85,31,1,1,3.69,0,-2.9
S201600946,2016,0,M,0,White,NJ,INST_05,Urban University E (Research),research,3.62,70,1998,Political Science,Social Sciences,12589,1.851,1,1,6148,3.455,29,1,0,,0,-1.149
S201600947,2016,0,M,1,White,PA,INST_04,Regional College D (Teaching),teaching,4.0,24,1998,Public Health,Health,14470,2.128,1,1,7190,2.8899999999999997,29,0,0,,0,-0.872
S201600948,2016,1,F,0,Black,FL,INST_05,Urban University E (Research),research,4.0,74,1998,Civil Engineering,STEM,13449,1.978,1,1,6363,2.67,31,0,0,,0,-1.022
S201600949,2016,0,M,1,Hispanic,MI,INST_01,State University A (Research),research,2.65,88,1998,Management,Business,12490,1.837,1,0,0,2.895,34,1,1,3.01,0,-1.163
S201600950,2016,0,F,0,White,OH,INST_04,Regional College D (Teaching),teaching,2.85,56,1998,Nursing,Health,8428,1.239,1,0,0,3.935,27,1,0,,0,-1.761
S201600951,2016,1,F,0,White,GA,INST_04,Regional College D (Teaching),teaching,3.09,68,1998,Political Science,Social Sciences,8840,1.3,1,1,6999,3.2,29,1,0,,0,-1.7
S201600952,2016,0,F,0,White,OH,INST_04,Regional College D (Teaching),teaching,2.94,29,1998,Kinesiology,Health,18201,2.677,1,1,5874,3.5549999999999997,28,1,0,,0,-0.323
S201600953,2016,0,M,0,Asian,NY,INST_04,Regional College D (Teaching),teaching,2.9,76,1998,Biology,STEM,13834,2.034,1,1,4842,3.835,27,1,0,,0,-0.966
S201600954,2016,1,F,0,White,IL,INST_01,State University A (Research),research,3.54,30,1998,Public Health,Health,11992,1.764,1,0,0,3.635,34,1,0,,0,-1.236
S201600955,2016,0,M,1,White,NC,INST_05,Urban University E (Research),research,3.72,73,1998,Computer Science,STEM,18338,2.697,1,1,9517,3.33,31,0,0,,0,-0.303
S201600956,2016,1,F,0,Black,CA,INST_02,State University B (Research),research,2.27,38,1998,Mathematics,STEM,10769,1.584,1,1,4826,3.4050000000000002,29,1,0,,0,-1.416
S201600957,2016,0,M,1,White,CA,INST_04,Regional College D (Teaching),teaching,3.22,70,1998,Spanish,Humanities,1015,0.149,1,1,3922,3.98,32,0,0,,0,-2.851
S201600958,2016,0,M,0,Hispanic,PA,INST_05,Urban University E (Research),research,3.62,68,1998,Psychology,Social Sciences,11019,1.62,1,1,5045,2.895,31,1,0,,0,-1.38
S201600959,2016,1,F,0,Multi,VA,INST_02,State University B (Research),research,3.08,55,1998,Kinesiology,Health,5606,0.824,1,1,5467,3.84,31,1,0,,0,-2.176
S201600960,2016,0,F,0,Asian,CA,INST_05,Urban University E (Research),research,3.28,30,1998,Pre-Med,Health,16475,2.423,1,1,5204,3.0,33,1,0,,0,-0.577
S201600961,2016,0,F,0,White,CA,INST_04,Regional College D (Teaching),teaching,3.86,36,1998,Physics,STEM,12075,1.776,1,1,4814,2.5300000000000002,31,0,0,,0,-1.224
S201600962,2016,1,M,1,Multi,NJ,INST_05,Urban University E (Research),research,3.35,44,1998,Statistics,STEM,16642,2.447,1,1,6349,3.865,30,1,1,4.0,0,-0.553
S201600963,2016,0,F,0,Hispanic,NC,INST_02,State University B (Research),research,2.66,43,1998,Nursing,Health,6292,0.925,1,1,5828,3.585,28,0,0,,0,-2.075
S201600964,2016,0,M,0,White,NC,INST_01,State University A (Research),research,3.3,25,1998,History,Humanities,21957,3.229,0,0,0,3.35,25,1,1,3.21,1,0.229
S201600965,2016,1,F,0,Black,MI,INST_01,State University A (Research),research,3.51,43,1998,Chemistry,STEM,4211,0.619,1,1,7440,3.385,31,0,0,,0,-2.381
S201600966,2016,1,M,0,Asian,NC,INST_02,State University B (Research),research,3.44,40,1998,Political Science,Social Sciences,9763,1.436,1,1,5973,3.45,30,1,1,3.9,0,-1.564
S201600967,2016,1,F,0,White,OH,INST_03,Regional College C (Teaching),teaching,2.35,55,1998,Computer Science,STEM,0,0.1,1,0,0,3.785,31,0,0,,0,-2.9
S201600968,2016,1,F,0,Hispanic,GA,INST_02,State University B (Research),research,2.35,23,1998,Pre-Med,Health,17686,2.601,1,1,6554,3.5300000000000002,32,0,0,,0,-0.399
S201600969,2016,0,F,0,White,FL,INST_03,Regional College C (Teaching),teaching,3.55,67,1998,English,Humanities,15651,2.302,1,1,6765,3.3600000000000003,31,1,1,2.9,0,-0.698
S201600970,2016,0,M,0,Hispanic,GA,INST_05,Urban University E (Research),research,2.47,50,1998,Computer Science,STEM,11646,1.713,1,1,6078,3.6,31,1,0,,0,-1.287
S201600971,2016,1,NB,0,White,OH,INST_04,Regional College D (Teaching),teaching,2.99,54,1998,Political Science,Social Sciences,0,0.1,1,1,6574,3.65,30,1,0,,0,-2.9
S201600972,2016,1,M,0,Unknown,NC,INST_05,Urban University E (Research),research,3.26,69,1998,Sociology,Social Sciences,4798,0.706,1,1,8741,3.395,31,1,0,,0,-2.294
S201600973,2016,0,F,0,White,GA,INST_02,State University B (Research),research,3.63,25,1998,Biomedical Engineering,STEM,1196,0.176,1,1,5254,3.8,30,1,0,,0,-2.824
S201600974,2016,0,M,1,Asian,VA,INST_05,Urban University E (Research),research,2.63,39,1998,Management,Business,10770,1.584,1,1,3641,3.2,32,1,0,,0,-1.416
S201600975,2016,0,M,0,White,VA,INST_02,State University B (Research),research,2.69,65,1998,Economics-Bus,Business,19025,2.798,1,0,0,2.495,30,1,1,3.28,0,-0.202
S201600976,2016,1,M,1,Hispanic,GA,INST_04,Regional College D (Teaching),teaching,3.13,51,1998,Anthropology,Social Sciences,4291,0.631,1,1,7120,3.75,31,0,0,,0,-2.369
S201600977,2016,0,M,0,Hispanic,PA,INST_02,State University B (Research),research,3.92,25,1998,Marketing,Business,10916,1.605,1,1,7108,3.83,25,1,0,,0,-1.395
S201600978,2016,1,M,0,White,PA,INST_02,State University B (Research),research,3.42,68,1998,Statistics,STEM,18031,2.652,1,1,6658,3.7649999999999997,29,1,0,,0,-0.348
S201600979,2016,1,M,0,Multi,NY,INST_05,Urban University E (Research),research,3.07,76,1998,Sociology,Social Sciences,7358,1.082,1,0,0,3.58,29,1,1,3.52,0,-1.918
S201600980,2016,0,M,1,Hispanic,VA,INST_03,Regional College C (Teaching),teaching,2.79,39,1998,Economics-Bus,Business,7739,1.138,1,0,0,2.995,28,0,0,,0,-1.862
S201600981,2016,1,F,0,Hispanic,VA,INST_04,Regional College D (Teaching),teaching,2.16,60,1998,Nursing,Health,1607,0.236,1,1,6239,3.145,28,0,0,,0,-2.764
S201600982,2016,0,M,1,White,MI,INST_04,Regional College D (Teaching),teaching,4.0,80,1998,Marketing,Business,11132,1.637,1,0,0,3.775,29,0,0,,0,-1.363
S201600983,2016,1,M,0,Black,NY,INST_04,Regional College D (Teaching),teaching,3.7,85,1998,Nursing,Health,7409,1.09,1,1,5399,3.83,29,1,1,3.91,0,-1.91
S201600984,2016,1,F,0,Multi,IL,INST_02,State University B (Research),research,3.02,45,1998,Art History,Humanities,13139,1.932,1,1,2838,3.735,29,0,0,,0,-1.068
S201600985,2016,0,F,0,Black,CA,INST_03,Regional College C (Teaching),teaching,4.0,91,1998,Sociology,Social Sciences,16386,2.41,1,1,7604,3.8600000000000003,27,1,0,,0,-0.59
S201600986,2016,0,F,0,White,NJ,INST_02,State University B (Research),research,3.02,52,1998,Nursing,Health,13768,2.025,1,0,0,3.705,32,0,0,,0,-0.975
S201600987,2016,0,F,0,White,PA,INST_01,State University A (Research),research,3.56,69,1998,Pre-Med,Health,12001,1.765,1,0,0,2.24,28,0,0,,0,-1.235
S201600988,2016,1,M,0,White,FL,INST_05,Urban University E (Research),research,2.86,51,1998,Public Health,Health,15261,2.244,1,1,5056,2.785,30,0,0,,0,-0.756
S201600989,2016,1,F,1,Black,FL,INST_02,State University B (Research),research,2.62,22,1998,Marketing,Business,2361,0.347,1,1,5271,3.0700000000000003,31,0,0,,0,-2.653
S201600990,2016,1,M,0,Black,MI,INST_05,Urban University E (Research),research,3.04,3,1998,Finance,Business,4733,0.696,1,1,5741,3.8,31,0,0,,0,-2.304
S201600991,2016,0,M,0,Black,FL,INST_03,Regional College C (Teaching),teaching,1.91,57,1998,Spanish,Humanities,21547,3.169,0,1,7735,3.1,25,0,0,,1,0.169
S201600992,2016,1,F,0,Unknown,NC,INST_05,Urban University E (Research),research,3.73,45,1998,Biology,STEM,7802,1.147,1,1,5888,3.895,28,0,0,,0,-1.853
S201600993,2016,0,M,1,White,IL,INST_05,Urban University E (Research),research,3.34,73,1998,Kinesiology,Health,14186,2.086,1,1,4607,3.775,30,1,1,3.83,0,-0.914
S201600994,2016,1,F,1,Hispanic,TX,INST_03,Regional College C (Teaching),teaching,3.31,64,1998,General Studies,Other,12048,1.772,1,0,0,2.815,29,0,0,,0,-1.228
S201600995,2016,1,M,0,Unknown,OH,INST_04,Regional College D (Teaching),teaching,3.53,55,1998,Pre-Med,Health,13915,2.046,1,0,0,3.0549999999999997,27,0,0,,0,-0.954
S201600996,2016,0,M,0,White,VA,INST_02,State University B (Research),research,2.65,71,1998,General Studies,Other,1517,0.223,1,1,8495,3.51,29,1,1,3.36,0,-2.777
S201600997,2016,0,M,1,Hispanic,NC,INST_03,Regional College C (Teaching),teaching,3.36,67,1998,Psychology,Social Sciences,22158,3.259,0,0,0,3.0250000000000004,30,0,0,,1,0.259
S201600998,2016,0,M,0,White,CA,INST_01,State University A (Research),research,2.9,60,1998,Public Health,Health,6347,0.933,1,1,6526,3.1950000000000003,31,1,1,3.47,0,-2.067
S201600999,2016,0,M,0,Black,MI,INST_04,Regional College D (Teaching),teaching,3.84,63,1997,Accounting,Business,4470,0.657,1,0,0,4.0,29,0,0,,0,-2.343
S201601000,2016,1,F,0,Hispanic,NC,INST_03,Regional College C (Teaching),teaching,4.0,21,1998,Management,Business,1814,0.267,1,1,5890,3.95,34,1,1,4.0,0,-2.733
S201601001,2016,0,M,1,Black,VA,INST_02,State University B (Research),research,3.4,35,1998,Kinesiology,Health,20501,3.015,0,0,0,2.55,29,0,0,,1,0.015
S201601002,2016,0,M,0,White,OH,INST_04,Regional College D (Teaching),teaching,3.2,29,1998,Finance,Business,0,0.1,1,1,6682,3.0549999999999997,32,1,1,3.34,0,-2.9
S201601003,2016,0,M,1,White,FL,INST_03,Regional College C (Teaching),teaching,3.09,57,1998,Philosophy,Humanities,0,0.1,1,0,0,3.855,27,1,1,4.0,0,-2.9
S201601004,2016,0,F,0,White,FL,INST_04,Regional College D (Teaching),teaching,3.39,23,1998,Pre-Med,Health,5826,0.857,1,0,0,3.44,26,1,0,,0,-2.143
S201601005,2016,0,M,0,White,GA,INST_04,Regional College D (Teaching),teaching,2.89,62,1998,Marketing,Business,970,0.143,1,1,4140,2.74,31,0,0,,0,-2.857
S201601006,2016,1,F,0,White,VA,INST_03,Regional College C (Teaching),teaching,3.52,43,1998,Mechanical Engineering,STEM,0,0.1,1,0,0,2.68,29,1,0,,0,-2.9
S201601007,2016,0,F,0,White,PA,INST_04,Regional College D (Teaching),teaching,3.18,26,1998,Economics,Social Sciences,19260,2.832,1,0,0,3.54,26,1,1,4.0,0,-0.168
S201601008,2016,0,F,1,Hispanic,NJ,INST_05,Urban University E (Research),research,3.02,5,1998,Pre-Med,Health,4565,0.671,1,1,6040,3.065,28,1,1,3.12,0,-2.329
S201601009,2016,1,F,1,Black,NY,INST_03,Regional College C (Teaching),teaching,3.23,77,1998,Management,Business,471,0.1,1,1,5545,3.995,31,0,0,,0,-2.9
S201601010,2016,0,M,0,White,TX,INST_01,State University A (Research),research,3.69,42,1998,Anthropology,Social Sciences,327,0.1,1,0,0,2.515,30,0,0,,0,-2.9
S201601011,2016,1,F,1,White,FL,INST_02,State University B (Research),research,2.85,84,1998,Economics,Social Sciences,17070,2.51,1,1,5588,4.0,30,1,0,,0,-0.49
S201601012,2016,1,F,1,White,MI,INST_03,Regional College C (Teaching),teaching,3.75,15,1998,Accounting,Business,0,0.1,1,1,7092,3.9050000000000002,30,1,0,,0,-2.9
S201601013,2016,1,F,0,White,GA,INST_05,Urban University E (Research),research,4.0,44,1998,Nursing,Health,1540,0.226,1,1,6083,3.66,27,1,1,3.69,0,-2.774
S201601014,2016,1,F,0,White,NJ,INST_02,State University B (Research),research,3.0,48,1998,Mechanical Engineering,STEM,2799,0.412,1,1,4356,4.0,24,1,1,4.0,0,-2.588
S201601015,2016,0,M,1,Hispanic,PA,INST_04,Regional College D (Teaching),teaching,3.34,58,1998,Statistics,STEM,6327,0.93,1,1,6713,4.0,34,1,0,,0,-2.07
S201601016,2016,0,M,1,Hispanic,CA,INST_02,State University B (Research),research,3.91,69,1998,Public Health,Health,10997,1.617,1,0,0,3.895,30,1,1,3.84,0,-1.383
S201601017,2016,0,F,0,Hispanic,IL,INST_05,Urban University E (Research),research,4.0,38,1998,Mathematics,STEM,2569,0.378,1,1,6452,3.6,28,1,0,,0,-2.622
S201601018,2016,0,M,0,White,MI,INST_02,State University B (Research),research,2.62,41,1998,Computer Science,STEM,14185,2.086,1,1,5665,4.0,25,0,0,,0,-0.914
S201601019,2016,0,F,0,White,GA,INST_05,Urban University E (Research),research,3.4,75,1998,Philosophy,Humanities,10277,1.511,1,0,0,3.1399999999999997,28,0,0,,0,-1.489
S201601020,2016,1,M,1,Black,MI,INST_01,State University A (Research),research,4.0,69,1998,General Studies,Other,12238,1.8,1,1,3889,3.475,33,0,0,,0,-1.2
S201601021,2016,0,M,0,Black,PA,INST_02,State University B (Research),research,3.12,79,1998,Accounting,Business,16413,2.414,1,1,5734,3.695,28,1,1,3.78,0,-0.586
S201601022,2016,0,F,1,White,VA,INST_04,Regional College D (Teaching),teaching,3.87,32,1998,Undeclared,Other,21917,3.223,0,0,0,3.725,28,1,0,,1,0.223
S201601023,2016,0,F,0,Black,VA,INST_03,Regional College C (Teaching),teaching,3.05,72,1998,Accounting,Business,30084,4.424,0,0,0,2.8150000000000004,31,1,0,,1,1.424
S201601024,2016,1,F,0,Asian,MI,INST_05,Urban University E (Research),research,4.0,57,1998,Management,Business,2815,0.414,1,1,4013,3.7350000000000003,28,0,0,,0,-2.586
S201601025,2016,0,F,1,White,VA,INST_02,State University B (Research),research,3.46,55,1998,Chemistry,STEM,11068,1.628,1,0,0,3.1100000000000003,31,0,0,,0,-1.372
S201601026,2016,1,F,1,White,NC,INST_05,Urban University E (Research),research,2.38,63,1998,Economics-Bus,Business,7827,1.151,1,1,6396,3.4299999999999997,30,1,1,3.02,0,-1.849
S201601027,2016,0,M,0,White,FL,INST_05,Urban University E (Research),research,3.12,92,1998,Statistics,STEM,7471,1.099,1,0,0,2.965,28,1,1,2.66,0,-1.901
S201601028,2016,0,F,0,NHPI,NY,INST_05,Urban University E (Research),research,3.9,42,1998,Economics,Social Sciences,18459,2.715,1,1,8035,4.0,31,1,0,,0,-0.285
S201601029,2016,1,F,1,White,FL,INST_01,State University A (Research),research,3.45,47,1998,History,Humanities,3112,0.458,1,1,4931,2.615,33,0,0,,0,-2.542
S201601030,2016,1,M,1,White,NY,INST_04,Regional College D (Teaching),teaching,3.49,38,1998,English,Humanities,15342,2.256,1,1,5417,2.695,30,0,0,,0,-0.744
S201601031,2016,0,F,1,Hispanic,CA,INST_05,Urban University E (Research),research,2.43,56,1998,Management,Business,18329,2.695,1,1,7301,3.63,25,1,0,,0,-0.305
S201601032,2016,1,F,0,Hispanic,IL,INST_05,Urban University E (Research),research,2.43,80,1998,Philosophy,Humanities,18525,2.724,1,1,4809,3.75,31,0,0,,0,-0.276
S201601033,2016,0,M,1,White,IL,INST_03,Regional College C (Teaching),teaching,3.22,62,1998,Biology,STEM,16131,2.372,1,1,8310,3.975,31,1,1,3.93,0,-0.628
S201601034,2016,0,F,0,White,NJ,INST_02,State University B (Research),research,2.89,47,1998,Political Science,Social Sciences,6726,0.989,1,1,6191,3.125,27,0,0,,0,-2.011
S201601035,2016,1,F,0,White,NC,INST_04,Regional College D (Teaching),teaching,2.41,43,1998,Anthropology,Social Sciences,7264,1.068,1,1,7239,3.175,34,1,0,,0,-1.932
S201601036,2016,1,M,0,Asian,CA,INST_02,State University B (Research),research,3.28,48,1998,Economics-Bus,Business,9676,1.423,1,1,6655,3.92,36,0,0,,0,-1.577
S201601037,2016,1,F,0,White,OH,INST_01,State University A (Research),research,3.83,77,1998,Physics,STEM,12602,1.853,1,1,4390,3.765,28,1,1,4.0,0,-1.147
S201601038,2016,0,M,1,White,MI,INST_02,State University B (Research),research,2.83,44,1998,Economics,Social Sciences,17413,2.561,1,0,0,3.1950000000000003,26,1,1,3.46,0,-0.439
S201601039,2016,1,F,0,Unknown,MI,INST_03,Regional College C (Teaching),teaching,2.68,44,1997,Kinesiology,Health,6434,0.946,1,1,8017,3.885,30,0,0,,0,-2.054
S201601040,2016,0,M,1,White,NY,INST_01,State University A (Research),research,4.0,57,1998,Mathematics,STEM,5929,0.872,1,1,4216,3.875,28,0,0,,0,-2.128
S201601041,2016,0,F,0,White,CA,INST_01,State University A (Research),research,3.74,30,1997,Sociology,Social Sciences,2695,0.396,1,1,8183,2.685,32,1,0,,0,-2.604
S201601042,2016,0,M,1,Hispanic,IL,INST_02,State University B (Research),research,3.92,3,1998,Accounting,Business,18370,2.701,1,1,5106,3.36,30,0,0,,0,-0.299
S201601043,2016,1,M,0,White,GA,INST_05,Urban University E (Research),research,3.52,35,1998,Finance,Business,1197,0.176,1,1,4622,3.7,28,1,1,3.33,0,-2.824
S201601044,2016,1,F,0,White,NJ,INST_04,Regional College D (Teaching),teaching,3.57,33,1998,Mathematics,STEM,4493,0.661,1,0,0,3.01,30,1,1,2.41,0,-2.339
S201601045,2016,1,F,0,White,NC,INST_01,State University A (Research),research,3.14,41,1998,Management,Business,6751,0.993,1,0,0,2.79,28,0,0,,0,-2.007
S201601046,2016,0,F,0,White,CA,INST_01,State University A (Research),research,3.07,92,1998,Communications,Other,11477,1.688,1,0,0,2.635,33,0,0,,0,-1.312
S201601047,2016,0,M,1,White,OH,INST_03,Regional College C (Teaching),teaching,2.36,36,1998,Biomedical Engineering,STEM,0,0.1,1,1,7070,3.5,31,0,0,,0,-2.9
S201601048,2016,0,M,1,Hispanic,GA,INST_04,Regional College D (Teaching),teaching,3.35,51,1998,Spanish,Humanities,0,0.1,1,0,0,3.1799999999999997,31,1,0,,0,-2.9
S201601049,2016,1,M,0,Hispanic,TX,INST_04,Regional College D (Teaching),teaching,4.0,38,1998,General Studies,Other,6005,0.883,1,1,5980,3.9050000000000002,31,1,0,,0,-2.117
S201601050,2016,0,F,0,White,IL,INST_02,State University B (Research),research,2.78,37,1998,Biology,STEM,7190,1.057,1,1,5792,2.88,28,0,0,,0,-1.943
S201601051,2016,0,F,0,Hispanic,GA,INST_02,State University B (Research),research,3.58,45,1998,Anthropology,Social Sciences,11794,1.734,1,0,0,3.295,31,0,0,,0,-1.266
S201601052,2016,0,F,0,White,CA,INST_05,Urban University E (Research),research,2.61,99,1998,Sociology,Social Sciences,716,0.105,1,1,11460,3.2,30,1,0,,0,-2.895
S201601053,2016,0,F,1,White,IL,INST_02,State University B (Research),research,3.78,40,1998,Economics,Social Sciences,3422,0.503,1,1,4380,3.8,26,1,0,,0,-2.497
S201601054,2016,0,F,1,Hispanic,NJ,INST_05,Urban University E (Research),research,3.11,46,1998,Statistics,STEM,15198,2.235,1,0,0,3.355,28,1,0,,0,-0.765
S201601055,2016,0,M,0,Multi,VA,INST_02,State University B (Research),research,3.54,99,1998,Spanish,Humanities,15365,2.26,1,1,7566,3.8,25,1,0,,0,-0.74
S201601056,2016,0,F,0,White,NJ,INST_03,Regional College C (Teaching),teaching,2.0,76,1998,Economics-Bus,Business,5921,0.871,1,1,6544,3.42,25,1,1,4.0,0,-2.129
S201601057,2016,1,M,1,White,NJ,INST_02,State University B (Research),research,4.0,56,1998,Economics,Social Sciences,7224,1.062,1,0,0,3.515,34,0,0,,0,-1.938
S201601058,2016,0,F,0,Hispanic,OH,INST_03,Regional College C (Teaching),teaching,3.88,56,1998,Undeclared,Other,11452,1.684,1,1,4671,3.8049999999999997,28,0,0,,0,-1.316
S201601059,2016,0,F,0,Black,IL,INST_02,State University B (Research),research,3.38,42,1998,Accounting,Business,6326,0.93,1,0,0,3.42,33,1,1,2.93,0,-2.07
S201601060,2016,0,F,1,Black,GA,INST_01,State University A (Research),research,3.14,93,1998,Kinesiology,Health,817,0.12,1,0,0,2.8449999999999998,31,0,0,,0,-2.88
S201601061,2016,0,F,0,Hispanic,IL,INST_03,Regional College C (Teaching),teaching,3.19,49,1998,Communications,Other,0,0.1,1,0,0,3.36,25,0,0,,0,-2.9
S201601062,2016,1,M,0,White,PA,INST_04,Regional College D (Teaching),teaching,3.52,68,1998,Philosophy,Humanities,13156,1.935,1,1,7449,3.87,30,1,1,4.0,0,-1.065
S201601063,2016,0,M,0,White,MI,INST_02,State University B (Research),research,3.83,64,1998,Nursing,Health,16038,2.359,1,0,0,3.55,33,0,0,,0,-0.641
S201601064,2016,0,F,0,Unknown,VA,INST_04,Regional College D (Teaching),teaching,2.5,63,1998,Electrical Engineering,STEM,16410,2.413,1,1,2422,3.39,32,1,1,4.0,0,-0.587
S201601065,2016,0,M,0,White,NC,INST_02,State University B (Research),research,3.26,61,1998,Civil Engineering,STEM,17083,2.512,1,0,0,3.33,31,0,0,,0,-0.488
S201601066,2016,1,M,0,White,IL,INST_02,State University B (Research),research,3.45,75,1998,Pre-Med,Health,17181,2.527,1,1,4418,3.98,25,0,0,,0,-0.473
S201601067,2016,1,F,0,White,CA,INST_01,State University A (Research),research,2.32,6,1998,Computer Science,STEM,9956,1.464,1,1,2382,2.98,28,0,0,,0,-1.536
S201601068,2016,0,F,0,White,OH,INST_04,Regional College D (Teaching),teaching,3.55,63,1998,Mechanical Engineering,STEM,6514,0.958,1,1,4433,3.2350000000000003,26,1,1,3.71,0,-2.042
S201601069,2016,1,M,1,Black,OH,INST_05,Urban University E (Research),research,2.71,41,1998,Chemistry,STEM,13809,2.031,1,1,7829,3.225,31,0,0,,0,-0.969
S201601070,2016,1,M,0,White,NC,INST_05,Urban University E (Research),research,2.77,82,1998,Accounting,Business,4610,0.678,1,0,0,3.77,28,1,0,,0,-2.322
S201601071,2016,0,M,0,Black,OH,INST_03,Regional College C (Teaching),teaching,3.47,67,1998,Political Science,Social Sciences,8382,1.233,1,1,5172,3.4400000000000004,30,1,1,3.34,0,-1.767
S201601072,2016,1,F,0,White,MI,INST_04,Regional College D (Teaching),teaching,3.43,62,1998,Philosophy,Humanities,13182,1.939,1,0,0,3.5300000000000002,31,1,1,4.0,0,-1.061
S201601073,2016,1,F,0,White,MI,INST_02,State University B (Research),research,3.06,45,1998,Economics-Bus,Business,0,0.1,1,1,6605,3.85,29,0,0,,0,-2.9
S201601074,2016,0,M,0,Asian,NJ,INST_04,Regional College D (Teaching),teaching,2.62,66,1998,Biomedical Engineering,STEM,7884,1.159,1,0,0,3.33,24,0,0,,0,-1.841
S201601075,2016,1,F,0,Hispanic,VA,INST_01,State University A (Research),research,3.55,42,1998,Kinesiology,Health,9141,1.344,1,0,0,2.9450000000000003,24,0,0,,0,-1.656
S201601076,2016,1,F,0,White,IL,INST_01,State University A (Research),research,2.65,68,1998,Communications,Other,0,0.1,1,1,6844,3.37,28,1,1,3.81,0,-2.9
S201601077,2016,1,M,0,Asian,IL,INST_04,Regional College D (Teaching),teaching,3.1,87,1998,Nursing,Health,8991,1.322,1,1,2149,3.13,27,1,1,3.42,0,-1.678
S201601078,2016,1,F,0,White,VA,INST_04,Regional College D (Teaching),teaching,3.38,56,1998,Nursing,Health,2611,0.384,1,0,0,3.35,30,1,0,,0,-2.616
S201601079,2016,0,F,0,Black,PA,INST_04,Regional College D (Teaching),teaching,3.46,51,1998,Undeclared,Other,8062,1.186,1,1,4901,3.62,31,0,0,,0,-1.814
S201601080,2016,1,M,0,White,TX,INST_04,Regional College D (Teaching),teaching,4.0,56,1998,Political Science,Social Sciences,2877,0.423,1,1,3991,3.925,32,0,0,,0,-2.577
S201601081,2016,0,M,0,White,MI,INST_03,Regional College C (Teaching),teaching,3.21,57,1998,Kinesiology,Health,15159,2.229,1,0,0,3.21,32,1,1,3.76,0,-0.771
S201601082,2016,0,F,1,Black,GA,INST_04,Regional College D (Teaching),teaching,2.9,36,1998,Sociology,Social Sciences,12316,1.811,1,1,5501,3.0949999999999998,28,0,0,,0,-1.189
S201601083,2016,0,F,1,White,NC,INST_01,State University A (Research),research,2.58,64,1998,Communications,Other,12567,1.848,1,1,7142,3.81,25,0,0,,0,-1.152
S201601084,2016,1,F,1,Black,NC,INST_05,Urban University E (Research),research,3.85,67,1998,Finance,Business,6058,0.891,1,1,4740,4.0,31,1,1,4.0,0,-2.109
S201601085,2016,0,M,1,Hispanic,CA,INST_03,Regional College C (Teaching),teaching,3.9,37,1998,Kinesiology,Health,10473,1.54,1,1,6166,3.84,27,0,0,,0,-1.46
S201601086,2016,0,M,0,White,VA,INST_04,Regional College D (Teaching),teaching,3.15,55,1998,Chemistry,STEM,6719,0.988,1,0,0,2.68,28,1,1,3.06,0,-2.012
S201601087,2016,1,F,0,White,GA,INST_05,Urban University E (Research),research,3.73,84,1998,Sociology,Social Sciences,0,0.1,1,1,6123,3.415,27,0,0,,0,-2.9
S201601088,2016,0,F,0,White,CA,INST_02,State University B (Research),research,3.87,76,1998,Statistics,STEM,17623,2.592,1,1,5950,3.965,31,1,0,,0,-0.408
S201601089,2016,1,F,0,White,NY,INST_01,State University A (Research),research,3.4,71,1998,Finance,Business,0,0.1,1,0,0,3.835,33,1,0,,0,-2.9
S201601090,2016,0,M,0,Hispanic,CA,INST_05,Urban University E (Research),research,3.08,45,1997,Statistics,STEM,12205,1.795,1,1,3781,3.3049999999999997,31,1,0,,0,-1.205
S201601091,2016,0,M,0,White,IL,INST_03,Regional College C (Teaching),teaching,4.0,52,1998,Political Science,Social Sciences,5094,0.749,1,0,0,2.955,31,0,0,,0,-2.251
S201601092,2016,1,F,1,White,OH,INST_05,Urban University E (Research),research,2.17,81,1998,Mathematics,STEM,7593,1.117,1,0,0,2.56,26,1,0,,0,-1.883
S201601093,2016,0,M,0,Black,TX,INST_05,Urban University E (Research),research,3.56,64,1998,Chemistry,STEM,9447,1.389,1,0,0,3.625,31,1,1,3.77,0,-1.611
S201601094,2016,0,M,0,White,GA,INST_05,Urban University E (Research),research,3.38,70,1998,Management,Business,10727,1.578,1,1,6328,3.415,28,1,0,,0,-1.422
S201601095,2016,1,F,0,Asian,CA,INST_03,Regional College C (Teaching),teaching,2.38,61,1998,Statistics,STEM,8983,1.321,1,1,3179,3.185,28,1,1,3.5,0,-1.679
S201601096,2016,0,M,1,White,OH,INST_05,Urban University E (Research),research,3.36,48,1998,Undeclared,Other,18842,2.771,1,1,5766,3.4299999999999997,28,1,1,3.89,0,-0.229
S201601097,2016,0,M,0,Hispanic,IL,INST_05,Urban University E (Research),research,2.86,42,1998,Biomedical Engineering,STEM,6234,0.917,1,1,3304,3.05,28,0,0,,0,-2.083
S201601098,2016,0,F,0,White,OH,INST_05,Urban University E (Research),research,3.76,6,1998,General Studies,Other,7512,1.105,1,0,0,2.91,31,1,0,,0,-1.895
S201601099,2016,0,F,1,Hispanic,TX,INST_02,State University B (Research),research,3.49,63,1998,Electrical Engineering,STEM,4088,0.601,1,1,4816,3.5949999999999998,25,0,0,,0,-2.399
S201601100,2016,1,F,0,Asian,FL,INST_01,State University A (Research),research,3.96,64,1998,Psychology,Social Sciences,488,0.1,1,1,5064,3.755,31,1,0,,0,-2.9
S201601101,2016,0,F,0,Asian,NJ,INST_04,Regional College D (Teaching),teaching,3.07,20,1998,Accounting,Business,14946,2.198,1,1,6616,3.01,31,0,0,,0,-0.802
S201601102,2016,1,F,1,Black,NC,INST_02,State University B (Research),research,3.75,44,1998,Kinesiology,Health,2878,0.423,1,1,5996,3.535,30,0,0,,0,-2.577
S201601103,2016,0,M,0,White,TX,INST_03,Regional College C (Teaching),teaching,2.47,35,1998,Political Science,Social Sciences,16280,2.394,1,1,5662,2.875,31,0,0,,0,-0.606
S201601104,2016,0,F,0,White,NY,INST_04,Regional College D (Teaching),teaching,3.9,33,1998,Physics,STEM,16087,2.366,1,1,5440,3.6950000000000003,28,1,1,4.0,0,-0.634
S201601105,2016,0,M,0,Black,CA,INST_05,Urban University E (Research),research,3.33,23,1998,General Studies,Other,11433,1.681,1,1,5283,3.295,30,1,1,3.22,0,-1.319
S201601106,2016,1,F,0,Hispanic,GA,INST_03,Regional College C (Teaching),teaching,3.5,99,1998,Management,Business,13787,2.027,1,1,2113,3.795,30,0,0,,0,-0.973
S201601107,2016,1,M,0,Multi,MI,INST_02,State University B (Research),research,3.81,72,1998,Psychology,Social Sciences,20843,3.065,0,0,0,2.9699999999999998,31,0,0,,1,0.065
S201601108,2016,1,M,0,Hispanic,IL,INST_01,State University A (Research),research,3.42,69,1998,Communications,Other,9825,1.445,1,1,4722,3.645,27,0,0,,0,-1.555
S201601109,2016,1,F,1,Hispanic,VA,INST_05,Urban University E (Research),research,3.1,44,1998,Biomedical Engineering,STEM,12204,1.795,1,1,7170,3.895,31,1,1,3.8,0,-1.205
S201601110,2016,1,M,0,Black,VA,INST_02,State University B (Research),research,2.72,32,1998,Mechanical Engineering,STEM,10998,1.617,1,0,0,2.8499999999999996,34,1,0,,0,-1.383
S201601111,2016,0,F,0,Hispanic,OH,INST_04,Regional College D (Teaching),teaching,3.68,72,1998,Anthropology,Social Sciences,11051,1.625,1,1,5026,3.9699999999999998,30,0,0,,0,-1.375
S201601112,2016,0,M,0,White,CA,INST_01,State University A (Research),research,2.81,62,1998,Computer Science,STEM,4813,0.708,1,1,7043,3.6950000000000003,31,0,0,,0,-2.292
S201601113,2016,0,F,0,White,FL,INST_01,State University A (Research),research,2.18,45,1998,Political Science,Social Sciences,12830,1.887,1,0,0,2.825,30,0,0,,0,-1.113
S201601114,2016,1,F,0,Black,NJ,INST_04,Regional College D (Teaching),teaching,3.57,48,1998,Biology,STEM,7621,1.121,1,1,4881,3.0300000000000002,29,1,1,3.31,0,-1.879
S201601115,2016,1,F,0,Black,FL,INST_01,State University A (Research),research,2.92,39,1998,Communications,Other,10647,1.566,1,0,0,3.16,32,0,0,,0,-1.434
S201601116,2016,0,F,1,White,PA,INST_03,Regional College C (Teaching),teaching,3.03,36,1998,Philosophy,Humanities,21741,3.197,0,0,0,3.795,28,1,0,,1,0.197
S201601117,2016,0,F,0,White,FL,INST_05,Urban University E (Research),research,3.59,34,1998,Education,Other,3191,0.469,1,1,6421,3.745,30,0,0,,0,-2.531
S201601118,2016,1,F,0,Hispanic,VA,INST_03,Regional College C (Teaching),teaching,3.37,29,1998,General Studies,Other,15411,2.266,1,1,2699,2.965,34,1,1,3.07,0,-0.734
S201601119,2016,1,M,0,Hispanic,TX,INST_01,State University A (Research),research,3.73,44,1998,Statistics,STEM,22348,3.286,0,0,0,2.98,31,1,1,2.57,1,0.286
S201601120,2016,0,M,0,White,NY,INST_04,Regional College D (Teaching),teaching,2.88,50,1998,Physics,STEM,1882,0.277,1,1,7847,3.2,31,1,0,,0,-2.723
S201601121,2016,0,F,0,White,PA,INST_04,Regional College D (Teaching),teaching,3.28,29,1998,Public Health,Health,19341,2.844,1,1,4018,3.745,30,1,0,,0,-0.156
S201601122,2016,0,F,0,White,IL,INST_01,State University A (Research),research,2.85,48,1998,Sociology,Social Sciences,17759,2.612,1,1,2789,3.08,29,1,1,2.79,0,-0.388
S201601123,2016,0,M,0,White,OH,INST_04,Regional College D (Teaching),teaching,3.49,71,1998,Kinesiology,Health,7624,1.121,1,1,6615,3.165,27,1,1,3.53,0,-1.879
S201601124,2016,0,M,1,Black,MI,INST_01,State University A (Research),research,3.1,24,1998,Marketing,Business,15147,2.228,1,0,0,3.5300000000000002,32,0,0,,0,-0.772
S201601125,2016,0,M,1,Black,NJ,INST_03,Regional College C (Teaching),teaching,3.56,28,1998,Public Health,Health,28093,4.131,0,0,0,3.645,31,0,0,,1,1.131
S201601126,2016,0,M,0,Hispanic,VA,INST_04,Regional College D (Teaching),teaching,4.0,67,1998,General Studies,Other,5430,0.799,1,0,0,3.66,33,1,0,,0,-2.201
S201601127,2016,0,F,1,White,PA,INST_03,Regional College C (Teaching),teaching,2.78,30,1998,Biomedical Engineering,STEM,19764,2.906,1,1,2453,3.8,28,1,1,3.69,0,-0.094
S201601128,2016,0,M,0,Unknown,VA,INST_01,State University A (Research),research,1.62,39,1998,Political Science,Social Sciences,11375,1.673,1,1,6259,2.6550000000000002,29,1,1,2.96,0,-1.327
S201601129,2016,0,F,0,White,VA,INST_01,State University A (Research),research,3.56,99,1998,Public Health,Health,8709,1.281,1,1,6336,3.8,29,0,0,,0,-1.719
S201601130,2016,0,F,0,Hispanic,TX,INST_03,Regional College C (Teaching),teaching,3.31,49,1998,Kinesiology,Health,4507,0.663,1,0,0,3.58,28,1,1,3.48,0,-2.337
S201601131,2016,1,M,0,Black,VA,INST_05,Urban University E (Research),research,3.07,56,1998,Management,Business,6885,1.012,1,1,7426,3.04,30,1,1,3.67,0,-1.988
S201601132,2016,0,F,0,White,IL,INST_03,Regional College C (Teaching),teaching,2.22,58,1998,Marketing,Business,0,0.1,1,0,0,2.685,27,0,0,,0,-2.9
S201601133,2016,0,F,1,White,PA,INST_04,Regional College D (Teaching),teaching,3.15,63,1998,Mechanical Engineering,STEM,5186,0.763,1,1,5451,3.575,34,0,0,,0,-2.237
S201601134,2016,1,M,1,White,MI,INST_01,State University A (Research),research,3.2,87,1998,Anthropology,Social Sciences,0,0.1,1,1,4944,3.3,32,0,0,,0,-2.9
S201601135,2016,0,F,1,White,FL,INST_05,Urban University E (Research),research,2.56,58,1998,Education,Other,5931,0.872,1,0,0,2.75,28,0,0,,0,-2.128
S201601136,2016,0,F,0,White,NJ,INST_01,State University A (Research),research,3.07,77,1998,Mathematics,STEM,11311,1.663,1,1,5917,3.4050000000000002,30,1,1,3.3,0,-1.337
S201601137,2016,0,F,0,White,VA,INST_04,Regional College D (Teaching),teaching,3.04,45,1998,Spanish,Humanities,8013,1.178,1,1,4561,3.21,31,1,1,3.19,0,-1.822
S201601138,2016,1,M,0,White,OH,INST_03,Regional College C (Teaching),teaching,4.0,62,1997,Physics,STEM,4372,0.643,1,1,5286,3.885,29,1,1,4.0,0,-2.357
S201601139,2016,0,F,1,White,VA,INST_04,Regional College D (Teaching),teaching,3.71,46,1998,General Studies,Other,17299,2.544,1,1,5489,3.545,28,0,0,,0,-0.456
S201601140,2016,0,M,1,Black,OH,INST_04,Regional College D (Teaching),teaching,3.07,69,1998,Electrical Engineering,STEM,0,0.1,1,1,7475,3.9,28,1,1,3.93,0,-2.9
S201601141,2016,0,F,0,White,NY,INST_02,State University B (Research),research,2.84,62,1998,Public Health,Health,13762,2.024,1,1,4760,3.865,31,1,0,,0,-0.976
S201601142,2016,0,F,0,White,CA,INST_01,State University A (Research),research,3.9,47,1998,Public Health,Health,10288,1.513,1,1,4720,3.4400000000000004,31,0,0,,0,-1.487
S201601143,2016,0,F,0,Black,NC,INST_02,State University B (Research),research,3.28,61,1998,Sociology,Social Sciences,14541,2.138,1,0,0,3.5700000000000003,31,1,0,,0,-0.862
S201601144,2016,1,M,1,White,CA,INST_02,State University B (Research),research,2.43,40,1997,Education,Other,0,0.1,1,1,7141,3.435,25,0,0,,0,-2.9
S201601145,2016,0,M,0,White,FL,INST_03,Regional College C (Teaching),teaching,3.42,90,1998,Economics-Bus,Business,17116,2.517,1,0,0,2.905,27,0,0,,0,-0.483
S201601146,2016,0,M,0,Black,OH,INST_05,Urban University E (Research),research,3.83,61,1998,Civil Engineering,STEM,17753,2.611,1,1,6883,3.535,31,1,1,3.96,0,-0.389
S201601147,2016,0,F,0,White,MI,INST_01,State University A (Research),research,3.58,39,1998,Philosophy,Humanities,13506,1.986,1,0,0,3.01,31,1,0,,0,-1.014
S201601148,2016,0,M,0,Hispanic,CA,INST_04,Regional College D (Teaching),teaching,2.81,42,1998,Economics,Social Sciences,11431,1.681,1,1,7837,3.64,28,0,0,,0,-1.319
S201601149,2016,0,M,0,White,TX,INST_05,Urban University E (Research),research,3.06,40,1998,Management,Business,10495,1.543,1,1,3167,3.1950000000000003,32,1,1,3.11,0,-1.457
S201601150,2016,0,F,1,White,NJ,INST_01,State University A (Research),research,3.44,71,1998,History,Humanities,16330,2.401,1,0,0,3.9299999999999997,31,1,1,3.8,0,-0.599
S201601151,2016,1,F,0,Black,PA,INST_04,Regional College D (Teaching),teaching,2.97,68,1998,Economics,Social Sciences,14633,2.152,1,1,4400,3.9450000000000003,31,0,0,,0,-0.848
S201601152,2016,0,F,0,Multi,NJ,INST_01,State University A (Research),research,2.92,67,1998,Economics,Social Sciences,1294,0.19,1,1,5831,3.25,30,0,0,,0,-2.81
S201601153,2016,1,M,0,Black,OH,INST_02,State University B (Research),research,2.87,76,1998,General Studies,Other,11477,1.688,1,1,4534,3.645,24,1,1,3.57,0,-1.312
S201601154,2016,0,F,1,Black,NY,INST_04,Regional College D (Teaching),teaching,3.43,60,1998,Kinesiology,Health,14013,2.061,1,1,5097,3.54,28,1,1,3.7,0,-0.939
S201601155,2016,1,M,0,Hispanic,VA,INST_05,Urban University E (Research),research,3.6,34,1998,Biology,STEM,10615,1.561,1,1,5798,3.77,32,1,1,4.0,0,-1.439
S201601156,2016,0,F,1,White,TX,INST_05,Urban University E (Research),research,2.83,67,1998,Electrical Engineering,STEM,3277,0.482,1,1,8814,3.925,29,1,0,,0,-2.518
S201601157,2016,0,M,0,NHPI,NC,INST_05,Urban University E (Research),research,2.51,56,1998,Economics-Bus,Business,1723,0.253,1,1,4786,3.425,30,1,1,3.7,0,-2.747
S201601158,2016,0,F,0,White,VA,INST_01,State University A (Research),research,3.24,38,1998,Marketing,Business,10004,1.471,1,1,5233,3.205,27,0,0,,0,-1.529
S201601159,2016,0,F,0,Black,MI,INST_05,Urban University E (Research),research,3.6,62,1998,Mechanical Engineering,STEM,15443,2.271,1,0,0,3.52,31,0,0,,0,-0.729
S201601160,2016,0,M,0,White,NY,INST_04,Regional College D (Teaching),teaching,2.3,51,1998,Statistics,STEM,18194,2.676,1,1,6977,3.44,28,1,1,3.45,0,-0.324
S201601161,2016,0,F,1,White,GA,INST_05,Urban University E (Research),research,2.61,36,1998,Sociology,Social Sciences,12332,1.814,1,1,6333,2.84,25,1,1,3.04,0,-1.186
S201601162,2016,0,F,0,White,NJ,INST_04,Regional College D (Teaching),teaching,2.64,50,1998,Sociology,Social Sciences,3917,0.576,1,1,5580,2.7,33,1,1,3.15,0,-2.424
S201601163,2016,0,F,1,White,NJ,INST_02,State University B (Research),research,3.28,50,1998,Accounting,Business,10246,1.507,1,1,5296,3.3449999999999998,30,1,1,2.73,0,-1.493
S201601164,2016,0,M,1,Black,MI,INST_03,Regional College C (Teaching),teaching,3.24,30,1998,Management,Business,16776,2.467,1,1,6070,3.3600000000000003,31,1,0,,0,-0.533
S201601165,2016,0,M,1,Black,FL,INST_01,State University A (Research),research,3.23,63,1998,Kinesiology,Health,4715,0.693,1,1,6780,3.425,28,0,0,,0,-2.307
S201601166,2016,1,F,1,Black,NJ,INST_04,Regional College D (Teaching),teaching,3.24,55,1998,Economics,Social Sciences,8259,1.215,1,1,4919,3.235,29,1,0,,0,-1.785
S201601167,2016,0,M,1,White,PA,INST_02,State University B (Research),research,3.43,97,1998,Electrical Engineering,STEM,20023,2.945,1,0,0,3.5,30,1,1,4.0,0,-0.055
S201601168,2016,0,F,0,White,VA,INST_04,Regional College D (Teaching),teaching,3.2,74,1998,Undeclared,Other,12895,1.896,1,1,4693,3.5,32,1,0,,0,-1.104
S201601169,2016,0,M,0,White,FL,INST_03,Regional College C (Teaching),teaching,3.13,37,1998,Kinesiology,Health,16071,2.363,1,1,7578,3.0700000000000003,33,0,0,,0,-0.637
S201601170,2016,0,M,0,Hispanic,MI,INST_03,Regional College C (Teaching),teaching,2.66,52,1998,History,Humanities,19376,2.849,1,1,1564,3.0549999999999997,31,1,0,,0,-0.151
S201601171,2016,1,F,0,White,NC,INST_05,Urban University E (Research),research,3.28,10,1998,Psychology,Social Sciences,14149,2.081,1,1,6054,3.21,31,0,0,,0,-0.919
S201601172,2016,1,M,1,White,TX,INST_05,Urban University E (Research),research,3.16,43,1998,Economics,Social Sciences,13451,1.978,1,0,0,3.245,31,0,0,,0,-1.022
S201601173,2016,1,F,0,White,NY,INST_03,Regional College C (Teaching),teaching,2.49,42,1998,Finance,Business,0,0.1,1,1,8108,3.585,30,1,0,,0,-2.9
S201601174,2016,1,F,1,Hispanic,VA,INST_01,State University A (Research),research,3.51,40,1998,Art History,Humanities,0,0.1,1,1,6882,3.235,28,0,0,,0,-2.9
S201601175,2016,1,M,0,White,FL,INST_04,Regional College D (Teaching),teaching,3.86,49,1998,Pre-Med,Health,0,0.1,1,1,5184,3.54,32,1,0,,0,-2.9
S201601176,2016,0,F,0,Unknown,MI,INST_04,Regional College D (Teaching),teaching,2.4,78,1998,Mechanical Engineering,STEM,27828,4.092,0,0,0,3.4450000000000003,31,1,1,3.21,1,1.092
S201601177,2016,0,F,1,Black,MI,INST_03,Regional College C (Teaching),teaching,3.19,82,1998,Philosophy,Humanities,24792,3.646,0,0,0,2.865,32,1,1,3.25,1,0.646
S201601178,2016,0,M,0,Black,NC,INST_01,State University A (Research),research,3.47,56,1998,Civil Engineering,STEM,17788,2.616,1,0,0,3.9450000000000003,30,1,0,,0,-0.384
S201601179,2016,1,F,1,Hispanic,TX,INST_04,Regional College D (Teaching),teaching,3.04,68,1998,Electrical Engineering,STEM,0,0.1,1,1,5913,3.3,25,1,1,3.63,0,-2.9
S201601180,2016,1,F,0,White,NY,INST_04,Regional College D (Teaching),teaching,2.94,62,1998,Economics-Bus,Business,2875,0.423,1,1,5256,3.5549999999999997,31,0,0,,0,-2.577
S201601181,2016,0,F,0,White,CA,INST_03,Regional College C (Teaching),teaching,2.67,91,1998,Communications,Other,14255,2.096,1,1,5562,3.785,31,1,1,3.69,0,-0.904
S201601182,2016,1,F,0,White,PA,INST_04,Regional College D (Teaching),teaching,2.63,48,1998,Anthropology,Social Sciences,10546,1.551,1,1,4813,3.09,29,1,0,,0,-1.449
S201601183,2016,0,M,0,Hispanic,FL,INST_01,State University A (Research),research,3.78,73,1998,Finance,Business,10203,1.5,1,1,6560,3.53,28,0,0,,0,-1.5
S201601184,2016,1,M,0,White,CA,INST_05,Urban University E (Research),research,3.36,68,1998,Computer Science,STEM,4949,0.728,1,1,8762,3.5149999999999997,28,1,0,,0,-2.272
S201601185,2016,1,F,0,AIAN,NC,INST_03,Regional College C (Teaching),teaching,3.06,78,1998,Marketing,Business,11598,1.706,1,1,5731,3.745,31,0,0,,0,-1.294
S201601186,2016,0,F,0,White,IL,INST_02,State University B (Research),research,3.48,58,1998,Mathematics,STEM,13021,1.915,1,1,5936,3.565,25,1,0,,0,-1.085
S201601187,2016,1,M,0,Black,CA,INST_05,Urban University E (Research),research,3.05,32,1998,Mechanical Engineering,STEM,9787,1.439,1,1,6019,2.87,31,1,1,3.46,0,-1.561
S201601188,2016,1,NB,1,White,VA,INST_04,Regional College D (Teaching),teaching,3.13,60,1998,Philosophy,Humanities,116,0.1,1,1,4902,3.875,28,1,1,3.35,0,-2.9
S201601189,2016,1,M,1,White,MI,INST_05,Urban University E (Research),research,2.57,90,1998,Finance,Business,7369,1.084,1,1,7299,3.9699999999999998,31,0,0,,0,-1.916
S201601190,2016,1,M,1,White,FL,INST_02,State University B (Research),research,2.47,48,1998,Nursing,Health,2641,0.388,1,1,3476,3.205,32,0,0,,0,-2.612
S201601191,2016,0,M,0,Hispanic,NJ,INST_05,Urban University E (Research),research,3.05,46,1997,Communications,Other,7781,1.144,1,0,0,3.5250000000000004,30,0,0,,0,-1.856
S201601192,2016,0,F,1,White,NC,INST_04,Regional College D (Teaching),teaching,3.05,80,1998,Pre-Med,Health,10449,1.537,1,0,0,3.16,32,1,1,3.37,0,-1.463
S201601193,2016,1,F,0,Hispanic,NC,INST_05,Urban University E (Research),research,2.88,40,1998,Economics-Bus,Business,2762,0.406,1,1,6471,3.52,31,0,0,,0,-2.594
S201601194,2016,1,M,0,White,VA,INST_04,Regional College D (Teaching),teaching,3.27,73,1998,Kinesiology,Health,0,0.1,1,1,7006,3.745,30,1,1,3.9,0,-2.9
S201601195,2016,1,F,1,White,CA,INST_05,Urban University E (Research),research,3.0,52,1998,Kinesiology,Health,8930,1.313,1,1,5802,3.3899999999999997,31,1,1,3.65,0,-1.687
S201601196,2016,0,F,0,White,IL,INST_01,State University A (Research),research,3.07,70,1998,Mechanical Engineering,STEM,9422,1.386,1,1,6441,3.0700000000000003,31,1,1,3.3,0,-1.614
S201601197,2016,0,F,0,Hispanic,VA,INST_01,State University A (Research),research,3.7,41,1998,Physics,STEM,22101,3.25,0,0,0,3.12,30,1,0,,1,0.25
S201601198,2016,0,F,0,White,FL,INST_05,Urban University E (Research),research,3.46,67,1998,Finance,Business,12226,1.798,1,0,0,3.625,24,0,0,,0,-1.202
S201601199,2016,1,M,0,Asian,NC,INST_01,State University A (Research),research,2.9,12,1998,General Studies,Other,0,0.1,1,1,5032,3.705,30,0,0,,0,-2.9
S201601200,2016,0,M,0,White,OH,INST_01,State University A (Research),research,2.95,50,1997,Nursing,Health,18985,2.792,1,1,7919,3.5700000000000003,27,1,1,3.98,0,-0.208
S201601201,2016,0,M,0,White,NY,INST_05,Urban University E (Research),research,3.06,69,1998,Computer Science,STEM,13656,2.008,1,1,4997,3.8,34,0,0,,0,-0.992
S201601202,2016,0,F,0,White,GA,INST_03,Regional College C (Teaching),teaching,4.0,36,1998,Finance,Business,9131,1.343,1,1,5975,3.1799999999999997,34,0,0,,0,-1.657
S201601203,2016,0,M,0,White,NY,INST_04,Regional College D (Teaching),teaching,3.64,75,1998,History,Humanities,11826,1.739,1,0,0,3.21,31,0,0,,0,-1.261
S201601204,2016,0,M,0,White,NC,INST_02,State University B (Research),research,3.02,16,1998,Anthropology,Social Sciences,16353,2.405,1,1,3878,2.76,31,1,0,,0,-0.595
S201601205,2016,0,M,0,Multi,NY,INST_05,Urban University E (Research),research,2.94,44,1998,General Studies,Other,8170,1.201,1,1,5231,3.83,31,0,0,,0,-1.799
S201601206,2016,0,F,0,Asian,IL,INST_04,Regional College D (Teaching),teaching,3.61,72,1998,Sociology,Social Sciences,0,0.1,1,1,5700,3.87,30,0,0,,0,-2.9
S201601207,2016,0,M,1,White,CA,INST_03,Regional College C (Teaching),teaching,3.05,99,1998,Civil Engineering,STEM,18779,2.762,1,0,0,3.7800000000000002,32,1,0,,0,-0.238
S201601208,2016,0,M,1,Hispanic,NY,INST_04,Regional College D (Teaching),teaching,3.5,64,1998,Marketing,Business,13330,1.96,1,1,5614,3.92,29,1,0,,0,-1.04
S201601209,2016,0,F,0,Black,GA,INST_05,Urban University E (Research),research,2.51,41,1998,Economics-Bus,Business,21270,3.128,0,0,0,2.945,30,1,1,3.8,1,0.128
S201601210,2016,0,M,0,Hispanic,TX,INST_02,State University B (Research),research,3.03,40,1998,Political Science,Social Sciences,8947,1.316,1,1,4718,3.25,27,0,0,,0,-1.684
S201601211,2016,0,M,1,White,VA,INST_04,Regional College D (Teaching),teaching,2.64,54,1998,Statistics,STEM,18487,2.719,1,0,0,2.775,28,1,0,,0,-0.281
S201601212,2016,0,F,0,Multi,PA,INST_04,Regional College D (Teaching),teaching,2.99,49,1998,Civil Engineering,STEM,16009,2.354,1,1,2832,3.315,34,1,0,,0,-0.646
S201601213,2016,0,M,1,Hispanic,NJ,INST_03,Regional College C (Teaching),teaching,3.26,9,1998,Economics-Bus,Business,15062,2.215,1,1,7349,3.3,28,0,0,,0,-0.785
S201601214,2016,1,F,0,Hispanic,OH,INST_05,Urban University E (Research),research,3.18,23,1997,Economics,Social Sciences,8164,1.201,1,1,7418,2.995,28,0,0,,0,-1.799
S201601215,2016,0,M,1,Hispanic,IL,INST_02,State University B (Research),research,3.03,57,1998,Biomedical Engineering,STEM,14845,2.183,1,1,7109,3.51,26,0,0,,0,-0.817
S201601216,2016,0,M,0,White,NJ,INST_05,Urban University E (Research),research,2.8,86,1998,Civil Engineering,STEM,6027,0.886,1,1,8013,3.065,31,1,0,,0,-2.114
S201601217,2016,0,M,0,White,OH,INST_04,Regional College D (Teaching),teaching,3.08,57,1998,Statistics,STEM,5432,0.799,1,0,0,2.775,31,0,0,,0,-2.201
S201601218,2016,0,F,1,Hispanic,FL,INST_05,Urban University E (Research),research,3.1,65,1998,Education,Other,14519,2.135,1,1,6195,3.85,28,0,0,,0,-0.865
S201601219,2016,0,F,1,White,NJ,INST_02,State University B (Research),research,3.76,56,1998,Biomedical Engineering,STEM,19484,2.865,1,1,5270,3.84,28,1,1,3.95,0,-0.135
S201601220,2016,0,M,0,White,NJ,INST_03,Regional College C (Teaching),teaching,3.64,88,1998,Electrical Engineering,STEM,22160,3.259,0,1,6454,4.0,30,0,0,,1,0.259
S201601221,2016,0,M,1,Hispanic,CA,INST_01,State University A (Research),research,3.04,67,1998,Civil Engineering,STEM,3543,0.521,1,1,6546,3.58,33,0,0,,0,-2.479
S201601222,2016,1,M,0,Hispanic,TX,INST_02,State University B (Research),research,3.26,47,1998,Economics,Social Sciences,4803,0.706,1,0,0,3.74,26,1,0,,0,-2.294
S201601223,2016,1,F,1,Hispanic,NJ,INST_03,Regional College C (Teaching),teaching,3.33,58,1998,Political Science,Social Sciences,16688,2.454,1,1,5414,3.205,30,0,0,,0,-0.546
S201601224,2016,0,M,1,Hispanic,CA,INST_03,Regional College C (Teaching),teaching,3.44,77,1998,Public Health,Health,9380,1.379,1,0,0,3.4050000000000002,34,1,1,3.13,0,-1.621
S201601225,2016,0,F,0,White,NC,INST_03,Regional College C (Teaching),teaching,2.29,47,1998,Education,Other,0,0.1,1,1,9308,3.9299999999999997,31,0,0,,0,-2.9
S201601226,2016,0,F,0,White,TX,INST_02,State University B (Research),research,3.48,49,1998,English,Humanities,20421,3.003,0,1,4356,3.385,29,0,0,,1,0.003
S201601227,2016,1,M,0,Hispanic,CA,INST_05,Urban University E (Research),research,3.32,55,1998,Political Science,Social Sciences,5542,0.815,1,1,3559,2.995,31,1,1,3.81,0,-2.185
S201601228,2016,1,F,0,White,VA,INST_04,Regional College D (Teaching),teaching,3.59,41,1998,Chemistry,STEM,14466,2.127,1,1,5881,3.935,33,1,0,,0,-0.873
S201601229,2016,1,F,0,White,NJ,INST_03,Regional College C (Teaching),teaching,3.24,43,1998,Nursing,Health,15709,2.31,1,1,4733,3.42,31,1,0,,0,-0.69
S201601230,2016,0,F,0,White,OH,INST_02,State University B (Research),research,3.28,91,1998,Statistics,STEM,15547,2.286,1,1,6439,3.65,31,1,1,3.7,0,-0.714
S201601231,2016,0,M,1,Hispanic,GA,INST_03,Regional College C (Teaching),teaching,2.86,33,1998,Mechanical Engineering,STEM,19573,2.878,1,0,0,2.6799999999999997,34,0,0,,0,-0.122
S201601232,2016,0,NB,1,Asian,PA,INST_02,State University B (Research),research,3.33,13,1998,Computer Science,STEM,13783,2.027,1,1,6315,3.0949999999999998,29,0,0,,0,-0.973
S201601233,2016,0,F,0,White,NY,INST_02,State University B (Research),research,3.04,68,1998,Economics,Social Sciences,17328,2.548,1,1,6148,3.485,28,1,0,,0,-0.452
S201601234,2016,0,F,0,White,GA,INST_01,State University A (Research),research,3.59,61,1998,General Studies,Other,15108,2.222,1,1,6833,3.645,27,0,0,,0,-0.778
S201601235,2016,1,M,1,Asian,GA,INST_03,Regional College C (Teaching),teaching,3.34,96,1998,Philosophy,Humanities,24708,3.634,0,0,0,3.5949999999999998,29,1,1,4.0,1,0.634
S201601236,2016,0,M,1,Asian,FL,INST_05,Urban University E (Research),research,3.07,41,1998,Finance,Business,14918,2.194,1,0,0,3.59,29,1,1,3.71,0,-0.806
S201601237,2016,0,F,0,Asian,IL,INST_04,Regional College D (Teaching),teaching,2.82,43,1998,Political Science,Social Sciences,2806,0.413,1,1,4163,3.885,32,0,0,,0,-2.587
S201601238,2016,0,F,0,White,MI,INST_01,State University A (Research),research,2.76,25,1998,Civil Engineering,STEM,2530,0.372,1,0,0,2.965,32,0,0,,0,-2.628
S201601239,2016,0,F,0,White,NJ,INST_03,Regional College C (Teaching),teaching,3.0,70,1998,Statistics,STEM,11684,1.718,1,0,0,2.9450000000000003,25,0,0,,0,-1.282
S201601240,2016,0,M,0,Hispanic,MI,INST_01,State University A (Research),research,2.82,87,1998,Political Science,Social Sciences,13360,1.965,1,0,0,2.885,29,1,1,3.09,0,-1.035
S201601241,2016,0,F,1,Asian,IL,INST_02,State University B (Research),research,2.63,43,1998,Communications,Other,7843,1.153,1,1,3830,2.995,31,0,0,,0,-1.847
S201601242,2016,1,M,0,White,FL,INST_03,Regional College C (Teaching),teaching,3.66,38,1998,Mechanical Engineering,STEM,8384,1.233,1,1,7566,3.615,30,1,1,3.68,0,-1.767
S201601243,2016,0,F,1,White,NY,INST_03,Regional College C (Teaching),teaching,3.94,47,1998,Kinesiology,Health,10547,1.551,1,1,4941,3.1550000000000002,31,0,0,,0,-1.449
S201601244,2016,0,F,0,Black,IL,INST_05,Urban University E (Research),research,3.19,34,1998,Finance,Business,11269,1.657,1,1,4013,3.73,27,1,1,4.0,0,-1.343
S201601245,2016,1,M,0,White,NC,INST_02,State University B (Research),research,3.08,63,1998,Electrical Engineering,STEM,0,0.1,1,1,3493,2.925,34,0,0,,0,-2.9
S201601246,2016,0,M,0,White,TX,INST_01,State University A (Research),research,3.13,20,1998,Public Health,Health,15977,2.35,1,0,0,2.54,30,1,0,,0,-0.65
S201601247,2016,1,F,1,Hispanic,GA,INST_05,Urban University E (Research),research,3.81,54,1998,General Studies,Other,5773,0.849,1,0,0,3.835,34,0,0,,0,-2.151
S201601248,2016,0,F,0,Hispanic,CA,INST_05,Urban University E (Research),research,2.75,65,1998,Electrical Engineering,STEM,13191,1.94,1,0,0,3.52,24,0,0,,0,-1.06
S201601249,2016,0,M,0,Black,GA,INST_03,Regional College C (Teaching),teaching,2.95,40,1998,Biomedical Engineering,STEM,18834,2.77,1,1,4790,3.995,28,0,0,,0,-0.23
S201601250,2016,0,M,0,Black,NY,INST_05,Urban University E (Research),research,2.65,64,1998,Statistics,STEM,19237,2.829,1,0,0,3.2750000000000004,28,0,0,,0,-0.171
S201601251,2016,0,F,0,White,NJ,INST_01,State University A (Research),research,2.84,50,1998,Computer Science,STEM,7470,1.099,1,0,0,2.665,33,1,1,2.53,0,-1.901
S201601252,2016,0,F,0,Hispanic,OH,INST_05,Urban University E (Research),research,2.96,59,1998,Public Health,Health,7301,1.074,1,1,5285,2.9000000000000004,31,1,0,,0,-1.926
S201601253,2016,0,F,0,Hispanic,FL,INST_03,Regional College C (Teaching),teaching,2.85,67,1998,Computer Science,STEM,3146,0.463,1,1,7973,3.605,28,1,0,,0,-2.537
S201601254,2016,1,M,0,White,GA,INST_03,Regional College C (Teaching),teaching,2.54,8,1998,Spanish,Humanities,9582,1.409,1,1,4866,3.67,29,0,0,,0,-1.591
S201601255,2016,0,M,0,Hispanic,IL,INST_01,State University A (Research),research,2.81,55,1998,Mathematics,STEM,25181,3.703,0,0,0,2.7649999999999997,30,0,0,,1,0.703
S201601256,2016,0,F,0,Asian,IL,INST_05,Urban University E (Research),research,2.67,56,1998,Nursing,Health,9606,1.413,1,1,4115,3.77,31,1,1,3.7,0,-1.587
S201601257,2016,0,F,0,Hispanic,IL,INST_04,Regional College D (Teaching),teaching,3.49,65,1998,Psychology,Social Sciences,9969,1.466,1,1,6926,3.2199999999999998,32,1,1,3.76,0,-1.534
S201601258,2016,1,F,0,White,NY,INST_01,State University A (Research),research,3.61,30,1998,Biology,STEM,14226,2.092,1,1,2782,3.34,28,0,0,,0,-0.908
S201601259,2016,1,F,0,White,VA,INST_04,Regional College D (Teaching),teaching,2.65,74,1998,Statistics,STEM,21180,3.115,0,1,4788,3.87,31,1,1,3.97,1,0.115
S201601260,2016,1,M,1,White,VA,INST_03,Regional College C (Teaching),teaching,3.11,35,1998,Kinesiology,Health,2585,0.38,1,1,3304,3.0149999999999997,27,0,0,,0,-2.62
S201601261,2016,1,M,0,Hispanic,TX,INST_02,State University B (Research),research,2.18,78,1998,Marketing,Business,4976,0.732,1,1,4526,3.615,31,1,0,,0,-2.268
S201601262,2016,0,F,1,Multi,GA,INST_04,Regional College D (Teaching),teaching,3.42,45,1998,Public Health,Health,14841,2.182,1,1,6397,3.725,28,1,1,4.0,0,-0.818
S201601263,2016,1,M,0,Black,CA,INST_01,State University A (Research),research,2.67,68,1998,Art History,Humanities,4195,0.617,1,1,4891,3.29,28,1,1,3.71,0,-2.383
S201601264,2016,0,M,0,Hispanic,NC,INST_03,Regional College C (Teaching),teaching,3.4,56,1998,Mechanical Engineering,STEM,14119,2.076,1,0,0,3.455,26,0,0,,0,-0.924
S201601265,2016,0,F,1,Black,MI,INST_03,Regional College C (Teaching),teaching,3.18,76,1998,Physics,STEM,14818,2.179,1,1,4907,3.445,31,1,0,,0,-0.821
S201601266,2016,0,M,1,White,PA,INST_02,State University B (Research),research,3.26,42,1998,Accounting,Business,22774,3.349,0,0,0,2.59,31,0,0,,1,0.349
S201601267,2016,0,M,0,White,MI,INST_05,Urban University E (Research),research,3.12,74,1998,Statistics,STEM,3961,0.582,1,1,6290,3.84,31,1,1,4.0,0,-2.418
S201601268,2016,0,M,1,White,CA,INST_02,State University B (Research),research,2.86,82,1998,Electrical Engineering,STEM,7549,1.11,1,1,5361,3.2199999999999998,28,1,0,,0,-1.89
S201601269,2016,1,F,0,White,TX,INST_04,Regional College D (Teaching),teaching,2.91,44,1998,Electrical Engineering,STEM,9946,1.463,1,0,0,3.2199999999999998,32,0,0,,0,-1.537
S201601270,2016,0,M,1,White,NJ,INST_04,Regional College D (Teaching),teaching,3.8,44,1998,Statistics,STEM,9300,1.368,1,1,3518,3.36,32,1,1,3.46,0,-1.632
S201601271,2016,1,M,0,Black,TX,INST_04,Regional College D (Teaching),teaching,3.27,65,1998,Management,Business,14271,2.099,1,0,0,3.535,30,1,0,,0,-0.901
S201601272,2016,0,F,0,White,NY,INST_02,State University B (Research),research,3.02,51,1998,Art History,Humanities,13549,1.992,1,1,4961,2.8899999999999997,28,1,1,3.48,0,-1.008
S201601273,2016,0,M,1,Black,VA,INST_02,State University B (Research),research,3.46,81,1998,Kinesiology,Health,19787,2.91,1,0,0,3.585,29,0,0,,0,-0.09
S201601274,2016,0,F,1,White,NJ,INST_01,State University A (Research),research,3.05,80,1998,Mathematics,STEM,11561,1.7,1,1,5984,3.69,26,1,0,,0,-1.3
S201601275,2016,1,M,0,White,MI,INST_02,State University B (Research),research,4.0,91,1998,Chemistry,STEM,8775,1.29,1,1,4556,3.835,31,1,1,4.0,0,-1.71
S201601276,2016,1,M,1,Black,VA,INST_03,Regional College C (Teaching),teaching,3.5,58,1998,Management,Business,4478,0.659,1,0,0,2.825,28,0,0,,0,-2.341
S201601277,2016,0,F,0,Multi,OH,INST_03,Regional College C (Teaching),teaching,3.72,76,1998,Economics,Social Sciences,27767,4.083,0,0,0,3.1799999999999997,32,1,1,3.5,1,1.083
S201601278,2016,1,F,1,White,PA,INST_05,Urban University E (Research),research,2.83,30,1998,Accounting,Business,4364,0.642,1,1,6411,3.41,30,1,1,3.51,0,-2.358
S201601279,2016,0,F,1,White,OH,INST_01,State University A (Research),research,2.71,68,1998,General Studies,Other,6371,0.937,1,0,0,2.83,31,0,0,,0,-2.063
S201601280,2016,1,F,0,Black,NC,INST_01,State University A (Research),research,3.8,67,1998,Psychology,Social Sciences,5958,0.876,1,0,0,3.4699999999999998,31,1,1,3.57,0,-2.124
S201601281,2016,0,F,0,White,MI,INST_05,Urban University E (Research),research,2.53,63,1998,Sociology,Social Sciences,12941,1.903,1,0,0,3.0300000000000002,25,0,0,,0,-1.097
S201601282,2016,1,M,0,White,VA,INST_03,Regional College C (Teaching),teaching,4.0,73,1998,Education,Other,8068,1.186,1,1,6206,3.4299999999999997,32,1,0,,0,-1.814
S201601283,2016,0,M,0,Asian,NJ,INST_04,Regional College D (Teaching),teaching,3.23,55,1998,Public Health,Health,16381,2.409,1,1,6190,3.385,31,0,0,,0,-0.591
S201601284,2016,1,F,0,Asian,NY,INST_04,Regional College D (Teaching),teaching,3.04,33,1998,Civil Engineering,STEM,9529,1.401,1,0,0,2.91,31,0,0,,0,-1.599
S201601285,2016,1,M,1,White,NJ,INST_05,Urban University E (Research),research,4.0,99,1998,Chemistry,STEM,946,0.139,1,0,0,3.4299999999999997,30,1,1,3.37,0,-2.861
S201601286,2016,0,F,1,Asian,VA,INST_04,Regional College D (Teaching),teaching,3.02,64,1998,Economics-Bus,Business,16756,2.464,1,1,5858,3.8600000000000003,28,0,0,,0,-0.536
S201601287,2016,1,F,1,White,NJ,INST_01,State University A (Research),research,2.57,71,1998,English,Humanities,17970,2.643,1,0,0,3.09,31,1,0,,0,-0.357
S201601288,2016,0,M,0,Asian,PA,INST_01,State University A (Research),research,3.56,57,1998,Undeclared,Other,19152,2.816,1,0,0,2.925,30,0,0,,0,-0.184
S201601289,2016,0,F,0,White,NC,INST_05,Urban University E (Research),research,2.88,39,1998,Political Science,Social Sciences,12406,1.824,1,0,0,2.74,26,0,0,,0,-1.176
S201601290,2016,0,M,0,White,GA,INST_01,State University A (Research),research,3.89,45,1998,Nursing,Health,2630,0.387,1,1,5114,3.535,30,1,1,3.79,0,-2.613
S201601291,2016,0,M,1,White,GA,INST_05,Urban University E (Research),research,2.77,32,1998,Mechanical Engineering,STEM,15813,2.325,1,0,0,3.04,28,1,1,3.69,0,-0.675
S201601292,2016,0,F,0,White,NC,INST_02,State University B (Research),research,3.11,44,1998,Economics-Bus,Business,14144,2.08,1,1,6669,3.88,30,1,1,3.91,0,-0.92
S201601293,2016,1,M,0,AIAN,TX,INST_03,Regional College C (Teaching),teaching,3.81,68,1998,Physics,STEM,0,0.1,1,0,0,3.89,31,1,0,,0,-2.9
S201601294,2016,0,F,0,White,TX,INST_03,Regional College C (Teaching),teaching,3.81,46,1998,Undeclared,Other,7743,1.139,1,1,7929,3.48,29,0,0,,0,-1.861
S201601295,2016,0,M,1,White,OH,INST_05,Urban University E (Research),research,2.82,55,1998,Physics,STEM,16843,2.477,1,0,0,2.76,27,0,0,,0,-0.523
S201601296,2016,0,M,0,White,NY,INST_03,Regional College C (Teaching),teaching,3.07,86,1998,Finance,Business,27371,4.025,0,1,6268,3.39,28,1,1,3.65,1,1.025
S201601297,2016,0,M,1,Hispanic,GA,INST_05,Urban University E (Research),research,3.49,76,1998,Mechanical Engineering,STEM,13090,1.925,1,0,0,3.9850000000000003,33,0,0,,0,-1.075
S201601298,2016,1,F,0,White,GA,INST_04,Regional College D (Teaching),teaching,3.2,76,1998,Kinesiology,Health,10646,1.566,1,1,8356,3.675,27,1,0,,0,-1.434
S201601299,2016,0,M,0,White,FL,INST_04,Regional College D (Teaching),teaching,3.44,36,1998,Pre-Med,Health,7979,1.173,1,0,0,3.62,30,1,1,3.57,0,-1.827
S201601300,2016,0,M,0,Black,MI,INST_01,State University A (Research),research,2.75,66,1998,Mathematics,STEM,9988,1.469,1,1,5767,3.67,30,1,1,4.0,0,-1.531
S201601301,2016,1,F,1,White,IL,INST_03,Regional College C (Teaching),teaching,2.96,31,1998,Electrical Engineering,STEM,20834,3.064,0,0,0,3.415,31,1,1,3.33,1,0.064
S201601302,2016,0,F,0,Hispanic,PA,INST_05,Urban University E (Research),research,2.98,91,1998,Economics,Social Sciences,6870,1.01,1,1,5248,3.41,28,1,0,,0,-1.99
S201601303,2016,0,M,0,Hispanic,PA,INST_03,Regional College C (Teaching),teaching,2.6,37,1998,Undeclared,Other,18867,2.775,1,1,5178,3.36,28,0,0,,0,-0.225
S201601304,2016,1,F,0,White,MI,INST_02,State University B (Research),research,3.69,42,1998,Physics,STEM,11593,1.705,1,1,4205,4.0,30,1,0,,0,-1.295
S201601305,2016,1,F,0,Unknown,CA,INST_01,State University A (Research),research,2.98,86,1998,General Studies,Other,0,0.1,1,1,7525,3.32,31,1,1,3.52,0,-2.9
S201601306,2016,0,F,0,White,VA,INST_05,Urban University E (Research),research,2.94,45,1998,Mathematics,STEM,19209,2.825,1,1,5801,3.59,30,1,1,3.45,0,-0.175
S201601307,2016,0,M,0,Asian,NY,INST_05,Urban University E (Research),research,2.75,77,1998,Biology,STEM,6428,0.945,1,1,7517,3.455,31,1,1,3.15,0,-2.055
S201601308,2016,0,M,0,White,NY,INST_02,State University B (Research),research,3.64,72,1998,Anthropology,Social Sciences,5427,0.798,1,0,0,2.94,34,1,0,,0,-2.202
S201601309,2016,0,M,1,Black,TX,INST_04,Regional College D (Teaching),teaching,2.92,43,1998,Economics,Social Sciences,26913,3.958,0,0,0,4.0,28,1,1,3.35,1,0.958
S201601310,2016,0,M,1,Hispanic,TX,INST_02,State University B (Research),research,3.41,47,1998,Economics-Bus,Business,6673,0.981,1,1,4383,3.4400000000000004,33,0,0,,0,-2.019
S201601311,2016,0,M,1,White,NC,INST_02,State University B (Research),research,3.25,73,1998,Computer Science,STEM,20074,2.952,1,1,7217,3.605,27,0,0,,0,-0.048
S201601312,2016,0,F,0,White,NC,INST_04,Regional College D (Teaching),teaching,3.83,99,1998,Undeclared,Other,10716,1.576,1,1,6093,3.275,30,0,0,,0,-1.424
S201601313,2016,0,F,0,White,MI,INST_04,Regional College D (Teaching),teaching,2.69,50,1998,Education,Other,12653,1.861,1,0,0,3.23,31,0,0,,0,-1.139
S201601314,2016,0,F,0,White,VA,INST_01,State University A (Research),research,2.96,89,1998,Chemistry,STEM,18229,2.681,1,1,4953,3.955,26,1,1,4.0,0,-0.319
S201601315,2016,0,M,0,White,NY,INST_05,Urban University E (Research),research,3.03,57,1998,Statistics,STEM,3198,0.47,1,1,6032,2.865,30,1,1,3.04,0,-2.53
S201601316,2016,0,M,0,Hispanic,PA,INST_02,State University B (Research),research,3.89,11,1998,Physics,STEM,18278,2.688,1,0,0,3.085,28,1,1,3.21,0,-0.312
S201601317,2016,0,F,0,White,VA,INST_05,Urban University E (Research),research,3.71,73,1998,Economics-Bus,Business,10346,1.521,1,1,6704,3.92,28,1,1,4.0,0,-1.479
S201601318,2016,0,M,0,White,OH,INST_05,Urban University E (Research),research,3.04,65,1998,Management,Business,14280,2.1,1,1,4549,3.23,28,1,1,3.88,0,-0.9
S201601319,2016,1,M,0,White,VA,INST_04,Regional College D (Teaching),teaching,3.24,64,1998,Sociology,Social Sciences,15195,2.235,1,1,6416,3.65,33,1,1,3.75,0,-0.765
S201601320,2016,0,F,0,Black,NY,INST_03,Regional College C (Teaching),teaching,3.52,50,1998,Sociology,Social Sciences,22997,3.382,0,0,0,2.94,30,0,0,,1,0.382
S201601321,2016,1,M,0,Asian,OH,INST_05,Urban University E (Research),research,3.09,77,1998,Biomedical Engineering,STEM,17027,2.504,1,1,3733,3.815,28,1,1,4.0,0,-0.496
S201601322,2016,0,F,1,Black,MI,INST_02,State University B (Research),research,3.16,29,1998,Psychology,Social Sciences,5718,0.841,1,1,3785,3.15,31,0,0,,0,-2.159
S201601323,2016,0,F,1,Asian,NY,INST_01,State University A (Research),research,3.08,47,1998,Sociology,Social Sciences,12595,1.852,1,0,0,3.4299999999999997,33,0,0,,0,-1.148
S201601324,2016,0,F,0,White,TX,INST_04,Regional College D (Teaching),teaching,3.67,71,1998,Education,Other,14647,2.154,1,0,0,3.65,32,1,0,,0,-0.846
S201601325,2016,0,M,1,Black,OH,INST_02,State University B (Research),research,2.97,69,1998,Anthropology,Social Sciences,8545,1.257,1,1,4783,3.555,28,1,0,,0,-1.743
S201601326,2016,1,M,1,White,PA,INST_04,Regional College D (Teaching),teaching,3.86,47,1998,Mathematics,STEM,0,0.1,1,0,0,4.0,28,1,1,4.0,0,-2.9
S201601327,2016,1,M,0,White,NY,INST_02,State University B (Research),research,3.1,72,1998,Computer Science,STEM,11946,1.757,1,0,0,3.5700000000000003,30,1,0,,0,-1.243
S201601328,2016,0,F,0,White,MI,INST_05,Urban University E (Research),research,3.54,49,1998,Spanish,Humanities,14784,2.174,1,1,5289,3.865,34,0,0,,0,-0.826
S201601329,2016,1,M,0,White,IL,INST_01,State University A (Research),research,2.68,9,1998,Accounting,Business,1433,0.211,1,1,6993,3.34,29,1,0,,0,-2.789
S201601330,2016,1,F,0,Multi,NJ,INST_02,State University B (Research),research,3.06,55,1998,Kinesiology,Health,10963,1.612,1,0,0,3.2,31,0,0,,0,-1.388
S201601331,2016,1,F,0,White,CA,INST_05,Urban University E (Research),research,2.53,67,1998,Management,Business,10270,1.51,1,0,0,3.175,29,1,1,3.12,0,-1.49
S201601332,2016,0,M,1,White,NC,INST_01,State University A (Research),research,2.57,23,1998,Civil Engineering,STEM,9752,1.434,1,1,5097,3.09,30,0,0,,0,-1.566
S201601333,2016,0,F,0,White,IL,INST_04,Regional College D (Teaching),teaching,2.93,64,1998,Biology,STEM,10983,1.615,1,1,7039,3.065,30,1,1,3.44,0,-1.385
S201601334,2016,0,F,0,White,MI,INST_04,Regional College D (Teaching),teaching,2.85,51,1998,Management,Business,6341,0.932,1,1,6462,3.51,31,1,0,,0,-2.068
S201601335,2016,1,F,0,White,OH,INST_05,Urban University E (Research),research,3.23,80,1998,Mechanical Engineering,STEM,7572,1.114,1,0,0,3.615,30,1,0,,0,-1.886
S201601336,2016,0,F,0,AIAN,GA,INST_03,Regional College C (Teaching),teaching,3.2,79,1998,History,Humanities,19053,2.802,1,0,0,3.88,28,1,0,,0,-0.198
S201601337,2016,0,M,1,White,OH,INST_03,Regional College C (Teaching),teaching,3.41,85,1998,Psychology,Social Sciences,8521,1.253,1,0,0,3.46,24,0,0,,0,-1.747
S201601338,2016,0,F,0,Hispanic,IL,INST_04,Regional College D (Teaching),teaching,3.3,38,1998,Economics,Social Sciences,3376,0.496,1,1,6681,3.575,28,1,1,3.47,0,-2.504
S201601339,2016,0,M,0,Black,MI,INST_01,State University A (Research),research,2.14,99,1998,Mechanical Engineering,STEM,0,0.1,1,1,6185,3.1799999999999997,32,1,1,3.72,0,-2.9
S201601340,2016,0,F,0,White,NY,INST_03,Regional College C (Teaching),teaching,3.08,26,1998,Communications,Other,9162,1.347,1,1,5494,3.41,30,1,1,4.0,0,-1.653
S201601341,2016,0,F,0,Asian,TX,INST_01,State University A (Research),research,3.85,45,1998,Pre-Med,Health,20285,2.983,1,1,5130,3.05,28,0,0,,0,-0.017
S201601342,2016,0,M,0,White,OH,INST_05,Urban University E (Research),research,3.57,48,1998,Chemistry,STEM,10783,1.586,1,1,6218,4.0,28,1,0,,0,-1.414
S201601343,2016,1,F,0,White,MI,INST_02,State University B (Research),research,3.08,51,1998,Biomedical Engineering,STEM,5085,0.748,1,1,5925,3.125,31,1,1,3.09,0,-2.252
S201601344,2016,0,M,1,Black,CA,INST_03,Regional College C (Teaching),teaching,3.06,73,1998,History,Humanities,0,0.1,1,1,5507,2.75,28,1,1,2.7,0,-2.9
S201601345,2016,1,F,0,White,VA,INST_02,State University B (Research),research,3.7,47,1998,Chemistry,STEM,1823,0.268,1,0,0,3.9299999999999997,30,0,0,,0,-2.732
S201601346,2016,0,M,1,White,TX,INST_05,Urban University E (Research),research,3.26,70,1998,Mathematics,STEM,10112,1.487,1,1,5380,3.13,31,0,0,,0,-1.513
S201601347,2016,0,F,0,White,NY,INST_03,Regional College C (Teaching),teaching,3.28,67,1998,Civil Engineering,STEM,16620,2.444,1,0,0,3.855,33,1,1,3.77,0,-0.556
S201601348,2016,1,NB,0,White,PA,INST_05,Urban University E (Research),research,2.46,53,1998,Psychology,Social Sciences,8720,1.282,1,1,5087,2.935,29,1,0,,0,-1.718
S201601349,2016,1,F,0,White,NJ,INST_01,State University A (Research),research,2.69,44,1998,Kinesiology,Health,24811,3.649,0,1,4110,3.35,34,0,0,,1,0.649
S201601350,2016,0,M,0,Black,GA,INST_04,Regional College D (Teaching),teaching,2.73,78,1998,Accounting,Business,12681,1.865,1,1,3224,3.8200000000000003,33,1,0,,0,-1.135
S201601351,2016,0,F,0,White,PA,INST_03,Regional College C (Teaching),teaching,3.8,53,1998,Mechanical Engineering,STEM,11149,1.64,1,1,4728,3.2350000000000003,31,0,0,,0,-1.36
S201601352,2016,1,M,1,Hispanic,NY,INST_04,Regional College D (Teaching),teaching,2.8,45,1998,General Studies,Other,5548,0.816,1,1,6936,3.895,31,0,0,,0,-2.184
S201601353,2016,1,F,1,White,VA,INST_01,State University A (Research),research,3.96,57,1998,Statistics,STEM,1425,0.21,1,1,5483,4.0,33,0,0,,0,-2.79
S201601354,2016,0,M,0,Black,NJ,INST_05,Urban University E (Research),research,3.49,50,1998,Civil Engineering,STEM,16857,2.479,1,1,6038,3.84,29,0,0,,0,-0.521
S201601355,2016,0,M,0,Asian,NC,INST_05,Urban University E (Research),research,2.49,43,1998,Economics,Social Sciences,18767,2.76,1,1,6679,3.67,32,1,1,3.32,0,-0.24
S201601356,2016,0,F,0,Multi,NC,INST_02,State University B (Research),research,3.62,36,1998,Pre-Med,Health,5468,0.804,1,1,4928,2.675,30,0,0,,0,-2.196
S201601357,2016,0,M,1,White,NJ,INST_01,State University A (Research),research,2.58,45,1998,Economics,Social Sciences,11067,1.628,1,1,7686,3.9450000000000003,30,0,0,,0,-1.372
S201601358,2016,0,F,0,White,FL,INST_05,Urban University E (Research),research,3.1,44,1998,Kinesiology,Health,5222,0.768,1,1,5849,3.0,30,1,1,2.85,0,-2.232
S201601359,2016,0,F,1,Asian,VA,INST_03,Regional College C (Teaching),teaching,3.11,70,1998,Spanish,Humanities,18113,2.664,1,1,5870,3.035,31,1,0,,0,-0.336
S201601360,2016,0,F,0,Hispanic,OH,INST_02,State University B (Research),research,3.13,62,1998,Anthropology,Social Sciences,7801,1.147,1,1,5577,3.1550000000000002,27,1,0,,0,-1.853
S201601361,2016,0,M,0,White,GA,INST_04,Regional College D (Teaching),teaching,3.21,64,1998,Accounting,Business,9977,1.467,1,1,4550,3.91,28,0,0,,0,-1.533
S201601362,2016,0,M,0,White,NY,INST_03,Regional College C (Teaching),teaching,3.14,67,1998,History,Humanities,6574,0.967,1,1,4890,3.92,31,0,0,,0,-2.033
S201601363,2016,0,M,0,White,GA,INST_05,Urban University E (Research),research,3.11,61,1998,Statistics,STEM,7303,1.074,1,1,6576,3.0650000000000004,30,1,1,3.08,0,-1.926
S201601364,2016,0,F,0,Black,GA,INST_04,Regional College D (Teaching),teaching,2.38,47,1998,Nursing,Health,15447,2.272,1,1,4402,3.26,31,1,1,3.31,0,-0.728
S201601365,2016,1,M,0,Hispanic,VA,INST_01,State University A (Research),research,3.68,41,1998,Mechanical Engineering,STEM,10046,1.477,1,1,5088,3.215,25,0,0,,0,-1.523
S201601366,2016,0,F,0,Hispanic,NC,INST_05,Urban University E (Research),research,3.17,63,1998,Mathematics,STEM,16542,2.433,1,1,4753,3.2800000000000002,29,1,1,3.11,0,-0.567
S201601367,2016,1,M,0,White,GA,INST_05,Urban University E (Research),research,3.46,97,1998,Biomedical Engineering,STEM,0,0.1,1,0,0,3.815,29,0,0,,0,-2.9
S201601368,2016,0,F,0,White,NJ,INST_02,State University B (Research),research,2.5,49,1998,Accounting,Business,15912,2.34,1,0,0,3.475,31,0,0,,0,-0.66
S201601369,2016,0,M,0,Black,GA,INST_04,Regional College D (Teaching),teaching,3.55,12,1998,Public Health,Health,0,0.1,1,1,3180,3.2800000000000002,33,0,0,,0,-2.9
S201601370,2016,0,M,0,Asian,NY,INST_02,State University B (Research),research,2.87,62,1998,Nursing,Health,5875,0.864,1,1,6424,3.34,30,1,0,,0,-2.136
S201601371,2016,0,M,0,White,NJ,INST_01,State University A (Research),research,3.3,60,1998,Marketing,Business,3845,0.565,1,0,0,2.91,25,0,0,,0,-2.435
S201601372,2016,0,F,0,White,OH,INST_02,State University B (Research),research,4.0,78,1998,Communications,Other,18155,2.67,1,1,6040,3.99,31,1,1,4.0,0,-0.33
S201601373,2016,0,F,1,Black,GA,INST_04,Regional College D (Teaching),teaching,2.46,33,1998,General Studies,Other,2921,0.43,1,0,0,3.005,31,0,0,,0,-2.57
S201601374,2016,0,F,1,White,NY,INST_01,State University A (Research),research,4.0,73,1998,Public Health,Health,12038,1.77,1,0,0,3.33,28,1,0,,0,-1.23
S201601375,2016,1,F,0,White,NY,INST_02,State University B (Research),research,3.59,50,1998,History,Humanities,6880,1.012,1,1,7012,3.375,29,0,0,,0,-1.988
S201601376,2016,0,F,0,Hispanic,TX,INST_02,State University B (Research),research,3.19,72,1998,Economics,Social Sciences,10798,1.588,1,1,8250,3.505,27,1,1,3.07,0,-1.412
S201601377,2016,0,M,1,White,FL,INST_01,State University A (Research),research,2.72,67,1998,Marketing,Business,12646,1.86,1,0,0,3.77,30,1,0,,0,-1.14
S201601378,2016,0,M,0,Black,OH,INST_03,Regional College C (Teaching),teaching,2.9,26,1998,Economics,Social Sciences,20379,2.997,1,1,5131,3.34,25,1,1,3.29,0,-0.003
S201601379,2016,0,F,1,White,MI,INST_02,State University B (Research),research,3.74,43,1998,Management,Business,19221,2.827,1,1,4408,3.79,33,1,1,3.67,0,-0.173
S201601380,2016,0,F,0,White,CA,INST_04,Regional College D (Teaching),teaching,3.66,48,1998,Mathematics,STEM,10414,1.531,1,1,7815,3.355,30,0,0,,0,-1.469
S201601381,2016,0,M,1,White,NC,INST_01,State University A (Research),research,2.83,63,1998,Public Health,Health,6767,0.995,1,1,5580,2.365,30,1,0,,0,-2.005
S201601382,2016,1,F,0,White,GA,INST_05,Urban University E (Research),research,3.63,67,1998,Education,Other,12698,1.867,1,1,6603,3.955,31,1,1,4.0,0,-1.133
S201601383,2016,1,F,1,Hispanic,PA,INST_04,Regional College D (Teaching),teaching,4.0,40,1998,English,Humanities,6262,0.921,1,1,3383,3.48,28,0,0,,0,-2.079
S201601384,2016,0,F,0,Asian,OH,INST_02,State University B (Research),research,3.48,77,1998,Marketing,Business,10193,1.499,1,1,4849,3.285,30,0,0,,0,-1.501
S201601385,2016,1,F,0,Asian,GA,INST_04,Regional College D (Teaching),teaching,2.92,55,1998,Physics,STEM,0,0.1,1,1,7317,3.66,31,1,0,,0,-2.9
S201601386,2016,1,M,0,White,CA,INST_01,State University A (Research),research,3.13,33,1998,Management,Business,4790,0.704,1,1,6428,3.96,26,0,0,,0,-2.296
S201601387,2016,1,F,0,Black,CA,INST_03,Regional College C (Teaching),teaching,3.81,19,1998,Accounting,Business,0,0.1,1,0,0,3.05,32,1,1,3.14,0,-2.9
S201601388,2016,1,F,0,White,IL,INST_01,State University A (Research),research,3.93,62,1998,Electrical Engineering,STEM,8746,1.286,1,1,5328,3.32,33,1,0,,0,-1.714
S201601389,2016,0,F,0,Hispanic,OH,INST_03,Regional College C (Teaching),teaching,3.48,94,1998,Economics,Social Sciences,15155,2.229,1,1,7517,3.75,28,0,0,,0,-0.771
S201601390,2016,0,F,0,Black,PA,INST_03,Regional College C (Teaching),teaching,2.55,41,1998,Statistics,STEM,20955,3.082,0,0,0,2.29,31,1,0,,1,0.082
S201601391,2016,0,F,0,Hispanic,OH,INST_02,State University B (Research),research,3.03,81,1998,Marketing,Business,4719,0.694,1,0,0,3.285,24,0,0,,0,-2.306
S201601392,2016,0,M,0,Hispanic,FL,INST_04,Regional College D (Teaching),teaching,3.11,80,1998,Pre-Med,Health,18038,2.653,1,1,8788,3.815,31,1,0,,0,-0.347
S201601393,2016,1,M,0,Hispanic,CA,INST_02,State University B (Research),research,2.9,55,1998,Public Health,Health,11551,1.699,1,1,6133,3.87,32,0,0,,0,-1.301
S201601394,2016,0,F,0,White,VA,INST_01,State University A (Research),research,3.41,64,1998,Nursing,Health,15441,2.271,1,0,0,3.66,28,0,0,,0,-0.729
S201601395,2016,0,F,0,White,NJ,INST_05,Urban University E (Research),research,3.4,70,1998,Public Health,Health,18739,2.756,1,1,5607,3.435,31,1,1,3.06,0,-0.244
S201601396,2016,0,M,0,Multi,NC,INST_03,Regional College C (Teaching),teaching,3.52,56,1998,Nursing,Health,16337,2.402,1,1,5767,3.2649999999999997,31,1,1,3.72,0,-0.598
S201601397,2016,0,M,0,White,FL,INST_05,Urban University E (Research),research,3.6,56,1998,Communications,Other,14920,2.194,1,1,7315,3.3449999999999998,27,1,1,3.45,0,-0.806
S201601398,2016,0,M,0,White,GA,INST_02,State University B (Research),research,3.79,76,1998,Psychology,Social Sciences,1491,0.219,1,1,5178,2.6849999999999996,31,1,0,,0,-2.781
S201601399,2016,0,M,0,White,PA,INST_03,Regional College C (Teaching),teaching,2.91,40,1998,Pre-Med,Health,14936,2.196,1,1,6852,3.71,27,1,0,,0,-0.804
S201601400,2016,0,F,0,White,FL,INST_01,State University A (Research),research,3.57,34,1998,History,Humanities,22447,3.301,0,1,5096,3.7199999999999998,31,1,0,,1,0.301
S201601401,2016,0,M,0,Hispanic,GA,INST_04,Regional College D (Teaching),teaching,2.57,85,1998,Nursing,Health,17347,2.551,1,1,6292,3.52,30,1,0,,0,-0.449
S201601402,2016,0,F,0,White,CA,INST_05,Urban University E (Research),research,2.94,65,1998,Accounting,Business,15491,2.278,1,1,6110,3.42,30,0,0,,0,-0.722
S201601403,2016,1,M,1,White,VA,INST_04,Regional College D (Teaching),teaching,3.58,60,1998,Marketing,Business,17461,2.568,1,1,5498,2.67,31,0,0,,0,-0.432
S201601404,2016,0,M,0,Hispanic,NC,INST_04,Regional College D (Teaching),teaching,3.15,60,1998,Political Science,Social Sciences,17086,2.513,1,0,0,2.795,32,1,0,,0,-0.487
S201601405,2016,1,M,0,Hispanic,TX,INST_02,State University B (Research),research,2.28,41,1998,Marketing,Business,24183,3.556,0,0,0,3.0650000000000004,31,0,0,,1,0.556
S201601406,2016,0,F,0,AIAN,VA,INST_01,State University A (Research),research,3.11,48,1998,Economics-Bus,Business,14915,2.193,1,1,9018,3.5650000000000004,31,0,0,,0,-0.807
S201601407,2016,1,F,0,White,OH,INST_02,State University B (Research),research,2.89,48,1998,Anthropology,Social Sciences,10426,1.533,1,0,0,2.7649999999999997,29,1,1,2.85,0,-1.467
S201601408,2016,0,F,1,Unknown,GA,INST_03,Regional College C (Teaching),teaching,3.21,55,1998,Nursing,Health,2939,0.432,1,1,6256,3.045,30,0,0,,0,-2.568
S201601409,2016,0,M,0,Hispanic,VA,INST_04,Regional College D (Teaching),teaching,3.01,74,1998,Mechanical Engineering,STEM,11064,1.627,1,1,6487,3.535,28,0,0,,0,-1.373
S201601410,2016,0,F,0,White,NC,INST_03,Regional College C (Teaching),teaching,3.75,36,1998,Pre-Med,Health,21482,3.159,0,0,0,3.225,31,0,0,,1,0.159
S201601411,2016,0,M,1,Black,NJ,INST_01,State University A (Research),research,3.47,87,1998,Physics,STEM,8308,1.222,1,1,5441,3.275,28,1,1,3.56,0,-1.778
S201601412,2016,0,M,0,Black,OH,INST_01,State University A (Research),research,2.65,84,1998,Public Health,Health,26547,3.904,0,0,0,3.94,28,1,1,3.91,1,0.904
S201601413,2016,0,M,1,White,MI,INST_02,State University B (Research),research,3.84,58,1997,Kinesiology,Health,5782,0.85,1,1,5773,3.8200000000000003,28,0,0,,0,-2.15
S201601414,2016,0,F,0,Hispanic,NY,INST_03,Regional College C (Teaching),teaching,2.81,9,1998,Nursing,Health,10625,1.562,1,1,3900,3.7350000000000003,30,1,0,,0,-1.438
S201601415,2016,1,F,0,Hispanic,PA,INST_02,State University B (Research),research,4.0,50,1998,Management,Business,3293,0.484,1,1,5488,3.465,27,0,0,,0,-2.516
S201601416,2016,0,M,0,White,TX,INST_01,State University A (Research),research,3.4,44,1998,Electrical Engineering,STEM,8841,1.3,1,0,0,3.17,31,1,0,,0,-1.7
S201601417,2016,0,F,0,Hispanic,OH,INST_05,Urban University E (Research),research,2.51,70,1998,Mathematics,STEM,6880,1.012,1,1,4613,3.2800000000000002,28,0,0,,0,-1.988
S201601418,2016,0,F,0,White,VA,INST_03,Regional College C (Teaching),teaching,3.22,41,1998,Management,Business,10796,1.588,1,1,6818,3.175,27,0,0,,0,-1.412
S201601419,2016,0,F,0,Black,FL,INST_04,Regional College D (Teaching),teaching,2.83,35,1998,Management,Business,29404,4.324,0,1,5258,3.125,28,0,0,,1,1.324
S201601420,2016,0,F,0,White,GA,INST_01,State University A (Research),research,2.87,76,1998,General Studies,Other,10770,1.584,1,0,0,3.215,32,1,1,3.36,0,-1.416
S201601421,2016,0,M,0,AIAN,VA,INST_03,Regional College C (Teaching),teaching,3.03,46,1998,Biomedical Engineering,STEM,7052,1.037,1,1,5438,2.605,26,0,0,,0,-1.963
S201601422,2016,0,F,0,Hispanic,FL,INST_02,State University B (Research),research,4.0,27,1998,Public Health,Health,18071,2.658,1,1,5769,2.84,33,1,1,2.77,0,-0.342
S201601423,2016,0,M,0,Asian,GA,INST_03,Regional College C (Teaching),teaching,3.42,86,1998,Statistics,STEM,17387,2.557,1,1,6514,3.875,32,1,1,4.0,0,-0.443
S201601424,2016,0,M,0,Black,TX,INST_01,State University A (Research),research,3.84,65,1997,Art History,Humanities,11455,1.685,1,1,4913,2.605,28,0,0,,0,-1.315
S201601425,2016,0,M,1,Asian,FL,INST_02,State University B (Research),research,3.01,61,1998,Public Health,Health,3162,0.465,1,1,6354,3.5149999999999997,30,1,1,3.7,0,-2.535
S201601426,2016,0,F,0,Black,GA,INST_05,Urban University E (Research),research,2.12,53,1998,Biomedical Engineering,STEM,13817,2.032,1,1,6225,3.2649999999999997,31,0,0,,0,-0.968
S201601427,2016,0,M,1,Hispanic,GA,INST_02,State University B (Research),research,3.11,85,1998,Education,Other,11880,1.747,1,1,6839,3.5949999999999998,31,1,1,4.0,0,-1.253
S201601428,2016,1,F,0,Black,PA,INST_04,Regional College D (Teaching),teaching,4.0,73,1998,Mechanical Engineering,STEM,11115,1.635,1,1,3791,3.49,27,1,0,,0,-1.365
S201601429,2016,1,F,1,White,NJ,INST_02,State University B (Research),research,2.92,28,1998,Physics,STEM,3983,0.586,1,1,6510,2.49,28,0,0,,0,-2.414
S201601430,2016,1,F,0,White,PA,INST_03,Regional College C (Teaching),teaching,2.91,61,1998,Statistics,STEM,6611,0.972,1,1,6009,2.995,29,1,0,,0,-2.028
S201601431,2016,1,M,1,White,TX,INST_05,Urban University E (Research),research,2.67,61,1998,Anthropology,Social Sciences,10977,1.614,1,1,6640,3.515,28,1,1,3.52,0,-1.386
S201601432,2016,1,F,1,White,PA,INST_01,State University A (Research),research,2.57,59,1998,Finance,Business,12552,1.846,1,1,7032,3.3200000000000003,31,0,0,,0,-1.154
S201601433,2016,1,F,0,Black,VA,INST_04,Regional College D (Teaching),teaching,3.48,12,1998,Sociology,Social Sciences,14957,2.2,1,0,0,2.525,30,1,0,,0,-0.8
S201601434,2016,0,F,0,White,NC,INST_02,State University B (Research),research,2.97,11,1998,Art History,Humanities,14778,2.173,1,1,8917,2.9450000000000003,31,1,1,3.36,0,-0.827
S201601435,2016,0,M,0,Hispanic,FL,INST_02,State University B (Research),research,2.46,45,1998,Civil Engineering,STEM,25825,3.798,0,1,7245,3.325,30,0,0,,1,0.798
S201601436,2016,1,F,0,Hispanic,IL,INST_04,Regional College D (Teaching),teaching,3.17,71,1998,English,Humanities,7324,1.077,1,1,5949,4.0,33,0,0,,0,-1.923
S201601437,2016,1,M,0,White,OH,INST_03,Regional College C (Teaching),teaching,3.57,62,1998,Biomedical Engineering,STEM,3832,0.564,1,1,6005,3.885,31,0,0,,0,-2.436
S201601438,2016,1,F,0,Hispanic,MI,INST_03,Regional College C (Teaching),teaching,3.5,75,1998,Civil Engineering,STEM,12173,1.79,1,0,0,3.165,27,0,0,,0,-1.21
S201601439,2016,1,M,0,White,IL,INST_02,State University B (Research),research,3.28,32,1998,Biology,STEM,9398,1.382,1,1,5210,3.03,30,0,0,,0,-1.618
S201601440,2016,0,F,0,Asian,FL,INST_03,Regional College C (Teaching),teaching,3.65,69,1997,Biomedical Engineering,STEM,19842,2.918,1,1,4649,3.675,28,0,0,,0,-0.082
S201601441,2016,1,F,0,Asian,NY,INST_04,Regional College D (Teaching),teaching,2.37,37,1998,Biomedical Engineering,STEM,0,0.1,1,1,10352,3.46,30,1,0,,0,-2.9
S201601442,2016,0,F,1,Black,MI,INST_03,Regional College C (Teaching),teaching,3.01,48,1998,Art History,Humanities,6076,0.894,1,0,0,2.6399999999999997,30,0,0,,0,-2.106
S201601443,2016,0,F,0,Asian,IL,INST_02,State University B (Research),research,2.37,30,1998,Political Science,Social Sciences,9167,1.348,1,0,0,2.37,34,0,0,,0,-1.652
S201601444,2016,1,F,0,Multi,PA,INST_04,Regional College D (Teaching),teaching,3.47,64,1998,Kinesiology,Health,14484,2.13,1,1,6262,3.885,30,1,1,3.77,0,-0.87
S201601445,2016,1,M,0,Black,NJ,INST_02,State University B (Research),research,3.57,47,1998,Electrical Engineering,STEM,14678,2.159,1,0,0,2.795,31,0,0,,0,-0.841
S201601446,2016,0,M,1,Hispanic,PA,INST_05,Urban University E (Research),research,3.28,44,1998,Biomedical Engineering,STEM,5260,0.774,1,1,6844,3.265,27,1,1,3.7,0,-2.226
S201601447,2016,0,M,1,White,NJ,INST_04,Regional College D (Teaching),teaching,2.96,64,1998,Marketing,Business,3615,0.532,1,1,6635,3.6,33,1,0,,0,-2.468
S201601448,2016,0,F,0,Hispanic,TX,INST_02,State University B (Research),research,3.72,80,1998,Civil Engineering,STEM,11511,1.693,1,0,0,2.535,30,0,0,,0,-1.307
S201601449,2016,1,F,1,Hispanic,NJ,INST_03,Regional College C (Teaching),teaching,3.06,81,1998,Psychology,Social Sciences,2765,0.407,1,0,0,3.63,30,1,0,,0,-2.593
S201601450,2016,1,F,0,White,TX,INST_04,Regional College D (Teaching),teaching,3.29,59,1998,Electrical Engineering,STEM,0,0.1,1,1,6799,4.0,28,1,0,,0,-2.9
S201601451,2016,1,NB,0,Multi,NJ,INST_04,Regional College D (Teaching),teaching,3.11,36,1998,Civil Engineering,STEM,11997,1.764,1,1,4074,2.9749999999999996,31,0,0,,0,-1.236
S201601452,2016,1,M,0,Multi,PA,INST_05,Urban University E (Research),research,2.78,79,1998,Physics,STEM,0,0.1,1,1,4360,3.5,34,1,1,4.0,0,-2.9
S201601453,2016,0,F,0,White,FL,INST_02,State University B (Research),research,3.02,45,1998,Economics-Bus,Business,12922,1.9,1,1,5268,3.04,31,1,0,,0,-1.1
S201601454,2016,0,F,1,Asian,GA,INST_02,State University B (Research),research,3.43,31,1998,Biomedical Engineering,STEM,7475,1.099,1,0,0,3.0149999999999997,28,1,0,,0,-1.901
S201601455,2016,0,M,0,White,FL,INST_02,State University B (Research),research,3.25,38,1998,Undeclared,Other,17431,2.563,1,1,4917,3.25,34,1,0,,0,-0.437
S201601456,2016,1,F,0,Unknown,NC,INST_05,Urban University E (Research),research,2.33,70,1998,Marketing,Business,0,0.1,1,1,6485,3.785,31,1,1,3.77,0,-2.9
S201601457,2016,0,F,0,Hispanic,PA,INST_02,State University B (Research),research,2.99,38,1998,Economics,Social Sciences,10805,1.589,1,1,4962,3.125,28,1,1,3.13,0,-1.411
S201601458,2016,1,M,1,White,MI,INST_03,Regional College C (Teaching),teaching,3.36,95,1998,Spanish,Humanities,11816,1.738,1,0,0,3.24,28,1,1,3.35,0,-1.262
S201601459,2016,1,M,0,White,TX,INST_03,Regional College C (Teaching),teaching,3.15,40,1998,Nursing,Health,1353,0.199,1,0,0,3.67,27,0,0,,0,-2.801
S201601460,2016,0,M,0,AIAN,VA,INST_02,State University B (Research),research,3.24,57,1998,Mathematics,STEM,8184,1.204,1,1,5981,3.785,33,1,0,,0,-1.796
S201601461,2016,1,M,0,Multi,TX,INST_02,State University B (Research),research,2.73,51,1998,Art History,Humanities,14191,2.087,1,1,6610,2.855,28,0,0,,0,-0.913
S201601462,2016,0,F,0,White,FL,INST_02,State University B (Research),research,2.75,76,1998,Psychology,Social Sciences,18698,2.75,1,1,5572,3.965,31,1,1,3.85,0,-0.25
S201601463,2016,1,F,1,White,MI,INST_03,Regional College C (Teaching),teaching,3.26,73,1998,Philosophy,Humanities,5993,0.881,1,1,5417,3.8449999999999998,31,1,0,,0,-2.119
S201601464,2016,1,F,0,Black,NJ,INST_03,Regional College C (Teaching),teaching,3.01,29,1998,Psychology,Social Sciences,7692,1.131,1,1,6690,3.425,28,0,0,,0,-1.869
S201601465,2016,0,M,0,White,VA,INST_02,State University B (Research),research,2.68,51,1998,Mathematics,STEM,11430,1.681,1,1,6743,3.7800000000000002,31,1,1,4.0,0,-1.319
S201601466,2016,0,M,1,White,TX,INST_03,Regional College C (Teaching),teaching,1.97,56,1998,Finance,Business,16281,2.394,1,0,0,3.8600000000000003,32,0,0,,0,-0.606
S201601467,2016,1,F,0,Hispanic,NJ,INST_05,Urban University E (Research),research,3.14,52,1998,Chemistry,STEM,0,0.1,1,0,0,3.34,28,1,1,3.79,0,-2.9
S201601468,2016,0,M,1,White,PA,INST_01,State University A (Research),research,2.89,21,1998,Management,Business,15526,2.283,1,0,0,2.065,33,0,0,,0,-0.717
S201601469,2016,0,M,0,Asian,IL,INST_02,State University B (Research),research,4.0,59,1998,Mathematics,STEM,0,0.1,1,0,0,3.4699999999999998,28,1,0,,0,-2.9
S201601470,2016,0,M,0,White,GA,INST_04,Regional College D (Teaching),teaching,2.82,40,1998,Nursing,Health,10618,1.561,1,1,4323,3.21,29,0,0,,0,-1.439
S201601471,2016,0,M,1,White,NY,INST_03,Regional College C (Teaching),teaching,3.65,21,1998,Marketing,Business,21813,3.208,0,0,0,2.855,34,1,0,,1,0.208
S201601472,2016,1,F,1,White,CA,INST_05,Urban University E (Research),research,3.35,72,1998,Electrical Engineering,STEM,7151,1.052,1,0,0,3.8049999999999997,28,0,0,,0,-1.948
S201601473,2016,0,NB,1,White,NJ,INST_03,Regional College C (Teaching),teaching,2.86,26,1998,Economics-Bus,Business,4508,0.663,1,1,8520,3.17,29,1,0,,0,-2.337
S201601474,2016,0,F,1,Hispanic,NC,INST_04,Regional College D (Teaching),teaching,3.8,51,1998,Accounting,Business,9906,1.457,1,1,6356,3.8449999999999998,33,0,0,,0,-1.543
S201601475,2016,1,M,0,White,IL,INST_01,State University A (Research),research,3.35,80,1998,Civil Engineering,STEM,16481,2.424,1,1,5342,3.435,30,0,0,,0,-0.576
S201601476,2016,0,F,0,White,VA,INST_04,Regional College D (Teaching),teaching,3.48,92,1998,Economics-Bus,Business,12335,1.814,1,0,0,3.62,30,1,0,,0,-1.186
S201601477,2016,1,F,0,Hispanic,NJ,INST_02,State University B (Research),research,2.41,38,1998,Mathematics,STEM,21069,3.098,0,0,0,3.5250000000000004,32,1,0,,1,0.098
S201601478,2016,0,F,0,White,MI,INST_02,State University B (Research),research,3.09,54,1998,Philosophy,Humanities,12338,1.814,1,0,0,2.99,30,0,0,,0,-1.186
S201601479,2016,1,F,0,White,PA,INST_05,Urban University E (Research),research,3.7,76,1998,Political Science,Social Sciences,4557,0.67,1,1,2445,3.87,28,0,0,,0,-2.33
S201601480,2016,0,M,0,White,FL,INST_03,Regional College C (Teaching),teaching,3.99,48,1998,Communications,Other,16882,2.483,1,1,3111,3.5949999999999998,28,0,0,,0,-0.517
S201601481,2016,0,F,0,Hispanic,NC,INST_02,State University B (Research),research,4.0,47,1998,Biomedical Engineering,STEM,0,0.1,1,0,0,2.915,31,1,0,,0,-2.9
S201601482,2016,0,M,1,White,FL,INST_02,State University B (Research),research,3.55,68,1998,Education,Other,12914,1.899,1,1,7878,3.865,34,1,0,,0,-1.101
S201601483,2016,0,F,0,Black,NJ,INST_05,Urban University E (Research),research,3.2,79,1998,Economics,Social Sciences,5872,0.864,1,0,0,3.585,28,0,0,,0,-2.136
S201601484,2016,0,M,0,Hispanic,NC,INST_02,State University B (Research),research,3.35,21,1998,Political Science,Social Sciences,8887,1.307,1,0,0,3.8049999999999997,31,0,0,,0,-1.693
S201601485,2016,0,F,0,White,NY,INST_04,Regional College D (Teaching),teaching,3.04,49,1998,Economics,Social Sciences,13194,1.94,1,0,0,2.74,31,1,0,,0,-1.06
S201601486,2016,1,F,0,White,NJ,INST_03,Regional College C (Teaching),teaching,3.25,43,1998,Management,Business,0,0.1,1,1,5465,3.895,33,1,0,,0,-2.9
S201601487,2016,0,F,0,White,NC,INST_03,Regional College C (Teaching),teaching,3.42,16,1997,Public Health,Health,7548,1.11,1,0,0,3.3099999999999996,28,0,0,,0,-1.89
S201601488,2016,0,M,1,White,TX,INST_02,State University B (Research),research,3.24,59,1998,History,Humanities,9539,1.403,1,1,5284,3.745,34,1,1,4.0,0,-1.597
S201601489,2016,1,M,0,White,NC,INST_04,Regional College D (Teaching),teaching,3.06,36,1998,Nursing,Health,5535,0.814,1,1,5597,2.575,28,1,0,,0,-2.186
S201601490,2016,0,F,0,Black,CA,INST_01,State University A (Research),research,3.11,57,1998,Physics,STEM,21540,3.168,0,0,0,3.0949999999999998,31,1,1,3.03,1,0.168
S201601491,2016,0,F,0,Asian,NY,INST_05,Urban University E (Research),research,3.4,50,1998,Psychology,Social Sciences,13538,1.991,1,1,7707,3.73,30,0,0,,0,-1.009
S201601492,2016,1,F,0,White,PA,INST_02,State University B (Research),research,2.12,20,1998,Nursing,Health,24952,3.669,0,0,0,1.85,28,0,0,,1,0.669
S201601493,2016,1,M,0,Black,GA,INST_03,Regional College C (Teaching),teaching,2.99,76,1998,Undeclared,Other,15209,2.237,1,0,0,2.955,33,1,1,2.55,0,-0.763
S201601494,2016,0,F,1,White,NJ,INST_04,Regional College D (Teaching),teaching,3.79,45,1998,Electrical Engineering,STEM,18189,2.675,1,1,6400,3.795,33,1,1,3.43,0,-0.325
S201601495,2016,1,M,1,White,OH,INST_01,State University A (Research),research,3.86,30,1998,Finance,Business,14764,2.171,1,0,0,3.175,30,1,0,,0,-0.829
S201601496,2016,0,F,0,Multi,GA,INST_02,State University B (Research),research,3.69,44,1998,Electrical Engineering,STEM,18493,2.72,1,1,7684,3.125,29,0,0,,0,-0.28
S201601497,2016,0,M,0,Hispanic,GA,INST_04,Regional College D (Teaching),teaching,3.27,21,1998,Psychology,Social Sciences,19940,2.932,1,1,5336,2.42,28,1,1,3.07,0,-0.068
S201601498,2016,1,M,0,Hispanic,GA,INST_01,State University A (Research),research,2.16,60,1998,Accounting,Business,6263,0.921,1,0,0,3.63,27,0,0,,0,-2.079
S201601499,2016,0,F,0,Black,TX,INST_02,State University B (Research),research,3.49,16,1998,Public Health,Health,13765,2.024,1,0,0,3.04,31,1,1,3.46,0,-0.976
S201601500,2016,0,F,0,Black,NY,INST_04,Regional College D (Teaching),teaching,3.08,87,1998,Statistics,STEM,16560,2.435,1,0,0,3.215,31,0,0,,0,-0.565
S201601501,2016,1,M,1,White,NY,INST_05,Urban University E (Research),research,3.5,48,1998,Art History,Humanities,3127,0.46,1,1,4666,3.315,31,1,0,,0,-2.54
S201601502,2016,1,F,0,Asian,NY,INST_01,State University A (Research),research,4.0,64,1998,Biology,STEM,17013,2.502,1,0,0,3.705,31,1,1,3.81,0,-0.498
S201601503,2016,0,M,1,White,VA,INST_02,State University B (Research),research,3.68,46,1998,Civil Engineering,STEM,1021,0.15,1,1,4863,3.955,30,1,0,,0,-2.85
S201601504,2016,0,M,0,Black,CA,INST_04,Regional College D (Teaching),teaching,4.0,64,1998,Accounting,Business,10056,1.479,1,1,4098,3.87,31,0,0,,0,-1.521
S201601505,2016,0,M,0,White,IL,INST_04,Regional College D (Teaching),teaching,3.46,40,1998,Economics-Bus,Business,22449,3.301,0,0,0,2.765,33,0,0,,1,0.301
S201601506,2016,0,F,1,Asian,GA,INST_05,Urban University E (Research),research,2.74,82,1998,Economics,Social Sciences,2581,0.38,1,1,6457,2.715,31,1,0,,0,-2.62
S201601507,2016,1,M,0,White,CA,INST_02,State University B (Research),research,3.48,30,1998,Physics,STEM,16618,2.444,1,1,4629,2.915,29,1,0,,0,-0.556
S201601508,2016,0,F,1,Hispanic,IL,INST_04,Regional College D (Teaching),teaching,2.74,70,1998,Economics-Bus,Business,17534,2.579,1,1,4800,2.925,28,0,0,,0,-0.421
S201601509,2016,0,F,0,Black,NY,INST_05,Urban University E (Research),research,2.76,56,1998,Electrical Engineering,STEM,0,0.1,1,1,7447,3.425,29,1,1,3.12,0,-2.9
S201601510,2016,0,M,0,White,PA,INST_02,State University B (Research),research,2.79,81,1998,Mechanical Engineering,STEM,8164,1.201,1,1,4388,3.3049999999999997,27,1,1,3.65,0,-1.799
S201601511,2016,0,F,0,White,NC,INST_05,Urban University E (Research),research,3.93,69,1998,Psychology,Social Sciences,6795,0.999,1,1,5930,3.8049999999999997,32,1,1,3.81,0,-2.001
S201601512,2016,1,M,0,White,GA,INST_04,Regional College D (Teaching),teaching,3.73,80,1998,Undeclared,Other,0,0.1,1,1,7427,2.9699999999999998,30,1,0,,0,-2.9
S201601513,2016,0,F,1,White,CA,INST_04,Regional College D (Teaching),teaching,3.05,68,1998,Accounting,Business,10154,1.493,1,1,3884,3.48,27,0,0,,0,-1.507
S201601514,2016,0,F,1,Multi,IL,INST_02,State University B (Research),research,2.38,61,1998,Civil Engineering,STEM,10834,1.593,1,0,0,3.355,31,0,0,,0,-1.407
S201601515,2016,0,F,0,White,GA,INST_03,Regional College C (Teaching),teaching,3.42,39,1998,Statistics,STEM,7101,1.044,1,1,7149,3.0549999999999997,27,0,0,,0,-1.956
S201601516,2016,0,M,0,White,TX,INST_03,Regional College C (Teaching),teaching,3.93,61,1998,Kinesiology,Health,0,0.1,1,0,0,3.875,31,0,0,,0,-2.9
S201601517,2016,0,F,0,White,PA,INST_02,State University B (Research),research,3.75,59,1998,Computer Science,STEM,4269,0.628,1,1,5119,3.38,32,0,0,,0,-2.372
S201601518,2016,0,F,1,Hispanic,PA,INST_01,State University A (Research),research,3.57,66,1998,Philosophy,Humanities,5678,0.835,1,1,4004,3.755,27,1,0,,0,-2.165
S201601519,2016,0,F,0,White,PA,INST_01,State University A (Research),research,3.54,51,1998,Nursing,Health,8806,1.295,1,0,0,3.41,25,1,0,,0,-1.705
S201601520,2016,1,F,0,Multi,OH,INST_02,State University B (Research),research,3.54,32,1998,Psychology,Social Sciences,15986,2.351,1,1,7107,3.84,28,1,1,3.95,0,-0.649
S201601521,2016,0,F,0,White,TX,INST_05,Urban University E (Research),research,3.82,50,1998,Statistics,STEM,4926,0.724,1,1,3641,2.775,32,1,1,2.88,0,-2.276
S201601522,2016,0,M,0,Black,GA,INST_03,Regional College C (Teaching),teaching,2.74,50,1998,Computer Science,STEM,12168,1.789,1,1,5409,3.815,28,0,0,,0,-1.211
S201601523,2016,1,M,0,White,FL,INST_04,Regional College D (Teaching),teaching,3.29,62,1998,Statistics,STEM,0,0.1,1,1,4529,3.1799999999999997,29,0,0,,0,-2.9
S201601524,2016,0,F,1,White,PA,INST_02,State University B (Research),research,3.43,47,1998,Public Health,Health,12653,1.861,1,0,0,3.4050000000000002,28,1,0,,0,-1.139
S201601525,2016,0,M,0,White,NJ,INST_01,State University A (Research),research,3.3,71,1998,Management,Business,13048,1.919,1,1,6368,3.105,28,1,1,3.59,0,-1.081
S201601526,2016,0,F,0,Black,NY,INST_04,Regional College D (Teaching),teaching,3.4,63,1998,Education,Other,20110,2.957,1,0,0,3.355,29,0,0,,0,-0.043
S201601527,2016,1,M,0,White,GA,INST_02,State University B (Research),research,3.02,36,1998,General Studies,Other,9361,1.377,1,1,6060,3.91,31,0,0,,0,-1.623
S201601528,2016,0,F,0,Black,NY,INST_01,State University A (Research),research,3.57,35,1998,Electrical Engineering,STEM,11046,1.624,1,0,0,3.8099999999999996,27,1,1,4.0,0,-1.376
S201601529,2016,1,M,1,White,NJ,INST_05,Urban University E (Research),research,3.52,61,1998,Kinesiology,Health,1573,0.231,1,0,0,2.67,26,0,0,,0,-2.769
S201601530,2016,0,F,1,Asian,NJ,INST_05,Urban University E (Research),research,3.49,74,1998,Economics-Bus,Business,13100,1.926,1,1,7951,3.95,32,1,1,4.0,0,-1.074
S201601531,2016,0,M,0,Hispanic,NJ,INST_01,State University A (Research),research,2.98,71,1998,Biomedical Engineering,STEM,9981,1.468,1,1,5786,4.0,31,1,0,,0,-1.532
S201601532,2016,0,M,0,AIAN,CA,INST_04,Regional College D (Teaching),teaching,3.38,69,1998,Economics-Bus,Business,9093,1.337,1,0,0,3.295,31,0,0,,0,-1.663
S201601533,2016,0,F,1,White,IL,INST_05,Urban University E (Research),research,3.23,46,1998,Electrical Engineering,STEM,13513,1.987,1,1,5437,3.31,32,0,0,,0,-1.013
S201601534,2016,1,F,1,White,OH,INST_03,Regional College C (Teaching),teaching,2.93,10,1998,Art History,Humanities,11057,1.626,1,0,0,2.085,33,0,0,,0,-1.374
S201601535,2016,0,F,0,White,TX,INST_05,Urban University E (Research),research,3.78,49,1998,Biomedical Engineering,STEM,14249,2.095,1,0,0,3.545,27,1,0,,0,-0.905
S201601536,2016,0,F,0,Hispanic,VA,INST_02,State University B (Research),research,2.77,74,1998,Anthropology,Social Sciences,5961,0.877,1,0,0,2.74,28,0,0,,0,-2.123
S201601537,2016,0,M,0,Hispanic,TX,INST_03,Regional College C (Teaching),teaching,2.63,77,1998,Economics-Bus,Business,0,0.1,1,1,5837,3.36,27,1,1,3.91,0,-2.9
S201601538,2016,1,F,1,Multi,PA,INST_02,State University B (Research),research,3.52,44,1998,Mechanical Engineering,STEM,2752,0.405,1,0,0,3.065,27,1,1,3.49,0,-2.595
S201601539,2016,1,M,0,White,VA,INST_04,Regional College D (Teaching),teaching,2.49,76,1998,Mechanical Engineering,STEM,10388,1.528,1,0,0,3.535,31,0,0,,0,-1.472
S201601540,2016,0,F,1,Hispanic,NY,INST_04,Regional College D (Teaching),teaching,2.1,37,1998,Computer Science,STEM,16664,2.451,1,1,4036,3.715,28,1,1,3.29,0,-0.549
S201601541,2016,0,F,0,Black,IL,INST_03,Regional College C (Teaching),teaching,3.49,62,1998,Communications,Other,0,0.1,1,1,5633,3.87,30,1,1,3.96,0,-2.9
S201601542,2016,1,F,0,White,TX,INST_04,Regional College D (Teaching),teaching,3.1,31,1998,Kinesiology,Health,18241,2.682,1,1,7148,3.4450000000000003,32,1,0,,0,-0.318
S201601543,2016,0,F,1,White,OH,INST_04,Regional College D (Teaching),teaching,3.05,38,1998,Economics-Bus,Business,14868,2.186,1,0,0,2.795,29,1,1,3.18,0,-0.814
S201601544,2016,1,F,0,Hispanic,CA,INST_05,Urban University E (Research),research,2.99,58,1998,Economics-Bus,Business,4606,0.677,1,1,3691,4.0,27,1,0,,0,-2.323
S201601545,2016,0,M,0,White,TX,INST_05,Urban University E (Research),research,3.37,84,1998,General Studies,Other,6447,0.948,1,1,5729,3.365,31,1,0,,0,-2.052
S201601546,2016,1,F,0,Black,CA,INST_03,Regional College C (Teaching),teaching,3.52,43,1998,Undeclared,Other,12194,1.793,1,1,4309,3.8600000000000003,33,0,0,,0,-1.207
S201601547,2016,0,F,1,Asian,FL,INST_05,Urban University E (Research),research,3.68,52,1998,Economics,Social Sciences,7536,1.108,1,1,4169,3.605,28,1,0,,0,-1.892
S201601548,2016,0,F,0,White,GA,INST_02,State University B (Research),research,3.99,30,1998,Management,Business,6151,0.905,1,1,5678,4.0,31,0,0,,0,-2.095
S201601549,2016,0,F,0,Asian,PA,INST_03,Regional College C (Teaching),teaching,3.94,47,1998,Public Health,Health,12727,1.872,1,1,4346,2.855,28,1,0,,0,-1.128
S201601550,2016,0,M,0,White,OH,INST_05,Urban University E (Research),research,3.27,48,1998,Pre-Med,Health,10902,1.603,1,1,4275,3.4299999999999997,28,1,1,3.4,0,-1.397
S201601551,2016,1,F,0,Hispanic,GA,INST_03,Regional College C (Teaching),teaching,2.36,33,1998,Political Science,Social Sciences,7921,1.165,1,1,4679,3.2750000000000004,31,0,0,,0,-1.835
S201601552,2016,0,F,1,White,CA,INST_02,State University B (Research),research,2.3,37,1998,Marketing,Business,14446,2.124,1,0,0,3.5700000000000003,26,1,1,3.29,0,-0.876
S201601553,2016,0,F,0,White,IL,INST_02,State University B (Research),research,2.81,47,1998,Sociology,Social Sciences,21010,3.09,0,0,0,3.075,28,0,0,,1,0.09
S201601554,2016,0,F,0,Black,NJ,INST_03,Regional College C (Teaching),teaching,3.21,48,1998,Chemistry,STEM,17344,2.551,1,1,5408,2.8600000000000003,31,1,1,2.81,0,-0.449
S201601555,2016,0,F,1,White,OH,INST_03,Regional College C (Teaching),teaching,3.35,39,1998,Mechanical Engineering,STEM,13402,1.971,1,1,7733,3.8449999999999998,32,1,0,,0,-1.029
S201601556,2016,1,M,0,White,GA,INST_03,Regional College C (Teaching),teaching,3.46,51,1998,Biology,STEM,0,0.1,1,1,8252,3.325,31,1,1,4.0,0,-2.9
S201601557,2016,0,M,0,White,IL,INST_05,Urban University E (Research),research,2.77,38,1998,Nursing,Health,23199,3.412,0,0,0,3.505,31,1,0,,1,0.412
S201601558,2016,1,M,0,White,VA,INST_05,Urban University E (Research),research,3.74,58,1998,Mathematics,STEM,1411,0.208,1,0,0,3.3499999999999996,28,1,1,3.18,0,-2.792
S201601559,2016,0,F,0,Multi,PA,INST_02,State University B (Research),research,2.96,59,1998,Civil Engineering,STEM,6107,0.898,1,1,7509,3.455,31,1,0,,0,-2.102
S201601560,2016,1,M,0,Multi,NY,INST_03,Regional College C (Teaching),teaching,3.54,54,1998,Finance,Business,9573,1.408,1,1,6590,3.61,30,1,1,4.0,0,-1.592
S201601561,2016,0,F,0,White,TX,INST_03,Regional College C (Teaching),teaching,2.28,76,1998,Mathematics,STEM,17213,2.531,1,1,5842,2.505,34,1,0,,0,-0.469
S201601562,2016,0,F,0,White,TX,INST_03,Regional College C (Teaching),teaching,3.44,46,1998,Mechanical Engineering,STEM,13490,1.984,1,0,0,3.505,30,0,0,,0,-1.016
S201601563,2016,1,F,0,White,NJ,INST_01,State University A (Research),research,3.11,56,1998,Management,Business,7161,1.053,1,1,4577,3.02,31,1,0,,0,-1.947
S201601564,2016,0,F,0,White,TX,INST_05,Urban University E (Research),research,2.68,42,1998,Biomedical Engineering,STEM,17904,2.633,1,0,0,3.6950000000000003,33,0,0,,0,-0.367
S201601565,2016,0,F,1,Hispanic,PA,INST_01,State University A (Research),research,2.05,30,1998,Electrical Engineering,STEM,10489,1.542,1,0,0,2.995,28,0,0,,0,-1.458
S201601566,2016,1,M,0,White,IL,INST_03,Regional College C (Teaching),teaching,3.39,68,1998,Economics-Bus,Business,0,0.1,1,1,5814,3.125,28,1,1,3.03,0,-2.9
S201601567,2016,1,F,0,White,GA,INST_01,State University A (Research),research,2.68,19,1998,Marketing,Business,2251,0.331,1,1,5271,3.305,29,1,1,2.84,0,-2.669
S201601568,2016,0,F,1,White,GA,INST_01,State University A (Research),research,3.1,38,1998,Anthropology,Social Sciences,17234,2.534,1,1,5007,2.265,34,0,0,,0,-0.466
S201601569,2016,0,F,0,White,TX,INST_03,Regional College C (Teaching),teaching,3.22,54,1998,Economics-Bus,Business,10670,1.569,1,1,6642,3.515,30,1,1,3.82,0,-1.431
S201601570,2016,0,F,0,White,MI,INST_04,Regional College D (Teaching),teaching,2.76,70,1998,Economics,Social Sciences,6675,0.982,1,1,7152,3.88,28,1,1,3.93,0,-2.018
S201601571,2016,0,F,0,Black,IL,INST_03,Regional College C (Teaching),teaching,3.27,80,1998,Psychology,Social Sciences,8911,1.31,1,1,4161,3.065,31,1,0,,0,-1.69
S201601572,2016,1,M,0,White,VA,INST_03,Regional College C (Teaching),teaching,2.68,41,1998,Civil Engineering,STEM,0,0.1,1,1,6970,3.96,30,1,1,3.84,0,-2.9
S201601573,2016,1,M,0,White,FL,INST_03,Regional College C (Teaching),teaching,3.12,57,1998,Psychology,Social Sciences,12706,1.869,1,1,4951,3.77,32,1,0,,0,-1.131
S201601574,2016,0,F,0,Black,NJ,INST_02,State University B (Research),research,3.63,9,1998,Education,Other,20995,3.088,0,0,0,3.825,30,1,0,,1,0.088
S201601575,2016,0,F,0,White,GA,INST_03,Regional College C (Teaching),teaching,3.14,69,1998,Pre-Med,Health,14451,2.125,1,0,0,3.2199999999999998,28,0,0,,0,-0.875
S201601576,2016,1,F,0,Asian,TX,INST_05,Urban University E (Research),research,3.15,40,1998,Computer Science,STEM,14339,2.109,1,1,5597,2.985,28,1,0,,0,-0.891
S201601577,2016,0,F,0,Hispanic,NJ,INST_02,State University B (Research),research,3.08,62,1998,Chemistry,STEM,8698,1.279,1,1,6169,3.4850000000000003,29,1,1,3.49,0,-1.721
S201601578,2016,1,F,1,Hispanic,PA,INST_05,Urban University E (Research),research,3.4,61,1998,Nursing,Health,18088,2.66,1,0,0,3.44,33,1,0,,0,-0.34
S201601579,2016,1,M,1,Black,MI,INST_05,Urban University E (Research),research,3.13,3,1998,Mathematics,STEM,6703,0.986,1,0,0,3.635,28,1,0,,0,-2.014
S201601580,2016,0,M,0,Hispanic,NJ,INST_02,State University B (Research),research,2.93,50,1998,Public Health,Health,12460,1.832,1,1,6993,3.675,31,0,0,,0,-1.168
S201601581,2016,0,F,0,Black,NY,INST_05,Urban University E (Research),research,2.84,25,1998,Chemistry,STEM,18282,2.689,1,1,4224,2.435,32,0,0,,0,-0.311
S201601582,2016,0,F,1,Black,VA,INST_02,State University B (Research),research,3.25,59,1998,Psychology,Social Sciences,6502,0.956,1,1,3298,3.8899999999999997,32,1,0,,0,-2.044
S201601583,2016,1,F,1,White,OH,INST_02,State University B (Research),research,3.55,87,1998,Economics-Bus,Business,7546,1.11,1,1,6989,3.7199999999999998,28,1,0,,0,-1.89
S201601584,2016,0,M,0,White,NY,INST_02,State University B (Research),research,2.94,86,1998,Physics,STEM,0,0.1,1,1,6933,2.9349999999999996,30,1,0,,0,-2.9
S201601585,2016,0,M,0,Black,CA,INST_03,Regional College C (Teaching),teaching,4.0,74,1997,Civil Engineering,STEM,28229,4.151,0,0,0,3.255,26,1,1,3.74,1,1.151
S201601586,2016,1,M,0,White,GA,INST_04,Regional College D (Teaching),teaching,3.55,74,1998,Psychology,Social Sciences,11961,1.759,1,1,5017,3.9850000000000003,30,0,0,,0,-1.241
S201601587,2016,1,M,0,White,FL,INST_02,State University B (Research),research,4.0,42,1998,Accounting,Business,5713,0.84,1,1,5397,3.2350000000000003,30,0,0,,0,-2.16
S201601588,2016,0,M,1,Hispanic,NC,INST_01,State University A (Research),research,3.28,63,1998,Economics,Social Sciences,14384,2.115,1,1,3755,3.7800000000000002,31,0,0,,0,-0.885
S201601589,2016,1,M,0,Asian,PA,INST_05,Urban University E (Research),research,2.78,42,1998,Philosophy,Humanities,23201,3.412,0,1,5229,4.0,32,0,0,,1,0.412
S201601590,2016,0,F,0,Black,NY,INST_04,Regional College D (Teaching),teaching,3.3,54,1998,Communications,Other,9239,1.359,1,0,0,3.015,33,0,0,,0,-1.641
S201601591,2016,0,F,1,White,MI,INST_01,State University A (Research),research,2.74,60,1998,Art History,Humanities,17698,2.603,1,1,6937,3.225,29,0,0,,0,-0.397
S201601592,2016,0,F,1,Black,MI,INST_04,Regional College D (Teaching),teaching,3.62,78,1998,Sociology,Social Sciences,18905,2.78,1,1,5739,3.1950000000000003,31,1,0,,0,-0.22
S201601593,2016,0,M,1,White,NY,INST_05,Urban University E (Research),research,3.52,61,1998,Mathematics,STEM,14330,2.107,1,0,0,3.91,29,0,0,,0,-0.893
S201601594,2016,1,F,0,Asian,IL,INST_01,State University A (Research),research,2.71,61,1998,Communications,Other,5584,0.821,1,0,0,3.43,31,1,1,3.33,0,-2.179
S201601595,2016,0,F,0,Black,TX,INST_05,Urban University E (Research),research,3.63,63,1998,Biology,STEM,7175,1.055,1,1,6746,2.67,32,1,1,3.27,0,-1.945
S201601596,2016,0,M,0,White,VA,INST_01,State University A (Research),research,2.78,36,1998,Psychology,Social Sciences,5522,0.812,1,1,4807,2.465,28,1,0,,0,-2.188
S201601597,2016,0,M,0,Black,MI,INST_02,State University B (Research),research,3.19,46,1998,Pre-Med,Health,8782,1.291,1,0,0,2.515,29,0,0,,0,-1.709
S201601598,2016,1,F,0,White,MI,INST_05,Urban University E (Research),research,3.43,68,1998,Accounting,Business,2807,0.413,1,0,0,3.38,33,1,1,3.45,0,-2.587
S201601599,2016,0,F,0,White,FL,INST_04,Regional College D (Teaching),teaching,3.58,26,1998,Sociology,Social Sciences,20562,3.024,0,0,0,2.635,30,0,0,,1,0.024
S201601600,2016,1,F,0,White,OH,INST_03,Regional College C (Teaching),teaching,3.04,68,1998,Undeclared,Other,3404,0.501,1,1,5332,3.735,26,1,0,,0,-2.499
S201601601,2016,0,F,0,Black,IL,INST_01,State University A (Research),research,3.17,79,1998,Psychology,Social Sciences,21218,3.12,0,1,5763,3.385,26,1,0,,1,0.12
S201601602,2016,0,F,0,AIAN,FL,INST_05,Urban University E (Research),research,1.86,63,1998,Economics-Bus,Business,20743,3.05,0,1,7665,2.9699999999999998,32,0,0,,1,0.05
S201601603,2016,0,F,1,AIAN,CA,INST_03,Regional College C (Teaching),teaching,2.93,43,1998,Education,Other,1007,0.148,1,1,6492,3.325,31,0,0,,0,-2.852
S201601604,2016,1,M,1,White,OH,INST_05,Urban University E (Research),research,2.98,63,1998,Economics-Bus,Business,6554,0.964,1,1,3706,3.26,28,1,1,3.63,0,-2.036
S201601605,2016,0,F,1,White,IL,INST_01,State University A (Research),research,3.44,30,1998,History,Humanities,5388,0.792,1,0,0,2.7800000000000002,30,0,0,,0,-2.208
S201601606,2016,0,F,0,White,NY,INST_05,Urban University E (Research),research,3.4,17,1998,Economics,Social Sciences,8219,1.209,1,0,0,2.645,30,0,0,,0,-1.791
S201601607,2016,0,M,0,Multi,NC,INST_02,State University B (Research),research,3.73,47,1998,Biomedical Engineering,STEM,7707,1.133,1,1,5836,3.88,30,0,0,,0,-1.867
S201601608,2016,1,F,0,White,MI,INST_02,State University B (Research),research,2.88,29,1998,Education,Other,0,0.1,1,1,5004,3.9,31,1,1,3.44,0,-2.9
S201601609,2016,0,F,1,Hispanic,NY,INST_03,Regional College C (Teaching),teaching,3.55,63,1998,Anthropology,Social Sciences,10151,1.493,1,0,0,2.87,31,0,0,,0,-1.507
S201601610,2016,0,M,0,White,VA,INST_04,Regional College D (Teaching),teaching,3.53,45,1998,English,Humanities,988,0.145,1,1,6600,3.4299999999999997,28,0,0,,0,-2.855
S201601611,2016,1,M,0,White,IL,INST_03,Regional College C (Teaching),teaching,2.54,72,1998,English,Humanities,392,0.1,1,1,7463,3.3,29,0,0,,0,-2.9
S201601612,2016,0,M,0,White,CA,INST_04,Regional College D (Teaching),teaching,3.26,55,1998,Computer Science,STEM,0,0.1,1,1,8595,3.545,31,0,0,,0,-2.9
S201601613,2016,0,F,1,White,TX,INST_05,Urban University E (Research),research,2.52,53,1997,Kinesiology,Health,12330,1.813,1,0,0,3.52,30,0,0,,0,-1.187
S201601614,2016,1,F,1,White,PA,INST_03,Regional College C (Teaching),teaching,3.48,47,1998,Pre-Med,Health,9284,1.365,1,1,3965,3.755,27,1,0,,0,-1.635
S201601615,2016,1,F,0,White,VA,INST_05,Urban University E (Research),research,2.74,95,1998,Public Health,Health,10999,1.618,1,1,5497,3.5949999999999998,31,0,0,,0,-1.382
S201601616,2016,0,F,0,Black,IL,INST_01,State University A (Research),research,2.6,44,1998,Nursing,Health,9679,1.423,1,1,9094,3.66,31,1,0,,0,-1.577
S201601617,2016,0,F,0,White,NJ,INST_03,Regional College C (Teaching),teaching,2.96,83,1998,Mechanical Engineering,STEM,9526,1.401,1,0,0,3.8899999999999997,28,0,0,,0,-1.599
S201601618,2016,0,M,0,Asian,GA,INST_05,Urban University E (Research),research,3.51,31,1998,Physics,STEM,15833,2.328,1,1,5429,3.11,28,0,0,,0,-0.672
S201601619,2016,1,F,0,Asian,VA,INST_02,State University B (Research),research,3.14,89,1998,Kinesiology,Health,8026,1.18,1,0,0,3.385,30,0,0,,0,-1.82
S201601620,2016,0,F,0,White,PA,INST_04,Regional College D (Teaching),teaching,3.81,73,1998,Biology,STEM,11106,1.633,1,1,6112,3.5700000000000003,30,1,1,3.69,0,-1.367
S201601621,2016,0,F,1,Hispanic,IL,INST_05,Urban University E (Research),research,2.67,39,1998,Computer Science,STEM,11988,1.763,1,1,6350,3.415,31,0,0,,0,-1.237
S201601622,2016,1,F,1,White,TX,INST_02,State University B (Research),research,3.35,41,1998,Kinesiology,Health,6832,1.005,1,1,7585,3.39,28,0,0,,0,-1.995
S201601623,2016,0,F,1,Multi,CA,INST_03,Regional College C (Teaching),teaching,3.1,63,1998,Accounting,Business,12367,1.819,1,0,0,2.735,31,1,0,,0,-1.181
S201601624,2016,0,F,0,White,MI,INST_04,Regional College D (Teaching),teaching,2.36,35,1998,Mathematics,STEM,22222,3.268,0,1,6643,3.615,30,0,0,,1,0.268
S201601625,2016,0,M,0,Asian,NC,INST_02,State University B (Research),research,3.47,74,1998,Marketing,Business,16638,2.447,1,1,5537,2.925,30,1,0,,0,-0.553
S201601626,2016,0,M,1,White,TX,INST_03,Regional College C (Teaching),teaching,2.94,51,1998,Undeclared,Other,8480,1.247,1,0,0,3.215,30,1,1,3.78,0,-1.753
S201601627,2016,1,M,0,Black,CA,INST_02,State University B (Research),research,3.28,15,1998,Computer Science,STEM,11877,1.747,1,1,6837,2.855,29,1,1,3.35,0,-1.253
S201601628,2016,1,F,0,Hispanic,GA,INST_03,Regional College C (Teaching),teaching,3.63,65,1998,Spanish,Humanities,15649,2.301,1,0,0,3.44,34,1,1,3.46,0,-0.699
S201601629,2016,1,M,1,Black,NJ,INST_01,State University A (Research),research,4.0,48,1998,Kinesiology,Health,11409,1.678,1,1,4074,3.935,27,1,1,4.0,0,-1.322
S201601630,2016,0,M,0,White,NC,INST_02,State University B (Research),research,2.89,79,1998,Art History,Humanities,7102,1.044,1,0,0,3.525,29,1,0,,0,-1.956
S201601631,2016,1,M,0,Hispanic,IL,INST_03,Regional College C (Teaching),teaching,3.45,46,1998,Electrical Engineering,STEM,2580,0.379,1,1,8021,3.13,30,1,0,,0,-2.621
S201601632,2016,1,F,0,White,PA,INST_05,Urban University E (Research),research,3.92,81,1998,Philosophy,Humanities,4184,0.615,1,1,5819,3.6950000000000003,30,1,1,3.31,0,-2.385
S201601633,2016,1,F,0,White,NY,INST_03,Regional College C (Teaching),teaching,3.6,15,1998,Civil Engineering,STEM,0,0.1,1,0,0,3.195,28,1,1,3.56,0,-2.9
S201601634,2016,0,M,0,Asian,VA,INST_04,Regional College D (Teaching),teaching,4.0,57,1998,History,Humanities,21259,3.126,0,0,0,3.385,30,1,1,3.22,1,0.126
S201601635,2016,0,M,0,Hispanic,NC,INST_04,Regional College D (Teaching),teaching,3.35,31,1998,Management,Business,21345,3.139,0,0,0,3.685,30,0,0,,1,0.139
S201601636,2016,1,F,0,White,NJ,INST_04,Regional College D (Teaching),teaching,3.42,64,1997,Chemistry,STEM,9405,1.383,1,1,4747,3.62,32,1,0,,0,-1.617
S201601637,2016,1,F,0,Asian,MI,INST_03,Regional College C (Teaching),teaching,3.75,44,1998,Marketing,Business,10907,1.604,1,1,5824,3.075,27,1,1,3.08,0,-1.396
S201601638,2016,1,M,1,White,NY,INST_04,Regional College D (Teaching),teaching,3.39,44,1998,Pre-Med,Health,0,0.1,1,0,0,3.0300000000000002,26,1,0,,0,-2.9
S201601639,2016,0,F,0,Black,NJ,INST_01,State University A (Research),research,2.98,18,1998,Civil Engineering,STEM,11091,1.631,1,0,0,2.395,31,1,0,,0,-1.369
S201601640,2016,0,M,0,Unknown,TX,INST_05,Urban University E (Research),research,3.35,45,1998,Finance,Business,3663,0.539,1,1,6298,2.965,28,1,0,,0,-2.461
S201601641,2016,1,M,1,Hispanic,TX,INST_04,Regional College D (Teaching),teaching,3.4,40,1998,Economics-Bus,Business,3800,0.559,1,0,0,3.5549999999999997,31,0,0,,0,-2.441
S201601642,2016,0,M,1,Multi,IL,INST_02,State University B (Research),research,4.0,61,1998,Mathematics,STEM,27381,4.027,0,0,0,2.79,32,1,1,2.76,1,1.027
S201601643,2016,0,F,0,Multi,NJ,INST_01,State University A (Research),research,3.47,59,1998,Electrical Engineering,STEM,17548,2.581,1,1,7245,4.0,28,0,0,,0,-0.419
S201601644,2016,0,M,0,Black,VA,INST_02,State University B (Research),research,2.83,57,1998,Biology,STEM,9797,1.441,1,1,6605,3.415,31,0,0,,0,-1.559
S201601645,2016,0,F,1,Multi,OH,INST_03,Regional College C (Teaching),teaching,3.31,10,1998,Statistics,STEM,0,0.1,1,0,0,2.275,34,0,0,,0,-2.9
S201601646,2016,0,F,0,Black,FL,INST_03,Regional College C (Teaching),teaching,2.43,55,1998,Economics-Bus,Business,16276,2.394,1,1,9259,3.825,28,0,0,,0,-0.606
S201601647,2016,1,F,0,White,VA,INST_03,Regional College C (Teaching),teaching,2.8,51,1998,Finance,Business,20827,3.063,0,0,0,3.87,28,1,1,4.0,1,0.063
S201601648,2016,0,F,1,Black,FL,INST_05,Urban University E (Research),research,3.99,28,1998,Biomedical Engineering,STEM,13597,2.0,1,1,7707,3.61,30,1,1,3.91,0,-1.0
S201601649,2016,0,F,1,White,IL,INST_03,Regional College C (Teaching),teaching,2.71,91,1998,Political Science,Social Sciences,8246,1.213,1,1,7775,3.5650000000000004,30,1,1,3.66,0,-1.787
S201601650,2016,0,M,1,White,PA,INST_05,Urban University E (Research),research,3.25,76,1998,Economics-Bus,Business,6955,1.023,1,0,0,3.94,30,1,1,3.78,0,-1.977
S201601651,2016,0,M,1,Asian,NJ,INST_05,Urban University E (Research),research,2.24,59,1998,Finance,Business,15196,2.235,1,1,6016,3.68,29,1,1,3.47,0,-0.765
S201601652,2016,0,M,0,Black,NJ,INST_05,Urban University E (Research),research,3.3,55,1998,Sociology,Social Sciences,20393,2.999,1,1,3060,3.435,30,1,1,3.58,0,-0.001
S201601653,2016,0,M,1,Hispanic,OH,INST_04,Regional College D (Teaching),teaching,2.99,45,1998,Accounting,Business,13394,1.97,1,1,8588,3.96,31,1,0,,0,-1.03
S201601654,2016,1,M,0,White,VA,INST_02,State University B (Research),research,3.12,29,1998,Sociology,Social Sciences,1136,0.167,1,1,6268,3.835,28,1,0,,0,-2.833
S201601655,2016,0,M,1,Hispanic,CA,INST_01,State University A (Research),research,1.97,42,1998,Political Science,Social Sciences,10376,1.526,1,1,7693,3.1799999999999997,30,0,0,,0,-1.474
S201601656,2016,0,M,0,White,NY,INST_03,Regional College C (Teaching),teaching,3.01,46,1998,Communications,Other,13353,1.964,1,1,7641,3.5149999999999997,32,1,1,3.85,0,-1.036
S201601657,2016,0,F,1,White,MI,INST_02,State University B (Research),research,2.26,95,1998,Statistics,STEM,15949,2.345,1,0,0,3.79,30,1,1,4.0,0,-0.655
S201601658,2016,0,F,0,Black,TX,INST_01,State University A (Research),research,2.66,75,1998,Public Health,Health,7371,1.084,1,0,0,3.4299999999999997,33,1,1,3.84,0,-1.916
S201601659,2016,1,F,0,White,IL,INST_02,State University B (Research),research,3.05,72,1998,Undeclared,Other,0,0.1,1,1,6648,3.1950000000000003,32,0,0,,0,-2.9
S201601660,2016,0,F,0,Hispanic,CA,INST_01,State University A (Research),research,3.6,74,1998,Nursing,Health,13249,1.948,1,1,4188,3.785,32,1,1,4.0,0,-1.052
S201601661,2016,0,F,0,Asian,FL,INST_05,Urban University E (Research),research,2.5,49,1998,Biomedical Engineering,STEM,15297,2.25,1,1,7698,3.24,28,1,0,,0,-0.75
S201601662,2016,0,F,0,Hispanic,VA,INST_01,State University A (Research),research,3.56,50,1998,Sociology,Social Sciences,13020,1.915,1,1,5249,3.45,30,1,0,,0,-1.085
S201601663,2016,0,F,0,White,CA,INST_03,Regional College C (Teaching),teaching,3.2,61,1998,Pre-Med,Health,11695,1.72,1,0,0,3.37,31,1,1,3.29,0,-1.28
S201601664,2016,0,F,0,White,IL,INST_02,State University B (Research),research,3.8,48,1998,Chemistry,STEM,5258,0.773,1,0,0,2.855,30,1,1,3.49,0,-2.227
S201601665,2016,1,F,0,White,NY,INST_04,Regional College D (Teaching),teaching,3.73,66,1998,Finance,Business,17798,2.617,1,1,7857,3.375,32,1,1,3.55,0,-0.383
S201601666,2016,1,M,0,White,TX,INST_04,Regional College D (Teaching),teaching,3.47,32,1998,Kinesiology,Health,0,0.1,1,1,4362,3.87,31,1,1,4.0,0,-2.9
S201601667,2016,1,M,0,White,FL,INST_02,State University B (Research),research,3.67,38,1998,Statistics,STEM,0,0.1,1,1,6730,3.975,30,1,0,,0,-2.9
S201601668,2016,0,F,0,White,VA,INST_04,Regional College D (Teaching),teaching,2.66,56,1998,Mechanical Engineering,STEM,12384,1.821,1,1,6451,3.0949999999999998,28,1,1,3.46,0,-1.179
S201601669,2016,1,F,1,Black,VA,INST_04,Regional College D (Teaching),teaching,2.56,43,1998,Electrical Engineering,STEM,14500,2.132,1,1,5250,3.215,30,0,0,,0,-0.868
S201601670,2016,1,F,0,White,NC,INST_01,State University A (Research),research,3.1,84,1998,Political Science,Social Sciences,0,0.1,1,1,8121,3.16,34,1,1,3.93,0,-2.9
S201601671,2016,0,M,0,White,IL,INST_05,Urban University E (Research),research,3.36,78,1998,Education,Other,7986,1.174,1,0,0,2.685,34,1,0,,0,-1.826
S201601672,2016,1,F,1,Hispanic,NC,INST_02,State University B (Research),research,3.49,70,1998,Computer Science,STEM,0,0.1,1,1,7728,3.955,30,0,0,,0,-2.9
S201601673,2016,1,M,1,White,VA,INST_01,State University A (Research),research,3.94,31,1998,Accounting,Business,2594,0.381,1,1,5949,3.3600000000000003,28,1,1,3.36,0,-2.619
S201601674,2016,0,F,0,Hispanic,FL,INST_03,Regional College C (Teaching),teaching,3.28,71,1998,Public Health,Health,13980,2.056,1,0,0,2.5999999999999996,31,0,0,,0,-0.944
S201601675,2016,1,M,0,White,OH,INST_03,Regional College C (Teaching),teaching,3.95,55,1998,Mathematics,STEM,2293,0.337,1,1,5572,3.87,31,1,1,4.0,0,-2.663
S201601676,2016,0,F,1,Multi,NY,INST_04,Regional College D (Teaching),teaching,2.86,38,1998,Political Science,Social Sciences,9661,1.421,1,1,6346,3.98,28,0,0,,0,-1.579
S201601677,2016,0,F,0,White,VA,INST_05,Urban University E (Research),research,4.0,92,1998,Spanish,Humanities,27275,4.011,0,0,0,3.775,25,1,1,3.92,1,1.011
S201601678,2016,1,F,1,White,PA,INST_02,State University B (Research),research,3.26,27,1998,Electrical Engineering,STEM,10731,1.578,1,1,5586,3.9699999999999998,29,1,0,,0,-1.422
S201601679,2016,0,M,0,Black,NJ,INST_05,Urban University E (Research),research,3.33,53,1998,Nursing,Health,6011,0.884,1,1,6333,3.8449999999999998,28,1,0,,0,-2.116
S201601680,2016,1,M,0,Hispanic,TX,INST_01,State University A (Research),research,3.44,58,1998,Finance,Business,16823,2.474,1,0,0,3.7800000000000002,28,1,0,,0,-0.526
S201601681,2016,0,M,0,White,NY,INST_01,State University A (Research),research,2.51,22,1998,Statistics,STEM,6532,0.961,1,1,6001,3.4450000000000003,30,1,1,3.25,0,-2.039
S201601682,2016,0,F,0,Unknown,GA,INST_05,Urban University E (Research),research,2.8,30,1998,Economics,Social Sciences,8835,1.299,1,1,6484,2.575,29,1,1,2.83,0,-1.701
S201601683,2016,1,F,0,White,MI,INST_02,State University B (Research),research,2.73,53,1998,Communications,Other,5727,0.842,1,0,0,3.59,29,1,0,,0,-2.158
S201601684,2016,1,F,0,Black,IL,INST_05,Urban University E (Research),research,2.9,59,1998,Physics,STEM,12882,1.894,1,1,8212,3.385,27,1,0,,0,-1.106
S201601685,2016,0,F,0,White,GA,INST_05,Urban University E (Research),research,3.33,71,1998,Civil Engineering,STEM,18321,2.694,1,1,8152,3.825,31,0,0,,0,-0.306
S201601686,2016,0,F,1,White,NY,INST_02,State University B (Research),research,3.29,64,1998,Economics-Bus,Business,5229,0.769,1,0,0,3.09,33,1,1,3.44,0,-2.231
S201601687,2016,1,F,0,Asian,IL,INST_05,Urban University E (Research),research,3.21,48,1998,Economics,Social Sciences,8455,1.243,1,0,0,2.66,30,1,1,3.81,0,-1.757
S201601688,2016,0,M,0,White,TX,INST_05,Urban University E (Research),research,3.31,50,1998,Undeclared,Other,5541,0.815,1,1,5919,3.575,31,0,0,,0,-2.185
S201601689,2016,0,F,1,White,OH,INST_03,Regional College C (Teaching),teaching,3.28,46,1998,Management,Business,8554,1.258,1,0,0,3.505,28,1,0,,0,-1.742
S201601690,2016,0,M,0,White,PA,INST_03,Regional College C (Teaching),teaching,3.28,39,1998,Psychology,Social Sciences,9206,1.354,1,1,6436,3.15,24,0,0,,0,-1.646
S201601691,2016,1,M,0,White,VA,INST_05,Urban University E (Research),research,2.9,66,1998,Spanish,Humanities,8607,1.266,1,0,0,2.9450000000000003,32,0,0,,0,-1.734
S201601692,2016,1,F,0,White,GA,INST_04,Regional College D (Teaching),teaching,2.73,31,1998,Communications,Other,2665,0.392,1,1,5740,3.5999999999999996,25,1,1,3.41,0,-2.608
S201601693,2016,0,F,0,Black,GA,INST_05,Urban University E (Research),research,3.38,27,1998,Chemistry,STEM,10510,1.546,1,1,6132,3.5300000000000002,29,1,1,3.62,0,-1.454
S201601694,2016,0,F,0,Hispanic,TX,INST_04,Regional College D (Teaching),teaching,2.79,59,1998,Biomedical Engineering,STEM,19263,2.833,1,0,0,3.35,29,1,1,3.73,0,-0.167
S201601695,2016,0,M,0,Hispanic,GA,INST_01,State University A (Research),research,3.18,78,1998,Communications,Other,14560,2.141,1,1,7671,3.555,31,1,1,3.76,0,-0.859
S201601696,2016,1,M,0,Hispanic,NJ,INST_04,Regional College D (Teaching),teaching,3.28,46,1998,Public Health,Health,15142,2.227,1,1,8003,2.955,31,0,0,,0,-0.773
S201601697,2016,0,M,1,Black,MI,INST_01,State University A (Research),research,2.99,33,1998,Mechanical Engineering,STEM,4149,0.61,1,1,4666,2.62,31,1,0,,0,-2.39
S201601698,2016,0,F,0,Black,NC,INST_01,State University A (Research),research,2.62,38,1997,Finance,Business,5392,0.793,1,0,0,2.705,33,1,0,,0,-2.207
S201601699,2016,1,M,0,Hispanic,CA,INST_04,Regional College D (Teaching),teaching,3.24,44,1998,Public Health,Health,10578,1.556,1,1,4629,3.43,27,0,0,,0,-1.444
S201601700,2016,0,F,1,Black,TX,INST_05,Urban University E (Research),research,2.84,47,1998,Nursing,Health,0,0.1,1,0,0,3.425,31,1,1,3.89,0,-2.9
S201601701,2016,1,M,0,Hispanic,IL,INST_03,Regional College C (Teaching),teaching,4.0,57,1998,Psychology,Social Sciences,10605,1.56,1,1,5737,3.655,30,1,0,,0,-1.44
S201601702,2016,1,F,0,Black,VA,INST_02,State University B (Research),research,3.06,54,1998,Finance,Business,5332,0.784,1,0,0,3.13,25,1,1,3.15,0,-2.216
S201601703,2016,1,F,1,Multi,NY,INST_04,Regional College D (Teaching),teaching,3.46,52,1998,Sociology,Social Sciences,14236,2.094,1,0,0,3.335,33,1,1,3.16,0,-0.906
S201601704,2016,0,M,0,White,NC,INST_02,State University B (Research),research,3.16,73,1998,Nursing,Health,19153,2.817,1,0,0,3.02,33,1,0,,0,-0.183
S201601705,2016,0,M,1,White,PA,INST_02,State University B (Research),research,4.0,87,1998,Economics,Social Sciences,13344,1.962,1,1,6175,3.55,28,1,1,3.78,0,-1.038
S201601706,2016,0,F,0,Hispanic,NY,INST_05,Urban University E (Research),research,3.09,41,1998,Chemistry,STEM,11587,1.704,1,1,6540,3.1550000000000002,34,1,1,3.32,0,-1.296
S201601707,2016,0,F,0,Hispanic,PA,INST_02,State University B (Research),research,2.23,63,1998,Pre-Med,Health,10221,1.503,1,1,5333,3.38,32,0,0,,0,-1.497
S201601708,2016,1,M,0,White,IL,INST_04,Regional College D (Teaching),teaching,3.5,64,1998,History,Humanities,13307,1.957,1,1,6825,3.95,33,1,0,,0,-1.043
S201601709,2016,0,M,1,Black,NC,INST_04,Regional College D (Teaching),teaching,2.59,33,1998,Economics-Bus,Business,13239,1.947,1,0,0,3.255,28,0,0,,0,-1.053
S201601710,2016,0,M,1,White,FL,INST_04,Regional College D (Teaching),teaching,2.71,41,1998,Nursing,Health,0,0.1,1,0,0,3.01,30,1,1,2.51,0,-2.9
S201601711,2016,0,F,0,Black,NY,INST_03,Regional College C (Teaching),teaching,3.15,58,1998,Management,Business,22224,3.268,0,1,6149,2.8049999999999997,28,1,1,2.85,1,0.268
S201601712,2016,0,M,1,White,NJ,INST_03,Regional College C (Teaching),teaching,3.48,44,1998,Mathematics,STEM,0,0.1,1,0,0,3.59,28,1,0,,0,-2.9
S201601713,2016,0,F,1,Multi,FL,INST_04,Regional College D (Teaching),teaching,2.91,29,1998,Civil Engineering,STEM,9344,1.374,1,0,0,3.2249999999999996,28,0,0,,0,-1.626
S201601714,2016,1,F,0,Hispanic,NJ,INST_04,Regional College D (Teaching),teaching,3.28,45,1998,Marketing,Business,6405,0.942,1,1,7057,3.4,33,0,0,,0,-2.058
S201601715,2016,0,F,1,Hispanic,NY,INST_04,Regional College D (Teaching),teaching,2.99,60,1998,Marketing,Business,1070,0.157,1,0,0,3.0549999999999997,31,1,1,3.24,0,-2.843
S201601716,2016,0,M,0,Asian,NJ,INST_04,Regional College D (Teaching),teaching,3.34,43,1998,Computer Science,STEM,8459,1.244,1,0,0,2.95,30,1,1,3.33,0,-1.756
S201601717,2016,0,F,0,White,TX,INST_02,State University B (Research),research,3.12,64,1998,Anthropology,Social Sciences,27117,3.988,0,0,0,3.02,28,1,1,3.16,1,0.988
S201601718,2016,1,F,0,Asian,MI,INST_01,State University A (Research),research,2.67,45,1998,Biomedical Engineering,STEM,13337,1.961,1,1,3860,3.58,28,1,0,,0,-1.039
S201601719,2016,0,F,1,White,NY,INST_03,Regional College C (Teaching),teaching,2.56,46,1998,Management,Business,4799,0.706,1,1,4696,3.255,30,1,0,,0,-2.294
S201601720,2016,1,F,1,Black,NY,INST_05,Urban University E (Research),research,3.3,46,1998,Finance,Business,0,0.1,1,1,4498,3.395,31,1,0,,0,-2.9
S201601721,2016,0,F,0,White,OH,INST_01,State University A (Research),research,3.47,62,1998,Management,Business,2704,0.398,1,1,5856,3.21,31,1,1,3.65,0,-2.602
S201601722,2016,0,F,1,Black,NJ,INST_03,Regional College C (Teaching),teaching,3.1,63,1998,Biomedical Engineering,STEM,17481,2.571,1,1,4720,3.605,31,1,1,3.32,0,-0.429
S201601723,2016,1,F,1,NHPI,IL,INST_02,State University B (Research),research,3.16,62,1998,Anthropology,Social Sciences,6301,0.927,1,1,7607,3.705,29,0,0,,0,-2.073
S201601724,2016,0,M,1,White,PA,INST_02,State University B (Research),research,3.21,82,1998,Management,Business,5198,0.764,1,1,4627,3.415,30,1,0,,0,-2.236
S201601725,2016,0,M,1,White,VA,INST_04,Regional College D (Teaching),teaching,3.77,68,1998,Public Health,Health,7227,1.063,1,1,6552,3.2300000000000004,30,1,0,,0,-1.937
S201601726,2016,0,M,0,Black,NY,INST_01,State University A (Research),research,3.07,42,1998,General Studies,Other,5136,0.755,1,0,0,3.315,33,1,1,3.58,0,-2.245
S201601727,2016,1,F,1,White,GA,INST_05,Urban University E (Research),research,3.62,81,1998,Communications,Other,1217,0.179,1,1,6461,3.465,28,1,1,3.95,0,-2.821
S201601728,2016,0,M,1,Asian,TX,INST_01,State University A (Research),research,3.34,71,1998,Education,Other,14798,2.176,1,0,0,2.535,32,1,1,2.37,0,-0.824
S201601729,2016,0,M,1,AIAN,OH,INST_01,State University A (Research),research,3.63,39,1998,Electrical Engineering,STEM,21221,3.121,0,1,9056,3.0700000000000003,30,1,0,,1,0.121
S201601730,2016,1,F,0,White,MI,INST_03,Regional College C (Teaching),teaching,3.06,77,1998,Public Health,Health,22379,3.291,0,1,6537,3.71,33,0,0,,1,0.291
S201601731,2016,0,F,0,Black,NC,INST_02,State University B (Research),research,3.63,70,1998,Undeclared,Other,22180,3.262,0,1,5182,3.24,26,0,0,,1,0.262
S201601732,2016,0,F,0,Hispanic,FL,INST_01,State University A (Research),research,3.56,56,1998,Physics,STEM,8922,1.312,1,1,5613,3.8449999999999998,31,0,0,,0,-1.688
S201601733,2016,0,F,0,White,IL,INST_03,Regional College C (Teaching),teaching,3.3,71,1998,Physics,STEM,12709,1.869,1,1,4181,3.675,31,1,1,3.31,0,-1.131
S201601734,2016,1,M,0,Hispanic,MI,INST_04,Regional College D (Teaching),teaching,3.59,48,1998,Statistics,STEM,7989,1.175,1,1,5271,2.915,28,1,0,,0,-1.825
S201601735,2016,0,F,0,White,TX,INST_05,Urban University E (Research),research,3.12,76,1998,Biology,STEM,3931,0.578,1,1,9964,2.525,30,1,1,2.78,0,-2.422
S201601736,2016,1,F,0,Multi,OH,INST_04,Regional College D (Teaching),teaching,3.55,76,1998,Computer Science,STEM,3084,0.454,1,1,4186,3.355,31,1,0,,0,-2.546
S201601737,2016,0,M,0,Black,IL,INST_03,Regional College C (Teaching),teaching,2.73,82,1998,Communications,Other,9139,1.344,1,1,6639,3.62,25,1,0,,0,-1.656
S201601738,2016,0,F,0,White,NY,INST_03,Regional College C (Teaching),teaching,2.96,33,1998,Computer Science,STEM,4607,0.678,1,1,5546,3.33,29,1,0,,0,-2.322
S201601739,2016,1,F,1,Hispanic,NY,INST_03,Regional College C (Teaching),teaching,3.66,54,1998,Public Health,Health,7571,1.113,1,0,0,3.4749999999999996,28,1,0,,0,-1.887
S201601740,2016,1,F,0,White,OH,INST_05,Urban University E (Research),research,3.28,76,1998,Economics-Bus,Business,10016,1.473,1,1,8596,3.9850000000000003,31,0,0,,0,-1.527
S201601741,2016,0,F,0,White,GA,INST_03,Regional College C (Teaching),teaching,4.0,80,1998,Economics-Bus,Business,12572,1.849,1,1,4976,3.425,30,1,0,,0,-1.151
S201601742,2016,0,F,0,White,CA,INST_05,Urban University E (Research),research,2.62,56,1998,Computer Science,STEM,5724,0.842,1,1,4582,3.24,28,1,1,3.09,0,-2.158
S201601743,2016,1,F,0,Black,MI,INST_02,State University B (Research),research,3.08,72,1998,Biomedical Engineering,STEM,18990,2.793,1,0,0,3.7350000000000003,30,0,0,,0,-0.207
S201601744,2016,0,F,0,AIAN,OH,INST_03,Regional College C (Teaching),teaching,2.55,3,1998,Anthropology,Social Sciences,16274,2.393,1,1,7387,3.0300000000000002,34,0,0,,0,-0.607
S201601745,2016,0,F,0,White,NJ,INST_03,Regional College C (Teaching),teaching,3.14,67,1998,Pre-Med,Health,5239,0.77,1,0,0,2.94,27,1,1,3.37,0,-2.23
S201601746,2016,0,M,0,Asian,MI,INST_01,State University A (Research),research,2.57,77,1998,Spanish,Humanities,7700,1.132,1,0,0,2.9000000000000004,29,1,1,3.24,0,-1.868
S201601747,2016,0,M,1,Black,FL,INST_03,Regional College C (Teaching),teaching,2.55,92,1998,Political Science,Social Sciences,3139,0.462,1,1,4791,2.87,27,0,0,,0,-2.538
S201601748,2016,0,M,0,White,TX,INST_04,Regional College D (Teaching),teaching,2.82,51,1998,Communications,Other,11473,1.687,1,0,0,3.285,34,0,0,,0,-1.313
S201601749,2016,1,F,1,Black,NY,INST_05,Urban University E (Research),research,2.65,43,1998,Political Science,Social Sciences,0,0.1,1,1,4079,3.585,27,1,1,3.78,0,-2.9
S201601750,2016,0,F,0,White,PA,INST_05,Urban University E (Research),research,3.2,66,1998,Anthropology,Social Sciences,9152,1.346,1,0,0,3.4050000000000002,32,1,0,,0,-1.654
S201601751,2016,1,F,0,White,NY,INST_05,Urban University E (Research),research,3.48,30,1998,Mathematics,STEM,17637,2.594,1,1,6733,3.075,30,0,0,,0,-0.406
S201601752,2016,0,M,1,Black,OH,INST_01,State University A (Research),research,3.73,71,1998,Biomedical Engineering,STEM,11518,1.694,1,1,4369,3.965,30,1,0,,0,-1.306
S201601753,2016,0,M,0,White,TX,INST_02,State University B (Research),research,3.22,59,1998,Psychology,Social Sciences,23037,3.388,0,0,0,3.2800000000000002,28,0,0,,1,0.388
S201601754,2016,0,F,1,Multi,CA,INST_04,Regional College D (Teaching),teaching,3.59,51,1998,Accounting,Business,18693,2.749,1,0,0,3.52,31,1,0,,0,-0.251
S201601755,2016,1,M,0,Asian,NJ,INST_04,Regional College D (Teaching),teaching,2.84,31,1998,Nursing,Health,18577,2.732,1,1,4591,3.885,28,0,0,,0,-0.268
S201601756,2016,0,F,0,White,FL,INST_01,State University A (Research),research,2.7,45,1998,Marketing,Business,17509,2.575,1,1,7809,2.995,31,1,0,,0,-0.425
S201601757,2016,1,F,0,White,OH,INST_05,Urban University E (Research),research,3.04,80,1998,Economics-Bus,Business,0,0.1,1,0,0,3.755,26,1,0,,0,-2.9
S201601758,2016,1,M,1,Hispanic,NY,INST_04,Regional College D (Teaching),teaching,2.94,71,1998,Management,Business,10635,1.564,1,1,7127,3.795,28,0,0,,0,-1.436
S201601759,2016,0,M,0,White,OH,INST_04,Regional College D (Teaching),teaching,3.17,48,1998,Economics-Bus,Business,15926,2.342,1,1,8150,2.9450000000000003,28,1,1,3.05,0,-0.658
S201601760,2016,1,F,0,Hispanic,NY,INST_03,Regional College C (Teaching),teaching,4.0,75,1998,Finance,Business,4989,0.734,1,1,8208,3.77,31,1,0,,0,-2.266
S201601761,2016,0,M,1,White,TX,INST_04,Regional College D (Teaching),teaching,3.7,87,1998,Undeclared,Other,8665,1.274,1,1,7899,3.35,25,1,0,,0,-1.726
S201601762,2016,1,F,1,White,NY,INST_03,Regional College C (Teaching),teaching,3.21,73,1998,Economics,Social Sciences,3135,0.461,1,0,0,3.28,32,1,0,,0,-2.539
S201601763,2016,1,F,0,White,MI,INST_01,State University A (Research),research,3.4,15,1998,Pre-Med,Health,8078,1.188,1,1,6864,3.8449999999999998,30,1,0,,0,-1.812
S201601764,2016,0,M,0,Asian,IL,INST_05,Urban University E (Research),research,2.61,57,1998,Sociology,Social Sciences,1614,0.237,1,1,5049,3.1950000000000003,27,1,1,4.0,0,-2.763
S201601765,2016,1,F,1,Hispanic,PA,INST_05,Urban University E (Research),research,2.79,75,1998,Computer Science,STEM,10327,1.519,1,0,0,3.0300000000000002,30,0,0,,0,-1.481
S201601766,2016,0,F,0,Hispanic,TX,INST_04,Regional College D (Teaching),teaching,3.2,66,1998,Electrical Engineering,STEM,16678,2.453,1,0,0,3.415,32,0,0,,0,-0.547
S201601767,2016,0,M,0,White,PA,INST_02,State University B (Research),research,3.45,20,1998,Physics,STEM,14405,2.118,1,0,0,3.73,28,0,0,,0,-0.882
S201601768,2016,0,M,1,White,TX,INST_05,Urban University E (Research),research,3.82,56,1998,Art History,Humanities,28261,4.156,0,1,7146,3.7,28,0,0,,1,1.156
S201601769,2016,0,F,1,Hispanic,PA,INST_04,Regional College D (Teaching),teaching,2.84,96,1998,General Studies,Other,3257,0.479,1,1,8963,3.3200000000000003,31,1,1,3.19,0,-2.521
S201601770,2016,0,M,0,White,CA,INST_05,Urban University E (Research),research,2.86,22,1998,Biology,STEM,20259,2.979,1,0,0,2.335,27,1,1,2.6,0,-0.021
S201601771,2016,0,F,0,Black,NY,INST_01,State University A (Research),research,2.28,38,1998,Economics-Bus,Business,13167,1.936,1,0,0,3.11,25,1,0,,0,-1.064
S201601772,2016,1,F,0,White,MI,INST_01,State University A (Research),research,3.66,69,1998,Political Science,Social Sciences,7095,1.043,1,1,8253,4.0,30,1,1,4.0,0,-1.957
S201601773,2016,1,NB,0,White,NC,INST_05,Urban University E (Research),research,2.35,50,1998,Civil Engineering,STEM,2910,0.428,1,1,7162,3.59,31,1,0,,0,-2.572
S201601774,2016,0,M,1,White,NY,INST_03,Regional College C (Teaching),teaching,3.54,47,1998,Accounting,Business,6078,0.894,1,1,9152,3.465,25,1,0,,0,-2.106
S201601775,2016,0,F,0,Black,GA,INST_05,Urban University E (Research),research,3.07,79,1998,Physics,STEM,13281,1.953,1,0,0,3.885,31,1,0,,0,-1.047
S201601776,2016,0,F,1,Hispanic,GA,INST_05,Urban University E (Research),research,2.47,35,1998,Sociology,Social Sciences,5037,0.741,1,1,6478,3.1,30,1,0,,0,-2.259
S201601777,2016,0,M,0,Hispanic,NC,INST_05,Urban University E (Research),research,2.69,53,1998,Psychology,Social Sciences,12369,1.819,1,0,0,2.9450000000000003,28,1,1,3.5,0,-1.181
S201601778,2016,0,F,0,White,FL,INST_01,State University A (Research),research,3.36,28,1998,Mathematics,STEM,8082,1.189,1,0,0,4.0,28,1,1,3.93,0,-1.811
S201601779,2016,0,F,1,White,NC,INST_05,Urban University E (Research),research,3.94,84,1998,Anthropology,Social Sciences,18762,2.759,1,0,0,3.5999999999999996,31,1,0,,0,-0.241
S201601780,2016,0,F,0,White,IL,INST_05,Urban University E (Research),research,4.0,73,1997,Undeclared,Other,3032,0.446,1,0,0,3.5700000000000003,33,1,1,3.39,0,-2.554
S201601781,2016,1,F,0,White,NC,INST_03,Regional College C (Teaching),teaching,2.55,92,1998,Anthropology,Social Sciences,10097,1.485,1,0,0,2.7800000000000002,32,1,0,,0,-1.515
S201601782,2016,1,F,0,Black,MI,INST_04,Regional College D (Teaching),teaching,4.0,54,1998,Mechanical Engineering,STEM,4264,0.627,1,1,5378,3.785,29,0,0,,0,-2.373
S201601783,2016,0,F,0,Hispanic,CA,INST_03,Regional College C (Teaching),teaching,3.31,62,1998,Sociology,Social Sciences,15677,2.305,1,0,0,3.375,32,0,0,,0,-0.695
S201601784,2016,1,M,0,White,PA,INST_05,Urban University E (Research),research,3.27,64,1998,Accounting,Business,18014,2.649,1,1,5549,3.045,25,0,0,,0,-0.351
S201601785,2016,1,F,1,Black,FL,INST_03,Regional College C (Teaching),teaching,3.14,18,1998,Computer Science,STEM,15965,2.348,1,1,6360,3.125,28,0,0,,0,-0.652
S201601786,2016,0,F,0,White,OH,INST_04,Regional College D (Teaching),teaching,2.55,36,1998,Marketing,Business,15901,2.338,1,1,5277,3.965,29,0,0,,0,-0.662
S201601787,2016,1,M,1,Black,FL,INST_05,Urban University E (Research),research,3.44,65,1998,Chemistry,STEM,10433,1.534,1,0,0,3.49,30,1,0,,0,-1.466
S201601788,2016,1,M,0,White,NJ,INST_05,Urban University E (Research),research,3.65,58,1998,Nursing,Health,249,0.1,1,1,4517,3.935,30,1,1,3.81,0,-2.9
S201601789,2016,1,M,1,White,GA,INST_04,Regional College D (Teaching),teaching,3.69,81,1998,Anthropology,Social Sciences,6342,0.933,1,0,0,3.4699999999999998,30,1,1,3.85,0,-2.067
S201601790,2016,0,M,1,Hispanic,TX,INST_02,State University B (Research),research,2.05,48,1998,Finance,Business,0,0.1,1,1,8953,3.175,31,1,1,3.28,0,-2.9
S201601791,2016,1,F,0,Hispanic,OH,INST_03,Regional College C (Teaching),teaching,3.59,69,1998,Mathematics,STEM,6242,0.918,1,1,5570,3.6,31,1,0,,0,-2.082
S201601792,2016,1,F,0,White,NC,INST_01,State University A (Research),research,3.63,26,1998,Biology,STEM,2371,0.349,1,1,5802,2.6100000000000003,31,1,0,,0,-2.651
S201601793,2016,0,F,0,Multi,NJ,INST_05,Urban University E (Research),research,2.97,31,1998,Marketing,Business,688,0.101,1,1,4197,3.605,26,1,1,3.38,0,-2.899
S201601794,2016,0,F,1,White,NY,INST_04,Regional College D (Teaching),teaching,2.96,57,1998,English,Humanities,5484,0.806,1,1,6588,3.0650000000000004,28,1,0,,0,-2.194
S201601795,2016,0,M,0,White,NY,INST_02,State University B (Research),research,3.56,55,1998,Communications,Other,5290,0.778,1,1,6087,3.75,28,0,0,,0,-2.222
S201601796,2016,1,F,1,Multi,NC,INST_02,State University B (Research),research,3.02,96,1998,Communications,Other,17636,2.594,1,0,0,3.4749999999999996,28,0,0,,0,-0.406
S201601797,2016,1,F,0,White,TX,INST_02,State University B (Research),research,3.32,52,1998,Electrical Engineering,STEM,7238,1.064,1,0,0,3.815,32,1,1,4.0,0,-1.936
S201601798,2016,1,F,1,Black,OH,INST_03,Regional College C (Teaching),teaching,3.35,28,1998,Civil Engineering,STEM,8510,1.251,1,1,7346,3.8200000000000003,31,0,0,,0,-1.749
S201601799,2016,0,M,1,White,NY,INST_04,Regional College D (Teaching),teaching,3.69,64,1998,Anthropology,Social Sciences,0,0.1,1,1,8119,3.4,31,1,0,,0,-2.9
S201601800,2016,1,F,0,Asian,PA,INST_05,Urban University E (Research),research,2.57,40,1998,Mechanical Engineering,STEM,13534,1.99,1,1,3046,2.585,30,1,1,2.94,0,-1.01
S201601801,2016,0,F,0,White,PA,INST_01,State University A (Research),research,3.44,78,1998,Kinesiology,Health,5477,0.805,1,1,5888,2.84,28,0,0,,0,-2.195
S201601802,2016,0,F,1,White,NC,INST_03,Regional College C (Teaching),teaching,3.01,40,1998,Biology,STEM,6108,0.898,1,1,6506,2.83,31,1,0,,0,-2.102
S201601803,2016,0,F,0,Black,NY,INST_04,Regional College D (Teaching),teaching,2.46,77,1998,Political Science,Social Sciences,5056,0.744,1,0,0,3.8150000000000004,27,1,1,3.86,0,-2.256
S201601804,2016,0,M,0,Black,IL,INST_04,Regional College D (Teaching),teaching,3.38,61,1998,Finance,Business,22707,3.339,0,0,0,3.62,29,1,0,,1,0.339
S201601805,2016,0,M,0,White,TX,INST_03,Regional College C (Teaching),teaching,3.84,51,1998,Marketing,Business,15978,2.35,1,1,6233,3.66,32,1,1,3.75,0,-0.65
S201601806,2016,1,F,0,Hispanic,IL,INST_03,Regional College C (Teaching),teaching,3.69,48,1998,Statistics,STEM,14456,2.126,1,1,4617,3.645,33,1,0,,0,-0.874
S201601807,2016,1,F,0,AIAN,NY,INST_04,Regional College D (Teaching),teaching,3.33,43,1998,Accounting,Business,12810,1.884,1,1,7799,3.7800000000000002,31,0,0,,0,-1.116
S201601808,2016,0,F,1,White,NY,INST_01,State University A (Research),research,3.96,27,1998,Civil Engineering,STEM,10034,1.476,1,1,5022,3.875,30,1,0,,0,-1.524
S201601809,2016,1,F,1,White,TX,INST_04,Regional College D (Teaching),teaching,3.41,52,1998,Civil Engineering,STEM,4015,0.59,1,1,3366,3.6500000000000004,33,1,1,4.0,0,-2.41
S201601810,2016,0,F,0,White,GA,INST_02,State University B (Research),research,2.68,22,1998,Education,Other,13711,2.016,1,1,6991,2.835,29,0,0,,0,-0.984
S201601811,2016,0,M,0,White,OH,INST_02,State University B (Research),research,3.39,49,1998,Biomedical Engineering,STEM,5053,0.743,1,1,5690,3.485,31,0,0,,0,-2.257
S201601812,2016,0,F,1,Hispanic,VA,INST_01,State University A (Research),research,3.86,99,1998,Political Science,Social Sciences,6634,0.976,1,0,0,3.88,24,1,1,3.99,0,-2.024
S201601813,2016,1,M,0,White,TX,INST_01,State University A (Research),research,3.43,51,1998,Political Science,Social Sciences,13311,1.958,1,1,6745,3.6950000000000003,30,0,0,,0,-1.042
S201601814,2016,1,F,0,Black,NC,INST_04,Regional College D (Teaching),teaching,3.07,43,1998,Public Health,Health,9794,1.44,1,1,4722,2.855,30,0,0,,0,-1.56
S201601815,2016,0,M,0,Hispanic,NC,INST_04,Regional College D (Teaching),teaching,2.94,45,1998,Computer Science,STEM,11035,1.623,1,0,0,2.4,27,1,0,,0,-1.377
S201601816,2016,1,F,0,White,CA,INST_05,Urban University E (Research),research,3.17,44,1998,Mathematics,STEM,12111,1.781,1,0,0,3.5700000000000003,31,1,1,3.46,0,-1.219
S201601817,2016,1,F,1,White,NC,INST_03,Regional College C (Teaching),teaching,3.16,29,1998,Statistics,STEM,10838,1.594,1,1,6936,3.505,33,1,0,,0,-1.406
S201601818,2016,0,M,0,Black,VA,INST_02,State University B (Research),research,3.02,79,1998,Chemistry,STEM,11173,1.643,1,0,0,3.5300000000000002,33,1,1,3.78,0,-1.357
S201601819,2016,0,NB,0,Black,GA,INST_05,Urban University E (Research),research,3.61,20,1998,Management,Business,22628,3.328,0,1,5108,3.63,31,1,1,3.5,1,0.328
S201601820,2016,1,F,1,White,CA,INST_05,Urban University E (Research),research,2.63,99,1998,Management,Business,0,0.1,1,1,5099,3.7800000000000002,30,1,1,3.34,0,-2.9
S201601821,2016,0,M,1,NHPI,FL,INST_05,Urban University E (Research),research,3.1,45,1998,Philosophy,Humanities,19915,2.929,1,0,0,3.34,30,0,0,,0,-0.071
S201601822,2016,0,F,0,White,NY,INST_03,Regional College C (Teaching),teaching,2.79,50,1998,Civil Engineering,STEM,11566,1.701,1,1,7300,3.0949999999999998,33,0,0,,0,-1.299
S201601823,2016,0,F,0,Hispanic,MI,INST_01,State University A (Research),research,3.43,51,1998,Education,Other,10189,1.498,1,1,5812,3.185,30,0,0,,0,-1.502
S201601824,2016,1,F,1,White,OH,INST_05,Urban University E (Research),research,2.76,31,1998,Biomedical Engineering,STEM,11909,1.751,1,0,0,2.4299999999999997,27,1,0,,0,-1.249
S201601825,2016,0,M,1,White,CA,INST_04,Regional College D (Teaching),teaching,3.45,47,1998,Finance,Business,2010,0.296,1,1,5167,3.2,29,0,0,,0,-2.704
S201601826,2016,1,F,0,White,GA,INST_05,Urban University E (Research),research,2.77,64,1998,Physics,STEM,7273,1.07,1,1,6079,3.83,31,0,0,,0,-1.93
S201601827,2016,0,M,0,White,OH,INST_04,Regional College D (Teaching),teaching,3.66,72,1998,Psychology,Social Sciences,16255,2.39,1,1,7461,3.005,27,1,1,3.88,0,-0.61
S201601828,2016,0,F,0,White,NC,INST_04,Regional College D (Teaching),teaching,2.68,62,1998,Mathematics,STEM,11777,1.732,1,1,3655,3.835,31,1,0,,0,-1.268
S201601829,2016,0,M,0,Multi,OH,INST_01,State University A (Research),research,2.66,81,1998,Accounting,Business,17444,2.565,1,0,0,3.05,27,0,0,,0,-0.435
S201601830,2016,0,F,1,White,FL,INST_04,Regional College D (Teaching),teaching,3.89,45,1998,Mathematics,STEM,4350,0.64,1,1,6681,2.92,30,1,0,,0,-2.36
S201601831,2016,1,F,0,White,NJ,INST_01,State University A (Research),research,3.45,50,1998,Public Health,Health,12280,1.806,1,1,4727,3.71,30,1,1,4.0,0,-1.194
S201601832,2016,0,M,0,White,CA,INST_02,State University B (Research),research,2.92,19,1998,Economics-Bus,Business,9749,1.434,1,1,5271,3.01,30,0,0,,0,-1.566
S201601833,2016,1,F,0,Black,MI,INST_05,Urban University E (Research),research,3.55,27,1998,Management,Business,10238,1.506,1,1,5708,3.13,26,1,0,,0,-1.494
S201601834,2016,1,F,0,Multi,VA,INST_01,State University A (Research),research,3.37,74,1998,Physics,STEM,0,0.1,1,1,7382,3.625,32,1,0,,0,-2.9
S201601835,2016,1,M,0,Black,IL,INST_02,State University B (Research),research,3.05,47,1997,Accounting,Business,0,0.1,1,0,0,3.375,30,1,0,,0,-2.9
S201601836,2016,0,M,0,White,MI,INST_02,State University B (Research),research,3.65,62,1998,Economics-Bus,Business,14569,2.142,1,1,5466,3.715,29,1,1,4.0,0,-0.858
S201601837,2016,1,F,0,White,FL,INST_03,Regional College C (Teaching),teaching,2.79,50,1998,Psychology,Social Sciences,4806,0.707,1,0,0,2.84,32,0,0,,0,-2.293
S201601838,2016,1,F,0,Hispanic,NY,INST_05,Urban University E (Research),research,3.35,73,1998,Sociology,Social Sciences,4058,0.597,1,1,5292,3.57,27,0,0,,0,-2.403
S201601839,2016,1,F,0,Hispanic,VA,INST_05,Urban University E (Research),research,2.6,38,1998,Physics,STEM,0,0.1,1,1,6644,3.925,31,0,0,,0,-2.9
S201601840,2016,0,M,1,Hispanic,OH,INST_05,Urban University E (Research),research,3.57,3,1998,General Studies,Other,0,0.1,1,0,0,3.295,31,1,0,,0,-2.9
S201601841,2016,0,M,0,White,IL,INST_04,Regional College D (Teaching),teaching,3.68,60,1998,Education,Other,12195,1.793,1,1,5894,3.465,28,1,1,3.8,0,-1.207
S201601842,2016,1,F,1,White,PA,INST_05,Urban University E (Research),research,3.19,59,1998,Economics-Bus,Business,922,0.136,1,0,0,3.675,30,1,0,,0,-2.864
S201601843,2016,1,M,1,White,PA,INST_01,State University A (Research),research,2.54,48,1998,Biomedical Engineering,STEM,74,0.1,1,1,8012,3.085,25,1,0,,0,-2.9
S201601844,2016,0,F,0,Black,NC,INST_01,State University A (Research),research,3.41,46,1998,Psychology,Social Sciences,14352,2.111,1,0,0,3.18,31,1,1,3.17,0,-0.889
S201601845,2016,0,M,0,Hispanic,NC,INST_02,State University B (Research),research,2.94,54,1998,Mathematics,STEM,18565,2.73,1,0,0,2.495,30,1,1,3.08,0,-0.27
S201601846,2016,0,F,1,White,OH,INST_05,Urban University E (Research),research,4.0,50,1998,General Studies,Other,9376,1.379,1,1,3634,3.41,31,1,1,3.47,0,-1.621
S201601847,2016,0,M,0,Hispanic,MI,INST_01,State University A (Research),research,3.31,34,1998,Biology,STEM,8437,1.241,1,1,7491,2.935,31,0,0,,0,-1.759
S201601848,2016,1,NB,0,White,MI,INST_05,Urban University E (Research),research,2.88,43,1998,Economics-Bus,Business,5516,0.811,1,0,0,2.575,26,0,0,,0,-2.189
S201601849,2016,0,F,0,White,FL,INST_01,State University A (Research),research,2.78,50,1998,Electrical Engineering,STEM,17399,2.559,1,1,6914,3.375,27,0,0,,0,-0.441
S201601850,2016,0,F,0,White,MI,INST_03,Regional College C (Teaching),teaching,2.9,64,1998,Management,Business,1984,0.292,1,1,8564,3.3449999999999998,29,1,1,3.95,0,-2.708
S201601851,2016,0,M,1,White,IL,INST_01,State University A (Research),research,2.16,44,1998,Nursing,Health,3948,0.581,1,0,0,3.3200000000000003,33,1,1,3.4,0,-2.419
S201601852,2016,0,F,0,White,NY,INST_04,Regional College D (Teaching),teaching,2.33,51,1998,Education,Other,16631,2.446,1,1,5416,3.425,27,1,0,,0,-0.554
S201601853,2016,0,F,0,White,VA,INST_01,State University A (Research),research,3.79,65,1998,Mechanical Engineering,STEM,11518,1.694,1,0,0,2.465,29,1,1,2.71,0,-1.306
S201601854,2016,0,M,0,White,NY,INST_03,Regional College C (Teaching),teaching,3.93,64,1998,Pre-Med,Health,22391,3.293,0,0,0,3.29,27,1,0,,1,0.293
S201601855,2016,0,M,1,Black,CA,INST_01,State University A (Research),research,2.87,41,1998,Kinesiology,Health,1186,0.174,1,1,5857,3.79,30,1,0,,0,-2.826
S201601856,2016,0,F,0,Asian,CA,INST_05,Urban University E (Research),research,3.28,53,1998,Physics,STEM,776,0.114,1,0,0,3.65,33,1,0,,0,-2.886
S201601857,2016,0,NB,0,White,NC,INST_04,Regional College D (Teaching),teaching,1.88,62,1998,Finance,Business,11790,1.734,1,1,7989,3.295,30,0,0,,0,-1.266
S201601858,2016,0,M,0,White,TX,INST_04,Regional College D (Teaching),teaching,3.35,58,1998,Economics-Bus,Business,13090,1.925,1,1,7127,3.825,33,1,1,3.27,0,-1.075
S201601859,2016,0,F,0,White,MI,INST_03,Regional College C (Teaching),teaching,3.26,58,1998,Philosophy,Humanities,22316,3.282,0,0,0,2.875,29,1,0,,1,0.282
S201601860,2016,1,M,0,White,IL,INST_05,Urban University E (Research),research,2.72,45,1998,Anthropology,Social Sciences,0,0.1,1,0,0,3.955,31,0,0,,0,-2.9
S201601861,2016,0,M,0,Asian,MI,INST_03,Regional College C (Teaching),teaching,3.56,55,1998,Economics,Social Sciences,13736,2.02,1,0,0,3.09,29,1,0,,0,-0.98
S201601862,2016,0,F,0,Black,NC,INST_03,Regional College C (Teaching),teaching,4.0,54,1998,Civil Engineering,STEM,17926,2.636,1,0,0,3.255,31,0,0,,0,-0.364
S201601863,2016,0,F,1,White,NC,INST_01,State University A (Research),research,2.75,76,1998,Public Health,Health,23586,3.469,0,0,0,3.29,34,1,0,,1,0.469
S201601864,2016,1,M,0,Asian,NC,INST_04,Regional College D (Teaching),teaching,2.9,54,1998,Statistics,STEM,4917,0.723,1,1,5315,3.31,32,0,0,,0,-2.277
S201601865,2016,0,F,0,White,FL,INST_04,Regional College D (Teaching),teaching,3.51,42,1998,Nursing,Health,19843,2.918,1,1,3911,3.635,32,1,1,3.27,0,-0.082
S201601866,2016,0,NB,0,Black,PA,INST_04,Regional College D (Teaching),teaching,3.18,33,1998,Kinesiology,Health,10846,1.595,1,1,6814,3.2,32,1,1,3.45,0,-1.405
S201601867,2016,0,M,0,White,NC,INST_05,Urban University E (Research),research,3.36,49,1998,Art History,Humanities,15331,2.255,1,1,6233,3.255,31,0,0,,0,-0.745
S201601868,2016,0,M,0,White,NJ,INST_02,State University B (Research),research,3.08,63,1998,Kinesiology,Health,3648,0.536,1,1,3853,3.3,28,1,1,3.27,0,-2.464
S201601869,2016,0,F,0,Unknown,VA,INST_01,State University A (Research),research,2.74,50,1998,Biology,STEM,22538,3.314,0,0,0,3.005,27,1,0,,1,0.314
S201601870,2016,1,F,0,White,FL,INST_05,Urban University E (Research),research,3.53,82,1998,Finance,Business,14455,2.126,1,1,6128,2.765,30,0,0,,0,-0.874
S201601871,2016,0,M,0,Black,NC,INST_05,Urban University E (Research),research,3.27,12,1998,General Studies,Other,5639,0.829,1,0,0,3.375,30,0,0,,0,-2.171
S201601872,2016,1,M,0,Black,NJ,INST_02,State University B (Research),research,2.98,60,1998,Biology,STEM,11870,1.746,1,1,7002,4.0,30,0,0,,0,-1.254
S201601873,2016,0,M,0,White,VA,INST_02,State University B (Research),research,3.76,61,1998,Anthropology,Social Sciences,11317,1.664,1,1,8086,3.52,33,1,1,3.71,0,-1.336
S201601874,2016,1,M,0,White,NJ,INST_02,State University B (Research),research,3.14,43,1998,Mechanical Engineering,STEM,7179,1.056,1,1,8041,2.71,32,1,1,2.86,0,-1.944
S201601875,2016,1,F,0,Unknown,NJ,INST_02,State University B (Research),research,3.46,46,1998,Finance,Business,4675,0.688,1,1,5066,2.605,25,1,1,3.04,0,-2.312
S201601876,2016,0,F,0,Black,VA,INST_04,Regional College D (Teaching),teaching,2.61,32,1998,Communications,Other,13778,2.026,1,1,5223,3.295,25,1,1,3.5,0,-0.974
S201601877,2016,0,M,1,White,NC,INST_01,State University A (Research),research,3.26,52,1998,Physics,STEM,4699,0.691,1,1,8140,3.87,30,0,0,,0,-2.309
S201601878,2016,0,F,0,Black,PA,INST_01,State University A (Research),research,2.98,39,1998,Public Health,Health,11675,1.717,1,1,5872,3.45,31,0,0,,0,-1.283
S201601879,2016,0,F,0,Hispanic,NC,INST_02,State University B (Research),research,2.8,59,1998,Economics-Bus,Business,8754,1.287,1,1,6279,3.745,31,0,0,,0,-1.713
S201601880,2016,1,M,1,White,CA,INST_01,State University A (Research),research,2.45,61,1998,Biology,STEM,3249,0.478,1,1,7894,3.3899999999999997,27,1,0,,0,-2.522
S201601881,2016,0,M,0,White,NY,INST_03,Regional College C (Teaching),teaching,2.28,55,1998,Nursing,Health,4582,0.674,1,1,7380,3.715,28,1,1,3.88,0,-2.326
S201601882,2016,0,F,1,Asian,OH,INST_04,Regional College D (Teaching),teaching,3.93,64,1998,Mathematics,STEM,6266,0.921,1,1,5552,3.67,27,1,1,3.75,0,-2.079
S201601883,2016,0,M,1,Hispanic,FL,INST_03,Regional College C (Teaching),teaching,3.27,61,1998,History,Humanities,0,0.1,1,1,6108,3.615,34,1,1,3.77,0,-2.9
S201601884,2016,0,M,1,Hispanic,VA,INST_04,Regional College D (Teaching),teaching,3.89,39,1998,Art History,Humanities,0,0.1,1,0,0,2.835,32,0,0,,0,-2.9
S201601885,2016,0,M,1,Hispanic,OH,INST_05,Urban University E (Research),research,3.0,34,1998,Civil Engineering,STEM,3490,0.513,1,0,0,3.1900000000000004,31,0,0,,0,-2.487
S201601886,2016,0,F,0,White,MI,INST_04,Regional College D (Teaching),teaching,3.47,79,1998,Computer Science,STEM,5951,0.875,1,1,6075,3.18,29,1,0,,0,-2.125
S201601887,2016,0,F,0,Asian,NJ,INST_01,State University A (Research),research,2.62,52,1998,Biomedical Engineering,STEM,17713,2.605,1,0,0,3.065,30,1,0,,0,-0.395
S201601888,2016,0,M,1,Asian,FL,INST_05,Urban University E (Research),research,4.0,47,1998,Mechanical Engineering,STEM,22700,3.338,0,1,5705,4.0,30,0,0,,1,0.338
S201601889,2016,0,M,0,White,TX,INST_05,Urban University E (Research),research,3.37,63,1998,Electrical Engineering,STEM,9518,1.4,1,0,0,3.02,32,1,0,,0,-1.6
S201601890,2016,0,M,1,White,PA,INST_01,State University A (Research),research,3.35,68,1998,Management,Business,8435,1.24,1,1,6804,3.37,25,0,0,,0,-1.76
S201601891,2016,1,NB,0,White,TX,INST_04,Regional College D (Teaching),teaching,1.94,40,1998,Public Health,Health,14526,2.136,1,1,6901,2.91,26,1,1,2.9,0,-0.864
S201601892,2016,0,M,1,White,FL,INST_01,State University A (Research),research,3.34,94,1998,Psychology,Social Sciences,15685,2.307,1,0,0,4.0,30,1,0,,0,-0.693
S201601893,2016,1,F,0,Hispanic,GA,INST_03,Regional College C (Teaching),teaching,3.0,51,1998,Nursing,Health,11730,1.725,1,1,3285,4.0,28,0,0,,0,-1.275
S201601894,2016,0,M,1,White,FL,INST_03,Regional College C (Teaching),teaching,3.4,42,1998,Marketing,Business,4444,0.654,1,0,0,3.795,30,1,1,3.98,0,-2.346
S201601895,2016,0,F,0,Asian,NC,INST_04,Regional College D (Teaching),teaching,2.99,74,1998,Mechanical Engineering,STEM,10095,1.485,1,1,6080,3.25,29,1,0,,0,-1.515
S201601896,2016,0,M,0,Hispanic,IL,INST_03,Regional College C (Teaching),teaching,3.18,39,1998,Philosophy,Humanities,10956,1.611,1,0,0,2.8,31,1,1,2.63,0,-1.389
S201601897,2016,0,M,0,White,MI,INST_04,Regional College D (Teaching),teaching,3.43,25,1998,Public Health,Health,0,0.1,1,0,0,3.255,28,1,0,,0,-2.9
S201601898,2016,0,M,1,White,NC,INST_03,Regional College C (Teaching),teaching,3.54,35,1998,Psychology,Social Sciences,15521,2.282,1,1,8599,3.1100000000000003,28,0,0,,0,-0.718
S201601899,2016,0,M,0,White,PA,INST_02,State University B (Research),research,3.08,33,1998,Biology,STEM,3678,0.541,1,0,0,2.8,25,1,0,,0,-2.459
S201601900,2016,0,F,0,White,TX,INST_03,Regional College C (Teaching),teaching,2.98,23,1998,Civil Engineering,STEM,600,0.1,1,0,0,2.615,25,0,0,,0,-2.9
S201601901,2016,1,F,1,Asian,CA,INST_01,State University A (Research),research,3.45,80,1998,Statistics,STEM,8627,1.269,1,1,6566,3.015,31,0,0,,0,-1.731
S201601902,2016,0,F,0,Black,FL,INST_04,Regional College D (Teaching),teaching,2.67,43,1998,Communications,Other,18374,2.702,1,0,0,2.55,27,0,0,,0,-0.298
S201601903,2016,0,F,0,White,NC,INST_03,Regional College C (Teaching),teaching,3.32,65,1998,Kinesiology,Health,23101,3.397,0,1,5723,3.875,30,0,0,,1,0.397
S201601904,2016,0,F,0,Hispanic,IL,INST_04,Regional College D (Teaching),teaching,2.7,57,1998,Computer Science,STEM,4176,0.614,1,1,3848,3.4699999999999998,26,0,0,,0,-2.386
S201601905,2016,0,F,1,Multi,CA,INST_04,Regional College D (Teaching),teaching,3.55,68,1998,Statistics,STEM,3024,0.445,1,0,0,3.575,32,1,1,3.9,0,-2.555
S201601906,2016,0,F,0,White,CA,INST_03,Regional College C (Teaching),teaching,3.73,55,1998,Economics,Social Sciences,25979,3.82,0,0,0,3.915,25,1,1,4.0,1,0.82
S201601907,2016,0,F,0,Hispanic,FL,INST_05,Urban University E (Research),research,3.22,41,1998,Electrical Engineering,STEM,20109,2.957,1,0,0,3.49,26,1,0,,0,-0.043
S201601908,2016,1,M,1,Asian,FL,INST_03,Regional College C (Teaching),teaching,3.01,30,1998,Communications,Other,2578,0.379,1,1,5910,3.5549999999999997,34,1,1,3.59,0,-2.621
S201601909,2016,1,F,0,White,PA,INST_03,Regional College C (Teaching),teaching,3.81,3,1998,Electrical Engineering,STEM,10496,1.544,1,0,0,4.0,25,0,0,,0,-1.456
S201601910,2016,0,F,1,White,OH,INST_03,Regional College C (Teaching),teaching,3.53,38,1998,Finance,Business,8553,1.258,1,0,0,3.0949999999999998,29,0,0,,0,-1.742
S201601911,2016,0,F,1,Black,TX,INST_05,Urban University E (Research),research,3.36,46,1998,Mechanical Engineering,STEM,15018,2.209,1,0,0,3.645,31,0,0,,0,-0.791
S201601912,2016,0,F,0,White,VA,INST_04,Regional College D (Teaching),teaching,3.52,65,1998,Statistics,STEM,3156,0.464,1,1,6687,3.3200000000000003,31,1,1,3.12,0,-2.536
S201601913,2016,0,M,1,Asian,PA,INST_03,Regional College C (Teaching),teaching,3.63,47,1998,Physics,STEM,0,0.1,1,1,6309,3.5549999999999997,27,1,1,3.77,0,-2.9
S201601914,2016,0,F,0,Hispanic,MI,INST_01,State University A (Research),research,2.91,61,1998,Nursing,Health,4935,0.726,1,0,0,3.38,26,1,1,3.17,0,-2.274
S201601915,2016,0,F,0,White,VA,INST_04,Regional College D (Teaching),teaching,2.64,48,1998,Biomedical Engineering,STEM,0,0.1,1,0,0,3.165,27,0,0,,0,-2.9
S201601916,2016,0,M,1,White,OH,INST_05,Urban University E (Research),research,2.97,81,1998,Spanish,Humanities,7976,1.173,1,0,0,3.17,32,0,0,,0,-1.827
S201601917,2016,0,F,0,Asian,NC,INST_02,State University B (Research),research,2.68,40,1998,Anthropology,Social Sciences,0,0.1,1,1,5702,3.0250000000000004,29,0,0,,0,-2.9
S201601918,2016,0,F,0,White,IL,INST_02,State University B (Research),research,2.86,54,1997,Philosophy,Humanities,24646,3.624,0,1,5793,2.4850000000000003,33,1,1,2.81,1,0.624
S201601919,2016,0,F,0,Asian,VA,INST_05,Urban University E (Research),research,3.92,42,1998,English,Humanities,12626,1.857,1,1,5553,3.625,32,1,1,3.68,0,-1.143
S201601920,2016,0,M,1,White,VA,INST_04,Regional College D (Teaching),teaching,4.0,76,1998,Undeclared,Other,14282,2.1,1,0,0,3.5949999999999998,28,1,1,3.89,0,-0.9
S201601921,2016,1,F,0,Asian,IL,INST_03,Regional College C (Teaching),teaching,3.15,59,1998,Biomedical Engineering,STEM,17816,2.62,1,0,0,2.805,31,1,0,,0,-0.38
S201601922,2016,0,F,0,White,VA,INST_04,Regional College D (Teaching),teaching,2.69,64,1998,Public Health,Health,7785,1.145,1,1,5535,3.6550000000000002,32,1,1,3.43,0,-1.855
S201601923,2016,1,M,0,Asian,CA,INST_01,State University A (Research),research,3.23,55,1998,Nursing,Health,22048,3.242,0,1,5662,3.815,32,1,0,,1,0.242
S201601924,2016,1,M,0,White,NC,INST_01,State University A (Research),research,2.75,8,1998,Sociology,Social Sciences,15781,2.321,1,0,0,3.5250000000000004,34,1,0,,0,-0.679
S201601925,2016,0,F,1,Multi,OH,INST_03,Regional College C (Teaching),teaching,3.12,55,1998,Pre-Med,Health,4405,0.648,1,0,0,3.395,25,1,0,,0,-2.352
S201601926,2016,0,M,0,White,MI,INST_03,Regional College C (Teaching),teaching,3.58,35,1998,Psychology,Social Sciences,7776,1.144,1,1,4004,3.74,25,1,0,,0,-1.856
S201601927,2016,0,F,0,Multi,OH,INST_02,State University B (Research),research,2.89,77,1998,Mathematics,STEM,14880,2.188,1,1,4371,3.54,28,1,1,3.86,0,-0.812
S201601928,2016,1,M,0,White,VA,INST_05,Urban University E (Research),research,4.0,58,1998,Finance,Business,8244,1.212,1,1,4497,4.0,31,1,1,4.0,0,-1.788
S201601929,2016,0,F,1,White,NC,INST_01,State University A (Research),research,3.02,99,1998,Finance,Business,11967,1.76,1,1,5328,3.7249999999999996,27,1,0,,0,-1.24
S201601930,2016,1,F,0,Asian,NJ,INST_01,State University A (Research),research,2.99,49,1998,Electrical Engineering,STEM,12413,1.825,1,1,6013,3.045,31,0,0,,0,-1.175
S201601931,2016,0,F,1,Black,VA,INST_03,Regional College C (Teaching),teaching,2.57,69,1998,Mathematics,STEM,24477,3.6,0,0,0,2.56,33,1,0,,1,0.6
S201601932,2016,1,M,1,White,FL,INST_03,Regional College C (Teaching),teaching,2.93,36,1998,Electrical Engineering,STEM,7164,1.054,1,1,4817,3.015,31,1,1,3.1,0,-1.946
S201601933,2016,0,F,1,Hispanic,PA,INST_04,Regional College D (Teaching),teaching,3.3,52,1998,Spanish,Humanities,0,0.1,1,1,6241,3.335,31,1,0,,0,-2.9
S201601934,2016,0,M,1,White,NC,INST_01,State University A (Research),research,3.15,81,1998,General Studies,Other,15620,2.297,1,1,4096,3.795,31,0,0,,0,-0.703
S201601935,2016,1,F,0,White,OH,INST_02,State University B (Research),research,3.41,35,1998,Civil Engineering,STEM,16395,2.411,1,1,5365,3.3899999999999997,32,1,0,,0,-0.589
S201601936,2016,0,M,0,White,NJ,INST_05,Urban University E (Research),research,3.22,68,1998,Kinesiology,Health,23499,3.456,0,0,0,3.26,28,1,1,3.04,1,0.456
S201601937,2016,0,F,0,Asian,PA,INST_01,State University A (Research),research,3.2,45,1998,Electrical Engineering,STEM,1525,0.224,1,0,0,3.315,31,1,0,,0,-2.776
S201601938,2016,0,M,0,White,NY,INST_05,Urban University E (Research),research,2.72,59,1998,Public Health,Health,22313,3.281,0,0,0,2.755,36,1,0,,1,0.281
S201601939,2016,0,F,1,Multi,VA,INST_04,Regional College D (Teaching),teaching,2.79,65,1998,Nursing,Health,23906,3.516,0,1,5261,3.8600000000000003,27,0,0,,1,0.516
S201601940,2016,1,M,1,Multi,MI,INST_05,Urban University E (Research),research,3.74,83,1998,Psychology,Social Sciences,6004,0.883,1,1,4403,3.61,28,1,0,,0,-2.117
S201601941,2016,0,F,1,White,NJ,INST_05,Urban University E (Research),research,3.16,4,1998,Mathematics,STEM,4308,0.634,1,0,0,3.145,31,1,1,3.25,0,-2.366
S201601942,2016,0,F,0,White,TX,INST_04,Regional College D (Teaching),teaching,2.68,44,1998,Economics-Bus,Business,19813,2.914,1,1,5523,3.2800000000000002,27,0,0,,0,-0.086
S201601943,2016,1,M,0,White,FL,INST_02,State University B (Research),research,3.57,24,1998,Public Health,Health,12356,1.817,1,1,4250,3.1550000000000002,34,1,0,,0,-1.183
S201601944,2016,0,F,0,White,NY,INST_01,State University A (Research),research,3.04,31,1998,Computer Science,STEM,17379,2.556,1,0,0,3.13,26,1,0,,0,-0.444
S201601945,2016,0,M,1,White,GA,INST_01,State University A (Research),research,3.38,43,1998,Political Science,Social Sciences,11828,1.739,1,1,5702,3.27,31,1,0,,0,-1.261
S201601946,2016,1,F,1,Black,FL,INST_04,Regional College D (Teaching),teaching,3.68,38,1998,Chemistry,STEM,0,0.1,1,0,0,3.795,31,1,1,4.0,0,-2.9
S201601947,2016,0,F,0,Hispanic,GA,INST_01,State University A (Research),research,3.67,33,1998,Nursing,Health,13700,2.015,1,1,3145,3.81,30,1,1,4.0,0,-0.985
S201601948,2016,1,F,0,White,FL,INST_05,Urban University E (Research),research,3.11,53,1998,Psychology,Social Sciences,5785,0.851,1,0,0,3.6399999999999997,28,1,0,,0,-2.149
S201601949,2016,0,M,0,Black,CA,INST_02,State University B (Research),research,3.22,76,1998,Kinesiology,Health,17793,2.617,1,0,0,3.315,27,0,0,,0,-0.383
S201601950,2016,1,M,0,AIAN,OH,INST_04,Regional College D (Teaching),teaching,2.65,55,1998,Education,Other,7278,1.07,1,1,5135,3.7800000000000002,30,1,1,3.49,0,-1.93
S201601951,2016,0,F,1,Hispanic,TX,INST_05,Urban University E (Research),research,2.71,45,1998,Civil Engineering,STEM,11615,1.708,1,1,5139,3.505,31,0,0,,0,-1.292
S201601952,2016,1,M,1,White,VA,INST_03,Regional College C (Teaching),teaching,3.54,44,1998,Computer Science,STEM,0,0.1,1,1,5887,3.3600000000000003,26,1,1,3.22,0,-2.9
S201601953,2016,1,F,0,Asian,VA,INST_02,State University B (Research),research,3.85,49,1998,Public Health,Health,125,0.1,1,1,8817,4.0,30,0,0,,0,-2.9
S201601954,2016,0,M,0,White,VA,INST_01,State University A (Research),research,3.7,28,1998,Physics,STEM,15507,2.28,1,0,0,3.285,32,1,1,3.24,0,-0.72
S201601955,2016,1,F,0,Hispanic,IL,INST_02,State University B (Research),research,3.87,42,1998,Civil Engineering,STEM,11771,1.731,1,1,6814,3.935,29,1,0,,0,-1.269
S201601956,2016,1,M,1,White,OH,INST_02,State University B (Research),research,3.34,73,1998,Education,Other,12310,1.81,1,1,4593,3.205,32,1,1,3.53,0,-1.19
S201601957,2016,0,M,0,Black,NJ,INST_02,State University B (Research),research,3.94,98,1998,Education,Other,5019,0.738,1,1,4065,3.885,26,1,0,,0,-2.262
S201601958,2016,1,M,0,White,NJ,INST_05,Urban University E (Research),research,3.78,89,1998,Mechanical Engineering,STEM,2930,0.431,1,0,0,3.675,30,1,0,,0,-2.569
S201601959,2016,0,M,0,White,NC,INST_05,Urban University E (Research),research,3.15,58,1998,Electrical Engineering,STEM,9671,1.422,1,1,8200,3.615,31,1,0,,0,-1.578
S201601960,2016,0,F,1,White,OH,INST_03,Regional College C (Teaching),teaching,3.88,74,1998,Biology,STEM,5894,0.867,1,0,0,3.815,30,0,0,,0,-2.133
S201601961,2016,0,M,0,White,NC,INST_01,State University A (Research),research,3.5,45,1998,Finance,Business,10680,1.571,1,1,6551,4.0,28,0,0,,0,-1.429
S201601962,2016,0,F,1,Black,MI,INST_02,State University B (Research),research,2.56,61,1998,Economics-Bus,Business,17730,2.607,1,1,5661,3.885,29,1,0,,0,-0.393
S201601963,2016,1,F,0,White,MI,INST_04,Regional College D (Teaching),teaching,3.11,75,1998,Electrical Engineering,STEM,4836,0.711,1,0,0,2.98,29,1,0,,0,-2.289
S201601964,2016,1,F,1,Hispanic,TX,INST_03,Regional College C (Teaching),teaching,3.48,85,1998,Communications,Other,14878,2.188,1,1,5219,3.665,29,1,0,,0,-0.812
S201601965,2016,1,F,0,Multi,FL,INST_04,Regional College D (Teaching),teaching,3.05,85,1998,Public Health,Health,8513,1.252,1,1,7114,3.6799999999999997,31,1,0,,0,-1.748
S201601966,2016,1,F,0,White,CA,INST_03,Regional College C (Teaching),teaching,3.54,36,1998,Finance,Business,14721,2.165,1,0,0,3.025,32,0,0,,0,-0.835
S201601967,2016,1,F,1,White,NC,INST_01,State University A (Research),research,3.3,66,1997,Electrical Engineering,STEM,11253,1.655,1,1,7053,3.665,31,1,0,,0,-1.345
S201601968,2016,1,F,1,White,VA,INST_04,Regional College D (Teaching),teaching,3.47,55,1998,Psychology,Social Sciences,11316,1.664,1,1,5810,3.37,30,0,0,,0,-1.336
S201601969,2016,0,M,0,White,OH,INST_05,Urban University E (Research),research,3.36,76,1998,Physics,STEM,10774,1.584,1,0,0,3.2800000000000002,30,1,0,,0,-1.416
S201601970,2016,0,F,0,Asian,VA,INST_03,Regional College C (Teaching),teaching,3.87,29,1998,Economics,Social Sciences,19478,2.864,1,1,5953,2.5999999999999996,27,1,0,,0,-0.136
S201601971,2016,1,F,0,Black,OH,INST_04,Regional College D (Teaching),teaching,2.22,74,1998,Statistics,STEM,5277,0.776,1,1,5854,3.59,28,1,0,,0,-2.224
S201601972,2016,0,F,1,White,NJ,INST_01,State University A (Research),research,3.67,68,1998,Public Health,Health,8818,1.297,1,0,0,3.475,30,1,0,,0,-1.703
S201601973,2016,1,F,0,White,NY,INST_05,Urban University E (Research),research,3.07,48,1998,Economics-Bus,Business,24180,3.556,0,1,5358,3.165,29,0,0,,1,0.556
S201601974,2016,1,F,1,Black,NY,INST_03,Regional College C (Teaching),teaching,3.13,26,1998,Pre-Med,Health,3596,0.529,1,0,0,3.43,31,1,1,4.0,0,-2.471
S201601975,2016,0,M,1,Black,PA,INST_02,State University B (Research),research,3.52,22,1998,Anthropology,Social Sciences,4567,0.672,1,1,5493,3.785,30,0,0,,0,-2.328
S201601976,2016,1,M,0,Hispanic,GA,INST_02,State University B (Research),research,3.19,54,1998,Nursing,Health,10214,1.502,1,1,5181,3.75,31,1,0,,0,-1.498
S201601977,2016,1,M,0,White,PA,INST_02,State University B (Research),research,2.82,69,1998,Public Health,Health,0,0.1,1,0,0,3.36,30,1,0,,0,-2.9
S201601978,2016,1,M,0,Multi,FL,INST_04,Regional College D (Teaching),teaching,2.61,54,1998,Accounting,Business,0,0.1,1,1,7742,3.61,28,0,0,,0,-2.9
S201601979,2016,0,F,0,White,IL,INST_03,Regional College C (Teaching),teaching,2.73,94,1998,Nursing,Health,10444,1.536,1,1,7432,4.0,30,0,0,,0,-1.464
S201601980,2016,0,M,0,Asian,PA,INST_03,Regional College C (Teaching),teaching,2.96,72,1998,Economics-Bus,Business,5046,0.742,1,1,3505,3.545,29,1,1,3.04,0,-2.258
S201601981,2016,1,F,1,White,PA,INST_01,State University A (Research),research,3.5,91,1998,Kinesiology,Health,0,0.1,1,1,5483,3.1100000000000003,32,0,0,,0,-2.9
S201601982,2016,1,F,0,White,CA,INST_04,Regional College D (Teaching),teaching,4.0,49,1998,Civil Engineering,STEM,0,0.1,1,1,5870,3.0700000000000003,31,0,0,,0,-2.9
S201601983,2016,1,M,0,Hispanic,IL,INST_01,State University A (Research),research,3.19,65,1998,Political Science,Social Sciences,8450,1.243,1,1,4364,2.81,27,0,0,,0,-1.757
S201601984,2016,1,M,0,White,MI,INST_02,State University B (Research),research,3.55,22,1998,Mathematics,STEM,2180,0.321,1,1,6590,4.0,32,1,0,,0,-2.679
S201601985,2016,0,F,0,Asian,PA,INST_01,State University A (Research),research,3.25,47,1998,General Studies,Other,5437,0.8,1,0,0,2.855,32,0,0,,0,-2.2
S201601986,2016,1,M,1,Hispanic,NJ,INST_05,Urban University E (Research),research,4.0,42,1998,Psychology,Social Sciences,0,0.1,1,1,8344,3.5149999999999997,30,0,0,,0,-2.9
S201601987,2016,0,F,1,Hispanic,PA,INST_01,State University A (Research),research,3.04,62,1998,Finance,Business,8364,1.23,1,1,7751,3.0700000000000003,29,1,1,3.27,0,-1.77
S201601988,2016,1,F,0,Black,PA,INST_03,Regional College C (Teaching),teaching,3.31,38,1998,Public Health,Health,5707,0.839,1,0,0,3.4299999999999997,25,0,0,,0,-2.161
S201601989,2016,0,M,0,Asian,NY,INST_05,Urban University E (Research),research,3.08,81,1998,Accounting,Business,22390,3.293,0,0,0,3.6950000000000003,32,1,1,3.7,1,0.293
S201601990,2016,0,F,0,Hispanic,IL,INST_04,Regional College D (Teaching),teaching,2.98,15,1998,Economics-Bus,Business,3940,0.579,1,1,4702,3.025,31,0,0,,0,-2.421
S201601991,2016,0,F,0,White,MI,INST_04,Regional College D (Teaching),teaching,3.54,71,1998,Education,Other,14877,2.188,1,0,0,3.3049999999999997,31,1,0,,0,-0.812
S201601992,2016,1,F,0,White,TX,INST_01,State University A (Research),research,3.28,57,1998,Economics-Bus,Business,515,0.1,1,0,0,3.15,27,1,0,,0,-2.9
S201601993,2016,0,F,0,Asian,PA,INST_02,State University B (Research),research,2.99,59,1998,Computer Science,STEM,22928,3.372,0,0,0,3.8,31,1,1,4.0,1,0.372
S201601994,2016,1,M,1,White,NJ,INST_01,State University A (Research),research,3.35,46,1998,Biomedical Engineering,STEM,14554,2.14,1,1,6025,3.435,28,1,1,3.66,0,-0.86
S201601995,2016,1,F,0,Multi,PA,INST_05,Urban University E (Research),research,3.24,68,1998,Statistics,STEM,5573,0.82,1,1,6640,3.44,32,1,1,3.48,0,-2.18
S201601996,2016,1,F,0,White,FL,INST_01,State University A (Research),research,3.52,40,1998,Kinesiology,Health,4932,0.725,1,0,0,2.795,31,1,0,,0,-2.275
S201601997,2016,1,F,1,White,MI,INST_01,State University A (Research),research,3.37,60,1998,Biomedical Engineering,STEM,12227,1.798,1,0,0,3.085,30,0,0,,0,-1.202
S201601998,2016,0,F,0,Hispanic,GA,INST_03,Regional College C (Teaching),teaching,3.68,22,1998,Management,Business,25560,3.759,0,1,5322,3.0300000000000002,30,0,0,,1,0.759
S201601999,2016,1,M,0,Hispanic,TX,INST_02,State University B (Research),research,3.0,65,1998,Nursing,Health,12129,1.784,1,0,0,3.1399999999999997,28,0,0,,0,-1.216
S201602000,2016,0,F,0,Hispanic,OH,INST_04,Regional College D (Teaching),teaching,2.89,3,1998,Physics,STEM,19037,2.8,1,1,5298,3.145,34,0,0,,0,-0.2
S201602001,2016,1,F,0,Black,IL,INST_03,Regional College C (Teaching),teaching,3.32,67,1998,Education,Other,2478,0.364,1,1,5394,3.865,30,1,1,4.0,0,-2.636
S201602002,2016,0,F,1,White,NJ,INST_04,Regional College D (Teaching),teaching,3.04,87,1998,Pre-Med,Health,12983,1.909,1,1,7654,3.65,30,1,0,,0,-1.091
S201602003,2016,1,F,1,White,MI,INST_05,Urban University E (Research),research,2.95,58,1998,Finance,Business,0,0.1,1,0,0,2.74,32,1,1,2.52,0,-2.9
S201602004,2016,0,F,1,Hispanic,FL,INST_01,State University A (Research),research,3.94,24,1998,Nursing,Health,5095,0.749,1,1,5108,3.9050000000000002,31,1,1,4.0,0,-2.251
S201602005,2016,0,M,1,White,PA,INST_04,Regional College D (Teaching),teaching,2.49,41,1998,Electrical Engineering,STEM,20068,2.951,1,1,8211,3.435,33,1,1,3.55,0,-0.049
S201602006,2016,0,M,0,Asian,NY,INST_01,State University A (Research),research,3.34,49,1998,Marketing,Business,16874,2.481,1,0,0,3.105,31,1,0,,0,-0.519
S201602007,2016,0,F,0,White,PA,INST_01,State University A (Research),research,2.93,70,1998,Civil Engineering,STEM,1921,0.282,1,1,5625,3.5300000000000002,31,1,1,3.58,0,-2.718
S201602008,2016,0,F,1,Hispanic,OH,INST_02,State University B (Research),research,4.0,32,1998,Undeclared,Other,28829,4.24,0,0,0,3.295,30,0,0,,1,1.24
S201602009,2016,1,M,1,White,FL,INST_01,State University A (Research),research,3.23,78,1998,Accounting,Business,229,0.1,1,0,0,3.325,31,0,0,,0,-2.9
S201602010,2016,0,F,0,White,NY,INST_05,Urban University E (Research),research,2.36,64,1998,Marketing,Business,13678,2.011,1,1,4424,2.9050000000000002,28,1,1,3.02,0,-0.989
S201602011,2016,0,F,0,White,VA,INST_03,Regional College C (Teaching),teaching,2.94,77,1998,Computer Science,STEM,4436,0.652,1,0,0,3.3449999999999998,28,1,0,,0,-2.348
S201602012,2016,1,M,0,White,PA,INST_05,Urban University E (Research),research,3.99,55,1998,Accounting,Business,17771,2.613,1,1,7192,3.49,32,1,0,,0,-0.387
S201602013,2016,0,M,1,Hispanic,PA,INST_02,State University B (Research),research,2.48,77,1998,Undeclared,Other,8140,1.197,1,0,0,3.5949999999999998,31,0,0,,0,-1.803
S201602014,2016,0,F,0,White,TX,INST_01,State University A (Research),research,3.5,30,1998,Marketing,Business,10176,1.496,1,0,0,3.705,30,1,0,,0,-1.504
S201602015,2016,0,F,0,Multi,IL,INST_05,Urban University E (Research),research,3.3,42,1998,Philosophy,Humanities,14139,2.079,1,0,0,3.9450000000000003,31,1,1,4.0,0,-0.921
S201602016,2016,1,F,1,Unknown,IL,INST_04,Regional College D (Teaching),teaching,2.81,44,1998,Public Health,Health,5976,0.879,1,0,0,2.51,29,1,0,,0,-2.121
S201602017,2016,0,F,0,White,VA,INST_05,Urban University E (Research),research,4.0,49,1998,Art History,Humanities,14686,2.16,1,1,5987,3.63,28,1,1,3.75,0,-0.84
S201602018,2016,0,F,0,Hispanic,GA,INST_02,State University B (Research),research,2.94,3,1998,Communications,Other,4089,0.601,1,0,0,3.795,31,0,0,,0,-2.399
S201602019,2016,0,M,0,White,IL,INST_01,State University A (Research),research,4.0,67,1998,Physics,STEM,3288,0.484,1,1,5913,3.65,27,1,1,4.0,0,-2.516
S201602020,2016,0,F,1,White,CA,INST_05,Urban University E (Research),research,3.58,54,1998,Chemistry,STEM,20954,3.081,0,1,4046,3.045,28,0,0,,1,0.081
S201602021,2016,0,M,0,Asian,MI,INST_04,Regional College D (Teaching),teaching,3.29,44,1998,Mechanical Engineering,STEM,8984,1.321,1,1,7753,3.255,33,1,1,3.65,0,-1.679
S201602022,2016,0,F,0,Hispanic,FL,INST_04,Regional College D (Teaching),teaching,2.96,46,1998,Physics,STEM,9101,1.338,1,0,0,2.92,33,0,0,,0,-1.662
S201602023,2016,1,F,1,White,GA,INST_05,Urban University E (Research),research,3.06,32,1998,Mechanical Engineering,STEM,26460,3.891,0,0,0,2.86,33,0,0,,1,0.891
S201602024,2016,0,F,1,Black,FL,INST_01,State University A (Research),research,4.0,65,1998,Political Science,Social Sciences,3919,0.576,1,1,5032,3.145,34,1,1,3.5,0,-2.424
S201602025,2016,1,F,1,Hispanic,MI,INST_05,Urban University E (Research),research,3.13,38,1998,Electrical Engineering,STEM,0,0.1,1,1,5419,3.555,28,0,0,,0,-2.9
S201602026,2016,0,M,0,White,FL,INST_04,Regional College D (Teaching),teaching,2.68,60,1998,Civil Engineering,STEM,13880,2.041,1,1,6513,3.84,28,1,0,,0,-0.959
S201602027,2016,1,F,0,Hispanic,TX,INST_01,State University A (Research),research,2.6,62,1998,Spanish,Humanities,1417,0.208,1,0,0,3.2,29,0,0,,0,-2.792
S201602028,2016,0,F,0,White,FL,INST_04,Regional College D (Teaching),teaching,2.72,48,1998,Finance,Business,14979,2.203,1,0,0,3.38,29,0,0,,0,-0.797
S201602029,2016,1,F,1,White,NC,INST_03,Regional College C (Teaching),teaching,3.35,63,1998,Pre-Med,Health,5948,0.875,1,1,5445,3.935,27,1,0,,0,-2.125
S201602030,2016,0,F,0,Hispanic,FL,INST_02,State University B (Research),research,3.37,45,1998,Communications,Other,0,0.1,1,1,5771,2.885,29,1,0,,0,-2.9
S201602031,2016,0,M,0,Asian,TX,INST_03,Regional College C (Teaching),teaching,2.21,42,1998,Chemistry,STEM,14237,2.094,1,0,0,2.3600000000000003,28,1,0,,0,-0.906
S201602032,2016,1,F,0,Black,FL,INST_02,State University B (Research),research,2.3,62,1998,Sociology,Social Sciences,7817,1.15,1,1,3977,3.33,32,1,0,,0,-1.85
S201602033,2016,1,F,0,Multi,FL,INST_01,State University A (Research),research,3.1,45,1998,Computer Science,STEM,13426,1.974,1,1,6407,3.935,31,1,0,,0,-1.026
S201602034,2016,0,F,0,Black,FL,INST_01,State University A (Research),research,2.46,59,1998,Management,Business,0,0.1,1,0,0,2.88,30,1,1,3.33,0,-2.9
S201602035,2016,1,F,0,White,MI,INST_03,Regional College C (Teaching),teaching,3.7,53,1998,Finance,Business,1020,0.15,1,1,7049,3.515,31,1,0,,0,-2.85
S201602036,2016,0,F,1,Black,OH,INST_05,Urban University E (Research),research,2.36,98,1998,Electrical Engineering,STEM,2602,0.383,1,1,5679,3.315,31,0,0,,0,-2.617
S201602037,2016,0,F,0,Black,VA,INST_02,State University B (Research),research,3.4,62,1998,Kinesiology,Health,13774,2.026,1,1,5100,4.0,30,1,0,,0,-0.974
S201602038,2016,0,F,0,White,GA,INST_01,State University A (Research),research,2.48,69,1998,Biology,STEM,16532,2.431,1,1,6172,3.5700000000000003,30,1,1,4.0,0,-0.569
S201602039,2016,0,F,1,White,VA,INST_01,State University A (Research),research,2.55,19,1998,Spanish,Humanities,12762,1.877,1,0,0,3.315,31,0,0,,0,-1.123
S201602040,2016,0,F,0,White,OH,INST_02,State University B (Research),research,4.0,84,1998,Economics-Bus,Business,0,0.1,1,0,0,3.455,28,1,1,3.84,0,-2.9
S201602041,2016,1,M,0,White,NY,INST_02,State University B (Research),research,3.19,36,1998,Biomedical Engineering,STEM,4127,0.607,1,0,0,3.705,32,1,0,,0,-2.393
S201602042,2016,1,F,0,Asian,TX,INST_01,State University A (Research),research,3.19,52,1998,Accounting,Business,8598,1.264,1,0,0,2.99,31,0,0,,0,-1.736
S201602043,2016,1,F,0,Hispanic,VA,INST_04,Regional College D (Teaching),teaching,3.68,74,1998,Biology,STEM,1485,0.218,1,0,0,3.935,34,1,0,,0,-2.782
S201602044,2016,0,F,0,White,OH,INST_01,State University A (Research),research,2.91,53,1998,Electrical Engineering,STEM,17136,2.52,1,1,5484,3.925,30,1,0,,0,-0.48
S201602045,2016,0,F,0,Hispanic,OH,INST_04,Regional College D (Teaching),teaching,3.23,70,1998,General Studies,Other,19597,2.882,1,1,5210,3.9699999999999998,30,1,1,4.0,0,-0.118
S201602046,2016,1,F,0,Asian,TX,INST_02,State University B (Research),research,3.12,39,1998,Nursing,Health,0,0.1,1,0,0,3.1849999999999996,30,1,1,3.25,0,-2.9
S201602047,2016,1,M,0,White,GA,INST_05,Urban University E (Research),research,3.48,73,1998,Art History,Humanities,0,0.1,1,1,4483,3.31,29,0,0,,0,-2.9
S201602048,2016,0,F,1,Hispanic,IL,INST_02,State University B (Research),research,3.37,71,1998,History,Humanities,10304,1.515,1,1,5894,3.8,26,1,0,,0,-1.485
S201602049,2016,1,F,1,White,VA,INST_04,Regional College D (Teaching),teaching,3.54,42,1998,Civil Engineering,STEM,0,0.1,1,0,0,3.12,29,0,0,,0,-2.9
S201602050,2016,1,F,0,White,IL,INST_03,Regional College C (Teaching),teaching,4.0,72,1998,Management,Business,18936,2.785,1,1,3210,3.965,27,1,0,,0,-0.215
S201602051,2016,1,F,0,AIAN,MI,INST_03,Regional College C (Teaching),teaching,3.23,50,1998,Education,Other,10238,1.506,1,0,0,3.4699999999999998,31,1,1,4.0,0,-1.494
S201602052,2016,1,M,1,Hispanic,MI,INST_03,Regional College C (Teaching),teaching,2.52,42,1998,Philosophy,Humanities,0,0.1,1,1,8144,3.135,28,1,0,,0,-2.9
S201602053,2016,1,M,0,Black,GA,INST_03,Regional College C (Teaching),teaching,3.37,60,1998,Management,Business,14030,2.063,1,1,4769,3.885,32,1,1,4.0,0,-0.937
S201602054,2016,0,F,0,Hispanic,PA,INST_05,Urban University E (Research),research,4.0,31,1998,Finance,Business,8900,1.309,1,1,5911,3.01,32,0,0,,0,-1.691
S201602055,2016,0,F,0,Asian,PA,INST_05,Urban University E (Research),research,2.66,77,1998,Kinesiology,Health,1252,0.184,1,1,4483,3.9299999999999997,30,0,0,,0,-2.816
S201602056,2016,1,F,0,White,NY,INST_05,Urban University E (Research),research,3.28,52,1998,Spanish,Humanities,6753,0.993,1,0,0,4.0,27,1,1,4.0,0,-2.007
S201602057,2016,1,F,1,White,NY,INST_04,Regional College D (Teaching),teaching,3.3,58,1998,Finance,Business,24273,3.57,0,1,6457,3.605,32,1,0,,1,0.57
S201602058,2016,0,M,0,White,PA,INST_01,State University A (Research),research,3.62,79,1998,Finance,Business,11151,1.64,1,1,4971,3.675,30,0,0,,0,-1.36
S201602059,2016,0,F,0,White,NY,INST_04,Regional College D (Teaching),teaching,3.16,59,1998,Nursing,Health,13387,1.969,1,0,0,3.77,33,1,1,3.57,0,-1.031
S201602060,2016,1,F,1,Asian,TX,INST_05,Urban University E (Research),research,3.0,61,1998,Electrical Engineering,STEM,10687,1.572,1,1,5402,3.9450000000000003,29,0,0,,0,-1.428
S201602061,2016,0,M,0,Hispanic,OH,INST_05,Urban University E (Research),research,3.56,55,1998,Mathematics,STEM,9042,1.33,1,1,3137,3.035,30,1,1,3.01,0,-1.67
S201602062,2016,1,M,0,White,PA,INST_02,State University B (Research),research,2.06,44,1998,Civil Engineering,STEM,10439,1.535,1,1,5787,2.94,28,1,0,,0,-1.465
S201602063,2016,0,F,0,White,NJ,INST_02,State University B (Research),research,2.61,71,1998,Chemistry,STEM,8805,1.295,1,1,7449,3.375,30,1,1,3.57,0,-1.705
S201602064,2016,0,F,1,Black,NJ,INST_05,Urban University E (Research),research,3.41,71,1998,Economics-Bus,Business,19259,2.832,1,1,6435,3.62,31,1,1,3.95,0,-0.168
S201602065,2016,0,M,0,Hispanic,VA,INST_02,State University B (Research),research,3.32,24,1998,Public Health,Health,6642,0.977,1,0,0,3.05,34,0,0,,0,-2.023
S201602066,2016,0,M,1,Asian,GA,INST_05,Urban University E (Research),research,2.65,68,1998,Psychology,Social Sciences,10569,1.554,1,1,6306,3.99,34,1,1,4.0,0,-1.446
S201602067,2016,1,F,0,Hispanic,CA,INST_05,Urban University E (Research),research,3.32,51,1998,Art History,Humanities,11496,1.691,1,1,6647,3.795,30,0,0,,0,-1.309
S201602068,2016,0,F,0,NHPI,NY,INST_05,Urban University E (Research),research,2.21,59,1998,History,Humanities,2909,0.428,1,1,6723,2.96,27,0,0,,0,-2.572
S201602069,2016,0,M,0,White,GA,INST_01,State University A (Research),research,3.31,93,1998,Marketing,Business,8688,1.278,1,1,7429,3.9699999999999998,27,1,0,,0,-1.722
S201602070,2016,0,F,0,Multi,NY,INST_01,State University A (Research),research,3.84,95,1998,Nursing,Health,10685,1.571,1,1,4910,3.795,34,1,1,4.0,0,-1.429
S201602071,2016,1,M,0,White,GA,INST_04,Regional College D (Teaching),teaching,2.76,48,1998,Economics,Social Sciences,0,0.1,1,1,6099,3.965,34,1,1,3.98,0,-2.9
S201602072,2016,1,M,0,White,GA,INST_03,Regional College C (Teaching),teaching,2.47,50,1998,Finance,Business,8041,1.182,1,1,8554,2.975,31,0,0,,0,-1.818
S201602073,2016,1,F,0,White,OH,INST_05,Urban University E (Research),research,2.35,99,1998,Anthropology,Social Sciences,10997,1.617,1,1,7417,3.4400000000000004,30,1,0,,0,-1.383
S201602074,2016,1,F,0,White,CA,INST_04,Regional College D (Teaching),teaching,3.65,65,1998,History,Humanities,0,0.1,1,1,5936,2.795,26,1,0,,0,-2.9
S201602075,2016,0,M,0,White,IL,INST_01,State University A (Research),research,2.85,50,1998,Civil Engineering,STEM,31001,4.559,0,0,0,2.64,28,1,0,,1,1.559
S201602076,2016,0,F,0,AIAN,GA,INST_05,Urban University E (Research),research,3.5,48,1998,Finance,Business,0,0.1,1,0,0,3.67,32,1,1,3.88,0,-2.9
S201602077,2016,1,F,0,White,IL,INST_02,State University B (Research),research,2.75,13,1998,Kinesiology,Health,13826,2.033,1,1,7122,3.065,29,0,0,,0,-0.967
S201602078,2016,0,M,1,White,MI,INST_04,Regional College D (Teaching),teaching,2.73,31,1998,Mathematics,STEM,19139,2.815,1,0,0,2.96,32,0,0,,0,-0.185
S201602079,2016,1,F,1,White,NY,INST_01,State University A (Research),research,2.31,53,1998,Physics,STEM,8934,1.314,1,1,5661,3.69,30,0,0,,0,-1.686
S201602080,2016,1,NB,0,Asian,FL,INST_01,State University A (Research),research,2.72,75,1998,Sociology,Social Sciences,7783,1.145,1,1,5712,3.46,32,0,0,,0,-1.855
S201602081,2016,0,F,0,Hispanic,FL,INST_02,State University B (Research),research,2.34,40,1998,Psychology,Social Sciences,7973,1.172,1,0,0,3.52,28,1,0,,0,-1.828
S201602082,2016,0,M,0,Black,GA,INST_03,Regional College C (Teaching),teaching,3.36,70,1998,Public Health,Health,1801,0.265,1,1,4531,3.2350000000000003,31,0,0,,0,-2.735
S201602083,2016,0,F,0,Hispanic,IL,INST_04,Regional College D (Teaching),teaching,2.21,49,1998,Education,Other,11993,1.764,1,1,7754,3.15,32,0,0,,0,-1.236
S201602084,2016,0,M,0,Black,TX,INST_05,Urban University E (Research),research,3.43,44,1998,Economics,Social Sciences,5654,0.831,1,1,7119,3.4050000000000002,30,1,0,,0,-2.169
S201602085,2016,0,M,0,White,MI,INST_03,Regional College C (Teaching),teaching,3.1,26,1998,Marketing,Business,29587,4.351,0,1,4415,2.965,25,1,0,,1,1.351
S201602086,2016,0,M,0,White,TX,INST_03,Regional College C (Teaching),teaching,3.1,66,1998,Electrical Engineering,STEM,6431,0.946,1,1,5583,3.45,28,0,0,,0,-2.054
S201602087,2016,1,M,1,White,PA,INST_03,Regional College C (Teaching),teaching,3.43,41,1998,Kinesiology,Health,6402,0.941,1,1,5804,3.24,25,1,1,3.4,0,-2.059
S201602088,2016,1,M,1,Asian,NC,INST_05,Urban University E (Research),research,3.6,32,1998,Statistics,STEM,14543,2.139,1,1,6579,3.87,34,1,1,3.82,0,-0.861
S201602089,2016,0,F,0,Asian,TX,INST_02,State University B (Research),research,3.03,21,1998,Statistics,STEM,10826,1.592,1,1,5606,3.385,28,0,0,,0,-1.408
S201602090,2016,0,M,1,Asian,GA,INST_03,Regional College C (Teaching),teaching,2.43,54,1998,Mechanical Engineering,STEM,6844,1.006,1,1,6653,2.4,25,1,0,,0,-1.994
S201602091,2016,1,F,1,White,NJ,INST_05,Urban University E (Research),research,3.83,53,1998,Physics,STEM,14668,2.157,1,1,7904,3.79,28,1,1,4.0,0,-0.843
S201602092,2016,1,M,0,White,PA,INST_04,Regional College D (Teaching),teaching,3.1,48,1998,Economics,Social Sciences,14542,2.139,1,0,0,3.505,32,1,1,3.1,0,-0.861
S201602093,2016,0,M,1,Multi,IL,INST_04,Regional College D (Teaching),teaching,3.54,64,1998,Physics,STEM,0,0.1,1,0,0,3.33,31,1,1,3.2,0,-2.9
S201602094,2016,0,M,0,Multi,NJ,INST_01,State University A (Research),research,3.72,11,1998,Art History,Humanities,4697,0.691,1,1,4947,2.815,32,1,1,2.57,0,-2.309
S201602095,2016,0,F,0,White,NC,INST_03,Regional College C (Teaching),teaching,3.7,44,1998,Public Health,Health,15705,2.31,1,1,6828,3.525,28,0,0,,0,-0.69
S201602096,2016,0,M,0,White,CA,INST_02,State University B (Research),research,2.99,80,1998,Finance,Business,15245,2.242,1,1,5630,4.0,28,1,1,3.71,0,-0.758
S201602097,2016,0,F,1,Asian,PA,INST_03,Regional College C (Teaching),teaching,3.39,80,1998,Economics,Social Sciences,0,0.1,1,1,4189,3.645,31,1,0,,0,-2.9
S201602098,2016,0,F,0,White,TX,INST_04,Regional College D (Teaching),teaching,2.95,39,1998,Physics,STEM,8836,1.299,1,1,5526,3.25,28,1,0,,0,-1.701
S201602099,2016,0,M,0,White,NJ,INST_01,State University A (Research),research,2.74,62,1998,Psychology,Social Sciences,7074,1.04,1,1,6653,2.3449999999999998,29,0,0,,0,-1.96
S201602100,2016,0,F,0,Hispanic,OH,INST_04,Regional College D (Teaching),teaching,3.12,3,1998,Nursing,Health,19399,2.853,1,1,5664,3.285,31,1,1,3.29,0,-0.147
S201602101,2016,0,M,0,White,MI,INST_05,Urban University E (Research),research,2.19,24,1998,Anthropology,Social Sciences,6701,0.985,1,0,0,2.495,31,0,0,,0,-2.015
S201602102,2016,0,F,0,Multi,OH,INST_04,Regional College D (Teaching),teaching,3.05,60,1998,Economics-Bus,Business,19308,2.839,1,0,0,3.45,28,1,1,3.43,0,-0.161
S201602103,2016,0,F,0,Asian,TX,INST_05,Urban University E (Research),research,2.98,54,1998,Physics,STEM,6912,1.016,1,1,7640,3.675,31,1,1,4.0,0,-1.984
S201602104,2016,0,F,1,Unknown,NJ,INST_05,Urban University E (Research),research,3.68,57,1998,Education,Other,898,0.132,1,1,6396,3.565,28,0,0,,0,-2.868
S201602105,2016,0,M,0,White,PA,INST_03,Regional College C (Teaching),teaching,3.93,36,1998,Education,Other,5600,0.824,1,1,6214,3.315,31,1,1,3.27,0,-2.176
S201602106,2016,0,F,0,White,IL,INST_04,Regional College D (Teaching),teaching,3.72,79,1998,Marketing,Business,19579,2.879,1,1,5334,3.37,26,1,1,3.69,0,-0.121
S201602107,2016,0,F,1,White,GA,INST_01,State University A (Research),research,3.49,52,1998,Art History,Humanities,0,0.1,1,1,7130,2.795,30,1,1,3.04,0,-2.9
S201602108,2016,0,M,0,Hispanic,PA,INST_04,Regional College D (Teaching),teaching,3.35,13,1998,Public Health,Health,7873,1.158,1,0,0,2.3600000000000003,28,0,0,,0,-1.842
S201602109,2016,1,F,0,White,NJ,INST_02,State University B (Research),research,3.67,59,1998,Statistics,STEM,9914,1.458,1,1,5659,3.35,31,0,0,,0,-1.542
S201602110,2016,0,F,0,Multi,FL,INST_01,State University A (Research),research,3.33,74,1998,Marketing,Business,13260,1.95,1,1,7868,3.17,32,0,0,,0,-1.05
S201602111,2016,0,F,0,Asian,GA,INST_01,State University A (Research),research,3.5,58,1998,Pre-Med,Health,16010,2.354,1,0,0,2.965,33,1,0,,0,-0.646
S201602112,2016,1,M,0,Multi,TX,INST_01,State University A (Research),research,3.88,43,1998,Spanish,Humanities,5121,0.753,1,1,6290,2.92,28,1,1,2.69,0,-2.247
S201602113,2016,0,F,0,AIAN,IL,INST_03,Regional College C (Teaching),teaching,3.1,53,1998,Mathematics,STEM,22437,3.3,0,0,0,3.305,32,1,1,3.06,1,0.3
S201602114,2016,0,F,0,White,IL,INST_02,State University B (Research),research,3.49,60,1998,Nursing,Health,13203,1.942,1,1,5237,3.5999999999999996,28,1,1,3.86,0,-1.058
S201602115,2016,0,F,1,Hispanic,PA,INST_04,Regional College D (Teaching),teaching,3.37,63,1998,Finance,Business,9825,1.445,1,1,5407,2.825,32,1,1,2.81,0,-1.555
S201602116,2016,0,F,0,Hispanic,NJ,INST_05,Urban University E (Research),research,2.98,59,1998,Kinesiology,Health,241,0.1,1,1,6563,3.95,33,1,1,2.91,0,-2.9
S201602117,2016,1,F,1,White,FL,INST_05,Urban University E (Research),research,2.58,85,1998,Computer Science,STEM,10557,1.552,1,0,0,3.74,30,1,0,,0,-1.448
S201602118,2016,0,F,1,Black,NJ,INST_03,Regional College C (Teaching),teaching,2.66,45,1998,Chemistry,STEM,4281,0.63,1,0,0,3.4699999999999998,30,0,0,,0,-2.37
S201602119,2016,0,M,0,Black,OH,INST_04,Regional College D (Teaching),teaching,3.17,73,1998,Economics,Social Sciences,9128,1.342,1,1,4718,3.05,32,0,0,,0,-1.658
S201602120,2016,1,M,0,Hispanic,CA,INST_02,State University B (Research),research,2.95,47,1998,Physics,STEM,4140,0.609,1,0,0,3.01,27,0,0,,0,-2.391
S201602121,2016,1,M,0,Hispanic,NJ,INST_03,Regional College C (Teaching),teaching,3.28,49,1998,Biomedical Engineering,STEM,3181,0.468,1,0,0,2.475,29,1,0,,0,-2.532
S201602122,2016,1,F,1,Hispanic,TX,INST_03,Regional College C (Teaching),teaching,2.21,79,1998,Finance,Business,0,0.1,1,1,5478,3.37,30,1,1,3.53,0,-2.9
S201602123,2016,0,M,0,White,CA,INST_03,Regional College C (Teaching),teaching,3.59,59,1998,Mechanical Engineering,STEM,7335,1.079,1,0,0,3.375,25,0,0,,0,-1.921
S201602124,2016,0,M,0,Asian,PA,INST_02,State University B (Research),research,3.66,55,1998,Civil Engineering,STEM,4972,0.731,1,1,6300,3.85,31,1,0,,0,-2.269
S201602125,2016,0,M,0,White,OH,INST_01,State University A (Research),research,3.11,56,1998,Marketing,Business,19646,2.889,1,0,0,3.41,33,1,1,3.25,0,-0.111
S201602126,2016,1,F,1,White,IL,INST_01,State University A (Research),research,4.0,38,1998,Public Health,Health,14759,2.17,1,1,5750,4.0,28,0,0,,0,-0.83
S201602127,2016,0,M,0,Multi,IL,INST_05,Urban University E (Research),research,3.5,44,1998,Political Science,Social Sciences,18857,2.773,1,1,5789,3.1550000000000002,27,1,0,,0,-0.227
S201602128,2016,0,F,1,White,CA,INST_01,State University A (Research),research,3.79,46,1998,Psychology,Social Sciences,9193,1.352,1,0,0,3.325,31,0,0,,0,-1.648
S201602129,2016,0,F,1,White,NC,INST_04,Regional College D (Teaching),teaching,3.04,34,1998,English,Humanities,6076,0.894,1,0,0,2.635,31,0,0,,0,-2.106
S201602130,2016,0,M,0,White,PA,INST_05,Urban University E (Research),research,2.92,80,1998,Pre-Med,Health,15471,2.275,1,1,8790,3.5,28,0,0,,0,-0.725
S201602131,2016,0,F,0,Hispanic,FL,INST_01,State University A (Research),research,3.48,48,1998,Marketing,Business,23894,3.514,0,1,5400,2.605,28,1,0,,1,0.514
S201602132,2016,0,F,0,Hispanic,FL,INST_01,State University A (Research),research,2.58,63,1998,Communications,Other,11382,1.674,1,1,7062,3.17,30,1,1,3.02,0,-1.326
S201602133,2016,1,F,0,Hispanic,MI,INST_03,Regional College C (Teaching),teaching,3.49,66,1998,Political Science,Social Sciences,12108,1.781,1,1,5474,3.335,36,1,1,3.33,0,-1.219
S201602134,2016,0,F,0,Hispanic,GA,INST_01,State University A (Research),research,2.52,50,1998,Public Health,Health,7957,1.17,1,0,0,3.71,30,1,0,,0,-1.83
S201602135,2016,1,F,0,White,NY,INST_05,Urban University E (Research),research,2.86,71,1998,History,Humanities,13883,2.042,1,1,6556,3.61,30,1,0,,0,-0.958
S201602136,2016,0,F,0,Asian,PA,INST_02,State University B (Research),research,2.58,29,1998,Chemistry,STEM,8269,1.216,1,1,5182,3.175,30,1,1,2.97,0,-1.784
S201602137,2016,1,F,0,White,MI,INST_05,Urban University E (Research),research,2.54,57,1998,Computer Science,STEM,1934,0.284,1,1,6604,3.7350000000000003,31,1,1,3.75,0,-2.716
S201602138,2016,1,M,0,White,NJ,INST_02,State University B (Research),research,2.39,99,1998,Economics,Social Sciences,11695,1.72,1,1,4333,3.085,31,1,0,,0,-1.28
S201602139,2016,1,F,0,White,IL,INST_03,Regional College C (Teaching),teaching,3.78,79,1998,Education,Other,15378,2.261,1,1,5084,3.625,31,1,0,,0,-0.739
S201602140,2016,0,M,0,White,NJ,INST_04,Regional College D (Teaching),teaching,3.43,41,1998,Physics,STEM,15258,2.244,1,0,0,3.16,27,1,1,3.47,0,-0.756
S201602141,2016,1,F,0,Multi,CA,INST_02,State University B (Research),research,2.44,60,1998,Sociology,Social Sciences,9812,1.443,1,1,5110,3.61,31,1,1,3.95,0,-1.557
S201602142,2016,0,M,1,White,OH,INST_02,State University B (Research),research,2.76,66,1997,Spanish,Humanities,12823,1.886,1,1,3525,3.4699999999999998,31,1,1,3.82,0,-1.114
S201602143,2016,0,F,0,Asian,OH,INST_01,State University A (Research),research,3.03,76,1998,Economics-Bus,Business,6149,0.904,1,1,6655,3.0949999999999998,28,1,1,3.03,0,-2.096
S201602144,2016,0,M,0,White,PA,INST_02,State University B (Research),research,3.98,59,1998,Philosophy,Humanities,12393,1.822,1,0,0,3.46,28,1,0,,0,-1.178
S201602145,2016,1,F,0,White,NY,INST_01,State University A (Research),research,4.0,66,1998,Civil Engineering,STEM,0,0.1,1,1,4506,3.37,27,1,1,3.62,0,-2.9
S201602146,2016,1,M,0,White,CA,INST_05,Urban University E (Research),research,3.88,52,1998,Accounting,Business,12143,1.786,1,1,8733,3.935,32,0,0,,0,-1.214
S201602147,2016,1,F,1,White,VA,INST_04,Regional College D (Teaching),teaching,3.31,3,1998,Physics,STEM,11699,1.72,1,1,4076,2.88,31,0,0,,0,-1.28
S201602148,2016,1,F,0,Black,CA,INST_04,Regional College D (Teaching),teaching,3.05,67,1998,Physics,STEM,9011,1.325,1,1,6648,4.0,32,0,0,,0,-1.675
S201602149,2016,0,M,0,Hispanic,OH,INST_01,State University A (Research),research,3.6,24,1998,Chemistry,STEM,13969,2.054,1,1,4124,3.185,34,1,1,2.66,0,-0.946
S201602150,2016,0,M,0,White,NJ,INST_03,Regional College C (Teaching),teaching,3.12,64,1998,Psychology,Social Sciences,7712,1.134,1,0,0,3.19,28,1,0,,0,-1.866
S201602151,2016,0,F,0,Hispanic,IL,INST_04,Regional College D (Teaching),teaching,2.97,74,1998,Psychology,Social Sciences,10138,1.491,1,0,0,3.105,30,1,1,3.06,0,-1.509
S201602152,2016,0,M,0,Black,OH,INST_04,Regional College D (Teaching),teaching,3.54,54,1998,Biomedical Engineering,STEM,14089,2.072,1,1,5484,3.8099999999999996,31,1,1,4.0,0,-0.928
S201602153,2016,0,M,0,White,MI,INST_01,State University A (Research),research,3.13,63,1998,Public Health,Health,13755,2.023,1,1,6150,3.46,32,1,0,,0,-0.977
S201602154,2016,1,F,1,Hispanic,CA,INST_04,Regional College D (Teaching),teaching,2.67,46,1998,Marketing,Business,6495,0.955,1,1,5845,2.9699999999999998,29,0,0,,0,-2.045
S201602155,2016,1,M,0,White,VA,INST_04,Regional College D (Teaching),teaching,4.0,47,1998,Finance,Business,12677,1.864,1,1,5409,3.69,30,1,0,,0,-1.136
S201602156,2016,0,F,0,Black,NY,INST_02,State University B (Research),research,3.73,19,1998,Mechanical Engineering,STEM,5335,0.785,1,1,5419,3.385,27,1,1,3.45,0,-2.215
S201602157,2016,1,M,1,White,NY,INST_01,State University A (Research),research,3.27,56,1998,Psychology,Social Sciences,0,0.1,1,1,5641,3.85,28,1,1,3.94,0,-2.9
S201602158,2016,0,F,1,White,NJ,INST_02,State University B (Research),research,3.43,31,1998,Philosophy,Humanities,5386,0.792,1,0,0,3.855,29,1,0,,0,-2.208
S201602159,2016,1,M,0,White,MI,INST_02,State University B (Research),research,2.79,52,1998,Anthropology,Social Sciences,10487,1.542,1,0,0,2.82,34,0,0,,0,-1.458
S201602160,2016,1,M,0,Hispanic,PA,INST_03,Regional College C (Teaching),teaching,3.44,38,1998,Biomedical Engineering,STEM,46,0.1,1,1,7294,3.835,32,0,0,,0,-2.9
S201602161,2016,0,F,0,Black,TX,INST_04,Regional College D (Teaching),teaching,2.05,75,1998,Marketing,Business,11716,1.723,1,1,4044,3.375,31,1,1,3.3,0,-1.277
S201602162,2016,0,F,1,Black,OH,INST_02,State University B (Research),research,3.54,50,1998,Education,Other,2327,0.342,1,0,0,2.83,26,0,0,,0,-2.658
S201602163,2016,1,M,0,Hispanic,OH,INST_02,State University B (Research),research,2.96,61,1998,Sociology,Social Sciences,4200,0.618,1,0,0,3.525,31,1,1,3.25,0,-2.382
S201602164,2016,0,F,1,Asian,FL,INST_01,State University A (Research),research,3.06,39,1998,Computer Science,STEM,22525,3.312,0,1,5243,3.4000000000000004,26,0,0,,1,0.312
S201602165,2016,0,F,0,White,NY,INST_02,State University B (Research),research,3.23,73,1998,Biology,STEM,25790,3.793,0,0,0,3.805,30,1,1,3.79,1,0.793
S201602166,2016,0,M,0,White,FL,INST_03,Regional College C (Teaching),teaching,3.6,29,1998,Mechanical Engineering,STEM,9200,1.353,1,1,7400,3.565,28,0,0,,0,-1.647
S201602167,2016,0,M,0,White,GA,INST_01,State University A (Research),research,3.34,49,1998,Political Science,Social Sciences,4073,0.599,1,0,0,2.775,31,0,0,,0,-2.401
S201602168,2016,0,F,0,Multi,NC,INST_05,Urban University E (Research),research,2.85,48,1998,Electrical Engineering,STEM,0,0.1,1,1,7241,3.16,30,0,0,,0,-2.9
S201602169,2016,0,F,1,Multi,IL,INST_01,State University A (Research),research,2.78,61,1998,Economics,Social Sciences,19031,2.799,1,0,0,3.1799999999999997,27,0,0,,0,-0.201
S201602170,2016,1,M,0,White,GA,INST_05,Urban University E (Research),research,1.94,57,1998,Mathematics,STEM,0,0.1,1,1,7378,3.65,29,1,0,,0,-2.9
S201602171,2016,0,M,0,Multi,PA,INST_01,State University A (Research),research,3.23,78,1998,Statistics,STEM,12404,1.824,1,1,5264,2.865,31,1,0,,0,-1.176
S201602172,2016,1,M,1,White,OH,INST_03,Regional College C (Teaching),teaching,2.16,70,1998,Psychology,Social Sciences,7887,1.16,1,0,0,3.2800000000000002,30,1,1,3.1,0,-1.84
S201602173,2016,0,M,1,White,TX,INST_04,Regional College D (Teaching),teaching,3.22,45,1998,Psychology,Social Sciences,11330,1.666,1,0,0,3.62,27,1,0,,0,-1.334
S201602174,2016,1,NB,1,White,OH,INST_04,Regional College D (Teaching),teaching,2.75,70,1998,Mathematics,STEM,11868,1.745,1,1,6805,3.8049999999999997,31,1,0,,0,-1.255
S201602175,2016,1,F,0,White,FL,INST_05,Urban University E (Research),research,3.18,78,1998,Philosophy,Humanities,6502,0.956,1,0,0,2.995,28,1,1,3.03,0,-2.044
S201602176,2016,1,F,1,White,FL,INST_01,State University A (Research),research,3.99,23,1998,Political Science,Social Sciences,6193,0.911,1,1,7152,3.54,30,1,0,,0,-2.089
S201602177,2016,1,F,0,Hispanic,IL,INST_01,State University A (Research),research,3.71,8,1998,Biology,STEM,2857,0.42,1,1,5601,3.4,31,0,0,,0,-2.58
S201602178,2016,1,F,0,Black,FL,INST_01,State University A (Research),research,2.4,41,1998,Nursing,Health,20140,2.962,1,1,6689,4.0,24,0,0,,0,-0.038
S201602179,2016,0,F,1,Asian,GA,INST_04,Regional College D (Teaching),teaching,3.72,30,1998,Psychology,Social Sciences,13141,1.932,1,1,5541,3.585,31,1,1,3.66,0,-1.068
S201602180,2016,0,F,1,White,MI,INST_04,Regional College D (Teaching),teaching,3.41,63,1998,Mechanical Engineering,STEM,1774,0.261,1,1,5447,3.205,28,0,0,,0,-2.739
S201602181,2016,0,F,0,White,TX,INST_02,State University B (Research),research,3.25,79,1998,History,Humanities,14844,2.183,1,0,0,2.84,31,0,0,,0,-0.817
S201602182,2016,1,F,1,White,TX,INST_05,Urban University E (Research),research,2.9,91,1998,Sociology,Social Sciences,5746,0.845,1,0,0,3.5999999999999996,32,0,0,,0,-2.155
S201602183,2016,0,M,1,Hispanic,IL,INST_05,Urban University E (Research),research,3.34,74,1998,Nursing,Health,12017,1.767,1,1,4966,3.665,31,0,0,,0,-1.233
S201602184,2016,1,F,0,White,NY,INST_02,State University B (Research),research,2.8,60,1998,Communications,Other,5270,0.775,1,1,5918,3.35,28,1,1,3.37,0,-2.225
S201602185,2016,0,M,0,Hispanic,FL,INST_04,Regional College D (Teaching),teaching,3.37,74,1998,Nursing,Health,0,0.1,1,1,4134,3.7750000000000004,30,0,0,,0,-2.9
S201602186,2016,0,M,0,White,CA,INST_04,Regional College D (Teaching),teaching,3.22,78,1998,History,Humanities,16863,2.48,1,0,0,3.615,33,1,0,,0,-0.52
S201602187,2016,0,F,0,White,CA,INST_03,Regional College C (Teaching),teaching,2.39,84,1998,English,Humanities,26270,3.863,0,0,0,3.175,27,1,0,,1,0.863
S201602188,2016,1,M,1,White,GA,INST_05,Urban University E (Research),research,4.0,56,1998,Biomedical Engineering,STEM,9386,1.38,1,1,7291,4.0,30,1,0,,0,-1.62
S201602189,2016,1,F,1,Hispanic,IL,INST_05,Urban University E (Research),research,3.54,50,1998,Mathematics,STEM,5767,0.848,1,0,0,3.29,31,1,1,3.59,0,-2.152
S201602190,2016,0,M,0,White,IL,INST_04,Regional College D (Teaching),teaching,3.25,49,1998,Computer Science,STEM,11335,1.667,1,1,3609,2.9050000000000002,28,0,0,,0,-1.333
S201602191,2016,0,F,0,White,NC,INST_02,State University B (Research),research,3.37,62,1998,Management,Business,14286,2.101,1,1,5339,3.92,31,1,1,4.0,0,-0.899
S201602192,2016,0,F,1,Black,IL,INST_05,Urban University E (Research),research,2.59,68,1998,Marketing,Business,0,0.1,1,0,0,3.735,26,1,0,,0,-2.9
S201602193,2016,0,F,0,Black,CA,INST_03,Regional College C (Teaching),teaching,3.54,96,1998,Physics,STEM,7328,1.078,1,1,3739,3.145,28,1,1,3.2,0,-1.922
S201602194,2016,0,F,1,White,IL,INST_03,Regional College C (Teaching),teaching,3.25,54,1998,Psychology,Social Sciences,4939,0.726,1,0,0,2.675,30,1,1,2.54,0,-2.274
S201602195,2016,0,F,1,White,NJ,INST_01,State University A (Research),research,2.98,41,1997,Management,Business,8605,1.265,1,1,9245,2.88,27,1,0,,0,-1.735
S201602196,2016,1,M,0,White,VA,INST_05,Urban University E (Research),research,3.12,89,1998,Mathematics,STEM,11112,1.634,1,1,8988,3.585,27,0,0,,0,-1.366
S201602197,2016,0,F,0,White,NJ,INST_02,State University B (Research),research,2.35,23,1998,Economics-Bus,Business,12367,1.819,1,1,6349,3.285,32,0,0,,0,-1.181
S201602198,2016,0,F,1,Black,FL,INST_05,Urban University E (Research),research,3.17,64,1998,Spanish,Humanities,12863,1.892,1,0,0,3.66,31,1,0,,0,-1.108
S201602199,2016,0,F,0,White,MI,INST_01,State University A (Research),research,3.37,24,1998,General Studies,Other,15709,2.31,1,0,0,3.02,34,0,0,,0,-0.69
S201602200,2016,0,M,0,Hispanic,NC,INST_02,State University B (Research),research,3.38,13,1998,Public Health,Health,11449,1.684,1,1,5661,3.5700000000000003,28,1,0,,0,-1.316
S201602201,2016,1,M,1,White,IL,INST_01,State University A (Research),research,3.01,83,1998,General Studies,Other,1283,0.189,1,0,0,3.2800000000000002,33,1,0,,0,-2.811
S201602202,2016,1,M,0,White,TX,INST_01,State University A (Research),research,2.96,78,1998,Mathematics,STEM,3610,0.531,1,1,5236,3.915,24,1,1,4.0,0,-2.469
S201602203,2016,1,M,1,Hispanic,FL,INST_02,State University B (Research),research,3.39,39,1998,Finance,Business,21552,3.169,0,0,0,1.9500000000000002,28,1,0,,1,0.169
S201602204,2016,0,F,0,Hispanic,VA,INST_01,State University A (Research),research,3.02,84,1998,Biology,STEM,10592,1.558,1,1,4284,3.4,31,1,0,,0,-1.442
S201602205,2016,1,M,0,Hispanic,MI,INST_01,State University A (Research),research,3.34,58,1998,Economics,Social Sciences,1639,0.241,1,0,0,3.065,30,1,0,,0,-2.759
S201602206,2016,1,F,0,Black,OH,INST_01,State University A (Research),research,2.52,55,1998,Computer Science,STEM,16943,2.492,1,0,0,3.125,28,0,0,,0,-0.508
S201602207,2016,0,F,1,Multi,IL,INST_02,State University B (Research),research,3.57,42,1998,Undeclared,Other,7988,1.175,1,1,7907,3.58,30,1,1,3.69,0,-1.825
S201602208,2016,0,F,0,Black,GA,INST_03,Regional College C (Teaching),teaching,3.24,62,1998,Kinesiology,Health,16621,2.444,1,0,0,3.125,30,1,1,3.08,0,-0.556
S201602209,2016,0,F,0,Asian,MI,INST_03,Regional College C (Teaching),teaching,3.41,22,1998,English,Humanities,12504,1.839,1,1,5989,3.69,32,1,1,3.46,0,-1.161
S201602210,2016,0,F,0,Black,NJ,INST_02,State University B (Research),research,3.48,47,1998,Biology,STEM,9872,1.452,1,1,6401,3.44,27,1,1,3.28,0,-1.548
S201602211,2016,0,M,0,White,IL,INST_02,State University B (Research),research,3.92,50,1998,Psychology,Social Sciences,18425,2.71,1,0,0,3.18,31,0,0,,0,-0.29
S201602212,2016,0,F,0,Black,MI,INST_01,State University A (Research),research,3.05,74,1998,Communications,Other,10512,1.546,1,1,4199,3.6399999999999997,30,1,1,4.0,0,-1.454
S201602213,2016,1,M,0,Multi,TX,INST_04,Regional College D (Teaching),teaching,3.62,7,1998,Computer Science,STEM,3742,0.55,1,0,0,3.48,31,0,0,,0,-2.45
S201602214,2016,0,M,1,White,TX,INST_04,Regional College D (Teaching),teaching,3.56,63,1998,Electrical Engineering,STEM,15272,2.246,1,1,5112,3.175,30,1,1,3.37,0,-0.754
S201602215,2016,0,M,0,White,NY,INST_04,Regional College D (Teaching),teaching,3.54,54,1998,Psychology,Social Sciences,12166,1.789,1,1,5795,3.325,29,1,0,,0,-1.211
S201602216,2016,0,F,1,Unknown,GA,INST_03,Regional College C (Teaching),teaching,2.75,88,1998,Political Science,Social Sciences,7552,1.111,1,0,0,3.315,27,0,0,,0,-1.889
S201602217,2016,0,F,1,White,TX,INST_04,Regional College D (Teaching),teaching,3.0,45,1998,English,Humanities,11691,1.719,1,0,0,3.0549999999999997,29,1,1,3.45,0,-1.281
S201602218,2016,1,F,1,Hispanic,NC,INST_01,State University A (Research),research,2.8,60,1998,Undeclared,Other,0,0.1,1,0,0,3.135,30,0,0,,0,-2.9
S201602219,2016,0,F,0,White,MI,INST_05,Urban University E (Research),research,2.63,22,1998,Education,Other,9699,1.426,1,1,7487,3.3,28,1,0,,0,-1.574
S201602220,2016,0,F,1,White,TX,INST_01,State University A (Research),research,3.79,50,1998,Statistics,STEM,15017,2.208,1,1,6480,3.84,28,0,0,,0,-0.792
S201602221,2016,0,F,0,Hispanic,CA,INST_02,State University B (Research),research,2.9,39,1998,Kinesiology,Health,1891,0.278,1,1,6515,3.1950000000000003,31,1,0,,0,-2.722
S201602222,2016,0,M,0,White,IL,INST_03,Regional College C (Teaching),teaching,3.4,12,1998,Management,Business,10293,1.514,1,1,7058,3.035,28,1,1,3.21,0,-1.486
S201602223,2016,0,F,0,Hispanic,IL,INST_05,Urban University E (Research),research,3.0,18,1998,Economics-Bus,Business,27308,4.016,0,0,0,3.0999999999999996,33,0,0,,1,1.016
S201602224,2016,1,M,0,White,IL,INST_01,State University A (Research),research,3.45,57,1998,History,Humanities,8099,1.191,1,1,4528,3.7350000000000003,30,1,0,,0,-1.809
S201602225,2016,0,M,0,White,NY,INST_04,Regional College D (Teaching),teaching,3.41,67,1998,General Studies,Other,1105,0.162,1,1,5438,3.01,29,0,0,,0,-2.838
S201602226,2016,0,M,0,AIAN,NY,INST_04,Regional College D (Teaching),teaching,3.61,50,1998,Public Health,Health,5629,0.828,1,1,5869,3.6550000000000002,32,1,0,,0,-2.172
S201602227,2016,1,F,0,White,OH,INST_04,Regional College D (Teaching),teaching,4.0,37,1998,Computer Science,STEM,9604,1.412,1,1,5852,3.41,28,0,0,,0,-1.588
S201602228,2016,0,M,1,White,FL,INST_04,Regional College D (Teaching),teaching,3.26,39,1998,Physics,STEM,9521,1.4,1,0,0,3.665,31,1,1,3.32,0,-1.6
S201602229,2016,0,M,0,White,MI,INST_03,Regional College C (Teaching),teaching,2.49,64,1998,Management,Business,16885,2.483,1,1,8272,2.765,29,1,0,,0,-0.517
S201602230,2016,1,M,0,Black,FL,INST_02,State University B (Research),research,2.6,44,1998,Nursing,Health,673,0.1,1,1,5071,3.29,31,1,1,3.65,0,-2.9
S201602231,2016,0,M,1,White,NJ,INST_02,State University B (Research),research,3.28,58,1998,Chemistry,STEM,16345,2.404,1,0,0,3.37,28,0,0,,0,-0.596
S201602232,2016,0,F,0,NHPI,GA,INST_03,Regional College C (Teaching),teaching,3.84,84,1998,Undeclared,Other,24952,3.669,0,0,0,3.8200000000000003,32,1,1,3.82,1,0.669
S201602233,2016,1,F,0,Multi,MI,INST_04,Regional College D (Teaching),teaching,3.46,29,1998,Biomedical Engineering,STEM,16329,2.401,1,1,4911,3.9850000000000003,25,1,0,,0,-0.599
S201602234,2016,0,M,0,White,IL,INST_03,Regional College C (Teaching),teaching,2.26,64,1998,Mechanical Engineering,STEM,17904,2.633,1,1,6209,2.815,30,0,0,,0,-0.367
S201602235,2016,1,M,0,Hispanic,NJ,INST_02,State University B (Research),research,2.68,35,1998,Psychology,Social Sciences,9483,1.395,1,1,5231,3.6849999999999996,29,1,1,4.0,0,-1.605
S201602236,2016,0,M,0,White,GA,INST_02,State University B (Research),research,3.06,62,1998,Spanish,Humanities,6238,0.917,1,1,3365,3.75,27,0,0,,0,-2.083
S201602237,2016,1,F,0,White,GA,INST_03,Regional College C (Teaching),teaching,4.0,59,1998,Computer Science,STEM,1809,0.266,1,0,0,3.24,27,0,0,,0,-2.734
S201602238,2016,0,M,0,White,NY,INST_03,Regional College C (Teaching),teaching,3.92,78,1998,English,Humanities,17795,2.617,1,1,7574,3.24,29,0,0,,0,-0.383
S201602239,2016,0,M,0,Black,NJ,INST_03,Regional College C (Teaching),teaching,2.68,32,1998,Accounting,Business,10527,1.548,1,0,0,2.7649999999999997,30,1,1,3.1,0,-1.452
S201602240,2016,0,F,0,White,CA,INST_03,Regional College C (Teaching),teaching,3.27,86,1998,Undeclared,Other,8411,1.237,1,0,0,3.645,27,0,0,,0,-1.763
S201602241,2016,0,M,0,Multi,VA,INST_04,Regional College D (Teaching),teaching,3.63,66,1998,Economics,Social Sciences,19058,2.803,1,1,7241,3.6849999999999996,31,0,0,,0,-0.197
S201602242,2016,0,M,0,White,FL,INST_02,State University B (Research),research,3.09,59,1998,Nursing,Health,0,0.1,1,1,7317,3.0700000000000003,34,0,0,,0,-2.9
S201602243,2016,0,M,0,Black,OH,INST_03,Regional College C (Teaching),teaching,4.0,57,1998,Kinesiology,Health,0,0.1,1,1,5349,4.0,28,0,0,,0,-2.9
S201602244,2016,0,F,1,Unknown,IL,INST_01,State University A (Research),research,3.05,61,1998,Pre-Med,Health,18484,2.718,1,1,3562,3.58,31,0,0,,0,-0.282
S201602245,2016,0,NB,0,White,PA,INST_02,State University B (Research),research,2.48,65,1998,Sociology,Social Sciences,18687,2.748,1,0,0,2.62,31,1,0,,0,-0.252
S201602246,2016,1,F,0,White,NJ,INST_03,Regional College C (Teaching),teaching,3.35,49,1998,Pre-Med,Health,13487,1.983,1,1,6440,3.675,28,0,0,,0,-1.017
S201602247,2016,1,M,0,Multi,PA,INST_01,State University A (Research),research,3.85,78,1998,Education,Other,21172,3.114,0,0,0,3.075,31,1,1,3.69,1,0.114
S201602248,2016,0,F,1,Black,TX,INST_03,Regional College C (Teaching),teaching,3.03,61,1998,Psychology,Social Sciences,11151,1.64,1,1,5227,2.895,32,1,0,,0,-1.36
S201602249,2016,0,F,0,White,FL,INST_02,State University B (Research),research,3.17,98,1998,Statistics,STEM,11229,1.651,1,1,7003,3.665,28,1,1,3.74,0,-1.349
S201602250,2016,0,M,0,Hispanic,CA,INST_05,Urban University E (Research),research,2.85,27,1998,Marketing,Business,7812,1.149,1,1,7554,2.685,31,1,0,,0,-1.851
S201602251,2016,0,M,0,White,NJ,INST_04,Regional College D (Teaching),teaching,3.5,61,1998,Chemistry,STEM,21274,3.129,0,1,4094,3.815,34,0,0,,1,0.129
S201602252,2016,0,F,0,Hispanic,TX,INST_01,State University A (Research),research,3.32,16,1998,Communications,Other,13833,2.034,1,1,5930,2.7649999999999997,32,1,0,,0,-0.966
S201602253,2016,1,M,1,Black,FL,INST_02,State University B (Research),research,2.13,99,1998,Psychology,Social Sciences,0,0.1,1,1,6589,3.665,30,1,1,4.0,0,-2.9
S201602254,2016,0,M,0,White,TX,INST_01,State University A (Research),research,3.34,22,1998,Psychology,Social Sciences,5295,0.779,1,0,0,2.4800000000000004,28,0,0,,0,-2.221
S201602255,2016,0,F,0,Hispanic,GA,INST_05,Urban University E (Research),research,2.64,9,1998,Finance,Business,5271,0.775,1,0,0,3.25,30,0,0,,0,-2.225
S201602256,2016,0,F,0,White,NC,INST_05,Urban University E (Research),research,2.95,58,1998,General Studies,Other,8040,1.182,1,1,4652,3.7,29,1,0,,0,-1.818
S201602257,2016,0,F,0,White,NY,INST_01,State University A (Research),research,3.21,70,1998,Economics-Bus,Business,12323,1.812,1,1,5139,2.465,32,1,0,,0,-1.188
S201602258,2016,0,F,0,White,OH,INST_02,State University B (Research),research,2.98,48,1998,Communications,Other,0,0.1,1,1,2882,3.245,32,1,1,2.79,0,-2.9
S201602259,2016,0,M,0,Black,NY,INST_05,Urban University E (Research),research,3.13,79,1998,Management,Business,6189,0.91,1,1,5605,2.9699999999999998,31,1,1,2.96,0,-2.09
S201602260,2016,0,M,0,Asian,MI,INST_04,Regional College D (Teaching),teaching,3.37,45,1998,Political Science,Social Sciences,10792,1.587,1,0,0,2.9000000000000004,28,1,1,3.06,0,-1.413
S201602261,2016,0,F,0,White,NY,INST_02,State University B (Research),research,3.44,83,1998,Psychology,Social Sciences,27410,4.031,0,0,0,3.8,28,0,0,,1,1.031
S201602262,2016,0,M,0,White,CA,INST_05,Urban University E (Research),research,3.12,80,1998,Physics,STEM,13555,1.993,1,1,7266,3.95,27,1,1,3.84,0,-1.007
S201602263,2016,0,M,0,White,GA,INST_02,State University B (Research),research,3.32,43,1998,Chemistry,STEM,10445,1.536,1,1,6923,3.875,29,1,0,,0,-1.464
S201602264,2016,0,M,0,Black,TX,INST_02,State University B (Research),research,2.83,81,1998,Nursing,Health,10927,1.607,1,1,7741,3.38,31,1,1,3.37,0,-1.393
S201602265,2016,0,F,0,Black,GA,INST_04,Regional College D (Teaching),teaching,2.58,44,1998,Economics-Bus,Business,18388,2.704,1,0,0,2.97,32,1,0,,0,-0.296
S201602266,2016,1,M,0,White,PA,INST_05,Urban University E (Research),research,3.36,66,1998,Finance,Business,8549,1.257,1,1,2558,3.9699999999999998,34,1,1,4.0,0,-1.743
S201602267,2016,0,F,1,Asian,FL,INST_03,Regional College C (Teaching),teaching,3.7,50,1998,Biomedical Engineering,STEM,20801,3.059,0,0,0,2.995,31,0,0,,1,0.059
S201602268,2016,1,M,0,White,TX,INST_05,Urban University E (Research),research,2.97,72,1998,Physics,STEM,5339,0.785,1,1,4563,3.58,28,1,1,3.81,0,-2.215
S201602269,2016,0,F,0,White,OH,INST_02,State University B (Research),research,3.28,37,1998,General Studies,Other,6792,0.999,1,1,7467,3.25,31,0,0,,0,-2.001
S201602270,2016,1,M,0,White,FL,INST_05,Urban University E (Research),research,3.62,66,1998,Management,Business,7534,1.108,1,1,3436,3.4400000000000004,26,0,0,,0,-1.892
S201602271,2016,0,F,1,White,NJ,INST_03,Regional College C (Teaching),teaching,3.15,38,1998,Psychology,Social Sciences,8266,1.216,1,0,0,3.17,30,1,0,,0,-1.784
S201602272,2016,1,M,1,White,GA,INST_04,Regional College D (Teaching),teaching,3.4,66,1998,Nursing,Health,10082,1.483,1,0,0,3.205,28,0,0,,0,-1.517
S201602273,2016,0,F,1,Multi,GA,INST_03,Regional College C (Teaching),teaching,4.0,61,1998,Undeclared,Other,24684,3.63,0,0,0,3.4699999999999998,28,1,1,3.46,1,0.63
S201602274,2016,1,F,0,Black,GA,INST_04,Regional College D (Teaching),teaching,3.22,65,1998,Electrical Engineering,STEM,5257,0.773,1,1,5250,3.67,26,1,1,3.87,0,-2.227
S201602275,2016,1,M,1,White,NY,INST_01,State University A (Research),research,3.28,85,1998,Computer Science,STEM,0,0.1,1,1,6136,3.76,31,1,0,,0,-2.9
S201602276,2016,0,F,0,White,MI,INST_03,Regional College C (Teaching),teaching,3.33,70,1998,Computer Science,STEM,14523,2.136,1,0,0,3.18,31,0,0,,0,-0.864
S201602277,2016,1,F,0,Black,OH,INST_05,Urban University E (Research),research,3.9,22,1998,Sociology,Social Sciences,6210,0.913,1,0,0,3.285,30,0,0,,0,-2.087
S201602278,2016,0,M,0,White,IL,INST_03,Regional College C (Teaching),teaching,2.7,17,1998,Education,Other,17118,2.517,1,0,0,2.755,29,1,1,3.27,0,-0.483
S201602279,2016,0,M,0,White,IL,INST_02,State University B (Research),research,3.97,84,1998,Electrical Engineering,STEM,8997,1.323,1,1,7436,3.245,27,1,0,,0,-1.677
S201602280,2016,1,F,1,Black,NC,INST_04,Regional College D (Teaching),teaching,3.21,49,1998,Mathematics,STEM,1607,0.236,1,1,8119,3.895,28,0,0,,0,-2.764
S201602281,2016,0,M,0,White,NJ,INST_04,Regional College D (Teaching),teaching,3.0,53,1998,Public Health,Health,23008,3.384,0,0,0,2.585,33,1,1,2.88,1,0.384
S201602282,2016,0,F,0,White,VA,INST_02,State University B (Research),research,3.46,91,1998,Pre-Med,Health,10490,1.543,1,0,0,3.1399999999999997,28,1,0,,0,-1.457
S201602283,2016,1,F,0,Multi,NC,INST_04,Regional College D (Teaching),teaching,3.46,79,1998,Pre-Med,Health,5309,0.781,1,1,5314,3.615,25,1,1,3.6,0,-2.219
S201602284,2016,0,M,0,Black,CA,INST_05,Urban University E (Research),research,3.4,52,1998,Biology,STEM,22034,3.24,0,0,0,3.27,28,0,0,,1,0.24
S201602285,2016,0,F,1,White,NJ,INST_04,Regional College D (Teaching),teaching,1.93,15,1998,Marketing,Business,14937,2.197,1,1,7836,3.045,28,1,0,,0,-0.803
S201602286,2016,0,M,0,White,PA,INST_01,State University A (Research),research,3.45,49,1998,Psychology,Social Sciences,5989,0.881,1,0,0,3.83,28,1,0,,0,-2.119
S201602287,2016,1,F,0,White,FL,INST_05,Urban University E (Research),research,3.18,53,1998,Management,Business,2858,0.42,1,1,7314,3.15,25,0,0,,0,-2.58
S201602288,2016,0,F,0,White,VA,INST_04,Regional College D (Teaching),teaching,3.18,59,1998,Anthropology,Social Sciences,16276,2.394,1,0,0,3.1550000000000002,31,1,1,3.31,0,-0.606
S201602289,2016,0,M,0,Black,OH,INST_05,Urban University E (Research),research,3.52,41,1998,Chemistry,STEM,17459,2.568,1,0,0,2.8200000000000003,31,0,0,,0,-0.432
S201602290,2016,1,M,0,White,MI,INST_03,Regional College C (Teaching),teaching,2.97,68,1998,Anthropology,Social Sciences,5745,0.845,1,1,4717,3.4450000000000003,27,0,0,,0,-2.155
S201602291,2016,0,M,1,White,IL,INST_04,Regional College D (Teaching),teaching,2.74,52,1998,Statistics,STEM,1385,0.204,1,1,7113,3.15,29,0,0,,0,-2.796
S201602292,2016,1,F,0,Black,CA,INST_05,Urban University E (Research),research,2.88,56,1998,Chemistry,STEM,7598,1.117,1,0,0,2.41,33,0,0,,0,-1.883
S201602293,2016,1,F,0,White,TX,INST_04,Regional College D (Teaching),teaching,2.42,50,1998,Biology,STEM,0,0.1,1,1,5791,3.105,27,0,0,,0,-2.9
S201602294,2016,0,F,0,White,NC,INST_01,State University A (Research),research,2.78,34,1998,Mechanical Engineering,STEM,13930,2.049,1,1,8216,3.71,31,1,1,4.0,0,-0.951
S201602295,2016,0,M,1,Black,FL,INST_04,Regional College D (Teaching),teaching,3.0,62,1998,Mathematics,STEM,8385,1.233,1,1,6079,3.105,33,0,0,,0,-1.767
S201602296,2016,0,M,0,Hispanic,MI,INST_05,Urban University E (Research),research,3.83,14,1998,History,Humanities,21726,3.195,0,1,7145,3.88,31,0,0,,1,0.195
S201602297,2016,0,F,0,Hispanic,IL,INST_05,Urban University E (Research),research,3.87,52,1998,Art History,Humanities,6850,1.007,1,1,7113,3.215,31,0,0,,0,-1.993
S201602298,2016,0,M,0,White,NC,INST_01,State University A (Research),research,2.88,60,1998,Public Health,Health,13083,1.924,1,0,0,2.785,27,0,0,,0,-1.076
S201602299,2016,0,F,0,White,CA,INST_01,State University A (Research),research,2.61,60,1998,Civil Engineering,STEM,10853,1.596,1,0,0,3.285,28,1,0,,0,-1.404
S201602300,2016,1,M,1,White,NC,INST_05,Urban University E (Research),research,3.24,69,1998,English,Humanities,0,0.1,1,1,6035,3.995,29,1,1,4.0,0,-2.9
S201602301,2016,1,M,0,Black,IL,INST_05,Urban University E (Research),research,3.6,58,1998,Education,Other,9441,1.388,1,0,0,3.66,28,1,1,3.5,0,-1.612
S201602302,2016,1,M,0,White,IL,INST_05,Urban University E (Research),research,3.52,94,1998,Economics,Social Sciences,8261,1.215,1,1,7142,3.3899999999999997,28,1,0,,0,-1.785
S201602303,2016,0,F,0,White,VA,INST_05,Urban University E (Research),research,3.47,61,1998,Biology,STEM,12951,1.905,1,1,7173,3.925,24,0,0,,0,-1.095
S201602304,2016,0,F,0,White,NC,INST_05,Urban University E (Research),research,3.57,71,1998,Mechanical Engineering,STEM,4178,0.614,1,1,7818,3.2750000000000004,30,1,1,3.47,0,-2.386
S201602305,2016,0,F,0,Hispanic,NC,INST_02,State University B (Research),research,3.75,87,1998,Economics-Bus,Business,13592,1.999,1,1,4940,3.3200000000000003,31,1,0,,0,-1.001
S201602306,2016,0,M,0,White,NJ,INST_02,State University B (Research),research,3.3,73,1998,Kinesiology,Health,19055,2.802,1,1,7693,3.855,30,1,0,,0,-0.198
S201602307,2016,0,F,0,Hispanic,NJ,INST_05,Urban University E (Research),research,3.17,54,1998,Biomedical Engineering,STEM,17668,2.598,1,1,5387,3.6100000000000003,30,1,0,,0,-0.402
S201602308,2016,0,M,0,Hispanic,MI,INST_02,State University B (Research),research,4.0,33,1998,Mathematics,STEM,9084,1.336,1,0,0,2.8600000000000003,29,0,0,,0,-1.664
S201602309,2016,0,M,0,White,PA,INST_04,Regional College D (Teaching),teaching,2.46,33,1998,Undeclared,Other,16982,2.497,1,1,7178,3.16,30,1,1,2.9,0,-0.503
S201602310,2016,0,M,0,Asian,IL,INST_03,Regional College C (Teaching),teaching,2.83,49,1998,Nursing,Health,14939,2.197,1,0,0,2.575,29,1,1,2.32,0,-0.803
S201602311,2016,0,F,1,Black,NY,INST_04,Regional College D (Teaching),teaching,3.32,70,1998,Computer Science,STEM,9641,1.418,1,1,7665,3.255,28,0,0,,0,-1.582
S201602312,2016,1,F,1,White,NC,INST_03,Regional College C (Teaching),teaching,3.57,88,1998,Electrical Engineering,STEM,17918,2.635,1,0,0,2.9699999999999998,28,1,0,,0,-0.365
S201602313,2016,1,M,1,White,TX,INST_03,Regional College C (Teaching),teaching,3.21,37,1998,Economics-Bus,Business,5082,0.747,1,0,0,3.565,28,1,1,4.0,0,-2.253
S201602314,2016,0,M,0,White,NC,INST_03,Regional College C (Teaching),teaching,2.57,62,1998,Education,Other,0,0.1,1,1,7580,3.495,31,1,0,,0,-2.9
S201602315,2016,0,F,0,Hispanic,FL,INST_05,Urban University E (Research),research,2.82,46,1998,Biology,STEM,7264,1.068,1,0,0,3.65,31,1,0,,0,-1.932
S201602316,2016,1,M,0,Asian,VA,INST_03,Regional College C (Teaching),teaching,3.52,63,1998,Economics-Bus,Business,8996,1.323,1,0,0,3.115,32,0,0,,0,-1.677
S201602317,2016,0,F,0,White,OH,INST_02,State University B (Research),research,2.63,49,1998,Biomedical Engineering,STEM,20121,2.959,1,0,0,2.46,28,1,1,2.38,0,-0.041
S201602318,2016,1,F,0,Black,OH,INST_03,Regional College C (Teaching),teaching,3.35,99,1998,Economics,Social Sciences,5393,0.793,1,0,0,3.575,28,1,0,,0,-2.207
S201602319,2016,0,F,0,White,GA,INST_05,Urban University E (Research),research,3.14,60,1998,Physics,STEM,2933,0.431,1,1,5307,2.8499999999999996,29,1,0,,0,-2.569
S201602320,2016,1,F,0,Black,VA,INST_02,State University B (Research),research,2.72,53,1998,Physics,STEM,17991,2.646,1,1,7716,2.925,31,0,0,,0,-0.354
S201602321,2016,1,F,0,White,NC,INST_04,Regional College D (Teaching),teaching,4.0,41,1998,Sociology,Social Sciences,10681,1.571,1,1,4077,3.6950000000000003,30,1,1,3.6,0,-1.429
S201602322,2016,0,F,0,Hispanic,NJ,INST_05,Urban University E (Research),research,3.27,70,1998,Mechanical Engineering,STEM,8204,1.206,1,1,4578,3.76,30,0,0,,0,-1.794
S201602323,2016,0,F,0,Asian,PA,INST_01,State University A (Research),research,3.21,80,1998,Civil Engineering,STEM,20863,3.068,0,0,0,3.185,28,1,0,,1,0.068
S201602324,2016,1,M,1,Hispanic,VA,INST_04,Regional College D (Teaching),teaching,2.86,55,1998,Computer Science,STEM,14195,2.088,1,1,4028,3.6500000000000004,29,1,0,,0,-0.912
S201602325,2016,1,M,0,Hispanic,TX,INST_04,Regional College D (Teaching),teaching,3.4,72,1998,Psychology,Social Sciences,28483,4.189,0,0,0,3.1550000000000002,28,1,0,,1,1.189
S201602326,2016,1,M,0,Asian,VA,INST_03,Regional College C (Teaching),teaching,2.85,98,1998,Computer Science,STEM,5972,0.878,1,0,0,3.245,30,1,0,,0,-2.122
S201602327,2016,0,F,0,White,TX,INST_02,State University B (Research),research,2.62,64,1998,Sociology,Social Sciences,19283,2.836,1,0,0,3.235,25,1,1,3.55,0,-0.164
S201602328,2016,1,F,0,White,NJ,INST_01,State University A (Research),research,2.54,60,1998,Biomedical Engineering,STEM,6167,0.907,1,1,4196,3.4850000000000003,28,0,0,,0,-2.093
S201602329,2016,0,M,0,Hispanic,IL,INST_02,State University B (Research),research,3.37,58,1998,General Studies,Other,6794,0.999,1,1,7554,3.87,33,1,1,3.52,0,-2.001
S201602330,2016,0,F,1,Multi,VA,INST_01,State University A (Research),research,2.96,61,1998,Education,Other,7928,1.166,1,1,7352,3.855,28,1,1,3.88,0,-1.834
S201602331,2016,1,F,0,Hispanic,NC,INST_05,Urban University E (Research),research,2.96,34,1998,Psychology,Social Sciences,9012,1.325,1,1,2847,3.475,25,1,0,,0,-1.675
S201602332,2016,1,F,0,Black,VA,INST_04,Regional College D (Teaching),teaching,2.07,88,1998,Mathematics,STEM,15977,2.35,1,1,4707,3.33,33,0,0,,0,-0.65
S201602333,2016,1,F,1,Black,GA,INST_04,Regional College D (Teaching),teaching,3.23,46,1998,Pre-Med,Health,8855,1.302,1,1,6999,3.43,33,0,0,,0,-1.698
S201602334,2016,1,NB,1,White,NC,INST_03,Regional College C (Teaching),teaching,3.19,64,1998,Mechanical Engineering,STEM,1474,0.217,1,1,5107,4.0,28,1,1,4.0,0,-2.783
S201602335,2016,0,F,1,White,NY,INST_01,State University A (Research),research,3.26,40,1998,History,Humanities,10529,1.548,1,0,0,3.495,29,1,1,2.89,0,-1.452
S201602336,2016,1,F,0,Black,TX,INST_04,Regional College D (Teaching),teaching,2.79,74,1998,Finance,Business,8072,1.187,1,0,0,3.24,32,1,1,3.43,0,-1.813
S201602337,2016,0,F,0,White,TX,INST_03,Regional College C (Teaching),teaching,3.66,54,1998,Psychology,Social Sciences,2458,0.361,1,0,0,2.765,30,1,1,3.43,0,-2.639
S201602338,2016,1,F,0,Asian,NJ,INST_04,Regional College D (Teaching),teaching,2.5,61,1998,Art History,Humanities,10307,1.516,1,1,6657,3.23,31,1,1,3.42,0,-1.484
S201602339,2016,0,M,0,Black,NC,INST_02,State University B (Research),research,4.0,67,1998,Economics-Bus,Business,3516,0.517,1,1,3909,3.05,29,1,0,,0,-2.483
S201602340,2016,1,M,0,Hispanic,MI,INST_04,Regional College D (Teaching),teaching,2.55,49,1998,Biology,STEM,13135,1.932,1,0,0,2.7649999999999997,28,1,1,2.55,0,-1.068
S201602341,2016,1,F,0,Hispanic,FL,INST_02,State University B (Research),research,3.87,71,1998,Marketing,Business,12491,1.837,1,0,0,3.4,31,1,1,3.7,0,-1.163
S201602342,2016,0,M,0,White,NY,INST_01,State University A (Research),research,3.93,60,1998,Civil Engineering,STEM,13466,1.98,1,0,0,3.265,31,1,0,,0,-1.02
S201602343,2016,0,F,1,Multi,NC,INST_02,State University B (Research),research,3.64,70,1998,Pre-Med,Health,12065,1.774,1,1,5714,3.83,34,1,1,3.79,0,-1.226
S201602344,2016,0,F,1,Hispanic,IL,INST_03,Regional College C (Teaching),teaching,2.08,70,1998,Finance,Business,16274,2.393,1,1,3931,3.4699999999999998,28,0,0,,0,-0.607
S201602345,2016,0,F,0,Black,TX,INST_03,Regional College C (Teaching),teaching,3.36,72,1998,Spanish,Humanities,8786,1.292,1,0,0,3.825,28,0,0,,0,-1.708
S201602346,2016,1,M,1,Multi,IL,INST_04,Regional College D (Teaching),teaching,3.13,11,1998,Undeclared,Other,4681,0.688,1,1,3614,3.465,33,0,0,,0,-2.312
S201602347,2016,1,M,0,Asian,GA,INST_01,State University A (Research),research,4.0,49,1998,Mechanical Engineering,STEM,18348,2.698,1,0,0,2.3200000000000003,29,0,0,,0,-0.302
S201602348,2016,0,F,0,Hispanic,FL,INST_05,Urban University E (Research),research,2.84,46,1998,Nursing,Health,8158,1.2,1,1,5251,3.09,32,0,0,,0,-1.8
S201602349,2016,0,F,1,Hispanic,NC,INST_03,Regional College C (Teaching),teaching,3.97,80,1998,Psychology,Social Sciences,5945,0.874,1,1,6879,3.95,28,0,0,,0,-2.126
S201602350,2016,0,F,0,White,FL,INST_01,State University A (Research),research,2.44,81,1998,English,Humanities,15779,2.32,1,1,6962,2.9850000000000003,30,1,1,3.56,0,-0.68
S201602351,2016,0,F,0,White,VA,INST_05,Urban University E (Research),research,2.81,34,1998,Communications,Other,7604,1.118,1,0,0,3.24,26,0,0,,0,-1.882
S201602352,2016,0,F,0,Black,VA,INST_03,Regional College C (Teaching),teaching,3.67,85,1998,Electrical Engineering,STEM,15407,2.266,1,1,5795,3.25,27,1,1,3.03,0,-0.734
S201602353,2016,1,M,0,White,IL,INST_03,Regional College C (Teaching),teaching,3.7,74,1998,Pre-Med,Health,7658,1.126,1,1,7263,3.25,29,1,0,,0,-1.874
S201602354,2016,0,F,0,Black,NJ,INST_05,Urban University E (Research),research,2.69,81,1998,Pre-Med,Health,20874,3.07,0,0,0,3.04,32,0,0,,1,0.07
S201602355,2016,0,F,0,White,NY,INST_01,State University A (Research),research,3.82,61,1998,Computer Science,STEM,9920,1.459,1,1,4942,2.985,28,0,0,,0,-1.541
S201602356,2016,1,F,1,White,GA,INST_05,Urban University E (Research),research,2.89,64,1998,Biology,STEM,5306,0.78,1,1,7126,3.215,33,0,0,,0,-2.22
S201602357,2016,1,M,1,White,IL,INST_01,State University A (Research),research,2.58,74,1998,Kinesiology,Health,1923,0.283,1,1,6044,3.895,26,1,0,,0,-2.717
S201602358,2016,0,M,0,White,PA,INST_04,Regional College D (Teaching),teaching,2.87,21,1998,Psychology,Social Sciences,18407,2.707,1,1,7064,2.915,30,0,0,,0,-0.293
S201602359,2016,0,F,1,White,GA,INST_01,State University A (Research),research,3.28,61,1998,Education,Other,17666,2.598,1,1,4462,3.95,29,0,0,,0,-0.402
S201602360,2016,1,F,0,Asian,FL,INST_02,State University B (Research),research,3.28,82,1998,Pre-Med,Health,5294,0.779,1,0,0,3.795,30,1,1,3.31,0,-2.221
S201602361,2016,1,F,0,Hispanic,GA,INST_03,Regional College C (Teaching),teaching,2.67,49,1998,Psychology,Social Sciences,9777,1.438,1,0,0,3.12,28,1,0,,0,-1.562
S201602362,2016,1,M,1,Asian,MI,INST_05,Urban University E (Research),research,3.63,26,1998,English,Humanities,0,0.1,1,1,7208,3.91,32,1,0,,0,-2.9
S201602363,2016,1,M,0,White,NY,INST_05,Urban University E (Research),research,2.84,40,1998,Physics,STEM,0,0.1,1,1,4400,3.28,29,1,1,3.45,0,-2.9
S201602364,2016,0,F,0,White,MI,INST_04,Regional College D (Teaching),teaching,3.32,68,1998,Communications,Other,4100,0.603,1,1,5276,3.51,28,1,0,,0,-2.397
S201602365,2016,0,M,1,Hispanic,IL,INST_01,State University A (Research),research,3.2,40,1997,Chemistry,STEM,13164,1.936,1,1,8899,3.315,28,0,0,,0,-1.064
S201602366,2016,1,M,0,Asian,NC,INST_02,State University B (Research),research,3.62,74,1997,Nursing,Health,6018,0.885,1,0,0,2.755,29,1,0,,0,-2.115
S201602367,2016,0,F,1,Multi,VA,INST_01,State University A (Research),research,3.73,48,1998,Public Health,Health,18129,2.666,1,0,0,3.5549999999999997,30,1,0,,0,-0.334
S201602368,2016,0,M,0,Hispanic,CA,INST_05,Urban University E (Research),research,3.16,58,1998,Anthropology,Social Sciences,13134,1.931,1,1,8666,4.0,29,0,0,,0,-1.069
S201602369,2016,0,F,0,White,OH,INST_02,State University B (Research),research,2.74,75,1998,Marketing,Business,20276,2.982,1,1,5706,3.225,27,0,0,,0,-0.018
S201602370,2016,0,F,1,Black,NC,INST_05,Urban University E (Research),research,3.78,42,1998,Communications,Other,8811,1.296,1,0,0,3.26,26,1,1,3.72,0,-1.704
S201602371,2016,0,M,0,Unknown,CA,INST_04,Regional College D (Teaching),teaching,3.14,38,1998,Finance,Business,9156,1.346,1,1,7236,3.83,30,1,1,3.32,0,-1.654
S201602372,2016,1,F,0,White,MI,INST_04,Regional College D (Teaching),teaching,2.83,68,1998,Sociology,Social Sciences,0,0.1,1,1,7176,3.6500000000000004,30,1,0,,0,-2.9
S201602373,2016,0,M,1,Hispanic,FL,INST_02,State University B (Research),research,3.34,35,1998,Political Science,Social Sciences,16980,2.497,1,0,0,2.915,30,1,0,,0,-0.503
S201602374,2016,0,F,1,Black,VA,INST_01,State University A (Research),research,3.21,89,1998,Physics,STEM,11962,1.759,1,1,4808,3.05,27,1,0,,0,-1.241
S201602375,2016,0,M,1,Black,NY,INST_05,Urban University E (Research),research,3.57,26,1998,Finance,Business,8678,1.276,1,0,0,2.5700000000000003,30,1,1,2.85,0,-1.724
S201602376,2016,0,F,0,Black,PA,INST_01,State University A (Research),research,2.72,21,1998,Art History,Humanities,4245,0.624,1,1,7295,2.7350000000000003,32,0,0,,0,-2.376
S201602377,2016,1,F,0,White,VA,INST_02,State University B (Research),research,3.11,70,1998,Physics,STEM,3561,0.524,1,0,0,3.665,31,1,0,,0,-2.476
S201602378,2016,0,F,0,White,GA,INST_03,Regional College C (Teaching),teaching,3.06,42,1998,Public Health,Health,20512,3.016,0,0,0,3.465,30,1,1,3.13,1,0.016
S201602379,2016,1,F,1,Hispanic,IL,INST_03,Regional College C (Teaching),teaching,2.85,65,1998,Electrical Engineering,STEM,15429,2.269,1,1,7310,3.62,36,1,0,,0,-0.731
S201602380,2016,1,M,0,White,GA,INST_04,Regional College D (Teaching),teaching,3.43,64,1998,English,Humanities,4709,0.692,1,1,5603,3.61,31,0,0,,0,-2.308
S201602381,2016,0,F,0,White,TX,INST_02,State University B (Research),research,2.37,49,1998,Statistics,STEM,14542,2.139,1,0,0,3.19,30,1,0,,0,-0.861
S201602382,2016,1,F,0,Multi,NC,INST_02,State University B (Research),research,3.81,42,1998,Biology,STEM,3502,0.515,1,1,3394,3.1,32,1,0,,0,-2.485
S201602383,2016,0,M,0,Hispanic,FL,INST_02,State University B (Research),research,3.13,23,1998,Marketing,Business,17883,2.63,1,1,7256,3.545,31,1,0,,0,-0.37
S201602384,2016,1,M,0,White,TX,INST_02,State University B (Research),research,3.66,30,1998,Nursing,Health,14248,2.095,1,0,0,4.0,32,0,0,,0,-0.905
S201602385,2016,0,F,0,Asian,VA,INST_04,Regional College D (Teaching),teaching,3.04,11,1998,Biology,STEM,4701,0.691,1,0,0,2.26,30,1,0,,0,-2.309
S201602386,2016,1,F,1,White,MI,INST_02,State University B (Research),research,3.39,58,1998,Communications,Other,742,0.109,1,0,0,2.74,32,0,0,,0,-2.891
S201602387,2016,1,M,0,White,CA,INST_05,Urban University E (Research),research,3.57,57,1998,Sociology,Social Sciences,12026,1.769,1,1,6068,3.91,32,1,1,4.0,0,-1.231
S201602388,2016,0,F,1,Black,FL,INST_01,State University A (Research),research,3.19,49,1998,Political Science,Social Sciences,11148,1.639,1,0,0,2.79,29,0,0,,0,-1.361
S201602389,2016,0,M,0,Black,NY,INST_03,Regional College C (Teaching),teaching,3.18,60,1998,Philosophy,Humanities,6145,0.904,1,0,0,3.315,32,1,1,3.28,0,-2.096
S201602390,2016,1,F,0,White,NJ,INST_05,Urban University E (Research),research,4.0,41,1998,Mechanical Engineering,STEM,0,0.1,1,0,0,3.005,31,1,1,3.46,0,-2.9
S201602391,2016,0,F,1,Hispanic,NC,INST_02,State University B (Research),research,3.22,52,1998,Computer Science,STEM,12912,1.899,1,0,0,3.9050000000000002,32,1,1,4.0,0,-1.101
S201602392,2016,0,M,0,Hispanic,TX,INST_05,Urban University E (Research),research,2.75,79,1998,Political Science,Social Sciences,26940,3.962,0,0,0,3.23,31,1,0,,1,0.962
S201602393,2016,1,M,1,White,OH,INST_04,Regional College D (Teaching),teaching,2.45,55,1998,Psychology,Social Sciences,5981,0.88,1,0,0,3.3150000000000004,27,1,1,3.28,0,-2.12
S201602394,2016,0,M,0,Black,OH,INST_04,Regional College D (Teaching),teaching,3.09,31,1998,Mathematics,STEM,13980,2.056,1,0,0,2.96,33,1,1,3.78,0,-0.944
S201602395,2016,1,NB,0,Hispanic,CA,INST_05,Urban University E (Research),research,2.93,35,1998,Anthropology,Social Sciences,0,0.1,1,1,4590,3.96,27,1,0,,0,-2.9
S201602396,2016,1,M,0,White,MI,INST_05,Urban University E (Research),research,2.96,64,1998,Biology,STEM,3217,0.473,1,0,0,3.27,31,1,0,,0,-2.527
S201602397,2016,1,M,1,Asian,NY,INST_03,Regional College C (Teaching),teaching,3.48,61,1998,Anthropology,Social Sciences,4111,0.605,1,1,7251,3.505,28,0,0,,0,-2.395
S201602398,2016,1,F,0,White,PA,INST_01,State University A (Research),research,3.64,29,1998,Pre-Med,Health,0,0.1,1,0,0,3.4299999999999997,31,0,0,,0,-2.9
S201602399,2016,0,M,0,Hispanic,MI,INST_02,State University B (Research),research,2.99,43,1998,Economics,Social Sciences,4550,0.669,1,0,0,2.91,27,0,0,,0,-2.331
S201602400,2016,0,F,0,White,TX,INST_04,Regional College D (Teaching),teaching,3.83,71,1998,Marketing,Business,16340,2.403,1,1,5019,3.75,30,1,1,4.0,0,-0.597
S201602401,2016,0,F,0,Hispanic,CA,INST_05,Urban University E (Research),research,3.98,67,1998,Management,Business,8005,1.177,1,1,4634,3.725,30,1,1,4.0,0,-1.823
S201602402,2016,0,F,0,Black,GA,INST_03,Regional College C (Teaching),teaching,2.73,88,1998,Economics,Social Sciences,14209,2.09,1,1,8376,3.825,32,1,0,,0,-0.91
S201602403,2016,0,F,1,Asian,VA,INST_04,Regional College D (Teaching),teaching,3.06,99,1998,Communications,Other,18227,2.68,1,1,5929,3.76,30,0,0,,0,-0.32
S201602404,2016,1,F,1,White,FL,INST_02,State University B (Research),research,3.29,71,1998,Computer Science,STEM,0,0.1,1,1,5360,3.23,29,1,1,3.94,0,-2.9
S201602405,2016,0,M,0,Black,GA,INST_02,State University B (Research),research,2.52,55,1998,Education,Other,10610,1.56,1,0,0,3.4349999999999996,33,0,0,,0,-1.44
S201602406,2016,0,M,1,White,GA,INST_04,Regional College D (Teaching),teaching,3.81,52,1998,General Studies,Other,9631,1.416,1,0,0,3.09,25,1,0,,0,-1.584
S201602407,2016,0,M,0,White,OH,INST_02,State University B (Research),research,2.73,62,1998,Civil Engineering,STEM,20665,3.039,0,1,8868,3.8049999999999997,31,1,1,3.76,1,0.039
S201602408,2016,0,F,0,Black,MI,INST_04,Regional College D (Teaching),teaching,2.71,36,1998,Mathematics,STEM,8481,1.247,1,0,0,2.77,28,0,0,,0,-1.753
S201602409,2016,1,M,0,Hispanic,TX,INST_05,Urban University E (Research),research,2.81,42,1998,Anthropology,Social Sciences,3506,0.516,1,1,2659,3.4050000000000002,31,0,0,,0,-2.484
S201602410,2016,1,F,1,White,GA,INST_01,State University A (Research),research,4.0,33,1998,Finance,Business,0,0.1,1,1,5536,3.965,32,1,1,4.0,0,-2.9
S201602411,2016,0,M,1,White,MI,INST_05,Urban University E (Research),research,3.85,42,1998,Finance,Business,9275,1.364,1,1,6621,3.35,28,1,0,,0,-1.636
S201602412,2016,0,M,0,White,VA,INST_01,State University A (Research),research,2.67,82,1998,Nursing,Health,13962,2.053,1,1,5300,3.8200000000000003,30,0,0,,0,-0.947
S201602413,2016,0,F,0,Black,IL,INST_05,Urban University E (Research),research,2.54,70,1998,Electrical Engineering,STEM,11743,1.727,1,1,4105,3.095,26,0,0,,0,-1.273
S201602414,2016,0,M,1,White,OH,INST_01,State University A (Research),research,3.63,42,1998,Physics,STEM,15390,2.263,1,1,4640,3.88,31,1,1,4.0,0,-0.737
S201602415,2016,0,M,0,White,NC,INST_01,State University A (Research),research,3.83,24,1998,Education,Other,8407,1.236,1,1,4323,3.145,25,1,0,,0,-1.764
S201602416,2016,0,F,0,Multi,GA,INST_05,Urban University E (Research),research,3.21,37,1998,Public Health,Health,22013,3.237,0,0,0,2.7649999999999997,29,0,0,,1,0.237
S201602417,2016,0,F,1,Black,IL,INST_04,Regional College D (Teaching),teaching,3.14,44,1998,Finance,Business,8270,1.216,1,0,0,3.26,30,0,0,,0,-1.784
S201602418,2016,0,F,0,White,NJ,INST_05,Urban University E (Research),research,2.74,67,1998,Economics,Social Sciences,8590,1.263,1,1,7864,3.7649999999999997,33,0,0,,0,-1.737
S201602419,2016,0,F,1,White,FL,INST_01,State University A (Research),research,3.57,19,1998,General Studies,Other,17150,2.522,1,1,3953,2.825,28,1,1,2.47,0,-0.478
S201602420,2016,0,M,0,Hispanic,PA,INST_05,Urban University E (Research),research,3.71,34,1998,Economics,Social Sciences,15716,2.311,1,1,6810,3.135,26,1,1,3.66,0,-0.689
S201602421,2016,1,M,1,White,OH,INST_04,Regional College D (Teaching),teaching,2.96,77,1998,Civil Engineering,STEM,17703,2.603,1,1,3967,3.635,29,1,1,3.69,0,-0.397
S201602422,2016,0,M,0,Hispanic,CA,INST_02,State University B (Research),research,3.3,52,1998,Art History,Humanities,3717,0.547,1,0,0,3.63,28,1,0,,0,-2.453
S201602423,2016,0,M,1,White,MI,INST_02,State University B (Research),research,3.35,99,1998,Marketing,Business,11231,1.652,1,0,0,4.0,28,1,1,3.65,0,-1.348
S201602424,2016,1,M,0,White,NC,INST_03,Regional College C (Teaching),teaching,2.87,88,1998,Psychology,Social Sciences,0,0.1,1,1,4001,3.79,28,1,1,4.0,0,-2.9
S201602425,2016,1,F,0,Asian,FL,INST_02,State University B (Research),research,3.14,60,1997,Electrical Engineering,STEM,8032,1.181,1,1,4219,3.935,28,1,0,,0,-1.819
S201602426,2016,0,F,1,White,NJ,INST_04,Regional College D (Teaching),teaching,3.74,57,1998,Communications,Other,15242,2.241,1,0,0,2.915,29,0,0,,0,-0.759
S201602427,2016,0,F,0,White,PA,INST_02,State University B (Research),research,2.9,73,1998,Civil Engineering,STEM,5734,0.843,1,1,5404,3.845,31,1,0,,0,-2.157
S201602428,2016,0,M,0,Multi,NC,INST_03,Regional College C (Teaching),teaching,3.64,76,1998,Sociology,Social Sciences,8105,1.192,1,1,5126,3.725,27,1,1,4.0,0,-1.808
S201602429,2016,1,F,1,White,FL,INST_03,Regional College C (Teaching),teaching,2.21,86,1998,Anthropology,Social Sciences,0,0.1,1,1,8021,3.4299999999999997,29,1,1,3.51,0,-2.9
S201602430,2016,1,M,0,Multi,NC,INST_05,Urban University E (Research),research,3.49,44,1998,Physics,STEM,10107,1.486,1,0,0,3.52,32,0,0,,0,-1.514
S201602431,2016,0,M,1,White,GA,INST_02,State University B (Research),research,3.33,62,1998,History,Humanities,12419,1.826,1,1,3859,3.125,32,1,1,3.61,0,-1.174
S201602432,2016,1,F,0,Asian,PA,INST_04,Regional College D (Teaching),teaching,3.76,41,1997,Art History,Humanities,4702,0.691,1,0,0,2.77,31,1,0,,0,-2.309
S201602433,2016,0,F,0,Black,IL,INST_04,Regional College D (Teaching),teaching,3.42,69,1998,Biomedical Engineering,STEM,2869,0.422,1,1,7492,3.02,28,0,0,,0,-2.578
S201602434,2016,1,M,1,Black,VA,INST_02,State University B (Research),research,3.07,79,1998,Sociology,Social Sciences,14764,2.171,1,1,5128,3.9450000000000003,28,1,0,,0,-0.829
S201602435,2016,1,M,0,White,GA,INST_04,Regional College D (Teaching),teaching,2.69,63,1998,Economics,Social Sciences,0,0.1,1,1,5518,3.99,30,0,0,,0,-2.9
S201602436,2016,0,F,1,Black,IL,INST_05,Urban University E (Research),research,3.88,78,1998,Economics,Social Sciences,14479,2.129,1,1,8309,3.29,30,1,1,3.54,0,-0.871
S201602437,2016,0,M,0,Hispanic,NC,INST_03,Regional College C (Teaching),teaching,2.81,73,1998,General Studies,Other,13872,2.04,1,1,6086,3.195,26,1,1,3.29,0,-0.96
S201602438,2016,1,F,1,Black,PA,INST_02,State University B (Research),research,3.0,52,1998,Biology,STEM,9065,1.333,1,1,5271,3.4749999999999996,30,0,0,,0,-1.667
S201602439,2016,0,F,0,Hispanic,NY,INST_05,Urban University E (Research),research,3.4,40,1998,Finance,Business,15373,2.261,1,1,3711,3.4,25,1,0,,0,-0.739
S201602440,2016,1,M,1,White,VA,INST_01,State University A (Research),research,2.52,89,1998,Psychology,Social Sciences,3830,0.563,1,0,0,3.455,31,0,0,,0,-2.437
S201602441,2016,0,M,1,Black,VA,INST_02,State University B (Research),research,3.76,31,1998,Mechanical Engineering,STEM,14805,2.177,1,0,0,2.885,28,1,0,,0,-0.823
S201602442,2016,1,M,0,Hispanic,VA,INST_01,State University A (Research),research,3.7,42,1998,Communications,Other,6010,0.884,1,1,4044,3.8449999999999998,31,1,1,4.0,0,-2.116
S201602443,2016,0,F,0,Hispanic,CA,INST_04,Regional College D (Teaching),teaching,2.5,50,1998,Undeclared,Other,8857,1.302,1,1,6899,2.8600000000000003,32,1,0,,0,-1.698
S201602444,2016,0,F,0,Multi,IL,INST_04,Regional College D (Teaching),teaching,3.85,41,1998,Art History,Humanities,14651,2.155,1,1,8104,3.5949999999999998,31,0,0,,0,-0.845
S201602445,2016,1,F,0,White,NJ,INST_05,Urban University E (Research),research,2.54,34,1998,Finance,Business,509,0.1,1,1,6809,2.365,27,0,0,,0,-2.9
S201602446,2016,1,F,0,Hispanic,MI,INST_03,Regional College C (Teaching),teaching,2.97,39,1998,History,Humanities,17301,2.544,1,1,7818,3.705,31,0,0,,0,-0.456
S201602447,2016,0,F,0,White,NC,INST_04,Regional College D (Teaching),teaching,2.93,79,1998,Statistics,STEM,11891,1.749,1,0,0,2.3,26,1,1,2.42,0,-1.251
S201602448,2016,1,M,0,Hispanic,IL,INST_01,State University A (Research),research,3.4,99,1998,Communications,Other,4272,0.628,1,0,0,3.4000000000000004,30,0,0,,0,-2.372
S201602449,2016,0,M,0,Asian,TX,INST_05,Urban University E (Research),research,2.85,63,1998,Accounting,Business,16678,2.453,1,0,0,2.775,31,0,0,,0,-0.547
S201602450,2016,0,F,0,Hispanic,GA,INST_01,State University A (Research),research,3.34,96,1998,Anthropology,Social Sciences,26636,3.917,0,1,5818,3.6550000000000002,25,0,0,,1,0.917
S201602451,2016,1,M,0,White,PA,INST_05,Urban University E (Research),research,3.2,69,1998,Nursing,Health,1192,0.175,1,0,0,2.695,26,1,1,2.66,0,-2.825
S201602452,2016,1,M,0,Black,VA,INST_04,Regional College D (Teaching),teaching,3.47,48,1998,Accounting,Business,4395,0.646,1,1,7634,2.95,27,1,0,,0,-2.354
S201602453,2016,0,F,1,White,OH,INST_05,Urban University E (Research),research,3.36,63,1998,Physics,STEM,12722,1.871,1,1,4657,4.0,32,1,1,4.0,0,-1.129
S201602454,2016,1,F,1,Hispanic,GA,INST_03,Regional College C (Teaching),teaching,2.95,81,1998,Electrical Engineering,STEM,0,0.1,1,1,7133,4.0,33,1,1,4.0,0,-2.9
S201602455,2016,0,M,0,White,NJ,INST_01,State University A (Research),research,2.86,68,1998,Spanish,Humanities,5835,0.858,1,1,6705,2.865,34,1,0,,0,-2.142
S201602456,2016,0,F,0,White,OH,INST_04,Regional College D (Teaching),teaching,3.14,43,1998,Management,Business,6027,0.886,1,1,5844,2.9450000000000003,30,1,0,,0,-2.114
S201602457,2016,0,F,0,White,NY,INST_04,Regional College D (Teaching),teaching,2.45,65,1998,Electrical Engineering,STEM,11979,1.762,1,1,5318,3.865,30,1,0,,0,-1.238
S201602458,2016,1,F,1,White,NJ,INST_05,Urban University E (Research),research,2.97,68,1998,Anthropology,Social Sciences,1787,0.263,1,1,5809,3.6500000000000004,25,1,0,,0,-2.737
S201602459,2016,0,F,1,Hispanic,OH,INST_02,State University B (Research),research,3.44,54,1998,Statistics,STEM,5495,0.808,1,1,7577,3.435,30,0,0,,0,-2.192
S201602460,2016,1,F,1,Hispanic,GA,INST_04,Regional College D (Teaching),teaching,3.56,25,1998,General Studies,Other,3786,0.557,1,0,0,2.48,32,0,0,,0,-2.443
S201602461,2016,1,F,1,Asian,NJ,INST_05,Urban University E (Research),research,2.92,71,1998,Computer Science,STEM,10149,1.492,1,0,0,3.835,34,1,0,,0,-1.508
S201602462,2016,1,M,1,White,OH,INST_02,State University B (Research),research,2.04,86,1998,Mechanical Engineering,STEM,4516,0.664,1,1,6595,3.34,29,1,0,,0,-2.336
S201602463,2016,0,M,0,White,IL,INST_01,State University A (Research),research,3.25,68,1998,Accounting,Business,2212,0.325,1,0,0,3.7,31,0,0,,0,-2.675
S201602464,2016,1,M,1,White,NJ,INST_05,Urban University E (Research),research,3.39,90,1998,Anthropology,Social Sciences,1080,0.159,1,0,0,2.705,29,0,0,,0,-2.841
S201602465,2016,0,F,0,Black,OH,INST_04,Regional College D (Teaching),teaching,3.22,70,1998,General Studies,Other,2153,0.317,1,0,0,3.8,31,1,0,,0,-2.683
S201602466,2016,0,M,1,Black,NJ,INST_05,Urban University E (Research),research,3.4,81,1998,Economics,Social Sciences,1370,0.201,1,1,6970,3.66,32,1,1,3.75,0,-2.799
S201602467,2016,0,M,1,Black,MI,INST_02,State University B (Research),research,3.07,35,1998,Public Health,Health,6537,0.961,1,0,0,2.885,28,1,1,3.2,0,-2.039
S201602468,2016,1,M,1,White,PA,INST_01,State University A (Research),research,3.31,48,1998,Marketing,Business,874,0.129,1,1,5524,2.8449999999999998,31,0,0,,0,-2.871
S201602469,2016,0,F,0,White,MI,INST_01,State University A (Research),research,3.46,36,1998,Marketing,Business,23625,3.474,0,0,0,3.63,27,0,0,,1,0.474
S201602470,2016,0,F,0,White,MI,INST_01,State University A (Research),research,3.2,72,1998,General Studies,Other,22267,3.275,0,0,0,3.08,31,0,0,,1,0.275
S201602471,2016,1,F,0,White,NC,INST_03,Regional College C (Teaching),teaching,2.16,63,1998,Marketing,Business,10053,1.478,1,1,3703,3.8600000000000003,30,0,0,,0,-1.522
S201602472,2016,1,NB,0,Black,GA,INST_05,Urban University E (Research),research,2.6,54,1998,Marketing,Business,16293,2.396,1,1,4423,3.23,32,0,0,,0,-0.604
S201602473,2016,0,M,1,Hispanic,FL,INST_01,State University A (Research),research,3.53,28,1998,Management,Business,20244,2.977,1,1,6854,3.73,28,1,0,,0,-0.023
S201602474,2016,0,F,0,White,IL,INST_05,Urban University E (Research),research,3.27,36,1998,Pre-Med,Health,16842,2.477,1,1,5695,3.015,28,1,1,2.85,0,-0.523
S201602475,2016,0,F,1,White,NC,INST_03,Regional College C (Teaching),teaching,2.92,47,1997,Civil Engineering,STEM,14347,2.11,1,1,5315,3.965,34,0,0,,0,-0.89
S201602476,2016,0,F,0,Hispanic,NJ,INST_04,Regional College D (Teaching),teaching,3.27,87,1998,Finance,Business,12856,1.891,1,1,9001,3.6550000000000002,30,1,0,,0,-1.109
S201602477,2016,1,F,0,Hispanic,NC,INST_05,Urban University E (Research),research,2.98,40,1998,Communications,Other,8194,1.205,1,0,0,2.8049999999999997,29,1,0,,0,-1.795
S201602478,2016,0,M,0,Black,CA,INST_02,State University B (Research),research,2.95,58,1998,Management,Business,13656,2.008,1,0,0,3.66,30,1,1,3.25,0,-0.992
S201602479,2016,0,F,0,Asian,GA,INST_02,State University B (Research),research,2.61,97,1998,Nursing,Health,26618,3.914,0,0,0,3.855,27,1,0,,1,0.914
S201602480,2016,0,F,0,White,OH,INST_01,State University A (Research),research,3.59,82,1998,Civil Engineering,STEM,19550,2.875,1,1,5819,3.105,28,1,0,,0,-0.125
S201602481,2016,0,M,0,White,NJ,INST_03,Regional College C (Teaching),teaching,3.02,85,1998,Political Science,Social Sciences,305,0.1,1,1,6827,3.3499999999999996,28,1,1,3.71,0,-2.9
S201602482,2016,0,M,1,White,FL,INST_02,State University B (Research),research,2.94,23,1998,Statistics,STEM,19884,2.924,1,1,5944,3.38,30,0,0,,0,-0.076
S201602483,2016,1,F,0,White,FL,INST_03,Regional College C (Teaching),teaching,4.0,42,1998,Nursing,Health,0,0.1,1,0,0,3.69,34,1,1,4.0,0,-2.9
S201602484,2016,1,F,1,Black,TX,INST_04,Regional College D (Teaching),teaching,3.28,59,1998,Civil Engineering,STEM,6090,0.896,1,1,5476,3.26,30,0,0,,0,-2.104
S201602485,2016,1,M,0,Hispanic,CA,INST_03,Regional College C (Teaching),teaching,2.64,56,1998,Finance,Business,4584,0.674,1,1,7345,3.385,29,0,0,,0,-2.326
S201602486,2016,0,F,0,Asian,MI,INST_02,State University B (Research),research,3.92,62,1998,Mathematics,STEM,17399,2.559,1,0,0,3.5949999999999998,29,1,0,,0,-0.441
S201602487,2016,0,M,0,White,MI,INST_05,Urban University E (Research),research,2.44,61,1998,Finance,Business,16372,2.408,1,0,0,3.6100000000000003,28,0,0,,0,-0.592
S201602488,2016,0,F,0,White,NC,INST_05,Urban University E (Research),research,3.33,75,1998,Chemistry,STEM,10445,1.536,1,1,6989,3.2350000000000003,31,0,0,,0,-1.464
S201602489,2016,1,F,0,White,PA,INST_04,Regional College D (Teaching),teaching,2.6,99,1998,Finance,Business,11655,1.714,1,1,3799,3.4299999999999997,31,1,0,,0,-1.286
S201602490,2016,1,F,1,White,NY,INST_04,Regional College D (Teaching),teaching,3.32,46,1998,Statistics,STEM,13689,2.013,1,0,0,3.2,28,1,1,3.55,0,-0.987
S201602491,2016,1,F,0,Asian,NJ,INST_02,State University B (Research),research,2.96,52,1998,Management,Business,489,0.1,1,1,5284,3.715,28,0,0,,0,-2.9
S201602492,2016,1,M,0,Black,NC,INST_05,Urban University E (Research),research,2.78,84,1998,Anthropology,Social Sciences,12711,1.869,1,1,6028,3.24,30,0,0,,0,-1.131
S201602493,2016,0,F,0,White,GA,INST_05,Urban University E (Research),research,2.95,52,1998,Sociology,Social Sciences,15367,2.26,1,1,5622,3.2750000000000004,31,1,1,3.77,0,-0.74
S201602494,2016,0,M,1,White,VA,INST_03,Regional College C (Teaching),teaching,2.59,65,1998,Accounting,Business,16327,2.401,1,1,6991,3.455,31,0,0,,0,-0.599
S201602495,2016,0,M,0,Hispanic,TX,INST_02,State University B (Research),research,3.14,50,1998,Education,Other,3344,0.492,1,0,0,2.08,27,1,1,2.08,0,-2.508
S201602496,2016,1,M,0,Multi,IL,INST_05,Urban University E (Research),research,3.76,68,1998,Civil Engineering,STEM,1230,0.181,1,1,8541,3.2350000000000003,30,1,1,4.0,0,-2.819
S201602497,2016,0,M,0,White,PA,INST_01,State University A (Research),research,3.65,17,1998,Management,Business,18127,2.666,1,0,0,3.185,27,1,0,,0,-0.334
S201602498,2016,1,M,0,Black,NJ,INST_02,State University B (Research),research,3.88,98,1998,Psychology,Social Sciences,0,0.1,1,1,3013,3.825,30,1,1,4.0,0,-2.9
S201602499,2016,1,F,0,Multi,PA,INST_05,Urban University E (Research),research,2.99,63,1998,Computer Science,STEM,16062,2.362,1,1,4753,3.45,28,1,1,3.74,0,-0.638
S201602500,2016,0,M,0,White,CA,INST_01,State University A (Research),research,3.38,35,1998,History,Humanities,20169,2.966,1,1,4994,2.9349999999999996,31,0,0,,0,-0.034
S201602501,2016,1,M,1,White,PA,INST_05,Urban University E (Research),research,2.73,57,1998,Kinesiology,Health,0,0.1,1,1,5905,2.585,27,0,0,,0,-2.9
S201602502,2016,0,M,1,White,FL,INST_04,Regional College D (Teaching),teaching,3.88,51,1998,Mechanical Engineering,STEM,17586,2.586,1,1,7414,3.25,28,1,1,3.82,0,-0.414
S201602503,2016,0,F,1,Hispanic,PA,INST_02,State University B (Research),research,2.26,38,1998,Electrical Engineering,STEM,12079,1.776,1,1,6148,2.9850000000000003,31,1,1,3.08,0,-1.224
S201602504,2016,1,F,0,Black,MI,INST_02,State University B (Research),research,3.58,54,1998,Electrical Engineering,STEM,0,0.1,1,1,5850,3.9699999999999998,34,1,1,4.0,0,-2.9
S201602505,2016,0,M,0,White,NY,INST_02,State University B (Research),research,3.49,44,1998,Pre-Med,Health,5319,0.782,1,1,4289,3.5300000000000002,31,1,1,4.0,0,-2.218
S201602506,2016,1,M,0,White,PA,INST_01,State University A (Research),research,2.31,69,1998,Chemistry,STEM,0,0.1,1,1,3683,3.29,31,0,0,,0,-2.9
S201602507,2016,0,M,0,Hispanic,CA,INST_04,Regional College D (Teaching),teaching,3.55,49,1998,Marketing,Business,7885,1.16,1,1,4431,3.05,32,0,0,,0,-1.84
S201602508,2016,0,F,1,White,NJ,INST_05,Urban University E (Research),research,3.67,57,1998,Statistics,STEM,12055,1.773,1,1,6564,2.8449999999999998,28,0,0,,0,-1.227
S201602509,2016,0,F,0,White,PA,INST_03,Regional College C (Teaching),teaching,3.06,72,1998,Anthropology,Social Sciences,15561,2.288,1,1,4652,3.7800000000000002,28,0,0,,0,-0.712
S201602510,2016,1,F,0,White,CA,INST_03,Regional College C (Teaching),teaching,2.99,60,1998,Marketing,Business,13179,1.938,1,1,7116,3.435,32,0,0,,0,-1.062
S201602511,2016,1,F,1,Black,CA,INST_04,Regional College D (Teaching),teaching,3.39,3,1998,Sociology,Social Sciences,8828,1.298,1,1,4036,3.495,33,1,1,3.66,0,-1.702
S201602512,2016,1,M,1,White,CA,INST_01,State University A (Research),research,2.63,90,1998,General Studies,Other,7837,1.152,1,1,5860,3.035,31,0,0,,0,-1.848
S201602513,2016,1,M,0,Hispanic,CA,INST_04,Regional College D (Teaching),teaching,3.54,36,1998,Civil Engineering,STEM,7344,1.08,1,1,5642,3.1449999999999996,31,1,0,,0,-1.92
S201602514,2016,1,F,0,White,FL,INST_04,Regional College D (Teaching),teaching,3.51,76,1998,Mathematics,STEM,14880,2.188,1,1,4241,4.0,31,1,1,4.0,0,-0.812
S201602515,2016,0,F,1,Black,MI,INST_05,Urban University E (Research),research,2.6,61,1998,Spanish,Humanities,11874,1.746,1,0,0,2.8200000000000003,25,1,1,2.64,0,-1.254
S201602516,2016,0,F,1,Multi,NC,INST_03,Regional College C (Teaching),teaching,3.16,94,1998,Biomedical Engineering,STEM,13222,1.944,1,1,6153,3.535,32,0,0,,0,-1.056
S201602517,2016,0,F,0,White,MI,INST_03,Regional College C (Teaching),teaching,3.66,46,1998,Sociology,Social Sciences,10063,1.48,1,1,3000,3.27,31,1,0,,0,-1.52
S201602518,2016,1,F,1,Asian,NY,INST_02,State University B (Research),research,3.28,66,1998,Public Health,Health,7518,1.106,1,0,0,3.38,30,0,0,,0,-1.894
S201602519,2016,0,M,0,White,FL,INST_01,State University A (Research),research,3.45,43,1998,Civil Engineering,STEM,19311,2.84,1,1,7361,3.615,30,1,1,3.39,0,-0.16
S201602520,2016,0,F,0,White,OH,INST_02,State University B (Research),research,3.86,30,1998,Pre-Med,Health,21882,3.218,0,0,0,2.89,31,1,0,,1,0.218
S201602521,2016,0,F,0,Multi,NC,INST_04,Regional College D (Teaching),teaching,3.07,66,1998,Nursing,Health,21796,3.205,0,0,0,3.135,31,1,0,,1,0.205
S201602522,2016,0,M,0,White,GA,INST_02,State University B (Research),research,2.83,64,1998,Physics,STEM,18019,2.65,1,1,7222,3.75,29,0,0,,0,-0.35
S201602523,2016,0,F,0,White,CA,INST_04,Regional College D (Teaching),teaching,2.81,44,1998,Anthropology,Social Sciences,20812,3.061,0,0,0,3.26,30,0,0,,1,0.061
S201602524,2016,0,M,1,White,CA,INST_03,Regional College C (Teaching),teaching,3.45,73,1998,Accounting,Business,16660,2.45,1,0,0,3.42,27,1,0,,0,-0.55
S201602525,2016,0,NB,1,White,TX,INST_02,State University B (Research),research,3.22,26,1998,Civil Engineering,STEM,4199,0.618,1,1,7128,3.465,29,0,0,,0,-2.382
S201602526,2016,1,F,0,Hispanic,NC,INST_01,State University A (Research),research,2.28,49,1998,Public Health,Health,16969,2.495,1,1,5910,3.745,32,0,0,,0,-0.505
S201602527,2016,1,M,0,White,IL,INST_05,Urban University E (Research),research,2.71,53,1998,Biology,STEM,2301,0.338,1,1,5446,2.865,29,0,0,,0,-2.662
S201602528,2016,0,M,1,Asian,CA,INST_04,Regional College D (Teaching),teaching,3.0,65,1998,Political Science,Social Sciences,8481,1.247,1,0,0,3.88,28,1,1,3.41,0,-1.753
S201602529,2016,1,F,0,White,VA,INST_04,Regional College D (Teaching),teaching,3.17,66,1998,Accounting,Business,14812,2.178,1,1,4798,3.34,28,0,0,,0,-0.822
S201602530,2016,0,F,0,White,FL,INST_05,Urban University E (Research),research,3.2,43,1998,Public Health,Health,14946,2.198,1,1,4626,3.33,28,1,1,3.5,0,-0.802
S201602531,2016,0,F,0,White,VA,INST_05,Urban University E (Research),research,3.37,54,1998,Computer Science,STEM,1237,0.182,1,0,0,3.25,25,1,1,3.8,0,-2.818
S201602532,2016,1,M,0,Asian,CA,INST_05,Urban University E (Research),research,3.66,31,1998,Chemistry,STEM,3537,0.52,1,1,6342,3.5700000000000003,32,1,1,3.53,0,-2.48
S201602533,2016,0,F,0,Hispanic,TX,INST_03,Regional College C (Teaching),teaching,2.73,78,1998,Chemistry,STEM,13787,2.027,1,1,5961,3.145,32,1,0,,0,-0.973
S201602534,2016,1,M,0,White,OH,INST_04,Regional College D (Teaching),teaching,3.72,30,1998,Education,Other,3876,0.57,1,0,0,3.035,30,1,0,,0,-2.43
S201602535,2016,0,M,1,Hispanic,FL,INST_01,State University A (Research),research,2.82,78,1998,Civil Engineering,STEM,6179,0.909,1,0,0,2.7350000000000003,27,0,0,,0,-2.091
S201602536,2016,0,M,0,White,CA,INST_04,Regional College D (Teaching),teaching,3.74,46,1998,Management,Business,13853,2.037,1,1,6954,3.08,31,1,1,3.38,0,-0.963
S201602537,2016,0,M,0,Asian,PA,INST_05,Urban University E (Research),research,2.92,36,1998,Undeclared,Other,3697,0.544,1,1,6567,3.045,32,1,0,,0,-2.456
S201602538,2016,0,M,0,Asian,GA,INST_03,Regional College C (Teaching),teaching,4.0,50,1998,Statistics,STEM,6833,1.005,1,1,4719,2.685,28,0,0,,0,-1.995
S201602539,2016,1,F,0,White,MI,INST_02,State University B (Research),research,4.0,62,1998,Undeclared,Other,16055,2.361,1,1,6320,3.455,29,0,0,,0,-0.639
S201602540,2016,0,F,1,White,NC,INST_03,Regional College C (Teaching),teaching,3.27,43,1998,General Studies,Other,12030,1.769,1,1,6858,3.0549999999999997,31,0,0,,0,-1.231
S201602541,2016,0,M,0,Asian,NY,INST_05,Urban University E (Research),research,2.59,17,1998,Economics,Social Sciences,19153,2.817,1,1,5983,2.8600000000000003,32,0,0,,0,-0.183
S201602542,2016,0,M,0,Asian,NJ,INST_01,State University A (Research),research,2.81,67,1998,Finance,Business,1783,0.262,1,1,5712,3.24,34,1,1,3.21,0,-2.738
S201602543,2016,0,F,1,White,CA,INST_01,State University A (Research),research,2.58,63,1998,Political Science,Social Sciences,7919,1.165,1,1,7807,3.74,28,1,1,3.47,0,-1.835
S201602544,2016,0,M,0,White,CA,INST_01,State University A (Research),research,4.0,99,1998,Political Science,Social Sciences,0,0.1,1,1,3147,3.4050000000000002,31,1,0,,0,-2.9
S201602545,2016,0,F,0,NHPI,NJ,INST_02,State University B (Research),research,3.09,80,1998,Economics,Social Sciences,14705,2.162,1,1,6346,3.705,30,0,0,,0,-0.838
S201602546,2016,0,M,0,Hispanic,OH,INST_03,Regional College C (Teaching),teaching,4.0,56,1998,Sociology,Social Sciences,18132,2.666,1,0,0,3.1050000000000004,30,1,1,3.31,0,-0.334
S201602547,2016,1,M,1,White,FL,INST_05,Urban University E (Research),research,2.39,43,1998,Kinesiology,Health,7075,1.04,1,1,6265,3.325,29,1,1,3.69,0,-1.96
S201602548,2016,0,F,0,White,IL,INST_05,Urban University E (Research),research,2.75,42,1998,Nursing,Health,13963,2.053,1,0,0,3.04,28,0,0,,0,-0.947
S201602549,2016,0,M,0,White,GA,INST_02,State University B (Research),research,2.94,49,1998,Art History,Humanities,6261,0.921,1,1,3655,3.2750000000000004,32,1,0,,0,-2.079
S201602550,2016,0,F,0,Asian,NY,INST_05,Urban University E (Research),research,3.42,28,1998,Biology,STEM,16034,2.358,1,1,7181,3.7649999999999997,31,0,0,,0,-0.642
S201602551,2016,1,F,1,Black,GA,INST_05,Urban University E (Research),research,2.8,36,1998,Philosophy,Humanities,9275,1.364,1,0,0,3.74,28,1,0,,0,-1.636
S201602552,2016,1,F,0,Hispanic,NJ,INST_03,Regional College C (Teaching),teaching,3.73,25,1998,Accounting,Business,2714,0.399,1,1,5132,3.645,28,1,0,,0,-2.601
S201602553,2016,0,M,0,White,NY,INST_02,State University B (Research),research,3.67,64,1998,Anthropology,Social Sciences,2227,0.328,1,1,4951,3.13,32,1,1,3.85,0,-2.672
S201602554,2016,0,M,0,Hispanic,NY,INST_02,State University B (Research),research,3.29,58,1998,Finance,Business,12952,1.905,1,0,0,4.0,31,1,1,4.0,0,-1.095
S201602555,2016,0,M,1,White,PA,INST_05,Urban University E (Research),research,2.78,50,1998,Economics-Bus,Business,13330,1.96,1,0,0,3.065,24,1,1,3.08,0,-1.04
S201602556,2016,0,F,0,White,GA,INST_02,State University B (Research),research,2.45,87,1998,Physics,STEM,15751,2.316,1,1,7932,4.0,27,1,0,,0,-0.684
S201602557,2016,0,M,0,Black,PA,INST_03,Regional College C (Teaching),teaching,3.05,52,1998,Anthropology,Social Sciences,8106,1.192,1,0,0,3.415,31,1,1,3.92,0,-1.808
S201602558,2016,1,M,0,White,VA,INST_01,State University A (Research),research,3.13,73,1998,Philosophy,Humanities,1667,0.245,1,1,6207,3.1550000000000002,31,0,0,,0,-2.755
S201602559,2016,0,M,0,White,FL,INST_02,State University B (Research),research,2.38,76,1998,Finance,Business,7662,1.127,1,1,4628,2.46,30,1,1,2.82,0,-1.873
S201602560,2016,1,M,0,Black,IL,INST_05,Urban University E (Research),research,3.39,38,1998,Biomedical Engineering,STEM,0,0.1,1,1,5774,3.6950000000000003,29,1,1,3.42,0,-2.9
S201602561,2016,0,M,0,Asian,NY,INST_01,State University A (Research),research,2.92,47,1998,Sociology,Social Sciences,24808,3.648,0,0,0,3.22,31,0,0,,1,0.648
S201602562,2016,1,M,0,Asian,GA,INST_05,Urban University E (Research),research,3.61,68,1998,Public Health,Health,7068,1.039,1,0,0,2.695,28,1,0,,0,-1.961
S201602563,2016,0,F,0,White,VA,INST_01,State University A (Research),research,4.0,39,1998,Sociology,Social Sciences,1431,0.21,1,0,0,3.21,31,0,0,,0,-2.79
S201602564,2016,0,F,0,White,NY,INST_01,State University A (Research),research,3.58,63,1998,Economics-Bus,Business,25393,3.734,0,1,6522,3.13,29,1,1,3.4,1,0.734
S201602565,2016,1,F,1,Hispanic,NJ,INST_04,Regional College D (Teaching),teaching,2.71,48,1998,Computer Science,STEM,2020,0.297,1,1,7752,3.935,28,1,0,,0,-2.703
S201602566,2016,0,M,1,Black,VA,INST_04,Regional College D (Teaching),teaching,3.93,56,1998,Nursing,Health,8564,1.259,1,0,0,2.8600000000000003,30,1,0,,0,-1.741
S201602567,2016,0,F,0,White,OH,INST_01,State University A (Research),research,3.4,69,1998,Art History,Humanities,6922,1.018,1,0,0,3.835,31,1,1,4.0,0,-1.982
S201602568,2016,0,NB,0,Hispanic,NC,INST_05,Urban University E (Research),research,3.82,53,1998,Public Health,Health,12526,1.842,1,0,0,3.0949999999999998,32,1,0,,0,-1.158
S201602569,2016,0,M,1,White,FL,INST_05,Urban University E (Research),research,2.96,30,1998,Finance,Business,10027,1.475,1,1,5344,3.38,30,1,0,,0,-1.525
S201602570,2016,1,M,0,White,IL,INST_01,State University A (Research),research,2.96,78,1998,Computer Science,STEM,8891,1.308,1,1,5588,3.4050000000000002,31,0,0,,0,-1.692
S201602571,2016,1,M,1,Black,VA,INST_05,Urban University E (Research),research,4.0,43,1998,Undeclared,Other,0,0.1,1,1,7475,3.87,27,1,1,4.0,0,-2.9
S201602572,2016,0,F,0,White,IL,INST_01,State University A (Research),research,2.49,99,1998,Education,Other,7129,1.048,1,0,0,3.0300000000000002,26,0,0,,0,-1.952
S201602573,2016,0,F,0,Hispanic,PA,INST_01,State University A (Research),research,2.79,61,1998,Nursing,Health,9800,1.441,1,1,6544,3.605,27,1,0,,0,-1.559
S201602574,2016,0,M,1,White,VA,INST_01,State University A (Research),research,3.32,21,1998,General Studies,Other,6863,1.009,1,1,5301,3.215,27,1,1,3.34,0,-1.991
S201602575,2016,1,M,1,Hispanic,MI,INST_04,Regional College D (Teaching),teaching,3.47,40,1998,Economics-Bus,Business,4634,0.681,1,1,7215,3.5700000000000003,31,1,1,3.04,0,-2.319
S201602576,2016,0,M,0,Multi,CA,INST_04,Regional College D (Teaching),teaching,3.27,61,1998,Economics-Bus,Business,6923,1.018,1,1,5520,2.635,28,1,0,,0,-1.982
S201602577,2016,1,F,1,Hispanic,NJ,INST_02,State University B (Research),research,3.98,33,1998,Physics,STEM,12064,1.774,1,1,5126,3.48,31,0,0,,0,-1.226
S201602578,2016,0,M,1,White,PA,INST_02,State University B (Research),research,3.61,48,1998,Undeclared,Other,3182,0.468,1,1,8566,3.17,29,1,0,,0,-2.532
S201602579,2016,0,M,0,Hispanic,CA,INST_02,State University B (Research),research,2.77,29,1998,Mechanical Engineering,STEM,24106,3.545,0,1,5401,3.3449999999999998,26,0,0,,1,0.545
S201602580,2016,0,M,1,White,OH,INST_05,Urban University E (Research),research,3.35,77,1998,Management,Business,672,0.1,1,1,6231,3.875,30,1,1,4.0,0,-2.9
S201602581,2016,1,F,0,Multi,CA,INST_05,Urban University E (Research),research,2.48,93,1998,Public Health,Health,8729,1.284,1,0,0,3.625,24,0,0,,0,-1.716
S201602582,2016,1,F,0,White,PA,INST_02,State University B (Research),research,2.45,42,1998,Mechanical Engineering,STEM,13150,1.934,1,0,0,3.0250000000000004,32,1,0,,0,-1.066
S201602583,2016,0,F,0,White,GA,INST_02,State University B (Research),research,2.48,46,1998,Economics-Bus,Business,0,0.1,1,1,5288,3.32,36,0,0,,0,-2.9
S201602584,2016,0,M,1,Hispanic,PA,INST_01,State University A (Research),research,2.45,52,1998,Art History,Humanities,12084,1.777,1,0,0,2.84,34,1,0,,0,-1.223
S201602585,2016,1,M,1,White,CA,INST_04,Regional College D (Teaching),teaching,3.36,52,1998,Political Science,Social Sciences,8422,1.239,1,0,0,3.045,31,1,0,,0,-1.761
S201602586,2016,0,M,0,White,CA,INST_05,Urban University E (Research),research,2.95,3,1998,Undeclared,Other,11238,1.653,1,1,5244,3.3200000000000003,30,1,1,3.36,0,-1.347
S201602587,2016,0,F,0,White,PA,INST_04,Regional College D (Teaching),teaching,2.74,66,1998,Pre-Med,Health,17456,2.567,1,1,6920,3.535,31,1,1,3.91,0,-0.433
S201602588,2016,0,F,0,White,FL,INST_03,Regional College C (Teaching),teaching,4.0,49,1998,English,Humanities,17236,2.535,1,1,6394,3.8600000000000003,28,1,0,,0,-0.465
S201602589,2016,0,F,0,White,GA,INST_05,Urban University E (Research),research,3.32,47,1998,Education,Other,5950,0.875,1,1,4518,3.5700000000000003,26,0,0,,0,-2.125
S201602590,2016,0,M,1,White,TX,INST_05,Urban University E (Research),research,3.85,43,1998,Spanish,Humanities,25086,3.689,0,0,0,3.0149999999999997,30,0,0,,1,0.689
S201602591,2016,1,M,0,White,NC,INST_04,Regional College D (Teaching),teaching,3.77,38,1998,Physics,STEM,10875,1.599,1,0,0,3.385,30,1,0,,0,-1.401
S201602592,2016,0,M,1,Black,NJ,INST_04,Regional College D (Teaching),teaching,2.5,49,1998,Economics,Social Sciences,22395,3.293,0,0,0,3.18,25,1,1,3.32,1,0.293
S201602593,2016,0,F,1,White,PA,INST_05,Urban University E (Research),research,4.0,52,1998,Philosophy,Humanities,0,0.1,1,1,7069,3.115,25,0,0,,0,-2.9
S201602594,2016,0,F,0,White,CA,INST_03,Regional College C (Teaching),teaching,3.36,67,1998,Finance,Business,7000,1.029,1,1,5647,2.505,28,0,0,,0,-1.971
S201602595,2016,1,M,1,White,CA,INST_04,Regional College D (Teaching),teaching,2.54,69,1998,Mechanical Engineering,STEM,2848,0.419,1,1,6796,3.77,28,1,1,4.0,0,-2.581
S201602596,2016,1,M,0,Black,IL,INST_04,Regional College D (Teaching),teaching,3.3,57,1998,Nursing,Health,13959,2.053,1,1,5608,3.69,30,1,1,4.0,0,-0.947
S201602597,2016,0,M,1,White,NC,INST_05,Urban University E (Research),research,3.57,43,1998,Chemistry,STEM,1061,0.156,1,1,4541,3.39,33,0,0,,0,-2.844
S201602598,2016,0,F,1,White,IL,INST_04,Regional College D (Teaching),teaching,3.91,94,1997,Spanish,Humanities,1344,0.198,1,0,0,3.23,26,0,0,,0,-2.802
S201602599,2016,0,M,1,Asian,FL,INST_01,State University A (Research),research,3.63,29,1998,Accounting,Business,0,0.1,1,0,0,2.43,31,0,0,,0,-2.9
S201602600,2016,0,F,1,Asian,IL,INST_05,Urban University E (Research),research,2.21,85,1997,Marketing,Business,6350,0.934,1,1,3871,3.055,31,0,0,,0,-2.066
S201602601,2016,1,M,0,Black,PA,INST_01,State University A (Research),research,3.22,54,1998,Psychology,Social Sciences,13622,2.003,1,1,6618,3.34,29,1,0,,0,-0.997
S201602602,2016,0,F,0,White,NC,INST_03,Regional College C (Teaching),teaching,3.33,28,1998,Political Science,Social Sciences,16225,2.386,1,1,6035,2.79,31,0,0,,0,-0.614
S201602603,2016,0,M,0,Hispanic,PA,INST_03,Regional College C (Teaching),teaching,3.5,51,1998,Management,Business,13154,1.934,1,1,4648,3.015,28,0,0,,0,-1.066
S201602604,2016,0,F,0,White,OH,INST_02,State University B (Research),research,3.28,55,1998,Chemistry,STEM,24908,3.663,0,0,0,3.195,29,1,1,3.56,1,0.663
S201602605,2016,0,F,0,Multi,FL,INST_02,State University B (Research),research,3.75,76,1998,Electrical Engineering,STEM,12825,1.886,1,1,6912,3.4050000000000002,30,1,1,3.53,0,-1.114
S201602606,2016,1,F,0,White,NY,INST_05,Urban University E (Research),research,3.34,49,1998,Computer Science,STEM,0,0.1,1,1,5385,3.0300000000000002,34,1,1,3.4,0,-2.9
S201602607,2016,1,F,1,Black,PA,INST_05,Urban University E (Research),research,3.29,68,1998,Psychology,Social Sciences,2072,0.305,1,1,5332,2.9400000000000004,28,1,1,2.97,0,-2.695
S201602608,2016,0,F,1,White,VA,INST_03,Regional College C (Teaching),teaching,2.47,53,1998,Education,Other,18140,2.668,1,1,6863,3.835,28,1,1,4.0,0,-0.332
S201602609,2016,0,F,0,White,VA,INST_03,Regional College C (Teaching),teaching,3.29,42,1998,History,Humanities,4364,0.642,1,0,0,3.34,28,0,0,,0,-2.358
S201602610,2016,0,M,0,Hispanic,IL,INST_04,Regional College D (Teaching),teaching,2.36,51,1998,Civil Engineering,STEM,14610,2.149,1,1,7189,3.415,30,0,0,,0,-0.851
S201602611,2016,1,F,0,Black,VA,INST_05,Urban University E (Research),research,3.43,31,1998,Marketing,Business,6705,0.986,1,0,0,3.015,28,1,1,3.58,0,-2.014
S201602612,2016,0,M,0,Black,CA,INST_04,Regional College D (Teaching),teaching,3.62,26,1997,Psychology,Social Sciences,14891,2.19,1,1,7205,3.66,33,1,1,3.73,0,-0.81
S201602613,2016,0,M,1,White,PA,INST_05,Urban University E (Research),research,2.6,49,1998,Management,Business,184,0.1,1,1,6324,3.375,28,1,1,3.57,0,-2.9
S201602614,2016,0,M,0,White,IL,INST_02,State University B (Research),research,3.42,39,1998,Undeclared,Other,8765,1.289,1,0,0,3.21,29,0,0,,0,-1.711
S201602615,2016,1,M,0,White,NC,INST_02,State University B (Research),research,4.0,53,1998,Communications,Other,1958,0.288,1,1,7041,3.315,30,1,0,,0,-2.712
S201602616,2016,0,M,0,Asian,NC,INST_04,Regional College D (Teaching),teaching,2.57,68,1998,Economics,Social Sciences,9617,1.414,1,1,6129,2.965,33,0,0,,0,-1.586
S201602617,2016,0,F,0,Black,IL,INST_03,Regional College C (Teaching),teaching,3.16,31,1998,Electrical Engineering,STEM,1626,0.239,1,1,5851,3.5300000000000002,32,1,0,,0,-2.761
S201602618,2016,0,M,0,Asian,NY,INST_03,Regional College C (Teaching),teaching,2.97,56,1998,Marketing,Business,15699,2.309,1,1,7462,3.36,30,0,0,,0,-0.691
S201602619,2016,1,F,0,White,IL,INST_02,State University B (Research),research,3.51,23,1998,Psychology,Social Sciences,13465,1.98,1,1,6922,3.605,34,0,0,,0,-1.02
S201602620,2016,0,F,1,White,OH,INST_05,Urban University E (Research),research,3.3,55,1998,Education,Other,20740,3.05,0,0,0,3.26,32,1,1,3.26,1,0.05
S201602621,2016,0,M,0,Hispanic,NY,INST_04,Regional College D (Teaching),teaching,3.41,65,1998,Accounting,Business,15513,2.281,1,0,0,3.35,29,1,1,3.72,0,-0.719
S201602622,2016,1,M,0,Black,IL,INST_03,Regional College C (Teaching),teaching,3.09,6,1998,Undeclared,Other,6063,0.892,1,0,0,3.12,28,0,0,,0,-2.108
S201602623,2016,1,M,0,White,OH,INST_03,Regional College C (Teaching),teaching,3.18,70,1998,Anthropology,Social Sciences,15501,2.28,1,1,4799,3.245,27,1,0,,0,-0.72
S201602624,2016,0,F,0,Hispanic,OH,INST_01,State University A (Research),research,2.55,54,1998,Public Health,Health,17490,2.572,1,0,0,3.83,27,0,0,,0,-0.428
S201602625,2016,1,M,0,White,NJ,INST_04,Regional College D (Teaching),teaching,3.37,57,1998,Nursing,Health,10836,1.594,1,1,2795,2.82,30,1,0,,0,-1.406
S201602626,2016,1,M,0,White,NJ,INST_01,State University A (Research),research,3.72,77,1998,Marketing,Business,2474,0.364,1,0,0,3.8899999999999997,28,0,0,,0,-2.636
S201602627,2016,0,F,0,Hispanic,GA,INST_03,Regional College C (Teaching),teaching,3.15,57,1998,Economics-Bus,Business,9908,1.457,1,0,0,3.87,28,1,0,,0,-1.543
S201602628,2016,0,F,0,White,NJ,INST_04,Regional College D (Teaching),teaching,3.5,39,1998,Undeclared,Other,18328,2.695,1,1,5992,3.05,27,0,0,,0,-0.305
S201602629,2016,1,M,0,Black,CA,INST_04,Regional College D (Teaching),teaching,2.97,62,1998,Mechanical Engineering,STEM,0,0.1,1,1,4838,3.7,31,1,1,3.88,0,-2.9
S201602630,2016,0,F,0,Asian,CA,INST_01,State University A (Research),research,2.93,48,1998,Economics-Bus,Business,14705,2.162,1,1,5771,3.825,32,1,1,4.0,0,-0.838
S201602631,2016,0,F,1,Hispanic,OH,INST_01,State University A (Research),research,3.18,55,1998,Civil Engineering,STEM,12052,1.772,1,0,0,3.25,27,1,1,3.28,0,-1.228
S201602632,2016,1,F,1,Hispanic,OH,INST_03,Regional College C (Teaching),teaching,3.43,17,1998,Mechanical Engineering,STEM,21386,3.145,0,0,0,3.275,28,1,1,3.59,1,0.145
S201602633,2016,0,F,1,White,VA,INST_02,State University B (Research),research,3.17,96,1998,Education,Other,12844,1.889,1,1,4326,3.51,28,1,1,3.54,0,-1.111
S201602634,2016,0,M,0,Black,NC,INST_01,State University A (Research),research,3.74,69,1998,Finance,Business,10277,1.511,1,1,6770,3.77,27,0,0,,0,-1.489
S201602635,2016,1,M,0,Black,IL,INST_02,State University B (Research),research,3.11,72,1998,Undeclared,Other,4571,0.672,1,1,4502,4.0,25,1,1,4.0,0,-2.328
S201602636,2016,1,F,0,Multi,CA,INST_04,Regional College D (Teaching),teaching,3.35,22,1998,Chemistry,STEM,0,0.1,1,1,4248,3.1550000000000002,30,0,0,,0,-2.9
S201602637,2016,0,M,0,White,NJ,INST_03,Regional College C (Teaching),teaching,2.97,33,1998,Pre-Med,Health,0,0.1,1,0,0,3.49,28,1,0,,0,-2.9
S201602638,2016,1,F,0,White,CA,INST_04,Regional College D (Teaching),teaching,3.76,65,1998,Public Health,Health,0,0.1,1,1,6362,3.9,29,1,0,,0,-2.9
S201602639,2016,1,M,0,White,TX,INST_03,Regional College C (Teaching),teaching,3.08,82,1998,General Studies,Other,10545,1.551,1,1,6235,3.755,31,0,0,,0,-1.449
S201602640,2016,0,F,0,Multi,GA,INST_04,Regional College D (Teaching),teaching,3.93,32,1998,Anthropology,Social Sciences,18070,2.657,1,1,6311,2.7199999999999998,30,1,1,3.12,0,-0.343
S201602641,2016,0,M,0,White,GA,INST_02,State University B (Research),research,3.44,45,1998,Nursing,Health,1990,0.293,1,1,5826,3.285,24,1,1,3.82,0,-2.707
S201602642,2016,0,M,0,Hispanic,TX,INST_05,Urban University E (Research),research,2.63,40,1997,Accounting,Business,4925,0.724,1,0,0,2.8,25,0,0,,0,-2.276
S201602643,2016,1,F,0,White,OH,INST_04,Regional College D (Teaching),teaching,3.2,53,1998,Undeclared,Other,0,0.1,1,0,0,3.05,33,0,0,,0,-2.9
S201602644,2016,0,F,0,White,NY,INST_05,Urban University E (Research),research,3.24,57,1998,Philosophy,Humanities,12501,1.838,1,1,5974,2.8449999999999998,31,1,0,,0,-1.162
S201602645,2016,0,F,1,White,OH,INST_01,State University A (Research),research,3.86,53,1998,Pre-Med,Health,22980,3.379,0,0,0,3.66,32,1,1,4.0,1,0.379
S201602646,2016,0,F,0,White,FL,INST_05,Urban University E (Research),research,3.72,39,1998,History,Humanities,7658,1.126,1,1,9558,3.225,30,0,0,,0,-1.874
S201602647,2016,1,M,0,White,NY,INST_03,Regional College C (Teaching),teaching,3.37,52,1998,Nursing,Health,3752,0.552,1,0,0,3.735,28,1,0,,0,-2.448
S201602648,2016,0,F,1,Asian,OH,INST_05,Urban University E (Research),research,4.0,20,1998,Kinesiology,Health,17741,2.609,1,0,0,3.44,30,1,0,,0,-0.391
S201602649,2016,0,M,1,Hispanic,NJ,INST_05,Urban University E (Research),research,3.78,47,1998,Education,Other,26068,3.834,0,0,0,2.8600000000000003,32,0,0,,1,0.834
S201602650,2016,0,M,0,Black,IL,INST_03,Regional College C (Teaching),teaching,4.0,71,1998,Accounting,Business,15245,2.242,1,1,7189,3.545,28,1,1,3.65,0,-0.758
S201602651,2016,0,F,0,White,TX,INST_01,State University A (Research),research,3.73,55,1998,Nursing,Health,18628,2.739,1,0,0,2.8449999999999998,30,1,1,3.17,0,-0.261
S201602652,2016,0,M,1,White,OH,INST_01,State University A (Research),research,3.37,86,1998,Sociology,Social Sciences,11970,1.76,1,1,4463,3.295,32,0,0,,0,-1.24
S201602653,2016,0,F,1,White,MI,INST_03,Regional College C (Teaching),teaching,3.1,54,1998,Education,Other,2356,0.346,1,1,5481,2.5700000000000003,27,1,0,,0,-2.654
S201602654,2016,0,F,0,White,NJ,INST_03,Regional College C (Teaching),teaching,2.91,50,1998,Marketing,Business,2080,0.306,1,0,0,3.235,25,1,0,,0,-2.694
S201602655,2016,0,M,0,White,CA,INST_01,State University A (Research),research,3.71,80,1998,Kinesiology,Health,18387,2.704,1,1,4914,3.9299999999999997,33,1,1,3.95,0,-0.296
S201602656,2016,0,F,0,White,IL,INST_05,Urban University E (Research),research,3.41,26,1998,Finance,Business,14045,2.065,1,1,5528,3.51,33,1,1,3.53,0,-0.935
S201602657,2016,0,F,0,Black,IL,INST_02,State University B (Research),research,3.86,45,1998,Pre-Med,Health,14354,2.111,1,0,0,3.31,31,0,0,,0,-0.889
S201602658,2016,0,M,1,White,NY,INST_01,State University A (Research),research,3.3,29,1998,Mathematics,STEM,5216,0.767,1,1,5412,3.3899999999999997,30,1,0,,0,-2.233
S201602659,2016,1,F,0,White,PA,INST_05,Urban University E (Research),research,2.35,82,1998,Biomedical Engineering,STEM,0,0.1,1,0,0,3.5149999999999997,30,1,1,3.79,0,-2.9
S201602660,2016,1,M,0,White,GA,INST_02,State University B (Research),research,3.74,47,1998,Psychology,Social Sciences,0,0.1,1,0,0,3.475,29,1,0,,0,-2.9
S201602661,2016,1,M,0,Hispanic,FL,INST_04,Regional College D (Teaching),teaching,3.82,70,1998,Mathematics,STEM,6001,0.882,1,1,4295,3.9699999999999998,32,1,0,,0,-2.118
S201602662,2016,1,F,0,Black,MI,INST_01,State University A (Research),research,2.88,74,1998,Sociology,Social Sciences,4669,0.687,1,1,4002,3.99,31,1,0,,0,-2.313
S201602663,2016,0,M,1,White,PA,INST_05,Urban University E (Research),research,3.86,40,1998,Pre-Med,Health,0,0.1,1,1,7131,3.815,30,1,1,4.0,0,-2.9
S201602664,2016,0,M,1,Asian,OH,INST_02,State University B (Research),research,3.58,75,1998,Pre-Med,Health,10231,1.505,1,0,0,3.245,31,1,0,,0,-1.495
S201602665,2016,1,M,0,White,NC,INST_03,Regional College C (Teaching),teaching,3.4,48,1998,Physics,STEM,9780,1.438,1,1,4533,3.9850000000000003,29,0,0,,0,-1.562
S201602666,2016,0,F,0,Hispanic,PA,INST_02,State University B (Research),research,3.17,81,1998,Public Health,Health,0,0.1,1,1,5998,3.895,30,1,1,4.0,0,-2.9
S201602667,2016,0,F,0,Hispanic,IL,INST_03,Regional College C (Teaching),teaching,3.78,54,1998,Nursing,Health,4939,0.726,1,1,5962,3.09,31,0,0,,0,-2.274
S201602668,2016,1,F,0,White,TX,INST_03,Regional College C (Teaching),teaching,3.91,47,1998,Economics-Bus,Business,5363,0.789,1,1,7647,3.525,27,1,1,3.62,0,-2.211
S201602669,2016,0,M,0,Black,FL,INST_02,State University B (Research),research,2.64,74,1998,Kinesiology,Health,5948,0.875,1,0,0,3.795,32,1,1,4.0,0,-2.125
S201602670,2016,1,M,1,Hispanic,NC,INST_05,Urban University E (Research),research,3.42,64,1998,Anthropology,Social Sciences,5569,0.819,1,1,6594,3.245,30,1,1,3.6,0,-2.181
S201602671,2016,0,F,0,Black,FL,INST_03,Regional College C (Teaching),teaching,2.72,71,1998,Economics,Social Sciences,4514,0.664,1,1,4524,3.8,31,1,0,,0,-2.336
S201602672,2016,0,F,0,Black,IL,INST_01,State University A (Research),research,3.13,27,1998,Computer Science,STEM,8897,1.308,1,1,6978,3.635,33,0,0,,0,-1.692
S201602673,2016,1,M,0,Hispanic,OH,INST_02,State University B (Research),research,2.61,77,1998,Chemistry,STEM,893,0.131,1,1,7785,3.965,32,1,1,3.86,0,-2.869
S201602674,2016,0,F,1,White,CA,INST_01,State University A (Research),research,3.64,45,1998,Anthropology,Social Sciences,11896,1.749,1,1,5875,3.51,31,1,1,3.68,0,-1.251
S201602675,2016,1,M,1,White,GA,INST_04,Regional College D (Teaching),teaching,4.0,90,1998,Nursing,Health,9965,1.465,1,1,5309,3.925,31,1,1,4.0,0,-1.535
S201602676,2016,1,M,0,White,OH,INST_05,Urban University E (Research),research,3.04,43,1998,History,Humanities,8304,1.221,1,0,0,3.04,31,0,0,,0,-1.779
S201602677,2016,1,M,0,White,GA,INST_03,Regional College C (Teaching),teaching,3.11,21,1998,Pre-Med,Health,12194,1.793,1,1,5363,3.715,30,0,0,,0,-1.207
S201602678,2016,1,M,0,White,TX,INST_05,Urban University E (Research),research,2.49,30,1998,Spanish,Humanities,10060,1.479,1,0,0,2.325,30,0,0,,0,-1.521
S201602679,2016,1,F,1,White,CA,INST_05,Urban University E (Research),research,3.68,60,1998,Public Health,Health,0,0.1,1,1,7445,3.87,28,1,0,,0,-2.9
S201602680,2016,0,F,1,Multi,NC,INST_01,State University A (Research),research,3.34,41,1998,Economics,Social Sciences,16430,2.416,1,1,6597,2.54,31,1,1,2.49,0,-0.584
S201602681,2016,0,M,0,Hispanic,NC,INST_04,Regional College D (Teaching),teaching,3.03,10,1998,Computer Science,STEM,13662,2.009,1,0,0,3.2249999999999996,31,0,0,,0,-0.991
S201602682,2016,1,F,0,White,OH,INST_05,Urban University E (Research),research,3.37,81,1998,Mathematics,STEM,10546,1.551,1,1,8360,3.685,30,1,0,,0,-1.449
S201602683,2016,0,F,0,White,VA,INST_01,State University A (Research),research,3.45,72,1998,Sociology,Social Sciences,10965,1.612,1,1,4985,3.94,30,0,0,,0,-1.388
S201602684,2016,1,F,0,White,TX,INST_01,State University A (Research),research,3.65,46,1998,Communications,Other,11419,1.679,1,1,7067,3.22,30,1,1,3.92,0,-1.321
S201602685,2016,0,F,0,Hispanic,NY,INST_04,Regional College D (Teaching),teaching,3.27,52,1998,Anthropology,Social Sciences,0,0.1,1,0,0,2.96,28,1,0,,0,-2.9
S201602686,2016,0,F,0,Black,NJ,INST_05,Urban University E (Research),research,2.98,68,1998,Statistics,STEM,0,0.1,1,1,6955,3.31,32,0,0,,0,-2.9
S201602687,2016,0,F,0,Hispanic,MI,INST_04,Regional College D (Teaching),teaching,2.98,14,1998,Accounting,Business,15494,2.279,1,1,3825,3.94,28,1,0,,0,-0.721
S201602688,2016,1,M,0,Asian,IL,INST_02,State University B (Research),research,2.61,43,1998,Mechanical Engineering,STEM,0,0.1,1,0,0,3.025,31,1,0,,0,-2.9
S201602689,2016,0,M,0,Asian,TX,INST_05,Urban University E (Research),research,3.34,91,1998,Biomedical Engineering,STEM,6846,1.007,1,1,5201,2.935,29,1,0,,0,-1.993
S201602690,2016,1,F,0,White,MI,INST_05,Urban University E (Research),research,2.31,37,1998,Sociology,Social Sciences,11414,1.679,1,1,4766,3.115,30,0,0,,0,-1.321
S201602691,2016,0,M,0,Black,TX,INST_03,Regional College C (Teaching),teaching,3.27,52,1998,Economics,Social Sciences,20833,3.064,0,0,0,3.9299999999999997,31,0,0,,1,0.064
S201602692,2016,0,F,0,White,NC,INST_05,Urban University E (Research),research,3.05,84,1997,Nursing,Health,4672,0.687,1,0,0,2.865,31,1,0,,0,-2.313
S201602693,2016,0,M,1,Hispanic,CA,INST_03,Regional College C (Teaching),teaching,2.81,66,1998,Electrical Engineering,STEM,15606,2.295,1,0,0,2.755,29,0,0,,0,-0.705
S201602694,2016,1,M,0,White,FL,INST_01,State University A (Research),research,2.93,54,1998,Political Science,Social Sciences,3846,0.566,1,0,0,3.525,30,1,0,,0,-2.434
S201602695,2016,0,M,0,White,NY,INST_04,Regional College D (Teaching),teaching,3.06,62,1998,Computer Science,STEM,10429,1.534,1,1,4748,3.85,29,0,0,,0,-1.466
S201602696,2016,0,F,0,Black,PA,INST_03,Regional College C (Teaching),teaching,3.74,73,1998,Statistics,STEM,19557,2.876,1,0,0,2.89,34,1,1,3.93,0,-0.124
S201602697,2016,1,M,0,White,FL,INST_05,Urban University E (Research),research,2.87,79,1998,Spanish,Humanities,0,0.1,1,0,0,3.08,32,1,0,,0,-2.9
S201602698,2016,0,F,0,Hispanic,OH,INST_02,State University B (Research),research,3.82,81,1998,Anthropology,Social Sciences,18458,2.714,1,0,0,3.74,29,1,0,,0,-0.286
S201602699,2016,0,M,1,Hispanic,NY,INST_05,Urban University E (Research),research,3.32,52,1998,Economics-Bus,Business,0,0.1,1,1,5884,3.5149999999999997,31,1,0,,0,-2.9
S201602700,2016,0,F,0,White,VA,INST_02,State University B (Research),research,3.39,45,1998,Physics,STEM,7199,1.059,1,1,6017,3.55,27,1,1,3.72,0,-1.941
S201602701,2016,0,F,0,White,OH,INST_04,Regional College D (Teaching),teaching,3.14,60,1998,Mathematics,STEM,8349,1.228,1,0,0,3.16,31,1,1,3.34,0,-1.772
S201602702,2016,1,M,1,Black,FL,INST_04,Regional College D (Teaching),teaching,2.81,26,1998,Kinesiology,Health,5018,0.738,1,1,6831,3.6950000000000003,29,1,1,4.0,0,-2.262
S201602703,2016,0,M,0,Hispanic,NC,INST_02,State University B (Research),research,2.41,53,1998,Physics,STEM,15443,2.271,1,0,0,3.105,28,1,0,,0,-0.729
S201602704,2016,1,F,0,White,NY,INST_03,Regional College C (Teaching),teaching,2.67,66,1998,Mathematics,STEM,4668,0.686,1,1,6241,3.0149999999999997,31,1,0,,0,-2.314
S201602705,2016,0,M,0,White,IL,INST_03,Regional College C (Teaching),teaching,2.43,76,1998,History,Humanities,16839,2.476,1,1,7898,3.2,30,1,0,,0,-0.524
S201602706,2016,0,M,0,White,TX,INST_03,Regional College C (Teaching),teaching,2.59,73,1998,Nursing,Health,12379,1.82,1,1,3522,2.835,31,1,1,3.24,0,-1.18
S201602707,2016,0,M,0,Asian,VA,INST_04,Regional College D (Teaching),teaching,3.45,68,1998,Statistics,STEM,11501,1.691,1,0,0,3.1500000000000004,33,1,1,3.69,0,-1.309
S201602708,2016,1,F,0,White,VA,INST_04,Regional College D (Teaching),teaching,3.76,34,1998,Pre-Med,Health,14534,2.137,1,0,0,3.295,31,1,0,,0,-0.863
S201602709,2016,0,M,0,Black,CA,INST_02,State University B (Research),research,2.65,44,1998,Physics,STEM,14740,2.168,1,1,5161,3.62,32,1,1,3.83,0,-0.832
S201602710,2016,0,M,0,White,VA,INST_03,Regional College C (Teaching),teaching,4.0,51,1998,Physics,STEM,7654,1.126,1,1,3762,3.115,28,0,0,,0,-1.874
S201602711,2016,1,M,0,White,CA,INST_04,Regional College D (Teaching),teaching,3.79,61,1998,Mathematics,STEM,7948,1.169,1,1,6535,2.63,29,0,0,,0,-1.831
S201602712,2016,1,M,0,Multi,NJ,INST_05,Urban University E (Research),research,2.21,61,1998,Political Science,Social Sciences,7101,1.044,1,1,6128,3.52,27,1,0,,0,-1.956
S201602713,2016,1,M,0,White,TX,INST_01,State University A (Research),research,3.32,42,1998,Management,Business,9107,1.339,1,1,5766,3.075,30,1,0,,0,-1.661
S201602714,2016,1,F,0,White,OH,INST_02,State University B (Research),research,3.46,59,1998,Finance,Business,809,0.119,1,1,6244,3.295,34,1,1,3.36,0,-2.881
S201602715,2016,0,M,0,White,NY,INST_01,State University A (Research),research,3.44,60,1998,English,Humanities,21499,3.162,0,1,5767,3.475,34,1,0,,1,0.162
S201602716,2016,0,M,0,Multi,NY,INST_03,Regional College C (Teaching),teaching,2.35,64,1998,Chemistry,STEM,6652,0.978,1,0,0,2.91,31,1,0,,0,-2.022
S201602717,2016,0,M,0,Asian,CA,INST_05,Urban University E (Research),research,3.01,32,1998,Philosophy,Humanities,13707,2.016,1,1,4619,2.6500000000000004,31,1,0,,0,-0.984
S201602718,2016,0,F,0,Black,FL,INST_05,Urban University E (Research),research,3.34,26,1998,Philosophy,Humanities,0,0.1,1,1,5613,3.925,32,1,0,,0,-2.9
S201602719,2016,0,M,0,Hispanic,IL,INST_05,Urban University E (Research),research,2.12,68,1998,History,Humanities,0,0.1,1,0,0,3.16,31,1,1,3.2,0,-2.9
S201602720,2016,0,F,0,White,IL,INST_02,State University B (Research),research,2.38,33,1998,Marketing,Business,3529,0.519,1,1,6077,3.265,30,1,1,2.97,0,-2.481
S201602721,2016,0,M,0,Black,NC,INST_02,State University B (Research),research,3.44,55,1998,Psychology,Social Sciences,14330,2.107,1,0,0,2.205,30,0,0,,0,-0.893
S201602722,2016,1,M,0,Black,PA,INST_04,Regional College D (Teaching),teaching,3.5,79,1998,Nursing,Health,25,0.1,1,1,4017,3.76,27,0,0,,0,-2.9
S201602723,2016,0,M,1,Black,NY,INST_01,State University A (Research),research,3.37,25,1998,Sociology,Social Sciences,17181,2.527,1,0,0,3.59,36,0,0,,0,-0.473
S201602724,2016,1,F,0,Asian,PA,INST_04,Regional College D (Teaching),teaching,3.3,50,1998,English,Humanities,0,0.1,1,1,5374,2.975,31,1,1,3.53,0,-2.9
S201602725,2016,0,F,1,Black,VA,INST_01,State University A (Research),research,2.77,44,1998,Chemistry,STEM,6906,1.016,1,1,4115,2.64,28,1,0,,0,-1.984
S201602726,2016,1,F,0,White,IL,INST_03,Regional College C (Teaching),teaching,3.28,44,1998,Spanish,Humanities,10683,1.571,1,1,4570,4.0,31,1,1,4.0,0,-1.429
S201602727,2016,1,F,0,White,VA,INST_03,Regional College C (Teaching),teaching,2.4,56,1998,Statistics,STEM,16411,2.413,1,1,2670,3.58,31,1,1,3.94,0,-0.587
S201602728,2016,0,F,0,White,NY,INST_04,Regional College D (Teaching),teaching,3.14,60,1998,Psychology,Social Sciences,3131,0.46,1,1,5554,3.325,31,0,0,,0,-2.54
S201602729,2016,0,M,1,Hispanic,NJ,INST_04,Regional College D (Teaching),teaching,3.31,16,1998,Electrical Engineering,STEM,18412,2.708,1,1,7033,2.875,30,1,0,,0,-0.292
S201602730,2016,0,M,0,White,NJ,INST_01,State University A (Research),research,3.18,54,1998,Mechanical Engineering,STEM,24997,3.676,0,0,0,3.785,28,1,0,,1,0.676
S201602731,2016,0,M,0,White,VA,INST_02,State University B (Research),research,4.0,54,1998,Management,Business,10640,1.565,1,0,0,2.63,25,1,0,,0,-1.435
S201602732,2016,0,F,0,White,MI,INST_01,State University A (Research),research,2.37,66,1998,Civil Engineering,STEM,4220,0.621,1,0,0,3.175,30,1,0,,0,-2.379
S201602733,2016,0,M,1,White,MI,INST_03,Regional College C (Teaching),teaching,3.8,63,1998,Nursing,Health,11988,1.763,1,1,3910,3.5149999999999997,29,1,1,3.53,0,-1.237
S201602734,2016,1,F,1,Black,PA,INST_03,Regional College C (Teaching),teaching,2.8,53,1998,Pre-Med,Health,7466,1.098,1,0,0,3.775,31,1,0,,0,-1.902
S201602735,2016,0,F,0,White,VA,INST_02,State University B (Research),research,3.72,37,1998,Nursing,Health,9091,1.337,1,1,3639,3.205,31,1,0,,0,-1.663
S201602736,2016,1,M,0,Multi,NJ,INST_01,State University A (Research),research,2.61,51,1998,Statistics,STEM,5747,0.845,1,0,0,3.13,29,0,0,,0,-2.155
S201602737,2016,0,F,0,White,OH,INST_01,State University A (Research),research,3.22,42,1998,Art History,Humanities,14798,2.176,1,0,0,2.87,28,1,1,3.28,0,-0.824
S201602738,2016,1,M,0,Hispanic,MI,INST_05,Urban University E (Research),research,2.48,26,1998,Physics,STEM,17211,2.531,1,0,0,3.62,31,0,0,,0,-0.469
S201602739,2016,0,F,0,White,OH,INST_03,Regional College C (Teaching),teaching,3.96,74,1998,Sociology,Social Sciences,13950,2.051,1,0,0,3.365,27,1,1,4.0,0,-0.949
S201602740,2016,1,F,0,Hispanic,MI,INST_02,State University B (Research),research,3.21,47,1998,Management,Business,8468,1.245,1,1,8205,3.9,28,0,0,,0,-1.755
S201602741,2016,1,M,1,Hispanic,IL,INST_03,Regional College C (Teaching),teaching,2.28,28,1998,Civil Engineering,STEM,11798,1.735,1,0,0,3.455,31,1,0,,0,-1.265
S201602742,2016,1,M,1,Black,GA,INST_02,State University B (Research),research,2.87,72,1998,General Studies,Other,2424,0.356,1,0,0,3.915,32,1,0,,0,-2.644
S201602743,2016,0,F,1,Hispanic,PA,INST_02,State University B (Research),research,2.71,82,1997,Public Health,Health,17489,2.572,1,0,0,3.6799999999999997,34,1,0,,0,-0.428
S201602744,2016,0,M,0,White,GA,INST_01,State University A (Research),research,3.77,44,1998,Computer Science,STEM,14080,2.071,1,1,6152,3.94,33,0,0,,0,-0.929
S201602745,2016,0,F,1,Asian,GA,INST_04,Regional College D (Teaching),teaching,3.0,46,1998,Management,Business,16651,2.449,1,1,5521,3.51,31,0,0,,0,-0.551
S201602746,2016,0,F,1,White,GA,INST_03,Regional College C (Teaching),teaching,2.93,45,1998,Kinesiology,Health,8572,1.261,1,1,7370,3.7249999999999996,31,1,1,3.57,0,-1.739
S201602747,2016,0,M,0,White,NY,INST_04,Regional College D (Teaching),teaching,2.4,53,1998,Economics,Social Sciences,434,0.1,1,0,0,3.62,29,1,1,4.0,0,-2.9
S201602748,2016,0,F,0,White,MI,INST_02,State University B (Research),research,3.94,22,1998,Sociology,Social Sciences,17432,2.564,1,1,3137,3.5149999999999997,31,1,0,,0,-0.436
S201602749,2016,0,M,0,Black,CA,INST_04,Regional College D (Teaching),teaching,2.27,45,1998,Chemistry,STEM,9528,1.401,1,0,0,2.55,29,1,0,,0,-1.599
S201602750,2016,1,M,0,Black,FL,INST_05,Urban University E (Research),research,2.89,55,1998,Education,Other,6463,0.95,1,1,5992,3.2800000000000002,32,1,0,,0,-2.05
S201602751,2016,1,M,0,White,NJ,INST_01,State University A (Research),research,3.8,74,1998,History,Humanities,245,0.1,1,0,0,3.08,31,1,1,3.53,0,-2.9
S201602752,2016,1,M,0,White,OH,INST_04,Regional College D (Teaching),teaching,2.97,25,1998,Art History,Humanities,10216,1.502,1,0,0,3.14,31,0,0,,0,-1.498
S201602753,2016,1,F,1,Multi,PA,INST_04,Regional College D (Teaching),teaching,2.63,64,1998,Anthropology,Social Sciences,7147,1.051,1,0,0,2.8449999999999998,28,0,0,,0,-1.949
S201602754,2016,0,M,0,White,OH,INST_03,Regional College C (Teaching),teaching,3.61,73,1998,Psychology,Social Sciences,2917,0.429,1,0,0,3.2649999999999997,28,0,0,,0,-2.571
S201602755,2016,1,M,0,White,TX,INST_03,Regional College C (Teaching),teaching,4.0,51,1998,Economics,Social Sciences,0,0.1,1,1,7033,3.48,31,1,0,,0,-2.9
S201602756,2016,1,F,0,White,MI,INST_04,Regional College D (Teaching),teaching,3.3,51,1998,General Studies,Other,10011,1.472,1,1,6848,3.725,24,1,0,,0,-1.528
S201602757,2016,0,F,0,White,TX,INST_04,Regional College D (Teaching),teaching,3.86,47,1997,Physics,STEM,1884,0.277,1,1,4207,3.23,29,1,0,,0,-2.723
S201602758,2016,0,F,1,White,NC,INST_04,Regional College D (Teaching),teaching,4.0,73,1998,Finance,Business,7425,1.092,1,0,0,3.02,25,1,0,,0,-1.908
S201602759,2016,0,F,0,White,MI,INST_01,State University A (Research),research,3.24,47,1998,Nursing,Health,13932,2.049,1,1,5257,3.075,25,1,1,3.11,0,-0.951
S201602760,2016,1,F,0,Black,TX,INST_05,Urban University E (Research),research,3.02,77,1998,Kinesiology,Health,2750,0.404,1,0,0,2.84,30,0,0,,0,-2.596
S201602761,2016,0,F,0,White,CA,INST_03,Regional College C (Teaching),teaching,3.71,79,1998,Art History,Humanities,0,0.1,1,1,5165,3.305,31,1,0,,0,-2.9
S201602762,2016,1,NB,1,Asian,CA,INST_04,Regional College D (Teaching),teaching,2.82,99,1998,Pre-Med,Health,7814,1.149,1,0,0,3.2249999999999996,28,0,0,,0,-1.851
S201602763,2016,1,M,1,White,GA,INST_04,Regional College D (Teaching),teaching,3.55,34,1998,Computer Science,STEM,1095,0.161,1,1,3443,3.79,28,0,0,,0,-2.839
S201602764,2016,1,F,0,White,GA,INST_05,Urban University E (Research),research,3.13,38,1998,Nursing,Health,13032,1.916,1,1,5131,3.855,29,1,1,4.0,0,-1.084
S201602765,2016,0,M,0,Black,TX,INST_04,Regional College D (Teaching),teaching,3.12,52,1998,Biology,STEM,3535,0.52,1,1,5435,3.925,31,1,1,4.0,0,-2.48
S201602766,2016,0,M,0,White,TX,INST_04,Regional College D (Teaching),teaching,3.25,80,1998,Sociology,Social Sciences,12223,1.798,1,1,5778,3.19,29,1,0,,0,-1.202
S201602767,2016,0,M,0,Hispanic,NJ,INST_02,State University B (Research),research,3.69,36,1998,Mechanical Engineering,STEM,15751,2.316,1,1,4816,3.2800000000000002,29,0,0,,0,-0.684
S201602768,2016,0,F,0,White,CA,INST_02,State University B (Research),research,3.62,57,1998,Undeclared,Other,0,0.1,1,1,5092,3.21,29,1,1,3.39,0,-2.9
S201602769,2016,0,M,1,Hispanic,NJ,INST_04,Regional College D (Teaching),teaching,2.73,78,1998,Public Health,Health,4763,0.7,1,1,6508,3.65,30,1,1,3.78,0,-2.3
S201602770,2016,1,F,0,White,CA,INST_04,Regional College D (Teaching),teaching,3.56,56,1998,Undeclared,Other,0,0.1,1,1,5359,3.39,31,0,0,,0,-2.9
S201602771,2016,0,F,0,White,CA,INST_01,State University A (Research),research,2.19,35,1998,Management,Business,16039,2.359,1,1,4795,3.58,29,1,1,3.79,0,-0.641
S201602772,2016,0,F,0,White,GA,INST_01,State University A (Research),research,3.71,38,1998,Undeclared,Other,13787,2.027,1,0,0,3.4050000000000002,29,0,0,,0,-0.973
S201602773,2016,0,F,0,White,GA,INST_03,Regional College C (Teaching),teaching,2.88,32,1998,Political Science,Social Sciences,7784,1.145,1,1,7627,3.315,28,1,1,3.5,0,-1.855
S201602774,2016,0,M,0,White,FL,INST_02,State University B (Research),research,2.79,67,1998,Economics-Bus,Business,9086,1.336,1,1,6549,3.625,32,0,0,,0,-1.664
S201602775,2016,1,F,1,White,CA,INST_02,State University B (Research),research,3.71,33,1998,Philosophy,Humanities,8044,1.183,1,0,0,3.17,31,1,0,,0,-1.817
S201602776,2016,0,M,1,White,MI,INST_05,Urban University E (Research),research,3.09,45,1998,Biomedical Engineering,STEM,5452,0.802,1,0,0,4.0,29,0,0,,0,-2.198
S201602777,2016,0,M,0,White,MI,INST_01,State University A (Research),research,2.87,79,1998,Pre-Med,Health,18087,2.66,1,1,6328,3.125,30,0,0,,0,-0.34
S201602778,2016,0,M,0,Black,GA,INST_02,State University B (Research),research,3.21,54,1998,Finance,Business,3014,0.443,1,1,9012,3.4000000000000004,30,1,1,3.32,0,-2.557
S201602779,2016,1,F,0,White,TX,INST_05,Urban University E (Research),research,3.88,54,1998,Sociology,Social Sciences,14190,2.087,1,1,4597,3.925,30,0,0,,0,-0.913
S201602780,2016,0,F,0,White,VA,INST_01,State University A (Research),research,3.32,30,1998,Kinesiology,Health,20558,3.023,0,0,0,3.785,31,1,1,4.0,1,0.023
S201602781,2016,0,F,0,Hispanic,FL,INST_04,Regional College D (Teaching),teaching,2.84,61,1998,Nursing,Health,13418,1.973,1,0,0,3.875,30,0,0,,0,-1.027
S201602782,2016,0,M,0,White,NC,INST_02,State University B (Research),research,3.75,36,1998,Anthropology,Social Sciences,16159,2.376,1,1,6037,3.2350000000000003,30,0,0,,0,-0.624
S201602783,2016,1,F,1,White,VA,INST_04,Regional College D (Teaching),teaching,3.28,71,1998,Biology,STEM,10368,1.525,1,1,5933,3.9400000000000004,27,0,0,,0,-1.475
S201602784,2016,0,M,0,Black,NY,INST_02,State University B (Research),research,3.31,51,1998,Mechanical Engineering,STEM,5049,0.742,1,1,5764,2.965,28,1,0,,0,-2.258
S201602785,2016,0,M,1,AIAN,MI,INST_05,Urban University E (Research),research,4.0,76,1998,Sociology,Social Sciences,4919,0.723,1,1,6301,3.1449999999999996,27,0,0,,0,-2.277
S201602786,2016,0,F,1,White,NY,INST_02,State University B (Research),research,3.74,64,1998,Public Health,Health,20160,2.965,1,0,0,3.3,26,0,0,,0,-0.035
S201602787,2016,0,F,0,Asian,VA,INST_02,State University B (Research),research,3.13,27,1998,Management,Business,9313,1.37,1,1,6178,3.185,30,0,0,,0,-1.63
S201602788,2016,1,M,0,Hispanic,PA,INST_03,Regional College C (Teaching),teaching,3.81,63,1998,Philosophy,Humanities,15916,2.341,1,0,0,2.6399999999999997,28,1,1,2.92,0,-0.659
S201602789,2016,1,F,0,Multi,TX,INST_03,Regional College C (Teaching),teaching,3.61,38,1998,Biomedical Engineering,STEM,9977,1.467,1,0,0,3.01,30,1,0,,0,-1.533
S201602790,2016,0,M,1,Black,NC,INST_03,Regional College C (Teaching),teaching,3.17,71,1998,Psychology,Social Sciences,2630,0.387,1,0,0,3.2800000000000002,31,1,1,3.76,0,-2.613
S201602791,2016,1,M,0,Hispanic,NJ,INST_03,Regional College C (Teaching),teaching,2.99,48,1998,Psychology,Social Sciences,7248,1.066,1,0,0,2.765,28,1,0,,0,-1.934
S201602792,2016,1,F,0,White,MI,INST_03,Regional College C (Teaching),teaching,3.77,51,1998,Chemistry,STEM,11658,1.714,1,1,3824,3.4450000000000003,28,1,1,3.55,0,-1.286
S201602793,2016,0,NB,0,Hispanic,NC,INST_03,Regional College C (Teaching),teaching,3.49,52,1998,Communications,Other,32699,4.809,0,0,0,3.795,27,0,0,,1,1.809
S201602794,2016,0,F,0,Asian,GA,INST_04,Regional College D (Teaching),teaching,2.77,61,1998,Undeclared,Other,0,0.1,1,1,4034,3.815,30,1,1,3.97,0,-2.9
S201602795,2016,0,F,1,Black,FL,INST_03,Regional College C (Teaching),teaching,3.08,45,1998,Anthropology,Social Sciences,15188,2.234,1,1,7148,3.5149999999999997,31,0,0,,0,-0.766
S201602796,2016,1,F,0,Black,FL,INST_02,State University B (Research),research,3.8,50,1998,Accounting,Business,5255,0.773,1,1,5581,3.8600000000000003,28,1,0,,0,-2.227
S201602797,2016,0,M,0,White,CA,INST_05,Urban University E (Research),research,2.66,28,1998,Nursing,Health,17509,2.575,1,1,5227,3.025,30,1,0,,0,-0.425
S201602798,2016,0,F,0,Hispanic,GA,INST_01,State University A (Research),research,2.76,34,1998,Finance,Business,2712,0.399,1,1,5716,3.795,30,1,1,3.8,0,-2.601
S201602799,2016,0,F,1,Hispanic,GA,INST_01,State University A (Research),research,3.62,61,1997,Computer Science,STEM,9575,1.408,1,1,7278,3.9050000000000002,33,1,1,4.0,0,-1.592
S201602800,2016,0,F,0,Black,CA,INST_02,State University B (Research),research,3.02,89,1998,Marketing,Business,9762,1.436,1,0,0,2.8600000000000003,27,1,1,3.16,0,-1.564
S201602801,2016,0,M,0,White,IL,INST_04,Regional College D (Teaching),teaching,3.35,36,1998,Biology,STEM,15858,2.332,1,1,7311,2.94,30,0,0,,0,-0.668
S201602802,2016,0,F,0,Multi,IL,INST_04,Regional College D (Teaching),teaching,3.79,67,1998,Pre-Med,Health,15758,2.317,1,1,2517,3.165,31,0,0,,0,-0.683
S201602803,2016,1,M,0,White,PA,INST_05,Urban University E (Research),research,2.24,99,1998,Chemistry,STEM,3025,0.445,1,1,7526,3.965,28,0,0,,0,-2.555
S201602804,2016,0,M,1,White,FL,INST_02,State University B (Research),research,3.57,59,1998,Economics-Bus,Business,9991,1.469,1,1,5509,2.585,30,0,0,,0,-1.531
S201602805,2016,0,M,0,White,VA,INST_04,Regional College D (Teaching),teaching,4.0,40,1998,Mathematics,STEM,18661,2.744,1,1,4960,3.715,31,0,0,,0,-0.256
S201602806,2016,1,F,1,White,IL,INST_02,State University B (Research),research,3.19,39,1998,Civil Engineering,STEM,2989,0.44,1,0,0,3.3049999999999997,28,1,0,,0,-2.56
S201602807,2016,0,M,1,White,NJ,INST_05,Urban University E (Research),research,3.92,41,1998,Nursing,Health,7491,1.102,1,1,6351,3.755,31,1,0,,0,-1.898
S201602808,2016,1,M,0,Multi,OH,INST_03,Regional College C (Teaching),teaching,2.8,71,1998,Political Science,Social Sciences,0,0.1,1,1,6882,3.875,30,0,0,,0,-2.9
S201602809,2016,0,M,1,White,IL,INST_03,Regional College C (Teaching),teaching,4.0,36,1998,Computer Science,STEM,1142,0.168,1,1,6748,3.91,30,1,0,,0,-2.832
S201602810,2016,0,F,0,White,CA,INST_03,Regional College C (Teaching),teaching,2.94,50,1998,Undeclared,Other,27120,3.988,0,1,4649,3.665,29,1,0,,1,0.988
S201602811,2016,0,F,0,Hispanic,IL,INST_04,Regional College D (Teaching),teaching,3.72,55,1998,Pre-Med,Health,10925,1.607,1,1,6642,3.6399999999999997,29,1,0,,0,-1.393
S201602812,2016,1,F,0,White,OH,INST_05,Urban University E (Research),research,2.95,23,1998,Political Science,Social Sciences,18220,2.679,1,1,5978,3.645,31,0,0,,0,-0.321
S201602813,2016,0,M,0,Black,NY,INST_05,Urban University E (Research),research,3.65,57,1998,Spanish,Humanities,23172,3.408,0,0,0,3.175,25,1,0,,1,0.408
S201602814,2016,0,F,0,Black,VA,INST_02,State University B (Research),research,3.3,49,1998,Biomedical Engineering,STEM,14830,2.181,1,1,5695,3.42,30,0,0,,0,-0.819
S201602815,2016,0,F,1,White,IL,INST_03,Regional College C (Teaching),teaching,2.95,36,1998,Political Science,Social Sciences,14522,2.136,1,1,3931,3.105,28,1,0,,0,-0.864
S201602816,2016,0,F,0,Asian,NJ,INST_04,Regional College D (Teaching),teaching,2.64,47,1998,Sociology,Social Sciences,6921,1.018,1,1,3826,2.475,32,1,0,,0,-1.982
S201602817,2016,0,F,0,White,NC,INST_03,Regional College C (Teaching),teaching,3.35,42,1998,Economics,Social Sciences,4883,0.718,1,1,7190,3.6449999999999996,24,1,0,,0,-2.282
S201602818,2016,0,M,0,White,CA,INST_05,Urban University E (Research),research,2.94,56,1998,Psychology,Social Sciences,11632,1.711,1,1,6509,3.645,27,0,0,,0,-1.289
S201602819,2016,0,F,0,White,VA,INST_03,Regional College C (Teaching),teaching,2.58,76,1997,Kinesiology,Health,9817,1.444,1,1,6505,3.795,32,1,0,,0,-1.556
S201602820,2016,0,M,0,White,NJ,INST_01,State University A (Research),research,3.23,49,1998,Mathematics,STEM,988,0.145,1,1,4761,3.745,30,0,0,,0,-2.855
S201602821,2016,0,M,1,White,OH,INST_03,Regional College C (Teaching),teaching,3.22,63,1998,Kinesiology,Health,11250,1.654,1,1,6135,3.875,33,1,1,4.0,0,-1.346
S201602822,2016,1,F,0,Hispanic,TX,INST_05,Urban University E (Research),research,3.45,35,1998,Civil Engineering,STEM,11332,1.666,1,1,6580,3.975,31,1,1,3.7,0,-1.334
S201602823,2016,1,F,1,Black,NC,INST_05,Urban University E (Research),research,4.0,36,1998,Economics-Bus,Business,3395,0.499,1,1,3540,3.6,30,0,0,,0,-2.501
S201602824,2016,0,M,0,White,VA,INST_05,Urban University E (Research),research,2.34,90,1998,Chemistry,STEM,4943,0.727,1,0,0,2.635,31,1,1,2.96,0,-2.273
S201602825,2016,1,M,0,Black,VA,INST_02,State University B (Research),research,3.02,41,1998,Marketing,Business,1742,0.256,1,1,3939,2.915,34,0,0,,0,-2.744
S201602826,2016,1,M,0,Asian,NJ,INST_03,Regional College C (Teaching),teaching,2.28,51,1998,Marketing,Business,7980,1.174,1,1,7173,3.83,32,1,1,3.47,0,-1.826
S201602827,2016,0,F,1,White,NJ,INST_05,Urban University E (Research),research,2.24,62,1998,Civil Engineering,STEM,14465,2.127,1,0,0,2.885,30,1,1,3.15,0,-0.873
S201602828,2016,1,F,0,White,PA,INST_02,State University B (Research),research,2.87,75,1998,Sociology,Social Sciences,1575,0.232,1,0,0,2.735,28,1,0,,0,-2.768
S201602829,2016,1,NB,1,White,VA,INST_02,State University B (Research),research,2.32,36,1998,Finance,Business,0,0.1,1,1,7009,3.8449999999999998,31,1,0,,0,-2.9
S201602830,2016,0,F,0,White,VA,INST_02,State University B (Research),research,3.37,69,1998,Education,Other,10410,1.531,1,1,8197,3.75,30,0,0,,0,-1.469
S201602831,2016,0,M,1,Hispanic,GA,INST_02,State University B (Research),research,3.35,48,1998,Sociology,Social Sciences,659,0.1,1,1,5093,3.4450000000000003,34,1,0,,0,-2.9
S201602832,2016,1,F,0,Hispanic,PA,INST_04,Regional College D (Teaching),teaching,3.7,51,1998,Management,Business,1800,0.265,1,1,5364,3.9850000000000003,31,1,1,4.0,0,-2.735
S201602833,2016,0,M,0,Hispanic,FL,INST_05,Urban University E (Research),research,3.45,71,1998,Economics,Social Sciences,23777,3.497,0,0,0,4.0,34,1,0,,1,0.497
S201602834,2016,1,F,0,Asian,NY,INST_05,Urban University E (Research),research,3.77,46,1997,Public Health,Health,3592,0.528,1,0,0,3.21,28,0,0,,0,-2.472
S201602835,2016,0,M,0,White,NY,INST_03,Regional College C (Teaching),teaching,3.22,66,1998,Spanish,Humanities,7442,1.094,1,1,6688,3.3600000000000003,28,1,1,3.8,0,-1.906
S201602836,2016,0,M,0,White,GA,INST_03,Regional College C (Teaching),teaching,2.73,59,1998,Biology,STEM,7224,1.062,1,0,0,2.955,31,0,0,,0,-1.938
S201602837,2016,0,M,1,Asian,TX,INST_01,State University A (Research),research,2.84,60,1998,Education,Other,422,0.1,1,1,7441,3.715,32,1,0,,0,-2.9
S201602838,2016,1,F,0,AIAN,MI,INST_02,State University B (Research),research,2.94,54,1998,Computer Science,STEM,5166,0.76,1,1,5950,3.455,28,1,0,,0,-2.24
S201602839,2016,0,M,0,Black,GA,INST_02,State University B (Research),research,2.4,24,1998,History,Humanities,4482,0.659,1,1,6436,3.155,32,1,1,2.93,0,-2.341
S201602840,2016,0,M,0,White,OH,INST_04,Regional College D (Teaching),teaching,3.21,67,1998,History,Humanities,11363,1.671,1,1,7285,2.75,28,1,0,,0,-1.329
S201602841,2016,0,M,0,Asian,NJ,INST_04,Regional College D (Teaching),teaching,3.34,95,1998,Mechanical Engineering,STEM,17500,2.574,1,1,4914,3.63,31,1,0,,0,-0.426
S201602842,2016,1,M,0,Hispanic,NJ,INST_01,State University A (Research),research,4.0,72,1998,Accounting,Business,20340,2.991,1,1,4026,3.465,31,1,1,3.63,0,-0.009
S201602843,2016,0,M,1,Black,GA,INST_05,Urban University E (Research),research,2.96,69,1998,Management,Business,13563,1.995,1,0,0,3.105,31,1,1,3.31,0,-1.005
S201602844,2016,1,M,0,White,CA,INST_02,State University B (Research),research,2.72,49,1998,Sociology,Social Sciences,2989,0.44,1,1,6240,3.16,28,0,0,,0,-2.56
S201602845,2016,1,F,1,White,MI,INST_02,State University B (Research),research,3.6,86,1998,Physics,STEM,0,0.1,1,0,0,3.4450000000000003,32,1,1,3.65,0,-2.9
S201602846,2016,0,M,0,White,CA,INST_05,Urban University E (Research),research,3.72,75,1998,Public Health,Health,0,0.1,1,1,4135,3.175,28,0,0,,0,-2.9
S201602847,2016,0,F,0,White,GA,INST_01,State University A (Research),research,3.22,51,1998,Marketing,Business,16181,2.38,1,0,0,3.36,33,1,0,,0,-0.62
S201602848,2016,0,F,0,Multi,NC,INST_03,Regional College C (Teaching),teaching,3.36,84,1998,Undeclared,Other,2353,0.346,1,1,3922,3.74,30,0,0,,0,-2.654
S201602849,2016,0,M,1,White,OH,INST_02,State University B (Research),research,2.7,26,1998,Nursing,Health,11092,1.631,1,0,0,2.2350000000000003,27,1,0,,0,-1.369
S201602850,2016,0,F,1,Asian,VA,INST_05,Urban University E (Research),research,3.36,65,1997,Pre-Med,Health,16265,2.392,1,0,0,2.5300000000000002,28,1,1,2.93,0,-0.608
S201602851,2016,0,F,0,Asian,FL,INST_01,State University A (Research),research,3.3,56,1998,Finance,Business,7196,1.058,1,1,4019,3.62,33,0,0,,0,-1.942
S201602852,2016,0,F,0,White,VA,INST_03,Regional College C (Teaching),teaching,3.77,81,1998,Accounting,Business,4303,0.633,1,0,0,3.33,29,1,1,3.5,0,-2.367
S201602853,2016,1,M,1,White,OH,INST_03,Regional College C (Teaching),teaching,3.16,59,1998,General Studies,Other,891,0.131,1,1,4938,3.92,30,0,0,,0,-2.869
S201602854,2016,0,F,0,White,GA,INST_04,Regional College D (Teaching),teaching,3.17,43,1998,Marketing,Business,6545,0.962,1,0,0,3.085,27,1,0,,0,-2.038
S201602855,2016,1,M,0,White,VA,INST_05,Urban University E (Research),research,2.92,73,1998,Physics,STEM,2779,0.409,1,1,6818,3.16,26,1,0,,0,-2.591
S201602856,2016,0,M,1,Black,PA,INST_03,Regional College C (Teaching),teaching,3.17,41,1997,Psychology,Social Sciences,24319,3.576,0,0,0,3.55,31,1,1,3.38,1,0.576
S201602857,2016,0,M,0,Black,NC,INST_02,State University B (Research),research,3.15,8,1998,Accounting,Business,12667,1.863,1,0,0,3.325,28,0,0,,0,-1.137
S201602858,2016,0,F,0,White,VA,INST_04,Regional College D (Teaching),teaching,2.87,42,1998,Psychology,Social Sciences,17140,2.521,1,1,5649,3.5250000000000004,33,1,0,,0,-0.479
S201602859,2016,0,M,0,White,FL,INST_02,State University B (Research),research,4.0,45,1998,Mathematics,STEM,16905,2.486,1,0,0,3.62,33,1,1,3.8,0,-0.514
S201602860,2016,0,F,0,Black,IL,INST_01,State University A (Research),research,2.87,70,1998,Accounting,Business,14608,2.148,1,1,6580,3.9450000000000003,27,0,0,,0,-0.852
S201602861,2016,0,M,1,Black,FL,INST_05,Urban University E (Research),research,2.78,48,1998,Education,Other,988,0.145,1,1,6641,3.35,33,1,1,2.93,0,-2.855
S201602862,2016,0,M,0,White,NC,INST_03,Regional College C (Teaching),teaching,3.86,24,1998,Nursing,Health,12127,1.783,1,0,0,3.62,31,0,0,,0,-1.217
S201602863,2016,1,F,0,White,NC,INST_01,State University A (Research),research,3.66,62,1998,Economics-Bus,Business,11286,1.66,1,0,0,3.125,28,0,0,,0,-1.34
S201602864,2016,0,M,0,White,CA,INST_03,Regional College C (Teaching),teaching,3.31,69,1998,Biology,STEM,18951,2.787,1,1,7306,3.625,31,1,1,3.65,0,-0.213
S201602865,2016,0,M,1,Black,GA,INST_03,Regional College C (Teaching),teaching,2.97,59,1998,Education,Other,3416,0.502,1,0,0,3.87,27,1,0,,0,-2.498
S201602866,2016,1,M,0,White,VA,INST_01,State University A (Research),research,2.7,13,1998,Mechanical Engineering,STEM,0,0.1,1,0,0,2.9,31,0,0,,0,-2.9
S201602867,2016,0,M,0,Multi,GA,INST_05,Urban University E (Research),research,2.44,42,1998,Biology,STEM,8185,1.204,1,0,0,2.84,31,0,0,,0,-1.796
S201602868,2016,0,F,1,Black,IL,INST_05,Urban University E (Research),research,3.65,42,1998,Marketing,Business,13532,1.99,1,1,2922,3.3,27,1,0,,0,-1.01
S201602869,2016,1,F,0,AIAN,CA,INST_03,Regional College C (Teaching),teaching,4.0,89,1998,Civil Engineering,STEM,8663,1.274,1,1,8022,3.63,31,1,0,,0,-1.726
S201602870,2016,1,F,1,Hispanic,OH,INST_04,Regional College D (Teaching),teaching,3.29,17,1998,Communications,Other,0,0.1,1,1,5705,3.9450000000000003,30,1,0,,0,-2.9
S201602871,2016,1,F,0,White,TX,INST_01,State University A (Research),research,3.48,52,1998,Accounting,Business,9509,1.398,1,0,0,3.615,29,1,0,,0,-1.602
S201602872,2016,0,F,0,White,FL,INST_01,State University A (Research),research,3.09,46,1998,Civil Engineering,STEM,6065,0.892,1,0,0,2.835,32,0,0,,0,-2.108
S201602873,2016,0,M,0,Hispanic,FL,INST_04,Regional College D (Teaching),teaching,3.37,66,1998,Economics-Bus,Business,18030,2.651,1,1,7096,3.64,30,1,0,,0,-0.349
S201602874,2016,1,M,0,White,OH,INST_05,Urban University E (Research),research,3.1,66,1998,Statistics,STEM,0,0.1,1,1,4628,3.715,28,1,1,3.66,0,-2.9
S201602875,2016,0,M,0,White,MI,INST_04,Regional College D (Teaching),teaching,3.27,57,1998,Kinesiology,Health,9505,1.398,1,1,5294,3.185,28,1,1,3.76,0,-1.602
S201602876,2016,0,NB,1,Hispanic,VA,INST_04,Regional College D (Teaching),teaching,3.41,85,1998,Economics-Bus,Business,8586,1.263,1,1,5269,3.505,24,1,1,3.72,0,-1.737
S201602877,2016,0,M,0,White,VA,INST_02,State University B (Research),research,3.81,11,1998,Statistics,STEM,28805,4.236,0,0,0,2.685,34,1,1,2.68,1,1.236
S201602878,2016,0,M,0,White,GA,INST_05,Urban University E (Research),research,3.84,38,1998,General Studies,Other,18393,2.705,1,1,7467,3.52,30,1,1,3.57,0,-0.295
S201602879,2016,0,M,0,Asian,TX,INST_04,Regional College D (Teaching),teaching,2.76,20,1998,Mechanical Engineering,STEM,11835,1.74,1,1,7129,2.98,29,1,0,,0,-1.26
S201602880,2016,0,M,0,Hispanic,IL,INST_02,State University B (Research),research,2.9,53,1998,Chemistry,STEM,15912,2.34,1,1,5496,3.3499999999999996,31,0,0,,0,-0.66
S201602881,2016,0,F,1,Asian,VA,INST_04,Regional College D (Teaching),teaching,2.94,53,1998,Civil Engineering,STEM,7356,1.082,1,0,0,3.21,27,0,0,,0,-1.918
S201602882,2016,1,M,0,Hispanic,OH,INST_03,Regional College C (Teaching),teaching,2.84,48,1998,General Studies,Other,9900,1.456,1,1,5721,3.645,31,0,0,,0,-1.544
S201602883,2016,0,F,1,White,VA,INST_03,Regional College C (Teaching),teaching,3.18,66,1998,Chemistry,STEM,201,0.1,1,1,5684,3.755,28,1,0,,0,-2.9
S201602884,2016,0,F,1,White,PA,INST_03,Regional College C (Teaching),teaching,2.73,31,1998,Finance,Business,7956,1.17,1,1,5778,3.2199999999999998,27,1,1,3.74,0,-1.83
S201602885,2016,1,F,0,White,FL,INST_03,Regional College C (Teaching),teaching,3.57,83,1998,Anthropology,Social Sciences,15761,2.318,1,1,4732,3.1799999999999997,30,1,1,3.03,0,-0.682
S201602886,2016,0,F,1,Multi,GA,INST_01,State University A (Research),research,3.32,62,1998,Computer Science,STEM,13931,2.049,1,0,0,2.895,33,0,0,,0,-0.951
S201602887,2016,1,F,0,Asian,OH,INST_01,State University A (Research),research,3.68,36,1998,Biomedical Engineering,STEM,7725,1.136,1,1,5318,3.29,24,0,0,,0,-1.864
S201602888,2016,0,M,0,Multi,TX,INST_03,Regional College C (Teaching),teaching,2.99,43,1998,Public Health,Health,18194,2.676,1,0,0,3.535,30,1,0,,0,-0.324
S201602889,2016,0,F,0,White,TX,INST_03,Regional College C (Teaching),teaching,3.96,74,1998,Accounting,Business,9340,1.374,1,0,0,3.65,31,1,1,3.69,0,-1.626
S201602890,2016,1,F,1,Black,PA,INST_04,Regional College D (Teaching),teaching,3.03,16,1998,Marketing,Business,0,0.1,1,0,0,3.245,28,0,0,,0,-2.9
S201602891,2016,0,F,0,Asian,TX,INST_03,Regional College C (Teaching),teaching,3.32,59,1998,Computer Science,STEM,775,0.114,1,1,4511,3.375,28,0,0,,0,-2.886
S201602892,2016,1,F,0,White,NC,INST_02,State University B (Research),research,2.01,55,1998,Biology,STEM,2702,0.397,1,1,5276,3.8,28,0,0,,0,-2.603
S201602893,2016,1,F,0,Black,TX,INST_03,Regional College C (Teaching),teaching,4.0,67,1998,Civil Engineering,STEM,1614,0.237,1,1,5318,3.765,31,1,0,,0,-2.763
S201602894,2016,0,M,0,Hispanic,NJ,INST_01,State University A (Research),research,3.14,67,1998,Education,Other,11236,1.652,1,1,6782,2.94,32,1,1,2.78,0,-1.348
S201602895,2016,1,M,0,White,VA,INST_01,State University A (Research),research,3.5,76,1998,Mathematics,STEM,3996,0.588,1,1,6608,3.515,28,1,1,3.39,0,-2.412
S201602896,2016,0,F,0,White,MI,INST_03,Regional College C (Teaching),teaching,3.75,37,1998,Economics-Bus,Business,14513,2.134,1,0,0,3.295,27,0,0,,0,-0.866
S201602897,2016,1,M,1,Black,IL,INST_03,Regional College C (Teaching),teaching,3.59,62,1998,Communications,Other,14087,2.072,1,1,6015,4.0,34,0,0,,0,-0.928
S201602898,2016,0,F,1,White,VA,INST_05,Urban University E (Research),research,3.13,87,1998,Management,Business,17859,2.626,1,0,0,4.0,28,0,0,,0,-0.374
S201602899,2016,0,M,1,Asian,NJ,INST_01,State University A (Research),research,3.35,66,1998,Accounting,Business,1754,0.258,1,1,7772,3.23,28,0,0,,0,-2.742
S201602900,2016,0,F,0,Hispanic,TX,INST_01,State University A (Research),research,3.08,68,1998,Political Science,Social Sciences,3685,0.542,1,0,0,3.825,25,0,0,,0,-2.458
S201602901,2016,1,F,1,Hispanic,NY,INST_05,Urban University E (Research),research,3.67,51,1998,Public Health,Health,6738,0.991,1,0,0,2.6,33,0,0,,0,-2.009
S201602902,2016,0,M,1,White,GA,INST_04,Regional College D (Teaching),teaching,3.36,38,1998,Computer Science,STEM,13002,1.912,1,0,0,2.685,28,1,1,2.96,0,-1.088
S201602903,2016,1,F,0,Black,FL,INST_04,Regional College D (Teaching),teaching,3.41,46,1998,Public Health,Health,0,0.1,1,1,6990,4.0,31,0,0,,0,-2.9
S201602904,2016,0,F,0,Hispanic,CA,INST_03,Regional College C (Teaching),teaching,2.9,66,1998,Chemistry,STEM,9693,1.425,1,1,5503,3.16,29,1,1,3.65,0,-1.575
S201602905,2016,1,F,1,White,VA,INST_01,State University A (Research),research,3.1,56,1998,English,Humanities,3108,0.457,1,1,5427,3.9850000000000003,27,0,0,,0,-2.543
S201602906,2016,0,M,0,Hispanic,FL,INST_01,State University A (Research),research,3.77,47,1998,Electrical Engineering,STEM,9341,1.374,1,0,0,2.815,31,1,0,,0,-1.626
S201602907,2016,1,M,0,White,CA,INST_01,State University A (Research),research,2.81,60,1998,Public Health,Health,660,0.1,1,1,4898,3.855,28,1,1,4.0,0,-2.9
S201602908,2016,0,M,0,White,MI,INST_04,Regional College D (Teaching),teaching,2.59,98,1998,Biology,STEM,18454,2.714,1,1,6460,3.5300000000000002,26,0,0,,0,-0.286
S201602909,2016,0,F,0,Hispanic,MI,INST_03,Regional College C (Teaching),teaching,3.3,35,1998,Biomedical Engineering,STEM,10693,1.572,1,0,0,3.0700000000000003,26,1,0,,0,-1.428
S201602910,2016,0,F,0,White,NY,INST_04,Regional College D (Teaching),teaching,3.27,56,1998,Psychology,Social Sciences,5803,0.853,1,0,0,2.79,33,0,0,,0,-2.147
S201602911,2016,1,F,0,Black,GA,INST_02,State University B (Research),research,2.85,80,1998,Sociology,Social Sciences,11076,1.629,1,1,6811,3.8200000000000003,30,0,0,,0,-1.371
S201602912,2016,1,F,0,Asian,FL,INST_03,Regional College C (Teaching),teaching,4.0,35,1998,Accounting,Business,0,0.1,1,1,8331,3.075,32,1,1,3.72,0,-2.9
S201602913,2016,1,NB,0,White,FL,INST_05,Urban University E (Research),research,3.06,75,1998,Kinesiology,Health,5945,0.874,1,1,3316,3.295,33,1,1,3.14,0,-2.126
S201602914,2016,0,F,1,White,NY,INST_01,State University A (Research),research,3.23,56,1998,Psychology,Social Sciences,9977,1.467,1,1,5880,2.835,31,1,1,3.16,0,-1.533
S201602915,2016,1,F,0,White,MI,INST_05,Urban University E (Research),research,3.69,38,1998,Sociology,Social Sciences,3068,0.451,1,0,0,3.045,34,1,0,,0,-2.549
S201602916,2016,0,M,0,White,MI,INST_01,State University A (Research),research,3.49,53,1998,Education,Other,14034,2.064,1,0,0,3.41,28,0,0,,0,-0.936
S201602917,2016,0,M,0,Hispanic,FL,INST_04,Regional College D (Teaching),teaching,3.01,32,1998,Chemistry,STEM,9115,1.34,1,0,0,3.515,31,1,1,3.93,0,-1.66
S201602918,2016,0,F,0,Asian,NY,INST_05,Urban University E (Research),research,3.38,57,1998,Biomedical Engineering,STEM,26016,3.826,0,0,0,2.745,28,0,0,,1,0.826
S201602919,2016,0,F,0,NHPI,NY,INST_05,Urban University E (Research),research,4.0,74,1998,Psychology,Social Sciences,4072,0.599,1,1,7195,3.98,31,1,1,3.97,0,-2.401
S201602920,2016,1,M,1,Hispanic,IL,INST_05,Urban University E (Research),research,3.02,8,1998,Kinesiology,Health,9754,1.434,1,1,4355,3.2800000000000002,28,1,0,,0,-1.566
S201602921,2016,0,F,0,Asian,NY,INST_03,Regional College C (Teaching),teaching,2.99,35,1998,Civil Engineering,STEM,10441,1.535,1,0,0,3.345,31,0,0,,0,-1.465
S201602922,2016,0,M,1,White,TX,INST_03,Regional College C (Teaching),teaching,3.34,45,1998,Education,Other,7624,1.121,1,1,4786,3.9,30,1,1,3.49,0,-1.879
S201602923,2016,0,F,1,Multi,NC,INST_05,Urban University E (Research),research,2.91,39,1998,Physics,STEM,9256,1.361,1,0,0,3.69,33,0,0,,0,-1.639
S201602924,2016,0,F,0,White,GA,INST_01,State University A (Research),research,2.31,54,1998,Nursing,Health,14307,2.104,1,0,0,3.24,31,1,0,,0,-0.896
S201602925,2016,0,M,1,White,VA,INST_05,Urban University E (Research),research,3.35,31,1998,Pre-Med,Health,11295,1.661,1,0,0,2.605,31,0,0,,0,-1.339
S201602926,2016,0,M,1,Hispanic,OH,INST_03,Regional College C (Teaching),teaching,3.83,43,1998,English,Humanities,11882,1.747,1,1,6764,3.98,28,1,0,,0,-1.253
S201602927,2016,0,F,0,White,NJ,INST_01,State University A (Research),research,2.25,79,1998,Psychology,Social Sciences,18167,2.672,1,1,5914,3.08,31,1,0,,0,-0.328
S201602928,2016,0,M,1,White,NY,INST_05,Urban University E (Research),research,2.65,45,1998,Pre-Med,Health,9036,1.329,1,0,0,2.5250000000000004,27,1,1,2.06,0,-1.671
S201602929,2016,0,F,0,White,NJ,INST_04,Regional College D (Teaching),teaching,2.74,51,1998,Management,Business,0,0.1,1,1,3974,3.525,27,1,1,4.0,0,-2.9
S201602930,2016,0,F,0,White,FL,INST_02,State University B (Research),research,4.0,54,1998,Psychology,Social Sciences,15424,2.268,1,1,4035,3.46,32,1,0,,0,-0.732
S201602931,2016,1,M,0,White,VA,INST_05,Urban University E (Research),research,3.35,66,1998,Mathematics,STEM,9403,1.383,1,0,0,3.085,29,1,0,,0,-1.617
S201602932,2016,0,M,0,Black,NC,INST_05,Urban University E (Research),research,3.6,73,1998,Computer Science,STEM,12712,1.869,1,1,5854,3.3550000000000004,31,0,0,,0,-1.131
S201602933,2016,1,M,0,White,OH,INST_01,State University A (Research),research,3.4,43,1998,Marketing,Business,19314,2.84,1,0,0,2.585,25,1,0,,0,-0.16
S201602934,2016,1,F,0,Multi,PA,INST_01,State University A (Research),research,3.52,66,1998,Sociology,Social Sciences,0,0.1,1,0,0,2.87,28,0,0,,0,-2.9
S201602935,2016,1,M,0,Black,FL,INST_01,State University A (Research),research,3.48,99,1998,Finance,Business,13540,1.991,1,1,5947,3.9299999999999997,31,1,1,4.0,0,-1.009
S201602936,2016,0,F,0,White,GA,INST_02,State University B (Research),research,4.0,95,1998,Computer Science,STEM,4593,0.675,1,0,0,3.3449999999999998,28,1,1,3.33,0,-2.325
S201602937,2016,0,M,0,White,OH,INST_02,State University B (Research),research,3.46,65,1998,Economics-Bus,Business,9093,1.337,1,1,5030,3.7199999999999998,28,1,1,4.0,0,-1.663
S201602938,2016,0,F,1,Hispanic,NJ,INST_01,State University A (Research),research,3.31,41,1998,Marketing,Business,8808,1.295,1,0,0,2.73,31,0,0,,0,-1.705
S201602939,2016,1,F,0,White,FL,INST_01,State University A (Research),research,3.17,25,1998,Marketing,Business,20376,2.996,1,1,8081,4.0,25,1,1,4.0,0,-0.004
S201602940,2016,0,M,0,Unknown,NJ,INST_03,Regional College C (Teaching),teaching,2.42,74,1998,Economics-Bus,Business,13892,2.043,1,0,0,3.29,30,0,0,,0,-0.957
S201602941,2016,0,F,0,Hispanic,IL,INST_04,Regional College D (Teaching),teaching,3.54,38,1998,Finance,Business,15568,2.289,1,1,4448,3.16,28,0,0,,0,-0.711
S201602942,2016,1,F,1,Asian,OH,INST_01,State University A (Research),research,3.79,88,1998,Accounting,Business,6271,0.922,1,0,0,3.26,31,1,0,,0,-2.078
S201602943,2016,0,F,1,White,VA,INST_02,State University B (Research),research,3.28,78,1998,Biomedical Engineering,STEM,7059,1.038,1,1,6505,3.7750000000000004,31,1,1,3.96,0,-1.962
S201602944,2016,0,F,0,White,FL,INST_04,Regional College D (Teaching),teaching,2.85,91,1998,Psychology,Social Sciences,9087,1.336,1,1,7187,3.295,30,0,0,,0,-1.664
S201602945,2016,0,F,0,Black,NC,INST_01,State University A (Research),research,3.11,3,1998,Electrical Engineering,STEM,14584,2.145,1,0,0,3.2199999999999998,28,0,0,,0,-0.855
S201602946,2016,0,F,0,Black,VA,INST_05,Urban University E (Research),research,3.28,67,1998,Biomedical Engineering,STEM,21651,3.184,0,0,0,3.5949999999999998,31,0,0,,1,0.184
S201602947,2016,1,F,1,Multi,CA,INST_01,State University A (Research),research,3.01,67,1998,Philosophy,Humanities,0,0.1,1,0,0,3.21,28,1,0,,0,-2.9
S201602948,2016,1,M,0,Black,IL,INST_03,Regional College C (Teaching),teaching,2.82,34,1998,Kinesiology,Health,15837,2.329,1,1,5674,4.0,30,1,1,4.0,0,-0.671
S201602949,2016,0,F,0,Unknown,CA,INST_03,Regional College C (Teaching),teaching,3.07,56,1998,Art History,Humanities,7711,1.134,1,1,8199,3.925,24,0,0,,0,-1.866
S201602950,2016,1,M,1,White,IL,INST_05,Urban University E (Research),research,2.42,50,1998,Management,Business,15675,2.305,1,1,5025,3.775,30,0,0,,0,-0.695
S201602951,2016,0,F,0,Hispanic,NC,INST_01,State University A (Research),research,4.0,53,1998,Psychology,Social Sciences,10722,1.577,1,1,4593,3.45,29,1,1,3.75,0,-1.423
S201602952,2016,1,M,0,White,NC,INST_02,State University B (Research),research,2.66,86,1998,Spanish,Humanities,23221,3.415,0,0,0,3.045,31,1,0,,1,0.415
S201602953,2016,1,F,1,White,NJ,INST_03,Regional College C (Teaching),teaching,3.27,99,1998,History,Humanities,0,0.1,1,1,6271,3.315,28,1,0,,0,-2.9
S201602954,2016,1,F,1,Hispanic,TX,INST_03,Regional College C (Teaching),teaching,2.22,82,1998,Computer Science,STEM,5116,0.752,1,1,4017,3.39,31,1,0,,0,-2.248
S201602955,2016,0,M,0,White,NY,INST_04,Regional College D (Teaching),teaching,3.52,53,1998,Economics-Bus,Business,2741,0.403,1,0,0,3.35,28,1,1,4.0,0,-2.597
S201602956,2016,1,M,0,Black,GA,INST_04,Regional College D (Teaching),teaching,2.29,39,1998,Electrical Engineering,STEM,10151,1.493,1,1,6415,3.25,33,1,0,,0,-1.507
S201602957,2016,1,F,1,Hispanic,VA,INST_03,Regional College C (Teaching),teaching,3.71,99,1998,Mathematics,STEM,10229,1.504,1,1,8426,3.91,29,1,1,4.0,0,-1.496
S201602958,2016,0,F,1,Hispanic,NJ,INST_03,Regional College C (Teaching),teaching,2.45,83,1998,Philosophy,Humanities,5254,0.773,1,0,0,2.3449999999999998,29,1,1,2.86,0,-2.227
S201602959,2016,0,M,0,White,GA,INST_01,State University A (Research),research,2.82,84,1998,Pre-Med,Health,16058,2.361,1,0,0,3.34,29,1,1,3.29,0,-0.639
S201602960,2016,0,F,0,White,NY,INST_04,Regional College D (Teaching),teaching,2.8,36,1998,Civil Engineering,STEM,3872,0.569,1,1,5256,3.555,31,0,0,,0,-2.431
S201602961,2016,1,M,0,White,PA,INST_05,Urban University E (Research),research,3.32,49,1998,Finance,Business,2873,0.422,1,0,0,2.2,33,1,1,2.8,0,-2.578
S201602962,2016,1,F,1,Asian,NY,INST_02,State University B (Research),research,3.41,35,1998,Spanish,Humanities,8923,1.312,1,1,6001,3.4699999999999998,27,0,0,,0,-1.688
S201602963,2016,1,M,0,Black,FL,INST_04,Regional College D (Teaching),teaching,3.31,44,1998,Economics-Bus,Business,3500,0.515,1,1,8020,3.62,31,0,0,,0,-2.485
S201602964,2016,0,F,1,Hispanic,PA,INST_01,State University A (Research),research,3.27,23,1998,Anthropology,Social Sciences,14958,2.2,1,1,4064,3.2,30,0,0,,0,-0.8
S201602965,2016,1,F,0,White,VA,INST_01,State University A (Research),research,1.92,48,1998,Political Science,Social Sciences,1931,0.284,1,1,3898,3.745,31,0,0,,0,-2.716
S201602966,2016,0,M,0,White,VA,INST_04,Regional College D (Teaching),teaching,4.0,45,1998,Communications,Other,21525,3.165,0,0,0,2.9400000000000004,28,1,1,3.58,1,0.165
S201602967,2016,0,M,0,White,NC,INST_05,Urban University E (Research),research,3.19,61,1998,Statistics,STEM,20874,3.07,0,0,0,3.8899999999999997,30,1,0,,1,0.07
S201602968,2016,1,F,1,White,NY,INST_02,State University B (Research),research,3.81,30,1998,Statistics,STEM,0,0.1,1,1,5732,3.285,27,1,0,,0,-2.9
S201602969,2016,0,M,0,Black,MI,INST_04,Regional College D (Teaching),teaching,3.77,65,1998,Psychology,Social Sciences,10313,1.517,1,0,0,3.37,28,1,1,3.39,0,-1.483
S201602970,2016,0,F,0,Black,NC,INST_05,Urban University E (Research),research,3.23,72,1998,Public Health,Health,6301,0.927,1,0,0,2.99,30,1,1,2.77,0,-2.073
S201602971,2016,0,M,1,White,IL,INST_03,Regional College C (Teaching),teaching,3.09,42,1998,Economics-Bus,Business,9021,1.327,1,1,5118,3.74,26,0,0,,0,-1.673
S201602972,2016,0,F,1,White,NY,INST_01,State University A (Research),research,3.13,83,1998,Psychology,Social Sciences,11610,1.707,1,1,5409,3.125,28,1,1,2.68,0,-1.293
S201602973,2016,1,F,0,Asian,NJ,INST_04,Regional College D (Teaching),teaching,2.33,46,1998,Political Science,Social Sciences,2985,0.439,1,1,6541,2.75,27,1,0,,0,-2.561
S201602974,2016,1,F,0,Black,PA,INST_01,State University A (Research),research,3.76,61,1998,Civil Engineering,STEM,11235,1.652,1,1,4930,3.385,31,1,0,,0,-1.348
S201602975,2016,0,M,1,White,CA,INST_03,Regional College C (Teaching),teaching,3.05,48,1997,Psychology,Social Sciences,11154,1.64,1,1,5406,2.9050000000000002,28,1,0,,0,-1.36
S201602976,2016,0,M,0,White,PA,INST_02,State University B (Research),research,2.97,42,1998,Anthropology,Social Sciences,9460,1.391,1,1,5286,3.3449999999999998,25,1,0,,0,-1.609
S201602977,2016,1,F,1,White,NY,INST_04,Regional College D (Teaching),teaching,3.2,21,1998,Chemistry,STEM,10873,1.599,1,1,6135,3.635,30,1,0,,0,-1.401
S201602978,2016,0,M,0,White,FL,INST_05,Urban University E (Research),research,2.97,35,1998,General Studies,Other,8098,1.191,1,1,7376,3.3,31,0,0,,0,-1.809
S201602979,2016,0,F,0,Hispanic,NC,INST_01,State University A (Research),research,3.55,50,1998,General Studies,Other,14046,2.066,1,1,5845,3.865,31,1,0,,0,-0.934
S201602980,2016,0,M,1,Hispanic,VA,INST_04,Regional College D (Teaching),teaching,3.25,42,1998,Finance,Business,6988,1.028,1,0,0,3.8600000000000003,28,1,1,3.7,0,-1.972
S201602981,2016,0,M,0,White,CA,INST_01,State University A (Research),research,3.7,97,1998,Nursing,Health,6414,0.943,1,1,8345,3.965,28,1,1,4.0,0,-2.057
S201602982,2016,0,F,0,Hispanic,FL,INST_02,State University B (Research),research,2.89,56,1998,Education,Other,20463,3.009,0,0,0,3.58,30,1,0,,1,0.009
S201602983,2016,0,F,0,White,TX,INST_02,State University B (Research),research,3.21,47,1998,Electrical Engineering,STEM,2109,0.31,1,0,0,3.015,31,1,0,,0,-2.69
S201602984,2016,0,M,0,Hispanic,NC,INST_05,Urban University E (Research),research,2.67,60,1998,Civil Engineering,STEM,10917,1.605,1,0,0,3.065,33,1,1,3.54,0,-1.395
S201602985,2016,0,F,0,White,NC,INST_02,State University B (Research),research,3.48,48,1998,Kinesiology,Health,6746,0.992,1,1,7516,3.75,32,1,0,,0,-2.008
S201602986,2016,0,F,1,White,GA,INST_05,Urban University E (Research),research,3.18,62,1998,Accounting,Business,1957,0.288,1,1,5939,3.36,32,1,0,,0,-2.712
S201602987,2016,0,F,0,White,OH,INST_04,Regional College D (Teaching),teaching,3.38,47,1998,Public Health,Health,13598,2.0,1,0,0,3.4400000000000004,28,1,0,,0,-1.0
S201602988,2016,0,F,1,White,IL,INST_03,Regional College C (Teaching),teaching,3.34,37,1998,Political Science,Social Sciences,14246,2.095,1,1,7282,3.195,31,0,0,,0,-0.905
S201602989,2016,0,M,0,Hispanic,OH,INST_03,Regional College C (Teaching),teaching,3.21,67,1998,Biomedical Engineering,STEM,11545,1.698,1,0,0,3.455,28,0,0,,0,-1.302
S201602990,2016,0,F,1,Hispanic,NJ,INST_01,State University A (Research),research,3.02,49,1998,Philosophy,Humanities,16881,2.482,1,1,4342,3.23,27,1,1,3.35,0,-0.518
S201602991,2016,0,F,1,White,OH,INST_03,Regional College C (Teaching),teaching,3.98,32,1998,Pre-Med,Health,10923,1.606,1,1,4511,3.385,28,1,0,,0,-1.394
S201602992,2016,0,F,0,White,NC,INST_04,Regional College D (Teaching),teaching,3.17,34,1998,Electrical Engineering,STEM,0,0.1,1,1,3838,3.24,27,0,0,,0,-2.9
S201602993,2016,1,F,0,Multi,OH,INST_02,State University B (Research),research,3.19,64,1998,History,Humanities,4104,0.604,1,0,0,3.1050000000000004,31,0,0,,0,-2.396
S201602994,2016,0,M,0,Black,NC,INST_03,Regional College C (Teaching),teaching,2.56,76,1998,Marketing,Business,9728,1.431,1,1,5471,3.1100000000000003,27,1,1,3.39,0,-1.569
S201602995,2016,0,F,1,White,GA,INST_04,Regional College D (Teaching),teaching,3.32,54,1998,Electrical Engineering,STEM,12005,1.765,1,1,6079,3.55,28,1,1,3.82,0,-1.235
S201602996,2016,0,F,0,Multi,OH,INST_04,Regional College D (Teaching),teaching,3.67,83,1998,Biology,STEM,9152,1.346,1,0,0,3.58,31,1,0,,0,-1.654
S201602997,2016,0,F,0,Black,OH,INST_01,State University A (Research),research,3.02,33,1998,Kinesiology,Health,19874,2.923,1,1,3832,3.585,28,1,1,4.0,0,-0.077
S201602998,2016,0,M,0,White,OH,INST_05,Urban University E (Research),research,3.27,71,1998,Computer Science,STEM,11938,1.756,1,1,6314,3.66,31,1,1,4.0,0,-1.244
S201602999,2016,0,F,1,Hispanic,CA,INST_04,Regional College D (Teaching),teaching,3.51,98,1998,Marketing,Business,10973,1.614,1,0,0,3.215,30,0,0,,0,-1.386
S201603000,2016,1,M,0,White,GA,INST_02,State University B (Research),research,3.29,60,1998,Political Science,Social Sciences,19340,2.844,1,1,6531,3.885,33,1,0,,0,-0.156
S201603001,2016,1,F,0,White,MI,INST_02,State University B (Research),research,2.95,64,1998,Marketing,Business,8450,1.243,1,1,5497,3.26,31,0,0,,0,-1.757
S201603002,2016,0,M,0,Hispanic,NJ,INST_02,State University B (Research),research,2.75,78,1998,Psychology,Social Sciences,21642,3.183,0,0,0,3.46,29,1,1,3.14,1,0.183
S201603003,2016,0,F,0,Asian,TX,INST_02,State University B (Research),research,3.11,27,1998,Economics,Social Sciences,3826,0.563,1,1,6161,3.31,31,1,1,3.42,0,-2.437
S201603004,2016,0,M,0,Hispanic,TX,INST_03,Regional College C (Teaching),teaching,3.19,27,1998,Economics-Bus,Business,13397,1.97,1,1,5370,3.08,31,1,1,3.52,0,-1.03
S201603005,2016,0,M,0,Black,VA,INST_05,Urban University E (Research),research,2.98,53,1998,Accounting,Business,6583,0.968,1,0,0,3.065,28,0,0,,0,-2.032
S201603006,2016,1,M,0,White,NY,INST_05,Urban University E (Research),research,3.15,40,1998,Economics,Social Sciences,0,0.1,1,1,3982,3.51,32,0,0,,0,-2.9
S201603007,2016,0,F,0,Hispanic,OH,INST_05,Urban University E (Research),research,3.79,27,1998,Economics-Bus,Business,12611,1.855,1,1,3985,3.7350000000000003,28,1,1,4.0,0,-1.145
S201603008,2016,1,M,0,Hispanic,TX,INST_03,Regional College C (Teaching),teaching,3.39,66,1998,Anthropology,Social Sciences,922,0.136,1,0,0,3.1399999999999997,29,1,0,,0,-2.864
S201603009,2016,0,F,0,Hispanic,CA,INST_02,State University B (Research),research,3.33,92,1998,Spanish,Humanities,22065,3.245,0,0,0,3.27,31,1,1,3.83,1,0.245
S201603010,2016,0,F,0,White,VA,INST_03,Regional College C (Teaching),teaching,3.5,99,1998,Anthropology,Social Sciences,2300,0.338,1,1,5237,3.7750000000000004,30,1,1,3.63,0,-2.662
S201603011,2016,0,M,1,Hispanic,VA,INST_05,Urban University E (Research),research,2.82,87,1998,Undeclared,Other,5498,0.809,1,1,6411,4.0,31,0,0,,0,-2.191
S201603012,2016,1,NB,0,White,FL,INST_04,Regional College D (Teaching),teaching,2.2,65,1998,General Studies,Other,0,0.1,1,1,6725,3.31,28,1,0,,0,-2.9
S201603013,2016,0,F,1,Hispanic,OH,INST_01,State University A (Research),research,3.6,66,1998,Chemistry,STEM,23857,3.508,0,0,0,3.4299999999999997,31,1,1,3.15,1,0.508
S201603014,2016,1,M,0,White,NC,INST_01,State University A (Research),research,4.0,50,1998,Statistics,STEM,1431,0.21,1,0,0,3.495,32,1,0,,0,-2.79
S201603015,2016,0,F,0,White,TX,INST_02,State University B (Research),research,2.23,47,1998,Economics-Bus,Business,2155,0.317,1,1,6999,3.33,28,1,0,,0,-2.683
S201603016,2016,1,F,0,Hispanic,GA,INST_02,State University B (Research),research,3.34,71,1998,Spanish,Humanities,3799,0.559,1,1,4119,2.695,30,0,0,,0,-2.441
S201603017,2016,0,F,0,Asian,IL,INST_01,State University A (Research),research,4.0,57,1998,Undeclared,Other,26692,3.925,0,1,5924,3.11,29,1,0,,1,0.925
S201603018,2016,0,M,0,White,OH,INST_05,Urban University E (Research),research,2.75,57,1998,Public Health,Health,11850,1.743,1,0,0,3.42,30,0,0,,0,-1.257
S201603019,2016,0,F,0,Asian,NJ,INST_04,Regional College D (Teaching),teaching,3.5,83,1998,Public Health,Health,18110,2.663,1,0,0,3.3899999999999997,31,1,0,,0,-0.337
S201603020,2016,0,F,0,Hispanic,GA,INST_01,State University A (Research),research,3.7,54,1998,History,Humanities,11039,1.623,1,0,0,3.9699999999999998,27,1,1,3.53,0,-1.377
S201603021,2016,1,M,1,White,MI,INST_02,State University B (Research),research,3.47,16,1998,Physics,STEM,14855,2.185,1,1,5528,3.4349999999999996,31,1,0,,0,-0.815
S201603022,2016,0,F,0,White,NY,INST_01,State University A (Research),research,2.66,40,1998,Finance,Business,23975,3.526,0,0,0,3.6100000000000003,29,1,1,3.62,1,0.526
S201603023,2016,1,F,0,White,TX,INST_04,Regional College D (Teaching),teaching,2.43,59,1998,Economics-Bus,Business,10947,1.61,1,1,5503,3.5300000000000002,33,1,1,3.58,0,-1.39
S201603024,2016,0,F,0,Hispanic,NY,INST_01,State University A (Research),research,3.7,89,1998,Management,Business,12416,1.826,1,1,6151,3.4850000000000003,31,0,0,,0,-1.174
S201603025,2016,0,F,0,White,TX,INST_02,State University B (Research),research,1.75,58,1998,Art History,Humanities,26493,3.896,0,1,4586,3.2800000000000002,25,0,0,,1,0.896
S201603026,2016,0,F,0,Hispanic,NJ,INST_05,Urban University E (Research),research,2.96,45,1998,Economics-Bus,Business,19844,2.918,1,0,0,2.46,28,1,1,2.74,0,-0.082
S201603027,2016,1,F,1,Hispanic,TX,INST_02,State University B (Research),research,3.62,76,1998,Sociology,Social Sciences,14322,2.106,1,0,0,3.145,31,1,0,,0,-0.894
S201603028,2016,0,F,0,Unknown,PA,INST_05,Urban University E (Research),research,3.82,35,1998,Undeclared,Other,23871,3.51,0,0,0,3.075,33,1,0,,1,0.51
S201603029,2016,0,F,1,White,PA,INST_04,Regional College D (Teaching),teaching,3.19,82,1998,Finance,Business,5436,0.799,1,0,0,2.79,30,1,0,,0,-2.201
S201603030,2016,1,F,0,Asian,FL,INST_04,Regional College D (Teaching),teaching,2.88,46,1998,Chemistry,STEM,8030,1.181,1,1,4941,3.235,33,1,0,,0,-1.819
S201603031,2016,0,M,0,White,NJ,INST_05,Urban University E (Research),research,3.69,26,1998,Electrical Engineering,STEM,5182,0.762,1,0,0,2.925,31,1,1,2.6,0,-2.238
S201603032,2016,0,F,0,White,VA,INST_02,State University B (Research),research,2.79,91,1998,Sociology,Social Sciences,1724,0.254,1,0,0,3.165,30,1,1,3.34,0,-2.746
S201603033,2016,0,F,0,Multi,GA,INST_02,State University B (Research),research,2.61,51,1998,Finance,Business,7530,1.107,1,0,0,3.38,28,1,1,3.26,0,-1.893
S201603034,2016,0,F,0,Asian,TX,INST_01,State University A (Research),research,3.74,33,1998,Economics-Bus,Business,15788,2.322,1,1,5763,3.2,28,0,0,,0,-0.678
S201603035,2016,0,M,0,White,NY,INST_04,Regional College D (Teaching),teaching,3.5,81,1998,Pre-Med,Health,8528,1.254,1,0,0,3.59,31,1,0,,0,-1.746
S201603036,2016,1,F,0,Black,PA,INST_01,State University A (Research),research,2.93,62,1998,Political Science,Social Sciences,315,0.1,1,1,7287,3.04,28,1,1,3.15,0,-2.9
S201603037,2016,1,F,0,White,GA,INST_03,Regional College C (Teaching),teaching,2.61,59,1998,Psychology,Social Sciences,5134,0.755,1,0,0,3.325,32,1,0,,0,-2.245
S201603038,2016,0,M,0,White,CA,INST_02,State University B (Research),research,3.49,72,1998,Economics-Bus,Business,9548,1.404,1,0,0,3.1550000000000002,29,1,1,2.87,0,-1.596
S201603039,2016,0,M,0,Hispanic,NJ,INST_02,State University B (Research),research,3.13,23,1998,Mathematics,STEM,13714,2.017,1,1,8366,2.995,31,1,1,3.46,0,-0.983
S201603040,2016,0,F,0,White,GA,INST_02,State University B (Research),research,2.59,82,1998,Public Health,Health,1744,0.256,1,0,0,3.2350000000000003,31,0,0,,0,-2.744
S201603041,2016,0,M,1,White,NC,INST_05,Urban University E (Research),research,2.12,58,1998,Kinesiology,Health,13187,1.939,1,1,5483,3.45,31,1,0,,0,-1.061
S201603042,2016,1,M,1,Black,GA,INST_02,State University B (Research),research,3.52,61,1998,Undeclared,Other,4980,0.732,1,1,6201,3.85,31,1,1,4.0,0,-2.268
S201603043,2016,0,NB,0,White,MI,INST_04,Regional College D (Teaching),teaching,2.77,52,1998,Marketing,Business,12199,1.794,1,1,5233,3.4699999999999998,28,1,0,,0,-1.206
S201603044,2016,0,F,0,Multi,IL,INST_04,Regional College D (Teaching),teaching,2.82,64,1998,Undeclared,Other,11578,1.703,1,1,5656,3.2,33,0,0,,0,-1.297
S201603045,2016,1,F,0,White,IL,INST_04,Regional College D (Teaching),teaching,3.64,91,1998,Education,Other,6960,1.024,1,1,5919,3.4450000000000003,30,1,1,3.97,0,-1.976
S201603046,2016,1,M,0,Asian,TX,INST_01,State University A (Research),research,2.94,50,1998,Biology,STEM,7031,1.034,1,1,3230,3.715,31,1,0,,0,-1.966
S201603047,2016,0,F,0,White,TX,INST_02,State University B (Research),research,3.25,78,1998,Mechanical Engineering,STEM,7857,1.155,1,1,6955,3.175,34,1,0,,0,-1.845
S201603048,2016,0,F,0,White,FL,INST_05,Urban University E (Research),research,3.98,33,1998,Anthropology,Social Sciences,9491,1.396,1,1,5314,3.215,26,0,0,,0,-1.604
S201603049,2016,1,F,0,White,NY,INST_03,Regional College C (Teaching),teaching,3.69,34,1998,Political Science,Social Sciences,12741,1.874,1,1,6579,3.935,30,1,1,3.62,0,-1.126
S201603050,2016,0,F,1,Hispanic,OH,INST_03,Regional College C (Teaching),teaching,3.72,14,1998,Art History,Humanities,9378,1.379,1,0,0,3.55,28,0,0,,0,-1.621
S201603051,2016,0,M,0,White,GA,INST_02,State University B (Research),research,3.07,48,1998,Physics,STEM,10184,1.498,1,0,0,3.015,28,0,0,,0,-1.502
S201603052,2016,0,F,1,Black,TX,INST_02,State University B (Research),research,3.51,87,1998,Psychology,Social Sciences,10571,1.555,1,0,0,3.895,33,1,0,,0,-1.445
S201603053,2016,0,M,0,White,VA,INST_01,State University A (Research),research,3.48,41,1998,Electrical Engineering,STEM,7615,1.12,1,1,4446,3.115,28,0,0,,0,-1.88
S201603054,2016,1,F,1,Black,FL,INST_05,Urban University E (Research),research,3.75,52,1998,Finance,Business,6018,0.885,1,1,5466,3.25,30,0,0,,0,-2.115
S201603055,2016,0,M,0,White,MI,INST_04,Regional College D (Teaching),teaching,2.66,68,1998,Electrical Engineering,STEM,10187,1.498,1,0,0,2.6799999999999997,28,0,0,,0,-1.502
S201603056,2016,0,F,0,Hispanic,FL,INST_01,State University A (Research),research,1.73,64,1998,Kinesiology,Health,9566,1.407,1,0,0,3.81,28,1,0,,0,-1.593
S201603057,2016,0,M,1,White,GA,INST_03,Regional College C (Teaching),teaching,2.97,35,1998,Mathematics,STEM,16170,2.378,1,1,6696,2.84,31,0,0,,0,-0.622
S201603058,2016,0,M,0,Black,OH,INST_03,Regional College C (Teaching),teaching,3.11,55,1998,Philosophy,Humanities,3390,0.499,1,1,3776,2.84,33,0,0,,0,-2.501
S201603059,2016,0,M,0,Black,IL,INST_05,Urban University E (Research),research,2.61,60,1998,Sociology,Social Sciences,673,0.1,1,1,4987,2.895,27,0,0,,0,-2.9
S201603060,2016,0,M,0,White,PA,INST_01,State University A (Research),research,2.7,32,1998,Marketing,Business,14075,2.07,1,1,7171,2.895,31,1,0,,0,-0.93
S201603061,2016,1,F,1,White,VA,INST_01,State University A (Research),research,3.35,37,1998,Education,Other,16478,2.423,1,0,0,3.5300000000000002,27,0,0,,0,-0.577
S201603062,2016,0,M,0,White,NY,INST_04,Regional College D (Teaching),teaching,3.29,62,1997,Biology,STEM,19547,2.875,1,1,4878,3.115,31,0,0,,0,-0.125
S201603063,2016,1,F,1,Asian,PA,INST_04,Regional College D (Teaching),teaching,3.08,39,1998,Public Health,Health,0,0.1,1,0,0,3.33,33,1,1,3.33,0,-2.9
S201603064,2016,1,M,0,White,GA,INST_03,Regional College C (Teaching),teaching,2.09,50,1998,Public Health,Health,7163,1.053,1,1,5997,3.255,28,0,0,,0,-1.947
S201603065,2016,0,F,0,Asian,VA,INST_05,Urban University E (Research),research,3.51,56,1998,Sociology,Social Sciences,8781,1.291,1,0,0,3.365,30,1,0,,0,-1.709
S201603066,2016,0,M,0,White,NJ,INST_01,State University A (Research),research,3.35,96,1998,Civil Engineering,STEM,8939,1.315,1,0,0,3.03,34,1,0,,0,-1.685
S201603067,2016,1,F,0,White,IL,INST_05,Urban University E (Research),research,2.72,86,1998,Art History,Humanities,11652,1.714,1,1,6798,3.865,30,0,0,,0,-1.286
S201603068,2016,0,M,0,Multi,NJ,INST_02,State University B (Research),research,2.51,55,1998,Accounting,Business,26176,3.849,0,1,5846,3.73,31,1,0,,1,0.849
S201603069,2016,0,F,0,White,PA,INST_03,Regional College C (Teaching),teaching,3.77,53,1998,Management,Business,16355,2.405,1,1,5155,3.205,34,1,1,3.78,0,-0.595
S201603070,2016,1,M,0,Hispanic,PA,INST_05,Urban University E (Research),research,3.46,25,1998,Computer Science,STEM,11022,1.621,1,1,7064,3.315,31,0,0,,0,-1.379
S201603071,2016,0,F,1,White,NJ,INST_01,State University A (Research),research,3.91,82,1998,Philosophy,Humanities,1291,0.19,1,1,6235,3.16,27,0,0,,0,-2.81
S201603072,2016,0,M,1,Multi,NY,INST_04,Regional College D (Teaching),teaching,3.19,80,1998,Undeclared,Other,7033,1.034,1,1,6360,3.3099999999999996,31,1,0,,0,-1.966
S201603073,2016,0,M,0,Black,PA,INST_02,State University B (Research),research,2.92,71,1998,Chemistry,STEM,3468,0.51,1,1,5161,2.75,30,1,1,2.64,0,-2.49
S201603074,2016,0,M,0,Hispanic,NC,INST_01,State University A (Research),research,3.86,69,1998,Pre-Med,Health,17952,2.64,1,0,0,3.34,33,1,1,3.72,0,-0.36
