student_id,cohort,first_gen,gender,rural_origin,race_ethnicity,home_state,institution_id,institution_name,institution_type,hs_gpa,test_percentile,birth_year,starting_major,major_category,efc_dollars,need_index,eligible_flag,aid_received,annual_aid_amount,y1_gpa_mean,y1_credits,y2_retained,y6_completed,cumulative_gpa_final,above_cutoff,distance_from_cutoff
S201400001,2014,0,M,1,Unknown,NJ,INST_03,Regional College C (Teaching),teaching,3.51,3,1996,Education,Other,11944,1.756,1,1,7010,2.93,30,1,0,,0,-1.244
S201400002,2014,0,M,0,White,NC,INST_02,State University B (Research),research,3.3,25,1996,Civil Engineering,STEM,17784,2.615,1,0,0,2.8899999999999997,30,1,1,2.81,0,-0.385
S201400003,2014,0,M,0,Hispanic,NY,INST_03,Regional College C (Teaching),teaching,2.84,54,1996,General Studies,Other,12340,1.815,1,1,7371,2.825,28,1,0,,0,-1.185
S201400004,2014,0,F,0,Hispanic,NJ,INST_03,Regional College C (Teaching),teaching,3.7,36,1996,Electrical Engineering,STEM,4107,0.604,1,0,0,2.395,28,1,1,2.55,0,-2.396
S201400005,2014,1,F,0,Multi,NY,INST_05,Urban University E (Research),research,2.54,71,1996,Political Science,Social Sciences,392,0.1,1,1,4720,3.8,30,0,0,,0,-2.9
S201400006,2014,0,M,1,White,FL,INST_04,Regional College D (Teaching),teaching,2.41,85,1996,Anthropology,Social Sciences,6788,0.998,1,1,4218,2.685,31,1,1,3.0,0,-2.002
S201400007,2014,0,F,0,White,MI,INST_03,Regional College C (Teaching),teaching,3.6,38,1996,Mechanical Engineering,STEM,23036,3.388,0,0,0,3.475,30,0,0,,1,0.388
S201400008,2014,1,M,0,White,NC,INST_01,State University A (Research),research,3.64,62,1996,General Studies,Other,6186,0.91,1,0,0,3.495,28,1,1,3.48,0,-2.09
S201400009,2014,0,M,1,White,PA,INST_02,State University B (Research),research,3.51,35,1996,Electrical Engineering,STEM,9737,1.432,1,0,0,2.9,33,1,1,3.46,0,-1.568
S201400010,2014,0,F,0,Black,NC,INST_05,Urban University E (Research),research,4.0,79,1996,Accounting,Business,11240,1.653,1,1,6991,4.0,32,1,0,,0,-1.347
S201400011,2014,1,M,0,White,FL,INST_03,Regional College C (Teaching),teaching,3.46,41,1996,Pre-Med,Health,2296,0.338,1,1,4799,3.85,29,1,0,,0,-2.662
S201400012,2014,1,M,1,Asian,CA,INST_04,Regional College D (Teaching),teaching,3.98,66,1996,Education,Other,0,0.1,1,1,5966,3.595,30,0,0,,0,-2.9
S201400013,2014,1,F,0,Asian,NY,INST_05,Urban University E (Research),research,3.57,45,1996,Anthropology,Social Sciences,1916,0.282,1,1,5658,3.5549999999999997,34,1,1,3.88,0,-2.718
S201400014,2014,1,M,0,Hispanic,PA,INST_03,Regional College C (Teaching),teaching,2.7,45,1996,Anthropology,Social Sciences,18326,2.695,1,1,6487,3.3150000000000004,31,1,0,,0,-0.305
S201400015,2014,1,M,0,White,NY,INST_04,Regional College D (Teaching),teaching,3.39,56,1996,Mechanical Engineering,STEM,18639,2.741,1,1,5806,3.76,27,0,0,,0,-0.259
S201400016,2014,0,M,0,White,VA,INST_01,State University A (Research),research,3.67,45,1996,Nursing,Health,10523,1.548,1,1,4417,3.425,29,0,0,,0,-1.452
S201400017,2014,0,M,1,Hispanic,CA,INST_01,State University A (Research),research,2.74,53,1996,Marketing,Business,7610,1.119,1,0,0,3.125,32,1,0,,0,-1.881
S201400018,2014,1,M,1,Unknown,GA,INST_05,Urban University E (Research),research,2.67,60,1995,Economics-Bus,Business,0,0.1,1,1,4394,3.935,26,0,0,,0,-2.9
S201400019,2014,0,F,0,Multi,PA,INST_04,Regional College D (Teaching),teaching,2.79,56,1996,Mathematics,STEM,14525,2.136,1,1,4946,3.9050000000000002,31,0,0,,0,-0.864
S201400020,2014,1,F,0,White,GA,INST_04,Regional College D (Teaching),teaching,2.93,91,1996,General Studies,Other,5199,0.765,1,1,1943,3.505,28,1,1,3.45,0,-2.235
S201400021,2014,1,M,0,Asian,MI,INST_03,Regional College C (Teaching),teaching,3.81,57,1996,Mechanical Engineering,STEM,7017,1.032,1,1,6798,3.5149999999999997,30,1,0,,0,-1.968
S201400022,2014,0,M,1,White,IL,INST_02,State University B (Research),research,3.19,64,1996,Marketing,Business,355,0.1,1,1,7400,2.975,34,0,0,,0,-2.9
S201400023,2014,0,F,1,Asian,FL,INST_04,Regional College D (Teaching),teaching,2.69,65,1996,Nursing,Health,1392,0.205,1,0,0,3.3600000000000003,31,1,0,,0,-2.795
S201400024,2014,0,M,0,White,MI,INST_05,Urban University E (Research),research,3.57,77,1996,Philosophy,Humanities,15201,2.235,1,1,5154,3.035,32,1,0,,0,-0.765
S201400025,2014,0,F,0,Hispanic,CA,INST_04,Regional College D (Teaching),teaching,3.79,47,1996,Kinesiology,Health,6267,0.922,1,0,0,3.875,31,0,0,,0,-2.078
S201400026,2014,0,F,0,White,VA,INST_04,Regional College D (Teaching),teaching,3.16,43,1996,Sociology,Social Sciences,11287,1.66,1,1,6047,3.76,28,1,0,,0,-1.34
S201400027,2014,0,F,0,White,GA,INST_01,State University A (Research),research,3.08,52,1996,Nursing,Health,16648,2.448,1,0,0,2.8449999999999998,33,1,0,,0,-0.552
S201400028,2014,0,F,0,White,FL,INST_03,Regional College C (Teaching),teaching,3.54,65,1996,History,Humanities,17278,2.541,1,0,0,3.465,28,0,0,,0,-0.459
S201400029,2014,1,M,0,Hispanic,NY,INST_05,Urban University E (Research),research,4.0,66,1996,English,Humanities,5198,0.764,1,1,6955,3.95,27,0,0,,0,-2.236
S201400030,2014,1,M,0,Asian,NY,INST_02,State University B (Research),research,3.16,51,1996,Sociology,Social Sciences,16995,2.499,1,1,5913,3.85,28,0,0,,0,-0.501
S201400031,2014,0,F,1,White,NJ,INST_04,Regional College D (Teaching),teaching,2.94,41,1996,Marketing,Business,14573,2.143,1,1,5550,3.2350000000000003,28,1,0,,0,-0.857
S201400032,2014,1,F,0,Asian,OH,INST_05,Urban University E (Research),research,3.56,75,1996,Physics,STEM,1037,0.152,1,0,0,3.4050000000000002,31,0,0,,0,-2.848
S201400033,2014,1,F,0,White,TX,INST_03,Regional College C (Teaching),teaching,3.18,59,1995,Undeclared,Other,4236,0.623,1,1,5184,2.795,31,1,0,,0,-2.377
S201400034,2014,1,F,0,White,PA,INST_03,Regional College C (Teaching),teaching,3.54,34,1996,Communications,Other,14853,2.184,1,0,0,3.59,31,0,0,,0,-0.816
S201400035,2014,0,M,0,Hispanic,MI,INST_02,State University B (Research),research,2.85,89,1996,Pre-Med,Health,13342,1.962,1,1,6327,2.01,30,1,0,,0,-1.038
S201400036,2014,0,NB,0,Asian,CA,INST_03,Regional College C (Teaching),teaching,3.72,50,1996,Sociology,Social Sciences,21080,3.1,0,1,6882,3.62,27,0,0,,1,0.1
S201400037,2014,1,M,0,White,VA,INST_04,Regional College D (Teaching),teaching,3.2,84,1996,Computer Science,STEM,0,0.1,1,1,5564,3.665,31,1,1,3.82,0,-2.9
S201400038,2014,1,M,1,White,OH,INST_02,State University B (Research),research,3.29,67,1996,Undeclared,Other,18363,2.7,1,1,3118,3.705,30,1,0,,0,-0.3
S201400039,2014,0,F,0,White,VA,INST_02,State University B (Research),research,2.94,75,1995,Computer Science,STEM,19816,2.914,1,1,5510,3.335,32,1,1,3.4,0,-0.086
S201400040,2014,0,F,0,Black,OH,INST_02,State University B (Research),research,4.0,37,1996,Sociology,Social Sciences,16844,2.477,1,1,7893,3.46,27,0,0,,0,-0.523
S201400041,2014,0,F,0,White,GA,INST_04,Regional College D (Teaching),teaching,2.83,67,1996,Electrical Engineering,STEM,21219,3.12,0,0,0,2.88,31,1,0,,1,0.12
S201400042,2014,0,M,1,White,NY,INST_03,Regional College C (Teaching),teaching,3.42,69,1996,Accounting,Business,521,0.1,1,1,7365,3.34,29,1,0,,0,-2.9
S201400043,2014,0,M,1,White,PA,INST_01,State University A (Research),research,3.02,68,1996,Nursing,Health,13668,2.01,1,1,5420,3.295,33,0,0,,0,-0.99
S201400044,2014,0,F,0,Black,TX,INST_01,State University A (Research),research,2.86,51,1996,Management,Business,23901,3.515,0,1,5714,2.855,25,0,0,,1,0.515
S201400045,2014,1,F,1,White,OH,INST_03,Regional College C (Teaching),teaching,3.04,42,1996,Pre-Med,Health,8606,1.266,1,0,0,3.33,28,1,0,,0,-1.734
S201400046,2014,1,F,0,White,GA,INST_05,Urban University E (Research),research,3.68,45,1996,Physics,STEM,10710,1.575,1,1,7614,3.3049999999999997,28,1,0,,0,-1.425
S201400047,2014,0,F,0,White,MI,INST_01,State University A (Research),research,3.01,38,1996,Communications,Other,3115,0.458,1,0,0,2.7800000000000002,26,1,0,,0,-2.542
S201400048,2014,0,F,0,Hispanic,MI,INST_01,State University A (Research),research,2.07,72,1996,Education,Other,15889,2.337,1,1,5151,3.29,32,1,1,2.93,0,-0.663
S201400049,2014,1,F,0,White,MI,INST_05,Urban University E (Research),research,4.0,65,1996,Public Health,Health,7694,1.131,1,1,10794,3.41,32,1,0,,0,-1.869
S201400050,2014,0,F,0,White,CA,INST_04,Regional College D (Teaching),teaching,3.3,54,1996,Art History,Humanities,12292,1.808,1,1,5215,3.7350000000000003,28,0,0,,0,-1.192
S201400051,2014,0,F,0,White,VA,INST_02,State University B (Research),research,3.23,49,1996,Management,Business,6983,1.027,1,1,7031,4.0,28,0,0,,0,-1.973
S201400052,2014,1,F,0,Asian,TX,INST_05,Urban University E (Research),research,2.23,51,1996,Civil Engineering,STEM,4777,0.702,1,1,4819,3.695,30,1,0,,0,-2.298
S201400053,2014,0,F,1,White,NJ,INST_03,Regional College C (Teaching),teaching,3.34,39,1996,Chemistry,STEM,2049,0.301,1,1,5838,3.495,27,1,0,,0,-2.699
S201400054,2014,0,M,0,Hispanic,CA,INST_03,Regional College C (Teaching),teaching,3.66,55,1996,Political Science,Social Sciences,14744,2.168,1,1,8447,3.88,34,1,0,,0,-0.832
S201400055,2014,0,F,1,White,FL,INST_04,Regional College D (Teaching),teaching,2.29,22,1996,Accounting,Business,11236,1.652,1,1,6375,3.665,27,0,0,,0,-1.348
S201400056,2014,1,F,0,Multi,MI,INST_02,State University B (Research),research,3.22,80,1996,Biomedical Engineering,STEM,20125,2.96,1,0,0,3.66,33,1,0,,0,-0.04
S201400057,2014,1,F,1,White,PA,INST_01,State University A (Research),research,3.2,75,1996,Nursing,Health,7319,1.076,1,1,6473,3.6550000000000002,31,0,0,,0,-1.924
S201400058,2014,0,F,1,White,VA,INST_02,State University B (Research),research,2.77,68,1996,Anthropology,Social Sciences,9238,1.359,1,1,6182,3.1799999999999997,34,1,1,3.97,0,-1.641
S201400059,2014,1,M,0,Hispanic,IL,INST_04,Regional College D (Teaching),teaching,3.35,39,1996,Civil Engineering,STEM,5370,0.79,1,0,0,3.55,31,0,0,,0,-2.21
S201400060,2014,1,M,0,White,VA,INST_02,State University B (Research),research,2.42,19,1996,Pre-Med,Health,5835,0.858,1,1,7653,2.75,31,1,1,2.88,0,-2.142
S201400061,2014,0,F,0,White,PA,INST_04,Regional College D (Teaching),teaching,4.0,55,1996,Kinesiology,Health,17717,2.605,1,1,6061,3.8899999999999997,30,1,1,4.0,0,-0.395
S201400062,2014,0,M,0,AIAN,FL,INST_04,Regional College D (Teaching),teaching,2.6,56,1996,Psychology,Social Sciences,4301,0.632,1,1,5313,3.545,31,1,1,3.86,0,-2.368
S201400063,2014,1,M,0,Asian,NY,INST_03,Regional College C (Teaching),teaching,2.28,66,1995,Mathematics,STEM,22272,3.275,0,0,0,2.4699999999999998,29,1,0,,1,0.275
S201400064,2014,0,M,0,Black,FL,INST_03,Regional College C (Teaching),teaching,3.16,47,1996,Mathematics,STEM,7163,1.053,1,1,3859,3.605,33,1,0,,0,-1.947
S201400065,2014,1,F,1,White,CA,INST_01,State University A (Research),research,3.81,54,1996,Finance,Business,417,0.1,1,1,6654,3.965,31,1,1,3.49,0,-2.9
S201400066,2014,0,F,0,Multi,CA,INST_02,State University B (Research),research,2.75,58,1996,Political Science,Social Sciences,9960,1.465,1,0,0,2.795,26,1,0,,0,-1.535
S201400067,2014,0,F,0,White,NC,INST_02,State University B (Research),research,3.59,54,1996,Management,Business,13846,2.036,1,0,0,2.7350000000000003,28,0,0,,0,-0.964
S201400068,2014,0,M,1,White,MI,INST_05,Urban University E (Research),research,2.89,87,1996,Kinesiology,Health,17512,2.575,1,1,4783,3.63,32,0,0,,0,-0.425
S201400069,2014,1,M,0,Asian,PA,INST_03,Regional College C (Teaching),teaching,3.62,36,1996,Anthropology,Social Sciences,3875,0.57,1,1,3794,3.81,32,1,0,,0,-2.43
S201400070,2014,1,M,0,Black,GA,INST_04,Regional College D (Teaching),teaching,2.59,55,1996,Finance,Business,942,0.139,1,1,4314,3.02,27,1,0,,0,-2.861
S201400071,2014,0,M,1,White,FL,INST_03,Regional College C (Teaching),teaching,3.41,54,1996,Biomedical Engineering,STEM,9474,1.393,1,0,0,3.4299999999999997,29,0,0,,0,-1.607
S201400072,2014,0,F,0,Hispanic,GA,INST_04,Regional College D (Teaching),teaching,3.1,21,1996,Economics-Bus,Business,30914,4.546,0,0,0,3.12,31,1,1,2.98,1,1.546
S201400073,2014,0,F,0,White,CA,INST_04,Regional College D (Teaching),teaching,3.19,76,1996,General Studies,Other,8308,1.222,1,1,5491,3.6449999999999996,31,1,1,3.59,0,-1.778
S201400074,2014,0,M,0,Asian,CA,INST_02,State University B (Research),research,3.52,41,1996,Public Health,Health,12219,1.797,1,0,0,2.96,32,1,0,,0,-1.203
S201400075,2014,1,M,0,White,NJ,INST_02,State University B (Research),research,2.93,65,1996,Nursing,Health,3133,0.461,1,0,0,2.69,28,1,0,,0,-2.539
S201400076,2014,0,M,0,White,MI,INST_02,State University B (Research),research,3.45,45,1996,Biomedical Engineering,STEM,15099,2.22,1,0,0,3.205,27,0,0,,0,-0.78
S201400077,2014,0,F,0,Hispanic,VA,INST_04,Regional College D (Teaching),teaching,2.85,56,1996,Finance,Business,6833,1.005,1,1,3854,3.105,30,1,1,3.06,0,-1.995
S201400078,2014,0,F,0,Asian,IL,INST_03,Regional College C (Teaching),teaching,3.21,74,1996,Biology,STEM,22962,3.377,0,1,4134,3.2249999999999996,27,1,1,3.48,1,0.377
S201400079,2014,1,F,1,White,NJ,INST_02,State University B (Research),research,4.0,53,1996,Economics,Social Sciences,13741,2.021,1,1,6539,3.215,31,1,0,,0,-0.979
S201400080,2014,0,F,0,Hispanic,TX,INST_01,State University A (Research),research,3.88,26,1996,Nursing,Health,21758,3.2,0,0,0,3.375,28,1,0,,1,0.2
S201400081,2014,1,M,0,Black,TX,INST_01,State University A (Research),research,2.98,22,1996,Computer Science,STEM,94,0.1,1,1,10179,3.74,28,1,0,,0,-2.9
S201400082,2014,0,M,0,White,CA,INST_02,State University B (Research),research,2.85,49,1996,Anthropology,Social Sciences,16474,2.423,1,1,3393,3.105,30,1,1,3.98,0,-0.577
S201400083,2014,0,F,0,White,NY,INST_02,State University B (Research),research,2.75,53,1996,Public Health,Health,15901,2.338,1,0,0,3.165,31,1,1,3.22,0,-0.662
S201400084,2014,1,F,1,Asian,NC,INST_04,Regional College D (Teaching),teaching,3.65,47,1996,Biology,STEM,0,0.1,1,1,5082,3.81,28,1,0,,0,-2.9
S201400085,2014,0,F,0,White,MI,INST_04,Regional College D (Teaching),teaching,2.73,68,1996,Biomedical Engineering,STEM,0,0.1,1,1,5342,2.835,30,0,0,,0,-2.9
S201400086,2014,0,F,0,Hispanic,NC,INST_01,State University A (Research),research,3.01,48,1996,Physics,STEM,17343,2.55,1,0,0,1.72,29,1,0,,0,-0.45
S201400087,2014,0,F,0,Unknown,IL,INST_04,Regional College D (Teaching),teaching,2.88,81,1996,Sociology,Social Sciences,2590,0.381,1,1,4323,3.745,25,0,0,,0,-2.619
S201400088,2014,1,F,1,White,NC,INST_02,State University B (Research),research,2.92,40,1996,Civil Engineering,STEM,3128,0.46,1,0,0,3.065,32,1,0,,0,-2.54
S201400089,2014,0,M,0,Black,TX,INST_01,State University A (Research),research,2.81,62,1996,Marketing,Business,4934,0.726,1,1,6722,3.925,36,0,0,,0,-2.274
S201400090,2014,0,M,0,Hispanic,NC,INST_03,Regional College C (Teaching),teaching,2.29,38,1996,Marketing,Business,12915,1.899,1,1,3115,3.145,31,1,1,3.1,0,-1.101
S201400091,2014,0,F,0,Hispanic,FL,INST_05,Urban University E (Research),research,3.27,61,1996,Civil Engineering,STEM,3078,0.453,1,1,2760,3.68,28,1,0,,0,-2.547
S201400092,2014,1,F,0,White,OH,INST_05,Urban University E (Research),research,2.87,30,1996,Accounting,Business,5842,0.859,1,1,4225,3.1550000000000002,30,0,0,,0,-2.141
S201400093,2014,1,F,0,Asian,PA,INST_03,Regional College C (Teaching),teaching,2.47,46,1996,Civil Engineering,STEM,6492,0.955,1,0,0,3.355,27,1,1,3.64,0,-2.045
S201400094,2014,0,M,0,White,NY,INST_03,Regional College C (Teaching),teaching,4.0,19,1996,Political Science,Social Sciences,15415,2.267,1,0,0,3.21,28,1,1,3.3,0,-0.733
S201400095,2014,0,M,0,Black,NC,INST_02,State University B (Research),research,2.57,95,1996,Mechanical Engineering,STEM,21709,3.192,0,1,3815,2.49,31,0,0,,1,0.192
S201400096,2014,0,M,0,White,VA,INST_02,State University B (Research),research,4.0,54,1996,Management,Business,22360,3.288,0,1,7342,3.7649999999999997,33,1,0,,1,0.288
S201400097,2014,0,F,0,White,NY,INST_05,Urban University E (Research),research,3.8,60,1996,Pre-Med,Health,19297,2.838,1,1,5580,2.955,32,0,0,,0,-0.162
S201400098,2014,1,M,0,Black,CA,INST_05,Urban University E (Research),research,3.33,81,1996,Physics,STEM,4784,0.704,1,1,6445,3.2199999999999998,27,1,1,3.21,0,-2.296
S201400099,2014,1,M,0,White,GA,INST_05,Urban University E (Research),research,3.14,67,1996,Marketing,Business,10993,1.617,1,0,0,2.975,31,0,0,,0,-1.383
S201400100,2014,1,F,0,Hispanic,OH,INST_03,Regional College C (Teaching),teaching,2.9,81,1996,Mathematics,STEM,9164,1.348,1,1,4604,3.57,28,1,0,,0,-1.652
S201400101,2014,1,F,1,White,FL,INST_04,Regional College D (Teaching),teaching,1.92,71,1996,Sociology,Social Sciences,0,0.1,1,0,0,3.77,31,0,0,,0,-2.9
S201400102,2014,1,M,0,Hispanic,VA,INST_01,State University A (Research),research,3.57,49,1996,Sociology,Social Sciences,13425,1.974,1,0,0,3.525,28,0,0,,0,-1.026
S201400103,2014,0,F,0,White,PA,INST_05,Urban University E (Research),research,3.2,61,1996,Mathematics,STEM,19104,2.809,1,1,6229,3.4299999999999997,30,1,0,,0,-0.191
S201400104,2014,0,M,0,White,CA,INST_03,Regional College C (Teaching),teaching,3.35,82,1996,Nursing,Health,16335,2.402,1,1,6034,3.935,34,1,0,,0,-0.598
S201400105,2014,1,F,0,Asian,PA,INST_02,State University B (Research),research,3.58,34,1996,Psychology,Social Sciences,15948,2.345,1,0,0,3.715,29,1,1,3.44,0,-0.655
S201400106,2014,1,F,1,White,NC,INST_05,Urban University E (Research),research,2.61,39,1996,Mathematics,STEM,2548,0.375,1,1,4241,3.25,31,1,1,3.03,0,-2.625
S201400107,2014,0,F,0,White,NC,INST_03,Regional College C (Teaching),teaching,3.79,72,1996,Spanish,Humanities,16484,2.424,1,0,0,3.415,28,0,0,,0,-0.576
S201400108,2014,1,M,0,Black,NJ,INST_01,State University A (Research),research,3.46,53,1996,Biology,STEM,9317,1.37,1,1,6855,3.135,28,1,1,3.38,0,-1.63
S201400109,2014,0,F,0,White,NY,INST_01,State University A (Research),research,3.96,93,1996,Chemistry,STEM,14048,2.066,1,0,0,3.91,31,0,0,,0,-0.934
S201400110,2014,0,M,0,White,IL,INST_05,Urban University E (Research),research,3.08,37,1996,Marketing,Business,6240,0.918,1,1,5590,2.895,30,1,0,,0,-2.082
S201400111,2014,1,M,1,White,IL,INST_01,State University A (Research),research,4.0,68,1996,Chemistry,STEM,10144,1.492,1,0,0,3.875,28,1,0,,0,-1.508
S201400112,2014,0,M,0,White,GA,INST_02,State University B (Research),research,3.23,61,1996,Marketing,Business,3028,0.445,1,1,7600,3.9000000000000004,34,1,0,,0,-2.555
S201400113,2014,0,M,0,White,PA,INST_01,State University A (Research),research,3.25,48,1996,Mechanical Engineering,STEM,0,0.1,1,1,5771,3.37,31,1,1,3.75,0,-2.9
S201400114,2014,1,M,0,White,VA,INST_04,Regional College D (Teaching),teaching,2.69,60,1996,Mechanical Engineering,STEM,16248,2.389,1,1,7007,3.14,32,0,0,,0,-0.611
S201400115,2014,1,M,0,Hispanic,PA,INST_01,State University A (Research),research,3.01,54,1996,Economics,Social Sciences,1865,0.274,1,1,5658,3.245,25,1,0,,0,-2.726
S201400116,2014,0,F,0,Black,FL,INST_02,State University B (Research),research,2.83,58,1996,Civil Engineering,STEM,14343,2.109,1,1,5542,2.92,31,0,0,,0,-0.891
S201400117,2014,0,F,0,Black,IL,INST_04,Regional College D (Teaching),teaching,2.78,29,1996,Philosophy,Humanities,7584,1.115,1,1,7483,2.935,33,0,0,,0,-1.885
S201400118,2014,0,F,1,Asian,GA,INST_04,Regional College D (Teaching),teaching,3.09,53,1996,Spanish,Humanities,9906,1.457,1,1,7015,2.92,27,1,0,,0,-1.543
S201400119,2014,0,M,0,White,NJ,INST_04,Regional College D (Teaching),teaching,2.4,45,1996,Mathematics,STEM,12233,1.799,1,1,6176,3.115,28,0,0,,0,-1.201
S201400120,2014,0,F,0,White,TX,INST_02,State University B (Research),research,3.27,62,1996,History,Humanities,6714,0.987,1,0,0,3.4,30,0,0,,0,-2.013
S201400121,2014,1,M,0,Hispanic,OH,INST_01,State University A (Research),research,2.99,41,1996,Mathematics,STEM,5286,0.777,1,0,0,2.385,31,1,0,,0,-2.223
S201400122,2014,0,F,0,White,IL,INST_02,State University B (Research),research,3.09,52,1996,Biomedical Engineering,STEM,16066,2.363,1,0,0,2.99,31,1,0,,0,-0.637
S201400123,2014,0,NB,0,Black,NY,INST_04,Regional College D (Teaching),teaching,2.68,62,1996,Computer Science,STEM,14681,2.159,1,0,0,3.4299999999999997,34,0,0,,0,-0.841
S201400124,2014,0,M,1,Asian,GA,INST_03,Regional College C (Teaching),teaching,3.71,36,1996,Undeclared,Other,9632,1.416,1,1,5556,3.54,31,0,0,,0,-1.584
S201400125,2014,0,F,0,Multi,NY,INST_01,State University A (Research),research,2.73,53,1996,Pre-Med,Health,15681,2.306,1,1,6591,2.73,33,0,0,,0,-0.694
S201400126,2014,0,M,0,White,CA,INST_04,Regional College D (Teaching),teaching,3.66,49,1996,Accounting,Business,7256,1.067,1,0,0,3.08,28,0,0,,0,-1.933
S201400127,2014,0,F,0,White,OH,INST_04,Regional College D (Teaching),teaching,3.01,53,1996,Communications,Other,4434,0.652,1,1,8379,3.1,31,1,0,,0,-2.348
S201400128,2014,1,F,1,White,FL,INST_03,Regional College C (Teaching),teaching,3.51,56,1996,Management,Business,8706,1.28,1,0,0,3.33,25,0,0,,0,-1.72
S201400129,2014,1,M,0,White,IL,INST_01,State University A (Research),research,3.4,54,1996,Biology,STEM,10680,1.571,1,0,0,3.285,26,1,1,3.4,0,-1.429
S201400130,2014,0,F,1,AIAN,GA,INST_05,Urban University E (Research),research,3.18,48,1996,Computer Science,STEM,24140,3.55,0,0,0,2.4699999999999998,28,0,0,,1,0.55
S201400131,2014,0,M,0,Hispanic,CA,INST_04,Regional College D (Teaching),teaching,3.55,67,1996,Electrical Engineering,STEM,20474,3.011,0,0,0,3.475,31,1,0,,1,0.011
S201400132,2014,0,M,1,Black,MI,INST_02,State University B (Research),research,3.9,52,1996,Nursing,Health,2510,0.369,1,0,0,3.045,31,1,1,3.32,0,-2.631
S201400133,2014,1,M,1,Hispanic,FL,INST_04,Regional College D (Teaching),teaching,3.11,53,1996,Education,Other,11085,1.63,1,0,0,3.325,30,1,0,,0,-1.37
S201400134,2014,1,M,0,White,NJ,INST_05,Urban University E (Research),research,2.6,65,1996,Civil Engineering,STEM,8342,1.227,1,0,0,3.715,29,0,0,,0,-1.773
S201400135,2014,1,M,0,Asian,GA,INST_02,State University B (Research),research,3.3,64,1996,Art History,Humanities,8024,1.18,1,1,5840,3.585,27,1,1,3.78,0,-1.82
S201400136,2014,0,M,0,White,MI,INST_03,Regional College C (Teaching),teaching,2.13,24,1996,General Studies,Other,12068,1.775,1,1,5271,3.3200000000000003,27,1,0,,0,-1.225
S201400137,2014,1,F,0,AIAN,MI,INST_03,Regional College C (Teaching),teaching,4.0,55,1996,Mathematics,STEM,9589,1.41,1,1,5002,3.935,30,0,0,,0,-1.59
S201400138,2014,1,M,0,AIAN,OH,INST_03,Regional College C (Teaching),teaching,3.53,66,1996,History,Humanities,1772,0.261,1,0,0,3.41,29,1,0,,0,-2.739
S201400139,2014,0,F,1,White,GA,INST_04,Regional College D (Teaching),teaching,2.99,58,1995,Accounting,Business,4617,0.679,1,1,8187,3.94,31,0,0,,0,-2.321
S201400140,2014,1,F,0,Asian,MI,INST_02,State University B (Research),research,3.63,45,1996,Public Health,Health,11174,1.643,1,1,3533,3.055,25,1,1,3.29,0,-1.357
S201400141,2014,1,M,1,White,OH,INST_02,State University B (Research),research,3.07,17,1996,Computer Science,STEM,7286,1.071,1,1,5753,3.9,27,1,0,,0,-1.929
S201400142,2014,0,F,0,White,MI,INST_03,Regional College C (Teaching),teaching,3.4,52,1996,Biology,STEM,15882,2.336,1,1,7227,3.765,32,1,1,3.93,0,-0.664
S201400143,2014,0,M,1,Hispanic,MI,INST_04,Regional College D (Teaching),teaching,2.17,49,1996,Accounting,Business,0,0.1,1,0,0,2.665,31,0,0,,0,-2.9
S201400144,2014,0,M,0,Hispanic,NJ,INST_05,Urban University E (Research),research,4.0,59,1996,Kinesiology,Health,11031,1.622,1,0,0,2.465,32,0,0,,0,-1.378
S201400145,2014,1,F,0,White,OH,INST_03,Regional College C (Teaching),teaching,3.43,39,1996,Chemistry,STEM,6770,0.996,1,1,5780,2.82,30,0,0,,0,-2.004
S201400146,2014,0,M,0,White,NC,INST_03,Regional College C (Teaching),teaching,3.59,55,1996,Sociology,Social Sciences,5720,0.841,1,1,7494,3.4699999999999998,28,1,0,,0,-2.159
S201400147,2014,0,F,0,White,PA,INST_02,State University B (Research),research,3.82,26,1996,Marketing,Business,6844,1.006,1,1,6206,3.08,30,1,1,3.41,0,-1.994
S201400148,2014,1,F,0,Hispanic,OH,INST_03,Regional College C (Teaching),teaching,3.62,54,1996,Pre-Med,Health,4964,0.73,1,0,0,3.44,30,0,0,,0,-2.27
S201400149,2014,0,F,0,White,OH,INST_04,Regional College D (Teaching),teaching,2.94,81,1996,Management,Business,16704,2.456,1,1,7667,2.71,30,0,0,,0,-0.544
S201400150,2014,0,M,0,Black,MI,INST_02,State University B (Research),research,3.57,42,1996,Computer Science,STEM,15413,2.267,1,0,0,4.0,34,1,1,4.0,0,-0.733
S201400151,2014,0,M,0,White,NY,INST_05,Urban University E (Research),research,2.94,56,1996,Pre-Med,Health,17434,2.564,1,0,0,3.075,32,1,0,,0,-0.436
S201400152,2014,1,F,0,White,CA,INST_01,State University A (Research),research,3.38,54,1996,Management,Business,638,0.1,1,1,3726,3.64,30,0,0,,0,-2.9
S201400153,2014,0,F,1,White,GA,INST_05,Urban University E (Research),research,2.62,50,1996,Biomedical Engineering,STEM,0,0.1,1,1,3971,3.8449999999999998,25,1,0,,0,-2.9
S201400154,2014,0,F,1,Multi,CA,INST_02,State University B (Research),research,3.17,88,1996,Public Health,Health,17601,2.588,1,0,0,2.6500000000000004,28,1,1,3.09,0,-0.412
S201400155,2014,0,F,0,White,GA,INST_03,Regional College C (Teaching),teaching,3.33,57,1996,Mathematics,STEM,12663,1.862,1,1,2865,3.63,28,1,0,,0,-1.138
S201400156,2014,1,F,0,White,NC,INST_01,State University A (Research),research,2.94,49,1996,History,Humanities,9102,1.339,1,1,8766,3.41,31,1,1,3.53,0,-1.661
S201400157,2014,0,F,0,White,CA,INST_05,Urban University E (Research),research,3.41,66,1996,Political Science,Social Sciences,0,0.1,1,1,5991,3.5549999999999997,25,0,0,,0,-2.9
S201400158,2014,0,M,0,Hispanic,VA,INST_04,Regional College D (Teaching),teaching,2.89,54,1996,Physics,STEM,13005,1.912,1,1,7011,3.23,31,0,0,,0,-1.088
S201400159,2014,0,M,0,White,FL,INST_03,Regional College C (Teaching),teaching,2.38,45,1996,Accounting,Business,13290,1.954,1,0,0,3.2,30,1,1,3.48,0,-1.046
S201400160,2014,0,F,0,White,TX,INST_03,Regional College C (Teaching),teaching,2.76,77,1996,Sociology,Social Sciences,24163,3.553,0,0,0,3.74,31,0,0,,1,0.553
S201400161,2014,1,F,0,White,PA,INST_03,Regional College C (Teaching),teaching,3.62,42,1995,Psychology,Social Sciences,2076,0.305,1,1,4758,3.765,27,0,0,,0,-2.695
S201400162,2014,1,F,0,White,CA,INST_05,Urban University E (Research),research,3.17,55,1996,General Studies,Other,15588,2.292,1,1,3914,3.41,29,0,0,,0,-0.708
S201400163,2014,1,F,0,White,OH,INST_04,Regional College D (Teaching),teaching,3.24,32,1996,Physics,STEM,0,0.1,1,0,0,3.62,31,0,0,,0,-2.9
S201400164,2014,0,F,0,Black,NC,INST_01,State University A (Research),research,3.39,40,1996,Finance,Business,17866,2.627,1,1,3657,3.71,31,1,0,,0,-0.373
S201400165,2014,1,F,0,White,FL,INST_01,State University A (Research),research,3.91,79,1996,Economics-Bus,Business,11401,1.677,1,0,0,3.9299999999999997,31,1,1,4.0,0,-1.323
S201400166,2014,1,M,0,White,VA,INST_02,State University B (Research),research,3.5,30,1996,Communications,Other,9464,1.392,1,1,6433,3.3449999999999998,31,1,1,3.1,0,-1.608
S201400167,2014,1,M,0,Hispanic,PA,INST_03,Regional College C (Teaching),teaching,3.38,55,1996,Mathematics,STEM,4146,0.61,1,0,0,2.915,25,0,0,,0,-2.39
S201400168,2014,0,F,0,White,TX,INST_01,State University A (Research),research,2.68,55,1996,Physics,STEM,17440,2.565,1,0,0,3.125,29,1,0,,0,-0.435
S201400169,2014,1,F,0,Black,TX,INST_02,State University B (Research),research,3.28,61,1996,Mathematics,STEM,12179,1.791,1,1,6758,3.2,34,1,0,,0,-1.209
S201400170,2014,1,F,1,Black,FL,INST_01,State University A (Research),research,3.28,64,1996,General Studies,Other,12407,1.825,1,1,5653,3.725,29,1,0,,0,-1.175
S201400171,2014,0,M,0,Black,NY,INST_04,Regional College D (Teaching),teaching,2.75,72,1996,Political Science,Social Sciences,7532,1.108,1,0,0,3.075,31,1,0,,0,-1.892
S201400172,2014,0,F,0,White,NY,INST_02,State University B (Research),research,2.46,66,1996,Mathematics,STEM,9680,1.424,1,1,5490,3.7800000000000002,30,0,0,,0,-1.576
S201400173,2014,0,F,1,White,TX,INST_03,Regional College C (Teaching),teaching,2.78,75,1996,Biomedical Engineering,STEM,6368,0.936,1,0,0,3.33,31,1,1,3.53,0,-2.064
S201400174,2014,0,M,0,Hispanic,PA,INST_04,Regional College D (Teaching),teaching,3.2,41,1996,Psychology,Social Sciences,12262,1.803,1,0,0,3.375,31,1,0,,0,-1.197
S201400175,2014,0,M,0,White,NC,INST_04,Regional College D (Teaching),teaching,3.77,18,1996,Economics-Bus,Business,7154,1.052,1,1,5884,3.1100000000000003,28,1,1,2.91,0,-1.948
S201400176,2014,0,M,0,Hispanic,OH,INST_04,Regional College D (Teaching),teaching,2.76,47,1996,Civil Engineering,STEM,0,0.1,1,1,3488,3.64,28,1,0,,0,-2.9
S201400177,2014,1,F,0,Black,IL,INST_01,State University A (Research),research,3.78,35,1996,Psychology,Social Sciences,9624,1.415,1,0,0,3.5650000000000004,31,1,1,3.55,0,-1.585
S201400178,2014,0,F,0,White,FL,INST_05,Urban University E (Research),research,3.85,34,1996,History,Humanities,13059,1.92,1,0,0,3.38,31,0,0,,0,-1.08
S201400179,2014,0,M,0,White,VA,INST_02,State University B (Research),research,3.52,78,1996,Finance,Business,10017,1.473,1,1,5307,3.4450000000000003,27,0,0,,0,-1.527
S201400180,2014,1,M,0,Black,IL,INST_01,State University A (Research),research,3.52,51,1996,Communications,Other,0,0.1,1,1,6885,3.76,34,0,0,,0,-2.9
S201400181,2014,1,F,0,White,TX,INST_02,State University B (Research),research,2.98,46,1996,Chemistry,STEM,16041,2.359,1,0,0,2.99,28,1,1,3.44,0,-0.641
S201400182,2014,0,M,0,White,PA,INST_05,Urban University E (Research),research,2.56,28,1996,Psychology,Social Sciences,19822,2.915,1,1,6364,3.435,31,0,0,,0,-0.085
S201400183,2014,0,F,0,White,NJ,INST_03,Regional College C (Teaching),teaching,3.27,56,1996,Chemistry,STEM,9027,1.328,1,0,0,3.48,30,1,1,3.35,0,-1.672
S201400184,2014,1,F,0,Hispanic,NC,INST_04,Regional College D (Teaching),teaching,2.66,37,1996,Nursing,Health,12916,1.899,1,0,0,3.335,32,1,0,,0,-1.101
S201400185,2014,0,F,0,Hispanic,FL,INST_02,State University B (Research),research,2.97,71,1996,Biology,STEM,20023,2.945,1,1,3789,3.545,28,1,1,3.84,0,-0.055
S201400186,2014,1,F,0,Black,FL,INST_05,Urban University E (Research),research,3.34,57,1996,Psychology,Social Sciences,7696,1.132,1,0,0,3.4299999999999997,31,0,0,,0,-1.868
S201400187,2014,0,M,1,Black,GA,INST_05,Urban University E (Research),research,3.88,66,1996,General Studies,Other,17526,2.577,1,0,0,3.83,29,1,1,4.0,0,-0.423
S201400188,2014,1,F,0,Black,GA,INST_01,State University A (Research),research,3.22,57,1996,Political Science,Social Sciences,2756,0.405,1,1,5994,3.645,32,0,0,,0,-2.595
S201400189,2014,0,M,1,Hispanic,FL,INST_05,Urban University E (Research),research,3.67,33,1996,Statistics,STEM,14988,2.204,1,1,4590,3.965,27,0,0,,0,-0.796
S201400190,2014,0,F,1,Black,NC,INST_01,State University A (Research),research,3.0,35,1996,Electrical Engineering,STEM,4272,0.628,1,1,4470,3.33,30,1,1,3.44,0,-2.372
S201400191,2014,1,M,0,Black,VA,INST_02,State University B (Research),research,3.05,74,1996,Political Science,Social Sciences,0,0.1,1,1,7806,3.96,30,1,1,4.0,0,-2.9
S201400192,2014,0,F,0,Asian,GA,INST_03,Regional College C (Teaching),teaching,3.55,63,1996,Computer Science,STEM,10930,1.607,1,0,0,3.025,28,1,0,,0,-1.393
S201400193,2014,1,M,1,Black,PA,INST_03,Regional College C (Teaching),teaching,2.5,38,1996,Management,Business,16501,2.427,1,1,5789,3.12,28,1,1,3.18,0,-0.573
S201400194,2014,0,F,0,Black,NC,INST_02,State University B (Research),research,3.22,46,1996,Undeclared,Other,6814,1.002,1,1,8266,4.0,31,0,0,,0,-1.998
S201400195,2014,1,M,0,Hispanic,MI,INST_01,State University A (Research),research,4.0,54,1996,Communications,Other,10408,1.531,1,1,4061,3.435,30,0,0,,0,-1.469
S201400196,2014,0,F,0,Black,NY,INST_02,State University B (Research),research,2.95,50,1996,Anthropology,Social Sciences,15888,2.336,1,0,0,3.555,28,1,1,3.2,0,-0.664
S201400197,2014,1,F,0,Hispanic,NY,INST_02,State University B (Research),research,3.61,65,1996,Marketing,Business,0,0.1,1,1,5995,3.8049999999999997,30,1,1,3.83,0,-2.9
S201400198,2014,0,F,1,Asian,IL,INST_03,Regional College C (Teaching),teaching,2.7,37,1996,Electrical Engineering,STEM,17480,2.571,1,1,5706,2.84,31,1,1,3.71,0,-0.429
S201400199,2014,0,M,0,Black,GA,INST_02,State University B (Research),research,2.39,48,1996,General Studies,Other,16368,2.407,1,1,3474,3.0250000000000004,32,0,0,,0,-0.593
S201400200,2014,0,M,0,White,GA,INST_03,Regional College C (Teaching),teaching,2.7,44,1996,Management,Business,0,0.1,1,1,4315,3.585,34,1,1,3.68,0,-2.9
S201400201,2014,0,M,1,White,VA,INST_05,Urban University E (Research),research,3.12,39,1996,Communications,Other,17167,2.525,1,0,0,2.395,36,0,0,,0,-0.475
S201400202,2014,0,F,0,White,NJ,INST_04,Regional College D (Teaching),teaching,3.46,58,1996,Marketing,Business,18105,2.662,1,0,0,2.6799999999999997,27,0,0,,0,-0.338
S201400203,2014,0,M,1,Multi,GA,INST_02,State University B (Research),research,3.25,50,1996,Economics,Social Sciences,21676,3.188,0,1,5056,3.1500000000000004,27,1,1,3.67,1,0.188
S201400204,2014,0,M,0,AIAN,IL,INST_01,State University A (Research),research,3.43,81,1995,Accounting,Business,14557,2.141,1,1,6616,3.115,31,0,0,,0,-0.859
S201400205,2014,1,F,0,White,PA,INST_03,Regional College C (Teaching),teaching,2.97,47,1996,Accounting,Business,13371,1.966,1,1,6931,3.7199999999999998,28,0,0,,0,-1.034
S201400206,2014,0,F,0,Asian,NJ,INST_01,State University A (Research),research,2.97,47,1996,Biomedical Engineering,STEM,22157,3.258,0,0,0,3.2800000000000002,30,1,1,3.29,1,0.258
S201400207,2014,0,F,0,Black,PA,INST_02,State University B (Research),research,3.32,80,1996,Management,Business,11464,1.686,1,1,5350,2.7750000000000004,26,1,1,2.97,0,-1.314
S201400208,2014,0,M,0,White,FL,INST_01,State University A (Research),research,3.64,27,1996,Anthropology,Social Sciences,18543,2.727,1,0,0,2.54,29,1,0,,0,-0.273
S201400209,2014,0,F,0,White,VA,INST_02,State University B (Research),research,2.96,46,1996,Finance,Business,12955,1.905,1,0,0,3.6950000000000003,32,0,0,,0,-1.095
S201400210,2014,1,F,0,Multi,NY,INST_04,Regional College D (Teaching),teaching,4.0,27,1996,Mathematics,STEM,4518,0.664,1,1,5591,3.01,33,1,0,,0,-2.336
S201400211,2014,0,M,0,White,CA,INST_03,Regional College C (Teaching),teaching,3.5,49,1996,Communications,Other,18825,2.768,1,1,3072,2.6500000000000004,30,1,0,,0,-0.232
S201400212,2014,0,M,1,White,MI,INST_01,State University A (Research),research,3.13,38,1996,Public Health,Health,9492,1.396,1,1,6148,3.455,27,1,1,3.29,0,-1.604
S201400213,2014,0,F,0,White,IL,INST_03,Regional College C (Teaching),teaching,2.91,50,1996,Public Health,Health,7792,1.146,1,0,0,3.275,31,0,0,,0,-1.854
S201400214,2014,1,F,0,Hispanic,MI,INST_02,State University B (Research),research,2.19,51,1996,Finance,Business,3276,0.482,1,0,0,3.415,28,1,0,,0,-2.518
S201400215,2014,0,F,0,White,NY,INST_02,State University B (Research),research,3.14,82,1995,Undeclared,Other,14406,2.119,1,1,4601,3.91,34,0,0,,0,-0.881
S201400216,2014,1,M,0,Hispanic,VA,INST_05,Urban University E (Research),research,2.88,89,1996,Public Health,Health,1245,0.183,1,1,2977,3.3200000000000003,25,1,1,2.97,0,-2.817
S201400217,2014,0,M,0,Hispanic,NJ,INST_03,Regional College C (Teaching),teaching,3.56,75,1996,Chemistry,STEM,6049,0.89,1,1,6340,3.7649999999999997,27,0,0,,0,-2.11
S201400218,2014,1,F,0,Asian,TX,INST_01,State University A (Research),research,3.15,56,1996,Physics,STEM,13330,1.96,1,1,6999,3.2,28,1,0,,0,-1.04
S201400219,2014,0,F,1,Black,IL,INST_02,State University B (Research),research,3.14,87,1996,Pre-Med,Health,13716,2.017,1,0,0,3.67,31,1,0,,0,-0.983
S201400220,2014,1,F,0,White,NJ,INST_01,State University A (Research),research,4.0,69,1996,Chemistry,STEM,668,0.1,1,1,6783,3.4299999999999997,30,0,0,,0,-2.9
S201400221,2014,0,M,0,White,NY,INST_03,Regional College C (Teaching),teaching,3.28,46,1996,History,Humanities,9377,1.379,1,1,5779,2.96,30,1,1,3.03,0,-1.621
S201400222,2014,1,F,0,White,PA,INST_03,Regional College C (Teaching),teaching,3.07,78,1996,General Studies,Other,8670,1.275,1,1,4207,3.255,28,1,1,3.61,0,-1.725
S201400223,2014,0,F,0,Black,MI,INST_05,Urban University E (Research),research,1.95,46,1996,Marketing,Business,8730,1.284,1,0,0,2.615,33,0,0,,0,-1.716
S201400224,2014,1,M,0,Multi,CA,INST_02,State University B (Research),research,3.48,39,1996,Accounting,Business,660,0.1,1,1,4245,3.42,29,0,0,,0,-2.9
S201400225,2014,1,F,1,Asian,NJ,INST_02,State University B (Research),research,3.36,52,1996,Civil Engineering,STEM,4990,0.734,1,0,0,2.435,28,0,0,,0,-2.266
S201400226,2014,1,F,0,Hispanic,VA,INST_04,Regional College D (Teaching),teaching,4.0,56,1996,Psychology,Social Sciences,0,0.1,1,1,7780,3.01,28,0,0,,0,-2.9
S201400227,2014,0,F,0,Multi,OH,INST_04,Regional College D (Teaching),teaching,4.0,34,1996,Psychology,Social Sciences,15819,2.326,1,1,5838,3.36,30,1,1,3.13,0,-0.674
S201400228,2014,1,F,0,White,NJ,INST_04,Regional College D (Teaching),teaching,2.22,54,1996,Public Health,Health,8311,1.222,1,0,0,3.965,25,1,0,,0,-1.778
S201400229,2014,1,F,0,White,NY,INST_05,Urban University E (Research),research,3.04,21,1996,Physics,STEM,4551,0.669,1,1,4657,2.915,34,1,0,,0,-2.331
S201400230,2014,0,M,0,White,NY,INST_03,Regional College C (Teaching),teaching,3.64,45,1996,Computer Science,STEM,26701,3.927,0,0,0,3.83,26,0,0,,1,0.927
S201400231,2014,1,M,0,Black,NJ,INST_01,State University A (Research),research,2.09,69,1996,Electrical Engineering,STEM,8219,1.209,1,1,4066,3.665,30,1,0,,0,-1.791
S201400232,2014,0,M,0,Hispanic,IL,INST_04,Regional College D (Teaching),teaching,3.29,83,1996,Kinesiology,Health,15608,2.295,1,1,4397,3.83,30,0,0,,0,-0.705
S201400233,2014,1,M,1,White,TX,INST_02,State University B (Research),research,3.01,72,1996,History,Humanities,0,0.1,1,0,0,2.66,31,0,0,,0,-2.9
S201400234,2014,0,F,0,Black,IL,INST_04,Regional College D (Teaching),teaching,2.89,69,1996,Statistics,STEM,10839,1.594,1,1,5431,2.925,27,1,0,,0,-1.406
S201400235,2014,0,M,0,White,VA,INST_02,State University B (Research),research,3.2,64,1996,Biology,STEM,13220,1.944,1,1,2076,3.895,31,0,0,,0,-1.056
S201400236,2014,0,M,1,Hispanic,NC,INST_05,Urban University E (Research),research,2.8,62,1996,Education,Other,15443,2.271,1,0,0,2.9699999999999998,27,1,1,3.16,0,-0.729
S201400237,2014,0,F,0,White,OH,INST_02,State University B (Research),research,2.73,36,1996,Sociology,Social Sciences,11261,1.656,1,1,7296,2.925,29,1,1,3.04,0,-1.344
S201400238,2014,0,M,0,Black,CA,INST_04,Regional College D (Teaching),teaching,2.87,85,1996,Pre-Med,Health,21536,3.167,0,0,0,3.225,29,0,0,,1,0.167
S201400239,2014,0,M,0,Asian,VA,INST_02,State University B (Research),research,4.0,57,1996,Chemistry,STEM,13683,2.012,1,0,0,3.825,32,0,0,,0,-0.988
S201400240,2014,1,F,0,Black,VA,INST_03,Regional College C (Teaching),teaching,2.9,64,1996,Pre-Med,Health,15250,2.243,1,1,5710,3.495,30,0,0,,0,-0.757
S201400241,2014,0,M,1,Black,GA,INST_03,Regional College C (Teaching),teaching,3.34,30,1996,Electrical Engineering,STEM,14131,2.078,1,1,5176,3.74,31,1,0,,0,-0.922
S201400242,2014,0,M,1,White,PA,INST_05,Urban University E (Research),research,3.95,58,1996,Kinesiology,Health,7813,1.149,1,1,7407,3.545,32,1,0,,0,-1.851
S201400243,2014,0,F,0,White,GA,INST_03,Regional College C (Teaching),teaching,2.2,52,1996,Pre-Med,Health,11019,1.62,1,1,5474,2.975,25,1,0,,0,-1.38
S201400244,2014,1,F,0,White,VA,INST_04,Regional College D (Teaching),teaching,2.37,68,1996,Mathematics,STEM,15484,2.277,1,0,0,2.8,28,0,0,,0,-0.723
S201400245,2014,0,M,0,White,OH,INST_04,Regional College D (Teaching),teaching,3.08,50,1996,Spanish,Humanities,17393,2.558,1,0,0,3.2750000000000004,31,1,0,,0,-0.442
S201400246,2014,0,F,0,Black,PA,INST_03,Regional College C (Teaching),teaching,3.72,60,1996,Mathematics,STEM,889,0.131,1,0,0,3.8600000000000003,32,1,0,,0,-2.869
S201400247,2014,0,M,0,White,VA,INST_03,Regional College C (Teaching),teaching,3.71,39,1996,Civil Engineering,STEM,2192,0.322,1,0,0,3.33,33,1,1,3.6,0,-2.678
S201400248,2014,0,F,1,Black,GA,INST_05,Urban University E (Research),research,2.97,84,1996,Political Science,Social Sciences,13121,1.93,1,1,5130,3.45,30,1,1,3.66,0,-1.07
S201400249,2014,0,M,1,White,NC,INST_01,State University A (Research),research,2.77,52,1996,Psychology,Social Sciences,22585,3.321,0,0,0,3.8,30,0,0,,1,0.321
S201400250,2014,1,M,1,White,MI,INST_01,State University A (Research),research,4.0,43,1996,Economics,Social Sciences,15672,2.305,1,1,4613,2.785,31,1,0,,0,-0.695
S201400251,2014,0,F,1,Multi,CA,INST_03,Regional College C (Teaching),teaching,3.07,63,1996,Mechanical Engineering,STEM,2671,0.393,1,1,8165,4.0,26,0,0,,0,-2.607
S201400252,2014,0,M,0,White,NC,INST_01,State University A (Research),research,2.84,49,1996,Finance,Business,9737,1.432,1,1,3745,3.5300000000000002,31,0,0,,0,-1.568
S201400253,2014,0,M,0,White,NY,INST_05,Urban University E (Research),research,2.7,98,1996,Economics-Bus,Business,21688,3.189,0,1,4639,3.46,33,0,0,,1,0.189
S201400254,2014,0,M,0,Hispanic,FL,INST_05,Urban University E (Research),research,3.12,56,1996,Marketing,Business,21492,3.161,0,0,0,2.735,32,1,1,2.6,1,0.161
S201400255,2014,1,M,0,White,OH,INST_04,Regional College D (Teaching),teaching,3.35,84,1996,Accounting,Business,16958,2.494,1,1,5312,3.765,31,1,0,,0,-0.506
S201400256,2014,1,M,0,White,CA,INST_02,State University B (Research),research,2.98,71,1996,Kinesiology,Health,8952,1.316,1,1,7962,3.875,32,0,0,,0,-1.684
S201400257,2014,1,F,0,Black,NC,INST_03,Regional College C (Teaching),teaching,2.99,59,1996,Chemistry,STEM,2972,0.437,1,1,7337,3.8600000000000003,29,0,0,,0,-2.563
S201400258,2014,1,F,0,White,NJ,INST_02,State University B (Research),research,3.24,57,1996,Anthropology,Social Sciences,1401,0.206,1,1,6342,3.37,31,1,1,3.52,0,-2.794
S201400259,2014,1,M,0,White,NC,INST_02,State University B (Research),research,2.74,52,1996,Philosophy,Humanities,11516,1.694,1,0,0,2.3200000000000003,27,1,1,2.81,0,-1.306
S201400260,2014,0,M,0,White,GA,INST_01,State University A (Research),research,3.44,99,1996,Economics-Bus,Business,8488,1.248,1,0,0,3.625,31,1,0,,0,-1.752
S201400261,2014,1,M,0,Asian,CA,INST_04,Regional College D (Teaching),teaching,3.6,45,1996,Civil Engineering,STEM,8999,1.323,1,1,3497,3.4749999999999996,31,1,0,,0,-1.677
S201400262,2014,0,M,0,White,IL,INST_05,Urban University E (Research),research,2.64,67,1996,English,Humanities,17924,2.636,1,1,4525,3.58,29,0,0,,0,-0.364
S201400263,2014,1,M,0,White,CA,INST_01,State University A (Research),research,3.02,50,1996,Psychology,Social Sciences,15706,2.31,1,1,4559,3.685,29,0,0,,0,-0.69
S201400264,2014,0,F,0,White,IL,INST_03,Regional College C (Teaching),teaching,3.15,65,1996,Sociology,Social Sciences,20308,2.986,1,1,5862,2.49,28,1,0,,0,-0.014
S201400265,2014,0,F,1,Black,CA,INST_05,Urban University E (Research),research,2.92,89,1996,Kinesiology,Health,5937,0.873,1,1,5651,3.105,30,1,1,3.2,0,-2.127
S201400266,2014,0,M,0,White,IL,INST_03,Regional College C (Teaching),teaching,2.93,63,1996,Psychology,Social Sciences,8267,1.216,1,1,5938,3.3899999999999997,27,1,1,4.0,0,-1.784
S201400267,2014,0,M,0,Black,GA,INST_03,Regional College C (Teaching),teaching,2.54,13,1996,Biomedical Engineering,STEM,24139,3.55,0,0,0,3.0650000000000004,28,1,0,,1,0.55
S201400268,2014,0,M,0,White,TX,INST_05,Urban University E (Research),research,4.0,52,1996,Marketing,Business,10519,1.547,1,1,8416,4.0,28,1,1,4.0,0,-1.453
S201400269,2014,0,M,0,Black,GA,INST_02,State University B (Research),research,3.3,54,1996,Nursing,Health,0,0.1,1,0,0,3.23,26,1,0,,0,-2.9
S201400270,2014,0,M,0,White,PA,INST_01,State University A (Research),research,3.5,44,1996,Chemistry,STEM,11472,1.687,1,1,5192,3.1550000000000002,33,1,1,3.17,0,-1.313
S201400271,2014,0,M,0,White,NJ,INST_05,Urban University E (Research),research,3.54,31,1996,Management,Business,11879,1.747,1,1,4605,3.115,29,0,0,,0,-1.253
S201400272,2014,0,F,0,Hispanic,NJ,INST_02,State University B (Research),research,2.9,74,1996,Physics,STEM,14205,2.089,1,1,5760,3.74,31,0,0,,0,-0.911
S201400273,2014,0,M,0,White,MI,INST_02,State University B (Research),research,3.75,25,1996,Electrical Engineering,STEM,16640,2.447,1,0,0,2.7,29,0,0,,0,-0.553
S201400274,2014,0,F,1,Asian,GA,INST_01,State University A (Research),research,3.83,43,1995,Mathematics,STEM,13687,2.013,1,1,5161,3.3099999999999996,33,1,0,,0,-0.987
S201400275,2014,1,F,0,Black,CA,INST_01,State University A (Research),research,3.78,54,1996,Mechanical Engineering,STEM,15831,2.328,1,1,7344,4.0,31,1,1,4.0,0,-0.672
S201400276,2014,1,M,0,Hispanic,NC,INST_02,State University B (Research),research,3.01,37,1996,Art History,Humanities,2527,0.372,1,1,5575,3.085,27,0,0,,0,-2.628
S201400277,2014,0,M,1,White,NC,INST_05,Urban University E (Research),research,2.8,47,1996,Management,Business,0,0.1,1,1,6907,3.4850000000000003,28,1,1,3.45,0,-2.9
S201400278,2014,0,F,1,White,IL,INST_03,Regional College C (Teaching),teaching,3.38,54,1996,Biomedical Engineering,STEM,8279,1.218,1,1,4715,3.045,30,1,1,3.75,0,-1.782
S201400279,2014,0,F,0,White,GA,INST_02,State University B (Research),research,3.41,71,1996,Anthropology,Social Sciences,26339,3.873,0,1,4541,2.8499999999999996,29,0,0,,1,0.873
S201400280,2014,1,F,0,Asian,PA,INST_02,State University B (Research),research,3.69,54,1996,Economics,Social Sciences,3886,0.571,1,1,4748,3.2750000000000004,32,1,0,,0,-2.429
S201400281,2014,1,F,1,Asian,IL,INST_02,State University B (Research),research,3.29,29,1996,Electrical Engineering,STEM,0,0.1,1,0,0,2.825,25,0,0,,0,-2.9
S201400282,2014,1,F,1,Black,NJ,INST_01,State University A (Research),research,3.34,44,1996,History,Humanities,5316,0.782,1,1,6164,4.0,28,0,0,,0,-2.218
S201400283,2014,0,F,0,Unknown,NY,INST_04,Regional College D (Teaching),teaching,3.5,34,1996,Marketing,Business,16418,2.414,1,1,4449,3.06,28,1,1,3.5,0,-0.586
S201400284,2014,0,F,0,Black,TX,INST_05,Urban University E (Research),research,2.56,47,1996,Communications,Other,16322,2.4,1,0,0,2.555,31,1,0,,0,-0.6
S201400285,2014,0,F,0,White,MI,INST_02,State University B (Research),research,3.3,19,1996,Political Science,Social Sciences,7273,1.07,1,1,5147,2.515,34,0,0,,0,-1.93
S201400286,2014,0,F,0,Hispanic,OH,INST_02,State University B (Research),research,3.64,99,1996,Accounting,Business,7553,1.111,1,1,6270,2.91,31,1,0,,0,-1.889
S201400287,2014,0,M,0,Multi,MI,INST_04,Regional College D (Teaching),teaching,3.61,40,1996,Physics,STEM,19911,2.928,1,1,6135,3.04,33,1,1,3.47,0,-0.072
S201400288,2014,1,M,0,Hispanic,PA,INST_01,State University A (Research),research,2.59,99,1996,Accounting,Business,4650,0.684,1,1,6755,3.6550000000000002,29,1,0,,0,-2.316
S201400289,2014,0,F,0,White,NJ,INST_02,State University B (Research),research,2.94,52,1996,Electrical Engineering,STEM,20613,3.031,0,0,0,3.3049999999999997,31,1,0,,1,0.031
S201400290,2014,0,F,0,Asian,NJ,INST_04,Regional College D (Teaching),teaching,3.54,52,1996,Biomedical Engineering,STEM,16455,2.42,1,0,0,3.955,31,1,1,3.99,0,-0.58
S201400291,2014,1,M,0,Black,IL,INST_05,Urban University E (Research),research,2.75,50,1996,Accounting,Business,10089,1.484,1,1,4382,3.51,31,1,0,,0,-1.516
S201400292,2014,1,M,1,Hispanic,VA,INST_05,Urban University E (Research),research,3.86,69,1996,Chemistry,STEM,0,0.1,1,1,5444,3.805,28,0,0,,0,-2.9
S201400293,2014,0,F,1,Hispanic,MI,INST_04,Regional College D (Teaching),teaching,3.72,82,1996,Accounting,Business,11593,1.705,1,1,3814,3.995,34,1,1,3.97,0,-1.295
S201400294,2014,0,F,0,Black,TX,INST_01,State University A (Research),research,2.79,22,1996,Political Science,Social Sciences,16582,2.439,1,1,3833,3.7800000000000002,27,1,0,,0,-0.561
S201400295,2014,0,F,1,White,IL,INST_03,Regional College C (Teaching),teaching,4.0,33,1996,Computer Science,STEM,971,0.143,1,1,7870,2.905,31,0,0,,0,-2.857
S201400296,2014,1,M,0,White,MI,INST_02,State University B (Research),research,3.22,33,1996,History,Humanities,0,0.1,1,0,0,3.4050000000000002,26,0,0,,0,-2.9
S201400297,2014,1,F,0,White,MI,INST_05,Urban University E (Research),research,2.78,90,1996,Philosophy,Humanities,0,0.1,1,0,0,3.0650000000000004,28,0,0,,0,-2.9
S201400298,2014,0,F,0,Hispanic,NY,INST_04,Regional College D (Teaching),teaching,3.19,59,1996,Communications,Other,21217,3.12,0,0,0,2.765,32,1,1,3.21,1,0.12
S201400299,2014,1,M,1,Hispanic,NC,INST_03,Regional College C (Teaching),teaching,2.86,33,1996,Statistics,STEM,0,0.1,1,1,3415,3.5949999999999998,28,0,0,,0,-2.9
S201400300,2014,0,F,1,White,IL,INST_04,Regional College D (Teaching),teaching,3.06,64,1996,Public Health,Health,17181,2.527,1,1,5014,3.46,29,1,0,,0,-0.473
S201400301,2014,1,F,0,Hispanic,TX,INST_04,Regional College D (Teaching),teaching,3.63,56,1996,Finance,Business,17228,2.534,1,1,4872,3.6900000000000004,30,1,0,,0,-0.466
S201400302,2014,0,F,0,White,TX,INST_04,Regional College D (Teaching),teaching,3.77,51,1996,Psychology,Social Sciences,13911,2.046,1,1,4894,3.0149999999999997,33,0,0,,0,-0.954
S201400303,2014,1,M,1,White,VA,INST_03,Regional College C (Teaching),teaching,3.34,69,1996,Public Health,Health,15678,2.306,1,1,6533,3.625,31,1,1,4.0,0,-0.694
S201400304,2014,0,F,0,Black,CA,INST_04,Regional College D (Teaching),teaching,2.7,22,1996,Physics,STEM,4906,0.721,1,0,0,2.2199999999999998,30,1,1,2.5,0,-2.279
S201400305,2014,0,F,0,Black,PA,INST_05,Urban University E (Research),research,2.84,30,1996,Economics-Bus,Business,1346,0.198,1,0,0,3.02,33,1,1,2.91,0,-2.802
S201400306,2014,0,F,0,White,NJ,INST_03,Regional College C (Teaching),teaching,3.05,67,1996,Statistics,STEM,12459,1.832,1,1,9747,3.355,34,0,0,,0,-1.168
S201400307,2014,1,M,0,White,NC,INST_02,State University B (Research),research,2.85,73,1996,Statistics,STEM,11244,1.654,1,1,3005,3.425,31,1,0,,0,-1.346
S201400308,2014,0,M,0,White,VA,INST_03,Regional College C (Teaching),teaching,3.08,73,1996,Philosophy,Humanities,30867,4.539,0,0,0,3.335,33,0,0,,1,1.539
S201400309,2014,0,M,0,White,GA,INST_01,State University A (Research),research,2.5,24,1996,Education,Other,1933,0.284,1,1,5522,3.01,28,1,0,,0,-2.716
S201400310,2014,1,F,0,Asian,NJ,INST_04,Regional College D (Teaching),teaching,2.84,87,1996,Management,Business,4886,0.719,1,0,0,2.585,31,1,0,,0,-2.281
S201400311,2014,0,M,0,White,GA,INST_01,State University A (Research),research,2.95,57,1996,Statistics,STEM,19478,2.864,1,1,6150,3.73,25,1,0,,0,-0.136
S201400312,2014,0,F,0,White,MI,INST_02,State University B (Research),research,3.39,43,1996,General Studies,Other,10478,1.541,1,0,0,2.9050000000000002,29,0,0,,0,-1.459
S201400313,2014,0,M,0,White,FL,INST_01,State University A (Research),research,2.06,70,1996,Political Science,Social Sciences,9108,1.339,1,0,0,2.695,31,0,0,,0,-1.661
S201400314,2014,0,M,0,White,CA,INST_03,Regional College C (Teaching),teaching,2.62,26,1996,Physics,STEM,5886,0.866,1,1,5118,2.3499999999999996,31,0,0,,0,-2.134
S201400315,2014,0,F,0,AIAN,PA,INST_03,Regional College C (Teaching),teaching,2.68,63,1996,Kinesiology,Health,16708,2.457,1,0,0,3.4299999999999997,28,0,0,,0,-0.543
S201400316,2014,1,M,1,White,PA,INST_02,State University B (Research),research,2.46,83,1996,Mechanical Engineering,STEM,4102,0.603,1,1,5783,3.875,27,0,0,,0,-2.397
S201400317,2014,1,M,0,Multi,CA,INST_02,State University B (Research),research,3.52,33,1996,Undeclared,Other,7247,1.066,1,0,0,2.93,33,1,0,,0,-1.934
S201400318,2014,0,F,0,Asian,OH,INST_03,Regional College C (Teaching),teaching,3.26,54,1996,Nursing,Health,0,0.1,1,1,4460,3.59,30,0,0,,0,-2.9
S201400319,2014,0,F,0,White,TX,INST_03,Regional College C (Teaching),teaching,3.02,66,1996,Chemistry,STEM,5770,0.849,1,0,0,3.2350000000000003,25,1,1,2.77,0,-2.151
S201400320,2014,1,F,0,Black,OH,INST_01,State University A (Research),research,3.39,77,1996,Mathematics,STEM,7331,1.078,1,1,7212,3.26,30,1,1,3.36,0,-1.922
S201400321,2014,0,M,0,Asian,GA,INST_04,Regional College D (Teaching),teaching,2.8,50,1996,Computer Science,STEM,9786,1.439,1,0,0,3.325,32,1,0,,0,-1.561
S201400322,2014,0,M,0,Black,PA,INST_01,State University A (Research),research,3.75,51,1996,Kinesiology,Health,12974,1.908,1,1,6273,3.935,32,0,0,,0,-1.092
S201400323,2014,1,F,0,White,VA,INST_05,Urban University E (Research),research,2.66,27,1996,Accounting,Business,12695,1.867,1,1,5937,3.075,30,1,0,,0,-1.133
S201400324,2014,1,M,0,Hispanic,MI,INST_04,Regional College D (Teaching),teaching,2.9,53,1996,Mechanical Engineering,STEM,18545,2.727,1,1,6225,3.51,31,1,1,3.75,0,-0.273
S201400325,2014,0,F,1,Black,NC,INST_05,Urban University E (Research),research,3.67,80,1996,Communications,Other,12205,1.795,1,0,0,3.84,33,1,0,,0,-1.205
S201400326,2014,0,M,0,White,OH,INST_05,Urban University E (Research),research,3.37,69,1996,Public Health,Health,16042,2.359,1,1,7466,3.535,30,1,1,3.31,0,-0.641
S201400327,2014,1,M,0,White,CA,INST_05,Urban University E (Research),research,4.0,45,1996,Physics,STEM,5866,0.863,1,0,0,2.635,25,1,0,,0,-2.137
S201400328,2014,0,M,1,White,NC,INST_02,State University B (Research),research,3.13,45,1996,Philosophy,Humanities,14580,2.144,1,1,6643,3.215,31,1,1,3.76,0,-0.856
S201400329,2014,0,F,1,Black,GA,INST_01,State University A (Research),research,2.86,63,1996,Political Science,Social Sciences,5934,0.873,1,1,7776,3.27,31,0,0,,0,-2.127
S201400330,2014,0,M,0,Black,NC,INST_04,Regional College D (Teaching),teaching,3.8,68,1996,General Studies,Other,2808,0.413,1,1,6268,3.79,31,0,0,,0,-2.587
S201400331,2014,1,M,0,Asian,NC,INST_05,Urban University E (Research),research,3.35,58,1996,Management,Business,18250,2.684,1,1,4740,3.18,29,1,1,3.87,0,-0.316
S201400332,2014,0,F,0,White,NC,INST_02,State University B (Research),research,2.66,71,1996,Anthropology,Social Sciences,7838,1.153,1,1,6431,3.7,26,0,0,,0,-1.847
S201400333,2014,0,M,0,Asian,NC,INST_05,Urban University E (Research),research,3.47,36,1996,Nursing,Health,19468,2.863,1,1,6038,3.275,29,0,0,,0,-0.137
S201400334,2014,0,NB,0,Hispanic,NJ,INST_04,Regional College D (Teaching),teaching,3.41,57,1996,Computer Science,STEM,10323,1.518,1,0,0,3.02,30,1,0,,0,-1.482
S201400335,2014,1,F,0,White,NC,INST_02,State University B (Research),research,2.92,43,1996,Marketing,Business,22172,3.261,0,1,6238,3.51,33,1,1,3.29,1,0.261
S201400336,2014,1,M,0,White,TX,INST_04,Regional College D (Teaching),teaching,3.27,61,1996,Anthropology,Social Sciences,6542,0.962,1,0,0,3.865,30,1,0,,0,-2.038
S201400337,2014,1,F,1,White,FL,INST_02,State University B (Research),research,3.56,3,1996,General Studies,Other,3477,0.511,1,1,6485,3.44,28,1,0,,0,-2.489
S201400338,2014,0,F,0,Black,GA,INST_03,Regional College C (Teaching),teaching,3.75,56,1996,Economics,Social Sciences,25683,3.777,0,1,4249,3.8049999999999997,28,1,1,3.9,1,0.777
S201400339,2014,0,F,0,White,OH,INST_02,State University B (Research),research,3.08,36,1995,Statistics,STEM,9994,1.47,1,1,6784,3.535,28,1,1,3.92,0,-1.53
S201400340,2014,0,F,0,Hispanic,PA,INST_04,Regional College D (Teaching),teaching,3.83,58,1996,Civil Engineering,STEM,10882,1.6,1,1,8561,3.3949999999999996,31,1,0,,0,-1.4
S201400341,2014,0,M,0,White,NY,INST_05,Urban University E (Research),research,3.23,76,1996,Psychology,Social Sciences,20328,2.989,1,1,4781,3.88,31,0,0,,0,-0.011
S201400342,2014,0,F,0,Black,VA,INST_01,State University A (Research),research,3.3,63,1996,Political Science,Social Sciences,6843,1.006,1,1,5508,3.2199999999999998,31,0,0,,0,-1.994
S201400343,2014,0,F,0,White,PA,INST_03,Regional College C (Teaching),teaching,3.53,58,1996,Electrical Engineering,STEM,11738,1.726,1,0,0,3.815,32,1,0,,0,-1.274
S201400344,2014,0,M,0,White,NJ,INST_02,State University B (Research),research,4.0,54,1996,Mathematics,STEM,24031,3.534,0,0,0,3.605,27,1,1,3.86,1,0.534
S201400345,2014,1,M,1,White,TX,INST_03,Regional College C (Teaching),teaching,3.45,62,1996,Computer Science,STEM,19885,2.924,1,1,4879,4.0,31,1,1,4.0,0,-0.076
S201400346,2014,0,F,0,White,CA,INST_04,Regional College D (Teaching),teaching,2.45,41,1996,Public Health,Health,2953,0.434,1,0,0,2.96,31,1,1,3.06,0,-2.566
S201400347,2014,0,M,0,NHPI,NY,INST_02,State University B (Research),research,3.44,32,1996,Public Health,Health,14233,2.093,1,1,2716,3.535,27,0,0,,0,-0.907
S201400348,2014,0,M,0,White,OH,INST_03,Regional College C (Teaching),teaching,3.63,11,1996,Political Science,Social Sciences,22147,3.257,0,0,0,3.84,30,0,0,,1,0.257
S201400349,2014,0,M,1,White,CA,INST_01,State University A (Research),research,3.2,55,1996,Public Health,Health,0,0.1,1,0,0,3.71,27,0,0,,0,-2.9
S201400350,2014,0,F,0,White,TX,INST_05,Urban University E (Research),research,3.35,46,1996,Kinesiology,Health,13772,2.025,1,0,0,2.92,31,0,0,,0,-0.975
S201400351,2014,0,F,0,Hispanic,IL,INST_05,Urban University E (Research),research,2.49,49,1996,Physics,STEM,11009,1.619,1,1,7049,3.225,28,0,0,,0,-1.381
S201400352,2014,0,F,1,White,MI,INST_03,Regional College C (Teaching),teaching,2.92,60,1996,Biology,STEM,5108,0.751,1,1,4570,3.8049999999999997,30,1,1,3.76,0,-2.249
S201400353,2014,0,F,0,Black,NY,INST_01,State University A (Research),research,3.21,55,1996,Electrical Engineering,STEM,14317,2.105,1,0,0,3.185,31,1,1,3.37,0,-0.895
S201400354,2014,1,F,0,White,NJ,INST_05,Urban University E (Research),research,2.99,59,1996,Economics-Bus,Business,0,0.1,1,0,0,3.38,28,1,1,3.74,0,-2.9
S201400355,2014,1,F,1,White,VA,INST_05,Urban University E (Research),research,3.18,35,1996,Nursing,Health,0,0.1,1,1,4954,2.975,31,1,1,3.61,0,-2.9
S201400356,2014,0,M,1,White,OH,INST_04,Regional College D (Teaching),teaching,2.29,70,1996,Computer Science,STEM,9723,1.43,1,0,0,2.675,30,1,0,,0,-1.57
S201400357,2014,1,F,1,White,PA,INST_01,State University A (Research),research,2.38,52,1996,Anthropology,Social Sciences,2872,0.422,1,1,7463,3.835,25,1,1,3.53,0,-2.578
S201400358,2014,0,M,0,White,PA,INST_01,State University A (Research),research,3.86,55,1996,Kinesiology,Health,9073,1.334,1,1,2438,3.34,32,1,0,,0,-1.666
S201400359,2014,1,M,0,White,FL,INST_03,Regional College C (Teaching),teaching,3.02,51,1996,Undeclared,Other,4393,0.646,1,0,0,2.8499999999999996,31,1,1,2.75,0,-2.354
S201400360,2014,0,F,0,White,NC,INST_03,Regional College C (Teaching),teaching,2.26,34,1996,Computer Science,STEM,17648,2.595,1,0,0,2.65,31,0,0,,0,-0.405
S201400361,2014,0,F,0,White,NY,INST_02,State University B (Research),research,3.59,66,1996,Sociology,Social Sciences,7665,1.127,1,1,6442,3.1550000000000002,32,1,1,3.21,0,-1.873
S201400362,2014,1,M,1,Black,GA,INST_01,State University A (Research),research,3.01,75,1996,Economics-Bus,Business,8692,1.278,1,1,6915,4.0,33,1,1,4.0,0,-1.722
S201400363,2014,1,F,0,White,GA,INST_03,Regional College C (Teaching),teaching,1.81,51,1996,Management,Business,14081,2.071,1,1,4860,3.02,31,1,0,,0,-0.929
S201400364,2014,0,F,0,White,CA,INST_03,Regional College C (Teaching),teaching,3.54,72,1996,Economics,Social Sciences,6597,0.97,1,0,0,2.25,33,1,0,,0,-2.03
S201400365,2014,1,F,0,White,GA,INST_04,Regional College D (Teaching),teaching,2.63,73,1996,Political Science,Social Sciences,7929,1.166,1,1,4266,4.0,30,0,0,,0,-1.834
S201400366,2014,0,M,0,White,MI,INST_03,Regional College C (Teaching),teaching,2.4,99,1996,Mechanical Engineering,STEM,18215,2.679,1,1,4290,3.725,28,1,1,3.66,0,-0.321
S201400367,2014,1,M,0,Multi,TX,INST_02,State University B (Research),research,4.0,63,1996,History,Humanities,12720,1.871,1,1,7482,3.355,30,1,0,,0,-1.129
S201400368,2014,1,M,0,Asian,NY,INST_03,Regional College C (Teaching),teaching,4.0,54,1996,Public Health,Health,0,0.1,1,1,5283,3.465,33,0,0,,0,-2.9
S201400369,2014,0,M,0,Asian,OH,INST_04,Regional College D (Teaching),teaching,3.99,74,1996,Statistics,STEM,7152,1.052,1,1,6041,3.49,31,1,1,3.81,0,-1.948
S201400370,2014,0,F,1,Asian,GA,INST_03,Regional College C (Teaching),teaching,2.56,15,1996,Kinesiology,Health,16697,2.455,1,1,5503,2.57,30,1,0,,0,-0.545
S201400371,2014,1,F,1,White,MI,INST_05,Urban University E (Research),research,4.0,76,1996,Art History,Humanities,8489,1.248,1,1,7840,3.77,27,1,0,,0,-1.752
S201400372,2014,0,M,1,White,NC,INST_04,Regional College D (Teaching),teaching,3.78,76,1996,Art History,Humanities,26393,3.881,0,0,0,3.6799999999999997,32,1,0,,1,0.881
S201400373,2014,0,F,0,White,NY,INST_05,Urban University E (Research),research,3.08,67,1996,Anthropology,Social Sciences,6106,0.898,1,1,5584,3.81,30,0,0,,0,-2.102
S201400374,2014,0,F,0,White,NY,INST_01,State University A (Research),research,3.39,47,1996,Kinesiology,Health,21542,3.168,0,1,8275,3.285,30,0,0,,1,0.168
S201400375,2014,0,F,0,White,OH,INST_02,State University B (Research),research,3.33,67,1996,Marketing,Business,7149,1.051,1,1,5102,3.26,28,1,1,3.44,0,-1.949
S201400376,2014,1,F,1,White,GA,INST_03,Regional College C (Teaching),teaching,3.23,36,1996,Civil Engineering,STEM,10381,1.527,1,1,6171,3.3600000000000003,31,1,0,,0,-1.473
S201400377,2014,0,M,0,White,OH,INST_01,State University A (Research),research,3.66,15,1996,Biomedical Engineering,STEM,21561,3.171,0,0,0,3.3899999999999997,30,0,0,,1,0.171
S201400378,2014,0,M,0,Asian,OH,INST_05,Urban University E (Research),research,4.0,85,1996,Chemistry,STEM,12485,1.836,1,1,7386,3.51,30,1,0,,0,-1.164
S201400379,2014,0,F,0,White,NY,INST_02,State University B (Research),research,3.2,59,1996,Computer Science,STEM,2314,0.34,1,0,0,3.1799999999999997,28,0,0,,0,-2.66
S201400380,2014,1,M,1,Asian,VA,INST_03,Regional College C (Teaching),teaching,3.19,46,1996,Management,Business,0,0.1,1,1,5621,3.87,31,0,0,,0,-2.9
S201400381,2014,1,M,0,White,OH,INST_01,State University A (Research),research,3.71,63,1996,Anthropology,Social Sciences,5512,0.811,1,1,5982,3.5300000000000002,31,1,0,,0,-2.189
S201400382,2014,0,F,1,White,NJ,INST_05,Urban University E (Research),research,4.0,46,1996,Physics,STEM,12455,1.832,1,1,6043,3.25,31,1,0,,0,-1.168
S201400383,2014,0,F,0,Hispanic,CA,INST_05,Urban University E (Research),research,2.98,71,1996,Anthropology,Social Sciences,3186,0.469,1,0,0,3.615,34,0,0,,0,-2.531
S201400384,2014,1,F,0,White,CA,INST_05,Urban University E (Research),research,3.22,27,1996,Physics,STEM,15754,2.317,1,0,0,3.205,30,0,0,,0,-0.683
S201400385,2014,0,F,0,Hispanic,IL,INST_05,Urban University E (Research),research,3.25,36,1996,Chemistry,STEM,1672,0.246,1,1,5115,3.145,27,0,0,,0,-2.754
S201400386,2014,0,F,0,White,MI,INST_04,Regional College D (Teaching),teaching,2.36,62,1996,Undeclared,Other,11551,1.699,1,1,8047,3.09,28,1,1,3.62,0,-1.301
S201400387,2014,0,F,1,Hispanic,MI,INST_02,State University B (Research),research,3.19,54,1996,Nursing,Health,6607,0.972,1,0,0,3.1900000000000004,28,1,0,,0,-2.028
S201400388,2014,1,M,1,Asian,OH,INST_02,State University B (Research),research,2.51,22,1996,Undeclared,Other,6020,0.885,1,1,4298,2.9050000000000002,28,0,0,,0,-2.115
S201400389,2014,1,M,1,Black,FL,INST_01,State University A (Research),research,3.01,75,1996,Psychology,Social Sciences,4312,0.634,1,1,8692,3.8,31,0,0,,0,-2.366
S201400390,2014,1,M,0,White,NC,INST_04,Regional College D (Teaching),teaching,3.11,21,1995,Management,Business,11631,1.71,1,0,0,2.665,31,0,0,,0,-1.29
S201400391,2014,1,M,0,White,NJ,INST_03,Regional College C (Teaching),teaching,2.78,46,1996,Undeclared,Other,478,0.1,1,1,6871,3.445,30,1,1,2.97,0,-2.9
S201400392,2014,1,F,1,Asian,MI,INST_04,Regional College D (Teaching),teaching,2.98,44,1996,Biology,STEM,0,0.1,1,1,6141,3.35,29,0,0,,0,-2.9
S201400393,2014,1,F,0,Asian,NY,INST_03,Regional College C (Teaching),teaching,3.36,36,1996,Kinesiology,Health,3096,0.455,1,1,4515,3.705,31,0,0,,0,-2.545
S201400394,2014,0,F,1,White,PA,INST_01,State University A (Research),research,2.97,23,1996,General Studies,Other,0,0.1,1,1,5665,3.495,25,0,0,,0,-2.9
S201400395,2014,1,M,1,Black,CA,INST_02,State University B (Research),research,3.1,71,1996,Anthropology,Social Sciences,10029,1.475,1,1,6764,3.925,29,0,0,,0,-1.525
S201400396,2014,0,F,0,White,CA,INST_03,Regional College C (Teaching),teaching,3.58,88,1996,History,Humanities,10027,1.475,1,0,0,2.665,25,0,0,,0,-1.525
S201400397,2014,0,M,1,White,VA,INST_01,State University A (Research),research,2.42,79,1996,Physics,STEM,5716,0.841,1,1,5322,3.0949999999999998,30,0,0,,0,-2.159
S201400398,2014,0,F,0,Multi,CA,INST_01,State University A (Research),research,2.75,36,1996,Nursing,Health,17420,2.562,1,1,4880,3.135,28,0,0,,0,-0.438
S201400399,2014,1,F,0,White,GA,INST_01,State University A (Research),research,3.41,79,1996,Political Science,Social Sciences,11177,1.644,1,1,4600,3.955,28,1,0,,0,-1.356
S201400400,2014,1,F,0,Hispanic,CA,INST_05,Urban University E (Research),research,3.33,65,1996,Undeclared,Other,5077,0.747,1,1,8363,3.015,30,0,0,,0,-2.253
S201400401,2014,0,F,0,Hispanic,IL,INST_04,Regional College D (Teaching),teaching,2.79,63,1996,Art History,Humanities,11148,1.639,1,1,7120,3.065,27,0,0,,0,-1.361
S201400402,2014,0,M,0,White,NC,INST_04,Regional College D (Teaching),teaching,2.57,41,1996,Sociology,Social Sciences,16054,2.361,1,0,0,3.095,31,0,0,,0,-0.639
S201400403,2014,0,M,0,Hispanic,NC,INST_01,State University A (Research),research,3.44,35,1996,Physics,STEM,0,0.1,1,1,6230,2.9050000000000002,31,1,0,,0,-2.9
S201400404,2014,0,F,0,Black,IL,INST_05,Urban University E (Research),research,2.65,79,1996,Pre-Med,Health,7215,1.061,1,0,0,2.86,33,0,0,,0,-1.939
S201400405,2014,0,M,0,White,TX,INST_03,Regional College C (Teaching),teaching,3.51,38,1996,Pre-Med,Health,18927,2.783,1,1,6533,3.87,24,0,0,,0,-0.217
S201400406,2014,0,F,0,Black,PA,INST_02,State University B (Research),research,2.7,40,1996,Civil Engineering,STEM,18656,2.744,1,0,0,2.725,29,0,0,,0,-0.256
S201400407,2014,0,M,0,Hispanic,VA,INST_05,Urban University E (Research),research,2.78,85,1996,Biology,STEM,18416,2.708,1,0,0,3.4450000000000003,32,1,0,,0,-0.292
S201400408,2014,1,F,1,White,OH,INST_02,State University B (Research),research,2.76,63,1996,Electrical Engineering,STEM,0,0.1,1,1,5404,2.34,34,1,0,,0,-2.9
S201400409,2014,1,M,0,Multi,NC,INST_02,State University B (Research),research,2.8,41,1996,Philosophy,Humanities,4506,0.663,1,1,7711,3.0250000000000004,31,0,0,,0,-2.337
S201400410,2014,1,F,0,White,FL,INST_04,Regional College D (Teaching),teaching,2.97,45,1996,Pre-Med,Health,5461,0.803,1,1,2840,2.925,31,1,1,3.49,0,-2.197
S201400411,2014,0,M,0,Multi,OH,INST_04,Regional College D (Teaching),teaching,3.09,59,1996,Nursing,Health,6616,0.973,1,0,0,3.275,31,1,1,3.37,0,-2.027
S201400412,2014,0,F,1,Asian,CA,INST_04,Regional College D (Teaching),teaching,3.72,85,1996,Education,Other,10655,1.567,1,1,7102,3.825,28,1,1,3.61,0,-1.433
S201400413,2014,1,F,0,White,TX,INST_02,State University B (Research),research,3.33,99,1996,Biology,STEM,785,0.115,1,1,7881,3.085,32,1,0,,0,-2.885
S201400414,2014,0,F,1,White,NY,INST_02,State University B (Research),research,3.31,64,1996,Pre-Med,Health,5692,0.837,1,1,4587,3.4749999999999996,28,1,1,3.67,0,-2.163
S201400415,2014,0,F,0,White,GA,INST_03,Regional College C (Teaching),teaching,2.53,57,1996,Finance,Business,5533,0.814,1,1,6113,3.24,33,0,0,,0,-2.186
S201400416,2014,1,F,0,Asian,NJ,INST_03,Regional College C (Teaching),teaching,2.56,54,1996,Art History,Humanities,2606,0.383,1,1,5125,3.05,27,0,0,,0,-2.617
S201400417,2014,1,M,0,Multi,NC,INST_05,Urban University E (Research),research,3.31,33,1996,Management,Business,11709,1.722,1,0,0,3.935,27,1,0,,0,-1.278
S201400418,2014,0,M,0,Multi,FL,INST_03,Regional College C (Teaching),teaching,2.52,30,1996,Undeclared,Other,16874,2.481,1,1,3515,3.33,30,0,0,,0,-0.519
S201400419,2014,0,F,0,White,MI,INST_02,State University B (Research),research,3.22,34,1996,Philosophy,Humanities,12324,1.812,1,1,4701,3.06,32,1,1,3.57,0,-1.188
S201400420,2014,0,F,1,White,NJ,INST_05,Urban University E (Research),research,3.78,73,1996,Economics-Bus,Business,16568,2.436,1,1,7217,4.0,29,1,1,4.0,0,-0.564
S201400421,2014,0,F,0,Hispanic,FL,INST_04,Regional College D (Teaching),teaching,3.02,52,1996,Finance,Business,18436,2.711,1,1,6473,2.895,28,0,0,,0,-0.289
S201400422,2014,1,F,0,Hispanic,TX,INST_02,State University B (Research),research,2.61,38,1996,English,Humanities,4363,0.642,1,1,4287,3.31,31,0,0,,0,-2.358
S201400423,2014,0,M,0,White,OH,INST_01,State University A (Research),research,3.63,85,1996,English,Humanities,0,0.1,1,1,6269,3.7199999999999998,30,1,0,,0,-2.9
S201400424,2014,1,F,1,Hispanic,NC,INST_01,State University A (Research),research,3.23,79,1996,Biomedical Engineering,STEM,6899,1.015,1,1,6677,3.34,29,1,0,,0,-1.985
S201400425,2014,0,F,0,Black,PA,INST_04,Regional College D (Teaching),teaching,3.29,88,1996,Nursing,Health,3351,0.493,1,1,5423,3.415,31,0,0,,0,-2.507
S201400426,2014,0,F,0,White,VA,INST_02,State University B (Research),research,3.46,18,1996,Electrical Engineering,STEM,13657,2.008,1,1,6729,3.21,34,1,0,,0,-0.992
S201400427,2014,0,F,0,White,NJ,INST_02,State University B (Research),research,3.0,86,1996,Civil Engineering,STEM,2780,0.409,1,0,0,3.5650000000000004,31,0,0,,0,-2.591
S201400428,2014,0,F,0,Black,NY,INST_02,State University B (Research),research,3.74,72,1996,Computer Science,STEM,8632,1.269,1,1,5457,3.865,29,1,0,,0,-1.731
S201400429,2014,1,F,1,White,CA,INST_01,State University A (Research),research,2.8,51,1996,Chemistry,STEM,10618,1.561,1,1,5588,3.35,28,1,0,,0,-1.439
S201400430,2014,0,F,0,White,CA,INST_03,Regional College C (Teaching),teaching,3.86,56,1996,Anthropology,Social Sciences,8816,1.296,1,0,0,3.435,32,1,1,4.0,0,-1.704
S201400431,2014,1,M,1,White,PA,INST_02,State University B (Research),research,3.18,63,1996,Accounting,Business,0,0.1,1,0,0,3.04,32,1,1,3.04,0,-2.9
S201400432,2014,0,F,0,Asian,NY,INST_05,Urban University E (Research),research,3.52,99,1996,Computer Science,STEM,18445,2.712,1,0,0,3.065,27,0,0,,0,-0.288
S201400433,2014,1,M,0,White,NJ,INST_03,Regional College C (Teaching),teaching,3.21,55,1996,Nursing,Health,17080,2.512,1,1,6228,3.815,31,1,1,3.77,0,-0.488
S201400434,2014,1,F,1,White,GA,INST_01,State University A (Research),research,3.3,17,1996,Chemistry,STEM,0,0.1,1,0,0,3.42,28,0,0,,0,-2.9
S201400435,2014,1,F,1,Unknown,MI,INST_05,Urban University E (Research),research,3.28,45,1996,Electrical Engineering,STEM,14839,2.182,1,0,0,3.3600000000000003,25,1,1,3.22,0,-0.818
S201400436,2014,1,M,0,White,TX,INST_04,Regional College D (Teaching),teaching,3.68,53,1996,Pre-Med,Health,4160,0.612,1,1,4736,3.02,28,1,0,,0,-2.388
S201400437,2014,0,M,0,White,NC,INST_04,Regional College D (Teaching),teaching,3.33,70,1996,Mechanical Engineering,STEM,29249,4.301,0,0,0,2.665,33,1,0,,1,1.301
S201400438,2014,0,F,1,White,VA,INST_02,State University B (Research),research,3.06,34,1996,Education,Other,5411,0.796,1,1,4478,3.645,31,0,0,,0,-2.204
S201400439,2014,1,F,0,White,GA,INST_05,Urban University E (Research),research,3.57,68,1996,Finance,Business,9039,1.329,1,1,5887,3.0250000000000004,31,1,1,2.98,0,-1.671
S201400440,2014,0,F,0,White,VA,INST_04,Regional College D (Teaching),teaching,3.44,70,1996,Kinesiology,Health,0,0.1,1,1,7563,3.3049999999999997,27,1,1,3.1,0,-2.9
S201400441,2014,0,F,0,White,OH,INST_05,Urban University E (Research),research,3.23,81,1996,Marketing,Business,12889,1.895,1,0,0,3.42,31,0,0,,0,-1.105
S201400442,2014,0,F,0,Hispanic,GA,INST_01,State University A (Research),research,3.09,39,1996,Finance,Business,14679,2.159,1,0,0,3.5250000000000004,33,1,0,,0,-0.841
S201400443,2014,0,F,0,White,MI,INST_03,Regional College C (Teaching),teaching,3.38,41,1996,Kinesiology,Health,6221,0.915,1,0,0,3.11,26,0,0,,0,-2.085
S201400444,2014,1,F,1,Black,OH,INST_02,State University B (Research),research,2.82,52,1996,Economics,Social Sciences,3326,0.489,1,1,5360,3.955,32,1,0,,0,-2.511
S201400445,2014,1,F,0,Hispanic,OH,INST_05,Urban University E (Research),research,3.98,25,1996,Nursing,Health,3340,0.491,1,1,6289,3.995,30,1,0,,0,-2.509
S201400446,2014,0,F,0,Black,PA,INST_01,State University A (Research),research,3.19,28,1995,Psychology,Social Sciences,11313,1.664,1,1,4646,2.825,31,1,1,3.24,0,-1.336
S201400447,2014,1,F,0,Hispanic,NJ,INST_03,Regional College C (Teaching),teaching,2.59,70,1996,Pre-Med,Health,2583,0.38,1,1,5108,3.42,30,1,1,3.48,0,-2.62
S201400448,2014,0,M,0,White,NJ,INST_05,Urban University E (Research),research,3.61,56,1996,Pre-Med,Health,1502,0.221,1,1,5027,3.92,31,0,0,,0,-2.779
S201400449,2014,1,M,0,Hispanic,TX,INST_02,State University B (Research),research,3.74,69,1996,Accounting,Business,11121,1.635,1,1,6987,2.9699999999999998,27,0,0,,0,-1.365
S201400450,2014,0,M,0,White,GA,INST_03,Regional College C (Teaching),teaching,3.35,12,1996,Electrical Engineering,STEM,21954,3.229,0,1,8760,3.815,31,1,0,,1,0.229
S201400451,2014,0,M,1,Hispanic,MI,INST_03,Regional College C (Teaching),teaching,2.61,29,1996,Mathematics,STEM,5491,0.808,1,1,5310,3.7249999999999996,30,1,0,,0,-2.192
S201400452,2014,0,F,0,White,TX,INST_01,State University A (Research),research,3.45,67,1996,Accounting,Business,13845,2.036,1,1,5689,3.4850000000000003,28,0,0,,0,-0.964
S201400453,2014,0,M,0,AIAN,OH,INST_02,State University B (Research),research,3.43,41,1996,Marketing,Business,21972,3.231,0,0,0,3.7199999999999998,26,0,0,,1,0.231
S201400454,2014,0,F,1,White,OH,INST_01,State University A (Research),research,3.18,61,1996,Biology,STEM,1878,0.276,1,1,6103,3.695,30,1,1,4.0,0,-2.724
S201400455,2014,1,M,0,Black,NC,INST_01,State University A (Research),research,3.01,85,1996,Economics,Social Sciences,0,0.1,1,1,6940,3.94,30,1,0,,0,-2.9
S201400456,2014,0,F,0,White,MI,INST_05,Urban University E (Research),research,3.07,50,1996,Computer Science,STEM,1263,0.186,1,1,6391,2.9,30,1,0,,0,-2.814
S201400457,2014,1,F,0,White,NY,INST_01,State University A (Research),research,2.98,60,1996,Sociology,Social Sciences,14078,2.07,1,0,0,3.46,31,0,0,,0,-0.93
S201400458,2014,0,M,0,White,TX,INST_05,Urban University E (Research),research,2.65,35,1996,Mathematics,STEM,5639,0.829,1,1,5454,3.585,30,1,1,3.9,0,-2.171
S201400459,2014,0,F,0,Black,OH,INST_02,State University B (Research),research,3.64,29,1996,Mechanical Engineering,STEM,16369,2.407,1,1,5843,2.82,31,1,1,3.23,0,-0.593
S201400460,2014,1,F,0,Hispanic,NY,INST_01,State University A (Research),research,3.08,60,1996,Management,Business,5389,0.792,1,0,0,3.385,31,1,1,3.36,0,-2.208
S201400461,2014,0,F,0,Hispanic,CA,INST_03,Regional College C (Teaching),teaching,2.76,41,1995,Education,Other,15474,2.276,1,1,4583,3.785,28,0,0,,0,-0.724
S201400462,2014,0,F,0,White,GA,INST_05,Urban University E (Research),research,2.76,76,1996,Art History,Humanities,4113,0.605,1,1,6361,3.145,28,1,1,3.49,0,-2.395
S201400463,2014,0,M,1,Multi,MI,INST_01,State University A (Research),research,3.07,73,1996,Pre-Med,Health,13898,2.044,1,1,5820,3.7,31,1,0,,0,-0.956
S201400464,2014,0,F,0,White,OH,INST_01,State University A (Research),research,3.94,52,1996,Pre-Med,Health,16287,2.395,1,1,6294,3.55,31,1,1,3.85,0,-0.605
S201400465,2014,1,F,0,White,FL,INST_04,Regional College D (Teaching),teaching,3.49,51,1996,Economics-Bus,Business,12772,1.878,1,1,6279,3.58,30,1,0,,0,-1.122
S201400466,2014,0,M,0,White,PA,INST_04,Regional College D (Teaching),teaching,3.51,92,1996,Economics,Social Sciences,24372,3.584,0,0,0,3.525,31,1,1,2.89,1,0.584
S201400467,2014,0,F,1,Hispanic,GA,INST_01,State University A (Research),research,3.12,51,1996,Statistics,STEM,7940,1.168,1,1,4742,3.5149999999999997,26,0,0,,0,-1.832
S201400468,2014,0,F,0,White,CA,INST_02,State University B (Research),research,2.99,53,1996,Electrical Engineering,STEM,11335,1.667,1,1,6122,2.775,31,0,0,,0,-1.333
S201400469,2014,1,F,0,White,VA,INST_03,Regional College C (Teaching),teaching,3.25,44,1996,Economics,Social Sciences,2176,0.32,1,1,4124,3.3,27,0,0,,0,-2.68
S201400470,2014,0,M,0,White,GA,INST_02,State University B (Research),research,3.17,49,1996,Management,Business,9124,1.342,1,1,9502,3.8049999999999997,31,1,1,3.76,0,-1.658
S201400471,2014,0,F,0,Black,VA,INST_03,Regional College C (Teaching),teaching,2.64,72,1996,Finance,Business,10136,1.491,1,0,0,3.435,30,1,1,3.31,0,-1.509
S201400472,2014,0,F,0,White,MI,INST_02,State University B (Research),research,3.33,34,1996,Anthropology,Social Sciences,2969,0.437,1,1,6062,3.5599999999999996,29,0,0,,0,-2.563
S201400473,2014,0,M,0,White,FL,INST_04,Regional College D (Teaching),teaching,3.45,68,1996,Mathematics,STEM,11142,1.639,1,1,5481,3.51,31,0,0,,0,-1.361
S201400474,2014,1,M,0,White,PA,INST_01,State University A (Research),research,3.34,52,1996,Biomedical Engineering,STEM,2273,0.334,1,1,6896,3.76,31,1,1,3.77,0,-2.666
S201400475,2014,1,F,1,Asian,TX,INST_01,State University A (Research),research,3.53,3,1996,Finance,Business,2695,0.396,1,1,8619,3.66,31,0,0,,0,-2.604
S201400476,2014,0,M,0,White,MI,INST_04,Regional College D (Teaching),teaching,3.19,75,1996,General Studies,Other,15041,2.212,1,0,0,2.46,30,0,0,,0,-0.788
S201400477,2014,0,F,0,White,TX,INST_01,State University A (Research),research,2.6,85,1996,Electrical Engineering,STEM,12237,1.8,1,1,6174,3.67,29,1,0,,0,-1.2
S201400478,2014,1,M,0,Hispanic,FL,INST_03,Regional College C (Teaching),teaching,3.04,66,1996,Nursing,Health,14522,2.136,1,1,4446,3.91,31,1,0,,0,-0.864
S201400479,2014,0,F,1,White,NJ,INST_03,Regional College C (Teaching),teaching,4.0,57,1996,Anthropology,Social Sciences,11415,1.679,1,1,7286,3.99,31,1,1,4.0,0,-1.321
S201400480,2014,0,F,0,Hispanic,NJ,INST_01,State University A (Research),research,3.45,20,1996,Finance,Business,6401,0.941,1,0,0,3.085,32,1,1,3.21,0,-2.059
S201400481,2014,1,M,0,Black,VA,INST_05,Urban University E (Research),research,3.02,67,1996,Communications,Other,16982,2.497,1,1,6152,3.145,32,0,0,,0,-0.503
S201400482,2014,1,F,1,Hispanic,NY,INST_04,Regional College D (Teaching),teaching,3.91,67,1996,Management,Business,230,0.1,1,1,8051,3.9699999999999998,28,1,1,4.0,0,-2.9
S201400483,2014,1,F,0,Hispanic,MI,INST_03,Regional College C (Teaching),teaching,3.65,96,1996,Chemistry,STEM,4337,0.638,1,1,5609,3.165,31,1,1,3.52,0,-2.362
S201400484,2014,0,F,1,Black,NY,INST_02,State University B (Research),research,2.52,24,1996,Psychology,Social Sciences,12566,1.848,1,0,0,2.99,29,0,0,,0,-1.152
S201400485,2014,0,F,0,White,VA,INST_01,State University A (Research),research,3.21,48,1996,General Studies,Other,20724,3.048,0,0,0,3.02,28,1,1,3.02,1,0.048
S201400486,2014,1,M,0,Black,PA,INST_05,Urban University E (Research),research,3.45,91,1995,Communications,Other,19271,2.834,1,1,5664,3.49,28,1,0,,0,-0.166
S201400487,2014,1,M,0,White,NY,INST_04,Regional College D (Teaching),teaching,3.57,43,1996,Physics,STEM,8468,1.245,1,0,0,3.575,29,1,0,,0,-1.755
S201400488,2014,1,M,0,White,GA,INST_03,Regional College C (Teaching),teaching,3.68,39,1996,Communications,Other,3884,0.571,1,0,0,2.75,30,0,0,,0,-2.429
S201400489,2014,0,F,1,Black,NY,INST_04,Regional College D (Teaching),teaching,2.85,26,1996,Computer Science,STEM,6653,0.978,1,0,0,3.56,31,0,0,,0,-2.022
S201400490,2014,0,M,1,Black,PA,INST_02,State University B (Research),research,2.25,58,1996,Chemistry,STEM,15269,2.245,1,1,7191,3.285,27,1,1,3.72,0,-0.755
S201400491,2014,1,M,1,White,NC,INST_05,Urban University E (Research),research,2.41,65,1996,Computer Science,STEM,0,0.1,1,1,5859,3.955,27,0,0,,0,-2.9
S201400492,2014,0,F,0,White,NC,INST_03,Regional College C (Teaching),teaching,3.8,60,1996,Electrical Engineering,STEM,0,0.1,1,0,0,3.6100000000000003,31,0,0,,0,-2.9
S201400493,2014,1,M,0,Hispanic,GA,INST_05,Urban University E (Research),research,3.38,59,1996,Accounting,Business,7061,1.038,1,1,5640,3.33,31,1,1,3.74,0,-1.962
S201400494,2014,0,F,0,Hispanic,VA,INST_01,State University A (Research),research,3.28,36,1996,Civil Engineering,STEM,21533,3.167,0,0,0,3.465,27,0,0,,1,0.167
S201400495,2014,1,M,0,Hispanic,NJ,INST_01,State University A (Research),research,2.75,76,1996,General Studies,Other,10442,1.536,1,1,6681,3.86,28,1,1,4.0,0,-1.464
S201400496,2014,0,F,0,Hispanic,NY,INST_05,Urban University E (Research),research,3.25,71,1996,Electrical Engineering,STEM,3569,0.525,1,0,0,2.5549999999999997,30,1,1,2.93,0,-2.475
S201400497,2014,0,F,0,White,NC,INST_02,State University B (Research),research,3.24,27,1996,Economics,Social Sciences,9580,1.409,1,1,6161,2.96,31,0,0,,0,-1.591
S201400498,2014,0,F,0,White,GA,INST_05,Urban University E (Research),research,2.94,48,1996,Nursing,Health,8042,1.183,1,1,8387,3.02,29,1,1,2.66,0,-1.817
S201400499,2014,0,F,0,Hispanic,MI,INST_02,State University B (Research),research,3.16,62,1996,Computer Science,STEM,26694,3.926,0,0,0,3.8200000000000003,31,1,0,,1,0.926
S201400500,2014,0,F,1,Hispanic,PA,INST_05,Urban University E (Research),research,3.01,49,1996,Undeclared,Other,7993,1.175,1,1,6031,3.535,31,1,0,,0,-1.825
S201400501,2014,0,M,0,Black,TX,INST_01,State University A (Research),research,2.7,45,1996,Finance,Business,10847,1.595,1,1,4390,3.17,34,0,0,,0,-1.405
S201400502,2014,0,F,0,White,GA,INST_05,Urban University E (Research),research,3.07,41,1996,Electrical Engineering,STEM,9688,1.425,1,0,0,3.115,25,0,0,,0,-1.575
S201400503,2014,0,F,0,White,MI,INST_02,State University B (Research),research,2.7,31,1996,Marketing,Business,17132,2.519,1,0,0,1.895,30,0,0,,0,-0.481
S201400504,2014,1,M,0,White,OH,INST_03,Regional College C (Teaching),teaching,2.87,76,1996,Communications,Other,648,0.1,1,0,0,3.3449999999999998,25,1,1,3.91,0,-2.9
S201400505,2014,0,F,0,Hispanic,FL,INST_04,Regional College D (Teaching),teaching,3.05,51,1996,Accounting,Business,9384,1.38,1,0,0,2.7199999999999998,27,0,0,,0,-1.62
S201400506,2014,1,M,0,Black,NC,INST_01,State University A (Research),research,2.34,66,1996,Public Health,Health,0,0.1,1,1,6215,3.74,29,1,1,3.75,0,-2.9
S201400507,2014,0,M,0,AIAN,VA,INST_01,State University A (Research),research,3.48,39,1996,Economics,Social Sciences,13272,1.952,1,1,4124,3.035,25,0,0,,0,-1.048
S201400508,2014,1,M,1,Asian,IL,INST_04,Regional College D (Teaching),teaching,2.54,56,1996,Management,Business,10956,1.611,1,1,3718,3.165,31,0,0,,0,-1.389
S201400509,2014,0,M,0,Hispanic,MI,INST_02,State University B (Research),research,3.89,67,1996,Economics-Bus,Business,7141,1.05,1,0,0,3.685,31,1,1,3.6,0,-1.95
S201400510,2014,0,M,1,White,NY,INST_03,Regional College C (Teaching),teaching,3.49,40,1996,Biomedical Engineering,STEM,4783,0.703,1,0,0,2.795,28,0,0,,0,-2.297
S201400511,2014,1,M,0,Hispanic,PA,INST_05,Urban University E (Research),research,3.43,56,1996,Nursing,Health,13420,1.974,1,1,5017,3.9699999999999998,30,0,0,,0,-1.026
S201400512,2014,1,M,1,Hispanic,MI,INST_03,Regional College C (Teaching),teaching,3.14,15,1996,Pre-Med,Health,25574,3.761,0,0,0,3.17,33,1,0,,1,0.761
S201400513,2014,0,M,1,Asian,MI,INST_01,State University A (Research),research,4.0,39,1996,General Studies,Other,3842,0.565,1,1,6444,3.1399999999999997,31,1,0,,0,-2.435
S201400514,2014,1,M,0,Asian,CA,INST_05,Urban University E (Research),research,3.33,43,1996,Management,Business,2865,0.421,1,0,0,2.94,28,0,0,,0,-2.579
S201400515,2014,0,M,0,White,TX,INST_05,Urban University E (Research),research,2.43,55,1996,Anthropology,Social Sciences,13490,1.984,1,1,5517,3.63,34,0,0,,0,-1.016
S201400516,2014,0,F,1,Multi,CA,INST_01,State University A (Research),research,3.03,16,1996,Communications,Other,8015,1.179,1,0,0,3.13,30,0,0,,0,-1.821
S201400517,2014,0,M,0,Asian,OH,INST_03,Regional College C (Teaching),teaching,3.17,48,1996,Sociology,Social Sciences,8433,1.24,1,1,4024,3.71,28,0,0,,0,-1.76
S201400518,2014,0,F,0,White,PA,INST_03,Regional College C (Teaching),teaching,3.52,80,1996,General Studies,Other,24043,3.536,0,0,0,3.5300000000000002,30,1,1,2.95,1,0.536
S201400519,2014,1,M,0,White,VA,INST_05,Urban University E (Research),research,3.52,71,1996,Biology,STEM,8246,1.213,1,0,0,3.165,25,1,1,3.22,0,-1.787
S201400520,2014,0,M,0,Hispanic,IL,INST_02,State University B (Research),research,3.33,51,1996,History,Humanities,0,0.1,1,0,0,2.59,29,1,0,,0,-2.9
S201400521,2014,0,F,0,White,NC,INST_04,Regional College D (Teaching),teaching,3.3,50,1996,Biomedical Engineering,STEM,0,0.1,1,1,6498,3.2350000000000003,25,1,1,3.34,0,-2.9
S201400522,2014,0,M,0,Black,VA,INST_03,Regional College C (Teaching),teaching,3.63,59,1996,Physics,STEM,25223,3.709,0,0,0,3.49,30,1,0,,1,0.709
S201400523,2014,0,F,0,White,FL,INST_05,Urban University E (Research),research,3.86,63,1996,Physics,STEM,13376,1.967,1,1,6604,3.96,28,0,0,,0,-1.033
S201400524,2014,1,F,0,White,NC,INST_01,State University A (Research),research,3.43,79,1996,Economics,Social Sciences,0,0.1,1,0,0,3.3150000000000004,31,1,1,3.43,0,-2.9
S201400525,2014,0,F,0,White,MI,INST_02,State University B (Research),research,3.34,19,1996,General Studies,Other,1941,0.285,1,1,5573,3.145,27,1,1,3.54,0,-2.715
S201400526,2014,0,F,0,Asian,NJ,INST_03,Regional College C (Teaching),teaching,3.71,52,1996,Undeclared,Other,5899,0.868,1,1,4415,3.0949999999999998,31,1,1,3.4,0,-2.132
S201400527,2014,0,M,0,Black,PA,INST_01,State University A (Research),research,3.11,40,1996,Economics-Bus,Business,4355,0.64,1,0,0,3.105,27,0,0,,0,-2.36
S201400528,2014,0,F,0,Multi,CA,INST_01,State University A (Research),research,2.76,46,1996,Marketing,Business,17847,2.625,1,1,5869,3.885,31,0,0,,0,-0.375
S201400529,2014,0,F,0,White,OH,INST_03,Regional College C (Teaching),teaching,2.73,63,1996,Marketing,Business,12952,1.905,1,1,6567,3.1799999999999997,30,1,1,3.23,0,-1.095
S201400530,2014,1,M,0,White,GA,INST_05,Urban University E (Research),research,3.38,51,1996,Biomedical Engineering,STEM,6310,0.928,1,1,5938,2.915,33,1,1,3.47,0,-2.072
S201400531,2014,0,M,0,Hispanic,NY,INST_03,Regional College C (Teaching),teaching,3.96,53,1996,Finance,Business,8731,1.284,1,0,0,2.92,28,1,1,3.09,0,-1.716
S201400532,2014,0,M,0,Asian,NY,INST_01,State University A (Research),research,3.01,17,1996,Accounting,Business,18982,2.791,1,1,6446,2.96,28,1,1,3.37,0,-0.209
S201400533,2014,1,F,1,Asian,NY,INST_03,Regional College C (Teaching),teaching,3.43,59,1996,Education,Other,0,0.1,1,0,0,2.87,30,1,1,3.17,0,-2.9
S201400534,2014,0,M,1,White,PA,INST_01,State University A (Research),research,3.15,36,1996,Chemistry,STEM,13476,1.982,1,0,0,2.51,30,1,0,,0,-1.018
S201400535,2014,1,F,0,White,FL,INST_01,State University A (Research),research,2.64,76,1995,Sociology,Social Sciences,9603,1.412,1,1,5723,3.285,29,0,0,,0,-1.588
S201400536,2014,1,F,0,Unknown,MI,INST_04,Regional College D (Teaching),teaching,3.28,59,1996,Chemistry,STEM,0,0.1,1,1,4416,3.265,33,1,0,,0,-2.9
S201400537,2014,0,F,1,Multi,TX,INST_01,State University A (Research),research,2.76,65,1996,Mathematics,STEM,15751,2.316,1,1,4173,3.8049999999999997,28,1,1,3.72,0,-0.684
S201400538,2014,0,F,1,Hispanic,VA,INST_02,State University B (Research),research,2.43,42,1996,Management,Business,14873,2.187,1,0,0,3.0949999999999998,34,1,0,,0,-0.813
S201400539,2014,0,M,0,Multi,OH,INST_02,State University B (Research),research,3.12,35,1996,Education,Other,8017,1.179,1,1,1909,3.85,31,0,0,,0,-1.821
S201400540,2014,0,M,0,Asian,NC,INST_01,State University A (Research),research,3.75,55,1996,Psychology,Social Sciences,16526,2.43,1,1,7631,3.38,27,1,0,,0,-0.57
S201400541,2014,0,F,0,Black,TX,INST_01,State University A (Research),research,2.6,47,1996,Finance,Business,10750,1.581,1,1,8465,2.7,24,1,1,2.4,0,-1.419
S201400542,2014,1,F,0,Black,TX,INST_03,Regional College C (Teaching),teaching,4.0,73,1996,Mathematics,STEM,7649,1.125,1,1,6320,3.57,31,1,0,,0,-1.875
S201400543,2014,0,F,0,Hispanic,NY,INST_03,Regional College C (Teaching),teaching,3.63,38,1996,Economics-Bus,Business,19312,2.84,1,0,0,3.035,28,1,1,4.0,0,-0.16
S201400544,2014,1,F,0,Hispanic,NJ,INST_04,Regional College D (Teaching),teaching,3.17,49,1996,Statistics,STEM,0,0.1,1,1,5202,3.81,30,1,0,,0,-2.9
S201400545,2014,1,M,0,White,IL,INST_02,State University B (Research),research,2.44,59,1996,Physics,STEM,2797,0.411,1,0,0,3.7199999999999998,31,0,0,,0,-2.589
S201400546,2014,1,F,1,Black,NC,INST_02,State University B (Research),research,3.49,20,1996,Nursing,Health,868,0.128,1,1,6153,2.91,30,1,0,,0,-2.872
S201400547,2014,1,M,0,Hispanic,FL,INST_02,State University B (Research),research,3.06,48,1996,Computer Science,STEM,16265,2.392,1,1,5719,3.3600000000000003,29,1,0,,0,-0.608
S201400548,2014,1,M,1,White,CA,INST_02,State University B (Research),research,2.83,29,1996,Computer Science,STEM,22027,3.239,0,1,5174,3.615,30,1,1,3.8,1,0.239
S201400549,2014,1,F,0,White,IL,INST_03,Regional College C (Teaching),teaching,3.08,86,1996,Management,Business,1629,0.24,1,1,5876,4.0,30,1,1,4.0,0,-2.76
S201400550,2014,1,F,0,White,CA,INST_02,State University B (Research),research,3.19,68,1996,Marketing,Business,0,0.1,1,1,3907,3.93,29,1,1,4.0,0,-2.9
S201400551,2014,1,F,0,White,NC,INST_04,Regional College D (Teaching),teaching,3.1,55,1996,Communications,Other,8134,1.196,1,1,6927,3.775,36,1,1,4.0,0,-1.804
S201400552,2014,0,M,0,Multi,CA,INST_03,Regional College C (Teaching),teaching,2.74,85,1996,Philosophy,Humanities,13802,2.03,1,1,2896,3.675,28,1,1,3.51,0,-0.97
S201400553,2014,1,M,0,Black,NJ,INST_03,Regional College C (Teaching),teaching,3.34,44,1996,Marketing,Business,7494,1.102,1,1,4208,3.0949999999999998,27,0,0,,0,-1.898
S201400554,2014,0,M,0,Asian,OH,INST_05,Urban University E (Research),research,3.09,51,1996,Nursing,Health,10896,1.602,1,1,7164,3.62,31,0,0,,0,-1.398
S201400555,2014,0,M,0,White,GA,INST_05,Urban University E (Research),research,3.58,64,1996,Pre-Med,Health,0,0.1,1,0,0,3.435,30,1,0,,0,-2.9
S201400556,2014,0,F,1,White,MI,INST_05,Urban University E (Research),research,2.78,52,1996,Nursing,Health,18829,2.769,1,1,6044,3.345,34,0,0,,0,-0.231
S201400557,2014,1,M,0,White,FL,INST_02,State University B (Research),research,3.31,47,1996,Civil Engineering,STEM,0,0.1,1,1,5212,3.45,30,0,0,,0,-2.9
S201400558,2014,0,F,0,White,OH,INST_02,State University B (Research),research,3.12,12,1996,Accounting,Business,16090,2.366,1,1,6325,3.645,31,1,0,,0,-0.634
S201400559,2014,0,F,0,White,FL,INST_04,Regional College D (Teaching),teaching,3.64,70,1996,Art History,Humanities,9898,1.456,1,0,0,2.995,26,0,0,,0,-1.544
S201400560,2014,0,F,0,White,IL,INST_03,Regional College C (Teaching),teaching,3.14,68,1996,Accounting,Business,10417,1.532,1,0,0,3.62,30,0,0,,0,-1.468
S201400561,2014,0,F,0,Black,VA,INST_03,Regional College C (Teaching),teaching,3.09,49,1996,Art History,Humanities,6234,0.917,1,1,4745,3.06,30,0,0,,0,-2.083
S201400562,2014,0,F,0,Hispanic,NC,INST_03,Regional College C (Teaching),teaching,3.73,71,1996,Political Science,Social Sciences,10580,1.556,1,1,5573,3.6799999999999997,26,1,1,4.0,0,-1.444
S201400563,2014,1,F,1,White,PA,INST_03,Regional College C (Teaching),teaching,2.71,39,1996,Political Science,Social Sciences,3604,0.53,1,0,0,2.745,32,0,0,,0,-2.47
S201400564,2014,0,F,0,White,GA,INST_05,Urban University E (Research),research,2.74,66,1996,Accounting,Business,12651,1.86,1,0,0,3.105,31,1,1,3.54,0,-1.14
S201400565,2014,0,M,0,White,FL,INST_04,Regional College D (Teaching),teaching,2.97,45,1996,Computer Science,STEM,13959,2.053,1,1,5660,2.82,31,0,0,,0,-0.947
S201400566,2014,0,F,0,White,MI,INST_02,State University B (Research),research,2.67,61,1995,Pre-Med,Health,2793,0.411,1,1,4065,3.635,29,1,0,,0,-2.589
S201400567,2014,1,M,0,Hispanic,IL,INST_03,Regional College C (Teaching),teaching,2.27,76,1996,History,Humanities,19836,2.917,1,1,7251,3.7199999999999998,25,0,0,,0,-0.083
S201400568,2014,0,F,0,White,CA,INST_02,State University B (Research),research,2.63,63,1996,Sociology,Social Sciences,19428,2.857,1,1,5388,3.685,28,1,1,4.0,0,-0.143
S201400569,2014,1,F,1,White,NC,INST_05,Urban University E (Research),research,3.73,54,1996,Physics,STEM,2499,0.368,1,1,7699,3.79,30,1,1,3.75,0,-2.632
S201400570,2014,0,M,0,Asian,PA,INST_01,State University A (Research),research,3.26,49,1996,Spanish,Humanities,29296,4.308,0,1,6996,2.65,33,1,0,,1,1.308
S201400571,2014,0,M,0,White,GA,INST_05,Urban University E (Research),research,2.67,34,1996,English,Humanities,8991,1.322,1,1,6022,3.42,29,0,0,,0,-1.678
S201400572,2014,0,F,0,White,PA,INST_04,Regional College D (Teaching),teaching,3.68,41,1996,Biomedical Engineering,STEM,10700,1.574,1,1,7804,3.7,29,0,0,,0,-1.426
S201400573,2014,1,F,1,White,FL,INST_05,Urban University E (Research),research,2.84,22,1996,Biology,STEM,0,0.1,1,1,5438,2.9400000000000004,24,1,1,3.05,0,-2.9
S201400574,2014,0,M,0,White,TX,INST_03,Regional College C (Teaching),teaching,3.43,47,1996,Nursing,Health,11988,1.763,1,1,3455,3.51,31,1,0,,0,-1.237
S201400575,2014,0,F,0,Hispanic,CA,INST_03,Regional College C (Teaching),teaching,2.98,43,1996,Nursing,Health,1643,0.242,1,1,5905,2.835,32,1,0,,0,-2.758
S201400576,2014,0,M,1,Black,CA,INST_03,Regional College C (Teaching),teaching,2.9,28,1996,Sociology,Social Sciences,10354,1.523,1,1,4293,3.855,30,1,1,4.0,0,-1.477
S201400577,2014,1,F,1,White,CA,INST_04,Regional College D (Teaching),teaching,2.6,44,1996,Mechanical Engineering,STEM,10931,1.608,1,1,2893,3.315,31,0,0,,0,-1.392
S201400578,2014,0,F,0,Hispanic,TX,INST_04,Regional College D (Teaching),teaching,2.17,66,1996,Chemistry,STEM,18200,2.676,1,1,6127,3.46,27,1,0,,0,-0.324
S201400579,2014,0,F,1,White,VA,INST_05,Urban University E (Research),research,3.37,63,1996,Psychology,Social Sciences,7592,1.116,1,1,5742,3.5949999999999998,34,1,1,3.54,0,-1.884
S201400580,2014,0,M,0,White,NJ,INST_05,Urban University E (Research),research,3.37,54,1996,General Studies,Other,15213,2.237,1,1,3980,3.25,36,1,0,,0,-0.763
S201400581,2014,0,F,1,White,OH,INST_05,Urban University E (Research),research,3.12,46,1996,Anthropology,Social Sciences,19096,2.808,1,1,4565,3.8,31,0,0,,0,-0.192
S201400582,2014,0,F,0,White,TX,INST_05,Urban University E (Research),research,3.33,86,1996,Kinesiology,Health,0,0.1,1,0,0,3.4,28,0,0,,0,-2.9
S201400583,2014,0,M,1,Hispanic,NC,INST_01,State University A (Research),research,3.44,53,1996,Management,Business,13809,2.031,1,1,7387,2.96,31,1,1,3.82,0,-0.969
S201400584,2014,0,F,0,Multi,NY,INST_01,State University A (Research),research,3.23,57,1996,Statistics,STEM,9837,1.447,1,1,2603,3.405,31,1,1,3.1,0,-1.553
S201400585,2014,1,M,1,Asian,VA,INST_05,Urban University E (Research),research,3.34,78,1996,Biomedical Engineering,STEM,7440,1.094,1,1,5725,3.92,32,1,1,4.0,0,-1.906
S201400586,2014,1,M,0,Black,PA,INST_01,State University A (Research),research,3.07,56,1996,Economics,Social Sciences,11945,1.757,1,0,0,3.035,30,1,0,,0,-1.243
S201400587,2014,1,F,0,Hispanic,GA,INST_03,Regional College C (Teaching),teaching,4.0,43,1996,History,Humanities,0,0.1,1,0,0,3.32,32,0,0,,0,-2.9
S201400588,2014,1,M,0,Hispanic,NC,INST_02,State University B (Research),research,3.03,10,1996,Public Health,Health,0,0.1,1,1,5440,3.76,27,1,1,3.78,0,-2.9
S201400589,2014,1,F,0,Black,FL,INST_04,Regional College D (Teaching),teaching,3.91,55,1996,Electrical Engineering,STEM,0,0.1,1,0,0,3.095,28,0,0,,0,-2.9
S201400590,2014,0,F,0,White,MI,INST_05,Urban University E (Research),research,2.86,56,1996,Political Science,Social Sciences,4230,0.622,1,0,0,3.09,25,0,0,,0,-2.378
S201400591,2014,0,F,0,White,CA,INST_01,State University A (Research),research,3.46,73,1996,Psychology,Social Sciences,5526,0.813,1,1,8123,3.275,31,1,0,,0,-2.187
S201400592,2014,0,F,1,Hispanic,MI,INST_02,State University B (Research),research,3.74,31,1996,Sociology,Social Sciences,15464,2.274,1,1,6686,3.795,32,0,0,,0,-0.726
S201400593,2014,0,F,1,White,GA,INST_03,Regional College C (Teaching),teaching,3.06,59,1996,Accounting,Business,10680,1.571,1,1,5987,3.715,32,1,0,,0,-1.429
S201400594,2014,0,F,0,Asian,OH,INST_01,State University A (Research),research,3.61,81,1996,Undeclared,Other,18293,2.69,1,0,0,3.315,25,1,1,3.58,0,-0.31
S201400595,2014,1,F,1,Asian,IL,INST_01,State University A (Research),research,2.9,7,1996,Chemistry,STEM,23404,3.442,0,0,0,2.8449999999999998,33,1,0,,1,0.442
S201400596,2014,1,F,0,White,VA,INST_02,State University B (Research),research,2.99,22,1996,Kinesiology,Health,9299,1.368,1,1,4746,3.25,32,1,0,,0,-1.632
S201400597,2014,0,F,0,White,NJ,INST_01,State University A (Research),research,2.77,50,1996,Art History,Humanities,8133,1.196,1,0,0,2.72,30,1,0,,0,-1.804
S201400598,2014,0,F,1,White,CA,INST_03,Regional College C (Teaching),teaching,3.24,32,1996,Education,Other,5946,0.874,1,1,6768,3.98,32,1,0,,0,-2.126
S201400599,2014,1,F,0,Asian,OH,INST_01,State University A (Research),research,3.08,55,1996,Anthropology,Social Sciences,22150,3.257,0,0,0,3.565,31,0,0,,1,0.257
S201400600,2014,1,M,0,White,PA,INST_02,State University B (Research),research,3.72,32,1996,Education,Other,15998,2.353,1,1,5105,3.955,34,1,0,,0,-0.647
S201400601,2014,0,M,0,White,PA,INST_05,Urban University E (Research),research,4.0,46,1996,Spanish,Humanities,21709,3.192,0,0,0,3.66,31,1,0,,1,0.192
S201400602,2014,0,F,0,White,VA,INST_01,State University A (Research),research,3.97,65,1996,Education,Other,17008,2.501,1,1,7136,3.185,29,0,0,,0,-0.499
S201400603,2014,0,F,1,Multi,OH,INST_02,State University B (Research),research,2.91,29,1996,Sociology,Social Sciences,16023,2.356,1,0,0,2.535,31,0,0,,0,-0.644
S201400604,2014,1,F,0,Hispanic,MI,INST_04,Regional College D (Teaching),teaching,3.48,58,1996,Mathematics,STEM,11553,1.699,1,1,6430,3.425,32,0,0,,0,-1.301
S201400605,2014,0,M,0,Hispanic,OH,INST_05,Urban University E (Research),research,2.8,71,1996,Accounting,Business,10229,1.504,1,1,7869,3.3600000000000003,33,0,0,,0,-1.496
S201400606,2014,0,M,1,Black,IL,INST_02,State University B (Research),research,2.7,42,1996,Mathematics,STEM,19533,2.872,1,1,5323,3.51,27,1,0,,0,-0.128
S201400607,2014,1,F,1,White,FL,INST_03,Regional College C (Teaching),teaching,3.03,47,1996,Finance,Business,2352,0.346,1,1,6044,3.625,27,0,0,,0,-2.654
S201400608,2014,0,F,0,Black,PA,INST_02,State University B (Research),research,2.89,55,1996,Communications,Other,6485,0.954,1,1,5728,3.925,33,0,0,,0,-2.046
S201400609,2014,1,F,0,White,NC,INST_05,Urban University E (Research),research,2.42,57,1996,Anthropology,Social Sciences,26162,3.847,0,1,5616,3.36,29,1,1,3.68,1,0.847
S201400610,2014,0,M,0,White,NY,INST_05,Urban University E (Research),research,3.03,29,1996,Nursing,Health,9753,1.434,1,1,5974,3.23,28,0,0,,0,-1.566
S201400611,2014,1,F,0,AIAN,FL,INST_02,State University B (Research),research,3.43,59,1996,Mathematics,STEM,0,0.1,1,1,6165,3.5300000000000002,31,0,0,,0,-2.9
S201400612,2014,1,M,1,White,NJ,INST_05,Urban University E (Research),research,2.73,60,1996,Accounting,Business,9602,1.412,1,0,0,3.205,28,0,0,,0,-1.588
S201400613,2014,1,F,0,White,VA,INST_04,Regional College D (Teaching),teaching,3.18,51,1996,General Studies,Other,5119,0.753,1,1,6092,3.685,31,0,0,,0,-2.247
S201400614,2014,0,F,0,White,NY,INST_02,State University B (Research),research,2.76,66,1996,Anthropology,Social Sciences,7108,1.045,1,1,6102,3.15,34,1,0,,0,-1.955
S201400615,2014,1,F,1,Hispanic,NJ,INST_04,Regional College D (Teaching),teaching,3.32,83,1996,Statistics,STEM,19039,2.8,1,1,4761,3.8049999999999997,28,1,0,,0,-0.2
S201400616,2014,0,F,1,Black,NJ,INST_01,State University A (Research),research,3.61,46,1996,Electrical Engineering,STEM,11179,1.644,1,1,6578,3.455,29,1,0,,0,-1.356
S201400617,2014,0,F,0,White,NJ,INST_03,Regional College C (Teaching),teaching,3.44,71,1996,Psychology,Social Sciences,17781,2.615,1,0,0,3.555,31,1,1,3.99,0,-0.385
S201400618,2014,0,M,0,White,NY,INST_04,Regional College D (Teaching),teaching,3.37,33,1996,Electrical Engineering,STEM,11460,1.685,1,1,4764,3.8,31,1,1,3.96,0,-1.315
S201400619,2014,0,M,0,Asian,VA,INST_02,State University B (Research),research,3.74,33,1996,Economics,Social Sciences,12167,1.789,1,1,5979,2.625,29,1,0,,0,-1.211
S201400620,2014,0,F,0,White,GA,INST_03,Regional College C (Teaching),teaching,3.1,66,1996,Chemistry,STEM,14055,2.067,1,1,5891,2.73,24,0,0,,0,-0.933
S201400621,2014,0,M,0,White,OH,INST_04,Regional College D (Teaching),teaching,2.56,53,1996,Sociology,Social Sciences,3672,0.54,1,1,7032,3.0949999999999998,30,1,0,,0,-2.46
S201400622,2014,1,F,1,Asian,MI,INST_04,Regional College D (Teaching),teaching,2.75,46,1996,Nursing,Health,7444,1.095,1,1,5626,4.0,26,1,1,3.79,0,-1.905
S201400623,2014,0,M,1,Black,NY,INST_05,Urban University E (Research),research,2.86,62,1996,Philosophy,Humanities,18004,2.648,1,1,6808,3.04,31,1,1,3.37,0,-0.352
S201400624,2014,0,F,1,Unknown,TX,INST_05,Urban University E (Research),research,2.48,90,1996,Mathematics,STEM,6084,0.895,1,1,3865,3.83,31,0,0,,0,-2.105
S201400625,2014,0,M,1,Asian,TX,INST_02,State University B (Research),research,3.54,44,1996,Communications,Other,14015,2.061,1,1,3608,3.71,25,1,0,,0,-0.939
S201400626,2014,1,M,0,Asian,NC,INST_05,Urban University E (Research),research,3.88,58,1996,Marketing,Business,8739,1.285,1,1,4479,3.6799999999999997,31,1,0,,0,-1.715
S201400627,2014,0,F,0,White,IL,INST_03,Regional College C (Teaching),teaching,2.9,61,1996,Management,Business,3169,0.466,1,0,0,2.885,28,1,0,,0,-2.534
S201400628,2014,1,F,1,White,NJ,INST_03,Regional College C (Teaching),teaching,3.17,58,1996,Marketing,Business,13823,2.033,1,1,4882,3.7,29,0,0,,0,-0.967
S201400629,2014,1,M,1,Multi,NY,INST_04,Regional College D (Teaching),teaching,3.66,38,1996,Biology,STEM,0,0.1,1,0,0,3.125,30,1,0,,0,-2.9
S201400630,2014,0,F,0,White,NJ,INST_01,State University A (Research),research,2.95,66,1996,Communications,Other,12344,1.815,1,1,5749,3.7199999999999998,28,1,1,4.0,0,-1.185
S201400631,2014,0,M,1,Black,NY,INST_05,Urban University E (Research),research,3.64,30,1996,Physics,STEM,3504,0.515,1,1,6490,2.9450000000000003,29,0,0,,0,-2.485
S201400632,2014,0,F,0,Asian,MI,INST_02,State University B (Research),research,3.67,61,1996,Art History,Humanities,9824,1.445,1,1,6228,3.99,31,1,1,4.0,0,-1.555
S201400633,2014,0,F,0,White,IL,INST_04,Regional College D (Teaching),teaching,3.48,29,1996,General Studies,Other,5924,0.871,1,0,0,3.21,29,1,1,3.61,0,-2.129
S201400634,2014,1,F,0,Black,IL,INST_01,State University A (Research),research,3.0,94,1996,Electrical Engineering,STEM,0,0.1,1,1,5670,3.465,27,1,1,3.92,0,-2.9
S201400635,2014,1,F,0,White,OH,INST_04,Regional College D (Teaching),teaching,2.66,53,1996,General Studies,Other,0,0.1,1,1,5974,3.49,29,0,0,,0,-2.9
S201400636,2014,0,F,0,White,NJ,INST_01,State University A (Research),research,4.0,70,1996,Economics,Social Sciences,11453,1.684,1,0,0,3.815,27,1,0,,0,-1.316
S201400637,2014,0,F,0,White,NJ,INST_04,Regional College D (Teaching),teaching,3.6,63,1996,Anthropology,Social Sciences,14111,2.075,1,0,0,3.34,27,1,1,3.43,0,-0.925
S201400638,2014,0,F,1,White,NJ,INST_02,State University B (Research),research,3.85,25,1996,Public Health,Health,11998,1.764,1,1,4631,3.7350000000000003,32,1,0,,0,-1.236
S201400639,2014,1,M,0,White,NY,INST_05,Urban University E (Research),research,4.0,54,1996,Communications,Other,1399,0.206,1,0,0,3.215,30,1,1,3.33,0,-2.794
S201400640,2014,0,M,0,Black,FL,INST_03,Regional College C (Teaching),teaching,2.85,45,1996,Biology,STEM,20019,2.944,1,0,0,2.9349999999999996,24,1,0,,0,-0.056
S201400641,2014,1,F,0,White,GA,INST_05,Urban University E (Research),research,3.21,55,1996,General Studies,Other,3502,0.515,1,1,6927,3.315,31,1,0,,0,-2.485
S201400642,2014,0,M,0,White,CA,INST_01,State University A (Research),research,3.8,41,1996,Mechanical Engineering,STEM,16811,2.472,1,0,0,3.4050000000000002,31,0,0,,0,-0.528
S201400643,2014,1,F,0,White,NC,INST_04,Regional College D (Teaching),teaching,3.72,52,1996,Management,Business,908,0.134,1,1,5998,3.66,32,0,0,,0,-2.866
S201400644,2014,0,F,0,White,MI,INST_02,State University B (Research),research,3.25,36,1996,Anthropology,Social Sciences,10802,1.589,1,1,5079,3.6399999999999997,26,0,0,,0,-1.411
S201400645,2014,0,F,0,Black,TX,INST_01,State University A (Research),research,2.79,47,1996,Education,Other,16020,2.356,1,0,0,2.4400000000000004,30,1,0,,0,-0.644
S201400646,2014,0,M,0,White,PA,INST_02,State University B (Research),research,3.72,66,1996,Economics,Social Sciences,8228,1.21,1,0,0,3.38,31,0,0,,0,-1.79
S201400647,2014,1,M,1,Multi,OH,INST_03,Regional College C (Teaching),teaching,3.18,58,1996,Communications,Other,10955,1.611,1,1,5168,3.98,28,0,0,,0,-1.389
S201400648,2014,1,M,0,Black,VA,INST_03,Regional College C (Teaching),teaching,3.93,67,1996,Electrical Engineering,STEM,0,0.1,1,1,3865,3.74,28,1,1,4.0,0,-2.9
S201400649,2014,1,M,1,White,NC,INST_03,Regional College C (Teaching),teaching,2.64,46,1995,Anthropology,Social Sciences,9395,1.382,1,0,0,3.415,31,0,0,,0,-1.618
S201400650,2014,1,M,0,Asian,CA,INST_02,State University B (Research),research,2.96,87,1996,General Studies,Other,1178,0.173,1,0,0,3.585,30,1,1,4.0,0,-2.827
S201400651,2014,0,F,0,Black,OH,INST_04,Regional College D (Teaching),teaching,3.33,44,1996,Management,Business,4880,0.718,1,0,0,3.2,25,1,1,3.2,0,-2.282
S201400652,2014,0,M,0,Hispanic,MI,INST_04,Regional College D (Teaching),teaching,3.01,29,1996,Computer Science,STEM,3544,0.521,1,1,3650,3.02,31,1,1,3.36,0,-2.479
S201400653,2014,0,F,0,White,TX,INST_05,Urban University E (Research),research,3.52,69,1996,Nursing,Health,10881,1.6,1,1,7075,3.76,28,0,0,,0,-1.4
S201400654,2014,1,M,0,White,PA,INST_04,Regional College D (Teaching),teaching,3.29,24,1996,Pre-Med,Health,7610,1.119,1,1,4067,3.1950000000000003,31,0,0,,0,-1.881
S201400655,2014,0,F,0,White,PA,INST_01,State University A (Research),research,3.83,64,1996,Management,Business,12164,1.789,1,1,7849,3.705,31,1,1,3.81,0,-1.211
S201400656,2014,0,F,1,White,MI,INST_02,State University B (Research),research,3.62,54,1996,English,Humanities,2716,0.399,1,1,7444,2.755,32,1,0,,0,-2.601
S201400657,2014,0,F,0,Hispanic,MI,INST_04,Regional College D (Teaching),teaching,2.52,65,1996,Pre-Med,Health,18254,2.684,1,0,0,3.17,29,0,0,,0,-0.316
S201400658,2014,0,F,0,White,FL,INST_03,Regional College C (Teaching),teaching,3.25,82,1996,Accounting,Business,10430,1.534,1,1,8228,3.76,31,1,1,3.81,0,-1.466
S201400659,2014,0,M,0,Black,TX,INST_02,State University B (Research),research,3.34,32,1996,Kinesiology,Health,23836,3.505,0,0,0,3.1500000000000004,31,1,1,3.46,1,0.505
S201400660,2014,0,M,0,White,NJ,INST_04,Regional College D (Teaching),teaching,2.92,37,1996,Pre-Med,Health,16762,2.465,1,0,0,3.425,28,1,1,3.81,0,-0.535
S201400661,2014,0,F,0,White,GA,INST_03,Regional College C (Teaching),teaching,3.58,3,1996,Biomedical Engineering,STEM,5580,0.821,1,1,6381,3.66,31,1,1,3.72,0,-2.179
S201400662,2014,0,F,0,White,FL,INST_04,Regional College D (Teaching),teaching,3.04,50,1996,Undeclared,Other,10171,1.496,1,1,5994,3.455,33,1,1,3.72,0,-1.504
S201400663,2014,1,F,1,Hispanic,MI,INST_03,Regional College C (Teaching),teaching,2.36,57,1996,Biology,STEM,1719,0.253,1,0,0,2.53,25,0,0,,0,-2.747
S201400664,2014,0,M,0,White,MI,INST_02,State University B (Research),research,3.4,25,1996,Biomedical Engineering,STEM,21961,3.23,0,1,4390,3.535,29,0,0,,1,0.23
S201400665,2014,0,F,0,White,NC,INST_02,State University B (Research),research,4.0,56,1996,Civil Engineering,STEM,6791,0.999,1,1,5974,3.925,33,0,0,,0,-2.001
S201400666,2014,0,F,0,Black,NJ,INST_05,Urban University E (Research),research,3.57,61,1996,Kinesiology,Health,7392,1.087,1,1,4034,3.66,29,1,0,,0,-1.913
S201400667,2014,1,M,0,White,OH,INST_03,Regional College C (Teaching),teaching,2.86,90,1996,Sociology,Social Sciences,24456,3.596,0,0,0,3.3449999999999998,31,1,0,,1,0.596
S201400668,2014,1,F,1,White,FL,INST_05,Urban University E (Research),research,3.33,25,1996,Chemistry,STEM,1658,0.244,1,0,0,2.825,28,1,1,3.26,0,-2.756
S201400669,2014,0,F,1,White,NC,INST_05,Urban University E (Research),research,3.17,63,1996,Education,Other,14027,2.063,1,1,7552,3.04,31,0,0,,0,-0.937
S201400670,2014,0,M,0,Hispanic,NJ,INST_01,State University A (Research),research,2.85,56,1996,Pre-Med,Health,10041,1.477,1,1,2773,2.95,27,1,1,2.84,0,-1.523
S201400671,2014,0,F,0,Black,NC,INST_03,Regional College C (Teaching),teaching,1.96,35,1996,Accounting,Business,7641,1.124,1,1,6657,3.0250000000000004,30,1,0,,0,-1.876
S201400672,2014,0,M,1,White,GA,INST_03,Regional College C (Teaching),teaching,3.76,69,1996,Communications,Other,4573,0.672,1,1,2518,3.475,29,1,1,3.71,0,-2.328
S201400673,2014,0,F,1,Black,IL,INST_04,Regional College D (Teaching),teaching,3.81,92,1996,Psychology,Social Sciences,20259,2.979,1,1,5537,3.3099999999999996,31,1,1,3.67,0,-0.021
S201400674,2014,1,M,0,White,OH,INST_05,Urban University E (Research),research,3.83,43,1996,Sociology,Social Sciences,13530,1.99,1,1,4396,3.26,30,1,0,,0,-1.01
S201400675,2014,1,F,0,Hispanic,NJ,INST_02,State University B (Research),research,3.14,76,1996,Mechanical Engineering,STEM,13209,1.942,1,0,0,3.61,30,1,1,3.85,0,-1.058
S201400676,2014,0,F,0,White,NJ,INST_05,Urban University E (Research),research,3.85,74,1996,Physics,STEM,20007,2.942,1,1,6378,3.425,30,0,0,,0,-0.058
S201400677,2014,0,M,0,Hispanic,IL,INST_01,State University A (Research),research,3.93,38,1996,Pre-Med,Health,13613,2.002,1,1,7029,3.13,27,1,0,,0,-0.998
S201400678,2014,0,M,0,White,GA,INST_05,Urban University E (Research),research,3.61,49,1996,Anthropology,Social Sciences,9679,1.423,1,0,0,3.8,29,1,1,3.84,0,-1.577
S201400679,2014,1,F,0,Asian,GA,INST_05,Urban University E (Research),research,3.65,30,1996,Finance,Business,6989,1.028,1,1,4028,3.675,31,1,0,,0,-1.972
S201400680,2014,1,M,0,White,NJ,INST_02,State University B (Research),research,3.26,63,1996,Sociology,Social Sciences,0,0.1,1,1,6091,3.6950000000000003,30,0,0,,0,-2.9
S201400681,2014,1,M,1,White,IL,INST_05,Urban University E (Research),research,3.23,58,1996,Accounting,Business,13040,1.918,1,1,7556,3.13,36,1,0,,0,-1.082
S201400682,2014,0,F,0,White,NY,INST_04,Regional College D (Teaching),teaching,3.03,65,1996,Biomedical Engineering,STEM,21103,3.103,0,0,0,3.1100000000000003,29,1,0,,1,0.103
S201400683,2014,0,F,0,Black,GA,INST_05,Urban University E (Research),research,2.31,64,1996,Spanish,Humanities,921,0.135,1,1,6118,3.3049999999999997,27,1,0,,0,-2.865
S201400684,2014,1,M,1,Hispanic,NC,INST_03,Regional College C (Teaching),teaching,2.49,78,1996,Physics,STEM,2035,0.299,1,0,0,3.165,31,0,0,,0,-2.701
S201400685,2014,0,F,1,Multi,NJ,INST_05,Urban University E (Research),research,3.11,39,1996,Finance,Business,18702,2.75,1,0,0,2.895,25,1,1,2.85,0,-0.25
S201400686,2014,1,M,0,Asian,OH,INST_02,State University B (Research),research,3.61,42,1996,Anthropology,Social Sciences,12359,1.818,1,1,4490,3.855,30,1,0,,0,-1.182
S201400687,2014,1,M,0,Black,NC,INST_04,Regional College D (Teaching),teaching,2.47,70,1996,English,Humanities,3989,0.587,1,0,0,2.965,30,0,0,,0,-2.413
S201400688,2014,1,F,0,White,OH,INST_01,State University A (Research),research,3.85,18,1996,Management,Business,0,0.1,1,1,6278,3.745,30,1,0,,0,-2.9
S201400689,2014,1,F,1,Black,NJ,INST_02,State University B (Research),research,3.24,59,1996,Biology,STEM,4474,0.658,1,1,7870,3.4850000000000003,30,1,0,,0,-2.342
S201400690,2014,1,F,0,White,GA,INST_03,Regional College C (Teaching),teaching,3.09,77,1996,Physics,STEM,3910,0.575,1,1,6135,3.91,28,1,1,3.54,0,-2.425
S201400691,2014,0,F,0,White,NC,INST_03,Regional College C (Teaching),teaching,2.95,58,1996,History,Humanities,8652,1.272,1,1,7092,3.3200000000000003,30,0,0,,0,-1.728
S201400692,2014,1,F,0,White,IL,INST_05,Urban University E (Research),research,2.5,45,1996,Kinesiology,Health,9170,1.349,1,0,0,3.37,25,1,0,,0,-1.651
S201400693,2014,0,M,1,White,GA,INST_04,Regional College D (Teaching),teaching,3.9,56,1996,Marketing,Business,15524,2.283,1,0,0,3.455,31,1,1,3.35,0,-0.717
S201400694,2014,1,M,0,White,TX,INST_02,State University B (Research),research,3.72,82,1996,Computer Science,STEM,8377,1.232,1,0,0,2.635,27,1,1,2.72,0,-1.768
S201400695,2014,0,F,0,White,FL,INST_05,Urban University E (Research),research,3.96,51,1996,Statistics,STEM,9330,1.372,1,1,6833,4.0,28,1,0,,0,-1.628
S201400696,2014,0,M,1,Asian,PA,INST_04,Regional College D (Teaching),teaching,3.07,82,1996,Finance,Business,2611,0.384,1,1,4801,3.465,33,1,1,3.7,0,-2.616
S201400697,2014,0,F,1,AIAN,CA,INST_03,Regional College C (Teaching),teaching,3.7,60,1996,Art History,Humanities,5785,0.851,1,1,7274,3.84,30,1,0,,0,-2.149
S201400698,2014,0,F,0,White,OH,INST_05,Urban University E (Research),research,3.24,23,1996,Kinesiology,Health,22245,3.271,0,0,0,2.99,30,0,0,,1,0.271
S201400699,2014,0,F,1,Unknown,NJ,INST_03,Regional College C (Teaching),teaching,3.01,34,1996,Economics,Social Sciences,9172,1.349,1,0,0,2.715,30,1,0,,0,-1.651
S201400700,2014,1,F,0,White,FL,INST_03,Regional College C (Teaching),teaching,2.98,34,1996,Statistics,STEM,2604,0.383,1,1,7814,3.135,33,0,0,,0,-2.617
S201400701,2014,1,M,0,Multi,CA,INST_01,State University A (Research),research,2.96,70,1996,Biology,STEM,3404,0.501,1,1,6438,3.0700000000000003,25,1,1,3.23,0,-2.499
S201400702,2014,1,M,0,Multi,NC,INST_05,Urban University E (Research),research,3.73,75,1996,Mathematics,STEM,1968,0.289,1,0,0,3.99,30,0,0,,0,-2.711
S201400703,2014,1,M,0,White,PA,INST_05,Urban University E (Research),research,3.78,59,1996,Economics,Social Sciences,0,0.1,1,1,7134,3.965,29,1,1,4.0,0,-2.9
S201400704,2014,0,M,0,White,TX,INST_02,State University B (Research),research,4.0,34,1996,Undeclared,Other,24967,3.672,0,0,0,3.275,26,1,1,3.51,1,0.672
S201400705,2014,1,M,0,Hispanic,OH,INST_01,State University A (Research),research,3.85,48,1996,Marketing,Business,13327,1.96,1,1,6153,3.785,31,0,0,,0,-1.04
S201400706,2014,0,F,0,Black,TX,INST_05,Urban University E (Research),research,3.07,83,1995,Art History,Humanities,460,0.1,1,1,4096,3.42,32,0,0,,0,-2.9
S201400707,2014,1,M,0,White,PA,INST_02,State University B (Research),research,3.3,65,1996,Physics,STEM,9818,1.444,1,1,5043,4.0,28,1,1,4.0,0,-1.556
S201400708,2014,0,F,0,White,MI,INST_01,State University A (Research),research,2.69,57,1996,Sociology,Social Sciences,23997,3.529,0,0,0,3.8449999999999998,31,1,1,4.0,1,0.529
S201400709,2014,0,F,0,White,MI,INST_05,Urban University E (Research),research,3.09,64,1996,Civil Engineering,STEM,15684,2.306,1,1,4267,3.38,24,0,0,,0,-0.694
S201400710,2014,0,M,0,White,IL,INST_05,Urban University E (Research),research,3.13,88,1996,Spanish,Humanities,8411,1.237,1,0,0,3.695,30,1,0,,0,-1.763
S201400711,2014,0,F,1,Black,CA,INST_03,Regional College C (Teaching),teaching,3.72,95,1996,Political Science,Social Sciences,17517,2.576,1,1,5478,3.7800000000000002,28,1,1,3.97,0,-0.424
S201400712,2014,0,M,1,White,NJ,INST_05,Urban University E (Research),research,3.01,65,1996,Statistics,STEM,0,0.1,1,1,5884,3.335,28,0,0,,0,-2.9
S201400713,2014,0,F,1,Black,NY,INST_04,Regional College D (Teaching),teaching,2.73,74,1996,Management,Business,17500,2.574,1,1,5357,3.8049999999999997,24,0,0,,0,-0.426
S201400714,2014,0,F,0,Multi,NJ,INST_01,State University A (Research),research,2.9,48,1996,Nursing,Health,18403,2.706,1,0,0,2.65,32,0,0,,0,-0.294
S201400715,2014,0,M,1,Asian,CA,INST_04,Regional College D (Teaching),teaching,2.96,53,1996,Public Health,Health,10502,1.544,1,1,6285,3.585,30,0,0,,0,-1.456
S201400716,2014,0,F,0,White,GA,INST_03,Regional College C (Teaching),teaching,2.77,68,1996,Electrical Engineering,STEM,18433,2.711,1,0,0,3.25,30,1,0,,0,-0.289
S201400717,2014,0,M,0,Asian,TX,INST_03,Regional College C (Teaching),teaching,3.81,30,1996,Statistics,STEM,8954,1.317,1,0,0,3.93,27,1,1,4.0,0,-1.683
S201400718,2014,1,F,0,White,NY,INST_01,State University A (Research),research,2.67,79,1996,Statistics,STEM,10945,1.61,1,0,0,3.125,31,1,0,,0,-1.39
S201400719,2014,1,M,1,White,CA,INST_04,Regional College D (Teaching),teaching,2.9,87,1996,Statistics,STEM,3126,0.46,1,1,6814,2.8049999999999997,28,0,0,,0,-2.54
S201400720,2014,0,M,0,Hispanic,NY,INST_05,Urban University E (Research),research,2.89,65,1996,Public Health,Health,6260,0.921,1,1,5571,2.92,29,0,0,,0,-2.079
S201400721,2014,1,F,1,White,VA,INST_04,Regional College D (Teaching),teaching,2.71,45,1996,Anthropology,Social Sciences,10138,1.491,1,0,0,3.175,31,0,0,,0,-1.509
S201400722,2014,1,M,0,White,NC,INST_02,State University B (Research),research,3.95,77,1996,Civil Engineering,STEM,221,0.1,1,1,5128,3.785,31,0,0,,0,-2.9
S201400723,2014,0,M,1,Hispanic,MI,INST_01,State University A (Research),research,2.51,79,1996,Communications,Other,16618,2.444,1,0,0,3.835,33,0,0,,0,-0.556
S201400724,2014,0,F,0,Black,GA,INST_03,Regional College C (Teaching),teaching,2.65,41,1996,Electrical Engineering,STEM,17935,2.638,1,0,0,3.41,30,0,0,,0,-0.362
S201400725,2014,0,M,0,White,CA,INST_02,State University B (Research),research,3.52,45,1996,Mathematics,STEM,16430,2.416,1,0,0,2.9699999999999998,30,0,0,,0,-0.584
S201400726,2014,0,M,0,White,OH,INST_04,Regional College D (Teaching),teaching,2.45,85,1996,English,Humanities,9267,1.363,1,1,6272,3.875,27,1,1,4.0,0,-1.637
S201400727,2014,0,M,0,White,NY,INST_04,Regional College D (Teaching),teaching,2.9,46,1996,Pre-Med,Health,13813,2.031,1,0,0,3.395,28,1,1,3.42,0,-0.969
S201400728,2014,1,M,0,Hispanic,PA,INST_02,State University B (Research),research,3.69,67,1996,Pre-Med,Health,24170,3.554,0,0,0,2.925,24,1,1,3.48,1,0.554
S201400729,2014,0,M,0,White,GA,INST_03,Regional College C (Teaching),teaching,2.78,43,1996,Undeclared,Other,5432,0.799,1,1,5338,3.4,31,1,1,4.0,0,-2.201
S201400730,2014,0,M,0,White,NY,INST_01,State University A (Research),research,3.81,52,1996,English,Humanities,4480,0.659,1,1,4246,3.555,27,1,1,3.44,0,-2.341
S201400731,2014,0,F,0,Asian,NJ,INST_02,State University B (Research),research,3.14,89,1996,Biomedical Engineering,STEM,22276,3.276,0,0,0,3.245,26,1,0,,1,0.276
S201400732,2014,0,M,0,NHPI,NJ,INST_05,Urban University E (Research),research,2.64,47,1996,Education,Other,11006,1.619,1,1,4936,3.915,32,0,0,,0,-1.381
S201400733,2014,0,M,0,White,TX,INST_05,Urban University E (Research),research,2.86,63,1996,Pre-Med,Health,15446,2.271,1,1,6237,3.6100000000000003,30,1,0,,0,-0.729
S201400734,2014,1,F,0,White,NJ,INST_04,Regional College D (Teaching),teaching,3.42,34,1996,Physics,STEM,4137,0.608,1,0,0,2.965,30,1,0,,0,-2.392
S201400735,2014,0,M,1,White,IL,INST_04,Regional College D (Teaching),teaching,3.71,48,1996,Education,Other,0,0.1,1,1,6894,3.635,30,0,0,,0,-2.9
S201400736,2014,0,M,1,Asian,OH,INST_02,State University B (Research),research,3.06,40,1996,Biomedical Engineering,STEM,6202,0.912,1,0,0,3.12,27,0,0,,0,-2.088
S201400737,2014,0,F,1,White,VA,INST_04,Regional College D (Teaching),teaching,3.63,40,1995,Pre-Med,Health,17975,2.643,1,1,5281,3.27,28,0,0,,0,-0.357
S201400738,2014,1,M,1,Asian,IL,INST_02,State University B (Research),research,3.36,91,1996,Nursing,Health,782,0.115,1,0,0,3.85,28,0,0,,0,-2.885
S201400739,2014,1,M,0,Hispanic,NJ,INST_01,State University A (Research),research,3.29,63,1996,Public Health,Health,9251,1.36,1,1,3844,3.795,31,1,1,4.0,0,-1.64
S201400740,2014,1,F,1,Asian,VA,INST_01,State University A (Research),research,2.77,40,1996,Accounting,Business,4746,0.698,1,0,0,3.085,31,0,0,,0,-2.302
S201400741,2014,0,F,1,Hispanic,NC,INST_02,State University B (Research),research,3.38,40,1996,Public Health,Health,17849,2.625,1,0,0,3.245,31,0,0,,0,-0.375
S201400742,2014,1,F,1,White,MI,INST_04,Regional College D (Teaching),teaching,3.37,51,1996,Biology,STEM,10738,1.579,1,1,4509,4.0,31,0,0,,0,-1.421
S201400743,2014,0,M,0,Multi,PA,INST_02,State University B (Research),research,3.09,78,1996,Psychology,Social Sciences,12886,1.895,1,0,0,2.685,31,1,1,2.56,0,-1.105
S201400744,2014,1,M,0,Hispanic,GA,INST_04,Regional College D (Teaching),teaching,3.4,71,1996,History,Humanities,11043,1.624,1,1,3402,3.8899999999999997,30,0,0,,0,-1.376
S201400745,2014,1,F,1,Hispanic,FL,INST_01,State University A (Research),research,3.12,92,1996,Biology,STEM,0,0.1,1,1,7201,2.935,29,0,0,,0,-2.9
S201400746,2014,0,M,0,Asian,TX,INST_03,Regional College C (Teaching),teaching,3.85,68,1995,Accounting,Business,24275,3.57,0,0,0,3.6100000000000003,32,0,0,,1,0.57
S201400747,2014,0,F,1,Black,GA,INST_05,Urban University E (Research),research,2.92,45,1996,Mathematics,STEM,7131,1.049,1,1,6385,3.45,30,0,0,,0,-1.951
S201400748,2014,0,M,0,White,NJ,INST_04,Regional College D (Teaching),teaching,1.85,56,1996,Anthropology,Social Sciences,0,0.1,1,1,5024,3.295,28,0,0,,0,-2.9
S201400749,2014,0,F,0,White,NJ,INST_03,Regional College C (Teaching),teaching,3.46,51,1996,Art History,Humanities,17167,2.525,1,1,6530,3.755,29,0,0,,0,-0.475
S201400750,2014,1,M,0,Black,CA,INST_04,Regional College D (Teaching),teaching,3.65,59,1996,Education,Other,9917,1.458,1,1,6273,3.86,31,0,0,,0,-1.542
S201400751,2014,1,F,1,Asian,GA,INST_01,State University A (Research),research,3.46,41,1996,Pre-Med,Health,8561,1.259,1,0,0,3.04,29,0,0,,0,-1.741
S201400752,2014,0,F,1,White,TX,INST_04,Regional College D (Teaching),teaching,3.66,29,1996,Management,Business,19453,2.861,1,1,5060,3.4699999999999998,27,0,0,,0,-0.139
S201400753,2014,0,F,1,White,IL,INST_03,Regional College C (Teaching),teaching,3.2,66,1996,Political Science,Social Sciences,22013,3.237,0,0,0,3.405,30,1,0,,1,0.237
S201400754,2014,0,F,0,White,MI,INST_02,State University B (Research),research,2.68,24,1996,Nursing,Health,6664,0.98,1,1,5724,3.3,29,1,0,,0,-2.02
S201400755,2014,1,F,0,White,IL,INST_02,State University B (Research),research,2.53,60,1996,Statistics,STEM,0,0.1,1,0,0,3.315,30,0,0,,0,-2.9
S201400756,2014,1,F,1,Unknown,PA,INST_02,State University B (Research),research,3.64,36,1996,Pre-Med,Health,9666,1.421,1,0,0,3.45,31,1,0,,0,-1.579
S201400757,2014,0,F,1,White,MI,INST_03,Regional College C (Teaching),teaching,3.33,71,1996,Accounting,Business,10950,1.61,1,0,0,2.875,30,0,0,,0,-1.39
S201400758,2014,0,M,1,White,NY,INST_03,Regional College C (Teaching),teaching,3.26,58,1996,Marketing,Business,3327,0.489,1,0,0,3.5949999999999998,31,0,0,,0,-2.511
S201400759,2014,1,M,0,White,NY,INST_03,Regional College C (Teaching),teaching,3.4,58,1996,Management,Business,21553,3.17,0,0,0,2.765,31,0,0,,1,0.17
S201400760,2014,0,F,1,Hispanic,OH,INST_01,State University A (Research),research,2.47,25,1996,Nursing,Health,865,0.127,1,1,5671,2.605,28,0,0,,0,-2.873
S201400761,2014,0,M,0,White,VA,INST_03,Regional College C (Teaching),teaching,2.46,48,1996,Mathematics,STEM,23095,3.396,0,1,6843,3.08,25,1,1,3.27,1,0.396
S201400762,2014,0,M,0,Hispanic,CA,INST_05,Urban University E (Research),research,2.84,45,1996,Mathematics,STEM,8480,1.247,1,1,5031,2.565,29,0,0,,0,-1.753
S201400763,2014,1,F,1,Hispanic,VA,INST_02,State University B (Research),research,3.25,87,1996,Statistics,STEM,6869,1.01,1,1,5137,3.6799999999999997,31,1,0,,0,-1.99
S201400764,2014,1,F,0,AIAN,NC,INST_02,State University B (Research),research,3.96,43,1996,Philosophy,Humanities,2109,0.31,1,0,0,3.205,25,0,0,,0,-2.69
S201400765,2014,0,M,0,Hispanic,CA,INST_02,State University B (Research),research,3.71,54,1996,Nursing,Health,13114,1.929,1,1,7323,3.81,26,1,0,,0,-1.071
S201400766,2014,1,M,0,White,NY,INST_04,Regional College D (Teaching),teaching,3.93,41,1996,English,Humanities,8942,1.315,1,1,3927,3.635,32,1,0,,0,-1.685
S201400767,2014,0,M,0,White,PA,INST_03,Regional College C (Teaching),teaching,2.59,30,1996,Education,Other,20560,3.024,0,1,5248,3.0700000000000003,28,1,1,3.33,1,0.024
S201400768,2014,0,M,0,White,PA,INST_03,Regional College C (Teaching),teaching,3.8,79,1996,Education,Other,10625,1.562,1,0,0,3.83,30,0,0,,0,-1.438
S201400769,2014,0,F,0,White,PA,INST_05,Urban University E (Research),research,2.6,40,1996,Civil Engineering,STEM,22820,3.356,0,0,0,2.805,31,0,0,,1,0.356
S201400770,2014,0,F,0,White,TX,INST_05,Urban University E (Research),research,3.52,63,1996,Anthropology,Social Sciences,12959,1.906,1,1,5773,3.795,30,0,0,,0,-1.094
S201400771,2014,1,F,1,Hispanic,OH,INST_02,State University B (Research),research,3.96,52,1996,Marketing,Business,0,0.1,1,0,0,3.2800000000000002,28,1,1,3.55,0,-2.9
S201400772,2014,0,F,0,Hispanic,FL,INST_04,Regional College D (Teaching),teaching,4.0,70,1996,Electrical Engineering,STEM,6240,0.918,1,1,3806,4.0,31,0,0,,0,-2.082
S201400773,2014,1,M,1,Hispanic,IL,INST_03,Regional College C (Teaching),teaching,2.96,76,1996,Finance,Business,15085,2.218,1,1,7024,3.61,30,1,0,,0,-0.782
S201400774,2014,1,M,1,White,NC,INST_04,Regional College D (Teaching),teaching,3.94,31,1996,Accounting,Business,0,0.1,1,0,0,3.59,28,1,0,,0,-2.9
S201400775,2014,0,M,0,White,NC,INST_01,State University A (Research),research,3.23,83,1996,Education,Other,7049,1.037,1,1,6060,3.61,30,1,0,,0,-1.963
S201400776,2014,1,F,1,White,OH,INST_02,State University B (Research),research,2.84,29,1996,Accounting,Business,1842,0.271,1,1,7893,3.85,31,1,0,,0,-2.729
S201400777,2014,1,F,0,White,NY,INST_02,State University B (Research),research,3.32,58,1995,Mechanical Engineering,STEM,12111,1.781,1,1,6621,3.2800000000000002,27,1,1,3.11,0,-1.219
S201400778,2014,0,M,0,Black,PA,INST_04,Regional College D (Teaching),teaching,3.16,30,1996,General Studies,Other,11757,1.729,1,1,3946,3.295,32,0,0,,0,-1.271
S201400779,2014,0,M,0,Hispanic,OH,INST_05,Urban University E (Research),research,3.48,71,1996,Pre-Med,Health,3095,0.455,1,1,6505,3.385,30,1,0,,0,-2.545
S201400780,2014,0,M,0,Asian,NC,INST_05,Urban University E (Research),research,3.19,65,1996,Sociology,Social Sciences,16217,2.385,1,0,0,2.4850000000000003,27,1,1,2.32,0,-0.615
S201400781,2014,1,F,0,Multi,NY,INST_01,State University A (Research),research,3.22,43,1996,Statistics,STEM,7946,1.169,1,1,5887,3.425,28,1,0,,0,-1.831
S201400782,2014,0,F,1,Hispanic,PA,INST_01,State University A (Research),research,3.94,52,1996,Statistics,STEM,12527,1.842,1,1,5404,3.665,28,1,1,4.0,0,-1.158
S201400783,2014,0,F,0,White,IL,INST_03,Regional College C (Teaching),teaching,3.14,56,1996,Public Health,Health,21400,3.147,0,1,9367,2.75,28,0,0,,1,0.147
S201400784,2014,0,F,0,White,FL,INST_05,Urban University E (Research),research,3.54,10,1996,Pre-Med,Health,17251,2.537,1,0,0,3.4050000000000002,30,0,0,,0,-0.463
S201400785,2014,0,F,1,White,OH,INST_04,Regional College D (Teaching),teaching,3.85,44,1996,Physics,STEM,11301,1.662,1,1,6319,3.705,27,1,0,,0,-1.338
S201400786,2014,0,F,1,Asian,CA,INST_01,State University A (Research),research,3.01,42,1996,Sociology,Social Sciences,1593,0.234,1,1,7042,3.81,31,0,0,,0,-2.766
S201400787,2014,0,F,0,White,FL,INST_02,State University B (Research),research,3.35,29,1996,Chemistry,STEM,2333,0.343,1,1,5941,3.33,27,1,1,3.18,0,-2.657
S201400788,2014,0,M,0,White,PA,INST_01,State University A (Research),research,3.94,57,1996,Finance,Business,8719,1.282,1,1,5051,4.0,25,1,1,4.0,0,-1.718
S201400789,2014,1,M,0,Hispanic,GA,INST_01,State University A (Research),research,2.93,29,1996,Physics,STEM,2345,0.345,1,1,5113,3.46,31,0,0,,0,-2.655
S201400790,2014,0,F,1,White,IL,INST_01,State University A (Research),research,3.31,73,1996,Biology,STEM,7225,1.062,1,1,7732,3.845,30,1,1,3.84,0,-1.938
S201400791,2014,0,F,0,Black,OH,INST_05,Urban University E (Research),research,3.04,52,1996,Biology,STEM,19321,2.841,1,1,5506,3.705,29,1,0,,0,-0.159
S201400792,2014,0,M,1,NHPI,GA,INST_01,State University A (Research),research,3.58,46,1996,Public Health,Health,0,0.1,1,1,5957,3.9050000000000002,31,0,0,,0,-2.9
S201400793,2014,1,F,0,Unknown,IL,INST_05,Urban University E (Research),research,3.94,38,1996,Physics,STEM,4244,0.624,1,0,0,3.67,28,0,0,,0,-2.376
S201400794,2014,0,F,1,White,VA,INST_05,Urban University E (Research),research,2.97,54,1996,Kinesiology,Health,10556,1.552,1,1,7498,3.2,32,0,0,,0,-1.448
S201400795,2014,1,M,1,White,NC,INST_05,Urban University E (Research),research,2.99,58,1996,Public Health,Health,286,0.1,1,1,5817,3.315,32,1,0,,0,-2.9
S201400796,2014,1,F,1,White,PA,INST_05,Urban University E (Research),research,2.68,47,1996,Mechanical Engineering,STEM,13501,1.985,1,0,0,3.245,28,1,0,,0,-1.015
S201400797,2014,1,F,0,White,GA,INST_04,Regional College D (Teaching),teaching,2.71,52,1996,English,Humanities,0,0.1,1,0,0,3.16,31,1,0,,0,-2.9
S201400798,2014,1,F,0,White,IL,INST_01,State University A (Research),research,3.72,32,1996,Marketing,Business,15007,2.207,1,1,6762,3.6100000000000003,28,1,1,3.95,0,-0.793
S201400799,2014,0,F,1,White,IL,INST_05,Urban University E (Research),research,3.0,52,1996,Political Science,Social Sciences,12796,1.882,1,0,0,3.5,27,0,0,,0,-1.118
S201400800,2014,0,F,1,AIAN,OH,INST_04,Regional College D (Teaching),teaching,2.87,45,1996,English,Humanities,1671,0.246,1,0,0,3.485,32,0,0,,0,-2.754
S201400801,2014,1,M,1,White,NY,INST_05,Urban University E (Research),research,3.2,43,1996,General Studies,Other,0,0.1,1,1,5793,3.41,31,1,1,3.43,0,-2.9
S201400802,2014,0,F,0,Black,OH,INST_01,State University A (Research),research,3.92,67,1996,Biomedical Engineering,STEM,6308,0.928,1,1,3681,3.36,31,1,1,3.75,0,-2.072
S201400803,2014,0,F,1,Black,TX,INST_04,Regional College D (Teaching),teaching,3.34,53,1996,Marketing,Business,8955,1.317,1,1,5049,3.37,33,1,0,,0,-1.683
S201400804,2014,1,M,0,White,IL,INST_02,State University B (Research),research,3.52,60,1996,Mechanical Engineering,STEM,4086,0.601,1,1,6731,3.535,29,0,0,,0,-2.399
S201400805,2014,0,M,1,White,OH,INST_01,State University A (Research),research,3.77,57,1996,Art History,Humanities,0,0.1,1,1,5500,3.505,32,0,0,,0,-2.9
S201400806,2014,1,M,1,White,NJ,INST_03,Regional College C (Teaching),teaching,2.55,68,1995,Philosophy,Humanities,8336,1.226,1,1,6757,4.0,29,1,1,3.84,0,-1.774
S201400807,2014,0,M,0,White,CA,INST_02,State University B (Research),research,2.91,79,1996,Anthropology,Social Sciences,2663,0.392,1,1,8371,3.48,31,1,1,3.56,0,-2.608
S201400808,2014,0,F,0,White,NC,INST_01,State University A (Research),research,4.0,42,1996,Sociology,Social Sciences,4827,0.71,1,1,6561,3.465,31,1,1,3.08,0,-2.29
S201400809,2014,0,F,0,White,MI,INST_04,Regional College D (Teaching),teaching,2.52,83,1996,Physics,STEM,10548,1.551,1,1,5942,3.49,28,1,1,3.59,0,-1.449
S201400810,2014,1,F,1,Hispanic,CA,INST_04,Regional College D (Teaching),teaching,3.89,99,1996,Civil Engineering,STEM,3971,0.584,1,1,5907,4.0,31,1,0,,0,-2.416
S201400811,2014,0,F,1,Hispanic,OH,INST_03,Regional College C (Teaching),teaching,3.45,65,1996,Communications,Other,3402,0.5,1,0,0,3.005,29,1,1,2.6,0,-2.5
S201400812,2014,0,M,0,Asian,NC,INST_02,State University B (Research),research,3.04,45,1996,Marketing,Business,6596,0.97,1,1,4405,3.205,28,1,0,,0,-2.03
S201400813,2014,1,F,0,White,CA,INST_02,State University B (Research),research,2.93,63,1996,Finance,Business,0,0.1,1,1,7592,3.085,31,0,0,,0,-2.9
S201400814,2014,0,F,1,Black,VA,INST_02,State University B (Research),research,2.8,43,1996,Economics,Social Sciences,0,0.1,1,1,4600,3.2,31,0,0,,0,-2.9
S201400815,2014,1,M,0,White,NC,INST_02,State University B (Research),research,2.86,75,1996,Undeclared,Other,10790,1.587,1,1,5589,3.9050000000000002,25,0,0,,0,-1.413
S201400816,2014,0,M,0,Hispanic,NJ,INST_02,State University B (Research),research,2.98,25,1996,Economics-Bus,Business,24220,3.562,0,0,0,3.635,31,1,1,3.91,1,0.562
S201400817,2014,1,F,0,Hispanic,NY,INST_03,Regional College C (Teaching),teaching,3.54,66,1996,Sociology,Social Sciences,0,0.1,1,0,0,3.1,33,1,0,,0,-2.9
S201400818,2014,0,M,0,Hispanic,TX,INST_01,State University A (Research),research,3.39,46,1996,Biomedical Engineering,STEM,12891,1.896,1,1,4716,3.75,33,1,1,4.0,0,-1.104
S201400819,2014,1,F,0,Black,PA,INST_05,Urban University E (Research),research,3.82,43,1996,Philosophy,Humanities,10682,1.571,1,1,6001,3.4400000000000004,30,1,1,3.79,0,-1.429
S201400820,2014,0,F,0,White,FL,INST_02,State University B (Research),research,3.39,33,1996,Political Science,Social Sciences,7052,1.037,1,0,0,2.925,31,1,0,,0,-1.963
S201400821,2014,0,M,0,White,OH,INST_02,State University B (Research),research,4.0,89,1996,Economics-Bus,Business,13913,2.046,1,1,7313,3.175,32,0,0,,0,-0.954
S201400822,2014,0,M,1,Black,GA,INST_02,State University B (Research),research,3.66,51,1996,Finance,Business,0,0.1,1,1,6023,3.9050000000000002,25,1,1,3.97,0,-2.9
S201400823,2014,0,F,0,Black,NY,INST_03,Regional College C (Teaching),teaching,3.35,43,1996,General Studies,Other,20440,3.006,0,0,0,3.59,31,0,0,,1,0.006
S201400824,2014,0,F,1,White,NC,INST_04,Regional College D (Teaching),teaching,2.91,56,1996,General Studies,Other,10457,1.538,1,1,2240,2.54,29,1,0,,0,-1.462
S201400825,2014,0,F,0,Black,GA,INST_01,State University A (Research),research,3.17,23,1996,Economics-Bus,Business,5638,0.829,1,0,0,2.785,26,1,1,3.04,0,-2.171
S201400826,2014,1,M,0,Hispanic,FL,INST_03,Regional College C (Teaching),teaching,2.79,82,1996,Economics-Bus,Business,5493,0.808,1,1,3435,3.545,26,1,1,3.81,0,-2.192
S201400827,2014,1,M,1,White,NC,INST_01,State University A (Research),research,3.46,50,1996,English,Humanities,13404,1.971,1,0,0,3.505,34,1,1,3.82,0,-1.029
S201400828,2014,0,M,0,White,IL,INST_03,Regional College C (Teaching),teaching,3.01,69,1996,Undeclared,Other,14179,2.085,1,1,7165,3.315,33,1,0,,0,-0.915
S201400829,2014,1,M,0,Asian,NJ,INST_02,State University B (Research),research,3.1,56,1996,Computer Science,STEM,2945,0.433,1,0,0,4.0,33,1,1,4.0,0,-2.567
S201400830,2014,0,F,0,White,NY,INST_05,Urban University E (Research),research,3.25,61,1996,Art History,Humanities,6660,0.979,1,0,0,3.48,27,1,0,,0,-2.021
S201400831,2014,0,F,0,White,FL,INST_04,Regional College D (Teaching),teaching,2.9,55,1996,English,Humanities,7167,1.054,1,0,0,3.1100000000000003,25,0,0,,0,-1.946
S201400832,2014,0,M,0,Black,FL,INST_03,Regional College C (Teaching),teaching,4.0,26,1996,Sociology,Social Sciences,3766,0.554,1,1,6690,3.3550000000000004,30,0,0,,0,-2.446
S201400833,2014,0,F,0,Hispanic,NY,INST_02,State University B (Research),research,3.8,81,1996,Pre-Med,Health,23202,3.412,0,1,5534,3.3499999999999996,28,0,0,,1,0.412
S201400834,2014,0,F,0,White,FL,INST_04,Regional College D (Teaching),teaching,3.66,78,1995,Education,Other,17154,2.523,1,1,5918,4.0,28,1,0,,0,-0.477
S201400835,2014,1,F,0,White,NJ,INST_04,Regional College D (Teaching),teaching,3.87,81,1996,Economics,Social Sciences,0,0.1,1,1,3792,3.9450000000000003,29,1,1,4.0,0,-2.9
S201400836,2014,1,F,0,Black,OH,INST_04,Regional College D (Teaching),teaching,3.24,64,1996,Pre-Med,Health,9705,1.427,1,1,8314,3.38,31,1,0,,0,-1.573
S201400837,2014,0,F,0,Black,PA,INST_04,Regional College D (Teaching),teaching,3.29,62,1996,Undeclared,Other,11831,1.74,1,1,7381,4.0,28,0,0,,0,-1.26
S201400838,2014,1,M,1,White,TX,INST_05,Urban University E (Research),research,3.57,45,1996,Physics,STEM,7059,1.038,1,1,6596,4.0,31,1,1,4.0,0,-1.962
S201400839,2014,0,M,1,White,NC,INST_04,Regional College D (Teaching),teaching,3.15,59,1996,Public Health,Health,10217,1.502,1,1,6307,3.265,31,1,0,,0,-1.498
S201400840,2014,1,M,0,White,FL,INST_01,State University A (Research),research,3.28,44,1996,Economics,Social Sciences,0,0.1,1,1,6291,3.715,29,0,0,,0,-2.9
S201400841,2014,1,M,0,White,TX,INST_02,State University B (Research),research,3.2,60,1996,Political Science,Social Sciences,12830,1.887,1,1,7048,3.01,28,0,0,,0,-1.113
S201400842,2014,0,F,0,White,VA,INST_03,Regional College C (Teaching),teaching,3.46,21,1996,Psychology,Social Sciences,10219,1.503,1,1,7452,3.71,28,0,0,,0,-1.497
S201400843,2014,0,F,0,Hispanic,CA,INST_05,Urban University E (Research),research,2.85,56,1996,Civil Engineering,STEM,11236,1.652,1,0,0,2.87,30,0,0,,0,-1.348
S201400844,2014,0,M,0,Asian,VA,INST_04,Regional College D (Teaching),teaching,3.04,62,1996,Accounting,Business,6340,0.932,1,1,5521,3.08,28,0,0,,0,-2.068
S201400845,2014,0,F,1,Asian,CA,INST_05,Urban University E (Research),research,2.42,53,1996,Mathematics,STEM,29,0.1,1,0,0,2.1849999999999996,25,1,0,,0,-2.9
S201400846,2014,0,M,0,Black,IL,INST_03,Regional College C (Teaching),teaching,3.08,58,1996,Sociology,Social Sciences,19300,2.838,1,1,3771,3.535,29,1,0,,0,-0.162
S201400847,2014,0,F,0,Hispanic,NY,INST_05,Urban University E (Research),research,3.32,68,1996,Mechanical Engineering,STEM,1591,0.234,1,1,4970,3.085,34,1,1,3.51,0,-2.766
S201400848,2014,0,F,0,White,VA,INST_04,Regional College D (Teaching),teaching,3.7,73,1996,Philosophy,Humanities,14459,2.126,1,1,6497,3.13,31,1,0,,0,-0.874
S201400849,2014,0,F,0,Hispanic,IL,INST_02,State University B (Research),research,3.34,54,1996,Pre-Med,Health,19570,2.878,1,0,0,3.815,27,0,0,,0,-0.122
S201400850,2014,0,M,1,Hispanic,NC,INST_05,Urban University E (Research),research,3.02,23,1996,Kinesiology,Health,1444,0.212,1,1,2886,3.005,30,0,0,,0,-2.788
S201400851,2014,1,F,0,Hispanic,MI,INST_02,State University B (Research),research,2.32,22,1996,Psychology,Social Sciences,7511,1.105,1,1,4670,3.31,34,1,1,3.84,0,-1.895
S201400852,2014,0,M,0,White,NY,INST_04,Regional College D (Teaching),teaching,3.43,89,1996,Pre-Med,Health,3277,0.482,1,0,0,4.0,31,1,1,4.0,0,-2.518
S201400853,2014,0,F,1,White,FL,INST_05,Urban University E (Research),research,3.32,56,1996,Physics,STEM,19054,2.802,1,0,0,3.675,29,0,0,,0,-0.198
S201400854,2014,1,F,1,Black,TX,INST_01,State University A (Research),research,3.38,45,1996,Management,Business,13065,1.921,1,1,6514,3.625,30,1,1,3.75,0,-1.079
S201400855,2014,0,M,0,White,MI,INST_01,State University A (Research),research,3.63,79,1996,Computer Science,STEM,10894,1.602,1,1,7689,3.545,32,0,0,,0,-1.398
S201400856,2014,0,M,0,White,GA,INST_03,Regional College C (Teaching),teaching,2.57,82,1996,Sociology,Social Sciences,0,0.1,1,1,7421,3.215,31,0,0,,0,-2.9
S201400857,2014,0,F,0,White,OH,INST_05,Urban University E (Research),research,2.68,15,1996,Kinesiology,Health,0,0.1,1,0,0,2.69,29,0,0,,0,-2.9
S201400858,2014,1,F,0,White,MI,INST_04,Regional College D (Teaching),teaching,3.73,61,1996,Political Science,Social Sciences,2223,0.327,1,1,8671,3.61,31,1,1,3.68,0,-2.673
S201400859,2014,0,F,0,White,PA,INST_03,Regional College C (Teaching),teaching,3.14,31,1996,Education,Other,14257,2.097,1,1,6896,2.765,33,1,0,,0,-0.903
S201400860,2014,1,M,0,White,VA,INST_03,Regional College C (Teaching),teaching,3.15,23,1996,Education,Other,20,0.1,1,1,8076,3.1950000000000003,31,1,0,,0,-2.9
S201400861,2014,0,M,0,Asian,NC,INST_04,Regional College D (Teaching),teaching,3.55,62,1996,Art History,Humanities,10076,1.482,1,1,5635,3.32,30,1,1,3.27,0,-1.518
S201400862,2014,1,F,0,White,VA,INST_05,Urban University E (Research),research,3.68,49,1996,Psychology,Social Sciences,9367,1.378,1,1,7228,3.33,34,1,1,3.31,0,-1.622
S201400863,2014,1,M,0,White,PA,INST_01,State University A (Research),research,4.0,27,1996,Mechanical Engineering,STEM,716,0.105,1,1,3758,3.685,31,1,1,3.75,0,-2.895
S201400864,2014,0,M,0,White,NC,INST_03,Regional College C (Teaching),teaching,3.24,35,1995,Computer Science,STEM,30644,4.506,0,1,4099,3.55,28,0,0,,1,1.506
S201400865,2014,0,F,0,Hispanic,VA,INST_04,Regional College D (Teaching),teaching,4.0,48,1996,Civil Engineering,STEM,0,0.1,1,0,0,3.635,30,1,0,,0,-2.9
S201400866,2014,1,M,0,White,NJ,INST_02,State University B (Research),research,2.84,85,1996,Sociology,Social Sciences,17513,2.575,1,0,0,2.725,31,1,0,,0,-0.425
S201400867,2014,0,M,0,Black,TX,INST_03,Regional College C (Teaching),teaching,3.39,52,1996,Communications,Other,3114,0.458,1,0,0,3.385,26,0,0,,0,-2.542
S201400868,2014,1,M,0,Black,OH,INST_03,Regional College C (Teaching),teaching,2.84,48,1996,Marketing,Business,0,0.1,1,1,4953,3.62,28,1,1,4.0,0,-2.9
S201400869,2014,0,F,0,White,MI,INST_04,Regional College D (Teaching),teaching,3.39,65,1996,Statistics,STEM,6077,0.894,1,1,6315,3.4349999999999996,31,0,0,,0,-2.106
S201400870,2014,1,F,1,White,NY,INST_05,Urban University E (Research),research,2.94,64,1996,Education,Other,5471,0.805,1,1,5831,3.41,28,0,0,,0,-2.195
S201400871,2014,0,F,0,White,TX,INST_01,State University A (Research),research,4.0,41,1996,English,Humanities,7055,1.038,1,0,0,3.92,30,1,1,4.0,0,-1.962
S201400872,2014,1,F,0,White,MI,INST_04,Regional College D (Teaching),teaching,3.66,69,1996,Communications,Other,0,0.1,1,1,4786,3.675,32,1,0,,0,-2.9
S201400873,2014,0,F,1,White,NC,INST_04,Regional College D (Teaching),teaching,3.36,74,1996,Spanish,Humanities,28417,4.179,0,1,6121,3.92,30,1,1,3.97,1,1.179
S201400874,2014,0,F,0,Hispanic,GA,INST_02,State University B (Research),research,3.2,84,1996,Marketing,Business,3882,0.571,1,1,6643,3.355,28,1,1,3.38,0,-2.429
S201400875,2014,1,F,0,White,TX,INST_04,Regional College D (Teaching),teaching,3.57,72,1996,Computer Science,STEM,10326,1.519,1,1,6693,3.3600000000000003,28,1,0,,0,-1.481
S201400876,2014,0,F,0,White,IL,INST_04,Regional College D (Teaching),teaching,3.14,65,1996,Mechanical Engineering,STEM,6106,0.898,1,1,6397,3.82,29,1,1,3.75,0,-2.102
S201400877,2014,0,F,0,White,NY,INST_03,Regional College C (Teaching),teaching,3.02,63,1996,Mathematics,STEM,7087,1.042,1,0,0,3.0549999999999997,30,0,0,,0,-1.958
S201400878,2014,0,F,0,White,TX,INST_03,Regional College C (Teaching),teaching,2.67,32,1996,Computer Science,STEM,14026,2.063,1,0,0,3.49,28,0,0,,0,-0.937
S201400879,2014,0,F,1,Asian,MI,INST_05,Urban University E (Research),research,2.63,40,1996,Biology,STEM,3850,0.566,1,1,5340,3.495,31,1,1,3.46,0,-2.434
S201400880,2014,0,M,1,White,NJ,INST_03,Regional College C (Teaching),teaching,3.58,47,1996,Statistics,STEM,0,0.1,1,0,0,3.4349999999999996,31,0,0,,0,-2.9
S201400881,2014,0,M,0,White,TX,INST_02,State University B (Research),research,3.75,64,1996,Biology,STEM,17359,2.553,1,1,7264,3.48,30,1,1,3.24,0,-0.447
S201400882,2014,1,F,0,White,IL,INST_01,State University A (Research),research,3.44,49,1996,Anthropology,Social Sciences,8114,1.193,1,0,0,2.935,31,1,0,,0,-1.807
S201400883,2014,1,NB,0,Hispanic,IL,INST_04,Regional College D (Teaching),teaching,3.89,3,1996,Spanish,Humanities,3227,0.475,1,1,4995,3.21,30,0,0,,0,-2.525
S201400884,2014,0,M,0,Hispanic,PA,INST_04,Regional College D (Teaching),teaching,2.82,84,1996,General Studies,Other,11927,1.754,1,0,0,3.46,28,1,0,,0,-1.246
S201400885,2014,0,M,0,White,MI,INST_01,State University A (Research),research,3.34,44,1996,Electrical Engineering,STEM,16262,2.391,1,0,0,2.775,28,1,1,3.04,0,-0.609
S201400886,2014,0,M,0,White,NY,INST_05,Urban University E (Research),research,3.35,41,1996,General Studies,Other,18205,2.677,1,0,0,3.64,31,1,1,3.48,0,-0.323
S201400887,2014,0,M,0,White,OH,INST_03,Regional College C (Teaching),teaching,3.09,76,1996,Pre-Med,Health,5914,0.87,1,0,0,2.9050000000000002,26,1,0,,0,-2.13
S201400888,2014,1,F,0,White,GA,INST_04,Regional College D (Teaching),teaching,2.67,35,1996,Biology,STEM,4127,0.607,1,1,5319,3.03,31,0,0,,0,-2.393
S201400889,2014,1,M,0,NHPI,TX,INST_02,State University B (Research),research,3.89,41,1996,History,Humanities,11467,1.686,1,1,6255,3.96,30,1,1,3.86,0,-1.314
S201400890,2014,0,M,1,Asian,OH,INST_02,State University B (Research),research,3.36,68,1996,General Studies,Other,8918,1.311,1,0,0,3.38,33,0,0,,0,-1.689
S201400891,2014,0,M,0,White,TX,INST_05,Urban University E (Research),research,2.55,83,1995,Economics-Bus,Business,0,0.1,1,1,5636,3.41,31,0,0,,0,-2.9
S201400892,2014,1,M,0,White,NY,INST_04,Regional College D (Teaching),teaching,2.77,69,1996,Economics,Social Sciences,4969,0.731,1,1,4652,2.88,31,1,1,3.08,0,-2.269
S201400893,2014,1,M,0,White,CA,INST_03,Regional College C (Teaching),teaching,3.51,75,1996,Management,Business,0,0.1,1,1,6421,3.865,29,1,1,4.0,0,-2.9
S201400894,2014,1,M,0,Asian,PA,INST_04,Regional College D (Teaching),teaching,2.2,28,1995,Finance,Business,12486,1.836,1,0,0,2.565,31,0,0,,0,-1.164
S201400895,2014,0,F,0,Asian,CA,INST_03,Regional College C (Teaching),teaching,4.0,75,1996,Nursing,Health,8136,1.196,1,1,5152,3.355,28,1,1,3.67,0,-1.804
S201400896,2014,0,F,0,Hispanic,VA,INST_01,State University A (Research),research,2.81,63,1996,Marketing,Business,11319,1.665,1,1,4150,3.715,31,0,0,,0,-1.335
S201400897,2014,1,M,1,White,TX,INST_02,State University B (Research),research,3.24,82,1996,Civil Engineering,STEM,12958,1.906,1,1,7824,4.0,29,1,1,3.74,0,-1.094
S201400898,2014,0,F,1,AIAN,FL,INST_04,Regional College D (Teaching),teaching,2.66,57,1996,Biology,STEM,7237,1.064,1,0,0,3.0999999999999996,28,0,0,,0,-1.936
S201400899,2014,1,F,1,Hispanic,CA,INST_05,Urban University E (Research),research,2.69,63,1995,Chemistry,STEM,10956,1.611,1,1,5750,3.9299999999999997,31,1,0,,0,-1.389
S201400900,2014,1,F,0,Hispanic,VA,INST_03,Regional College C (Teaching),teaching,3.26,38,1996,Economics-Bus,Business,7251,1.066,1,1,7462,3.265,27,1,1,3.38,0,-1.934
S201400901,2014,1,F,0,Black,VA,INST_02,State University B (Research),research,3.42,59,1996,Art History,Humanities,0,0.1,1,1,5953,3.6550000000000002,31,0,0,,0,-2.9
S201400902,2014,1,M,1,White,NC,INST_02,State University B (Research),research,3.3,66,1996,Accounting,Business,15805,2.324,1,0,0,2.8,30,1,0,,0,-0.676
S201400903,2014,0,F,0,White,VA,INST_01,State University A (Research),research,3.44,72,1996,General Studies,Other,13255,1.949,1,1,4479,2.935,31,1,0,,0,-1.051
S201400904,2014,0,F,0,White,OH,INST_02,State University B (Research),research,3.49,57,1996,General Studies,Other,0,0.1,1,1,4861,3.185,28,1,1,3.08,0,-2.9
S201400905,2014,1,M,0,Black,OH,INST_04,Regional College D (Teaching),teaching,3.11,48,1996,Nursing,Health,11132,1.637,1,1,8501,3.94,31,1,1,4.0,0,-1.363
S201400906,2014,1,F,1,White,NY,INST_04,Regional College D (Teaching),teaching,3.54,66,1996,Chemistry,STEM,7429,1.092,1,1,5184,3.79,31,0,0,,0,-1.908
S201400907,2014,0,M,0,Hispanic,PA,INST_04,Regional College D (Teaching),teaching,2.33,80,1996,Accounting,Business,15519,2.282,1,1,7733,3.495,28,1,1,3.5,0,-0.718
S201400908,2014,0,F,0,Hispanic,IL,INST_01,State University A (Research),research,3.4,76,1996,Nursing,Health,13878,2.041,1,1,8188,3.455,28,1,1,3.46,0,-0.959
S201400909,2014,1,F,0,Asian,PA,INST_05,Urban University E (Research),research,3.0,57,1996,Computer Science,STEM,5853,0.861,1,1,6976,3.2699999999999996,32,1,0,,0,-2.139
S201400910,2014,1,M,0,White,PA,INST_05,Urban University E (Research),research,2.62,58,1996,Political Science,Social Sciences,7235,1.064,1,1,6125,3.715,30,1,1,4.0,0,-1.936
S201400911,2014,0,M,0,Hispanic,NY,INST_04,Regional College D (Teaching),teaching,2.45,43,1996,English,Humanities,28608,4.207,0,1,6816,3.1449999999999996,29,1,1,3.33,1,1.207
S201400912,2014,1,F,0,White,CA,INST_02,State University B (Research),research,3.6,54,1996,Undeclared,Other,9187,1.351,1,1,6019,3.9699999999999998,32,1,1,4.0,0,-1.649
S201400913,2014,0,M,1,White,VA,INST_04,Regional College D (Teaching),teaching,3.13,95,1996,Kinesiology,Health,0,0.1,1,0,0,3.87,30,1,0,,0,-2.9
S201400914,2014,1,M,0,Black,PA,INST_04,Regional College D (Teaching),teaching,3.48,53,1996,Communications,Other,19954,2.934,1,1,7960,3.4,28,0,0,,0,-0.066
S201400915,2014,1,M,0,Black,TX,INST_02,State University B (Research),research,3.68,46,1996,General Studies,Other,3358,0.494,1,1,10674,3.85,28,1,1,3.88,0,-2.506
S201400916,2014,0,M,0,Hispanic,TX,INST_02,State University B (Research),research,2.51,59,1996,Anthropology,Social Sciences,6822,1.003,1,1,7898,3.3049999999999997,31,1,1,2.92,0,-1.997
S201400917,2014,0,M,0,White,VA,INST_02,State University B (Research),research,3.22,35,1996,Psychology,Social Sciences,23088,3.395,0,0,0,3.1550000000000002,28,0,0,,1,0.395
S201400918,2014,1,F,0,White,FL,INST_03,Regional College C (Teaching),teaching,3.18,99,1996,Biomedical Engineering,STEM,0,0.1,1,1,3715,3.445,34,0,0,,0,-2.9
S201400919,2014,0,F,0,Hispanic,MI,INST_01,State University A (Research),research,2.39,94,1996,Pre-Med,Health,20442,3.006,0,1,5754,4.0,28,1,0,,1,0.006
S201400920,2014,0,M,0,White,IL,INST_02,State University B (Research),research,2.93,44,1996,Computer Science,STEM,21052,3.096,0,1,5749,3.835,27,0,0,,1,0.096
S201400921,2014,1,M,1,Black,VA,INST_03,Regional College C (Teaching),teaching,3.77,67,1996,Nursing,Health,7045,1.036,1,1,5634,3.785,31,0,0,,0,-1.964
S201400922,2014,1,F,1,Hispanic,NC,INST_02,State University B (Research),research,3.1,60,1996,English,Humanities,11356,1.67,1,1,7861,3.455,31,1,1,3.98,0,-1.33
S201400923,2014,0,F,1,Black,OH,INST_02,State University B (Research),research,3.29,49,1996,Anthropology,Social Sciences,1150,0.169,1,1,6216,3.74,33,0,0,,0,-2.831
S201400924,2014,0,M,0,Black,NY,INST_01,State University A (Research),research,3.79,39,1996,Communications,Other,3287,0.483,1,0,0,3.96,29,1,1,3.96,0,-2.517
S201400925,2014,0,M,0,White,IL,INST_01,State University A (Research),research,3.08,68,1996,Finance,Business,13998,2.059,1,0,0,3.15,30,1,1,3.74,0,-0.941
S201400926,2014,0,M,0,Black,NY,INST_03,Regional College C (Teaching),teaching,3.59,60,1996,Political Science,Social Sciences,5596,0.823,1,1,6031,3.425,28,0,0,,0,-2.177
S201400927,2014,1,M,0,White,GA,INST_04,Regional College D (Teaching),teaching,3.73,67,1996,Anthropology,Social Sciences,4853,0.714,1,0,0,3.855,31,0,0,,0,-2.286
S201400928,2014,0,F,0,White,NJ,INST_01,State University A (Research),research,3.87,72,1996,Communications,Other,5692,0.837,1,1,4841,3.12,31,1,1,3.78,0,-2.163
S201400929,2014,0,F,0,White,MI,INST_02,State University B (Research),research,3.0,53,1996,Chemistry,STEM,20321,2.988,1,0,0,3.825,31,0,0,,0,-0.012
S201400930,2014,0,M,0,Hispanic,FL,INST_02,State University B (Research),research,3.01,44,1996,Management,Business,13681,2.012,1,1,6033,3.3949999999999996,33,1,1,3.79,0,-0.988
S201400931,2014,1,F,1,White,MI,INST_02,State University B (Research),research,2.74,30,1996,Undeclared,Other,1212,0.178,1,0,0,3.185,31,0,0,,0,-2.822
S201400932,2014,1,M,0,Black,TX,INST_04,Regional College D (Teaching),teaching,3.2,99,1996,Art History,Humanities,9812,1.443,1,1,4472,3.92,26,1,0,,0,-1.557
S201400933,2014,0,F,1,Hispanic,VA,INST_03,Regional College C (Teaching),teaching,3.21,32,1996,Undeclared,Other,3516,0.517,1,1,5608,2.7800000000000002,31,0,0,,0,-2.483
S201400934,2014,1,F,0,White,TX,INST_01,State University A (Research),research,3.09,88,1996,Accounting,Business,4642,0.683,1,1,4989,3.0949999999999998,30,0,0,,0,-2.317
S201400935,2014,0,M,0,Hispanic,NJ,INST_03,Regional College C (Teaching),teaching,3.11,39,1996,Philosophy,Humanities,12829,1.887,1,0,0,2.7350000000000003,28,0,0,,0,-1.113
S201400936,2014,0,F,0,White,TX,INST_03,Regional College C (Teaching),teaching,3.49,57,1996,Economics-Bus,Business,832,0.122,1,1,6486,3.24,32,0,0,,0,-2.878
S201400937,2014,1,F,0,Hispanic,GA,INST_02,State University B (Research),research,3.4,55,1996,Finance,Business,9214,1.355,1,1,5158,3.825,28,1,0,,0,-1.645
S201400938,2014,0,M,0,Multi,PA,INST_03,Regional College C (Teaching),teaching,3.28,68,1996,Education,Other,3594,0.529,1,1,7059,4.0,32,1,0,,0,-2.471
S201400939,2014,1,M,0,Black,IL,INST_03,Regional College C (Teaching),teaching,2.62,20,1996,Political Science,Social Sciences,5228,0.769,1,1,4809,3.515,31,1,0,,0,-2.231
S201400940,2014,0,M,0,Black,IL,INST_02,State University B (Research),research,3.14,22,1996,Physics,STEM,6096,0.896,1,0,0,2.7649999999999997,31,0,0,,0,-2.104
S201400941,2014,0,M,0,Hispanic,VA,INST_02,State University B (Research),research,3.12,45,1996,Biomedical Engineering,STEM,12165,1.789,1,1,3755,3.9,28,1,0,,0,-1.211
S201400942,2014,0,M,0,Black,PA,INST_05,Urban University E (Research),research,3.67,13,1996,General Studies,Other,8100,1.191,1,0,0,2.705,33,0,0,,0,-1.809
S201400943,2014,1,M,0,Hispanic,CA,INST_01,State University A (Research),research,4.0,66,1996,Biomedical Engineering,STEM,8788,1.292,1,1,4460,3.2199999999999998,28,1,1,3.29,0,-1.708
S201400944,2014,1,M,0,White,OH,INST_04,Regional College D (Teaching),teaching,3.22,76,1996,Communications,Other,4007,0.589,1,0,0,3.5549999999999997,29,1,1,3.18,0,-2.411
S201400945,2014,0,F,0,White,OH,INST_03,Regional College C (Teaching),teaching,2.85,64,1996,Education,Other,0,0.1,1,1,5684,3.685,28,1,0,,0,-2.9
S201400946,2014,0,M,0,Hispanic,NY,INST_03,Regional College C (Teaching),teaching,3.15,64,1996,Pre-Med,Health,7934,1.167,1,0,0,2.675,28,1,1,2.44,0,-1.833
S201400947,2014,1,F,0,White,CA,INST_02,State University B (Research),research,2.27,37,1996,Political Science,Social Sciences,2091,0.308,1,1,5963,2.4349999999999996,28,1,1,2.86,0,-2.692
S201400948,2014,0,M,0,White,VA,INST_03,Regional College C (Teaching),teaching,3.2,44,1996,Chemistry,STEM,12031,1.769,1,0,0,3.615,34,1,0,,0,-1.231
S201400949,2014,0,F,0,Multi,MI,INST_03,Regional College C (Teaching),teaching,4.0,29,1996,Undeclared,Other,7623,1.121,1,0,0,3.89,31,1,1,3.78,0,-1.879
S201400950,2014,0,M,0,White,PA,INST_01,State University A (Research),research,3.26,44,1996,Statistics,STEM,4687,0.689,1,1,5578,3.59,29,0,0,,0,-2.311
S201400951,2014,0,F,0,Black,CA,INST_05,Urban University E (Research),research,4.0,48,1996,Education,Other,16317,2.4,1,1,3818,3.435,28,1,1,3.15,0,-0.6
S201400952,2014,1,F,0,White,NY,INST_02,State University B (Research),research,2.42,53,1996,Sociology,Social Sciences,0,0.1,1,0,0,3.4050000000000002,30,0,0,,0,-2.9
S201400953,2014,1,M,1,White,NY,INST_05,Urban University E (Research),research,2.83,30,1996,Marketing,Business,10394,1.529,1,1,6573,3.62,31,0,0,,0,-1.471
S201400954,2014,0,F,0,White,VA,INST_03,Regional College C (Teaching),teaching,1.77,87,1996,Education,Other,16017,2.355,1,0,0,3.3049999999999997,34,0,0,,0,-0.645
S201400955,2014,1,F,1,White,GA,INST_04,Regional College D (Teaching),teaching,3.35,73,1996,Public Health,Health,8022,1.18,1,1,7179,3.3099999999999996,28,0,0,,0,-1.82
S201400956,2014,1,F,0,Asian,VA,INST_05,Urban University E (Research),research,3.46,55,1996,Education,Other,6938,1.02,1,1,5552,3.825,33,1,1,4.0,0,-1.98
S201400957,2014,0,F,0,White,PA,INST_02,State University B (Research),research,3.07,56,1996,Finance,Business,20083,2.953,1,0,0,3.39,27,1,1,3.74,0,-0.047
S201400958,2014,0,F,0,White,GA,INST_05,Urban University E (Research),research,3.59,79,1996,Biomedical Engineering,STEM,15938,2.344,1,1,6892,3.4050000000000002,31,1,1,4.0,0,-0.656
S201400959,2014,1,M,1,White,GA,INST_02,State University B (Research),research,3.22,42,1996,Biomedical Engineering,STEM,6406,0.942,1,1,3536,3.765,27,1,0,,0,-2.058
S201400960,2014,0,F,1,White,NJ,INST_02,State University B (Research),research,2.94,64,1996,Chemistry,STEM,14570,2.143,1,1,4395,3.1550000000000002,31,1,0,,0,-0.857
S201400961,2014,0,F,0,White,NY,INST_03,Regional College C (Teaching),teaching,3.82,32,1995,Chemistry,STEM,16554,2.434,1,1,5076,3.6950000000000003,27,1,0,,0,-0.566
S201400962,2014,0,M,0,White,IL,INST_03,Regional College C (Teaching),teaching,3.3,51,1996,Economics-Bus,Business,5880,0.865,1,1,5989,3.185,28,0,0,,0,-2.135
S201400963,2014,1,M,0,Unknown,NY,INST_02,State University B (Research),research,3.16,56,1996,Nursing,Health,12782,1.88,1,0,0,3.185,31,0,0,,0,-1.12
S201400964,2014,0,F,1,Hispanic,NC,INST_02,State University B (Research),research,3.09,51,1996,Chemistry,STEM,21548,3.169,0,0,0,3.6950000000000003,33,0,0,,1,0.169
S201400965,2014,1,F,0,Hispanic,CA,INST_04,Regional College D (Teaching),teaching,3.68,81,1996,Communications,Other,11559,1.7,1,1,4861,3.35,30,1,1,3.16,0,-1.3
S201400966,2014,0,F,0,White,NJ,INST_01,State University A (Research),research,3.19,20,1996,Accounting,Business,7861,1.156,1,1,6185,3.55,26,1,0,,0,-1.844
S201400967,2014,0,M,0,White,OH,INST_02,State University B (Research),research,3.6,79,1995,Civil Engineering,STEM,6989,1.028,1,1,7611,3.995,27,1,1,4.0,0,-1.972
S201400968,2014,0,F,0,White,FL,INST_01,State University A (Research),research,3.41,47,1996,Computer Science,STEM,4201,0.618,1,1,3952,3.825,31,0,0,,0,-2.382
S201400969,2014,1,M,1,Hispanic,CA,INST_05,Urban University E (Research),research,2.93,54,1996,Biology,STEM,0,0.1,1,0,0,3.49,28,1,0,,0,-2.9
S201400970,2014,1,M,0,White,OH,INST_02,State University B (Research),research,3.02,50,1996,Psychology,Social Sciences,2069,0.304,1,1,4778,3.98,31,0,0,,0,-2.696
S201400971,2014,0,NB,1,White,TX,INST_05,Urban University E (Research),research,2.87,84,1996,Biomedical Engineering,STEM,13654,2.008,1,1,4988,4.0,33,0,0,,0,-0.992
S201400972,2014,1,M,1,White,GA,INST_05,Urban University E (Research),research,2.58,8,1996,Computer Science,STEM,1588,0.234,1,1,8062,2.535,34,0,0,,0,-2.766
S201400973,2014,0,F,0,White,PA,INST_04,Regional College D (Teaching),teaching,3.01,62,1996,Pre-Med,Health,5831,0.858,1,0,0,3.17,29,1,1,3.82,0,-2.142
S201400974,2014,1,M,0,White,IL,INST_02,State University B (Research),research,3.22,68,1996,Education,Other,4274,0.629,1,1,4751,2.965,34,1,1,3.29,0,-2.371
S201400975,2014,0,F,0,White,CA,INST_02,State University B (Research),research,3.23,27,1996,Economics-Bus,Business,4661,0.685,1,1,7255,3.7800000000000002,31,1,0,,0,-2.315
S201400976,2014,1,F,0,Hispanic,NY,INST_03,Regional College C (Teaching),teaching,3.71,42,1996,Art History,Humanities,13325,1.96,1,0,0,3.915,30,0,0,,0,-1.04
S201400977,2014,1,F,0,White,NC,INST_02,State University B (Research),research,3.22,51,1996,Physics,STEM,4790,0.704,1,1,7663,3.4450000000000003,28,1,0,,0,-2.296
S201400978,2014,1,F,0,Black,VA,INST_02,State University B (Research),research,3.5,62,1996,Economics,Social Sciences,16500,2.426,1,1,6333,3.04,27,0,0,,0,-0.574
S201400979,2014,1,F,0,White,CA,INST_03,Regional College C (Teaching),teaching,2.98,49,1996,Economics-Bus,Business,19887,2.925,1,1,8985,3.67,29,1,0,,0,-0.075
S201400980,2014,1,F,0,White,NY,INST_04,Regional College D (Teaching),teaching,3.15,56,1996,Undeclared,Other,8650,1.272,1,1,7299,3.455,32,1,1,3.67,0,-1.728
S201400981,2014,0,M,0,White,PA,INST_04,Regional College D (Teaching),teaching,3.64,53,1996,Civil Engineering,STEM,9841,1.447,1,1,5634,3.1900000000000004,31,1,1,3.85,0,-1.553
S201400982,2014,0,M,0,White,FL,INST_01,State University A (Research),research,3.06,27,1996,Communications,Other,444,0.1,1,1,8536,3.43,27,0,0,,0,-2.9
S201400983,2014,1,F,0,Black,NC,INST_02,State University B (Research),research,2.77,21,1996,Finance,Business,8043,1.183,1,1,8151,3.3600000000000003,32,1,1,3.71,0,-1.817
S201400984,2014,0,F,0,Asian,FL,INST_01,State University A (Research),research,2.82,52,1996,Biology,STEM,10635,1.564,1,1,5183,3.935,28,1,1,4.0,0,-1.436
S201400985,2014,0,F,0,Asian,NC,INST_05,Urban University E (Research),research,2.9,64,1996,Accounting,Business,15042,2.212,1,0,0,3.27,25,1,1,3.27,0,-0.788
S201400986,2014,1,M,0,White,NY,INST_05,Urban University E (Research),research,3.79,30,1996,Philosophy,Humanities,12534,1.843,1,1,5155,3.635,29,1,0,,0,-1.157
S201400987,2014,0,F,0,Hispanic,TX,INST_03,Regional College C (Teaching),teaching,3.26,57,1996,Electrical Engineering,STEM,19429,2.857,1,1,5667,3.29,30,1,0,,0,-0.143
S201400988,2014,1,NB,1,Hispanic,FL,INST_03,Regional College C (Teaching),teaching,3.17,34,1996,Kinesiology,Health,0,0.1,1,1,6625,2.775,27,1,1,3.48,0,-2.9
S201400989,2014,0,M,0,Asian,TX,INST_01,State University A (Research),research,3.2,58,1996,Civil Engineering,STEM,5286,0.777,1,0,0,3.6799999999999997,25,0,0,,0,-2.223
S201400990,2014,0,M,1,White,NY,INST_02,State University B (Research),research,2.93,51,1996,Marketing,Business,4395,0.646,1,0,0,3.685,33,1,1,3.47,0,-2.354
S201400991,2014,0,F,0,Multi,VA,INST_02,State University B (Research),research,3.46,50,1996,Kinesiology,Health,16563,2.436,1,0,0,3.25,34,1,1,3.42,0,-0.564
S201400992,2014,0,M,0,Hispanic,IL,INST_02,State University B (Research),research,3.16,63,1996,Biomedical Engineering,STEM,11034,1.623,1,0,0,3.0199999999999996,25,1,0,,0,-1.377
S201400993,2014,1,M,1,Hispanic,TX,INST_02,State University B (Research),research,3.52,49,1996,Undeclared,Other,957,0.141,1,1,5962,3.7649999999999997,31,0,0,,0,-2.859
S201400994,2014,0,F,0,Hispanic,NJ,INST_01,State University A (Research),research,3.29,70,1996,Communications,Other,12519,1.841,1,0,0,2.8449999999999998,33,0,0,,0,-1.159
S201400995,2014,0,M,0,Hispanic,PA,INST_04,Regional College D (Teaching),teaching,2.88,37,1996,Mathematics,STEM,11675,1.717,1,1,6053,2.6900000000000004,25,1,0,,0,-1.283
S201400996,2014,0,F,0,Black,CA,INST_04,Regional College D (Teaching),teaching,3.78,54,1996,Finance,Business,10275,1.511,1,0,0,3.48,28,0,0,,0,-1.489
S201400997,2014,1,M,0,White,MI,INST_04,Regional College D (Teaching),teaching,3.66,54,1996,Accounting,Business,6321,0.93,1,1,5453,3.8899999999999997,28,1,0,,0,-2.07
S201400998,2014,0,F,0,White,MI,INST_05,Urban University E (Research),research,3.8,27,1996,Computer Science,STEM,7990,1.175,1,0,0,2.99,30,1,1,3.37,0,-1.825
S201400999,2014,1,M,0,White,FL,INST_02,State University B (Research),research,3.56,55,1996,Civil Engineering,STEM,10757,1.582,1,1,6793,3.74,31,1,0,,0,-1.418
S201401000,2014,1,M,0,White,IL,INST_02,State University B (Research),research,3.7,79,1996,General Studies,Other,10540,1.55,1,0,0,3.51,31,1,1,3.45,0,-1.45
S201401001,2014,1,M,1,Hispanic,OH,INST_03,Regional College C (Teaching),teaching,2.76,48,1996,Pre-Med,Health,0,0.1,1,0,0,2.435,30,1,1,2.84,0,-2.9
S201401002,2014,0,F,0,White,MI,INST_02,State University B (Research),research,3.59,51,1996,Education,Other,9574,1.408,1,1,5448,3.965,30,1,1,3.93,0,-1.592
S201401003,2014,1,M,0,Hispanic,OH,INST_04,Regional College D (Teaching),teaching,3.19,37,1996,Physics,STEM,6097,0.897,1,1,5668,3.515,27,1,1,3.85,0,-2.103
S201401004,2014,0,M,0,Hispanic,NJ,INST_02,State University B (Research),research,2.83,63,1996,Political Science,Social Sciences,11885,1.748,1,1,8069,2.98,31,1,1,3.28,0,-1.252
S201401005,2014,0,F,0,AIAN,PA,INST_05,Urban University E (Research),research,2.69,61,1996,Statistics,STEM,8897,1.308,1,0,0,3.84,30,0,0,,0,-1.692
S201401006,2014,0,F,0,Multi,MI,INST_04,Regional College D (Teaching),teaching,2.9,37,1996,Civil Engineering,STEM,5317,0.782,1,1,5325,2.795,26,1,0,,0,-2.218
S201401007,2014,0,F,0,White,NJ,INST_01,State University A (Research),research,3.15,49,1996,Economics-Bus,Business,9799,1.441,1,0,0,3.205,30,0,0,,0,-1.559
S201401008,2014,0,M,0,Black,NY,INST_01,State University A (Research),research,3.88,44,1996,Finance,Business,9282,1.365,1,1,6573,3.05,34,1,0,,0,-1.635
S201401009,2014,0,F,0,Hispanic,FL,INST_02,State University B (Research),research,2.51,54,1996,Psychology,Social Sciences,14986,2.204,1,1,7493,3.5700000000000003,30,0,0,,0,-0.796
S201401010,2014,0,F,0,White,IL,INST_04,Regional College D (Teaching),teaching,2.85,30,1996,Marketing,Business,20234,2.976,1,1,6438,3.575,28,1,1,3.94,0,-0.024
S201401011,2014,0,F,0,White,TX,INST_01,State University A (Research),research,3.57,63,1996,Spanish,Humanities,1628,0.239,1,1,10808,3.715,31,0,0,,0,-2.761
S201401012,2014,0,M,0,White,NJ,INST_04,Regional College D (Teaching),teaching,3.4,72,1996,Biomedical Engineering,STEM,3093,0.455,1,0,0,3.565,31,0,0,,0,-2.545
S201401013,2014,0,M,0,Black,NC,INST_01,State University A (Research),research,4.0,67,1996,Mathematics,STEM,7429,1.092,1,0,0,3.505,32,0,0,,0,-1.908
S201401014,2014,0,M,1,White,NC,INST_03,Regional College C (Teaching),teaching,3.32,51,1996,Biology,STEM,20159,2.965,1,1,4635,3.165,31,1,1,3.74,0,-0.035
S201401015,2014,0,F,0,NHPI,FL,INST_01,State University A (Research),research,3.83,36,1996,Undeclared,Other,12486,1.836,1,0,0,3.57,34,0,0,,0,-1.164
S201401016,2014,0,M,0,Black,TX,INST_05,Urban University E (Research),research,3.75,57,1996,Marketing,Business,10957,1.611,1,0,0,3.785,31,0,0,,0,-1.389
S201401017,2014,1,M,0,White,NY,INST_03,Regional College C (Teaching),teaching,3.94,52,1996,Sociology,Social Sciences,0,0.1,1,0,0,2.95,28,1,0,,0,-2.9
S201401018,2014,1,M,0,Hispanic,IL,INST_05,Urban University E (Research),research,2.91,74,1996,Computer Science,STEM,713,0.105,1,1,6258,3.795,28,1,0,,0,-2.895
S201401019,2014,0,F,1,Hispanic,VA,INST_04,Regional College D (Teaching),teaching,3.49,27,1996,Kinesiology,Health,23000,3.382,0,0,0,3.575,33,0,0,,1,0.382
S201401020,2014,1,F,0,Hispanic,FL,INST_01,State University A (Research),research,3.86,40,1996,Electrical Engineering,STEM,10884,1.601,1,1,6118,3.075,28,1,1,3.1,0,-1.399
S201401021,2014,0,M,0,Asian,VA,INST_02,State University B (Research),research,3.47,68,1996,Economics,Social Sciences,5973,0.878,1,0,0,3.6849999999999996,27,0,0,,0,-2.122
S201401022,2014,0,F,0,Black,PA,INST_01,State University A (Research),research,2.77,45,1996,Biology,STEM,7905,1.162,1,1,7091,2.865,27,1,1,3.32,0,-1.838
S201401023,2014,0,F,1,White,CA,INST_05,Urban University E (Research),research,2.27,64,1996,Statistics,STEM,12824,1.886,1,1,7008,3.465,29,1,0,,0,-1.114
S201401024,2014,0,M,0,Asian,NY,INST_02,State University B (Research),research,3.35,58,1996,Accounting,Business,13429,1.975,1,0,0,2.9450000000000003,31,1,0,,0,-1.025
S201401025,2014,0,M,0,Black,CA,INST_01,State University A (Research),research,2.73,36,1996,General Studies,Other,2266,0.333,1,1,7762,2.895,30,0,0,,0,-2.667
S201401026,2014,1,F,1,Hispanic,CA,INST_05,Urban University E (Research),research,3.06,61,1996,General Studies,Other,7009,1.031,1,1,5880,4.0,30,1,1,4.0,0,-1.969
S201401027,2014,0,F,0,White,PA,INST_05,Urban University E (Research),research,3.77,38,1996,Management,Business,0,0.1,1,0,0,3.6799999999999997,33,1,1,3.74,0,-2.9
S201401028,2014,1,F,1,White,PA,INST_01,State University A (Research),research,3.44,40,1996,Education,Other,0,0.1,1,1,4965,2.99,33,1,0,,0,-2.9
S201401029,2014,1,M,1,Black,VA,INST_04,Regional College D (Teaching),teaching,3.3,35,1996,Nursing,Health,7957,1.17,1,0,0,3.54,27,1,0,,0,-1.83
S201401030,2014,0,F,1,White,MI,INST_03,Regional College C (Teaching),teaching,3.5,99,1996,Accounting,Business,5262,0.774,1,0,0,3.67,27,1,1,4.0,0,-2.226
S201401031,2014,0,M,0,White,TX,INST_02,State University B (Research),research,3.46,50,1996,Mathematics,STEM,9116,1.341,1,1,5396,2.855,29,1,1,2.86,0,-1.659
S201401032,2014,0,M,0,Asian,IL,INST_03,Regional College C (Teaching),teaching,3.55,56,1996,Mechanical Engineering,STEM,4850,0.713,1,0,0,3.13,27,0,0,,0,-2.287
S201401033,2014,1,F,1,Black,NC,INST_01,State University A (Research),research,1.81,77,1996,Communications,Other,13879,2.041,1,1,7882,3.77,30,0,0,,0,-0.959
S201401034,2014,1,M,0,White,NY,INST_04,Regional College D (Teaching),teaching,2.72,57,1996,Statistics,STEM,4595,0.676,1,0,0,3.4000000000000004,32,0,0,,0,-2.324
S201401035,2014,1,F,1,White,CA,INST_04,Regional College D (Teaching),teaching,3.45,66,1996,Education,Other,0,0.1,1,0,0,3.055,27,1,0,,0,-2.9
S201401036,2014,0,M,1,Black,NY,INST_03,Regional College C (Teaching),teaching,2.9,53,1996,History,Humanities,2294,0.337,1,0,0,2.8049999999999997,32,1,1,2.93,0,-2.663
S201401037,2014,1,M,0,White,PA,INST_02,State University B (Research),research,3.08,36,1996,Nursing,Health,3857,0.567,1,1,7672,3.825,27,0,0,,0,-2.433
S201401038,2014,1,M,0,White,TX,INST_03,Regional College C (Teaching),teaching,1.78,51,1996,Nursing,Health,20743,3.05,0,0,0,3.06,29,1,0,,1,0.05
S201401039,2014,1,F,1,Black,OH,INST_03,Regional College C (Teaching),teaching,3.79,30,1996,Sociology,Social Sciences,0,0.1,1,1,4259,3.725,30,1,0,,0,-2.9
S201401040,2014,1,M,1,Hispanic,NC,INST_05,Urban University E (Research),research,2.93,94,1996,Accounting,Business,4471,0.658,1,1,6514,3.685,30,0,0,,0,-2.342
S201401041,2014,0,F,1,Black,NY,INST_02,State University B (Research),research,3.58,67,1996,Marketing,Business,10712,1.575,1,0,0,2.8449999999999998,30,0,0,,0,-1.425
S201401042,2014,0,M,0,Black,OH,INST_01,State University A (Research),research,3.43,59,1996,Biology,STEM,7348,1.081,1,1,6741,3.315,29,1,0,,0,-1.919
S201401043,2014,1,F,0,White,FL,INST_04,Regional College D (Teaching),teaching,3.27,89,1996,Kinesiology,Health,9139,1.344,1,1,5036,3.575,34,1,0,,0,-1.656
S201401044,2014,0,M,0,White,NC,INST_02,State University B (Research),research,3.33,40,1996,Economics,Social Sciences,7341,1.08,1,1,5782,2.9450000000000003,26,1,1,2.69,0,-1.92
S201401045,2014,0,F,0,White,CA,INST_04,Regional College D (Teaching),teaching,2.9,60,1996,Management,Business,9691,1.425,1,1,5581,3.87,30,1,1,3.6,0,-1.575
S201401046,2014,0,M,0,White,CA,INST_04,Regional College D (Teaching),teaching,2.9,69,1996,Anthropology,Social Sciences,17211,2.531,1,1,7788,3.5149999999999997,33,0,0,,0,-0.469
S201401047,2014,1,F,0,White,CA,INST_05,Urban University E (Research),research,2.39,28,1996,Mechanical Engineering,STEM,14979,2.203,1,1,5789,3.88,31,0,0,,0,-0.797
S201401048,2014,0,M,1,Hispanic,MI,INST_04,Regional College D (Teaching),teaching,3.4,52,1996,Art History,Humanities,15562,2.289,1,1,5743,3.6950000000000003,34,1,0,,0,-0.711
S201401049,2014,0,F,0,Asian,NY,INST_02,State University B (Research),research,3.47,78,1996,Undeclared,Other,346,0.1,1,0,0,2.62,31,1,0,,0,-2.9
S201401050,2014,0,M,1,Hispanic,MI,INST_04,Regional College D (Teaching),teaching,3.98,32,1996,Economics,Social Sciences,0,0.1,1,0,0,3.4450000000000003,34,1,1,3.9,0,-2.9
S201401051,2014,0,NB,0,Black,TX,INST_05,Urban University E (Research),research,3.02,51,1996,Psychology,Social Sciences,7735,1.138,1,0,0,2.55,27,0,0,,0,-1.862
S201401052,2014,0,M,0,Hispanic,NJ,INST_04,Regional College D (Teaching),teaching,3.17,31,1996,Electrical Engineering,STEM,20522,3.018,0,0,0,3.08,30,1,0,,1,0.018
S201401053,2014,1,F,1,Asian,PA,INST_03,Regional College C (Teaching),teaching,2.83,69,1996,Physics,STEM,10116,1.488,1,0,0,3.1550000000000002,32,1,0,,0,-1.512
S201401054,2014,0,M,0,Hispanic,GA,INST_05,Urban University E (Research),research,2.95,56,1996,Statistics,STEM,6472,0.952,1,0,0,2.895,30,1,1,2.92,0,-2.048
S201401055,2014,0,F,0,Black,FL,INST_05,Urban University E (Research),research,3.82,43,1996,Economics,Social Sciences,6760,0.994,1,1,5205,2.87,28,1,1,3.09,0,-2.006
S201401056,2014,0,M,0,White,NY,INST_04,Regional College D (Teaching),teaching,2.2,35,1996,Nursing,Health,6433,0.946,1,0,0,3.74,32,1,1,3.86,0,-2.054
S201401057,2014,0,F,1,Hispanic,IL,INST_01,State University A (Research),research,3.18,62,1996,Mathematics,STEM,21281,3.13,0,0,0,3.45,29,0,0,,1,0.13
S201401058,2014,0,F,1,White,FL,INST_05,Urban University E (Research),research,2.99,58,1996,Pre-Med,Health,25668,3.775,0,0,0,2.825,31,1,0,,1,0.775
S201401059,2014,1,F,0,Asian,IL,INST_03,Regional College C (Teaching),teaching,2.43,20,1996,Computer Science,STEM,7001,1.03,1,1,7152,2.475,25,1,0,,0,-1.97
S201401060,2014,1,M,0,Hispanic,CA,INST_01,State University A (Research),research,3.28,81,1996,Marketing,Business,4814,0.708,1,1,5657,3.125,31,0,0,,0,-2.292
S201401061,2014,0,F,1,Black,VA,INST_05,Urban University E (Research),research,3.32,68,1996,Physics,STEM,18122,2.665,1,1,3490,3.51,27,0,0,,0,-0.335
S201401062,2014,0,F,0,Hispanic,CA,INST_01,State University A (Research),research,2.81,90,1996,Economics-Bus,Business,14009,2.06,1,0,0,2.7,29,1,0,,0,-0.94
S201401063,2014,0,F,0,Multi,NJ,INST_04,Regional College D (Teaching),teaching,3.04,97,1996,Finance,Business,20305,2.986,1,1,6048,3.325,31,0,0,,0,-0.014
S201401064,2014,0,F,0,White,NC,INST_01,State University A (Research),research,2.63,46,1996,Marketing,Business,4906,0.721,1,1,4212,2.61,31,1,1,2.22,0,-2.279
S201401065,2014,0,M,0,Black,PA,INST_02,State University B (Research),research,2.09,43,1996,Electrical Engineering,STEM,7488,1.101,1,1,8175,2.925,32,1,1,2.8,0,-1.899
S201401066,2014,1,F,1,AIAN,MI,INST_02,State University B (Research),research,3.23,48,1996,Economics-Bus,Business,0,0.1,1,1,6193,2.93,25,0,0,,0,-2.9
S201401067,2014,1,M,1,White,IL,INST_04,Regional College D (Teaching),teaching,3.51,68,1996,Pre-Med,Health,0,0.1,1,1,6786,4.0,31,0,0,,0,-2.9
S201401068,2014,0,M,0,White,CA,INST_02,State University B (Research),research,3.22,15,1996,Undeclared,Other,2358,0.347,1,1,7139,3.38,31,0,0,,0,-2.653
S201401069,2014,0,F,0,White,IL,INST_03,Regional College C (Teaching),teaching,2.92,32,1996,Nursing,Health,19011,2.796,1,1,5274,2.9450000000000003,31,0,0,,0,-0.204
S201401070,2014,0,M,0,Hispanic,NY,INST_01,State University A (Research),research,3.28,38,1996,Statistics,STEM,13302,1.956,1,0,0,3.795,28,0,0,,0,-1.044
S201401071,2014,1,F,0,White,MI,INST_04,Regional College D (Teaching),teaching,3.29,80,1996,Psychology,Social Sciences,13055,1.92,1,1,7623,3.9299999999999997,26,1,1,3.97,0,-1.08
S201401072,2014,0,M,0,Black,MI,INST_04,Regional College D (Teaching),teaching,2.75,49,1996,Physics,STEM,8879,1.306,1,1,5782,3.995,27,1,1,3.9,0,-1.694
S201401073,2014,1,F,1,White,CA,INST_01,State University A (Research),research,3.31,9,1996,Chemistry,STEM,0,0.1,1,1,4452,2.9050000000000002,32,1,0,,0,-2.9
S201401074,2014,0,M,0,White,MI,INST_02,State University B (Research),research,3.83,4,1996,Statistics,STEM,17982,2.644,1,1,6587,3.605,30,1,0,,0,-0.356
S201401075,2014,1,M,1,White,NC,INST_04,Regional College D (Teaching),teaching,3.6,49,1996,Physics,STEM,18831,2.769,1,1,8334,3.27,29,1,1,3.11,0,-0.231
S201401076,2014,1,F,0,Black,OH,INST_04,Regional College D (Teaching),teaching,3.85,50,1996,Marketing,Business,2007,0.295,1,0,0,3.285,32,0,0,,0,-2.705
S201401077,2014,0,M,0,Hispanic,NY,INST_03,Regional College C (Teaching),teaching,3.36,53,1996,Civil Engineering,STEM,2770,0.407,1,1,10082,3.3200000000000003,31,1,1,3.88,0,-2.593
S201401078,2014,0,M,1,Black,IL,INST_01,State University A (Research),research,3.94,51,1996,Computer Science,STEM,12456,1.832,1,0,0,3.9050000000000002,27,0,0,,0,-1.168
S201401079,2014,0,F,1,Multi,NY,INST_04,Regional College D (Teaching),teaching,2.99,54,1996,Finance,Business,0,0.1,1,1,5348,2.87,29,0,0,,0,-2.9
S201401080,2014,0,F,0,White,GA,INST_05,Urban University E (Research),research,3.27,55,1996,Civil Engineering,STEM,12758,1.876,1,0,0,2.975,29,0,0,,0,-1.124
S201401081,2014,0,F,0,White,NC,INST_01,State University A (Research),research,4.0,61,1995,Education,Other,14022,2.062,1,0,0,2.3449999999999998,32,0,0,,0,-0.938
S201401082,2014,0,F,0,Black,NJ,INST_02,State University B (Research),research,2.52,41,1996,Economics,Social Sciences,16231,2.387,1,1,4730,3.05,27,1,1,3.74,0,-0.613
S201401083,2014,0,M,0,White,NJ,INST_01,State University A (Research),research,3.04,55,1996,General Studies,Other,10404,1.53,1,1,6036,2.285,31,0,0,,0,-1.47
S201401084,2014,0,F,0,Hispanic,NY,INST_03,Regional College C (Teaching),teaching,3.17,37,1996,Pre-Med,Health,6842,1.006,1,0,0,3.785,31,0,0,,0,-1.994
S201401085,2014,1,F,0,Asian,NJ,INST_04,Regional College D (Teaching),teaching,3.87,61,1996,Finance,Business,4631,0.681,1,1,6280,3.9850000000000003,30,0,0,,0,-2.319
S201401086,2014,0,M,1,White,IL,INST_02,State University B (Research),research,2.88,40,1996,Kinesiology,Health,19839,2.918,1,1,6381,2.895,31,1,0,,0,-0.082
S201401087,2014,0,M,1,White,GA,INST_02,State University B (Research),research,2.79,87,1996,Education,Other,10813,1.59,1,0,0,3.9699999999999998,33,0,0,,0,-1.41
S201401088,2014,0,F,0,Hispanic,NC,INST_01,State University A (Research),research,2.95,45,1996,Public Health,Health,21344,3.139,0,0,0,3.14,31,0,0,,1,0.139
S201401089,2014,1,M,0,Asian,VA,INST_05,Urban University E (Research),research,3.54,60,1995,Economics,Social Sciences,5134,0.755,1,1,5259,3.9850000000000003,27,1,1,4.0,0,-2.245
S201401090,2014,0,M,1,Asian,NJ,INST_03,Regional College C (Teaching),teaching,3.07,50,1996,Nursing,Health,8858,1.303,1,1,3723,3.8600000000000003,27,0,0,,0,-1.697
S201401091,2014,0,M,0,Black,GA,INST_03,Regional College C (Teaching),teaching,2.94,31,1996,Biology,STEM,16281,2.394,1,1,4654,3.615,27,0,0,,0,-0.606
S201401092,2014,0,F,0,White,FL,INST_01,State University A (Research),research,2.35,62,1996,Psychology,Social Sciences,7578,1.114,1,1,5126,3.45,30,0,0,,0,-1.886
S201401093,2014,0,F,0,White,FL,INST_03,Regional College C (Teaching),teaching,2.72,32,1996,Marketing,Business,9999,1.47,1,1,5901,2.725,30,1,0,,0,-1.53
S201401094,2014,1,M,0,White,NJ,INST_01,State University A (Research),research,2.98,54,1996,Economics,Social Sciences,1809,0.266,1,1,5918,3.575,28,1,1,3.7,0,-2.734
S201401095,2014,0,M,0,Hispanic,NJ,INST_03,Regional College C (Teaching),teaching,3.32,79,1996,Marketing,Business,5140,0.756,1,0,0,2.7800000000000002,31,1,0,,0,-2.244
S201401096,2014,0,M,0,White,NY,INST_02,State University B (Research),research,2.72,62,1996,Communications,Other,19959,2.935,1,0,0,2.365,31,0,0,,0,-0.065
S201401097,2014,0,F,1,Asian,TX,INST_01,State University A (Research),research,3.68,84,1996,Spanish,Humanities,443,0.1,1,1,6843,3.42,31,0,0,,0,-2.9
S201401098,2014,0,F,0,Hispanic,TX,INST_02,State University B (Research),research,3.43,28,1996,Electrical Engineering,STEM,22041,3.241,0,0,0,3.25,30,1,0,,1,0.241
S201401099,2014,0,F,0,Hispanic,VA,INST_03,Regional College C (Teaching),teaching,3.99,42,1996,Education,Other,19246,2.83,1,1,8273,3.7199999999999998,31,0,0,,0,-0.17
S201401100,2014,1,F,0,White,CA,INST_04,Regional College D (Teaching),teaching,3.73,56,1996,Biomedical Engineering,STEM,5651,0.831,1,1,5899,3.95,30,1,0,,0,-2.169
S201401101,2014,0,F,0,White,MI,INST_04,Regional College D (Teaching),teaching,3.7,49,1996,Biomedical Engineering,STEM,16876,2.482,1,0,0,3.075,31,0,0,,0,-0.518
S201401102,2014,1,M,0,Hispanic,NY,INST_04,Regional College D (Teaching),teaching,2.69,60,1996,Statistics,STEM,0,0.1,1,1,5731,3.0700000000000003,30,1,0,,0,-2.9
S201401103,2014,0,F,1,White,NC,INST_02,State University B (Research),research,3.27,77,1996,Statistics,STEM,7694,1.131,1,1,6964,3.835,27,0,0,,0,-1.869
S201401104,2014,1,M,0,White,CA,INST_03,Regional College C (Teaching),teaching,2.62,67,1996,Accounting,Business,20863,3.068,0,0,0,3.115,30,1,1,3.51,1,0.068
S201401105,2014,0,F,0,White,OH,INST_03,Regional College C (Teaching),teaching,3.3,36,1996,Biology,STEM,18808,2.766,1,1,5404,2.4850000000000003,33,0,0,,0,-0.234
S201401106,2014,0,F,0,White,PA,INST_01,State University A (Research),research,3.22,65,1996,English,Humanities,22083,3.248,0,0,0,3.0999999999999996,32,0,0,,1,0.248
S201401107,2014,1,M,0,Black,OH,INST_04,Regional College D (Teaching),teaching,2.82,71,1996,Political Science,Social Sciences,8872,1.305,1,0,0,2.355,31,0,0,,0,-1.695
S201401108,2014,0,M,1,Asian,CA,INST_03,Regional College C (Teaching),teaching,3.31,42,1996,Computer Science,STEM,16970,2.496,1,1,4986,3.1900000000000004,31,1,1,3.56,0,-0.504
S201401109,2014,1,F,0,Black,CA,INST_04,Regional College D (Teaching),teaching,2.94,60,1996,Biomedical Engineering,STEM,420,0.1,1,0,0,2.825,31,1,1,3.34,0,-2.9
S201401110,2014,0,F,0,Asian,IL,INST_05,Urban University E (Research),research,3.02,68,1996,Pre-Med,Health,7879,1.159,1,1,8392,3.4749999999999996,33,1,0,,0,-1.841
S201401111,2014,0,M,1,White,PA,INST_04,Regional College D (Teaching),teaching,3.09,44,1996,Art History,Humanities,14968,2.201,1,1,4412,3.635,31,0,0,,0,-0.799
S201401112,2014,1,M,0,Hispanic,MI,INST_01,State University A (Research),research,3.14,41,1996,Civil Engineering,STEM,7330,1.078,1,1,4850,3.4850000000000003,31,0,0,,0,-1.922
S201401113,2014,0,M,0,White,IL,INST_01,State University A (Research),research,4.0,18,1996,Marketing,Business,6618,0.973,1,1,2499,3.335,30,0,0,,0,-2.027
S201401114,2014,1,F,0,White,FL,INST_05,Urban University E (Research),research,2.72,74,1996,Pre-Med,Health,16239,2.388,1,0,0,2.795,32,0,0,,0,-0.612
S201401115,2014,0,F,1,Hispanic,NY,INST_05,Urban University E (Research),research,3.2,56,1996,Spanish,Humanities,8208,1.207,1,0,0,3.45,28,1,1,3.4,0,-1.793
S201401116,2014,0,M,0,White,NC,INST_02,State University B (Research),research,3.36,76,1996,Accounting,Business,18618,2.738,1,1,7992,3.4,30,1,1,3.63,0,-0.262
S201401117,2014,0,M,0,White,CA,INST_01,State University A (Research),research,3.13,51,1996,Physics,STEM,0,0.1,1,1,5322,3.5,30,1,1,3.64,0,-2.9
S201401118,2014,0,M,0,White,GA,INST_04,Regional College D (Teaching),teaching,3.18,59,1996,General Studies,Other,17948,2.639,1,0,0,2.535,28,1,0,,0,-0.361
S201401119,2014,1,F,0,AIAN,TX,INST_01,State University A (Research),research,3.53,52,1996,Sociology,Social Sciences,3467,0.51,1,1,6152,3.1399999999999997,31,1,1,3.42,0,-2.49
S201401120,2014,0,F,1,White,TX,INST_02,State University B (Research),research,3.4,84,1996,Biomedical Engineering,STEM,7257,1.067,1,1,7018,3.9850000000000003,30,1,1,3.39,0,-1.933
S201401121,2014,0,M,0,White,OH,INST_04,Regional College D (Teaching),teaching,2.72,65,1996,Statistics,STEM,20889,3.072,0,1,5058,3.37,31,1,0,,1,0.072
S201401122,2014,0,M,1,Black,TX,INST_03,Regional College C (Teaching),teaching,3.73,51,1996,Nursing,Health,19851,2.919,1,1,8981,3.355,31,1,0,,0,-0.081
S201401123,2014,1,F,1,White,OH,INST_04,Regional College D (Teaching),teaching,2.6,80,1996,Public Health,Health,4832,0.711,1,0,0,3.395,31,1,1,3.81,0,-2.289
S201401124,2014,1,F,0,Hispanic,GA,INST_03,Regional College C (Teaching),teaching,3.28,32,1996,Accounting,Business,25514,3.752,0,0,0,3.5199999999999996,32,0,0,,1,0.752
S201401125,2014,0,M,1,White,FL,INST_01,State University A (Research),research,3.9,38,1996,Economics-Bus,Business,6488,0.954,1,0,0,3.835,27,1,0,,0,-2.046
S201401126,2014,1,F,1,Black,NJ,INST_01,State University A (Research),research,3.19,79,1996,Accounting,Business,6667,0.98,1,1,5249,3.755,24,0,0,,0,-2.02
S201401127,2014,1,F,1,White,NY,INST_02,State University B (Research),research,2.43,64,1996,Management,Business,0,0.1,1,1,7383,3.855,28,1,1,3.89,0,-2.9
S201401128,2014,0,M,1,White,NY,INST_04,Regional College D (Teaching),teaching,2.95,85,1996,Economics-Bus,Business,7214,1.061,1,1,5990,3.3449999999999998,31,1,1,3.44,0,-1.939
S201401129,2014,0,M,0,White,IL,INST_04,Regional College D (Teaching),teaching,3.16,37,1996,Nursing,Health,9455,1.39,1,1,6234,3.34,28,0,0,,0,-1.61
S201401130,2014,0,F,0,Black,PA,INST_01,State University A (Research),research,2.85,57,1996,Anthropology,Social Sciences,10581,1.556,1,0,0,3.795,30,1,0,,0,-1.444
S201401131,2014,1,F,0,White,CA,INST_03,Regional College C (Teaching),teaching,2.95,29,1995,Communications,Other,3588,0.528,1,1,5271,3.695,34,0,0,,0,-2.472
S201401132,2014,0,F,1,White,NJ,INST_05,Urban University E (Research),research,3.22,36,1996,Political Science,Social Sciences,7519,1.106,1,1,5531,3.355,28,1,0,,0,-1.894
S201401133,2014,0,F,0,White,NJ,INST_03,Regional College C (Teaching),teaching,3.26,44,1996,Anthropology,Social Sciences,12855,1.89,1,1,6676,3.665,31,1,1,4.0,0,-1.11
S201401134,2014,0,M,0,White,TX,INST_03,Regional College C (Teaching),teaching,3.74,52,1996,Spanish,Humanities,18465,2.715,1,0,0,3.05,30,1,0,,0,-0.285
S201401135,2014,0,F,0,Black,NY,INST_02,State University B (Research),research,3.09,50,1996,Chemistry,STEM,3339,0.491,1,0,0,3.445,28,1,0,,0,-2.509
S201401136,2014,0,F,0,White,CA,INST_03,Regional College C (Teaching),teaching,2.81,44,1996,Public Health,Health,12568,1.848,1,1,8045,2.855,30,1,0,,0,-1.152
S201401137,2014,0,F,0,White,MI,INST_03,Regional College C (Teaching),teaching,2.85,73,1996,Physics,STEM,10883,1.6,1,0,0,3.395,29,0,0,,0,-1.4
S201401138,2014,0,M,0,Hispanic,TX,INST_01,State University A (Research),research,2.87,56,1996,Computer Science,STEM,9825,1.445,1,0,0,3.26,33,1,0,,0,-1.555
S201401139,2014,0,F,0,White,TX,INST_01,State University A (Research),research,3.77,26,1996,Electrical Engineering,STEM,22517,3.311,0,1,5281,3.115,31,1,1,2.99,1,0.311
S201401140,2014,0,M,0,Asian,NJ,INST_03,Regional College C (Teaching),teaching,4.0,50,1996,Kinesiology,Health,9038,1.329,1,0,0,3.8049999999999997,31,1,1,3.94,0,-1.671
S201401141,2014,0,M,0,Asian,VA,INST_03,Regional College C (Teaching),teaching,2.52,63,1995,Civil Engineering,STEM,10386,1.527,1,1,6960,3.4850000000000003,28,1,1,3.44,0,-1.473
S201401142,2014,0,M,0,Multi,MI,INST_02,State University B (Research),research,3.5,63,1996,Economics-Bus,Business,26279,3.865,0,0,0,3.05,31,1,1,3.35,1,0.865
S201401143,2014,0,F,1,White,OH,INST_03,Regional College C (Teaching),teaching,2.7,75,1996,Spanish,Humanities,5231,0.769,1,1,4674,3.33,30,1,0,,0,-2.231
S201401144,2014,0,M,0,Hispanic,NC,INST_02,State University B (Research),research,3.03,35,1996,General Studies,Other,24414,3.59,0,0,0,3.615,30,0,0,,1,0.59
S201401145,2014,0,M,1,Hispanic,NY,INST_02,State University B (Research),research,4.0,73,1996,Mechanical Engineering,STEM,3694,0.543,1,1,6180,3.365,29,1,1,3.64,0,-2.457
S201401146,2014,0,M,0,White,PA,INST_04,Regional College D (Teaching),teaching,3.04,65,1996,Economics,Social Sciences,16748,2.463,1,1,7160,3.08,30,0,0,,0,-0.537
S201401147,2014,0,F,1,Black,GA,INST_05,Urban University E (Research),research,2.47,45,1996,Economics,Social Sciences,9803,1.442,1,1,7706,3.1799999999999997,30,1,0,,0,-1.558
S201401148,2014,1,F,0,Multi,NJ,INST_05,Urban University E (Research),research,2.98,62,1996,Communications,Other,6903,1.015,1,1,6123,3.24,31,1,0,,0,-1.985
S201401149,2014,0,M,1,Black,CA,INST_05,Urban University E (Research),research,2.56,52,1996,Political Science,Social Sciences,11968,1.76,1,1,5738,3.315,29,0,0,,0,-1.24
S201401150,2014,1,F,1,White,FL,INST_01,State University A (Research),research,3.15,71,1996,Philosophy,Humanities,11080,1.629,1,1,6563,3.935,31,1,1,4.0,0,-1.371
S201401151,2014,0,F,0,White,CA,INST_02,State University B (Research),research,2.01,51,1996,Mathematics,STEM,2751,0.405,1,1,5811,3.21,33,1,1,3.83,0,-2.595
S201401152,2014,0,F,0,Asian,PA,INST_05,Urban University E (Research),research,4.0,74,1996,Biology,STEM,9913,1.458,1,1,5761,3.43,28,1,0,,0,-1.542
S201401153,2014,0,M,0,White,TX,INST_03,Regional College C (Teaching),teaching,2.89,61,1995,Computer Science,STEM,17798,2.617,1,1,5682,3.855,28,1,1,4.0,0,-0.383
S201401154,2014,0,M,0,White,NY,INST_01,State University A (Research),research,3.12,66,1996,Civil Engineering,STEM,7149,1.051,1,1,4917,3.83,32,1,1,3.77,0,-1.949
S201401155,2014,0,M,0,White,OH,INST_01,State University A (Research),research,2.79,40,1996,Mechanical Engineering,STEM,16455,2.42,1,1,5976,2.895,28,1,1,2.92,0,-0.58
S201401156,2014,1,M,0,Asian,MI,INST_01,State University A (Research),research,3.19,49,1996,Spanish,Humanities,0,0.1,1,1,4397,3.955,33,1,0,,0,-2.9
S201401157,2014,0,M,0,White,GA,INST_03,Regional College C (Teaching),teaching,3.5,58,1996,Art History,Humanities,23128,3.401,0,1,3795,3.525,29,1,1,3.47,1,0.401
S201401158,2014,0,F,0,Black,MI,INST_04,Regional College D (Teaching),teaching,3.55,33,1996,Kinesiology,Health,8722,1.283,1,1,6297,2.9,30,0,0,,0,-1.717
S201401159,2014,0,F,0,White,NJ,INST_01,State University A (Research),research,3.12,56,1996,Communications,Other,11287,1.66,1,1,7332,3.615,29,1,0,,0,-1.34
S201401160,2014,0,M,1,White,FL,INST_03,Regional College C (Teaching),teaching,2.09,76,1996,Mathematics,STEM,0,0.1,1,1,4879,3.205,31,0,0,,0,-2.9
S201401161,2014,0,F,0,White,GA,INST_03,Regional College C (Teaching),teaching,3.08,11,1996,Computer Science,STEM,13980,2.056,1,1,6635,3.415,30,0,0,,0,-0.944
S201401162,2014,1,M,1,Asian,PA,INST_01,State University A (Research),research,3.45,42,1996,Chemistry,STEM,0,0.1,1,0,0,3.685,28,1,0,,0,-2.9
S201401163,2014,1,F,0,White,VA,INST_02,State University B (Research),research,2.89,80,1996,Anthropology,Social Sciences,10606,1.56,1,0,0,3.505,31,0,0,,0,-1.44
S201401164,2014,0,M,0,White,TX,INST_02,State University B (Research),research,3.41,67,1996,Spanish,Humanities,0,0.1,1,1,4584,3.54,30,0,0,,0,-2.9
S201401165,2014,0,F,0,White,PA,INST_04,Regional College D (Teaching),teaching,2.71,49,1995,Pre-Med,Health,5216,0.767,1,1,6379,3.535,31,1,1,3.72,0,-2.233
S201401166,2014,0,F,0,White,VA,INST_04,Regional College D (Teaching),teaching,3.04,32,1996,Education,Other,0,0.1,1,1,7675,3.73,36,0,0,,0,-2.9
S201401167,2014,1,F,0,Black,FL,INST_03,Regional College C (Teaching),teaching,2.33,54,1996,Electrical Engineering,STEM,5880,0.865,1,0,0,3.115,32,0,0,,0,-2.135
S201401168,2014,0,M,0,White,VA,INST_04,Regional College D (Teaching),teaching,3.16,67,1996,Pre-Med,Health,11271,1.658,1,1,6767,2.99,31,0,0,,0,-1.342
S201401169,2014,0,M,1,Hispanic,MI,INST_02,State University B (Research),research,3.42,68,1996,Sociology,Social Sciences,17102,2.515,1,0,0,3.52,34,1,0,,0,-0.485
S201401170,2014,0,F,1,White,NJ,INST_02,State University B (Research),research,3.41,78,1996,Biology,STEM,2905,0.427,1,1,3656,3.76,33,1,1,3.9,0,-2.573
S201401171,2014,1,M,0,Unknown,MI,INST_03,Regional College C (Teaching),teaching,3.53,65,1996,Chemistry,STEM,9101,1.338,1,1,7816,3.92,30,0,0,,0,-1.662
S201401172,2014,0,M,1,Multi,PA,INST_01,State University A (Research),research,2.53,58,1996,Public Health,Health,0,0.1,1,1,4113,3.61,27,0,0,,0,-2.9
S201401173,2014,0,F,0,White,NJ,INST_03,Regional College C (Teaching),teaching,3.59,68,1996,Biomedical Engineering,STEM,2633,0.387,1,1,7193,3.775,27,1,1,4.0,0,-2.613
S201401174,2014,1,M,0,White,TX,INST_04,Regional College D (Teaching),teaching,3.26,73,1996,Mathematics,STEM,12857,1.891,1,0,0,3.885,34,1,0,,0,-1.109
S201401175,2014,0,M,0,Unknown,NC,INST_05,Urban University E (Research),research,2.06,40,1996,Chemistry,STEM,9599,1.412,1,1,6157,3.135,31,0,0,,0,-1.588
S201401176,2014,0,M,0,White,OH,INST_02,State University B (Research),research,3.26,51,1995,Biomedical Engineering,STEM,20178,2.967,1,1,7499,3.755,33,1,1,3.74,0,-0.033
S201401177,2014,1,F,1,White,MI,INST_01,State University A (Research),research,2.47,65,1996,Psychology,Social Sciences,498,0.1,1,1,5047,3.825,30,1,0,,0,-2.9
S201401178,2014,0,F,0,Multi,IL,INST_01,State University A (Research),research,3.15,48,1996,Computer Science,STEM,20873,3.07,0,0,0,3.17,31,1,1,3.65,1,0.07
S201401179,2014,1,M,0,Unknown,CA,INST_02,State University B (Research),research,3.22,64,1996,Undeclared,Other,8176,1.202,1,0,0,3.215,26,1,1,3.56,0,-1.798
S201401180,2014,1,F,0,Hispanic,NC,INST_02,State University B (Research),research,4.0,81,1996,Biology,STEM,0,0.1,1,1,6850,4.0,30,0,0,,0,-2.9
S201401181,2014,0,M,0,Asian,GA,INST_04,Regional College D (Teaching),teaching,3.43,42,1996,Accounting,Business,8165,1.201,1,0,0,3.315,27,1,1,3.87,0,-1.799
S201401182,2014,0,M,1,White,GA,INST_04,Regional College D (Teaching),teaching,3.41,38,1996,Mechanical Engineering,STEM,19025,2.798,1,1,7268,3.04,30,0,0,,0,-0.202
S201401183,2014,0,F,0,White,PA,INST_05,Urban University E (Research),research,2.98,56,1996,Statistics,STEM,16458,2.42,1,1,3216,3.92,27,1,1,4.0,0,-0.58
S201401184,2014,0,F,0,White,TX,INST_05,Urban University E (Research),research,2.68,58,1996,Education,Other,14487,2.13,1,0,0,2.925,31,1,1,2.84,0,-0.87
S201401185,2014,0,M,1,Hispanic,OH,INST_04,Regional College D (Teaching),teaching,2.86,35,1996,Management,Business,16980,2.497,1,1,5921,3.1799999999999997,30,0,0,,0,-0.503
S201401186,2014,0,M,1,White,NY,INST_05,Urban University E (Research),research,1.93,49,1996,Physics,STEM,9912,1.458,1,1,7050,2.71,25,1,0,,0,-1.542
S201401187,2014,0,F,0,White,NY,INST_02,State University B (Research),research,3.78,51,1996,General Studies,Other,11080,1.629,1,1,6471,3.275,27,1,1,3.77,0,-1.371
S201401188,2014,0,F,0,White,OH,INST_02,State University B (Research),research,3.83,40,1996,Biomedical Engineering,STEM,21407,3.148,0,0,0,4.0,31,0,0,,1,0.148
S201401189,2014,1,F,0,Black,IL,INST_05,Urban University E (Research),research,2.71,28,1996,Civil Engineering,STEM,218,0.1,1,1,5777,3.205,31,0,0,,0,-2.9
S201401190,2014,0,M,0,White,OH,INST_03,Regional College C (Teaching),teaching,3.95,32,1996,Computer Science,STEM,16631,2.446,1,1,4124,3.545,28,1,1,3.87,0,-0.554
S201401191,2014,1,M,1,White,VA,INST_01,State University A (Research),research,3.13,94,1996,English,Humanities,2461,0.362,1,1,5911,3.435,34,1,1,3.45,0,-2.638
S201401192,2014,1,F,0,White,IL,INST_03,Regional College C (Teaching),teaching,3.82,60,1996,Education,Other,2825,0.415,1,1,6407,3.0700000000000003,30,0,0,,0,-2.585
S201401193,2014,0,F,0,Hispanic,IL,INST_05,Urban University E (Research),research,3.22,62,1996,Art History,Humanities,7760,1.141,1,0,0,3.195,29,1,1,3.57,0,-1.859
S201401194,2014,0,F,0,Asian,NY,INST_03,Regional College C (Teaching),teaching,2.26,84,1996,Management,Business,19300,2.838,1,0,0,3.05,28,1,1,3.22,0,-0.162
S201401195,2014,1,F,0,White,NY,INST_05,Urban University E (Research),research,3.59,37,1996,Statistics,STEM,16781,2.468,1,1,7313,3.04,32,0,0,,0,-0.532
S201401196,2014,0,M,0,White,NY,INST_01,State University A (Research),research,3.16,18,1996,Economics,Social Sciences,11013,1.62,1,1,5979,2.77,29,0,0,,0,-1.38
S201401197,2014,1,M,0,White,MI,INST_03,Regional College C (Teaching),teaching,2.78,92,1996,Mechanical Engineering,STEM,25290,3.719,0,0,0,3.7199999999999998,24,0,0,,1,0.719
S201401198,2014,0,F,0,Asian,NJ,INST_04,Regional College D (Teaching),teaching,2.36,99,1996,Chemistry,STEM,6076,0.894,1,1,6826,2.9450000000000003,28,0,0,,0,-2.106
S201401199,2014,0,F,0,Unknown,MI,INST_03,Regional College C (Teaching),teaching,3.61,38,1996,Education,Other,9865,1.451,1,1,5777,2.855,28,0,0,,0,-1.549
S201401200,2014,1,M,1,Hispanic,VA,INST_05,Urban University E (Research),research,3.48,32,1996,Pre-Med,Health,1241,0.182,1,1,7407,3.93,33,0,0,,0,-2.818
S201401201,2014,0,M,1,Hispanic,MI,INST_01,State University A (Research),research,3.24,42,1996,Mathematics,STEM,9589,1.41,1,0,0,2.385,30,0,0,,0,-1.59
S201401202,2014,1,M,1,White,MI,INST_03,Regional College C (Teaching),teaching,4.0,18,1996,English,Humanities,10464,1.539,1,1,7247,3.455,27,1,1,3.79,0,-1.461
S201401203,2014,0,NB,0,Hispanic,IL,INST_04,Regional College D (Teaching),teaching,3.94,45,1996,Biology,STEM,16085,2.365,1,1,4178,3.295,28,1,0,,0,-0.635
S201401204,2014,0,M,0,Hispanic,CA,INST_03,Regional College C (Teaching),teaching,3.25,40,1996,Physics,STEM,13863,2.039,1,1,3176,4.0,32,1,1,3.59,0,-0.961
S201401205,2014,1,F,0,White,CA,INST_01,State University A (Research),research,3.18,79,1996,Chemistry,STEM,0,0.1,1,1,7755,3.8049999999999997,25,0,0,,0,-2.9
S201401206,2014,1,M,0,White,PA,INST_01,State University A (Research),research,3.41,82,1996,Education,Other,21108,3.104,0,1,6144,3.2199999999999998,32,1,0,,1,0.104
S201401207,2014,1,M,0,Black,MI,INST_04,Regional College D (Teaching),teaching,3.62,37,1996,Pre-Med,Health,0,0.1,1,0,0,3.88,33,0,0,,0,-2.9
S201401208,2014,0,M,1,White,OH,INST_01,State University A (Research),research,3.1,86,1996,Civil Engineering,STEM,3673,0.54,1,1,2168,3.2350000000000003,33,0,0,,0,-2.46
S201401209,2014,0,F,0,Black,IL,INST_03,Regional College C (Teaching),teaching,3.43,33,1996,Education,Other,7160,1.053,1,0,0,2.885,32,1,0,,0,-1.947
S201401210,2014,1,M,0,White,NY,INST_03,Regional College C (Teaching),teaching,3.98,27,1996,Finance,Business,0,0.1,1,1,6525,3.305,28,1,1,3.28,0,-2.9
S201401211,2014,1,F,1,Black,MI,INST_05,Urban University E (Research),research,2.62,63,1996,Spanish,Humanities,9138,1.344,1,1,7770,3.9,31,0,0,,0,-1.656
S201401212,2014,0,F,0,Black,OH,INST_03,Regional College C (Teaching),teaching,3.34,68,1996,English,Humanities,23963,3.524,0,0,0,3.24,28,0,0,,1,0.524
S201401213,2014,0,M,0,White,OH,INST_03,Regional College C (Teaching),teaching,2.68,48,1996,Biology,STEM,9685,1.424,1,1,4535,3.085,28,0,0,,0,-1.576
S201401214,2014,0,F,0,Black,GA,INST_02,State University B (Research),research,3.36,33,1996,Education,Other,12436,1.829,1,0,0,3.52,31,1,0,,0,-1.171
S201401215,2014,1,F,0,Asian,NJ,INST_05,Urban University E (Research),research,3.0,17,1996,Biomedical Engineering,STEM,9394,1.381,1,1,7382,3.57,29,0,0,,0,-1.619
S201401216,2014,0,M,0,White,PA,INST_04,Regional College D (Teaching),teaching,3.17,53,1996,Mechanical Engineering,STEM,10578,1.556,1,0,0,3.125,31,1,0,,0,-1.444
S201401217,2014,0,F,0,White,NC,INST_03,Regional College C (Teaching),teaching,2.76,45,1996,Electrical Engineering,STEM,805,0.118,1,1,6864,3.63,31,1,0,,0,-2.882
S201401218,2014,1,F,0,White,PA,INST_05,Urban University E (Research),research,3.41,36,1995,Economics-Bus,Business,14204,2.089,1,1,5521,4.0,28,0,0,,0,-0.911
S201401219,2014,1,M,0,Hispanic,IL,INST_03,Regional College C (Teaching),teaching,3.86,57,1996,Economics-Bus,Business,0,0.1,1,1,5188,3.965,24,0,0,,0,-2.9
S201401220,2014,0,M,0,Hispanic,IL,INST_02,State University B (Research),research,3.75,87,1996,Computer Science,STEM,5349,0.787,1,0,0,3.805,31,1,1,3.62,0,-2.213
S201401221,2014,0,M,0,White,IL,INST_05,Urban University E (Research),research,2.68,75,1996,Communications,Other,11117,1.635,1,1,3718,3.235,28,1,0,,0,-1.365
S201401222,2014,0,M,0,White,FL,INST_04,Regional College D (Teaching),teaching,3.22,64,1996,Biomedical Engineering,STEM,17984,2.645,1,1,6256,3.535,28,0,0,,0,-0.355
S201401223,2014,0,M,0,Asian,VA,INST_02,State University B (Research),research,3.09,35,1996,Undeclared,Other,7344,1.08,1,1,6562,2.905,31,1,1,2.66,0,-1.92
S201401224,2014,1,F,1,Asian,OH,INST_03,Regional College C (Teaching),teaching,3.09,37,1996,Sociology,Social Sciences,4751,0.699,1,1,6464,3.5549999999999997,29,0,0,,0,-2.301
S201401225,2014,0,M,1,Black,CA,INST_02,State University B (Research),research,3.65,74,1996,Political Science,Social Sciences,19015,2.796,1,1,6034,2.9450000000000003,32,0,0,,0,-0.204
S201401226,2014,1,F,1,White,NY,INST_05,Urban University E (Research),research,2.75,70,1996,Kinesiology,Health,17168,2.525,1,1,5367,3.8049999999999997,34,1,0,,0,-0.475
S201401227,2014,0,F,0,Black,VA,INST_02,State University B (Research),research,3.73,39,1996,Civil Engineering,STEM,8752,1.287,1,1,5257,3.285,28,1,0,,0,-1.713
S201401228,2014,0,F,0,Black,GA,INST_02,State University B (Research),research,3.58,73,1996,Pre-Med,Health,0,0.1,1,1,5749,3.75,33,1,1,3.77,0,-2.9
S201401229,2014,0,M,0,Black,TX,INST_04,Regional College D (Teaching),teaching,2.25,55,1996,Education,Other,22257,3.273,0,0,0,2.99,32,1,1,3.11,1,0.273
S201401230,2014,1,F,0,Black,TX,INST_04,Regional College D (Teaching),teaching,2.96,24,1996,Accounting,Business,7787,1.145,1,1,7489,3.58,31,1,1,4.0,0,-1.855
S201401231,2014,0,F,0,White,CA,INST_01,State University A (Research),research,3.1,51,1996,Public Health,Health,18484,2.718,1,1,3202,3.035,28,0,0,,0,-0.282
S201401232,2014,0,F,1,White,OH,INST_04,Regional College D (Teaching),teaching,3.32,55,1996,Economics,Social Sciences,4476,0.658,1,0,0,3.815,30,1,1,3.71,0,-2.342
S201401233,2014,0,F,0,White,TX,INST_04,Regional College D (Teaching),teaching,3.75,90,1996,Philosophy,Humanities,3990,0.587,1,1,6694,3.575,29,1,0,,0,-2.413
S201401234,2014,0,M,1,White,VA,INST_01,State University A (Research),research,2.93,38,1996,Political Science,Social Sciences,5299,0.779,1,1,6689,3.075,30,1,0,,0,-2.221
S201401235,2014,0,M,1,White,GA,INST_04,Regional College D (Teaching),teaching,3.16,85,1996,Education,Other,5238,0.77,1,1,7432,3.73,28,1,1,4.0,0,-2.23
S201401236,2014,0,M,0,Hispanic,CA,INST_05,Urban University E (Research),research,2.83,70,1996,Mechanical Engineering,STEM,3626,0.533,1,1,5247,3.2,31,1,1,3.21,0,-2.467
S201401237,2014,1,M,1,Black,VA,INST_03,Regional College C (Teaching),teaching,3.53,53,1996,Economics,Social Sciences,19290,2.837,1,1,6980,3.8899999999999997,29,1,1,3.91,0,-0.163
S201401238,2014,1,F,1,White,GA,INST_01,State University A (Research),research,2.65,65,1996,Civil Engineering,STEM,4551,0.669,1,1,3311,3.3150000000000004,33,0,0,,0,-2.331
S201401239,2014,0,F,0,Asian,CA,INST_01,State University A (Research),research,3.52,55,1996,Pre-Med,Health,16071,2.363,1,0,0,2.54,26,1,1,3.23,0,-0.637
S201401240,2014,0,M,0,White,IL,INST_02,State University B (Research),research,3.52,51,1996,Mechanical Engineering,STEM,13085,1.924,1,1,7088,3.105,28,1,0,,0,-1.076
S201401241,2014,0,M,0,White,PA,INST_01,State University A (Research),research,2.92,66,1996,Civil Engineering,STEM,14677,2.158,1,1,3017,3.01,25,1,0,,0,-0.842
S201401242,2014,0,F,0,White,MI,INST_05,Urban University E (Research),research,4.0,34,1996,Political Science,Social Sciences,17611,2.59,1,1,6098,3.8099999999999996,31,1,0,,0,-0.41
S201401243,2014,0,F,0,Multi,VA,INST_01,State University A (Research),research,3.83,29,1996,Pre-Med,Health,13180,1.938,1,1,5966,2.6100000000000003,30,0,0,,0,-1.062
S201401244,2014,1,F,0,Hispanic,FL,INST_03,Regional College C (Teaching),teaching,2.6,35,1996,Kinesiology,Health,0,0.1,1,1,3979,3.425,29,0,0,,0,-2.9
S201401245,2014,1,F,0,White,NY,INST_01,State University A (Research),research,3.73,92,1996,Marketing,Business,9956,1.464,1,0,0,3.965,28,0,0,,0,-1.536
S201401246,2014,0,M,1,Hispanic,NC,INST_02,State University B (Research),research,3.96,52,1996,Management,Business,11734,1.726,1,0,0,3.575,30,0,0,,0,-1.274
S201401247,2014,0,F,0,White,TX,INST_04,Regional College D (Teaching),teaching,2.9,40,1996,Mathematics,STEM,8256,1.214,1,1,5174,3.6849999999999996,33,0,0,,0,-1.786
S201401248,2014,0,F,1,White,NC,INST_02,State University B (Research),research,3.48,74,1996,Economics,Social Sciences,13811,2.031,1,1,5771,3.455,31,1,0,,0,-0.969
S201401249,2014,1,F,1,Hispanic,OH,INST_01,State University A (Research),research,2.94,29,1996,Anthropology,Social Sciences,3529,0.519,1,1,7697,2.945,30,1,1,3.02,0,-2.481
S201401250,2014,1,F,0,White,OH,INST_02,State University B (Research),research,3.54,45,1996,General Studies,Other,15752,2.316,1,1,8072,3.3200000000000003,31,1,1,3.55,0,-0.684
S201401251,2014,0,F,0,White,NC,INST_05,Urban University E (Research),research,4.0,73,1996,Finance,Business,8261,1.215,1,1,3842,3.5949999999999998,30,0,0,,0,-1.785
S201401252,2014,0,F,0,White,NC,INST_02,State University B (Research),research,3.05,40,1996,Economics-Bus,Business,7283,1.071,1,0,0,2.815,31,1,0,,0,-1.929
S201401253,2014,0,F,0,Black,TX,INST_03,Regional College C (Teaching),teaching,3.57,66,1996,Political Science,Social Sciences,1393,0.205,1,1,3914,3.005,30,1,0,,0,-2.795
S201401254,2014,0,M,0,Asian,NY,INST_01,State University A (Research),research,2.82,45,1996,English,Humanities,9314,1.37,1,1,8168,2.945,30,0,0,,0,-1.63
S201401255,2014,1,F,0,Multi,NC,INST_04,Regional College D (Teaching),teaching,3.62,54,1996,Marketing,Business,10645,1.565,1,0,0,2.77,27,0,0,,0,-1.435
S201401256,2014,1,M,0,Hispanic,CA,INST_05,Urban University E (Research),research,2.43,66,1996,Civil Engineering,STEM,11742,1.727,1,0,0,3.115,31,1,0,,0,-1.273
S201401257,2014,0,M,1,Black,TX,INST_05,Urban University E (Research),research,2.63,48,1996,Public Health,Health,10360,1.524,1,0,0,3.105,31,0,0,,0,-1.476
S201401258,2014,0,F,0,Black,FL,INST_01,State University A (Research),research,3.76,63,1996,Public Health,Health,12006,1.766,1,0,0,3.215,32,1,0,,0,-1.234
S201401259,2014,0,M,1,Hispanic,NC,INST_05,Urban University E (Research),research,2.63,50,1996,Art History,Humanities,1646,0.242,1,1,6128,3.185,28,1,1,3.86,0,-2.758
S201401260,2014,0,M,0,Multi,VA,INST_03,Regional College C (Teaching),teaching,2.92,60,1996,Accounting,Business,20984,3.086,0,0,0,3.445,30,1,1,3.48,1,0.086
S201401261,2014,0,M,1,White,NY,INST_03,Regional College C (Teaching),teaching,3.84,17,1996,Education,Other,13178,1.938,1,1,4883,3.415,30,1,0,,0,-1.062
S201401262,2014,0,M,1,Asian,NY,INST_03,Regional College C (Teaching),teaching,3.47,68,1996,Public Health,Health,14984,2.204,1,1,3444,3.98,32,1,1,4.0,0,-0.796
S201401263,2014,0,M,0,Black,GA,INST_05,Urban University E (Research),research,3.68,79,1996,Undeclared,Other,8469,1.245,1,1,5381,3.925,31,1,1,4.0,0,-1.755
S201401264,2014,0,F,1,White,TX,INST_05,Urban University E (Research),research,2.83,85,1996,Communications,Other,21827,3.21,0,0,0,2.375,27,0,0,,1,0.21
S201401265,2014,0,M,0,White,PA,INST_01,State University A (Research),research,2.71,32,1996,Sociology,Social Sciences,20323,2.989,1,0,0,4.0,27,0,0,,0,-0.011
S201401266,2014,0,M,1,White,TX,INST_03,Regional College C (Teaching),teaching,3.07,7,1996,Economics-Bus,Business,4928,0.725,1,1,6528,2.9050000000000002,31,1,0,,0,-2.275
S201401267,2014,0,F,0,White,OH,INST_03,Regional College C (Teaching),teaching,2.73,60,1996,Management,Business,19980,2.938,1,0,0,2.82,31,0,0,,0,-0.062
S201401268,2014,0,M,0,Hispanic,NY,INST_05,Urban University E (Research),research,2.91,73,1996,Physics,STEM,11150,1.64,1,0,0,2.565,27,1,0,,0,-1.36
S201401269,2014,1,M,0,White,MI,INST_04,Regional College D (Teaching),teaching,4.0,77,1996,Marketing,Business,9818,1.444,1,1,4371,3.46,31,1,1,3.74,0,-1.556
S201401270,2014,1,F,0,White,FL,INST_05,Urban University E (Research),research,3.37,21,1996,Communications,Other,17648,2.595,1,1,5492,3.84,27,1,0,,0,-0.405
S201401271,2014,1,F,1,Multi,OH,INST_02,State University B (Research),research,2.96,53,1996,Psychology,Social Sciences,11856,1.744,1,1,4026,3.79,30,1,0,,0,-1.256
S201401272,2014,0,F,1,Multi,OH,INST_04,Regional College D (Teaching),teaching,3.8,39,1996,Marketing,Business,18930,2.784,1,1,6777,3.9000000000000004,31,1,0,,0,-0.216
S201401273,2014,0,NB,0,Black,GA,INST_05,Urban University E (Research),research,3.06,67,1996,Pre-Med,Health,22625,3.327,0,1,4016,2.07,32,1,1,2.75,1,0.327
S201401274,2014,0,M,1,Asian,FL,INST_01,State University A (Research),research,3.46,47,1996,Biology,STEM,15272,2.246,1,1,6738,3.13,29,1,0,,0,-0.754
S201401275,2014,0,M,0,White,TX,INST_01,State University A (Research),research,3.58,30,1996,Communications,Other,5325,0.783,1,1,6167,3.17,31,0,0,,0,-2.217
S201401276,2014,0,F,0,White,NC,INST_01,State University A (Research),research,2.8,43,1996,Economics-Bus,Business,14785,2.174,1,1,6473,2.63,34,1,1,2.72,0,-0.826
S201401277,2014,0,M,0,Black,TX,INST_05,Urban University E (Research),research,3.37,68,1996,Management,Business,12637,1.858,1,1,4775,2.465,28,0,0,,0,-1.142
S201401278,2014,1,M,0,White,TX,INST_03,Regional College C (Teaching),teaching,2.39,32,1996,Nursing,Health,11940,1.756,1,0,0,2.045,28,0,0,,0,-1.244
S201401279,2014,1,F,1,White,NC,INST_02,State University B (Research),research,3.13,40,1996,General Studies,Other,172,0.1,1,1,5129,3.615,28,1,1,3.39,0,-2.9
S201401280,2014,0,F,0,White,NY,INST_01,State University A (Research),research,3.16,32,1996,Computer Science,STEM,0,0.1,1,1,6081,3.745,32,0,0,,0,-2.9
S201401281,2014,0,F,1,White,NC,INST_04,Regional College D (Teaching),teaching,3.03,55,1996,Civil Engineering,STEM,12697,1.867,1,0,0,3.4000000000000004,31,1,1,3.98,0,-1.133
S201401282,2014,1,M,0,Hispanic,VA,INST_03,Regional College C (Teaching),teaching,3.41,60,1996,Sociology,Social Sciences,0,0.1,1,1,4890,3.745,31,1,1,3.65,0,-2.9
S201401283,2014,0,F,0,Black,OH,INST_04,Regional College D (Teaching),teaching,3.47,48,1996,Psychology,Social Sciences,22271,3.275,0,0,0,3.115,30,0,0,,1,0.275
S201401284,2014,0,F,1,White,FL,INST_02,State University B (Research),research,2.81,93,1996,Accounting,Business,8051,1.184,1,1,3697,3.06,29,1,1,3.17,0,-1.816
S201401285,2014,1,F,1,Hispanic,NY,INST_02,State University B (Research),research,4.0,61,1996,Economics,Social Sciences,0,0.1,1,0,0,3.54,31,0,0,,0,-2.9
S201401286,2014,1,M,0,White,CA,INST_05,Urban University E (Research),research,3.14,19,1996,Spanish,Humanities,7276,1.07,1,1,5729,3.3049999999999997,31,0,0,,0,-1.93
S201401287,2014,0,M,0,Hispanic,PA,INST_03,Regional College C (Teaching),teaching,2.21,36,1996,Nursing,Health,11678,1.717,1,1,6556,3.73,30,0,0,,0,-1.283
S201401288,2014,1,F,0,White,VA,INST_02,State University B (Research),research,2.55,40,1996,Kinesiology,Health,7157,1.052,1,1,4666,3.385,29,0,0,,0,-1.948
S201401289,2014,0,F,0,White,IL,INST_04,Regional College D (Teaching),teaching,3.6,28,1996,Mathematics,STEM,18850,2.772,1,1,5382,2.815,28,1,0,,0,-0.228
S201401290,2014,1,F,1,White,PA,INST_05,Urban University E (Research),research,3.52,57,1996,Psychology,Social Sciences,5473,0.805,1,0,0,3.8049999999999997,30,1,0,,0,-2.195
S201401291,2014,1,M,1,White,OH,INST_02,State University B (Research),research,4.0,73,1996,Finance,Business,0,0.1,1,1,5589,3.935,28,0,0,,0,-2.9
S201401292,2014,1,F,0,White,VA,INST_03,Regional College C (Teaching),teaching,4.0,81,1996,Communications,Other,19727,2.901,1,1,5140,3.9299999999999997,30,1,1,3.74,0,-0.099
S201401293,2014,0,F,0,White,IL,INST_05,Urban University E (Research),research,2.52,50,1996,Undeclared,Other,4971,0.731,1,0,0,2.8,28,1,1,3.03,0,-2.269
S201401294,2014,1,F,0,Hispanic,NC,INST_01,State University A (Research),research,2.63,59,1996,General Studies,Other,14822,2.18,1,1,7216,3.73,27,1,1,3.76,0,-0.82
S201401295,2014,0,F,0,White,PA,INST_03,Regional College C (Teaching),teaching,3.5,58,1996,Physics,STEM,6438,0.947,1,1,6035,3.895,31,1,1,4.0,0,-2.053
S201401296,2014,0,F,0,White,MI,INST_02,State University B (Research),research,2.7,37,1996,Communications,Other,9074,1.334,1,1,5990,3.475,28,1,1,3.35,0,-1.666
S201401297,2014,0,M,0,Asian,VA,INST_05,Urban University E (Research),research,2.42,54,1996,Statistics,STEM,10076,1.482,1,1,6086,2.69,33,1,1,3.1,0,-1.518
S201401298,2014,1,M,1,White,FL,INST_03,Regional College C (Teaching),teaching,2.53,61,1996,Kinesiology,Health,0,0.1,1,0,0,3.49,31,1,0,,0,-2.9
S201401299,2014,0,M,1,Multi,FL,INST_02,State University B (Research),research,3.29,49,1996,Education,Other,0,0.1,1,1,6279,3.545,28,0,0,,0,-2.9
S201401300,2014,0,F,0,White,GA,INST_04,Regional College D (Teaching),teaching,2.27,50,1996,Communications,Other,17984,2.645,1,1,6284,2.795,25,1,0,,0,-0.355
S201401301,2014,0,M,0,Black,NY,INST_03,Regional College C (Teaching),teaching,2.4,56,1996,Psychology,Social Sciences,11663,1.715,1,1,5692,3.42,31,1,0,,0,-1.285
S201401302,2014,1,F,0,Black,NJ,INST_01,State University A (Research),research,3.1,40,1996,Political Science,Social Sciences,9393,1.381,1,1,7657,3.62,28,1,0,,0,-1.619
S201401303,2014,1,M,0,Asian,PA,INST_03,Regional College C (Teaching),teaching,2.89,49,1996,Accounting,Business,358,0.1,1,1,5265,3.91,31,0,0,,0,-2.9
S201401304,2014,0,M,1,White,NY,INST_03,Regional College C (Teaching),teaching,2.86,38,1996,Biology,STEM,17832,2.622,1,1,4523,3.15,31,1,0,,0,-0.378
S201401305,2014,1,F,1,Hispanic,OH,INST_03,Regional College C (Teaching),teaching,2.96,63,1996,Physics,STEM,9723,1.43,1,1,8008,3.9450000000000003,31,0,0,,0,-1.57
S201401306,2014,0,M,0,Black,PA,INST_01,State University A (Research),research,3.18,54,1996,Economics,Social Sciences,9354,1.376,1,0,0,3.59,29,1,1,3.65,0,-1.624
S201401307,2014,1,M,1,Hispanic,MI,INST_04,Regional College D (Teaching),teaching,2.79,69,1996,Management,Business,1501,0.221,1,0,0,3.6,28,0,0,,0,-2.779
S201401308,2014,1,M,1,Black,NJ,INST_05,Urban University E (Research),research,2.31,89,1996,Anthropology,Social Sciences,1346,0.198,1,0,0,3.335,28,1,1,3.86,0,-2.802
S201401309,2014,0,NB,1,Hispanic,VA,INST_02,State University B (Research),research,3.53,63,1996,Communications,Other,8475,1.246,1,0,0,2.675,32,1,1,2.37,0,-1.754
S201401310,2014,0,M,1,White,GA,INST_03,Regional College C (Teaching),teaching,2.99,60,1996,General Studies,Other,4638,0.682,1,1,4263,3.21,28,0,0,,0,-2.318
S201401311,2014,0,M,1,White,NY,INST_03,Regional College C (Teaching),teaching,3.4,49,1996,Management,Business,3096,0.455,1,0,0,3.085,30,1,1,3.08,0,-2.545
S201401312,2014,0,F,0,Asian,IL,INST_05,Urban University E (Research),research,3.01,49,1996,Kinesiology,Health,21654,3.184,0,0,0,3.59,30,0,0,,1,0.184
S201401313,2014,1,M,0,Asian,TX,INST_03,Regional College C (Teaching),teaching,2.67,59,1996,Economics,Social Sciences,19391,2.852,1,1,7408,2.6849999999999996,28,0,0,,0,-0.148
S201401314,2014,0,M,0,Hispanic,PA,INST_04,Regional College D (Teaching),teaching,3.28,47,1996,Art History,Humanities,7783,1.145,1,1,7529,3.62,31,0,0,,0,-1.855
S201401315,2014,1,F,0,Black,NY,INST_03,Regional College C (Teaching),teaching,3.15,31,1996,Public Health,Health,3498,0.514,1,1,5905,3.36,26,0,0,,0,-2.486
S201401316,2014,0,M,0,Hispanic,FL,INST_02,State University B (Research),research,2.84,73,1996,Chemistry,STEM,0,0.1,1,0,0,3.08,27,1,0,,0,-2.9
S201401317,2014,0,NB,0,Multi,VA,INST_02,State University B (Research),research,3.72,65,1996,Economics-Bus,Business,4131,0.608,1,1,6972,2.7649999999999997,28,1,1,3.5,0,-2.392
S201401318,2014,0,F,1,Hispanic,IL,INST_02,State University B (Research),research,2.29,70,1996,Communications,Other,18991,2.793,1,1,6790,3.42,30,1,1,3.6,0,-0.207
S201401319,2014,0,M,1,Black,NC,INST_02,State University B (Research),research,3.23,58,1996,Management,Business,2413,0.355,1,1,5724,3.785,31,0,0,,0,-2.645
S201401320,2014,0,M,0,White,GA,INST_04,Regional College D (Teaching),teaching,3.72,87,1996,Mathematics,STEM,16871,2.481,1,1,8602,3.435,31,1,1,3.52,0,-0.519
S201401321,2014,1,F,0,White,GA,INST_01,State University A (Research),research,2.84,76,1996,General Studies,Other,9373,1.378,1,1,4534,3.105,31,1,1,3.18,0,-1.622
S201401322,2014,0,M,0,Hispanic,TX,INST_05,Urban University E (Research),research,2.89,63,1996,Kinesiology,Health,13638,2.006,1,1,3199,3.385,28,1,1,3.95,0,-0.994
S201401323,2014,1,F,0,White,NJ,INST_01,State University A (Research),research,3.57,18,1996,Computer Science,STEM,9394,1.381,1,1,6282,3.9450000000000003,31,1,1,4.0,0,-1.619
S201401324,2014,0,M,1,White,CA,INST_04,Regional College D (Teaching),teaching,2.87,50,1996,Philosophy,Humanities,6787,0.998,1,1,4440,3.15,31,1,0,,0,-2.002
S201401325,2014,0,M,0,White,FL,INST_01,State University A (Research),research,2.97,49,1996,Finance,Business,5714,0.84,1,1,5408,3.01,32,0,0,,0,-2.16
S201401326,2014,0,M,0,Hispanic,TX,INST_03,Regional College C (Teaching),teaching,3.79,67,1996,Public Health,Health,21850,3.213,0,0,0,4.0,28,0,0,,1,0.213
S201401327,2014,0,F,0,White,VA,INST_02,State University B (Research),research,3.55,64,1996,Psychology,Social Sciences,704,0.104,1,1,4549,3.365,30,1,1,3.09,0,-2.896
S201401328,2014,1,F,0,Asian,TX,INST_01,State University A (Research),research,3.34,95,1996,Mechanical Engineering,STEM,3397,0.5,1,1,5433,4.0,31,1,1,4.0,0,-2.5
S201401329,2014,0,F,0,White,NJ,INST_02,State University B (Research),research,3.41,27,1996,Marketing,Business,10244,1.506,1,0,0,3.3449999999999998,30,1,0,,0,-1.494
S201401330,2014,0,M,1,Hispanic,CA,INST_05,Urban University E (Research),research,2.62,66,1996,Nursing,Health,0,0.1,1,1,6089,2.59,31,0,0,,0,-2.9
S201401331,2014,1,M,0,Multi,OH,INST_01,State University A (Research),research,3.09,61,1996,Undeclared,Other,5373,0.79,1,0,0,3.08,31,0,0,,0,-2.21
S201401332,2014,0,M,1,Black,VA,INST_05,Urban University E (Research),research,2.9,60,1996,English,Humanities,9639,1.418,1,1,5407,3.505,28,0,0,,0,-1.582
S201401333,2014,0,F,0,Black,TX,INST_03,Regional College C (Teaching),teaching,3.79,52,1996,Art History,Humanities,11374,1.673,1,0,0,3.465,27,1,0,,0,-1.327
S201401334,2014,0,F,0,White,VA,INST_01,State University A (Research),research,2.8,23,1995,Anthropology,Social Sciences,4568,0.672,1,0,0,2.2800000000000002,31,1,1,2.58,0,-2.328
S201401335,2014,1,M,1,Multi,NC,INST_03,Regional College C (Teaching),teaching,4.0,45,1996,English,Humanities,0,0.1,1,1,7232,3.375,32,0,0,,0,-2.9
S201401336,2014,1,F,0,White,NJ,INST_05,Urban University E (Research),research,2.89,64,1996,Chemistry,STEM,12221,1.797,1,1,5075,3.04,28,1,1,3.38,0,-1.203
S201401337,2014,0,F,1,Asian,OH,INST_01,State University A (Research),research,3.39,48,1996,Public Health,Health,15329,2.254,1,1,6806,2.025,33,0,0,,0,-0.746
S201401338,2014,0,M,0,White,NJ,INST_02,State University B (Research),research,2.59,4,1996,Mathematics,STEM,14001,2.059,1,1,6717,3.525,30,0,0,,0,-0.941
S201401339,2014,0,F,0,White,PA,INST_03,Regional College C (Teaching),teaching,3.73,46,1996,Spanish,Humanities,13393,1.97,1,1,3829,3.95,28,0,0,,0,-1.03
S201401340,2014,1,F,0,Hispanic,NC,INST_01,State University A (Research),research,3.92,50,1996,Mechanical Engineering,STEM,5910,0.869,1,1,5168,3.88,31,0,0,,0,-2.131
S201401341,2014,0,F,0,Hispanic,IL,INST_04,Regional College D (Teaching),teaching,3.1,66,1996,General Studies,Other,9971,1.466,1,1,8802,3.49,30,1,1,3.38,0,-1.534
S201401342,2014,0,F,0,White,FL,INST_04,Regional College D (Teaching),teaching,3.17,62,1996,Biomedical Engineering,STEM,10764,1.583,1,1,7447,3.1799999999999997,31,0,0,,0,-1.417
S201401343,2014,0,M,0,Asian,CA,INST_03,Regional College C (Teaching),teaching,3.08,21,1996,Electrical Engineering,STEM,10400,1.529,1,0,0,2.96,28,1,1,3.55,0,-1.471
S201401344,2014,0,F,0,White,NC,INST_01,State University A (Research),research,3.54,50,1996,Philosophy,Humanities,6630,0.975,1,0,0,3.25,28,1,0,,0,-2.025
S201401345,2014,0,M,0,Black,CA,INST_05,Urban University E (Research),research,3.52,52,1996,Finance,Business,12453,1.831,1,1,4538,2.825,30,1,1,3.23,0,-1.169
S201401346,2014,0,F,1,White,PA,INST_02,State University B (Research),research,3.01,5,1996,Pre-Med,Health,17395,2.558,1,1,3406,3.0949999999999998,31,1,1,3.42,0,-0.442
S201401347,2014,0,M,0,Black,VA,INST_04,Regional College D (Teaching),teaching,4.0,50,1996,Computer Science,STEM,6840,1.006,1,0,0,3.385,34,1,1,3.38,0,-1.994
S201401348,2014,0,M,0,White,NY,INST_05,Urban University E (Research),research,3.78,57,1996,Undeclared,Other,25152,3.699,0,0,0,3.4299999999999997,31,0,0,,1,0.699
S201401349,2014,0,F,0,White,OH,INST_01,State University A (Research),research,3.05,52,1996,Communications,Other,9378,1.379,1,1,4206,3.49,28,1,1,3.74,0,-1.621
S201401350,2014,0,M,0,White,NY,INST_01,State University A (Research),research,3.81,34,1996,Mathematics,STEM,13166,1.936,1,1,6352,3.19,29,1,0,,0,-1.064
S201401351,2014,1,M,0,Black,MI,INST_05,Urban University E (Research),research,3.8,70,1996,Education,Other,0,0.1,1,0,0,2.945,30,0,0,,0,-2.9
S201401352,2014,0,M,0,White,FL,INST_05,Urban University E (Research),research,3.81,35,1996,Marketing,Business,15860,2.332,1,1,6403,3.1550000000000002,30,0,0,,0,-0.668
S201401353,2014,0,M,0,Black,VA,INST_01,State University A (Research),research,3.78,54,1996,English,Humanities,24292,3.572,0,0,0,3.27,26,1,0,,1,0.572
S201401354,2014,1,F,0,Black,MI,INST_02,State University B (Research),research,2.34,46,1996,Undeclared,Other,14243,2.095,1,1,4404,3.205,24,1,0,,0,-0.905
S201401355,2014,0,F,0,Hispanic,CA,INST_04,Regional College D (Teaching),teaching,3.3,97,1996,Accounting,Business,16933,2.49,1,0,0,3.145,32,0,0,,0,-0.51
S201401356,2014,0,F,0,White,VA,INST_02,State University B (Research),research,2.73,69,1996,Statistics,STEM,22187,3.263,0,0,0,2.9450000000000003,30,1,0,,1,0.263
S201401357,2014,0,M,0,Black,MI,INST_02,State University B (Research),research,3.4,81,1996,Marketing,Business,23161,3.406,0,0,0,2.915,27,0,0,,1,0.406
S201401358,2014,0,F,0,Asian,IL,INST_05,Urban University E (Research),research,3.59,48,1996,Finance,Business,3588,0.528,1,0,0,3.84,31,1,1,4.0,0,-2.472
S201401359,2014,0,F,0,Hispanic,PA,INST_01,State University A (Research),research,2.95,60,1996,Pre-Med,Health,16728,2.46,1,1,8212,4.0,28,1,0,,0,-0.54
S201401360,2014,0,M,0,White,MI,INST_02,State University B (Research),research,3.37,73,1996,Communications,Other,20481,3.012,0,0,0,3.31,31,0,0,,1,0.012
S201401361,2014,0,F,1,White,NY,INST_01,State University A (Research),research,4.0,60,1996,Anthropology,Social Sciences,12626,1.857,1,1,6079,3.1449999999999996,29,1,0,,0,-1.143
S201401362,2014,0,F,1,White,PA,INST_03,Regional College C (Teaching),teaching,3.57,91,1996,Civil Engineering,STEM,10694,1.573,1,1,5211,3.49,31,1,1,3.5,0,-1.427
S201401363,2014,0,M,0,Hispanic,MI,INST_05,Urban University E (Research),research,3.25,61,1996,Mechanical Engineering,STEM,8430,1.24,1,1,9580,3.2249999999999996,31,1,0,,0,-1.76
S201401364,2014,0,F,1,Black,VA,INST_03,Regional College C (Teaching),teaching,3.21,44,1996,Chemistry,STEM,6751,0.993,1,1,7532,3.495,28,0,0,,0,-2.007
S201401365,2014,1,F,0,White,FL,INST_02,State University B (Research),research,4.0,86,1996,Communications,Other,0,0.1,1,0,0,3.8449999999999998,30,0,0,,0,-2.9
S201401366,2014,0,F,0,White,GA,INST_04,Regional College D (Teaching),teaching,3.39,99,1996,English,Humanities,8025,1.18,1,1,6442,3.3200000000000003,33,1,0,,0,-1.82
S201401367,2014,0,M,1,White,OH,INST_03,Regional College C (Teaching),teaching,2.77,44,1996,Management,Business,2250,0.331,1,0,0,2.825,31,1,0,,0,-2.669
S201401368,2014,1,F,1,White,GA,INST_04,Regional College D (Teaching),teaching,3.22,43,1996,Mathematics,STEM,8425,1.239,1,1,4379,3.1500000000000004,31,0,0,,0,-1.761
S201401369,2014,1,F,0,White,IL,INST_02,State University B (Research),research,3.22,67,1996,Political Science,Social Sciences,13147,1.933,1,0,0,2.785,29,1,1,3.35,0,-1.067
S201401370,2014,0,F,0,White,NC,INST_02,State University B (Research),research,2.66,84,1996,Finance,Business,23434,3.446,0,1,3485,3.635,31,1,0,,1,0.446
S201401371,2014,0,F,1,White,CA,INST_03,Regional College C (Teaching),teaching,2.6,46,1996,Statistics,STEM,4147,0.61,1,1,3824,3.9050000000000002,28,1,1,4.0,0,-2.39
S201401372,2014,1,F,0,White,IL,INST_05,Urban University E (Research),research,3.97,56,1996,Communications,Other,16438,2.417,1,1,2824,3.935,27,1,1,4.0,0,-0.583
S201401373,2014,1,M,0,Asian,NY,INST_04,Regional College D (Teaching),teaching,3.57,50,1996,Mechanical Engineering,STEM,3527,0.519,1,0,0,3.67,27,0,0,,0,-2.481
S201401374,2014,1,M,0,White,CA,INST_04,Regional College D (Teaching),teaching,2.48,47,1996,Computer Science,STEM,12381,1.821,1,0,0,3.56,30,1,1,3.71,0,-1.179
S201401375,2014,1,F,0,White,FL,INST_03,Regional College C (Teaching),teaching,3.01,54,1996,Economics-Bus,Business,12184,1.792,1,1,4639,3.51,28,0,0,,0,-1.208
S201401376,2014,0,M,1,White,VA,INST_02,State University B (Research),research,3.37,53,1996,General Studies,Other,10392,1.528,1,1,6007,3.185,31,1,0,,0,-1.472
S201401377,2014,1,F,0,White,FL,INST_02,State University B (Research),research,3.83,46,1996,Electrical Engineering,STEM,0,0.1,1,0,0,3.885,32,0,0,,0,-2.9
S201401378,2014,0,M,0,Asian,NY,INST_03,Regional College C (Teaching),teaching,2.02,30,1996,General Studies,Other,19509,2.869,1,0,0,3.265,25,1,1,3.25,0,-0.131
S201401379,2014,0,M,1,Hispanic,OH,INST_04,Regional College D (Teaching),teaching,3.33,48,1996,Marketing,Business,16992,2.499,1,0,0,2.9699999999999998,31,0,0,,0,-0.501
S201401380,2014,0,F,0,White,NY,INST_01,State University A (Research),research,3.98,99,1996,Kinesiology,Health,3514,0.517,1,1,4900,3.935,33,1,1,3.78,0,-2.483
S201401381,2014,1,M,0,Hispanic,GA,INST_04,Regional College D (Teaching),teaching,2.78,43,1996,Accounting,Business,10097,1.485,1,1,5784,3.565,27,1,0,,0,-1.515
S201401382,2014,1,F,0,White,NJ,INST_05,Urban University E (Research),research,2.62,67,1996,Mechanical Engineering,STEM,342,0.1,1,0,0,2.295,34,1,1,1.95,0,-2.9
S201401383,2014,0,F,0,White,NC,INST_03,Regional College C (Teaching),teaching,3.83,47,1996,Art History,Humanities,17592,2.587,1,1,7225,3.34,25,1,0,,0,-0.413
S201401384,2014,1,M,0,Hispanic,NJ,INST_05,Urban University E (Research),research,3.89,70,1996,Pre-Med,Health,0,0.1,1,0,0,3.9299999999999997,31,1,1,3.73,0,-2.9
S201401385,2014,0,F,0,Hispanic,OH,INST_01,State University A (Research),research,3.78,39,1996,Marketing,Business,17976,2.644,1,0,0,2.845,28,0,0,,0,-0.356
S201401386,2014,0,F,0,White,NY,INST_05,Urban University E (Research),research,3.72,48,1996,Finance,Business,11013,1.62,1,1,7970,3.62,32,1,1,3.5,0,-1.38
S201401387,2014,1,M,0,Hispanic,CA,INST_01,State University A (Research),research,3.07,66,1996,Chemistry,STEM,8845,1.301,1,1,4760,3.4699999999999998,34,1,0,,0,-1.699
S201401388,2014,0,F,0,Hispanic,IL,INST_01,State University A (Research),research,2.64,84,1996,Economics-Bus,Business,15895,2.338,1,1,8009,3.41,33,0,0,,0,-0.662
S201401389,2014,0,F,0,Asian,IL,INST_01,State University A (Research),research,3.16,59,1996,Management,Business,14422,2.121,1,0,0,3.565,25,1,0,,0,-0.879
S201401390,2014,0,F,1,Black,FL,INST_02,State University B (Research),research,3.23,72,1996,Accounting,Business,16131,2.372,1,0,0,3.75,30,1,1,4.0,0,-0.628
S201401391,2014,0,M,0,White,OH,INST_03,Regional College C (Teaching),teaching,2.7,45,1996,Kinesiology,Health,8098,1.191,1,0,0,3.13,30,1,1,2.96,0,-1.809
S201401392,2014,0,M,0,Black,TX,INST_04,Regional College D (Teaching),teaching,3.61,65,1996,Management,Business,21933,3.225,0,0,0,3.3200000000000003,27,1,1,3.08,1,0.225
S201401393,2014,0,M,1,White,PA,INST_03,Regional College C (Teaching),teaching,3.1,46,1996,English,Humanities,9704,1.427,1,0,0,3.575,31,1,1,3.74,0,-1.573
S201401394,2014,0,F,0,White,IL,INST_04,Regional College D (Teaching),teaching,3.56,73,1996,Accounting,Business,11269,1.657,1,1,2974,3.955,25,1,0,,0,-1.343
S201401395,2014,0,F,0,Black,NC,INST_03,Regional College C (Teaching),teaching,2.74,73,1996,Marketing,Business,17150,2.522,1,0,0,3.2350000000000003,32,0,0,,0,-0.478
S201401396,2014,1,F,0,White,TX,INST_01,State University A (Research),research,2.77,56,1996,Anthropology,Social Sciences,26,0.1,1,1,4227,3.685,28,0,0,,0,-2.9
S201401397,2014,0,F,1,Black,FL,INST_05,Urban University E (Research),research,2.77,77,1996,Management,Business,8911,1.31,1,1,3794,3.77,31,0,0,,0,-1.69
S201401398,2014,0,M,1,White,VA,INST_05,Urban University E (Research),research,3.45,74,1996,English,Humanities,19168,2.819,1,0,0,3.225,30,1,1,3.29,0,-0.181
S201401399,2014,0,F,1,Black,GA,INST_03,Regional College C (Teaching),teaching,3.19,37,1996,Education,Other,20677,3.041,0,0,0,2.9050000000000002,31,1,1,2.66,1,0.041
S201401400,2014,0,M,0,White,NC,INST_01,State University A (Research),research,3.51,63,1996,Mathematics,STEM,16360,2.406,1,1,6520,2.7199999999999998,29,1,0,,0,-0.594
S201401401,2014,1,M,0,White,VA,INST_04,Regional College D (Teaching),teaching,3.45,47,1996,Education,Other,7328,1.078,1,1,6116,3.0149999999999997,31,1,1,2.82,0,-1.922
S201401402,2014,0,M,0,Hispanic,FL,INST_05,Urban University E (Research),research,3.33,60,1996,Nursing,Health,15862,2.333,1,0,0,2.605,33,1,0,,0,-0.667
S201401403,2014,1,F,0,White,NC,INST_05,Urban University E (Research),research,3.52,92,1996,Sociology,Social Sciences,5396,0.794,1,1,7528,3.365,34,0,0,,0,-2.206
S201401404,2014,0,F,1,White,PA,INST_04,Regional College D (Teaching),teaching,3.2,97,1996,General Studies,Other,17298,2.544,1,0,0,3.205,28,0,0,,0,-0.456
S201401405,2014,0,M,1,White,NC,INST_03,Regional College C (Teaching),teaching,3.83,86,1996,Electrical Engineering,STEM,16556,2.435,1,0,0,3.88,31,1,1,3.6,0,-0.565
S201401406,2014,1,M,1,Multi,MI,INST_01,State University A (Research),research,2.98,62,1996,Nursing,Health,0,0.1,1,1,7791,3.125,30,0,0,,0,-2.9
S201401407,2014,0,F,1,Black,OH,INST_03,Regional College C (Teaching),teaching,2.67,52,1996,Marketing,Business,8521,1.253,1,1,5474,3.415,31,1,0,,0,-1.747
S201401408,2014,0,F,0,Hispanic,FL,INST_04,Regional College D (Teaching),teaching,3.23,99,1996,Biomedical Engineering,STEM,12601,1.853,1,1,5173,3.69,31,1,1,4.0,0,-1.147
S201401409,2014,0,F,0,Black,MI,INST_01,State University A (Research),research,3.61,23,1996,Public Health,Health,12020,1.768,1,1,5351,2.95,31,0,0,,0,-1.232
S201401410,2014,0,F,1,White,VA,INST_05,Urban University E (Research),research,2.57,30,1996,Kinesiology,Health,15329,2.254,1,1,6111,4.0,30,1,0,,0,-0.746
S201401411,2014,0,M,1,White,FL,INST_03,Regional College C (Teaching),teaching,3.8,37,1996,Chemistry,STEM,18787,2.763,1,1,3802,2.855,32,0,0,,0,-0.237
S201401412,2014,0,F,0,Black,OH,INST_03,Regional College C (Teaching),teaching,4.0,87,1996,Biomedical Engineering,STEM,3559,0.523,1,0,0,3.87,31,1,1,3.91,0,-2.477
S201401413,2014,0,M,0,White,NC,INST_03,Regional College C (Teaching),teaching,3.43,73,1996,Biomedical Engineering,STEM,1590,0.234,1,0,0,2.875,28,1,1,2.87,0,-2.766
S201401414,2014,0,F,0,White,FL,INST_02,State University B (Research),research,3.02,65,1996,Statistics,STEM,8221,1.209,1,1,6186,3.565,27,1,1,3.89,0,-1.791
S201401415,2014,0,M,0,Asian,VA,INST_02,State University B (Research),research,3.37,46,1996,Education,Other,20635,3.035,0,1,6579,3.625,30,0,0,,1,0.035
S201401416,2014,1,M,0,Hispanic,OH,INST_05,Urban University E (Research),research,4.0,62,1996,Sociology,Social Sciences,7032,1.034,1,1,5356,2.9050000000000002,26,0,0,,0,-1.966
S201401417,2014,0,M,0,White,FL,INST_04,Regional College D (Teaching),teaching,3.73,65,1996,Marketing,Business,12241,1.8,1,0,0,3.83,31,1,1,3.86,0,-1.2
S201401418,2014,0,M,0,Asian,NY,INST_05,Urban University E (Research),research,2.65,54,1996,Public Health,Health,4507,0.663,1,1,4921,3.45,28,1,0,,0,-2.337
S201401419,2014,0,M,0,Asian,NC,INST_04,Regional College D (Teaching),teaching,3.28,72,1996,Economics,Social Sciences,853,0.125,1,0,0,3.27,27,1,1,4.0,0,-2.875
S201401420,2014,0,M,0,White,NY,INST_05,Urban University E (Research),research,2.91,33,1996,Mechanical Engineering,STEM,715,0.105,1,1,5678,3.9000000000000004,28,1,0,,0,-2.895
S201401421,2014,1,F,1,White,MI,INST_03,Regional College C (Teaching),teaching,2.91,58,1996,Management,Business,8775,1.29,1,1,5389,3.75,30,0,0,,0,-1.71
S201401422,2014,0,M,1,Hispanic,CA,INST_02,State University B (Research),research,4.0,75,1996,Psychology,Social Sciences,7633,1.122,1,1,5464,3.56,30,1,0,,0,-1.878
S201401423,2014,0,F,0,Asian,IL,INST_01,State University A (Research),research,3.08,44,1996,Electrical Engineering,STEM,22719,3.341,0,1,5461,3.875,31,0,0,,1,0.341
S201401424,2014,1,F,1,Multi,PA,INST_02,State University B (Research),research,3.21,55,1996,Art History,Humanities,1957,0.288,1,0,0,3.225,30,0,0,,0,-2.712
S201401425,2014,1,M,0,Hispanic,GA,INST_04,Regional College D (Teaching),teaching,2.86,53,1996,Political Science,Social Sciences,11025,1.621,1,1,3406,3.585,30,0,0,,0,-1.379
S201401426,2014,1,F,1,Hispanic,PA,INST_04,Regional College D (Teaching),teaching,4.0,53,1996,Philosophy,Humanities,2018,0.297,1,1,8201,3.805,28,1,1,3.88,0,-2.703
S201401427,2014,1,M,1,White,FL,INST_02,State University B (Research),research,3.02,85,1996,Communications,Other,0,0.1,1,1,5584,3.74,29,0,0,,0,-2.9
S201401428,2014,0,F,0,White,MI,INST_05,Urban University E (Research),research,3.89,46,1996,Physics,STEM,11070,1.628,1,1,4746,3.175,28,1,1,3.49,0,-1.372
S201401429,2014,0,F,0,White,MI,INST_01,State University A (Research),research,2.87,38,1996,Kinesiology,Health,7946,1.169,1,1,3658,3.0650000000000004,30,0,0,,0,-1.831
S201401430,2014,0,M,0,White,MI,INST_03,Regional College C (Teaching),teaching,3.72,53,1996,Statistics,STEM,14309,2.104,1,0,0,3.5300000000000002,32,0,0,,0,-0.896
S201401431,2014,0,F,0,Hispanic,MI,INST_02,State University B (Research),research,3.17,33,1996,Kinesiology,Health,11141,1.638,1,1,7100,3.31,33,1,1,3.78,0,-1.362
S201401432,2014,0,M,0,Asian,NJ,INST_04,Regional College D (Teaching),teaching,3.33,74,1996,Chemistry,STEM,15769,2.319,1,0,0,3.645,25,0,0,,0,-0.681
S201401433,2014,0,F,0,AIAN,NJ,INST_02,State University B (Research),research,3.44,49,1996,Philosophy,Humanities,4423,0.65,1,1,4909,3.25,34,0,0,,0,-2.35
S201401434,2014,1,F,0,Hispanic,CA,INST_01,State University A (Research),research,2.95,79,1996,Computer Science,STEM,9995,1.47,1,0,0,3.2,33,1,0,,0,-1.53
S201401435,2014,0,F,0,Black,GA,INST_02,State University B (Research),research,3.64,44,1996,Accounting,Business,16756,2.464,1,0,0,2.715,31,1,0,,0,-0.536
S201401436,2014,1,F,0,Asian,GA,INST_03,Regional College C (Teaching),teaching,3.35,62,1996,Biomedical Engineering,STEM,7036,1.035,1,1,3700,2.985,30,1,1,3.18,0,-1.965
S201401437,2014,1,F,1,Black,PA,INST_03,Regional College C (Teaching),teaching,3.67,99,1996,Political Science,Social Sciences,8136,1.196,1,1,7297,3.795,31,1,1,4.0,0,-1.804
S201401438,2014,0,M,0,Hispanic,PA,INST_03,Regional College C (Teaching),teaching,3.32,64,1996,Mechanical Engineering,STEM,11774,1.731,1,1,6683,3.41,31,0,0,,0,-1.269
S201401439,2014,0,M,0,White,NY,INST_01,State University A (Research),research,1.93,77,1996,Economics,Social Sciences,9738,1.432,1,1,6631,3.115,32,1,0,,0,-1.568
S201401440,2014,0,F,0,White,PA,INST_03,Regional College C (Teaching),teaching,2.9,75,1996,Statistics,STEM,18407,2.707,1,1,4618,3.675,28,1,1,3.98,0,-0.293
S201401441,2014,0,M,0,Asian,CA,INST_04,Regional College D (Teaching),teaching,2.93,39,1996,Nursing,Health,14580,2.144,1,0,0,2.38,36,0,0,,0,-0.856
S201401442,2014,1,F,0,White,TX,INST_03,Regional College C (Teaching),teaching,2.34,62,1996,Physics,STEM,0,0.1,1,0,0,2.38,33,1,0,,0,-2.9
S201401443,2014,0,M,0,Multi,GA,INST_01,State University A (Research),research,3.11,47,1996,Political Science,Social Sciences,20603,3.03,0,0,0,3.635,31,1,0,,1,0.03
S201401444,2014,0,F,1,Black,GA,INST_03,Regional College C (Teaching),teaching,3.48,25,1996,Anthropology,Social Sciences,280,0.1,1,1,4555,3.745,32,1,1,3.36,0,-2.9
S201401445,2014,1,M,0,White,TX,INST_05,Urban University E (Research),research,3.41,99,1996,Anthropology,Social Sciences,7979,1.173,1,0,0,3.495,30,1,0,,0,-1.827
S201401446,2014,0,M,0,White,GA,INST_03,Regional College C (Teaching),teaching,3.38,52,1996,Communications,Other,15711,2.31,1,0,0,3.07,31,0,0,,0,-0.69
S201401447,2014,1,M,0,Hispanic,CA,INST_01,State University A (Research),research,2.94,73,1996,Accounting,Business,18062,2.656,1,1,7366,3.395,34,1,1,3.7,0,-0.344
S201401448,2014,0,F,1,White,IL,INST_03,Regional College C (Teaching),teaching,2.19,59,1996,Biomedical Engineering,STEM,2568,0.378,1,1,8991,3.9850000000000003,30,0,0,,0,-2.622
S201401449,2014,0,F,1,Black,IL,INST_02,State University B (Research),research,2.89,71,1996,Sociology,Social Sciences,21333,3.137,0,0,0,2.8,30,1,0,,1,0.137
S201401450,2014,0,F,0,Black,PA,INST_03,Regional College C (Teaching),teaching,2.74,51,1996,Physics,STEM,24726,3.636,0,0,0,2.925,32,1,0,,1,0.636
S201401451,2014,0,M,0,Hispanic,NJ,INST_04,Regional College D (Teaching),teaching,3.47,57,1996,Kinesiology,Health,8006,1.177,1,0,0,2.94,31,1,0,,0,-1.823
S201401452,2014,0,M,0,White,FL,INST_04,Regional College D (Teaching),teaching,3.82,42,1996,Sociology,Social Sciences,8390,1.234,1,0,0,3.705,31,0,0,,0,-1.766
S201401453,2014,0,F,0,Hispanic,CA,INST_05,Urban University E (Research),research,2.77,79,1996,Economics-Bus,Business,14976,2.202,1,1,6296,3.355,33,1,0,,0,-0.798
S201401454,2014,0,F,1,Multi,NC,INST_02,State University B (Research),research,3.15,43,1996,Kinesiology,Health,12490,1.837,1,1,6934,3.89,28,0,0,,0,-1.163
S201401455,2014,0,M,0,AIAN,FL,INST_01,State University A (Research),research,2.68,78,1996,Philosophy,Humanities,16675,2.452,1,0,0,3.7649999999999997,29,1,1,4.0,0,-0.548
S201401456,2014,0,M,1,White,VA,INST_02,State University B (Research),research,3.36,62,1996,Psychology,Social Sciences,2734,0.402,1,1,6132,3.41,29,1,0,,0,-2.598
S201401457,2014,1,F,1,White,IL,INST_01,State University A (Research),research,2.97,92,1996,Anthropology,Social Sciences,6955,1.023,1,0,0,3.175,32,0,0,,0,-1.977
S201401458,2014,0,M,1,White,TX,INST_04,Regional College D (Teaching),teaching,2.41,36,1996,Nursing,Health,517,0.1,1,1,4652,3.44,27,1,1,3.79,0,-2.9
S201401459,2014,0,F,0,White,IL,INST_05,Urban University E (Research),research,3.61,24,1996,Management,Business,19815,2.914,1,1,7431,3.075,27,0,0,,0,-0.086
S201401460,2014,0,M,0,White,NJ,INST_03,Regional College C (Teaching),teaching,3.27,55,1996,Physics,STEM,15421,2.268,1,1,6021,3.585,31,0,0,,0,-0.732
S201401461,2014,1,F,0,White,NJ,INST_04,Regional College D (Teaching),teaching,4.0,74,1996,Electrical Engineering,STEM,6353,0.934,1,0,0,3.98,31,0,0,,0,-2.066
S201401462,2014,1,F,0,White,MI,INST_03,Regional College C (Teaching),teaching,3.18,56,1996,Biomedical Engineering,STEM,9640,1.418,1,0,0,3.25,31,1,1,3.31,0,-1.582
S201401463,2014,0,F,0,White,FL,INST_05,Urban University E (Research),research,3.39,86,1996,Anthropology,Social Sciences,4713,0.693,1,1,6017,3.57,31,1,0,,0,-2.307
S201401464,2014,1,F,0,Hispanic,FL,INST_05,Urban University E (Research),research,2.97,81,1996,Nursing,Health,0,0.1,1,1,6979,3.54,28,1,0,,0,-2.9
S201401465,2014,0,F,0,White,GA,INST_05,Urban University E (Research),research,4.0,93,1996,Accounting,Business,19944,2.933,1,0,0,3.64,29,0,0,,0,-0.067
S201401466,2014,1,F,1,White,CA,INST_02,State University B (Research),research,3.49,91,1996,Accounting,Business,0,0.1,1,1,7543,3.705,25,1,0,,0,-2.9
S201401467,2014,0,F,0,White,NJ,INST_01,State University A (Research),research,2.61,79,1996,Economics-Bus,Business,5281,0.777,1,1,6326,3.385,31,1,1,3.69,0,-2.223
S201401468,2014,0,F,0,White,PA,INST_05,Urban University E (Research),research,3.08,31,1996,Nursing,Health,19483,2.865,1,1,6398,3.25,34,1,1,3.04,0,-0.135
S201401469,2014,0,M,1,White,NY,INST_02,State University B (Research),research,4.0,45,1996,Electrical Engineering,STEM,10060,1.479,1,0,0,3.775,30,1,0,,0,-1.521
S201401470,2014,0,M,0,Multi,TX,INST_04,Regional College D (Teaching),teaching,3.7,32,1996,Psychology,Social Sciences,9989,1.469,1,1,4764,3.5949999999999998,31,1,0,,0,-1.531
S201401471,2014,1,M,0,Asian,NC,INST_01,State University A (Research),research,2.4,44,1996,Art History,Humanities,7738,1.138,1,0,0,2.625,28,1,0,,0,-1.862
S201401472,2014,0,F,1,White,TX,INST_03,Regional College C (Teaching),teaching,1.98,21,1996,Computer Science,STEM,9202,1.353,1,1,2956,2.855,34,0,0,,0,-1.647
S201401473,2014,0,M,0,Multi,CA,INST_01,State University A (Research),research,2.5,71,1996,Biomedical Engineering,STEM,6546,0.963,1,1,4510,3.005,28,0,0,,0,-2.037
S201401474,2014,1,M,0,Hispanic,VA,INST_04,Regional College D (Teaching),teaching,4.0,49,1996,General Studies,Other,5614,0.826,1,0,0,3.01,34,1,1,2.37,0,-2.174
S201401475,2014,1,F,0,Hispanic,VA,INST_03,Regional College C (Teaching),teaching,3.34,47,1996,Economics,Social Sciences,16811,2.472,1,1,7016,3.755,31,0,0,,0,-0.528
S201401476,2014,0,F,0,Hispanic,CA,INST_03,Regional College C (Teaching),teaching,3.18,51,1996,Biology,STEM,23169,3.407,0,0,0,2.66,27,1,1,2.68,1,0.407
S201401477,2014,0,M,1,Asian,CA,INST_04,Regional College D (Teaching),teaching,2.98,45,1996,Accounting,Business,0,0.1,1,0,0,2.72,30,0,0,,0,-2.9
S201401478,2014,0,M,0,White,IL,INST_03,Regional College C (Teaching),teaching,3.53,66,1996,Communications,Other,5112,0.752,1,0,0,3.1500000000000004,28,0,0,,0,-2.248
S201401479,2014,1,F,0,Black,OH,INST_05,Urban University E (Research),research,3.35,36,1996,Economics-Bus,Business,4138,0.609,1,1,4666,3.1,30,1,1,3.83,0,-2.391
S201401480,2014,1,F,0,White,NC,INST_03,Regional College C (Teaching),teaching,2.53,57,1996,Spanish,Humanities,12668,1.863,1,1,6246,3.625,32,0,0,,0,-1.137
S201401481,2014,0,M,0,Black,PA,INST_04,Regional College D (Teaching),teaching,2.76,47,1996,Electrical Engineering,STEM,27866,4.098,0,0,0,2.7649999999999997,30,0,0,,1,1.098
S201401482,2014,1,M,1,White,VA,INST_05,Urban University E (Research),research,3.05,51,1996,Finance,Business,8220,1.209,1,1,6973,3.41,32,1,0,,0,-1.791
S201401483,2014,0,M,1,White,MI,INST_02,State University B (Research),research,3.21,84,1996,Mechanical Engineering,STEM,12347,1.816,1,1,7481,3.425,28,1,1,3.35,0,-1.184
S201401484,2014,0,F,0,Black,NJ,INST_04,Regional College D (Teaching),teaching,2.9,72,1996,Art History,Humanities,8930,1.313,1,1,5329,3.1799999999999997,31,1,0,,0,-1.687
S201401485,2014,1,F,0,White,IL,INST_03,Regional College C (Teaching),teaching,3.47,71,1996,Chemistry,STEM,6347,0.933,1,1,6277,3.895,30,1,0,,0,-2.067
S201401486,2014,0,M,0,Asian,NC,INST_05,Urban University E (Research),research,2.66,42,1996,Civil Engineering,STEM,20442,3.006,0,0,0,3.085,33,1,0,,1,0.006
S201401487,2014,0,F,0,White,CA,INST_04,Regional College D (Teaching),teaching,3.25,52,1996,Accounting,Business,8274,1.217,1,1,5575,3.54,31,0,0,,0,-1.783
S201401488,2014,1,F,0,White,OH,INST_03,Regional College C (Teaching),teaching,3.35,22,1996,Mechanical Engineering,STEM,8299,1.22,1,1,4051,3.565,28,0,0,,0,-1.78
S201401489,2014,0,M,0,Hispanic,NJ,INST_02,State University B (Research),research,3.54,64,1996,Pre-Med,Health,18204,2.677,1,0,0,3.38,33,1,1,3.27,0,-0.323
S201401490,2014,0,F,0,Multi,CA,INST_03,Regional College C (Teaching),teaching,3.67,25,1996,Economics-Bus,Business,29068,4.275,0,0,0,3.365,28,0,0,,1,1.275
S201401491,2014,0,M,0,White,CA,INST_01,State University A (Research),research,2.72,55,1996,Undeclared,Other,19110,2.81,1,1,4232,3.255,29,0,0,,0,-0.19
S201401492,2014,0,F,1,Hispanic,NC,INST_04,Regional College D (Teaching),teaching,2.16,66,1996,Kinesiology,Health,9023,1.327,1,0,0,3.465,32,0,0,,0,-1.673
S201401493,2014,0,F,0,Hispanic,CA,INST_02,State University B (Research),research,4.0,51,1996,Art History,Humanities,19645,2.889,1,1,6231,3.6100000000000003,25,1,0,,0,-0.111
S201401494,2014,1,F,0,White,GA,INST_02,State University B (Research),research,2.74,25,1996,Electrical Engineering,STEM,3113,0.458,1,1,7001,3.745,26,1,0,,0,-2.542
S201401495,2014,0,F,0,White,NJ,INST_03,Regional College C (Teaching),teaching,2.31,66,1996,Biomedical Engineering,STEM,4192,0.616,1,1,5748,3.075,29,0,0,,0,-2.384
S201401496,2014,1,M,0,Hispanic,PA,INST_01,State University A (Research),research,2.84,11,1996,Electrical Engineering,STEM,9514,1.399,1,1,5451,3.19,31,0,0,,0,-1.601
S201401497,2014,1,M,1,NHPI,TX,INST_02,State University B (Research),research,2.83,51,1996,Accounting,Business,7721,1.135,1,1,5006,3.215,30,0,0,,0,-1.865
S201401498,2014,0,M,0,Hispanic,OH,INST_01,State University A (Research),research,2.9,61,1996,Communications,Other,6112,0.899,1,1,9290,3.0949999999999998,30,0,0,,0,-2.101
S201401499,2014,0,F,0,White,IL,INST_03,Regional College C (Teaching),teaching,3.1,56,1996,Political Science,Social Sciences,10170,1.496,1,1,4367,3.485,31,1,1,3.72,0,-1.504
S201401500,2014,0,F,0,Asian,IL,INST_02,State University B (Research),research,3.59,50,1996,General Studies,Other,7824,1.151,1,0,0,3.035,34,1,0,,0,-1.849
S201401501,2014,1,M,0,Black,PA,INST_04,Regional College D (Teaching),teaching,4.0,54,1996,Mechanical Engineering,STEM,15668,2.304,1,1,3354,3.62,30,0,0,,0,-0.696
S201401502,2014,0,F,0,Black,FL,INST_02,State University B (Research),research,3.16,47,1996,Political Science,Social Sciences,10058,1.479,1,0,0,3.315,31,0,0,,0,-1.521
S201401503,2014,1,M,0,Asian,CA,INST_05,Urban University E (Research),research,3.51,40,1996,Nursing,Health,3484,0.512,1,1,7825,3.3449999999999998,28,1,0,,0,-2.488
S201401504,2014,0,M,0,Hispanic,OH,INST_01,State University A (Research),research,2.78,54,1996,Civil Engineering,STEM,28969,4.26,0,0,0,2.3449999999999998,27,0,0,,1,1.26
S201401505,2014,1,M,1,White,CA,INST_05,Urban University E (Research),research,3.22,52,1996,Kinesiology,Health,6072,0.893,1,0,0,2.46,32,1,0,,0,-2.107
S201401506,2014,1,F,0,Black,CA,INST_01,State University A (Research),research,3.17,29,1996,Kinesiology,Health,9347,1.375,1,1,7204,3.575,27,1,0,,0,-1.625
S201401507,2014,1,M,1,White,CA,INST_03,Regional College C (Teaching),teaching,3.51,57,1996,Psychology,Social Sciences,5792,0.852,1,1,4509,3.56,30,1,0,,0,-2.148
S201401508,2014,0,M,1,Black,NC,INST_04,Regional College D (Teaching),teaching,3.34,66,1996,Anthropology,Social Sciences,7619,1.12,1,1,5830,3.3600000000000003,31,0,0,,0,-1.88
S201401509,2014,1,M,1,White,TX,INST_05,Urban University E (Research),research,2.84,70,1995,Communications,Other,5951,0.875,1,1,5475,3.5549999999999997,31,0,0,,0,-2.125
S201401510,2014,1,M,0,White,CA,INST_04,Regional College D (Teaching),teaching,3.86,60,1996,Physics,STEM,24955,3.67,0,0,0,2.6399999999999997,31,1,1,2.86,1,0.67
S201401511,2014,1,F,0,White,NJ,INST_01,State University A (Research),research,2.64,3,1996,Economics,Social Sciences,4327,0.636,1,0,0,3.285,32,0,0,,0,-2.364
S201401512,2014,0,F,0,White,CA,INST_04,Regional College D (Teaching),teaching,2.21,39,1996,Physics,STEM,10315,1.517,1,0,0,2.76,31,1,0,,0,-1.483
S201401513,2014,1,F,1,White,IL,INST_03,Regional College C (Teaching),teaching,3.3,51,1996,Economics,Social Sciences,9725,1.43,1,1,3076,2.7249999999999996,31,1,0,,0,-1.57
S201401514,2014,0,M,0,White,NJ,INST_04,Regional College D (Teaching),teaching,3.54,32,1996,Kinesiology,Health,8457,1.244,1,0,0,3.785,27,1,1,3.76,0,-1.756
S201401515,2014,0,M,0,White,VA,INST_04,Regional College D (Teaching),teaching,3.5,35,1995,Nursing,Health,3572,0.525,1,0,0,3.25,28,0,0,,0,-2.475
S201401516,2014,1,M,1,Black,GA,INST_02,State University B (Research),research,3.01,55,1996,Anthropology,Social Sciences,4993,0.734,1,1,5304,3.685,30,0,0,,0,-2.266
S201401517,2014,0,M,1,White,PA,INST_05,Urban University E (Research),research,4.0,41,1996,Statistics,STEM,0,0.1,1,1,4204,3.6799999999999997,29,0,0,,0,-2.9
S201401518,2014,0,F,0,White,NY,INST_01,State University A (Research),research,4.0,35,1996,Economics-Bus,Business,6255,0.92,1,0,0,3.775,30,0,0,,0,-2.08
S201401519,2014,0,F,0,Black,PA,INST_04,Regional College D (Teaching),teaching,3.04,82,1996,Economics-Bus,Business,10052,1.478,1,1,6957,3.875,31,1,0,,0,-1.522
S201401520,2014,1,M,1,Hispanic,NY,INST_02,State University B (Research),research,2.18,60,1996,Education,Other,0,0.1,1,1,6093,3.465,34,1,0,,0,-2.9
S201401521,2014,0,F,1,White,TX,INST_01,State University A (Research),research,3.62,24,1996,Anthropology,Social Sciences,3875,0.57,1,0,0,3.255,24,1,1,3.94,0,-2.43
S201401522,2014,0,M,1,Hispanic,PA,INST_03,Regional College C (Teaching),teaching,3.0,78,1996,Economics,Social Sciences,15557,2.288,1,1,4345,3.6,30,1,1,3.63,0,-0.712
S201401523,2014,0,F,1,Black,FL,INST_02,State University B (Research),research,3.56,76,1996,Marketing,Business,6196,0.911,1,1,4321,3.44,27,1,1,3.34,0,-2.089
S201401524,2014,1,F,0,Hispanic,IL,INST_01,State University A (Research),research,3.4,54,1996,Marketing,Business,3422,0.503,1,1,6676,3.8449999999999998,32,0,0,,0,-2.497
S201401525,2014,0,F,0,White,OH,INST_04,Regional College D (Teaching),teaching,2.22,61,1996,Computer Science,STEM,2879,0.423,1,1,5245,3.1799999999999997,29,1,0,,0,-2.577
S201401526,2014,0,M,0,White,PA,INST_03,Regional College C (Teaching),teaching,2.57,43,1996,Anthropology,Social Sciences,0,0.1,1,1,8096,3.1849999999999996,29,1,1,3.39,0,-2.9
S201401527,2014,1,M,0,White,NY,INST_03,Regional College C (Teaching),teaching,2.79,34,1996,Communications,Other,0,0.1,1,1,8528,3.975,25,0,0,,0,-2.9
S201401528,2014,0,F,1,Black,TX,INST_01,State University A (Research),research,3.99,32,1996,Mathematics,STEM,10989,1.616,1,1,8561,3.65,28,1,0,,0,-1.384
S201401529,2014,0,F,0,White,GA,INST_01,State University A (Research),research,3.36,78,1996,Economics-Bus,Business,23689,3.484,0,0,0,3.6799999999999997,31,1,0,,1,0.484
S201401530,2014,1,F,0,White,VA,INST_05,Urban University E (Research),research,3.36,75,1996,Marketing,Business,11312,1.664,1,0,0,3.52,28,0,0,,0,-1.336
S201401531,2014,0,F,0,White,CA,INST_03,Regional College C (Teaching),teaching,2.96,59,1996,Management,Business,8274,1.217,1,1,5814,2.91,30,0,0,,0,-1.783
S201401532,2014,0,F,0,Unknown,CA,INST_02,State University B (Research),research,3.09,50,1996,Civil Engineering,STEM,13775,2.026,1,0,0,2.875,27,1,0,,0,-0.974
S201401533,2014,0,F,0,Black,NC,INST_04,Regional College D (Teaching),teaching,3.16,40,1996,Accounting,Business,26867,3.951,0,0,0,3.6,28,0,0,,1,0.951
S201401534,2014,1,M,0,Hispanic,CA,INST_05,Urban University E (Research),research,2.69,23,1996,Communications,Other,5776,0.849,1,1,4388,3.335,30,0,0,,0,-2.151
S201401535,2014,0,M,0,Hispanic,IL,INST_01,State University A (Research),research,3.23,83,1996,Philosophy,Humanities,6294,0.926,1,0,0,3.755,30,1,1,4.0,0,-2.074
S201401536,2014,0,M,1,Black,NY,INST_02,State University B (Research),research,2.91,43,1996,Kinesiology,Health,14576,2.144,1,0,0,3.455,31,1,0,,0,-0.856
S201401537,2014,0,M,1,White,VA,INST_02,State University B (Research),research,3.09,11,1996,Nursing,Health,11813,1.737,1,1,7096,2.745,28,0,0,,0,-1.263
S201401538,2014,0,M,0,White,VA,INST_02,State University B (Research),research,3.5,46,1996,Finance,Business,22685,3.336,0,0,0,3.48,25,1,0,,1,0.336
S201401539,2014,1,M,0,White,NJ,INST_04,Regional College D (Teaching),teaching,3.04,21,1996,Public Health,Health,0,0.1,1,1,4083,3.6,31,1,1,3.23,0,-2.9
S201401540,2014,1,M,1,Asian,OH,INST_01,State University A (Research),research,3.5,60,1996,Accounting,Business,7719,1.135,1,0,0,3.27,31,1,1,3.53,0,-1.865
S201401541,2014,1,F,0,Black,NY,INST_01,State University A (Research),research,2.84,37,1996,Kinesiology,Health,6281,0.924,1,1,6001,3.6100000000000003,31,1,0,,0,-2.076
S201401542,2014,0,M,0,White,GA,INST_03,Regional College C (Teaching),teaching,2.66,3,1996,Accounting,Business,0,0.1,1,1,5455,2.77,31,0,0,,0,-2.9
S201401543,2014,0,M,0,White,PA,INST_02,State University B (Research),research,3.27,52,1996,Sociology,Social Sciences,0,0.1,1,0,0,3.2649999999999997,26,1,0,,0,-2.9
S201401544,2014,1,M,1,White,PA,INST_05,Urban University E (Research),research,3.9,49,1996,Management,Business,0,0.1,1,1,5791,3.5549999999999997,30,0,0,,0,-2.9
S201401545,2014,0,M,1,White,CA,INST_01,State University A (Research),research,3.29,63,1996,Public Health,Health,11301,1.662,1,1,6606,2.6550000000000002,31,1,1,3.41,0,-1.338
S201401546,2014,0,F,0,Asian,TX,INST_02,State University B (Research),research,3.31,35,1996,Art History,Humanities,13703,2.015,1,1,8392,3.165,28,1,1,3.74,0,-0.985
S201401547,2014,0,F,0,Hispanic,MI,INST_05,Urban University E (Research),research,3.54,40,1996,Pre-Med,Health,7541,1.109,1,1,5855,2.855,31,1,1,3.35,0,-1.891
S201401548,2014,0,F,1,White,OH,INST_04,Regional College D (Teaching),teaching,3.4,46,1996,Economics,Social Sciences,10727,1.578,1,1,5385,3.435,30,0,0,,0,-1.422
S201401549,2014,1,F,1,White,MI,INST_04,Regional College D (Teaching),teaching,3.33,46,1996,Kinesiology,Health,18997,2.794,1,1,6387,3.1550000000000002,29,1,1,3.5,0,-0.206
S201401550,2014,1,F,0,White,OH,INST_02,State University B (Research),research,3.48,56,1996,Kinesiology,Health,5048,0.742,1,1,4775,3.73,29,1,1,3.92,0,-2.258
S201401551,2014,1,M,1,Hispanic,CA,INST_01,State University A (Research),research,2.58,54,1996,Public Health,Health,5234,0.77,1,1,5220,2.83,33,1,1,2.65,0,-2.23
S201401552,2014,0,M,1,White,CA,INST_02,State University B (Research),research,2.89,36,1996,Biology,STEM,0,0.1,1,1,6190,2.79,28,1,0,,0,-2.9
S201401553,2014,0,F,1,White,GA,INST_04,Regional College D (Teaching),teaching,3.68,76,1996,Civil Engineering,STEM,9504,1.398,1,1,7479,3.2249999999999996,30,1,0,,0,-1.602
S201401554,2014,1,M,0,White,NC,INST_01,State University A (Research),research,2.98,63,1995,Biology,STEM,11784,1.733,1,1,3918,3.9299999999999997,31,0,0,,0,-1.267
S201401555,2014,0,F,0,Black,GA,INST_03,Regional College C (Teaching),teaching,3.23,74,1996,Pre-Med,Health,17263,2.539,1,1,6341,2.895,30,1,1,3.51,0,-0.461
S201401556,2014,0,F,0,White,VA,INST_03,Regional College C (Teaching),teaching,3.58,26,1996,Mathematics,STEM,17273,2.54,1,0,0,3.34,28,0,0,,0,-0.46
S201401557,2014,1,F,0,Hispanic,GA,INST_03,Regional College C (Teaching),teaching,3.71,66,1996,Accounting,Business,0,0.1,1,1,7708,3.755,29,1,0,,0,-2.9
S201401558,2014,1,F,0,White,NC,INST_02,State University B (Research),research,2.95,44,1996,Pre-Med,Health,10293,1.514,1,1,2351,3.4,25,0,0,,0,-1.486
S201401559,2014,1,M,0,White,TX,INST_01,State University A (Research),research,3.52,35,1996,Accounting,Business,19235,2.829,1,0,0,3.115,28,0,0,,0,-0.171
S201401560,2014,1,F,1,Multi,VA,INST_04,Regional College D (Teaching),teaching,2.59,41,1996,Education,Other,4504,0.662,1,1,4970,2.835,31,1,0,,0,-2.338
S201401561,2014,1,F,1,White,GA,INST_05,Urban University E (Research),research,2.19,28,1996,Political Science,Social Sciences,9566,1.407,1,0,0,2.365,29,0,0,,0,-1.593
S201401562,2014,1,F,1,White,GA,INST_01,State University A (Research),research,2.57,37,1996,History,Humanities,2144,0.315,1,1,5773,3.745,31,1,0,,0,-2.685
S201401563,2014,0,M,0,White,OH,INST_04,Regional College D (Teaching),teaching,3.36,76,1996,Nursing,Health,5494,0.808,1,0,0,3.2350000000000003,30,1,1,3.11,0,-2.192
S201401564,2014,0,F,0,White,VA,INST_05,Urban University E (Research),research,3.25,56,1996,Biology,STEM,12487,1.836,1,0,0,3.005,31,1,1,3.35,0,-1.164
S201401565,2014,0,M,0,Hispanic,NY,INST_03,Regional College C (Teaching),teaching,2.93,59,1996,Political Science,Social Sciences,4077,0.6,1,1,5189,3.4749999999999996,28,1,1,3.07,0,-2.4
S201401566,2014,0,F,0,Asian,IL,INST_01,State University A (Research),research,2.99,90,1996,Communications,Other,15787,2.322,1,1,5958,3.075,28,1,0,,0,-0.678
S201401567,2014,1,F,0,Asian,TX,INST_05,Urban University E (Research),research,3.68,56,1996,Political Science,Social Sciences,6143,0.903,1,1,6472,3.3200000000000003,31,1,1,3.21,0,-2.097
S201401568,2014,0,F,0,White,GA,INST_03,Regional College C (Teaching),teaching,2.88,68,1996,Public Health,Health,4113,0.605,1,1,4846,2.3550000000000004,25,1,1,3.0,0,-2.395
S201401569,2014,1,F,0,White,VA,INST_05,Urban University E (Research),research,2.89,69,1996,Mechanical Engineering,STEM,17611,2.59,1,1,8840,3.8049999999999997,26,1,1,4.0,0,-0.41
S201401570,2014,0,M,0,White,CA,INST_04,Regional College D (Teaching),teaching,3.6,7,1996,Public Health,Health,7245,1.065,1,1,6531,2.73,28,0,0,,0,-1.935
S201401571,2014,0,F,0,White,OH,INST_03,Regional College C (Teaching),teaching,2.12,89,1996,Accounting,Business,2583,0.38,1,0,0,3.355,28,0,0,,0,-2.62
S201401572,2014,0,F,0,White,NC,INST_02,State University B (Research),research,3.6,65,1996,Economics,Social Sciences,8424,1.239,1,1,3749,4.0,30,1,0,,0,-1.761
S201401573,2014,0,M,0,Black,MI,INST_04,Regional College D (Teaching),teaching,2.8,50,1996,Sociology,Social Sciences,9126,1.342,1,1,4162,2.9050000000000002,31,1,1,3.1,0,-1.658
S201401574,2014,0,F,0,White,PA,INST_04,Regional College D (Teaching),teaching,3.72,80,1996,Accounting,Business,7575,1.114,1,1,7886,3.52,30,1,1,4.0,0,-1.886
S201401575,2014,1,M,0,White,OH,INST_05,Urban University E (Research),research,3.07,64,1996,Communications,Other,10217,1.502,1,1,4792,3.84,30,0,0,,0,-1.498
S201401576,2014,0,F,0,Hispanic,NC,INST_05,Urban University E (Research),research,3.11,56,1996,Psychology,Social Sciences,15882,2.336,1,0,0,2.965,28,1,1,3.14,0,-0.664
S201401577,2014,0,F,1,Hispanic,GA,INST_04,Regional College D (Teaching),teaching,3.04,99,1996,Economics,Social Sciences,16534,2.431,1,1,4751,3.975,30,1,0,,0,-0.569
S201401578,2014,1,F,0,White,OH,INST_01,State University A (Research),research,3.73,56,1996,Biomedical Engineering,STEM,20023,2.945,1,1,4490,4.0,34,1,0,,0,-0.055
S201401579,2014,0,M,0,White,NY,INST_01,State University A (Research),research,3.2,83,1996,Physics,STEM,981,0.144,1,1,6319,3.175,34,0,0,,0,-2.856
S201401580,2014,1,F,1,White,OH,INST_04,Regional College D (Teaching),teaching,3.08,76,1996,General Studies,Other,15099,2.22,1,0,0,3.395,27,1,0,,0,-0.78
S201401581,2014,1,M,0,White,MI,INST_01,State University A (Research),research,3.4,63,1996,Management,Business,14305,2.104,1,1,4714,3.88,34,0,0,,0,-0.896
S201401582,2014,1,F,0,White,MI,INST_04,Regional College D (Teaching),teaching,3.03,55,1996,Accounting,Business,5805,0.854,1,0,0,2.84,27,0,0,,0,-2.146
S201401583,2014,1,F,0,Asian,GA,INST_01,State University A (Research),research,3.23,53,1996,Computer Science,STEM,6222,0.915,1,0,0,2.91,27,1,1,3.32,0,-2.085
S201401584,2014,0,F,0,White,GA,INST_03,Regional College C (Teaching),teaching,3.24,42,1996,Nursing,Health,17286,2.542,1,0,0,3.49,28,0,0,,0,-0.458
S201401585,2014,0,F,1,Unknown,OH,INST_05,Urban University E (Research),research,3.68,57,1996,Chemistry,STEM,18228,2.681,1,1,6315,3.4850000000000003,28,1,0,,0,-0.319
S201401586,2014,0,F,0,Hispanic,FL,INST_02,State University B (Research),research,3.45,45,1996,Mathematics,STEM,10739,1.579,1,0,0,2.695,32,0,0,,0,-1.421
S201401587,2014,0,M,0,Asian,NC,INST_02,State University B (Research),research,3.34,64,1996,Accounting,Business,0,0.1,1,1,4476,2.855,28,1,0,,0,-2.9
S201401588,2014,1,F,0,Multi,TX,INST_01,State University A (Research),research,2.89,47,1996,Undeclared,Other,5737,0.844,1,1,4924,4.0,34,0,0,,0,-2.156
S201401589,2014,0,M,0,White,PA,INST_02,State University B (Research),research,2.89,39,1996,Electrical Engineering,STEM,17604,2.589,1,1,7551,3.21,30,0,0,,0,-0.411
S201401590,2014,1,F,0,Black,TX,INST_03,Regional College C (Teaching),teaching,3.49,47,1996,Political Science,Social Sciences,2120,0.312,1,0,0,3.3049999999999997,34,0,0,,0,-2.688
S201401591,2014,0,M,1,Black,IL,INST_02,State University B (Research),research,2.86,67,1996,Electrical Engineering,STEM,17508,2.575,1,1,7222,3.575,32,1,1,3.4,0,-0.425
S201401592,2014,0,F,0,Hispanic,IL,INST_05,Urban University E (Research),research,3.51,17,1996,Nursing,Health,15442,2.271,1,1,5750,3.1100000000000003,32,1,1,3.44,0,-0.729
S201401593,2014,0,M,0,White,CA,INST_03,Regional College C (Teaching),teaching,3.55,65,1996,Statistics,STEM,8467,1.245,1,1,2807,3.625,32,1,1,3.65,0,-1.755
S201401594,2014,1,F,0,White,OH,INST_04,Regional College D (Teaching),teaching,2.6,38,1996,English,Humanities,0,0.1,1,0,0,2.355,31,0,0,,0,-2.9
S201401595,2014,0,F,0,White,VA,INST_04,Regional College D (Teaching),teaching,3.05,58,1996,Marketing,Business,24370,3.584,0,0,0,3.2,28,1,1,3.94,1,0.584
S201401596,2014,0,M,1,Hispanic,NJ,INST_01,State University A (Research),research,2.29,40,1996,Electrical Engineering,STEM,12567,1.848,1,0,0,3.56,28,0,0,,0,-1.152
S201401597,2014,1,F,0,Hispanic,IL,INST_01,State University A (Research),research,3.59,54,1996,Art History,Humanities,13868,2.039,1,1,2878,3.795,31,0,0,,0,-0.961
S201401598,2014,0,M,1,Asian,NC,INST_02,State University B (Research),research,2.52,38,1996,Public Health,Health,19951,2.934,1,1,3191,3.615,30,0,0,,0,-0.066
S201401599,2014,0,M,0,White,OH,INST_01,State University A (Research),research,4.0,82,1996,Management,Business,0,0.1,1,0,0,2.915,30,0,0,,0,-2.9
S201401600,2014,0,F,0,Hispanic,TX,INST_03,Regional College C (Teaching),teaching,3.63,38,1996,Biology,STEM,14333,2.108,1,0,0,3.265,28,1,1,3.28,0,-0.892
S201401601,2014,0,M,1,Hispanic,MI,INST_05,Urban University E (Research),research,3.86,82,1996,Nursing,Health,13813,2.031,1,1,5639,3.665,29,1,1,4.0,0,-0.969
S201401602,2014,0,M,0,White,NC,INST_03,Regional College C (Teaching),teaching,2.74,56,1996,Civil Engineering,STEM,14128,2.078,1,1,5867,2.825,26,0,0,,0,-0.922
S201401603,2014,0,F,1,White,CA,INST_04,Regional College D (Teaching),teaching,3.34,45,1996,Pre-Med,Health,4247,0.625,1,1,4520,3.34,31,1,1,2.84,0,-2.375
S201401604,2014,0,F,0,Black,TX,INST_03,Regional College C (Teaching),teaching,3.71,71,1996,Marketing,Business,6371,0.937,1,1,7342,3.81,30,0,0,,0,-2.063
S201401605,2014,1,M,1,Hispanic,NJ,INST_01,State University A (Research),research,3.23,68,1996,Mathematics,STEM,776,0.114,1,1,6816,3.91,30,0,0,,0,-2.886
S201401606,2014,1,F,0,White,GA,INST_05,Urban University E (Research),research,3.59,52,1995,Philosophy,Humanities,0,0.1,1,1,9605,3.5949999999999998,31,1,0,,0,-2.9
S201401607,2014,1,M,1,Black,CA,INST_04,Regional College D (Teaching),teaching,2.25,56,1996,Biology,STEM,6835,1.005,1,0,0,3.415,33,1,0,,0,-1.995
S201401608,2014,0,M,1,White,FL,INST_05,Urban University E (Research),research,2.88,33,1996,Kinesiology,Health,8887,1.307,1,1,5449,4.0,31,0,0,,0,-1.693
S201401609,2014,0,M,0,White,OH,INST_01,State University A (Research),research,3.65,59,1996,Sociology,Social Sciences,14925,2.195,1,0,0,3.265,31,0,0,,0,-0.805
S201401610,2014,1,M,1,Hispanic,PA,INST_01,State University A (Research),research,1.69,54,1996,Marketing,Business,12033,1.77,1,0,0,2.9850000000000003,27,1,1,3.39,0,-1.23
S201401611,2014,1,M,1,White,VA,INST_04,Regional College D (Teaching),teaching,3.42,63,1996,Political Science,Social Sciences,8947,1.316,1,0,0,3.445,25,1,1,3.2,0,-1.684
S201401612,2014,0,M,0,White,NY,INST_05,Urban University E (Research),research,3.07,34,1996,Sociology,Social Sciences,4306,0.633,1,1,8485,3.0549999999999997,31,0,0,,0,-2.367
S201401613,2014,0,F,0,White,MI,INST_04,Regional College D (Teaching),teaching,3.11,80,1996,Psychology,Social Sciences,6612,0.972,1,0,0,3.92,31,1,1,4.0,0,-2.028
S201401614,2014,0,M,0,White,GA,INST_01,State University A (Research),research,3.16,36,1996,Biomedical Engineering,STEM,11307,1.663,1,0,0,3.0549999999999997,33,1,1,3.64,0,-1.337
S201401615,2014,0,M,0,Black,GA,INST_01,State University A (Research),research,3.27,65,1996,Biology,STEM,12412,1.825,1,1,7560,3.72,27,1,1,3.84,0,-1.175
S201401616,2014,0,M,0,White,CA,INST_03,Regional College C (Teaching),teaching,3.4,86,1996,Nursing,Health,6455,0.949,1,0,0,3.035,31,1,1,3.14,0,-2.051
S201401617,2014,1,M,0,Hispanic,FL,INST_03,Regional College C (Teaching),teaching,3.34,33,1996,Communications,Other,11852,1.743,1,1,5625,3.35,31,0,0,,0,-1.257
S201401618,2014,1,M,0,Asian,MI,INST_02,State University B (Research),research,2.67,72,1996,Management,Business,852,0.125,1,0,0,3.785,30,1,0,,0,-2.875
S201401619,2014,0,M,1,Hispanic,OH,INST_04,Regional College D (Teaching),teaching,3.57,70,1996,Undeclared,Other,14773,2.172,1,0,0,3.53,27,0,0,,0,-0.828
S201401620,2014,0,F,0,White,NC,INST_03,Regional College C (Teaching),teaching,3.79,54,1996,Management,Business,10967,1.613,1,0,0,3.895,27,1,1,4.0,0,-1.387
S201401621,2014,1,M,1,Black,IL,INST_03,Regional College C (Teaching),teaching,3.39,30,1996,Computer Science,STEM,8012,1.178,1,1,6042,3.395,31,1,0,,0,-1.822
S201401622,2014,0,M,0,Black,NJ,INST_01,State University A (Research),research,3.0,46,1996,Psychology,Social Sciences,3040,0.447,1,1,3904,3.27,33,1,1,3.73,0,-2.553
S201401623,2014,1,M,1,Hispanic,TX,INST_05,Urban University E (Research),research,3.46,70,1996,Marketing,Business,13533,1.99,1,0,0,3.7350000000000003,28,1,1,4.0,0,-1.01
S201401624,2014,0,M,0,Hispanic,OH,INST_05,Urban University E (Research),research,3.06,68,1996,Biomedical Engineering,STEM,15662,2.303,1,0,0,2.8449999999999998,29,0,0,,0,-0.697
S201401625,2014,0,M,0,Asian,IL,INST_02,State University B (Research),research,4.0,62,1996,Political Science,Social Sciences,30195,4.44,0,0,0,3.51,31,1,0,,1,1.44
S201401626,2014,0,M,0,White,FL,INST_04,Regional College D (Teaching),teaching,2.51,41,1996,Mechanical Engineering,STEM,2092,0.308,1,1,4279,3.29,31,1,1,3.35,0,-2.692
S201401627,2014,0,F,0,White,NY,INST_01,State University A (Research),research,3.07,65,1996,Statistics,STEM,16590,2.44,1,1,5197,2.85,31,0,0,,0,-0.56
S201401628,2014,1,M,0,Asian,PA,INST_03,Regional College C (Teaching),teaching,2.47,41,1996,Undeclared,Other,9663,1.421,1,0,0,3.475,29,0,0,,0,-1.579
S201401629,2014,1,F,0,Asian,IL,INST_05,Urban University E (Research),research,2.53,53,1996,Economics-Bus,Business,0,0.1,1,1,3227,3.79,32,1,0,,0,-2.9
S201401630,2014,1,F,1,White,IL,INST_03,Regional College C (Teaching),teaching,3.26,46,1996,Accounting,Business,11954,1.758,1,0,0,3.8899999999999997,31,1,1,3.8,0,-1.242
S201401631,2014,0,F,0,White,MI,INST_02,State University B (Research),research,2.93,88,1995,Undeclared,Other,7516,1.105,1,0,0,3.745,30,1,1,3.38,0,-1.895
S201401632,2014,1,F,0,Black,NJ,INST_03,Regional College C (Teaching),teaching,3.55,32,1996,Computer Science,STEM,13055,1.92,1,0,0,2.995,31,1,0,,0,-1.08
S201401633,2014,0,M,1,Multi,MI,INST_04,Regional College D (Teaching),teaching,3.07,39,1996,Philosophy,Humanities,11794,1.734,1,1,8295,4.0,31,0,0,,0,-1.266
S201401634,2014,1,F,0,White,VA,INST_02,State University B (Research),research,3.69,88,1996,Spanish,Humanities,0,0.1,1,0,0,3.62,28,1,0,,0,-2.9
S201401635,2014,1,F,1,White,VA,INST_02,State University B (Research),research,3.56,87,1996,Statistics,STEM,16224,2.386,1,1,7667,3.0650000000000004,31,1,0,,0,-0.614
S201401636,2014,1,F,1,Black,NJ,INST_04,Regional College D (Teaching),teaching,3.0,32,1996,Mathematics,STEM,375,0.1,1,1,6355,2.865,30,1,1,2.52,0,-2.9
S201401637,2014,1,M,1,White,VA,INST_05,Urban University E (Research),research,2.93,52,1996,Pre-Med,Health,10558,1.553,1,1,6408,3.01,27,0,0,,0,-1.447
S201401638,2014,0,F,0,White,VA,INST_02,State University B (Research),research,3.82,36,1996,Kinesiology,Health,17730,2.607,1,1,8333,3.385,31,0,0,,0,-0.393
S201401639,2014,0,F,0,Hispanic,FL,INST_04,Regional College D (Teaching),teaching,3.29,61,1995,Electrical Engineering,STEM,9582,1.409,1,0,0,3.3,28,0,0,,0,-1.591
S201401640,2014,0,F,0,Hispanic,NC,INST_04,Regional College D (Teaching),teaching,3.85,59,1996,Electrical Engineering,STEM,13649,2.007,1,1,5834,3.79,28,1,0,,0,-0.993
S201401641,2014,0,M,0,White,PA,INST_04,Regional College D (Teaching),teaching,2.68,34,1996,Marketing,Business,11881,1.747,1,0,0,3.865,30,0,0,,0,-1.253
S201401642,2014,0,F,0,Asian,NC,INST_01,State University A (Research),research,3.2,71,1996,English,Humanities,4634,0.681,1,1,5102,3.8049999999999997,32,1,1,3.85,0,-2.319
S201401643,2014,0,F,0,White,TX,INST_04,Regional College D (Teaching),teaching,3.87,50,1996,Electrical Engineering,STEM,27942,4.109,0,0,0,3.18,27,0,0,,1,1.109
S201401644,2014,0,M,0,Unknown,GA,INST_02,State University B (Research),research,3.83,16,1996,Kinesiology,Health,7266,1.069,1,1,6046,3.5549999999999997,33,0,0,,0,-1.931
S201401645,2014,0,F,0,Hispanic,MI,INST_05,Urban University E (Research),research,3.34,59,1996,Chemistry,STEM,5737,0.844,1,0,0,3.2800000000000002,30,1,1,3.43,0,-2.156
S201401646,2014,0,F,0,White,NJ,INST_01,State University A (Research),research,4.0,47,1996,Electrical Engineering,STEM,19650,2.89,1,1,5762,3.45,29,1,1,3.55,0,-0.11
S201401647,2014,0,F,1,White,IL,INST_02,State University B (Research),research,3.43,63,1996,Political Science,Social Sciences,18260,2.685,1,1,4091,3.4699999999999998,31,1,1,3.46,0,-0.315
S201401648,2014,0,F,1,White,MI,INST_05,Urban University E (Research),research,3.41,33,1996,Biomedical Engineering,STEM,7177,1.055,1,1,4217,3.775,31,0,0,,0,-1.945
S201401649,2014,0,F,0,White,MI,INST_01,State University A (Research),research,3.91,35,1996,Philosophy,Humanities,20583,3.027,0,0,0,3.285,30,0,0,,1,0.027
S201401650,2014,0,F,0,Black,TX,INST_03,Regional College C (Teaching),teaching,4.0,44,1996,Nursing,Health,16520,2.429,1,0,0,3.885,33,1,0,,0,-0.571
S201401651,2014,1,M,0,Hispanic,NY,INST_04,Regional College D (Teaching),teaching,3.64,45,1996,Economics,Social Sciences,1301,0.191,1,1,4889,3.765,31,1,1,3.55,0,-2.809
S201401652,2014,1,M,1,White,MI,INST_02,State University B (Research),research,3.38,50,1996,Economics-Bus,Business,3364,0.495,1,1,5170,3.96,28,1,1,4.0,0,-2.505
S201401653,2014,0,M,0,White,PA,INST_04,Regional College D (Teaching),teaching,3.27,59,1996,Spanish,Humanities,6059,0.891,1,1,6159,3.61,27,1,1,3.58,0,-2.109
S201401654,2014,1,F,0,White,GA,INST_05,Urban University E (Research),research,3.63,27,1996,Management,Business,18224,2.68,1,0,0,3.2199999999999998,30,0,0,,0,-0.32
S201401655,2014,0,F,0,Hispanic,MI,INST_03,Regional College C (Teaching),teaching,2.19,8,1996,Civil Engineering,STEM,11371,1.672,1,1,5401,3.55,31,0,0,,0,-1.328
S201401656,2014,0,F,0,White,OH,INST_04,Regional College D (Teaching),teaching,2.67,60,1996,Nursing,Health,16560,2.435,1,1,7789,3.1950000000000003,30,1,1,2.91,0,-0.565
S201401657,2014,0,F,1,Hispanic,FL,INST_05,Urban University E (Research),research,2.18,32,1996,Physics,STEM,612,0.1,1,1,7224,3.685,28,0,0,,0,-2.9
S201401658,2014,0,M,1,White,OH,INST_01,State University A (Research),research,3.15,52,1996,Marketing,Business,10982,1.615,1,0,0,3.26,30,1,0,,0,-1.385
S201401659,2014,0,M,0,White,NJ,INST_04,Regional College D (Teaching),teaching,3.71,21,1996,Biomedical Engineering,STEM,2635,0.388,1,0,0,3.075,28,0,0,,0,-2.612
S201401660,2014,0,F,1,Multi,VA,INST_02,State University B (Research),research,3.31,68,1996,Mathematics,STEM,3502,0.515,1,0,0,3.64,32,1,1,3.33,0,-2.485
S201401661,2014,0,F,0,White,PA,INST_03,Regional College C (Teaching),teaching,3.0,19,1996,Nursing,Health,14984,2.204,1,1,5517,3.1100000000000003,29,0,0,,0,-0.796
S201401662,2014,1,M,0,White,IL,INST_01,State University A (Research),research,3.21,72,1996,Sociology,Social Sciences,5269,0.775,1,1,8546,3.34,30,0,0,,0,-2.225
S201401663,2014,0,F,1,Asian,NY,INST_02,State University B (Research),research,3.08,33,1996,Statistics,STEM,0,0.1,1,0,0,3.385,26,1,0,,0,-2.9
S201401664,2014,0,F,1,Black,TX,INST_04,Regional College D (Teaching),teaching,3.25,84,1996,Political Science,Social Sciences,12930,1.901,1,0,0,3.535,31,0,0,,0,-1.099
S201401665,2014,0,F,0,Hispanic,OH,INST_05,Urban University E (Research),research,2.69,48,1996,Psychology,Social Sciences,14786,2.174,1,1,6035,3.29,32,1,1,3.17,0,-0.826
S201401666,2014,0,F,0,Black,OH,INST_05,Urban University E (Research),research,2.14,70,1996,Statistics,STEM,19176,2.82,1,0,0,2.535,30,1,0,,0,-0.18
S201401667,2014,0,F,0,White,IL,INST_01,State University A (Research),research,3.46,65,1996,Electrical Engineering,STEM,13809,2.031,1,1,6658,3.525,31,1,0,,0,-0.969
S201401668,2014,0,F,0,White,IL,INST_04,Regional College D (Teaching),teaching,3.21,51,1996,Anthropology,Social Sciences,10310,1.516,1,1,8046,3.625,31,0,0,,0,-1.484
S201401669,2014,0,F,0,Asian,IL,INST_04,Regional College D (Teaching),teaching,3.1,66,1996,Electrical Engineering,STEM,13661,2.009,1,1,5341,2.795,31,0,0,,0,-0.991
S201401670,2014,0,F,0,Hispanic,PA,INST_02,State University B (Research),research,3.59,79,1996,Kinesiology,Health,12681,1.865,1,1,5561,3.9,31,0,0,,0,-1.135
S201401671,2014,0,M,0,Black,FL,INST_01,State University A (Research),research,3.04,57,1996,Sociology,Social Sciences,10639,1.565,1,1,3731,3.175,36,0,0,,0,-1.435
S201401672,2014,1,M,0,Asian,IL,INST_02,State University B (Research),research,3.84,56,1996,Nursing,Health,5709,0.84,1,0,0,3.61,31,1,0,,0,-2.16
S201401673,2014,1,F,0,White,VA,INST_03,Regional College C (Teaching),teaching,3.47,76,1996,Pre-Med,Health,0,0.1,1,1,7206,3.745,24,1,1,4.0,0,-2.9
S201401674,2014,0,M,0,White,CA,INST_05,Urban University E (Research),research,3.39,82,1996,General Studies,Other,3081,0.453,1,1,5838,3.5999999999999996,28,1,1,3.53,0,-2.547
S201401675,2014,1,F,0,White,MI,INST_02,State University B (Research),research,2.12,73,1996,Education,Other,13537,1.991,1,0,0,2.7249999999999996,31,0,0,,0,-1.009
S201401676,2014,1,F,0,Asian,NJ,INST_03,Regional College C (Teaching),teaching,3.19,45,1996,Communications,Other,8990,1.322,1,1,7333,4.0,31,0,0,,0,-1.678
S201401677,2014,1,F,0,White,OH,INST_01,State University A (Research),research,3.51,63,1996,Anthropology,Social Sciences,34168,5.025,0,1,5273,3.5,28,1,0,,1,2.025
S201401678,2014,0,F,0,White,PA,INST_03,Regional College C (Teaching),teaching,3.29,36,1996,Electrical Engineering,STEM,15148,2.228,1,0,0,3.2249999999999996,31,0,0,,0,-0.772
S201401679,2014,0,M,1,Black,CA,INST_04,Regional College D (Teaching),teaching,2.66,77,1996,Economics,Social Sciences,3556,0.523,1,1,2599,3.9,29,0,0,,0,-2.477
S201401680,2014,1,F,0,Multi,IL,INST_03,Regional College C (Teaching),teaching,3.19,72,1996,General Studies,Other,3717,0.547,1,1,5354,3.4,31,1,0,,0,-2.453
S201401681,2014,1,M,1,White,TX,INST_01,State University A (Research),research,3.01,65,1996,Mathematics,STEM,11087,1.63,1,1,5853,3.035,28,0,0,,0,-1.37
S201401682,2014,1,F,0,White,FL,INST_03,Regional College C (Teaching),teaching,3.39,62,1996,Marketing,Business,13815,2.032,1,1,4735,3.7,28,1,1,4.0,0,-0.968
S201401683,2014,0,F,0,White,NJ,INST_01,State University A (Research),research,3.02,79,1996,Finance,Business,3339,0.491,1,1,7024,3.5549999999999997,27,1,0,,0,-2.509
S201401684,2014,1,F,0,White,NC,INST_01,State University A (Research),research,3.31,49,1996,Mechanical Engineering,STEM,10121,1.488,1,1,4306,3.46,30,0,0,,0,-1.512
S201401685,2014,0,M,0,White,VA,INST_02,State University B (Research),research,3.94,45,1996,History,Humanities,12393,1.822,1,1,4482,3.6900000000000004,30,0,0,,0,-1.178
S201401686,2014,1,M,0,White,VA,INST_01,State University A (Research),research,2.27,49,1996,Biomedical Engineering,STEM,8128,1.195,1,1,4741,3.455,30,0,0,,0,-1.805
S201401687,2014,1,F,0,Hispanic,CA,INST_05,Urban University E (Research),research,2.58,37,1996,Philosophy,Humanities,12802,1.883,1,1,4503,3.355,31,1,1,3.25,0,-1.117
S201401688,2014,0,F,1,White,OH,INST_05,Urban University E (Research),research,2.86,52,1996,Biology,STEM,13523,1.989,1,1,6669,3.335,36,0,0,,0,-1.011
S201401689,2014,1,M,1,Black,CA,INST_02,State University B (Research),research,3.32,66,1996,English,Humanities,2170,0.319,1,1,6772,3.355,33,1,0,,0,-2.681
S201401690,2014,0,M,1,White,PA,INST_04,Regional College D (Teaching),teaching,3.01,42,1996,Public Health,Health,8655,1.273,1,1,6126,3.435,29,1,0,,0,-1.727
S201401691,2014,0,M,0,Hispanic,VA,INST_03,Regional College C (Teaching),teaching,3.3,46,1996,Pre-Med,Health,19386,2.851,1,1,8990,2.8,28,1,1,3.21,0,-0.149
S201401692,2014,0,M,0,Black,VA,INST_02,State University B (Research),research,3.27,46,1996,Marketing,Business,6029,0.887,1,1,4868,3.8150000000000004,28,0,0,,0,-2.113
S201401693,2014,0,M,0,Black,TX,INST_04,Regional College D (Teaching),teaching,2.39,53,1996,Accounting,Business,27204,4.001,0,0,0,2.495,28,1,0,,1,1.001
S201401694,2014,0,M,1,White,IL,INST_04,Regional College D (Teaching),teaching,3.18,38,1996,Education,Other,8570,1.26,1,1,3878,3.615,25,1,1,3.17,0,-1.74
S201401695,2014,0,M,1,Hispanic,IL,INST_01,State University A (Research),research,3.48,50,1996,Electrical Engineering,STEM,21482,3.159,0,0,0,2.96,28,0,0,,1,0.159
S201401696,2014,1,M,0,White,PA,INST_04,Regional College D (Teaching),teaching,2.6,60,1996,Kinesiology,Health,26278,3.864,0,0,0,3.175,28,1,0,,1,0.864
S201401697,2014,0,M,0,Multi,TX,INST_05,Urban University E (Research),research,2.89,43,1996,Civil Engineering,STEM,14833,2.181,1,0,0,3.52,28,0,0,,0,-0.819
S201401698,2014,1,F,0,Asian,NC,INST_05,Urban University E (Research),research,2.79,73,1996,Economics-Bus,Business,0,0.1,1,1,3751,3.04,28,1,0,,0,-2.9
S201401699,2014,1,M,1,Black,GA,INST_01,State University A (Research),research,3.07,31,1996,Communications,Other,3776,0.555,1,1,4374,3.8200000000000003,32,1,0,,0,-2.445
S201401700,2014,0,M,1,Hispanic,NY,INST_05,Urban University E (Research),research,3.42,27,1996,Marketing,Business,27040,3.976,0,0,0,2.38,34,1,0,,1,0.976
S201401701,2014,0,F,1,White,IL,INST_04,Regional College D (Teaching),teaching,2.83,57,1996,Biology,STEM,4507,0.663,1,1,4618,3.425,31,1,0,,0,-2.337
S201401702,2014,0,F,1,Hispanic,IL,INST_02,State University B (Research),research,3.1,64,1996,Civil Engineering,STEM,7975,1.173,1,1,8661,2.96,30,1,0,,0,-1.827
S201401703,2014,0,M,0,White,TX,INST_02,State University B (Research),research,2.5,44,1996,Economics-Bus,Business,7901,1.162,1,0,0,3.075,30,0,0,,0,-1.838
S201401704,2014,0,M,1,White,FL,INST_04,Regional College D (Teaching),teaching,3.2,61,1996,Education,Other,18604,2.736,1,1,5074,3.8899999999999997,31,1,1,3.53,0,-0.264
S201401705,2014,0,M,0,Hispanic,OH,INST_03,Regional College C (Teaching),teaching,2.71,51,1996,General Studies,Other,1591,0.234,1,0,0,3.135,25,1,1,2.78,0,-2.766
S201401706,2014,1,M,0,Hispanic,GA,INST_05,Urban University E (Research),research,4.0,53,1996,Public Health,Health,5155,0.758,1,1,7127,3.575,28,1,0,,0,-2.242
S201401707,2014,0,M,0,Hispanic,NJ,INST_05,Urban University E (Research),research,2.5,28,1996,Accounting,Business,6297,0.926,1,0,0,3.5149999999999997,27,1,0,,0,-2.074
S201401708,2014,0,M,1,White,VA,INST_03,Regional College C (Teaching),teaching,3.48,41,1996,Economics,Social Sciences,12847,1.889,1,1,4285,3.27,34,0,0,,0,-1.111
S201401709,2014,0,F,1,White,NY,INST_02,State University B (Research),research,2.79,40,1996,Electrical Engineering,STEM,6508,0.957,1,1,5812,3.755,27,1,0,,0,-2.043
S201401710,2014,0,F,0,White,NY,INST_05,Urban University E (Research),research,2.99,38,1996,Pre-Med,Health,812,0.119,1,1,7807,3.13,30,0,0,,0,-2.881
S201401711,2014,0,M,0,Asian,OH,INST_02,State University B (Research),research,3.74,61,1996,Marketing,Business,16246,2.389,1,0,0,3.385,30,1,0,,0,-0.611
S201401712,2014,0,M,0,White,TX,INST_01,State University A (Research),research,3.15,25,1996,Accounting,Business,14131,2.078,1,1,4801,2.505,33,0,0,,0,-0.922
S201401713,2014,0,F,0,White,FL,INST_04,Regional College D (Teaching),teaching,3.18,65,1996,Philosophy,Humanities,7034,1.034,1,1,7138,3.435,30,0,0,,0,-1.966
S201401714,2014,0,F,0,Multi,OH,INST_01,State University A (Research),research,3.19,32,1996,Nursing,Health,19738,2.903,1,0,0,3.17,31,0,0,,0,-0.097
S201401715,2014,1,M,0,White,PA,INST_01,State University A (Research),research,3.29,62,1996,Pre-Med,Health,1260,0.185,1,0,0,3.3449999999999998,36,0,0,,0,-2.815
S201401716,2014,0,M,0,Hispanic,PA,INST_05,Urban University E (Research),research,3.05,51,1996,Public Health,Health,9845,1.448,1,0,0,3.61,31,0,0,,0,-1.552
S201401717,2014,0,F,0,White,TX,INST_01,State University A (Research),research,3.41,56,1996,General Studies,Other,6633,0.975,1,1,7905,3.8899999999999997,28,1,0,,0,-2.025
S201401718,2014,0,M,0,White,FL,INST_05,Urban University E (Research),research,3.36,53,1996,Mathematics,STEM,7167,1.054,1,0,0,2.7750000000000004,28,1,1,3.04,0,-1.946
S201401719,2014,0,M,1,Hispanic,MI,INST_02,State University B (Research),research,2.85,60,1996,Art History,Humanities,19294,2.837,1,1,5875,3.025,29,0,0,,0,-0.163
S201401720,2014,0,M,1,White,PA,INST_05,Urban University E (Research),research,3.81,83,1996,Computer Science,STEM,12023,1.768,1,0,0,3.48,31,1,0,,0,-1.232
S201401721,2014,0,F,1,White,NC,INST_01,State University A (Research),research,3.48,49,1996,Communications,Other,3172,0.466,1,0,0,3.775,30,1,0,,0,-2.534
S201401722,2014,1,M,0,Black,GA,INST_01,State University A (Research),research,2.8,57,1996,Philosophy,Humanities,0,0.1,1,1,4516,3.5149999999999997,29,1,1,3.89,0,-2.9
S201401723,2014,0,M,0,White,VA,INST_01,State University A (Research),research,2.8,17,1996,Sociology,Social Sciences,20353,2.993,1,1,5620,2.755,30,0,0,,0,-0.007
S201401724,2014,0,M,0,Black,CA,INST_02,State University B (Research),research,2.76,99,1996,Sociology,Social Sciences,9362,1.377,1,1,4759,2.955,27,1,0,,0,-1.623
S201401725,2014,0,F,0,White,FL,INST_03,Regional College C (Teaching),teaching,3.91,78,1996,Biology,STEM,22182,3.262,0,1,5317,3.1500000000000004,30,0,0,,1,0.262
S201401726,2014,0,F,0,White,MI,INST_03,Regional College C (Teaching),teaching,2.39,26,1996,Economics,Social Sciences,9514,1.399,1,0,0,3.2350000000000003,29,1,1,3.78,0,-1.601
S201401727,2014,0,F,0,Hispanic,GA,INST_04,Regional College D (Teaching),teaching,4.0,65,1996,Civil Engineering,STEM,29655,4.361,0,0,0,3.465,34,1,1,3.96,1,1.361
S201401728,2014,0,F,1,White,NC,INST_05,Urban University E (Research),research,2.87,19,1996,English,Humanities,9620,1.415,1,1,6878,3.255,31,0,0,,0,-1.585
S201401729,2014,1,M,0,White,VA,INST_02,State University B (Research),research,2.91,40,1996,Biomedical Engineering,STEM,14229,2.092,1,0,0,2.835,31,1,1,3.05,0,-0.908
S201401730,2014,1,M,0,White,TX,INST_03,Regional College C (Teaching),teaching,3.5,32,1996,Public Health,Health,13839,2.035,1,0,0,2.8449999999999998,32,1,0,,0,-0.965
S201401731,2014,1,M,0,Hispanic,VA,INST_02,State University B (Research),research,3.59,74,1996,Economics-Bus,Business,9194,1.352,1,0,0,3.605,28,0,0,,0,-1.648
S201401732,2014,0,F,0,White,GA,INST_04,Regional College D (Teaching),teaching,3.39,78,1996,Economics-Bus,Business,21864,3.215,0,0,0,2.77,32,1,1,2.99,1,0.215
S201401733,2014,1,F,0,Hispanic,NJ,INST_02,State University B (Research),research,2.56,28,1996,Economics,Social Sciences,2736,0.402,1,1,6349,3.375,28,0,0,,0,-2.598
S201401734,2014,1,M,0,White,CA,INST_03,Regional College C (Teaching),teaching,3.75,68,1996,Anthropology,Social Sciences,855,0.126,1,1,4088,3.085,30,1,0,,0,-2.874
S201401735,2014,0,F,0,Asian,NY,INST_05,Urban University E (Research),research,2.71,78,1996,Physics,STEM,2844,0.418,1,1,4088,3.235,31,0,0,,0,-2.582
S201401736,2014,0,M,0,White,PA,INST_01,State University A (Research),research,3.93,45,1996,Nursing,Health,4348,0.639,1,1,5425,3.2750000000000004,28,1,1,3.78,0,-2.361
S201401737,2014,1,F,0,White,IL,INST_03,Regional College C (Teaching),teaching,2.47,30,1996,Physics,STEM,8828,1.298,1,1,5933,4.0,29,0,0,,0,-1.702
S201401738,2014,1,F,1,Hispanic,PA,INST_04,Regional College D (Teaching),teaching,2.74,72,1996,Economics-Bus,Business,6416,0.944,1,1,6376,3.83,31,0,0,,0,-2.056
S201401739,2014,0,M,0,White,NJ,INST_05,Urban University E (Research),research,3.23,93,1996,Economics,Social Sciences,15816,2.326,1,0,0,3.485,28,1,1,3.74,0,-0.674
S201401740,2014,1,F,1,Black,NY,INST_02,State University B (Research),research,3.51,68,1996,Biology,STEM,12556,1.846,1,0,0,3.06,28,1,1,2.87,0,-1.154
S201401741,2014,1,M,0,White,NC,INST_03,Regional College C (Teaching),teaching,2.83,91,1996,Economics,Social Sciences,22331,3.284,0,0,0,3.755,28,1,1,3.61,1,0.284
S201401742,2014,1,F,1,Black,GA,INST_05,Urban University E (Research),research,3.57,59,1996,Electrical Engineering,STEM,17293,2.543,1,0,0,3.2249999999999996,33,0,0,,0,-0.457
S201401743,2014,0,F,0,White,GA,INST_04,Regional College D (Teaching),teaching,3.59,52,1996,Kinesiology,Health,18506,2.721,1,1,7501,3.05,28,0,0,,0,-0.279
S201401744,2014,1,M,0,White,GA,INST_03,Regional College C (Teaching),teaching,3.56,80,1996,Mechanical Engineering,STEM,11235,1.652,1,0,0,3.84,29,0,0,,0,-1.348
S201401745,2014,1,M,0,White,IL,INST_01,State University A (Research),research,3.63,66,1996,Public Health,Health,9584,1.409,1,1,6452,3.865,24,1,0,,0,-1.591
S201401746,2014,1,F,0,Unknown,IL,INST_02,State University B (Research),research,3.09,66,1996,Communications,Other,3000,0.441,1,1,8189,3.0650000000000004,31,1,1,3.08,0,-2.559
S201401747,2014,1,F,0,White,NC,INST_04,Regional College D (Teaching),teaching,3.45,58,1996,Art History,Humanities,5020,0.738,1,0,0,2.94,28,1,1,3.01,0,-2.262
S201401748,2014,1,F,0,White,MI,INST_02,State University B (Research),research,4.0,66,1996,Mathematics,STEM,5906,0.869,1,1,5730,3.96,31,1,1,3.74,0,-2.131
S201401749,2014,0,F,0,White,OH,INST_05,Urban University E (Research),research,3.53,83,1996,Mathematics,STEM,12089,1.778,1,0,0,3.44,29,0,0,,0,-1.222
S201401750,2014,0,M,0,Hispanic,NC,INST_01,State University A (Research),research,3.24,52,1996,Sociology,Social Sciences,17006,2.501,1,1,6155,3.615,32,0,0,,0,-0.499
S201401751,2014,0,F,0,White,MI,INST_01,State University A (Research),research,2.42,24,1996,Psychology,Social Sciences,11583,1.703,1,0,0,3.725,30,0,0,,0,-1.297
S201401752,2014,0,M,0,White,GA,INST_03,Regional College C (Teaching),teaching,3.25,38,1996,Kinesiology,Health,22644,3.33,0,0,0,3.0549999999999997,30,1,1,3.44,1,0.33
S201401753,2014,1,M,1,White,NJ,INST_02,State University B (Research),research,3.16,79,1996,Biology,STEM,18682,2.747,1,1,5668,3.8049999999999997,33,1,1,4.0,0,-0.253
S201401754,2014,0,M,1,Black,CA,INST_02,State University B (Research),research,2.27,41,1996,Management,Business,13533,1.99,1,0,0,2.44,30,0,0,,0,-1.01
S201401755,2014,0,F,0,White,NC,INST_03,Regional College C (Teaching),teaching,3.43,32,1996,Nursing,Health,10679,1.57,1,1,4975,3.37,33,0,0,,0,-1.43
S201401756,2014,1,M,0,White,NJ,INST_05,Urban University E (Research),research,2.95,31,1996,Anthropology,Social Sciences,5899,0.868,1,1,5830,3.69,26,1,1,3.87,0,-2.132
S201401757,2014,0,F,0,Hispanic,CA,INST_01,State University A (Research),research,3.41,31,1996,Mathematics,STEM,12656,1.861,1,1,3942,3.615,29,1,0,,0,-1.139
S201401758,2014,0,F,1,White,IL,INST_04,Regional College D (Teaching),teaching,3.35,66,1996,History,Humanities,7713,1.134,1,1,4843,3.815,28,1,1,2.92,0,-1.866
S201401759,2014,0,F,0,White,MI,INST_01,State University A (Research),research,3.5,49,1996,Chemistry,STEM,25669,3.775,0,0,0,2.51,29,0,0,,1,0.775
S201401760,2014,0,F,1,White,OH,INST_04,Regional College D (Teaching),teaching,2.7,29,1996,Political Science,Social Sciences,24629,3.622,0,0,0,3.1849999999999996,31,1,1,3.26,1,0.622
S201401761,2014,1,M,1,Hispanic,MI,INST_03,Regional College C (Teaching),teaching,3.55,78,1996,Biomedical Engineering,STEM,0,0.1,1,1,7583,3.8150000000000004,30,0,0,,0,-2.9
S201401762,2014,0,M,0,White,PA,INST_01,State University A (Research),research,4.0,31,1996,Management,Business,15454,2.273,1,1,3117,3.5949999999999998,30,1,0,,0,-0.727
S201401763,2014,0,F,1,Black,FL,INST_05,Urban University E (Research),research,2.7,52,1996,Mechanical Engineering,STEM,10797,1.588,1,1,4418,2.9850000000000003,28,1,1,2.96,0,-1.412
S201401764,2014,0,M,0,Asian,PA,INST_05,Urban University E (Research),research,2.55,49,1996,Accounting,Business,8458,1.244,1,1,3745,3.26,30,0,0,,0,-1.756
S201401765,2014,0,F,0,Black,VA,INST_02,State University B (Research),research,3.25,37,1996,Art History,Humanities,7724,1.136,1,1,5932,2.865,30,0,0,,0,-1.864
S201401766,2014,0,M,0,Hispanic,FL,INST_04,Regional College D (Teaching),teaching,3.03,53,1996,Finance,Business,12514,1.84,1,0,0,3.4850000000000003,32,1,0,,0,-1.16
S201401767,2014,1,M,0,Black,IL,INST_04,Regional College D (Teaching),teaching,3.8,46,1996,Education,Other,18177,2.673,1,1,3617,3.9,25,1,1,3.67,0,-0.327
S201401768,2014,1,F,0,White,OH,INST_04,Regional College D (Teaching),teaching,3.24,77,1996,General Studies,Other,16756,2.464,1,0,0,3.75,30,0,0,,0,-0.536
S201401769,2014,0,F,1,White,NY,INST_04,Regional College D (Teaching),teaching,3.01,57,1996,Electrical Engineering,STEM,17863,2.627,1,1,3084,3.41,30,0,0,,0,-0.373
S201401770,2014,0,F,0,Multi,TX,INST_03,Regional College C (Teaching),teaching,3.77,48,1996,Pre-Med,Health,5787,0.851,1,1,5109,3.55,30,0,0,,0,-2.149
S201401771,2014,1,F,0,Black,CA,INST_02,State University B (Research),research,2.52,73,1996,Biomedical Engineering,STEM,13908,2.045,1,1,7479,3.34,31,1,0,,0,-0.955
S201401772,2014,0,F,0,Black,OH,INST_02,State University B (Research),research,3.94,79,1996,Finance,Business,8313,1.222,1,0,0,2.755,28,1,1,3.22,0,-1.778
S201401773,2014,0,M,0,Hispanic,TX,INST_01,State University A (Research),research,2.86,88,1996,Undeclared,Other,11066,1.627,1,1,6579,3.86,28,1,1,3.7,0,-1.373
S201401774,2014,0,F,0,White,FL,INST_04,Regional College D (Teaching),teaching,4.0,65,1996,Statistics,STEM,8982,1.321,1,0,0,3.84,31,1,1,3.73,0,-1.679
S201401775,2014,0,F,1,Asian,PA,INST_01,State University A (Research),research,3.09,38,1996,Public Health,Health,3061,0.45,1,1,4772,3.59,28,1,0,,0,-2.55
S201401776,2014,0,F,1,AIAN,MI,INST_01,State University A (Research),research,2.16,42,1996,Marketing,Business,9534,1.402,1,1,6660,2.935,33,1,1,2.95,0,-1.598
S201401777,2014,0,M,0,White,GA,INST_02,State University B (Research),research,2.85,78,1996,Education,Other,10805,1.589,1,1,3476,3.48,34,0,0,,0,-1.411
S201401778,2014,0,F,0,White,PA,INST_05,Urban University E (Research),research,2.95,39,1996,Undeclared,Other,3700,0.544,1,1,6999,3.6500000000000004,34,0,0,,0,-2.456
S201401779,2014,0,M,0,White,VA,INST_03,Regional College C (Teaching),teaching,3.53,18,1996,Computer Science,STEM,14157,2.082,1,0,0,3.17,30,0,0,,0,-0.918
S201401780,2014,0,F,0,White,MI,INST_02,State University B (Research),research,3.54,29,1996,Communications,Other,20574,3.026,0,0,0,3.6849999999999996,32,1,0,,1,0.026
S201401781,2014,1,F,0,Black,OH,INST_01,State University A (Research),research,3.31,49,1996,Nursing,Health,9696,1.426,1,0,0,2.265,28,1,0,,0,-1.574
S201401782,2014,1,F,0,Multi,PA,INST_02,State University B (Research),research,3.1,68,1996,Anthropology,Social Sciences,2870,0.422,1,1,6054,3.675,32,1,0,,0,-2.578
S201401783,2014,0,F,0,Asian,OH,INST_04,Regional College D (Teaching),teaching,2.45,78,1996,Marketing,Business,28971,4.26,0,0,0,2.44,31,0,0,,1,1.26
S201401784,2014,0,F,0,White,TX,INST_01,State University A (Research),research,3.75,53,1996,Management,Business,9535,1.402,1,1,5550,2.8449999999999998,30,1,0,,0,-1.598
S201401785,2014,0,F,0,Black,VA,INST_03,Regional College C (Teaching),teaching,2.9,34,1996,Education,Other,564,0.1,1,1,7992,3.365,32,0,0,,0,-2.9
S201401786,2014,0,F,0,Asian,OH,INST_01,State University A (Research),research,3.24,48,1996,Psychology,Social Sciences,9169,1.348,1,0,0,3.04,25,1,0,,0,-1.652
S201401787,2014,0,M,0,White,OH,INST_03,Regional College C (Teaching),teaching,3.78,45,1996,Management,Business,8547,1.257,1,1,6053,3.5,31,1,1,4.0,0,-1.743
S201401788,2014,1,F,1,White,OH,INST_04,Regional College D (Teaching),teaching,3.49,53,1996,Finance,Business,12743,1.874,1,1,8242,3.365,30,1,1,3.94,0,-1.126
S201401789,2014,0,F,1,White,GA,INST_04,Regional College D (Teaching),teaching,3.22,68,1996,Economics,Social Sciences,4762,0.7,1,0,0,2.89,30,1,1,2.96,0,-2.3
S201401790,2014,0,M,0,White,OH,INST_01,State University A (Research),research,3.49,65,1996,Education,Other,4170,0.613,1,0,0,3.23,30,1,0,,0,-2.387
S201401791,2014,0,F,0,Hispanic,GA,INST_04,Regional College D (Teaching),teaching,3.58,70,1996,Chemistry,STEM,16695,2.455,1,0,0,3.3200000000000003,28,1,1,3.65,0,-0.545
S201401792,2014,0,F,0,White,IL,INST_02,State University B (Research),research,2.91,46,1996,Pre-Med,Health,19683,2.895,1,1,8051,3.415,31,1,1,3.64,0,-0.105
S201401793,2014,1,F,0,Black,NJ,INST_02,State University B (Research),research,3.53,45,1996,Kinesiology,Health,3731,0.549,1,0,0,3.0949999999999998,31,1,1,2.63,0,-2.451
S201401794,2014,1,F,0,White,MI,INST_03,Regional College C (Teaching),teaching,3.11,40,1996,Finance,Business,14448,2.125,1,0,0,3.335,28,1,0,,0,-0.875
S201401795,2014,0,M,0,Asian,OH,INST_02,State University B (Research),research,3.86,38,1996,Biology,STEM,10032,1.475,1,0,0,3.21,30,0,0,,0,-1.525
S201401796,2014,0,M,0,White,FL,INST_04,Regional College D (Teaching),teaching,3.06,60,1996,Kinesiology,Health,15118,2.223,1,1,5797,3.48,29,1,1,3.46,0,-0.777
S201401797,2014,0,F,1,White,IL,INST_03,Regional College C (Teaching),teaching,3.74,52,1996,Sociology,Social Sciences,9698,1.426,1,1,7493,3.25,31,1,1,3.33,0,-1.574
S201401798,2014,0,F,0,Hispanic,CA,INST_05,Urban University E (Research),research,3.39,99,1996,Spanish,Humanities,12160,1.788,1,1,4940,3.5300000000000002,31,1,1,3.81,0,-1.212
S201401799,2014,1,F,1,Hispanic,CA,INST_03,Regional College C (Teaching),teaching,3.35,62,1996,Public Health,Health,2560,0.376,1,1,4688,3.1950000000000003,27,0,0,,0,-2.624
S201401800,2014,0,M,0,Hispanic,OH,INST_02,State University B (Research),research,3.4,53,1996,Biology,STEM,8111,1.193,1,1,4999,2.665,28,0,0,,0,-1.807
S201401801,2014,1,F,1,Black,NJ,INST_05,Urban University E (Research),research,2.57,37,1996,Accounting,Business,8401,1.235,1,0,0,3.145,27,1,0,,0,-1.765
S201401802,2014,1,M,0,White,CA,INST_01,State University A (Research),research,3.4,64,1996,Chemistry,STEM,7144,1.051,1,1,5071,3.455,29,0,0,,0,-1.949
S201401803,2014,0,M,1,Black,OH,INST_04,Regional College D (Teaching),teaching,3.26,33,1996,General Studies,Other,8523,1.253,1,1,3537,3.52,30,0,0,,0,-1.747
S201401804,2014,0,M,0,White,NJ,INST_03,Regional College C (Teaching),teaching,3.44,59,1996,Philosophy,Humanities,17567,2.583,1,1,9475,3.545,26,1,0,,0,-0.417
S201401805,2014,0,M,0,White,CA,INST_01,State University A (Research),research,3.44,85,1996,Political Science,Social Sciences,28399,4.176,0,1,3707,3.665,27,1,0,,1,1.176
S201401806,2014,0,F,1,Asian,TX,INST_02,State University B (Research),research,3.32,70,1996,Computer Science,STEM,18597,2.735,1,0,0,3.48,25,1,0,,0,-0.265
S201401807,2014,0,F,0,Unknown,OH,INST_05,Urban University E (Research),research,2.78,34,1996,Chemistry,STEM,12973,1.908,1,1,7209,3.1950000000000003,28,1,1,2.93,0,-1.092
S201401808,2014,0,F,0,Multi,TX,INST_04,Regional College D (Teaching),teaching,2.93,52,1996,Public Health,Health,9074,1.334,1,0,0,3.4050000000000002,34,1,1,3.31,0,-1.666
S201401809,2014,1,M,0,Black,CA,INST_05,Urban University E (Research),research,3.09,54,1996,Marketing,Business,2063,0.303,1,1,5383,3.4,31,1,0,,0,-2.697
S201401810,2014,0,M,0,Black,FL,INST_04,Regional College D (Teaching),teaching,3.37,45,1996,Public Health,Health,9610,1.413,1,1,4997,2.76,30,1,1,2.89,0,-1.587
S201401811,2014,1,F,0,White,GA,INST_01,State University A (Research),research,3.13,25,1996,History,Humanities,6683,0.983,1,0,0,2.435,30,0,0,,0,-2.017
S201401812,2014,0,M,0,White,NJ,INST_05,Urban University E (Research),research,3.03,57,1996,Nursing,Health,11631,1.71,1,1,4930,3.5949999999999998,28,1,0,,0,-1.29
S201401813,2014,1,M,0,White,PA,INST_05,Urban University E (Research),research,2.71,46,1996,Economics,Social Sciences,4245,0.624,1,0,0,3.375,31,0,0,,0,-2.376
S201401814,2014,1,NB,0,White,CA,INST_01,State University A (Research),research,3.0,55,1996,Pre-Med,Health,6809,1.001,1,0,0,2.875,31,0,0,,0,-1.999
S201401815,2014,1,M,1,Black,FL,INST_03,Regional College C (Teaching),teaching,3.43,99,1996,History,Humanities,0,0.1,1,1,5919,4.0,34,1,1,3.97,0,-2.9
S201401816,2014,1,M,1,Black,FL,INST_02,State University B (Research),research,3.62,67,1996,Pre-Med,Health,0,0.1,1,1,7341,4.0,33,0,0,,0,-2.9
S201401817,2014,0,F,1,White,PA,INST_03,Regional College C (Teaching),teaching,3.86,72,1996,Education,Other,0,0.1,1,1,5121,2.59,31,1,0,,0,-2.9
S201401818,2014,0,F,0,White,TX,INST_04,Regional College D (Teaching),teaching,2.68,59,1996,Biomedical Engineering,STEM,11530,1.696,1,1,6509,3.37,28,1,0,,0,-1.304
S201401819,2014,1,F,0,White,CA,INST_01,State University A (Research),research,4.0,40,1996,Accounting,Business,4894,0.72,1,1,5791,3.88,31,1,1,4.0,0,-2.28
S201401820,2014,1,F,0,Hispanic,NC,INST_04,Regional College D (Teaching),teaching,3.66,40,1995,English,Humanities,3719,0.547,1,1,9123,3.145,30,1,1,3.01,0,-2.453
S201401821,2014,0,F,0,Black,FL,INST_03,Regional College C (Teaching),teaching,2.81,81,1996,English,Humanities,9957,1.464,1,1,5687,3.9450000000000003,29,1,1,4.0,0,-1.536
S201401822,2014,0,F,1,White,FL,INST_04,Regional College D (Teaching),teaching,3.19,30,1996,Marketing,Business,0,0.1,1,1,7764,3.0149999999999997,31,1,1,3.63,0,-2.9
S201401823,2014,0,F,1,White,OH,INST_05,Urban University E (Research),research,3.41,58,1996,Sociology,Social Sciences,9806,1.442,1,1,3009,3.29,26,1,0,,0,-1.558
S201401824,2014,0,NB,0,White,CA,INST_01,State University A (Research),research,3.25,58,1996,Economics-Bus,Business,16612,2.443,1,1,3712,3.385,31,1,1,3.28,0,-0.557
S201401825,2014,0,F,1,White,NC,INST_01,State University A (Research),research,3.3,69,1995,Management,Business,19453,2.861,1,0,0,3.67,27,1,0,,0,-0.139
S201401826,2014,0,M,0,Hispanic,FL,INST_01,State University A (Research),research,2.83,54,1996,Economics,Social Sciences,5841,0.859,1,0,0,3.955,27,1,0,,0,-2.141
S201401827,2014,1,F,1,White,GA,INST_02,State University B (Research),research,2.55,56,1996,Electrical Engineering,STEM,3720,0.547,1,0,0,2.6900000000000004,28,0,0,,0,-2.453
S201401828,2014,0,F,0,Multi,NY,INST_03,Regional College C (Teaching),teaching,2.4,52,1996,Computer Science,STEM,20917,3.076,0,1,7004,3.77,32,1,1,4.0,1,0.076
S201401829,2014,0,F,0,Hispanic,NY,INST_03,Regional College C (Teaching),teaching,4.0,38,1996,Economics,Social Sciences,14167,2.083,1,1,6097,3.755,26,1,0,,0,-0.917
S201401830,2014,1,F,0,White,PA,INST_01,State University A (Research),research,3.02,69,1996,Management,Business,11531,1.696,1,0,0,2.835,30,1,0,,0,-1.304
S201401831,2014,0,F,0,Hispanic,NY,INST_03,Regional College C (Teaching),teaching,3.58,32,1996,Accounting,Business,14351,2.11,1,0,0,3.12,33,1,0,,0,-0.89
S201401832,2014,0,F,0,White,PA,INST_01,State University A (Research),research,2.5,79,1996,Marketing,Business,9113,1.34,1,1,7172,3.48,30,0,0,,0,-1.66
S201401833,2014,0,F,0,Asian,MI,INST_05,Urban University E (Research),research,3.72,26,1996,Undeclared,Other,2217,0.326,1,0,0,2.955,32,0,0,,0,-2.674
S201401834,2014,0,M,1,Black,FL,INST_05,Urban University E (Research),research,4.0,62,1996,Civil Engineering,STEM,14979,2.203,1,1,6274,3.975,31,1,0,,0,-0.797
S201401835,2014,0,F,1,Black,IL,INST_01,State University A (Research),research,2.49,61,1996,Finance,Business,3718,0.547,1,1,4095,3.7199999999999998,32,1,1,3.1,0,-2.453
S201401836,2014,1,F,0,Hispanic,TX,INST_05,Urban University E (Research),research,3.24,64,1996,Electrical Engineering,STEM,0,0.1,1,1,8357,3.19,31,0,0,,0,-2.9
S201401837,2014,0,F,0,White,FL,INST_02,State University B (Research),research,3.42,67,1996,Chemistry,STEM,20569,3.025,0,1,5635,3.415,31,0,0,,1,0.025
S201401838,2014,1,F,1,White,VA,INST_01,State University A (Research),research,2.46,80,1996,Kinesiology,Health,1758,0.259,1,1,4464,2.5999999999999996,27,1,1,3.29,0,-2.741
S201401839,2014,1,F,0,White,MI,INST_05,Urban University E (Research),research,3.49,37,1996,Political Science,Social Sciences,9704,1.427,1,0,0,2.8049999999999997,28,0,0,,0,-1.573
S201401840,2014,0,F,1,White,OH,INST_03,Regional College C (Teaching),teaching,3.13,32,1996,Pre-Med,Health,4986,0.733,1,0,0,2.615,26,1,0,,0,-2.267
S201401841,2014,1,F,0,Hispanic,IL,INST_01,State University A (Research),research,2.81,22,1996,Physics,STEM,11145,1.639,1,1,5337,3.83,31,1,1,3.78,0,-1.361
S201401842,2014,0,F,0,White,CA,INST_05,Urban University E (Research),research,2.65,67,1996,Education,Other,1207,0.178,1,1,8044,3.265,31,0,0,,0,-2.822
S201401843,2014,0,F,0,Multi,MI,INST_05,Urban University E (Research),research,3.65,10,1996,Pre-Med,Health,1108,0.163,1,0,0,3.25,29,0,0,,0,-2.837
S201401844,2014,0,F,0,White,MI,INST_02,State University B (Research),research,3.4,41,1996,Economics,Social Sciences,7576,1.114,1,0,0,3.965,28,1,1,4.0,0,-1.886
S201401845,2014,0,M,0,Asian,NC,INST_04,Regional College D (Teaching),teaching,3.21,58,1996,Management,Business,13935,2.049,1,1,6691,2.41,30,0,0,,0,-0.951
S201401846,2014,0,F,0,White,FL,INST_01,State University A (Research),research,3.4,57,1996,Chemistry,STEM,7534,1.108,1,1,6776,3.9699999999999998,30,0,0,,0,-1.892
S201401847,2014,0,F,1,Asian,MI,INST_01,State University A (Research),research,3.18,80,1996,Civil Engineering,STEM,8652,1.272,1,0,0,3.285,28,0,0,,0,-1.728
S201401848,2014,0,M,0,White,PA,INST_02,State University B (Research),research,3.12,59,1996,Physics,STEM,8047,1.183,1,1,7271,3.305,30,1,1,3.87,0,-1.817
S201401849,2014,0,M,1,White,NJ,INST_02,State University B (Research),research,3.48,82,1996,Spanish,Humanities,340,0.1,1,1,5599,3.005,28,1,1,3.23,0,-2.9
S201401850,2014,0,M,0,White,TX,INST_02,State University B (Research),research,2.85,53,1996,Accounting,Business,13825,2.033,1,0,0,3.4699999999999998,32,0,0,,0,-0.967
S201401851,2014,0,F,0,Multi,NY,INST_03,Regional College C (Teaching),teaching,3.98,16,1996,Accounting,Business,5381,0.791,1,0,0,2.7699999999999996,30,0,0,,0,-2.209
S201401852,2014,0,F,1,Black,MI,INST_04,Regional College D (Teaching),teaching,3.39,53,1996,Civil Engineering,STEM,11365,1.671,1,1,6767,3.7,27,0,0,,0,-1.329
S201401853,2014,1,F,0,Multi,MI,INST_05,Urban University E (Research),research,2.75,41,1996,Sociology,Social Sciences,0,0.1,1,1,8514,3.8899999999999997,32,1,1,4.0,0,-2.9
S201401854,2014,0,F,1,White,TX,INST_03,Regional College C (Teaching),teaching,2.38,63,1996,Economics,Social Sciences,2008,0.295,1,0,0,3.27,27,0,0,,0,-2.705
S201401855,2014,1,F,1,White,VA,INST_04,Regional College D (Teaching),teaching,2.89,50,1996,Philosophy,Humanities,13128,1.931,1,1,6910,3.215,31,1,0,,0,-1.069
S201401856,2014,1,M,0,Black,VA,INST_03,Regional College C (Teaching),teaching,3.32,41,1996,Computer Science,STEM,7379,1.085,1,1,2633,3.87,27,0,0,,0,-1.915
S201401857,2014,0,F,1,White,IL,INST_01,State University A (Research),research,3.05,54,1996,Electrical Engineering,STEM,4202,0.618,1,1,6121,3.87,28,1,1,4.0,0,-2.382
S201401858,2014,0,F,1,White,MI,INST_05,Urban University E (Research),research,3.98,63,1996,Computer Science,STEM,8748,1.286,1,1,5427,3.1950000000000003,29,1,1,3.23,0,-1.714
S201401859,2014,0,F,0,White,TX,INST_05,Urban University E (Research),research,3.04,61,1996,Anthropology,Social Sciences,12737,1.873,1,1,7572,3.6550000000000002,30,1,0,,0,-1.127
S201401860,2014,1,M,0,White,IL,INST_02,State University B (Research),research,2.96,88,1996,Political Science,Social Sciences,0,0.1,1,1,6043,3.56,30,1,1,4.0,0,-2.9
S201401861,2014,0,M,0,White,VA,INST_01,State University A (Research),research,2.9,24,1996,Biomedical Engineering,STEM,17158,2.523,1,1,7247,3.62,31,1,1,3.98,0,-0.477
S201401862,2014,0,F,0,White,OH,INST_05,Urban University E (Research),research,3.67,67,1996,Physics,STEM,8582,1.262,1,1,5478,3.21,28,1,0,,0,-1.738
S201401863,2014,1,M,0,White,PA,INST_02,State University B (Research),research,2.99,43,1996,Chemistry,STEM,649,0.1,1,0,0,2.815,30,0,0,,0,-2.9
S201401864,2014,0,M,0,White,VA,INST_02,State University B (Research),research,3.07,99,1996,Psychology,Social Sciences,0,0.1,1,1,6124,3.45,28,1,1,3.4,0,-2.9
S201401865,2014,0,M,0,White,GA,INST_05,Urban University E (Research),research,2.87,77,1996,Marketing,Business,9708,1.428,1,1,8112,3.6950000000000003,30,1,0,,0,-1.572
S201401866,2014,0,M,1,White,NY,INST_05,Urban University E (Research),research,3.73,56,1996,Mathematics,STEM,19298,2.838,1,1,6355,3.59,30,0,0,,0,-0.162
S201401867,2014,0,F,0,Black,GA,INST_03,Regional College C (Teaching),teaching,3.17,50,1996,Statistics,STEM,13813,2.031,1,0,0,3.255,33,0,0,,0,-0.969
S201401868,2014,0,F,0,White,NY,INST_03,Regional College C (Teaching),teaching,3.44,27,1996,Accounting,Business,18608,2.736,1,0,0,2.805,29,0,0,,0,-0.264
S201401869,2014,0,M,1,Black,FL,INST_04,Regional College D (Teaching),teaching,3.42,17,1996,Electrical Engineering,STEM,2593,0.381,1,1,4859,3.635,29,1,1,3.49,0,-2.619
S201401870,2014,0,M,0,Asian,FL,INST_03,Regional College C (Teaching),teaching,3.36,38,1996,Public Health,Health,4938,0.726,1,1,3250,2.71,32,1,1,2.75,0,-2.274
S201401871,2014,0,M,1,White,GA,INST_02,State University B (Research),research,3.08,24,1996,Civil Engineering,STEM,19383,2.85,1,1,5360,3.0549999999999997,30,1,0,,0,-0.15
S201401872,2014,0,M,0,Hispanic,NC,INST_02,State University B (Research),research,2.9,50,1996,Civil Engineering,STEM,23392,3.44,0,0,0,2.965,25,1,0,,1,0.44
S201401873,2014,1,NB,1,Hispanic,IL,INST_05,Urban University E (Research),research,2.72,79,1996,Anthropology,Social Sciences,0,0.1,1,1,4825,3.3099999999999996,28,1,1,3.03,0,-2.9
S201401874,2014,0,F,1,Unknown,VA,INST_05,Urban University E (Research),research,3.3,64,1996,Nursing,Health,17160,2.524,1,1,2750,3.23,29,1,1,3.33,0,-0.476
S201401875,2014,0,F,0,Hispanic,NC,INST_02,State University B (Research),research,3.39,53,1996,English,Humanities,23480,3.453,0,0,0,3.575,28,1,1,3.54,1,0.453
S201401876,2014,1,F,0,White,MI,INST_04,Regional College D (Teaching),teaching,3.38,99,1996,Economics,Social Sciences,4023,0.592,1,1,7049,3.3200000000000003,31,1,1,3.96,0,-2.408
S201401877,2014,0,M,0,White,PA,INST_05,Urban University E (Research),research,3.01,26,1996,Marketing,Business,8590,1.263,1,0,0,2.4299999999999997,29,1,1,2.7,0,-1.737
S201401878,2014,0,F,0,Multi,VA,INST_05,Urban University E (Research),research,2.18,84,1996,Economics-Bus,Business,14127,2.078,1,1,2889,3.61,31,1,0,,0,-0.922
S201401879,2014,0,M,1,White,PA,INST_01,State University A (Research),research,2.23,64,1996,Marketing,Business,14704,2.162,1,1,6577,3.69,30,0,0,,0,-0.838
S201401880,2014,1,F,0,Asian,TX,INST_03,Regional College C (Teaching),teaching,3.15,29,1996,Civil Engineering,STEM,19003,2.795,1,0,0,3.3200000000000003,34,0,0,,0,-0.205
S201401881,2014,0,F,0,White,OH,INST_01,State University A (Research),research,3.87,78,1996,Psychology,Social Sciences,1394,0.205,1,1,6619,3.12,26,1,1,3.42,0,-2.795
S201401882,2014,1,F,1,White,VA,INST_02,State University B (Research),research,3.19,40,1996,Economics-Bus,Business,4020,0.591,1,1,3689,3.535,32,1,1,3.91,0,-2.409
S201401883,2014,1,F,1,White,NY,INST_05,Urban University E (Research),research,2.66,30,1996,Nursing,Health,2780,0.409,1,1,4924,3.765,28,1,1,3.92,0,-2.591
S201401884,2014,1,F,0,Hispanic,CA,INST_04,Regional College D (Teaching),teaching,3.51,61,1996,Public Health,Health,13076,1.923,1,1,6721,2.6100000000000003,28,1,0,,0,-1.077
S201401885,2014,0,F,0,Hispanic,IL,INST_01,State University A (Research),research,3.32,75,1996,General Studies,Other,9468,1.392,1,0,0,3.545,31,0,0,,0,-1.608
S201401886,2014,1,F,0,Asian,IL,INST_03,Regional College C (Teaching),teaching,2.32,43,1996,Accounting,Business,6192,0.911,1,0,0,2.205,29,1,0,,0,-2.089
S201401887,2014,0,M,0,Black,VA,INST_03,Regional College C (Teaching),teaching,3.17,65,1996,Marketing,Business,11204,1.648,1,1,6568,3.42,30,1,1,3.41,0,-1.352
S201401888,2014,0,NB,0,Hispanic,CA,INST_01,State University A (Research),research,2.92,23,1996,Electrical Engineering,STEM,11276,1.658,1,1,6075,3.73,31,0,0,,0,-1.342
S201401889,2014,1,F,1,Black,GA,INST_01,State University A (Research),research,3.79,75,1996,Finance,Business,6221,0.915,1,1,6368,3.295,28,0,0,,0,-2.085
S201401890,2014,0,M,0,AIAN,TX,INST_03,Regional College C (Teaching),teaching,3.22,89,1996,Art History,Humanities,14394,2.117,1,1,7603,3.295,33,1,1,3.68,0,-0.883
S201401891,2014,1,M,0,White,IL,INST_05,Urban University E (Research),research,3.78,46,1996,Marketing,Business,24740,3.638,0,0,0,2.665,28,1,1,2.65,1,0.638
S201401892,2014,0,F,0,Asian,FL,INST_05,Urban University E (Research),research,2.88,57,1996,Psychology,Social Sciences,10067,1.48,1,1,7208,3.19,29,1,1,3.13,0,-1.52
S201401893,2014,0,M,0,White,PA,INST_02,State University B (Research),research,3.83,68,1996,Psychology,Social Sciences,1181,0.174,1,0,0,3.5300000000000002,28,1,1,3.66,0,-2.826
S201401894,2014,0,F,0,Black,NY,INST_05,Urban University E (Research),research,3.16,48,1996,Psychology,Social Sciences,24552,3.611,0,0,0,2.5300000000000002,27,0,0,,1,0.611
S201401895,2014,0,F,1,Asian,TX,INST_03,Regional College C (Teaching),teaching,3.73,73,1996,Education,Other,24160,3.553,0,1,7390,3.115,30,0,0,,1,0.553
S201401896,2014,1,F,0,Hispanic,TX,INST_04,Regional College D (Teaching),teaching,3.91,59,1996,Biology,STEM,8223,1.209,1,0,0,3.415,31,0,0,,0,-1.791
S201401897,2014,0,M,0,Black,IL,INST_01,State University A (Research),research,3.1,27,1996,Public Health,Health,10302,1.515,1,1,5175,3.745,31,1,0,,0,-1.485
S201401898,2014,0,M,1,White,GA,INST_03,Regional College C (Teaching),teaching,3.37,29,1996,Education,Other,4630,0.681,1,1,4882,3.46,30,1,0,,0,-2.319
S201401899,2014,0,M,0,White,VA,INST_01,State University A (Research),research,3.5,42,1996,Finance,Business,19797,2.911,1,0,0,3.21,31,0,0,,0,-0.089
S201401900,2014,0,F,0,Unknown,CA,INST_03,Regional College C (Teaching),teaching,3.13,48,1996,Pre-Med,Health,10973,1.614,1,0,0,3.975,29,1,1,4.0,0,-1.386
S201401901,2014,1,F,0,Hispanic,MI,INST_01,State University A (Research),research,2.79,36,1996,Kinesiology,Health,8288,1.219,1,0,0,3.75,28,0,0,,0,-1.781
S201401902,2014,1,M,1,Asian,OH,INST_05,Urban University E (Research),research,3.31,69,1996,Public Health,Health,0,0.1,1,1,5233,3.88,30,0,0,,0,-2.9
S201401903,2014,0,M,1,White,TX,INST_01,State University A (Research),research,3.39,69,1996,Management,Business,16593,2.44,1,1,2573,3.63,27,1,0,,0,-0.56
S201401904,2014,1,M,0,White,CA,INST_05,Urban University E (Research),research,4.0,39,1996,Accounting,Business,10549,1.551,1,1,4852,3.6500000000000004,27,0,0,,0,-1.449
S201401905,2014,1,F,0,White,GA,INST_02,State University B (Research),research,4.0,57,1996,Marketing,Business,10373,1.525,1,1,4212,3.69,25,0,0,,0,-1.475
S201401906,2014,0,F,0,Hispanic,NY,INST_03,Regional College C (Teaching),teaching,3.36,39,1996,English,Humanities,7204,1.059,1,1,6991,3.15,33,0,0,,0,-1.941
S201401907,2014,0,F,0,White,NC,INST_04,Regional College D (Teaching),teaching,4.0,58,1996,Biology,STEM,15563,2.289,1,1,6694,3.105,31,1,0,,0,-0.711
S201401908,2014,0,M,0,Black,CA,INST_01,State University A (Research),research,3.3,80,1996,Accounting,Business,10794,1.587,1,1,5699,3.37,28,1,1,3.04,0,-1.413
S201401909,2014,0,F,0,Black,MI,INST_04,Regional College D (Teaching),teaching,3.92,35,1996,Pre-Med,Health,11708,1.722,1,1,6622,3.015,27,1,1,3.43,0,-1.278
S201401910,2014,0,M,1,Hispanic,CA,INST_04,Regional College D (Teaching),teaching,1.78,50,1996,Economics,Social Sciences,12541,1.844,1,1,6914,2.92,28,1,1,2.9,0,-1.156
S201401911,2014,0,F,0,Hispanic,OH,INST_04,Regional College D (Teaching),teaching,3.31,57,1995,Chemistry,STEM,2892,0.425,1,1,8318,3.305,29,1,0,,0,-2.575
S201401912,2014,0,M,1,White,VA,INST_02,State University B (Research),research,2.89,10,1996,Accounting,Business,24789,3.645,0,0,0,2.625,30,0,0,,1,0.645
S201401913,2014,0,F,0,Hispanic,MI,INST_05,Urban University E (Research),research,4.0,82,1996,Marketing,Business,6405,0.942,1,1,4652,3.56,30,1,1,3.45,0,-2.058
S201401914,2014,1,M,1,White,FL,INST_02,State University B (Research),research,2.88,52,1996,General Studies,Other,1879,0.276,1,1,2819,3.63,31,1,1,3.98,0,-2.724
S201401915,2014,1,M,0,White,NY,INST_02,State University B (Research),research,2.32,49,1996,Accounting,Business,14141,2.08,1,0,0,3.0300000000000002,30,0,0,,0,-0.92
S201401916,2014,1,M,1,White,NC,INST_03,Regional College C (Teaching),teaching,3.53,50,1996,Mechanical Engineering,STEM,0,0.1,1,1,5933,3.165,31,0,0,,0,-2.9
S201401917,2014,1,M,1,Black,FL,INST_05,Urban University E (Research),research,3.11,33,1996,Finance,Business,19177,2.82,1,0,0,3.495,31,0,0,,0,-0.18
S201401918,2014,1,M,1,Hispanic,FL,INST_05,Urban University E (Research),research,3.38,57,1996,Computer Science,STEM,13324,1.959,1,0,0,2.9450000000000003,31,1,0,,0,-1.041
S201401919,2014,1,M,1,Asian,MI,INST_01,State University A (Research),research,2.97,38,1996,Management,Business,14446,2.124,1,0,0,2.71,27,1,0,,0,-0.876
S201401920,2014,0,M,0,White,TX,INST_01,State University A (Research),research,4.0,93,1996,Pre-Med,Health,10380,1.526,1,1,6819,3.455,31,1,1,3.64,0,-1.474
S201401921,2014,0,F,0,Hispanic,TX,INST_04,Regional College D (Teaching),teaching,3.78,31,1996,Education,Other,21875,3.217,0,0,0,2.84,28,0,0,,1,0.217
S201401922,2014,0,M,1,Asian,FL,INST_04,Regional College D (Teaching),teaching,2.85,99,1996,Marketing,Business,19831,2.916,1,1,3988,3.76,27,1,0,,0,-0.084
S201401923,2014,1,M,0,White,PA,INST_01,State University A (Research),research,2.97,41,1996,Physics,STEM,7293,1.072,1,1,5955,3.295,28,1,0,,0,-1.928
S201401924,2014,1,F,0,White,MI,INST_03,Regional College C (Teaching),teaching,3.69,48,1996,Electrical Engineering,STEM,2183,0.321,1,1,8483,3.3200000000000003,30,0,0,,0,-2.679
S201401925,2014,1,M,0,White,GA,INST_01,State University A (Research),research,3.61,59,1996,Civil Engineering,STEM,1277,0.188,1,1,3790,3.3949999999999996,31,0,0,,0,-2.812
S201401926,2014,0,F,0,Asian,GA,INST_01,State University A (Research),research,3.36,79,1996,History,Humanities,19345,2.845,1,0,0,3.375,30,1,1,3.45,0,-0.155
S201401927,2014,0,F,0,Hispanic,MI,INST_05,Urban University E (Research),research,2.81,77,1996,Kinesiology,Health,4576,0.673,1,1,5364,3.425,30,1,1,3.34,0,-2.327
S201401928,2014,0,F,1,White,CA,INST_05,Urban University E (Research),research,2.3,35,1996,Nursing,Health,7024,1.033,1,0,0,2.58,34,1,0,,0,-1.967
S201401929,2014,0,M,0,White,OH,INST_04,Regional College D (Teaching),teaching,3.6,92,1996,Electrical Engineering,STEM,14513,2.134,1,0,0,3.7350000000000003,30,1,1,3.54,0,-0.866
S201401930,2014,0,F,0,Unknown,FL,INST_01,State University A (Research),research,1.93,40,1996,Education,Other,8590,1.263,1,1,4118,3.7350000000000003,31,1,0,,0,-1.737
S201401931,2014,0,F,0,Hispanic,PA,INST_01,State University A (Research),research,2.7,74,1996,Spanish,Humanities,8210,1.207,1,1,7740,3.06,26,0,0,,0,-1.793
S201401932,2014,1,F,0,White,NY,INST_01,State University A (Research),research,3.29,68,1996,Mathematics,STEM,0,0.1,1,0,0,3.01,27,1,0,,0,-2.9
S201401933,2014,1,M,0,Hispanic,NY,INST_05,Urban University E (Research),research,2.04,39,1996,English,Humanities,4300,0.632,1,1,7124,3.38,30,0,0,,0,-2.368
S201401934,2014,0,F,0,White,MI,INST_05,Urban University E (Research),research,2.37,47,1996,Mathematics,STEM,14678,2.159,1,1,9775,3.7,30,0,0,,0,-0.841
S201401935,2014,1,F,0,Hispanic,GA,INST_01,State University A (Research),research,2.91,57,1996,Statistics,STEM,11399,1.676,1,1,6261,3.725,27,1,1,4.0,0,-1.324
S201401936,2014,0,F,1,Hispanic,GA,INST_02,State University B (Research),research,2.98,74,1996,Management,Business,10855,1.596,1,0,0,3.56,32,0,0,,0,-1.404
S201401937,2014,0,F,1,Hispanic,NJ,INST_02,State University B (Research),research,2.75,23,1996,Economics,Social Sciences,15809,2.325,1,0,0,2.38,30,1,0,,0,-0.675
S201401938,2014,1,M,1,Multi,CA,INST_02,State University B (Research),research,2.93,45,1996,Statistics,STEM,0,0.1,1,1,6638,4.0,29,0,0,,0,-2.9
S201401939,2014,0,M,1,White,OH,INST_04,Regional College D (Teaching),teaching,3.38,31,1996,Physics,STEM,7168,1.054,1,1,4634,3.495,32,1,1,3.99,0,-1.946
S201401940,2014,1,M,0,Asian,FL,INST_04,Regional College D (Teaching),teaching,3.48,61,1996,Biomedical Engineering,STEM,3777,0.555,1,1,2933,3.98,32,1,1,4.0,0,-2.445
S201401941,2014,0,M,0,White,CA,INST_02,State University B (Research),research,2.97,51,1996,Finance,Business,21294,3.131,0,0,0,3.51,30,1,1,4.0,1,0.131
S201401942,2014,1,F,0,Hispanic,NJ,INST_02,State University B (Research),research,3.2,73,1996,Finance,Business,0,0.1,1,1,3932,3.9299999999999997,33,1,0,,0,-2.9
S201401943,2014,1,M,0,Asian,NC,INST_03,Regional College C (Teaching),teaching,3.8,18,1996,Biomedical Engineering,STEM,2124,0.312,1,1,3722,3.435,32,1,1,3.37,0,-2.688
S201401944,2014,0,F,0,Hispanic,OH,INST_03,Regional College C (Teaching),teaching,2.92,48,1996,Chemistry,STEM,28674,4.217,0,0,0,3.6550000000000002,25,1,0,,1,1.217
S201401945,2014,0,F,0,White,GA,INST_05,Urban University E (Research),research,2.75,17,1996,Chemistry,STEM,12553,1.846,1,0,0,3.045,31,0,0,,0,-1.154
S201401946,2014,1,M,0,Black,NC,INST_05,Urban University E (Research),research,3.01,62,1996,Education,Other,8787,1.292,1,1,5776,3.385,32,0,0,,0,-1.708
S201401947,2014,0,M,1,Hispanic,NJ,INST_03,Regional College C (Teaching),teaching,3.24,12,1996,Computer Science,STEM,12721,1.871,1,0,0,3.3449999999999998,30,0,0,,0,-1.129
S201401948,2014,0,F,0,White,NJ,INST_05,Urban University E (Research),research,3.21,77,1996,Management,Business,11785,1.733,1,1,6965,3.2800000000000002,31,1,0,,0,-1.267
S201401949,2014,1,M,1,White,IL,INST_05,Urban University E (Research),research,2.17,73,1996,Biology,STEM,0,0.1,1,1,5256,3.385,30,0,0,,0,-2.9
S201401950,2014,1,F,0,White,OH,INST_04,Regional College D (Teaching),teaching,2.67,42,1996,Economics,Social Sciences,11405,1.677,1,1,6635,3.45,28,0,0,,0,-1.323
S201401951,2014,0,F,0,White,PA,INST_04,Regional College D (Teaching),teaching,3.48,58,1996,English,Humanities,0,0.1,1,0,0,3.045,27,1,0,,0,-2.9
S201401952,2014,0,F,0,Unknown,OH,INST_04,Regional College D (Teaching),teaching,2.09,55,1996,Accounting,Business,19268,2.834,1,1,7236,2.98,33,0,0,,0,-0.166
S201401953,2014,0,M,0,White,NY,INST_02,State University B (Research),research,2.92,60,1996,Management,Business,14634,2.152,1,0,0,3.3,28,1,1,4.0,0,-0.848
S201401954,2014,0,F,0,White,MI,INST_04,Regional College D (Teaching),teaching,3.38,72,1996,Economics-Bus,Business,14234,2.093,1,1,5819,3.79,33,0,0,,0,-0.907
S201401955,2014,0,F,0,White,TX,INST_02,State University B (Research),research,3.35,37,1996,Biomedical Engineering,STEM,9232,1.358,1,1,6431,3.105,31,1,1,2.72,0,-1.642
S201401956,2014,1,M,1,White,GA,INST_02,State University B (Research),research,2.51,45,1996,Accounting,Business,8901,1.309,1,1,4523,3.8899999999999997,31,0,0,,0,-1.691
S201401957,2014,0,F,0,White,NC,INST_03,Regional College C (Teaching),teaching,2.6,39,1996,Computer Science,STEM,13266,1.951,1,0,0,3.045,30,0,0,,0,-1.049
S201401958,2014,1,M,1,Black,TX,INST_05,Urban University E (Research),research,3.02,62,1996,Undeclared,Other,13533,1.99,1,1,6294,3.855,31,1,1,3.56,0,-1.01
S201401959,2014,1,F,0,White,PA,INST_02,State University B (Research),research,2.76,77,1996,Economics,Social Sciences,5848,0.86,1,0,0,3.13,31,0,0,,0,-2.14
S201401960,2014,0,F,0,Hispanic,MI,INST_03,Regional College C (Teaching),teaching,3.84,61,1996,Education,Other,5768,0.848,1,1,8728,3.715,28,0,0,,0,-2.152
S201401961,2014,0,M,0,Asian,NJ,INST_01,State University A (Research),research,3.52,34,1996,Nursing,Health,7982,1.174,1,1,6685,3.575,32,0,0,,0,-1.826
S201401962,2014,0,M,0,White,FL,INST_01,State University A (Research),research,2.78,57,1996,Psychology,Social Sciences,15188,2.234,1,0,0,3.0250000000000004,28,0,0,,0,-0.766
S201401963,2014,0,M,0,White,CA,INST_01,State University A (Research),research,3.77,60,1996,Education,Other,3254,0.479,1,0,0,2.895,28,0,0,,0,-2.521
S201401964,2014,0,M,0,Black,IL,INST_02,State University B (Research),research,3.15,90,1996,Nursing,Health,5300,0.779,1,0,0,2.71,31,0,0,,0,-2.221
S201401965,2014,1,M,0,Hispanic,FL,INST_04,Regional College D (Teaching),teaching,2.86,56,1996,Kinesiology,Health,7154,1.052,1,1,6594,3.045,31,1,1,3.04,0,-1.948
S201401966,2014,0,M,0,White,MI,INST_01,State University A (Research),research,2.7,51,1996,Communications,Other,11170,1.643,1,1,6090,3.9699999999999998,30,0,0,,0,-1.357
S201401967,2014,0,F,0,White,NC,INST_03,Regional College C (Teaching),teaching,3.31,50,1996,Physics,STEM,2690,0.396,1,0,0,2.415,30,0,0,,0,-2.604
S201401968,2014,0,M,0,Black,VA,INST_02,State University B (Research),research,2.09,78,1996,Nursing,Health,25637,3.77,0,0,0,2.96,28,1,1,2.73,1,0.77
S201401969,2014,0,F,0,White,GA,INST_04,Regional College D (Teaching),teaching,3.67,71,1996,Sociology,Social Sciences,17068,2.51,1,0,0,2.935,28,1,1,3.4,0,-0.49
S201401970,2014,1,M,0,Hispanic,TX,INST_02,State University B (Research),research,3.65,76,1996,General Studies,Other,12220,1.797,1,0,0,3.4699999999999998,28,0,0,,0,-1.203
S201401971,2014,0,M,0,Black,NJ,INST_04,Regional College D (Teaching),teaching,3.21,59,1996,Chemistry,STEM,12706,1.869,1,1,4441,3.42,28,1,1,3.97,0,-1.131
S201401972,2014,1,F,0,White,VA,INST_01,State University A (Research),research,2.47,56,1996,Political Science,Social Sciences,22259,3.273,0,0,0,2.54,28,1,1,2.97,1,0.273
S201401973,2014,1,M,0,White,GA,INST_04,Regional College D (Teaching),teaching,2.59,53,1996,Political Science,Social Sciences,21961,3.23,0,1,6220,2.075,34,1,0,,1,0.23
S201401974,2014,1,M,1,White,FL,INST_05,Urban University E (Research),research,2.77,53,1996,Mathematics,STEM,0,0.1,1,1,7049,3.3449999999999998,30,0,0,,0,-2.9
S201401975,2014,1,F,0,White,GA,INST_03,Regional College C (Teaching),teaching,2.72,63,1996,Pre-Med,Health,6128,0.901,1,1,5163,3.695,29,0,0,,0,-2.099
S201401976,2014,0,F,0,Black,OH,INST_04,Regional College D (Teaching),teaching,2.75,12,1996,History,Humanities,20025,2.945,1,1,6627,2.565,30,1,1,3.13,0,-0.055
S201401977,2014,0,F,0,White,IL,INST_03,Regional College C (Teaching),teaching,3.64,24,1996,Communications,Other,17250,2.537,1,1,5088,3.21,30,1,1,3.24,0,-0.463
S201401978,2014,1,F,0,White,OH,INST_02,State University B (Research),research,3.73,72,1996,Nursing,Health,9456,1.391,1,0,0,3.5949999999999998,34,1,0,,0,-1.609
S201401979,2014,0,M,0,Black,IL,INST_05,Urban University E (Research),research,4.0,57,1996,Sociology,Social Sciences,7657,1.126,1,1,6132,3.425,25,0,0,,0,-1.874
S201401980,2014,1,M,0,Hispanic,MI,INST_03,Regional College C (Teaching),teaching,3.69,39,1996,Public Health,Health,5005,0.736,1,1,4646,3.52,26,0,0,,0,-2.264
S201401981,2014,0,F,0,Black,CA,INST_03,Regional College C (Teaching),teaching,2.64,58,1996,Spanish,Humanities,8162,1.2,1,1,6240,2.71,31,1,1,2.53,0,-1.8
S201401982,2014,0,F,0,Asian,TX,INST_04,Regional College D (Teaching),teaching,3.21,47,1996,Biomedical Engineering,STEM,717,0.105,1,1,5923,3.5700000000000003,27,0,0,,0,-2.895
S201401983,2014,1,F,0,Asian,CA,INST_01,State University A (Research),research,3.54,64,1996,English,Humanities,8480,1.247,1,0,0,3.21,36,1,0,,0,-1.753
S201401984,2014,1,M,0,White,MI,INST_02,State University B (Research),research,3.52,61,1996,Kinesiology,Health,0,0.1,1,0,0,3.555,31,1,1,3.83,0,-2.9
S201401985,2014,1,F,0,White,NJ,INST_01,State University A (Research),research,3.09,40,1996,Civil Engineering,STEM,11312,1.664,1,0,0,3.51,32,0,0,,0,-1.336
S201401986,2014,0,M,0,AIAN,CA,INST_04,Regional College D (Teaching),teaching,3.19,45,1996,Accounting,Business,6551,0.963,1,0,0,3.21,32,0,0,,0,-2.037
S201401987,2014,0,M,0,White,OH,INST_03,Regional College C (Teaching),teaching,4.0,74,1996,Nursing,Health,17768,2.613,1,1,5964,3.3499999999999996,34,0,0,,0,-0.387
S201401988,2014,0,F,1,Black,OH,INST_02,State University B (Research),research,4.0,83,1996,Economics,Social Sciences,20210,2.972,1,0,0,3.87,30,1,0,,0,-0.028
S201401989,2014,1,F,0,Black,NC,INST_04,Regional College D (Teaching),teaching,3.43,74,1996,Pre-Med,Health,4500,0.662,1,1,5430,3.9050000000000002,34,1,1,4.0,0,-2.338
S201401990,2014,1,F,0,White,NY,INST_01,State University A (Research),research,3.51,50,1996,Accounting,Business,6439,0.947,1,1,4179,4.0,28,0,0,,0,-2.053
S201401991,2014,0,F,1,White,TX,INST_05,Urban University E (Research),research,3.17,49,1996,Statistics,STEM,14784,2.174,1,1,4754,3.645,30,1,0,,0,-0.826
S201401992,2014,0,F,0,White,CA,INST_02,State University B (Research),research,3.61,44,1996,Political Science,Social Sciences,26692,3.925,0,0,0,3.3049999999999997,28,0,0,,1,0.925
S201401993,2014,0,F,0,White,TX,INST_05,Urban University E (Research),research,2.79,85,1996,Nursing,Health,6545,0.962,1,1,6715,3.955,32,0,0,,0,-2.038
S201401994,2014,1,M,0,Hispanic,IL,INST_03,Regional College C (Teaching),teaching,3.1,34,1996,Statistics,STEM,8939,1.315,1,1,6555,2.985,29,0,0,,0,-1.685
S201401995,2014,0,F,0,White,MI,INST_01,State University A (Research),research,2.76,22,1996,Management,Business,26309,3.869,0,0,0,2.71,28,0,0,,1,0.869
S201401996,2014,1,M,0,White,NJ,INST_03,Regional College C (Teaching),teaching,3.38,62,1996,Accounting,Business,9548,1.404,1,1,8140,3.9299999999999997,29,0,0,,0,-1.596
S201401997,2014,1,M,1,White,OH,INST_04,Regional College D (Teaching),teaching,3.62,40,1996,Sociology,Social Sciences,1493,0.22,1,1,6413,4.0,24,0,0,,0,-2.78
S201401998,2014,0,F,0,Multi,VA,INST_04,Regional College D (Teaching),teaching,2.33,34,1996,Nursing,Health,8786,1.292,1,1,6055,3.7350000000000003,30,1,1,3.63,0,-1.708
S201401999,2014,0,F,0,White,GA,INST_05,Urban University E (Research),research,3.19,67,1996,Economics,Social Sciences,14093,2.072,1,0,0,2.44,34,1,0,,0,-0.928
S201402000,2014,0,F,0,Black,OH,INST_04,Regional College D (Teaching),teaching,3.6,47,1996,Computer Science,STEM,19042,2.8,1,1,5809,4.0,30,0,0,,0,-0.2
S201402001,2014,1,F,0,Asian,OH,INST_04,Regional College D (Teaching),teaching,3.96,65,1996,Education,Other,9317,1.37,1,0,0,3.135,33,0,0,,0,-1.63
S201402002,2014,0,F,0,White,GA,INST_01,State University A (Research),research,3.69,28,1996,English,Humanities,24648,3.625,0,0,0,3.6399999999999997,31,1,0,,1,0.625
S201402003,2014,0,M,1,Multi,NJ,INST_01,State University A (Research),research,3.62,63,1996,Computer Science,STEM,24939,3.668,0,0,0,2.795,27,1,1,2.66,1,0.668
S201402004,2014,0,F,0,Black,CA,INST_03,Regional College C (Teaching),teaching,3.33,44,1996,Finance,Business,3085,0.454,1,1,7046,3.2199999999999998,34,1,1,3.07,0,-2.546
S201402005,2014,0,F,0,White,TX,INST_03,Regional College C (Teaching),teaching,2.76,21,1996,Biomedical Engineering,STEM,9226,1.357,1,1,4697,2.24,31,0,0,,0,-1.643
S201402006,2014,0,F,0,White,GA,INST_05,Urban University E (Research),research,3.42,57,1996,Mechanical Engineering,STEM,26178,3.85,0,0,0,3.26,29,1,1,3.31,1,0.85
S201402007,2014,1,M,1,White,CA,INST_05,Urban University E (Research),research,3.05,34,1996,Management,Business,3136,0.461,1,0,0,2.7750000000000004,29,1,1,3.13,0,-2.539
S201402008,2014,0,M,0,Asian,MI,INST_02,State University B (Research),research,4.0,36,1996,Statistics,STEM,10768,1.584,1,1,7148,3.755,25,1,1,3.23,0,-1.416
S201402009,2014,1,F,0,White,CA,INST_05,Urban University E (Research),research,3.14,57,1996,Art History,Humanities,0,0.1,1,1,7717,3.105,27,1,1,3.22,0,-2.9
S201402010,2014,0,F,0,Black,TX,INST_03,Regional College C (Teaching),teaching,3.65,73,1996,Economics-Bus,Business,9442,1.389,1,1,3493,4.0,28,0,0,,0,-1.611
S201402011,2014,0,F,1,Hispanic,GA,INST_02,State University B (Research),research,3.14,56,1996,Finance,Business,1345,0.198,1,1,4111,3.54,30,0,0,,0,-2.802
S201402012,2014,0,F,1,White,MI,INST_01,State University A (Research),research,3.49,76,1996,Management,Business,4028,0.592,1,0,0,2.91,27,1,0,,0,-2.408
S201402013,2014,0,M,0,White,FL,INST_02,State University B (Research),research,3.51,42,1996,Anthropology,Social Sciences,9436,1.388,1,1,5809,3.555,28,0,0,,0,-1.612
S201402014,2014,0,F,1,White,FL,INST_02,State University B (Research),research,4.0,34,1996,Education,Other,11711,1.722,1,1,5655,4.0,28,1,1,3.69,0,-1.278
S201402015,2014,0,M,1,White,NC,INST_02,State University B (Research),research,2.72,22,1996,Mathematics,STEM,18120,2.665,1,1,4958,2.66,29,1,1,3.24,0,-0.335
S201402016,2014,0,F,0,White,VA,INST_04,Regional College D (Teaching),teaching,3.88,43,1996,Chemistry,STEM,14107,2.075,1,0,0,3.39,28,0,0,,0,-0.925
S201402017,2014,0,F,1,White,GA,INST_02,State University B (Research),research,3.84,82,1996,Philosophy,Humanities,11191,1.646,1,1,8075,3.9450000000000003,31,0,0,,0,-1.354
S201402018,2014,0,M,0,White,NC,INST_01,State University A (Research),research,3.95,39,1996,Accounting,Business,7072,1.04,1,1,3497,3.615,28,0,0,,0,-1.96
S201402019,2014,1,F,1,White,FL,INST_05,Urban University E (Research),research,2.85,43,1996,Psychology,Social Sciences,1103,0.162,1,1,5510,3.4450000000000003,30,0,0,,0,-2.838
S201402020,2014,1,F,0,Asian,IL,INST_05,Urban University E (Research),research,3.69,11,1996,Nursing,Health,14707,2.163,1,1,4846,3.425,31,0,0,,0,-0.837
S201402021,2014,0,M,1,White,VA,INST_01,State University A (Research),research,3.88,70,1996,Education,Other,4512,0.664,1,1,6754,3.785,32,1,1,3.94,0,-2.336
S201402022,2014,0,F,0,Hispanic,NY,INST_03,Regional College C (Teaching),teaching,3.06,72,1996,Political Science,Social Sciences,9167,1.348,1,0,0,3.44,31,0,0,,0,-1.652
S201402023,2014,1,F,0,White,NY,INST_02,State University B (Research),research,3.2,92,1996,Electrical Engineering,STEM,11336,1.667,1,0,0,3.33,30,0,0,,0,-1.333
S201402024,2014,0,M,0,White,VA,INST_03,Regional College C (Teaching),teaching,3.6,19,1996,Spanish,Humanities,22,0.1,1,0,0,2.73,29,1,0,,0,-2.9
S201402025,2014,0,M,0,White,NC,INST_02,State University B (Research),research,3.93,49,1996,Undeclared,Other,2720,0.4,1,1,4354,3.325,30,1,1,3.77,0,-2.6
S201402026,2014,0,F,0,Asian,TX,INST_02,State University B (Research),research,3.82,80,1996,Philosophy,Humanities,14985,2.204,1,0,0,3.9,28,0,0,,0,-0.796
S201402027,2014,0,F,0,Hispanic,TX,INST_05,Urban University E (Research),research,3.56,34,1996,Marketing,Business,10362,1.524,1,1,9551,3.2,28,1,0,,0,-1.476
S201402028,2014,0,M,1,White,GA,INST_01,State University A (Research),research,3.79,41,1996,Accounting,Business,10308,1.516,1,0,0,3.23,31,1,0,,0,-1.484
S201402029,2014,1,M,0,White,CA,INST_01,State University A (Research),research,2.83,69,1996,Political Science,Social Sciences,14412,2.119,1,0,0,2.2800000000000002,31,1,1,2.75,0,-0.881
S201402030,2014,0,M,0,White,CA,INST_05,Urban University E (Research),research,3.87,66,1996,Political Science,Social Sciences,17983,2.645,1,1,4618,3.4450000000000003,32,1,0,,0,-0.355
S201402031,2014,1,F,1,Asian,FL,INST_03,Regional College C (Teaching),teaching,2.49,44,1996,Statistics,STEM,2906,0.427,1,1,5757,3.15,32,1,1,3.05,0,-2.573
S201402032,2014,0,F,1,Asian,NC,INST_02,State University B (Research),research,3.25,43,1996,Economics-Bus,Business,539,0.1,1,1,3546,3.67,25,1,0,,0,-2.9
S201402033,2014,1,M,0,White,GA,INST_01,State University A (Research),research,2.58,33,1996,Biology,STEM,1288,0.189,1,1,5025,3.115,32,1,0,,0,-2.811
S201402034,2014,0,F,0,White,NJ,INST_05,Urban University E (Research),research,3.48,33,1996,Philosophy,Humanities,21046,3.095,0,0,0,3.115,28,0,0,,1,0.095
S201402035,2014,0,M,0,Black,TX,INST_02,State University B (Research),research,2.84,81,1996,History,Humanities,16226,2.386,1,1,7313,3.875,31,1,1,4.0,0,-0.614
S201402036,2014,0,F,1,White,NC,INST_05,Urban University E (Research),research,3.91,49,1996,Biology,STEM,1598,0.235,1,1,5908,3.6550000000000002,31,1,1,3.6,0,-2.765
S201402037,2014,0,F,1,White,GA,INST_02,State University B (Research),research,3.05,58,1996,Nursing,Health,6822,1.003,1,1,7470,3.88,31,0,0,,0,-1.997
S201402038,2014,1,F,1,White,IL,INST_04,Regional College D (Teaching),teaching,4.0,40,1995,Civil Engineering,STEM,0,0.1,1,0,0,3.375,30,1,1,3.43,0,-2.9
S201402039,2014,0,F,0,NHPI,OH,INST_03,Regional College C (Teaching),teaching,2.81,44,1996,Pre-Med,Health,18588,2.734,1,0,0,3.22,30,1,1,3.84,0,-0.266
S201402040,2014,1,M,0,White,CA,INST_05,Urban University E (Research),research,3.17,81,1996,Education,Other,0,0.1,1,1,7223,3.9850000000000003,31,1,0,,0,-2.9
S201402041,2014,0,M,1,Hispanic,NJ,INST_04,Regional College D (Teaching),teaching,2.83,61,1996,Economics,Social Sciences,10500,1.544,1,0,0,2.995,32,0,0,,0,-1.456
S201402042,2014,0,F,0,Black,PA,INST_05,Urban University E (Research),research,2.85,74,1996,Sociology,Social Sciences,8795,1.293,1,1,6372,3.6799999999999997,28,0,0,,0,-1.707
S201402043,2014,0,M,1,White,NC,INST_04,Regional College D (Teaching),teaching,2.98,64,1996,Physics,STEM,10609,1.56,1,1,5869,3.885,31,1,0,,0,-1.44
S201402044,2014,0,F,0,White,NJ,INST_04,Regional College D (Teaching),teaching,3.95,54,1996,Civil Engineering,STEM,17614,2.59,1,1,7248,3.165,30,1,0,,0,-0.41
S201402045,2014,0,M,0,White,CA,INST_05,Urban University E (Research),research,3.38,75,1996,Kinesiology,Health,17282,2.541,1,1,6397,3.685,27,1,1,3.69,0,-0.459
S201402046,2014,0,F,0,White,MI,INST_05,Urban University E (Research),research,2.7,66,1996,Sociology,Social Sciences,7067,1.039,1,1,3537,2.88,31,1,0,,0,-1.961
S201402047,2014,1,F,0,Hispanic,MI,INST_03,Regional College C (Teaching),teaching,3.35,56,1996,Psychology,Social Sciences,7183,1.056,1,1,6375,3.085,27,1,0,,0,-1.944
S201402048,2014,1,F,1,Black,OH,INST_05,Urban University E (Research),research,3.11,41,1996,Spanish,Humanities,2740,0.403,1,0,0,2.835,27,1,1,2.84,0,-2.597
S201402049,2014,0,M,0,Black,TX,INST_02,State University B (Research),research,3.36,64,1996,Mechanical Engineering,STEM,9261,1.362,1,1,5885,3.705,29,1,1,4.0,0,-1.638
S201402050,2014,0,F,1,White,GA,INST_01,State University A (Research),research,3.65,51,1996,Biomedical Engineering,STEM,15354,2.258,1,0,0,3.26,29,1,0,,0,-0.742
S201402051,2014,0,M,1,White,NJ,INST_02,State University B (Research),research,3.33,64,1996,Economics-Bus,Business,6513,0.958,1,1,4060,3.605,30,1,1,3.83,0,-2.042
S201402052,2014,1,F,0,NHPI,NJ,INST_02,State University B (Research),research,2.75,67,1996,Finance,Business,0,0.1,1,0,0,3.81,27,1,1,3.64,0,-2.9
S201402053,2014,1,F,0,White,MI,INST_03,Regional College C (Teaching),teaching,3.2,55,1996,Kinesiology,Health,14854,2.184,1,1,7515,3.7649999999999997,32,0,0,,0,-0.816
S201402054,2014,0,M,1,White,VA,INST_05,Urban University E (Research),research,3.42,37,1996,Psychology,Social Sciences,16941,2.491,1,1,8254,4.0,27,0,0,,0,-0.509
S201402055,2014,1,F,0,White,TX,INST_03,Regional College C (Teaching),teaching,2.67,47,1996,Undeclared,Other,19036,2.799,1,1,8337,3.75,33,0,0,,0,-0.201
S201402056,2014,0,F,0,White,TX,INST_01,State University A (Research),research,3.24,34,1996,Pre-Med,Health,9188,1.351,1,0,0,2.6849999999999996,29,1,1,2.77,0,-1.649
S201402057,2014,0,F,0,Black,MI,INST_01,State University A (Research),research,3.5,40,1996,Art History,Humanities,6189,0.91,1,1,3278,3.4050000000000002,29,1,1,3.59,0,-2.09
S201402058,2014,1,F,0,Black,VA,INST_04,Regional College D (Teaching),teaching,3.38,38,1996,Pre-Med,Health,7056,1.038,1,1,4045,3.075,30,0,0,,0,-1.962
S201402059,2014,0,M,0,Black,NY,INST_04,Regional College D (Teaching),teaching,2.69,76,1996,Art History,Humanities,3686,0.542,1,1,6006,3.315,27,1,0,,0,-2.458
S201402060,2014,1,F,0,White,GA,INST_03,Regional College C (Teaching),teaching,3.61,80,1996,Biology,STEM,7725,1.136,1,1,7215,3.29,30,1,0,,0,-1.864
S201402061,2014,1,F,0,White,IL,INST_01,State University A (Research),research,2.26,61,1996,Civil Engineering,STEM,4567,0.672,1,1,5332,3.8049999999999997,30,1,0,,0,-2.328
S201402062,2014,0,F,0,White,FL,INST_01,State University A (Research),research,3.8,64,1996,Physics,STEM,9385,1.38,1,1,4290,3.285,31,1,0,,0,-1.62
S201402063,2014,1,F,0,White,NY,INST_01,State University A (Research),research,2.72,51,1996,General Studies,Other,0,0.1,1,1,5036,3.26,26,1,0,,0,-2.9
S201402064,2014,0,F,0,White,PA,INST_01,State University A (Research),research,2.85,44,1996,Pre-Med,Health,8389,1.234,1,1,2673,3.135,29,1,0,,0,-1.766
S201402065,2014,0,F,0,White,NJ,INST_01,State University A (Research),research,3.32,44,1996,Pre-Med,Health,14555,2.14,1,1,7883,3.41,28,0,0,,0,-0.86
S201402066,2014,0,F,0,White,NY,INST_04,Regional College D (Teaching),teaching,3.4,36,1996,Undeclared,Other,5327,0.783,1,1,4524,3.23,32,1,1,3.59,0,-2.217
S201402067,2014,0,F,0,White,PA,INST_03,Regional College C (Teaching),teaching,3.66,48,1996,Public Health,Health,13675,2.011,1,1,7523,3.675,32,0,0,,0,-0.989
S201402068,2014,0,M,0,White,NJ,INST_03,Regional College C (Teaching),teaching,3.22,50,1996,Civil Engineering,STEM,13511,1.987,1,1,4409,3.595,28,0,0,,0,-1.013
S201402069,2014,1,M,1,Multi,CA,INST_02,State University B (Research),research,3.36,31,1996,Finance,Business,7281,1.071,1,0,0,3.365,32,1,0,,0,-1.929
S201402070,2014,1,F,0,Hispanic,MI,INST_03,Regional College C (Teaching),teaching,2.82,48,1996,Undeclared,Other,13498,1.985,1,1,8484,3.135,30,0,0,,0,-1.015
S201402071,2014,1,F,0,White,NY,INST_01,State University A (Research),research,1.68,3,1996,Economics,Social Sciences,21235,3.123,0,0,0,1.95,31,0,0,,1,0.123
S201402072,2014,0,F,0,White,NC,INST_01,State University A (Research),research,3.7,46,1996,Pre-Med,Health,769,0.113,1,0,0,3.55,29,0,0,,0,-2.887
S201402073,2014,1,F,1,White,NJ,INST_04,Regional College D (Teaching),teaching,3.11,30,1996,Public Health,Health,0,0.1,1,1,5634,3.9699999999999998,32,1,1,4.0,0,-2.9
S201402074,2014,1,F,0,Black,NC,INST_03,Regional College C (Teaching),teaching,4.0,70,1996,Economics-Bus,Business,16076,2.364,1,1,4866,2.95,28,1,1,3.26,0,-0.636
S201402075,2014,0,F,1,Hispanic,OH,INST_04,Regional College D (Teaching),teaching,3.77,62,1996,Chemistry,STEM,10961,1.612,1,0,0,3.46,31,1,1,3.57,0,-1.388
S201402076,2014,0,M,0,Hispanic,CA,INST_04,Regional College D (Teaching),teaching,2.94,31,1996,Pre-Med,Health,10248,1.507,1,1,8148,3.41,30,0,0,,0,-1.493
S201402077,2014,0,M,1,White,MI,INST_01,State University A (Research),research,4.0,22,1996,Chemistry,STEM,14663,2.156,1,0,0,3.175,28,1,1,3.13,0,-0.844
S201402078,2014,1,F,1,Hispanic,FL,INST_02,State University B (Research),research,3.21,80,1996,Economics,Social Sciences,18647,2.742,1,1,7169,3.45,30,1,1,3.78,0,-0.258
S201402079,2014,0,M,0,White,TX,INST_05,Urban University E (Research),research,3.31,27,1996,Electrical Engineering,STEM,5855,0.861,1,1,3844,2.66,28,1,0,,0,-2.139
S201402080,2014,0,F,1,White,NC,INST_04,Regional College D (Teaching),teaching,3.96,42,1996,Physics,STEM,6036,0.888,1,0,0,3.295,31,1,1,3.55,0,-2.112
S201402081,2014,1,M,1,White,OH,INST_02,State University B (Research),research,3.1,50,1996,Art History,Humanities,3472,0.511,1,0,0,3.285,32,1,0,,0,-2.489
S201402082,2014,0,F,1,Asian,TX,INST_05,Urban University E (Research),research,3.15,55,1995,Political Science,Social Sciences,4598,0.676,1,1,4904,3.09,31,1,0,,0,-2.324
S201402083,2014,0,M,0,Hispanic,IL,INST_04,Regional College D (Teaching),teaching,2.99,41,1996,Computer Science,STEM,10240,1.506,1,1,4750,3.84,31,1,1,4.0,0,-1.494
S201402084,2014,0,M,0,Hispanic,PA,INST_03,Regional College C (Teaching),teaching,3.51,56,1996,Art History,Humanities,8460,1.244,1,1,4779,3.185,31,1,0,,0,-1.756
S201402085,2014,0,M,1,AIAN,TX,INST_04,Regional College D (Teaching),teaching,2.71,39,1996,Pre-Med,Health,6066,0.892,1,0,0,2.7699999999999996,29,1,0,,0,-2.108
S201402086,2014,0,F,0,Asian,FL,INST_04,Regional College D (Teaching),teaching,3.08,18,1996,Sociology,Social Sciences,7988,1.175,1,0,0,2.58,30,0,0,,0,-1.825
S201402087,2014,1,M,0,White,FL,INST_03,Regional College C (Teaching),teaching,3.32,49,1996,Statistics,STEM,1748,0.257,1,1,6431,3.9,30,1,0,,0,-2.743
S201402088,2014,0,M,0,Asian,TX,INST_04,Regional College D (Teaching),teaching,3.66,50,1996,General Studies,Other,8627,1.269,1,1,6269,3.6799999999999997,31,1,1,3.28,0,-1.731
S201402089,2014,1,M,0,Hispanic,FL,INST_04,Regional College D (Teaching),teaching,2.75,48,1996,Economics,Social Sciences,850,0.125,1,1,6592,3.37,30,0,0,,0,-2.875
S201402090,2014,1,M,0,Black,NJ,INST_03,Regional College C (Teaching),teaching,3.98,41,1996,Nursing,Health,4875,0.717,1,1,6557,3.9,28,1,0,,0,-2.283
S201402091,2014,1,F,0,Hispanic,OH,INST_02,State University B (Research),research,3.64,61,1996,Political Science,Social Sciences,7817,1.15,1,1,6576,3.2350000000000003,30,0,0,,0,-1.85
S201402092,2014,0,M,1,White,PA,INST_03,Regional College C (Teaching),teaching,3.0,70,1996,Pre-Med,Health,7162,1.053,1,1,6694,3.215,29,0,0,,0,-1.947
S201402093,2014,1,F,1,Asian,PA,INST_01,State University A (Research),research,3.13,52,1996,History,Humanities,2713,0.399,1,1,4856,3.19,30,0,0,,0,-2.601
S201402094,2014,0,F,1,Black,PA,INST_03,Regional College C (Teaching),teaching,3.71,39,1996,Sociology,Social Sciences,7877,1.158,1,1,5659,3.565,30,1,0,,0,-1.842
S201402095,2014,0,M,0,White,NJ,INST_03,Regional College C (Teaching),teaching,3.17,42,1996,Marketing,Business,2736,0.402,1,1,7532,2.815,30,1,0,,0,-2.598
S201402096,2014,1,F,0,White,FL,INST_05,Urban University E (Research),research,3.51,54,1996,Communications,Other,0,0.1,1,0,0,3.6550000000000002,34,0,0,,0,-2.9
S201402097,2014,0,M,0,White,TX,INST_01,State University A (Research),research,3.03,75,1996,Art History,Humanities,9492,1.396,1,1,4637,4.0,31,1,1,4.0,0,-1.604
S201402098,2014,0,F,1,Hispanic,FL,INST_02,State University B (Research),research,3.84,69,1996,Pre-Med,Health,24018,3.532,0,0,0,3.135,31,0,0,,1,0.532
S201402099,2014,0,F,0,Black,TX,INST_01,State University A (Research),research,3.26,37,1996,Management,Business,5635,0.829,1,0,0,2.735,28,1,0,,0,-2.171
S201402100,2014,1,F,1,Asian,NY,INST_01,State University A (Research),research,3.24,32,1996,Public Health,Health,17825,2.621,1,1,4033,3.4699999999999998,31,1,0,,0,-0.379
S201402101,2014,0,F,0,Black,FL,INST_05,Urban University E (Research),research,3.3,74,1996,Biomedical Engineering,STEM,0,0.1,1,1,4549,2.775,28,0,0,,0,-2.9
S201402102,2014,0,F,0,Multi,GA,INST_03,Regional College C (Teaching),teaching,2.68,9,1996,Civil Engineering,STEM,13834,2.034,1,1,5698,2.665,32,1,0,,0,-0.966
S201402103,2014,0,M,0,White,VA,INST_03,Regional College C (Teaching),teaching,2.26,49,1996,Marketing,Business,6221,0.915,1,0,0,3.085,30,1,0,,0,-2.085
S201402104,2014,1,M,0,White,PA,INST_04,Regional College D (Teaching),teaching,3.09,36,1996,Accounting,Business,0,0.1,1,0,0,2.81,29,1,0,,0,-2.9
S201402105,2014,0,F,0,White,VA,INST_03,Regional College C (Teaching),teaching,3.38,68,1996,Civil Engineering,STEM,13735,2.02,1,0,0,2.6500000000000004,33,0,0,,0,-0.98
S201402106,2014,0,F,0,White,TX,INST_01,State University A (Research),research,3.72,36,1996,Biomedical Engineering,STEM,4710,0.693,1,1,6335,2.545,25,1,1,3.2,0,-2.307
S201402107,2014,0,M,0,White,FL,INST_01,State University A (Research),research,3.3,46,1996,Statistics,STEM,9039,1.329,1,0,0,3.185,34,1,1,4.0,0,-1.671
S201402108,2014,0,F,0,Hispanic,NC,INST_05,Urban University E (Research),research,3.69,70,1996,Economics-Bus,Business,19276,2.835,1,1,5723,3.71,28,1,1,3.57,0,-0.165
S201402109,2014,1,M,1,White,CA,INST_01,State University A (Research),research,1.94,68,1996,History,Humanities,0,0.1,1,1,5532,3.035,28,1,0,,0,-2.9
S201402110,2014,0,M,0,White,NC,INST_03,Regional College C (Teaching),teaching,3.46,35,1996,Pre-Med,Health,26764,3.936,0,0,0,2.83,31,1,1,3.21,1,0.936
S201402111,2014,0,M,0,Hispanic,OH,INST_02,State University B (Research),research,3.71,38,1996,Anthropology,Social Sciences,9013,1.325,1,1,5304,2.9400000000000004,30,1,1,3.54,0,-1.675
S201402112,2014,0,M,0,Asian,CA,INST_05,Urban University E (Research),research,3.39,72,1996,Psychology,Social Sciences,3546,0.521,1,1,4795,3.06,31,1,1,3.7,0,-2.479
S201402113,2014,0,F,0,White,NC,INST_03,Regional College C (Teaching),teaching,3.96,35,1996,Mechanical Engineering,STEM,5716,0.841,1,1,4376,3.785,28,0,0,,0,-2.159
S201402114,2014,0,M,0,Asian,FL,INST_01,State University A (Research),research,3.1,47,1996,Pre-Med,Health,16800,2.471,1,1,7247,3.395,27,0,0,,0,-0.529
S201402115,2014,0,F,0,Asian,TX,INST_02,State University B (Research),research,3.32,92,1996,Economics-Bus,Business,14437,2.123,1,1,4197,3.455,30,1,1,3.62,0,-0.877
S201402116,2014,0,F,0,White,NY,INST_03,Regional College C (Teaching),teaching,3.24,30,1996,Economics,Social Sciences,13967,2.054,1,1,5972,3.125,34,0,0,,0,-0.946
S201402117,2014,0,F,0,Hispanic,IL,INST_05,Urban University E (Research),research,4.0,39,1996,Finance,Business,13269,1.951,1,1,5524,3.255,25,1,1,3.76,0,-1.049
S201402118,2014,1,F,0,Hispanic,VA,INST_03,Regional College C (Teaching),teaching,3.92,86,1996,Computer Science,STEM,5619,0.826,1,1,3189,3.9050000000000002,28,1,1,4.0,0,-2.174
S201402119,2014,1,NB,0,Black,MI,INST_05,Urban University E (Research),research,3.91,59,1996,Finance,Business,7691,1.131,1,1,5987,3.9699999999999998,31,1,1,3.66,0,-1.869
S201402120,2014,0,F,0,White,NJ,INST_03,Regional College C (Teaching),teaching,3.42,50,1996,Spanish,Humanities,0,0.1,1,1,4912,3.615,30,1,0,,0,-2.9
S201402121,2014,1,M,0,White,NY,INST_05,Urban University E (Research),research,2.79,46,1996,Biology,STEM,12840,1.888,1,1,7519,2.955,31,0,0,,0,-1.112
S201402122,2014,0,M,0,White,NY,INST_02,State University B (Research),research,3.62,60,1996,Sociology,Social Sciences,16555,2.435,1,1,4765,3.8899999999999997,30,1,0,,0,-0.565
S201402123,2014,0,F,0,Multi,VA,INST_04,Regional College D (Teaching),teaching,2.83,49,1996,Marketing,Business,19296,2.838,1,0,0,2.9850000000000003,28,1,1,2.74,0,-0.162
S201402124,2014,0,F,0,Hispanic,NJ,INST_01,State University A (Research),research,3.25,42,1996,Public Health,Health,15733,2.314,1,1,6476,3.55,28,1,1,3.88,0,-0.686
S201402125,2014,1,F,0,White,TX,INST_04,Regional College D (Teaching),teaching,2.32,44,1996,Economics-Bus,Business,0,0.1,1,0,0,3.34,31,1,1,3.39,0,-2.9
S201402126,2014,1,F,0,Hispanic,GA,INST_03,Regional College C (Teaching),teaching,3.94,72,1996,Management,Business,3405,0.501,1,1,7393,3.0999999999999996,28,0,0,,0,-2.499
S201402127,2014,1,F,0,Black,NC,INST_05,Urban University E (Research),research,3.19,70,1996,Sociology,Social Sciences,4725,0.695,1,1,6874,3.1100000000000003,30,1,0,,0,-2.305
S201402128,2014,1,F,0,Asian,TX,INST_01,State University A (Research),research,2.89,66,1996,Spanish,Humanities,9504,1.398,1,1,5373,3.29,27,1,0,,0,-1.602
S201402129,2014,0,M,0,Asian,IL,INST_01,State University A (Research),research,3.84,81,1996,Physics,STEM,24513,3.605,0,0,0,4.0,27,0,0,,1,0.605
S201402130,2014,1,F,0,White,FL,INST_05,Urban University E (Research),research,3.34,62,1996,Art History,Humanities,0,0.1,1,1,6439,3.415,31,0,0,,0,-2.9
S201402131,2014,0,F,0,Hispanic,OH,INST_05,Urban University E (Research),research,3.29,67,1996,Sociology,Social Sciences,18052,2.655,1,1,4324,4.0,30,1,1,4.0,0,-0.345
S201402132,2014,1,M,0,Multi,FL,INST_04,Regional College D (Teaching),teaching,3.31,60,1996,Biology,STEM,4725,0.695,1,0,0,3.505,31,1,0,,0,-2.305
S201402133,2014,1,F,1,White,VA,INST_01,State University A (Research),research,3.13,44,1996,Philosophy,Humanities,2519,0.37,1,1,4071,3.6,28,0,0,,0,-2.63
S201402134,2014,0,M,1,White,NC,INST_01,State University A (Research),research,4.0,71,1996,Finance,Business,725,0.107,1,1,4001,4.0,30,1,1,4.0,0,-2.893
S201402135,2014,0,F,1,White,IL,INST_04,Regional College D (Teaching),teaching,2.74,22,1996,Undeclared,Other,15828,2.328,1,1,4899,3.415,28,1,1,3.17,0,-0.672
S201402136,2014,1,F,1,Black,NC,INST_01,State University A (Research),research,4.0,48,1996,Finance,Business,5438,0.8,1,1,4296,3.325,31,1,0,,0,-2.2
S201402137,2014,1,M,1,White,NJ,INST_05,Urban University E (Research),research,2.54,52,1996,Psychology,Social Sciences,625,0.1,1,1,3360,3.705,33,0,0,,0,-2.9
S201402138,2014,0,F,0,White,IL,INST_02,State University B (Research),research,2.52,66,1996,Economics,Social Sciences,7220,1.062,1,1,5765,2.925,29,1,0,,0,-1.938
S201402139,2014,0,M,0,Black,CA,INST_01,State University A (Research),research,3.11,76,1996,Pre-Med,Health,8969,1.319,1,1,4623,2.52,28,1,0,,0,-1.681
S201402140,2014,0,F,0,White,NJ,INST_04,Regional College D (Teaching),teaching,2.95,26,1996,Civil Engineering,STEM,12933,1.902,1,0,0,2.89,32,0,0,,0,-1.098
S201402141,2014,1,F,0,Asian,PA,INST_02,State University B (Research),research,4.0,62,1996,Accounting,Business,6748,0.992,1,1,6186,3.795,31,1,1,3.94,0,-2.008
S201402142,2014,0,M,1,Asian,NY,INST_03,Regional College C (Teaching),teaching,3.03,46,1996,Economics-Bus,Business,24704,3.633,0,0,0,3.13,30,1,0,,1,0.633
S201402143,2014,0,F,0,Hispanic,OH,INST_03,Regional College C (Teaching),teaching,2.59,55,1996,Economics-Bus,Business,12613,1.855,1,1,9642,3.4749999999999996,29,1,0,,0,-1.145
S201402144,2014,0,M,0,White,NY,INST_01,State University A (Research),research,2.91,79,1996,Finance,Business,4253,0.625,1,1,4623,2.8449999999999998,29,0,0,,0,-2.375
S201402145,2014,0,M,0,White,OH,INST_02,State University B (Research),research,2.43,72,1996,Education,Other,0,0.1,1,1,5691,2.9299999999999997,31,0,0,,0,-2.9
S201402146,2014,0,M,0,White,NY,INST_01,State University A (Research),research,3.29,76,1996,Electrical Engineering,STEM,14247,2.095,1,1,7099,3.4749999999999996,30,1,1,3.22,0,-0.905
S201402147,2014,1,M,0,White,FL,INST_02,State University B (Research),research,3.1,99,1996,Economics,Social Sciences,4144,0.609,1,0,0,3.375,28,0,0,,0,-2.391
S201402148,2014,1,M,0,White,OH,INST_01,State University A (Research),research,3.18,48,1996,Public Health,Health,0,0.1,1,1,5047,3.9699999999999998,31,1,1,4.0,0,-2.9
S201402149,2014,0,M,1,White,NY,INST_03,Regional College C (Teaching),teaching,3.61,55,1996,Spanish,Humanities,7966,1.171,1,1,7474,3.225,30,0,0,,0,-1.829
S201402150,2014,1,F,1,White,GA,INST_01,State University A (Research),research,2.63,30,1996,Sociology,Social Sciences,0,0.1,1,1,3672,3.405,27,1,0,,0,-2.9
S201402151,2014,0,F,0,Multi,CA,INST_02,State University B (Research),research,3.15,38,1996,Kinesiology,Health,11891,1.749,1,1,4831,4.0,27,0,0,,0,-1.251
S201402152,2014,0,F,0,Hispanic,IL,INST_02,State University B (Research),research,3.19,67,1996,English,Humanities,20429,3.004,0,0,0,3.3499999999999996,29,1,1,3.92,1,0.004
S201402153,2014,1,F,0,White,NC,INST_04,Regional College D (Teaching),teaching,2.99,52,1996,Mathematics,STEM,6659,0.979,1,1,6485,4.0,31,0,0,,0,-2.021
S201402154,2014,0,F,1,White,FL,INST_03,Regional College C (Teaching),teaching,3.16,46,1996,Electrical Engineering,STEM,6169,0.907,1,1,5768,2.99,33,1,1,3.45,0,-2.093
S201402155,2014,1,F,0,White,OH,INST_03,Regional College C (Teaching),teaching,2.92,76,1996,Undeclared,Other,8153,1.199,1,0,0,3.8,31,0,0,,0,-1.801
S201402156,2014,1,M,0,White,GA,INST_01,State University A (Research),research,2.84,49,1996,Nursing,Health,14071,2.069,1,0,0,2.97,27,1,0,,0,-0.931
S201402157,2014,0,F,0,Black,CA,INST_01,State University A (Research),research,3.3,51,1996,Physics,STEM,5035,0.74,1,1,5654,3.51,26,0,0,,0,-2.26
S201402158,2014,0,F,0,White,VA,INST_03,Regional College C (Teaching),teaching,2.46,57,1996,Physics,STEM,18687,2.748,1,1,3155,3.5,29,0,0,,0,-0.252
S201402159,2014,0,F,1,White,PA,INST_05,Urban University E (Research),research,3.96,93,1996,Physics,STEM,12777,1.879,1,1,5936,3.92,30,1,1,4.0,0,-1.121
S201402160,2014,0,M,0,White,CA,INST_05,Urban University E (Research),research,3.79,52,1995,Education,Other,11272,1.658,1,1,3461,3.2800000000000002,30,0,0,,0,-1.342
S201402161,2014,0,F,1,White,CA,INST_04,Regional College D (Teaching),teaching,2.95,57,1996,Biology,STEM,8854,1.302,1,1,2899,3.205,27,1,0,,0,-1.698
S201402162,2014,0,M,1,Unknown,NJ,INST_02,State University B (Research),research,3.44,32,1996,Pre-Med,Health,8533,1.255,1,1,4308,3.6950000000000003,28,1,0,,0,-1.745
S201402163,2014,0,F,0,Hispanic,CA,INST_02,State University B (Research),research,3.51,44,1996,Physics,STEM,11866,1.745,1,0,0,2.895,30,1,0,,0,-1.255
S201402164,2014,1,F,0,White,GA,INST_03,Regional College C (Teaching),teaching,3.11,28,1996,Economics,Social Sciences,12589,1.851,1,1,6283,3.85,27,0,0,,0,-1.149
S201402165,2014,0,M,1,Asian,NJ,INST_05,Urban University E (Research),research,3.61,55,1996,Finance,Business,3766,0.554,1,1,4685,4.0,33,1,0,,0,-2.446
S201402166,2014,0,M,0,Hispanic,NY,INST_04,Regional College D (Teaching),teaching,3.06,69,1996,Biology,STEM,12503,1.839,1,1,7401,3.245,30,0,0,,0,-1.161
S201402167,2014,0,M,0,Black,NY,INST_05,Urban University E (Research),research,2.66,48,1996,Anthropology,Social Sciences,16080,2.365,1,0,0,2.915,27,1,1,3.11,0,-0.635
S201402168,2014,0,M,0,Hispanic,IL,INST_03,Regional College C (Teaching),teaching,3.41,26,1996,Political Science,Social Sciences,5930,0.872,1,0,0,3.9400000000000004,28,1,1,4.0,0,-2.128
S201402169,2014,1,F,0,Hispanic,TX,INST_02,State University B (Research),research,2.55,30,1996,Nursing,Health,15267,2.245,1,0,0,2.85,29,0,0,,0,-0.755
S201402170,2014,1,F,0,White,PA,INST_03,Regional College C (Teaching),teaching,3.05,93,1996,Biology,STEM,580,0.1,1,0,0,3.17,30,0,0,,0,-2.9
S201402171,2014,0,M,1,White,MI,INST_02,State University B (Research),research,3.08,50,1996,Pre-Med,Health,8069,1.187,1,1,5180,2.99,30,0,0,,0,-1.813
S201402172,2014,0,M,0,White,FL,INST_02,State University B (Research),research,3.42,24,1996,Anthropology,Social Sciences,1099,0.162,1,1,4048,3.44,24,0,0,,0,-2.838
S201402173,2014,1,M,0,Hispanic,MI,INST_04,Regional College D (Teaching),teaching,3.12,56,1996,Computer Science,STEM,2829,0.416,1,1,6364,3.005,29,1,0,,0,-2.584
S201402174,2014,0,F,0,White,MI,INST_02,State University B (Research),research,2.97,63,1996,Finance,Business,10871,1.599,1,1,4681,3.0250000000000004,32,1,0,,0,-1.401
S201402175,2014,0,F,1,Black,FL,INST_03,Regional College C (Teaching),teaching,3.09,66,1996,Kinesiology,Health,18055,2.655,1,0,0,3.22,27,0,0,,0,-0.345
S201402176,2014,0,M,0,Multi,NJ,INST_03,Regional College C (Teaching),teaching,3.63,51,1996,Undeclared,Other,11871,1.746,1,0,0,3.23,32,1,0,,0,-1.254
S201402177,2014,1,M,0,White,GA,INST_02,State University B (Research),research,2.73,44,1996,Economics,Social Sciences,12389,1.822,1,1,7782,3.55,27,1,0,,0,-1.178
S201402178,2014,0,F,0,Hispanic,NY,INST_04,Regional College D (Teaching),teaching,3.5,29,1996,Marketing,Business,15767,2.319,1,0,0,2.955,31,0,0,,0,-0.681
S201402179,2014,1,F,0,White,NJ,INST_01,State University A (Research),research,3.61,55,1996,Pre-Med,Health,5783,0.85,1,1,5865,3.365,33,0,0,,0,-2.15
S201402180,2014,0,F,0,White,OH,INST_02,State University B (Research),research,2.85,62,1996,Kinesiology,Health,19242,2.83,1,1,6829,3.895,34,0,0,,0,-0.17
S201402181,2014,1,M,1,White,NY,INST_01,State University A (Research),research,3.17,33,1996,Chemistry,STEM,15660,2.303,1,1,2544,3.545,33,1,1,4.0,0,-0.697
S201402182,2014,1,M,0,White,VA,INST_02,State University B (Research),research,2.81,64,1996,Accounting,Business,12976,1.908,1,1,5022,3.25,31,0,0,,0,-1.092
S201402183,2014,1,F,0,White,NJ,INST_01,State University A (Research),research,2.63,63,1996,Communications,Other,0,0.1,1,1,7201,3.435,26,0,0,,0,-2.9
S201402184,2014,1,F,0,Multi,CA,INST_05,Urban University E (Research),research,3.5,55,1996,Biology,STEM,0,0.1,1,1,5746,3.045,30,1,0,,0,-2.9
S201402185,2014,1,M,0,Black,MI,INST_03,Regional College C (Teaching),teaching,2.86,53,1996,Kinesiology,Health,9910,1.457,1,0,0,2.45,30,1,1,3.07,0,-1.543
S201402186,2014,0,F,0,White,NY,INST_01,State University A (Research),research,2.98,43,1996,Management,Business,16660,2.45,1,1,6881,2.97,28,1,1,2.87,0,-0.55
S201402187,2014,1,F,1,Asian,NJ,INST_05,Urban University E (Research),research,3.32,47,1996,Nursing,Health,8111,1.193,1,0,0,2.99,33,0,0,,0,-1.807
S201402188,2014,1,M,1,White,NY,INST_01,State University A (Research),research,2.94,52,1996,Biology,STEM,8215,1.208,1,1,6325,3.27,29,1,0,,0,-1.792
S201402189,2014,0,M,0,White,TX,INST_04,Regional College D (Teaching),teaching,3.1,37,1996,Anthropology,Social Sciences,12071,1.775,1,0,0,3.215,30,1,1,3.27,0,-1.225
S201402190,2014,0,F,0,Hispanic,CA,INST_02,State University B (Research),research,2.76,75,1996,Chemistry,STEM,21999,3.235,0,0,0,3.3600000000000003,31,0,0,,1,0.235
S201402191,2014,0,F,0,Black,VA,INST_01,State University A (Research),research,3.13,47,1996,Kinesiology,Health,10153,1.493,1,1,6383,3.04,31,1,1,3.4,0,-1.507
S201402192,2014,1,F,0,White,IL,INST_05,Urban University E (Research),research,2.98,81,1996,Electrical Engineering,STEM,8169,1.201,1,1,5977,3.9450000000000003,31,1,1,4.0,0,-1.799
S201402193,2014,1,F,0,White,VA,INST_05,Urban University E (Research),research,3.72,62,1996,Kinesiology,Health,10321,1.518,1,1,5322,3.925,28,0,0,,0,-1.482
S201402194,2014,0,F,0,White,MI,INST_02,State University B (Research),research,2.48,56,1996,Mathematics,STEM,21562,3.171,0,1,7045,2.6799999999999997,34,1,0,,1,0.171
S201402195,2014,0,M,1,White,TX,INST_05,Urban University E (Research),research,3.76,66,1996,Public Health,Health,1997,0.294,1,1,3829,3.195,32,1,1,3.34,0,-2.706
S201402196,2014,0,M,0,AIAN,OH,INST_05,Urban University E (Research),research,3.77,67,1996,Mathematics,STEM,8256,1.214,1,1,3983,3.785,34,1,1,3.82,0,-1.786
S201402197,2014,0,M,0,Black,CA,INST_01,State University A (Research),research,3.06,26,1996,Political Science,Social Sciences,5703,0.839,1,1,2921,1.96,28,1,1,2.62,0,-2.161
S201402198,2014,0,F,0,Hispanic,NC,INST_01,State University A (Research),research,2.79,35,1996,Finance,Business,13412,1.972,1,1,6101,3.77,29,0,0,,0,-1.028
S201402199,2014,1,F,0,White,NY,INST_04,Regional College D (Teaching),teaching,3.01,71,1996,Physics,STEM,6732,0.99,1,1,5753,2.7750000000000004,27,1,0,,0,-2.01
S201402200,2014,0,M,0,White,OH,INST_05,Urban University E (Research),research,3.57,99,1996,Philosophy,Humanities,9184,1.351,1,0,0,3.23,28,1,0,,0,-1.649
S201402201,2014,1,F,0,Hispanic,PA,INST_02,State University B (Research),research,3.25,61,1996,Electrical Engineering,STEM,4814,0.708,1,0,0,3.255,28,1,1,3.67,0,-2.292
S201402202,2014,0,F,0,White,IL,INST_01,State University A (Research),research,3.85,67,1996,Marketing,Business,12329,1.813,1,1,5245,3.465,34,1,1,3.86,0,-1.187
S201402203,2014,1,M,1,White,GA,INST_04,Regional College D (Teaching),teaching,3.63,43,1996,Sociology,Social Sciences,5216,0.767,1,1,3660,3.94,31,1,0,,0,-2.233
S201402204,2014,0,F,0,Hispanic,FL,INST_03,Regional College C (Teaching),teaching,3.47,55,1996,Public Health,Health,2126,0.313,1,1,5566,3.595,31,0,0,,0,-2.687
S201402205,2014,1,F,0,Unknown,IL,INST_04,Regional College D (Teaching),teaching,3.51,21,1996,General Studies,Other,14923,2.195,1,1,5409,3.52,31,1,0,,0,-0.805
S201402206,2014,0,M,0,White,IL,INST_01,State University A (Research),research,2.89,90,1996,Political Science,Social Sciences,6499,0.956,1,1,5470,3.8,34,0,0,,0,-2.044
S201402207,2014,1,M,0,Asian,NC,INST_01,State University A (Research),research,2.94,65,1996,Management,Business,15676,2.305,1,1,8007,3.06,30,1,1,3.62,0,-0.695
S201402208,2014,1,F,0,Hispanic,NY,INST_04,Regional College D (Teaching),teaching,3.89,55,1996,Accounting,Business,6173,0.908,1,0,0,3.485,28,1,0,,0,-2.092
S201402209,2014,1,M,0,Hispanic,FL,INST_01,State University A (Research),research,4.0,27,1996,General Studies,Other,0,0.1,1,1,6958,3.745,25,1,0,,0,-2.9
S201402210,2014,0,F,1,White,GA,INST_04,Regional College D (Teaching),teaching,3.12,71,1996,Accounting,Business,11717,1.723,1,0,0,3.91,28,0,0,,0,-1.277
S201402211,2014,0,M,0,White,OH,INST_04,Regional College D (Teaching),teaching,4.0,65,1996,Economics-Bus,Business,8027,1.18,1,0,0,3.475,34,1,1,3.41,0,-1.82
S201402212,2014,0,F,0,White,TX,INST_05,Urban University E (Research),research,2.92,68,1996,Chemistry,STEM,7908,1.163,1,0,0,2.885,36,0,0,,0,-1.837
S201402213,2014,1,M,0,Black,OH,INST_03,Regional College C (Teaching),teaching,3.55,56,1996,Public Health,Health,3240,0.476,1,1,5778,3.96,25,0,0,,0,-2.524
S201402214,2014,1,F,0,Black,PA,INST_03,Regional College C (Teaching),teaching,3.81,44,1996,Art History,Humanities,11341,1.668,1,1,7370,3.735,31,1,1,4.0,0,-1.332
S201402215,2014,0,F,0,Unknown,NY,INST_04,Regional College D (Teaching),teaching,3.34,58,1996,Economics,Social Sciences,11673,1.717,1,1,2401,3.46,33,1,0,,0,-1.283
S201402216,2014,1,M,0,White,OH,INST_04,Regional College D (Teaching),teaching,2.46,42,1996,Accounting,Business,13293,1.955,1,1,9277,3.635,30,0,0,,0,-1.045
S201402217,2014,1,F,0,Hispanic,GA,INST_03,Regional College C (Teaching),teaching,3.1,53,1996,Nursing,Health,19458,2.861,1,1,4354,3.1500000000000004,30,0,0,,0,-0.139
S201402218,2014,0,M,1,Black,OH,INST_04,Regional College D (Teaching),teaching,2.85,90,1996,Electrical Engineering,STEM,10285,1.512,1,1,8824,3.925,25,1,0,,0,-1.488
S201402219,2014,0,F,0,White,VA,INST_05,Urban University E (Research),research,3.53,43,1996,Anthropology,Social Sciences,0,0.1,1,0,0,3.51,27,1,1,3.8,0,-2.9
S201402220,2014,1,M,0,White,PA,INST_04,Regional College D (Teaching),teaching,3.21,96,1996,Economics-Bus,Business,0,0.1,1,1,4326,3.295,27,0,0,,0,-2.9
S201402221,2014,0,M,1,Hispanic,NC,INST_05,Urban University E (Research),research,4.0,76,1996,Economics,Social Sciences,6196,0.911,1,1,4641,3.74,31,1,1,3.58,0,-2.089
S201402222,2014,0,F,0,Black,NC,INST_03,Regional College C (Teaching),teaching,3.08,59,1996,Biology,STEM,8256,1.214,1,0,0,3.36,32,1,0,,0,-1.786
S201402223,2014,0,F,0,Multi,NJ,INST_01,State University A (Research),research,3.22,45,1996,Nursing,Health,13003,1.912,1,1,6841,3.45,31,0,0,,0,-1.088
S201402224,2014,1,M,0,Hispanic,GA,INST_03,Regional College C (Teaching),teaching,3.32,62,1995,General Studies,Other,2365,0.348,1,1,5612,3.76,28,0,0,,0,-2.652
S201402225,2014,0,M,0,Hispanic,VA,INST_02,State University B (Research),research,3.38,68,1996,Chemistry,STEM,12477,1.835,1,0,0,3.32,30,1,1,3.95,0,-1.165
S201402226,2014,1,M,0,Hispanic,NJ,INST_05,Urban University E (Research),research,3.18,65,1996,Economics,Social Sciences,14968,2.201,1,0,0,2.905,31,0,0,,0,-0.799
S201402227,2014,0,F,0,White,NC,INST_03,Regional College C (Teaching),teaching,2.53,41,1996,Communications,Other,15566,2.289,1,1,6459,3.245,33,1,0,,0,-0.711
S201402228,2014,0,F,0,White,NC,INST_02,State University B (Research),research,3.08,78,1996,Accounting,Business,14735,2.167,1,0,0,3.195,30,1,1,3.39,0,-0.833
S201402229,2014,1,F,0,Black,NJ,INST_02,State University B (Research),research,3.29,3,1996,Computer Science,STEM,3209,0.472,1,1,4987,2.585,32,1,0,,0,-2.528
S201402230,2014,0,M,0,Hispanic,MI,INST_04,Regional College D (Teaching),teaching,2.97,50,1996,Sociology,Social Sciences,6221,0.915,1,0,0,3.535,27,0,0,,0,-2.085
S201402231,2014,0,M,0,Asian,IL,INST_02,State University B (Research),research,4.0,74,1996,English,Humanities,17564,2.583,1,1,6897,2.995,32,1,1,3.0,0,-0.417
S201402232,2014,0,M,0,White,TX,INST_01,State University A (Research),research,3.17,32,1996,History,Humanities,4249,0.625,1,1,6083,3.705,31,0,0,,0,-2.375
S201402233,2014,0,F,0,White,VA,INST_03,Regional College C (Teaching),teaching,3.01,57,1996,Psychology,Social Sciences,17116,2.517,1,1,2936,3.2800000000000002,30,1,1,3.34,0,-0.483
S201402234,2014,0,F,0,White,GA,INST_01,State University A (Research),research,2.46,32,1996,Political Science,Social Sciences,13640,2.006,1,0,0,3.875,24,1,1,4.0,0,-0.994
S201402235,2014,0,M,0,Black,MI,INST_05,Urban University E (Research),research,3.6,55,1996,Physics,STEM,6353,0.934,1,0,0,2.855,34,1,0,,0,-2.066
S201402236,2014,1,NB,0,White,NY,INST_02,State University B (Research),research,2.7,56,1996,Education,Other,6210,0.913,1,0,0,3.415,31,1,1,3.72,0,-2.087
S201402237,2014,0,M,0,White,TX,INST_05,Urban University E (Research),research,2.45,75,1996,Kinesiology,Health,10836,1.594,1,0,0,3.355,36,1,1,3.55,0,-1.406
S201402238,2014,0,F,0,White,FL,INST_01,State University A (Research),research,3.54,65,1996,Physics,STEM,9734,1.431,1,1,4751,3.205,28,0,0,,0,-1.569
S201402239,2014,0,M,0,Asian,FL,INST_04,Regional College D (Teaching),teaching,3.28,65,1996,Chemistry,STEM,16179,2.379,1,0,0,3.19,29,0,0,,0,-0.621
S201402240,2014,0,M,0,White,VA,INST_01,State University A (Research),research,2.53,31,1996,Communications,Other,7898,1.161,1,0,0,2.8449999999999998,27,0,0,,0,-1.839
S201402241,2014,0,F,0,White,GA,INST_02,State University B (Research),research,3.05,67,1996,Mathematics,STEM,12474,1.834,1,1,5858,3.84,30,1,1,4.0,0,-1.166
S201402242,2014,0,M,0,Hispanic,PA,INST_03,Regional College C (Teaching),teaching,3.03,44,1996,Statistics,STEM,7212,1.061,1,0,0,3.89,34,1,1,4.0,0,-1.939
S201402243,2014,1,F,0,Hispanic,OH,INST_04,Regional College D (Teaching),teaching,3.65,41,1996,Management,Business,10407,1.53,1,0,0,2.915,34,0,0,,0,-1.47
S201402244,2014,1,M,0,Hispanic,FL,INST_01,State University A (Research),research,2.35,42,1996,Mathematics,STEM,9363,1.377,1,1,6599,3.105,28,0,0,,0,-1.623
S201402245,2014,1,NB,0,Hispanic,MI,INST_03,Regional College C (Teaching),teaching,2.97,37,1996,Art History,Humanities,4067,0.598,1,1,5573,3.49,30,0,0,,0,-2.402
S201402246,2014,1,F,1,Black,GA,INST_04,Regional College D (Teaching),teaching,3.59,28,1996,Kinesiology,Health,5894,0.867,1,0,0,3.3449999999999998,31,1,0,,0,-2.133
S201402247,2014,1,F,0,White,OH,INST_04,Regional College D (Teaching),teaching,2.65,54,1996,Mathematics,STEM,10517,1.547,1,0,0,2.5,29,1,1,2.57,0,-1.453
S201402248,2014,0,F,1,White,FL,INST_05,Urban University E (Research),research,3.57,53,1996,Mathematics,STEM,11578,1.703,1,1,7668,3.31,30,1,1,3.09,0,-1.297
S201402249,2014,0,F,0,White,PA,INST_04,Regional College D (Teaching),teaching,3.09,32,1996,History,Humanities,19463,2.862,1,0,0,2.94,30,0,0,,0,-0.138
S201402250,2014,1,M,0,White,OH,INST_04,Regional College D (Teaching),teaching,2.77,69,1996,Mathematics,STEM,3961,0.582,1,1,5577,3.3049999999999997,32,1,0,,0,-2.418
S201402251,2014,0,M,0,White,TX,INST_01,State University A (Research),research,2.58,59,1996,Education,Other,5049,0.742,1,0,0,3.31,29,1,1,3.66,0,-2.258
S201402252,2014,1,F,0,Hispanic,FL,INST_05,Urban University E (Research),research,2.98,45,1996,Accounting,Business,91,0.1,1,1,8099,3.385,34,0,0,,0,-2.9
S201402253,2014,1,M,1,Black,FL,INST_03,Regional College C (Teaching),teaching,3.37,56,1996,Sociology,Social Sciences,10331,1.519,1,1,6384,3.795,31,1,1,3.71,0,-1.481
S201402254,2014,0,M,0,Black,MI,INST_01,State University A (Research),research,2.79,56,1996,Public Health,Health,7405,1.089,1,1,4774,3.025,30,0,0,,0,-1.911
S201402255,2014,1,M,0,Hispanic,MI,INST_01,State University A (Research),research,2.65,57,1996,Political Science,Social Sciences,8915,1.311,1,0,0,3.885,27,0,0,,0,-1.689
S201402256,2014,0,M,0,White,IL,INST_04,Regional College D (Teaching),teaching,4.0,47,1996,Economics-Bus,Business,2542,0.374,1,1,6847,3.7199999999999998,30,1,0,,0,-2.626
S201402257,2014,0,F,0,Hispanic,CA,INST_03,Regional College C (Teaching),teaching,2.94,53,1996,Marketing,Business,15852,2.331,1,1,6382,3.55,30,0,0,,0,-0.669
S201402258,2014,1,M,0,Hispanic,NC,INST_02,State University B (Research),research,1.98,56,1996,Marketing,Business,6006,0.883,1,0,0,2.9749999999999996,32,0,0,,0,-2.117
S201402259,2014,1,F,0,White,OH,INST_01,State University A (Research),research,3.9,48,1996,Statistics,STEM,3300,0.485,1,0,0,3.285,32,1,0,,0,-2.515
S201402260,2014,0,F,0,Black,NC,INST_04,Regional College D (Teaching),teaching,3.42,77,1996,General Studies,Other,9939,1.462,1,0,0,3.075,31,0,0,,0,-1.538
S201402261,2014,0,F,0,Hispanic,NC,INST_01,State University A (Research),research,3.07,30,1996,Finance,Business,11148,1.639,1,0,0,3.2,31,1,0,,0,-1.361
S201402262,2014,0,M,0,White,CA,INST_04,Regional College D (Teaching),teaching,3.48,60,1996,Mathematics,STEM,18082,2.659,1,1,6715,3.14,28,0,0,,0,-0.341
S201402263,2014,1,F,0,Hispanic,VA,INST_01,State University A (Research),research,3.63,56,1996,General Studies,Other,0,0.1,1,1,7119,3.875,31,0,0,,0,-2.9
S201402264,2014,1,F,1,Black,TX,INST_03,Regional College C (Teaching),teaching,3.28,59,1996,Undeclared,Other,10187,1.498,1,1,7480,3.385,32,1,1,3.14,0,-1.502
S201402265,2014,1,M,0,Black,NY,INST_04,Regional College D (Teaching),teaching,3.47,50,1996,Psychology,Social Sciences,4505,0.662,1,1,5362,3.305,33,0,0,,0,-2.338
S201402266,2014,0,M,0,White,CA,INST_01,State University A (Research),research,3.79,66,1996,Philosophy,Humanities,21643,3.183,0,0,0,3.505,31,1,1,3.31,1,0.183
S201402267,2014,1,M,0,Black,NJ,INST_02,State University B (Research),research,2.81,21,1996,Computer Science,STEM,16578,2.438,1,1,4637,3.835,28,0,0,,0,-0.562
S201402268,2014,0,F,0,Hispanic,GA,INST_02,State University B (Research),research,3.52,61,1996,Undeclared,Other,18830,2.769,1,1,4275,3.74,32,0,0,,0,-0.231
S201402269,2014,0,F,0,White,TX,INST_01,State University A (Research),research,3.67,92,1996,Computer Science,STEM,15706,2.31,1,1,9007,3.925,30,0,0,,0,-0.69
S201402270,2014,0,F,0,Black,CA,INST_03,Regional College C (Teaching),teaching,2.89,28,1996,Pre-Med,Health,10977,1.614,1,0,0,2.8899999999999997,26,0,0,,0,-1.386
S201402271,2014,1,F,0,White,NJ,INST_01,State University A (Research),research,2.9,36,1996,Civil Engineering,STEM,3794,0.558,1,1,6331,2.515,26,1,0,,0,-2.442
S201402272,2014,0,F,1,White,IL,INST_01,State University A (Research),research,3.22,99,1996,Economics,Social Sciences,15563,2.289,1,0,0,3.38,29,0,0,,0,-0.711
S201402273,2014,0,M,1,Hispanic,OH,INST_05,Urban University E (Research),research,2.78,58,1996,Mechanical Engineering,STEM,7922,1.165,1,1,5748,3.98,28,1,0,,0,-1.835
S201402274,2014,1,F,0,Hispanic,VA,INST_01,State University A (Research),research,3.7,52,1996,Undeclared,Other,7167,1.054,1,1,4694,4.0,27,1,1,4.0,0,-1.946
S201402275,2014,0,F,0,Black,TX,INST_01,State University A (Research),research,3.52,93,1996,Economics,Social Sciences,16951,2.493,1,1,7927,3.005,32,1,1,3.53,0,-0.507
S201402276,2014,0,M,0,White,TX,INST_01,State University A (Research),research,3.11,57,1996,Biology,STEM,0,0.1,1,0,0,2.865,28,0,0,,0,-2.9
S201402277,2014,0,F,1,White,CA,INST_03,Regional College C (Teaching),teaching,3.13,27,1996,Computer Science,STEM,11302,1.662,1,0,0,2.79,28,0,0,,0,-1.338
S201402278,2014,0,F,0,White,OH,INST_05,Urban University E (Research),research,3.16,70,1996,Civil Engineering,STEM,8225,1.21,1,0,0,3.29,31,1,1,3.62,0,-1.79
S201402279,2014,0,M,0,Black,GA,INST_05,Urban University E (Research),research,3.27,25,1996,History,Humanities,12242,1.8,1,0,0,3.09,33,0,0,,0,-1.2
S201402280,2014,0,F,0,Hispanic,NC,INST_03,Regional College C (Teaching),teaching,3.31,55,1996,Accounting,Business,9957,1.464,1,1,6751,3.04,30,0,0,,0,-1.536
S201402281,2014,0,M,0,Unknown,PA,INST_04,Regional College D (Teaching),teaching,3.12,98,1996,Electrical Engineering,STEM,11847,1.742,1,1,8386,3.0300000000000002,28,1,0,,0,-1.258
S201402282,2014,0,M,0,Hispanic,MI,INST_04,Regional College D (Teaching),teaching,3.29,55,1996,Finance,Business,3945,0.58,1,1,6827,3.325,29,1,0,,0,-2.42
S201402283,2014,0,F,0,Asian,NJ,INST_03,Regional College C (Teaching),teaching,3.11,30,1996,Economics-Bus,Business,12289,1.807,1,1,8510,3.2199999999999998,30,1,0,,0,-1.193
S201402284,2014,1,F,0,White,NY,INST_05,Urban University E (Research),research,2.64,62,1996,Management,Business,6583,0.968,1,0,0,3.615,29,1,1,3.84,0,-2.032
S201402285,2014,0,M,0,White,NY,INST_04,Regional College D (Teaching),teaching,3.21,81,1996,Nursing,Health,31123,4.577,0,0,0,3.6100000000000003,31,1,0,,1,1.577
S201402286,2014,0,F,0,White,PA,INST_01,State University A (Research),research,3.45,30,1996,Statistics,STEM,17451,2.566,1,1,5478,3.0700000000000003,33,1,0,,0,-0.434
S201402287,2014,0,M,0,White,CA,INST_05,Urban University E (Research),research,3.68,65,1996,Kinesiology,Health,8813,1.296,1,0,0,3.515,31,0,0,,0,-1.704
S201402288,2014,1,F,1,Black,CA,INST_03,Regional College C (Teaching),teaching,3.74,50,1996,Pre-Med,Health,9554,1.405,1,1,6273,3.465,30,0,0,,0,-1.595
S201402289,2014,1,F,1,White,NY,INST_05,Urban University E (Research),research,2.59,52,1996,Marketing,Business,5683,0.836,1,0,0,2.8899999999999997,31,0,0,,0,-2.164
S201402290,2014,0,F,0,Hispanic,NY,INST_05,Urban University E (Research),research,2.27,94,1996,Pre-Med,Health,7945,1.168,1,1,3424,3.565,29,1,0,,0,-1.832
S201402291,2014,0,F,0,Hispanic,PA,INST_04,Regional College D (Teaching),teaching,3.44,41,1996,Finance,Business,10432,1.534,1,0,0,3.165,28,0,0,,0,-1.466
S201402292,2014,0,F,0,Black,MI,INST_05,Urban University E (Research),research,3.49,52,1996,Finance,Business,17598,2.588,1,1,7406,3.37,32,0,0,,0,-0.412
S201402293,2014,0,M,0,Hispanic,MI,INST_04,Regional College D (Teaching),teaching,3.2,13,1996,Public Health,Health,16063,2.362,1,0,0,3.455,28,0,0,,0,-0.638
S201402294,2014,0,F,0,Asian,GA,INST_03,Regional College C (Teaching),teaching,2.85,71,1996,Mechanical Engineering,STEM,4964,0.73,1,0,0,2.7300000000000004,31,1,1,2.99,0,-2.27
S201402295,2014,0,F,0,White,CA,INST_01,State University A (Research),research,2.09,43,1996,Computer Science,STEM,3564,0.524,1,0,0,2.785,28,1,0,,0,-2.476
S201402296,2014,1,M,0,White,IL,INST_04,Regional College D (Teaching),teaching,2.96,67,1996,Undeclared,Other,9260,1.362,1,1,7756,2.92,27,1,0,,0,-1.638
S201402297,2014,0,F,0,Black,GA,INST_04,Regional College D (Teaching),teaching,2.7,58,1996,Economics-Bus,Business,17505,2.574,1,1,8529,3.295,29,0,0,,0,-0.426
S201402298,2014,0,M,0,Unknown,VA,INST_01,State University A (Research),research,4.0,70,1996,Sociology,Social Sciences,7154,1.052,1,1,2169,2.465,27,1,1,2.53,0,-1.948
S201402299,2014,1,M,0,White,GA,INST_04,Regional College D (Teaching),teaching,3.23,25,1996,Economics-Bus,Business,17198,2.529,1,0,0,2.67,30,1,0,,0,-0.471
S201402300,2014,1,M,1,Black,NY,INST_05,Urban University E (Research),research,3.06,35,1996,Spanish,Humanities,17659,2.597,1,1,7115,4.0,31,0,0,,0,-0.403
S201402301,2014,0,M,1,Multi,OH,INST_04,Regional College D (Teaching),teaching,4.0,63,1996,Chemistry,STEM,8550,1.257,1,1,5927,4.0,26,0,0,,0,-1.743
S201402302,2014,1,F,0,Hispanic,NC,INST_03,Regional College C (Teaching),teaching,3.58,44,1996,Mathematics,STEM,796,0.117,1,1,5035,3.7,31,1,1,3.88,0,-2.883
S201402303,2014,1,M,0,White,TX,INST_01,State University A (Research),research,3.09,42,1996,Kinesiology,Health,9698,1.426,1,1,5496,3.865,28,0,0,,0,-1.574
S201402304,2014,0,F,0,White,FL,INST_05,Urban University E (Research),research,2.87,60,1996,Finance,Business,16575,2.438,1,1,4209,3.385,25,1,1,3.66,0,-0.562
S201402305,2014,1,F,0,White,GA,INST_01,State University A (Research),research,3.57,89,1996,Management,Business,7324,1.077,1,1,7806,3.51,32,0,0,,0,-1.923
S201402306,2014,1,M,0,Hispanic,TX,INST_05,Urban University E (Research),research,3.8,60,1996,Public Health,Health,0,0.1,1,0,0,2.88,29,1,1,2.79,0,-2.9
S201402307,2014,0,M,0,Asian,CA,INST_03,Regional College C (Teaching),teaching,2.45,38,1996,Economics-Bus,Business,24033,3.534,0,0,0,3.21,28,1,1,2.5,1,0.534
S201402308,2014,0,M,0,White,OH,INST_01,State University A (Research),research,3.19,52,1996,Civil Engineering,STEM,9544,1.404,1,1,5856,3.355,32,1,1,3.55,0,-1.596
S201402309,2014,1,F,0,Asian,IL,INST_03,Regional College C (Teaching),teaching,3.51,45,1996,Electrical Engineering,STEM,16707,2.457,1,1,7189,2.745,33,1,1,3.51,0,-0.543
S201402310,2014,1,F,0,White,VA,INST_03,Regional College C (Teaching),teaching,3.31,22,1996,Chemistry,STEM,6121,0.9,1,1,5173,3.415,31,1,1,3.63,0,-2.1
S201402311,2014,0,M,1,White,VA,INST_03,Regional College C (Teaching),teaching,3.85,59,1996,Accounting,Business,9325,1.371,1,0,0,3.16,26,1,1,2.9,0,-1.629
S201402312,2014,0,M,0,White,IL,INST_03,Regional College C (Teaching),teaching,2.56,83,1996,Civil Engineering,STEM,5954,0.876,1,1,5338,3.385,28,1,1,3.4,0,-2.124
S201402313,2014,1,F,0,Black,TX,INST_03,Regional College C (Teaching),teaching,4.0,60,1996,Pre-Med,Health,16931,2.49,1,1,5236,3.3899999999999997,31,1,0,,0,-0.51
S201402314,2014,0,F,1,Hispanic,PA,INST_02,State University B (Research),research,2.73,61,1996,Marketing,Business,10081,1.482,1,1,4458,3.545,29,1,0,,0,-1.518
S201402315,2014,0,M,1,Hispanic,NJ,INST_02,State University B (Research),research,3.79,64,1996,Biology,STEM,16166,2.377,1,1,4538,3.355,30,0,0,,0,-0.623
S201402316,2014,1,M,0,White,GA,INST_04,Regional College D (Teaching),teaching,3.22,60,1996,Computer Science,STEM,3958,0.582,1,0,0,3.335,31,1,0,,0,-2.418
S201402317,2014,0,M,0,Hispanic,MI,INST_02,State University B (Research),research,3.59,31,1996,Management,Business,4586,0.674,1,0,0,3.35,31,1,0,,0,-2.326
S201402318,2014,1,F,1,Black,OH,INST_03,Regional College C (Teaching),teaching,2.8,45,1996,English,Humanities,5749,0.845,1,1,5126,2.88,31,0,0,,0,-2.155
S201402319,2014,1,F,1,White,VA,INST_02,State University B (Research),research,2.81,49,1996,Mechanical Engineering,STEM,1658,0.244,1,1,5714,3.31,31,1,0,,0,-2.756
S201402320,2014,0,F,1,Hispanic,FL,INST_04,Regional College D (Teaching),teaching,2.57,60,1996,Sociology,Social Sciences,0,0.1,1,1,3333,3.58,25,1,1,3.91,0,-2.9
S201402321,2014,1,F,1,Black,GA,INST_05,Urban University E (Research),research,3.16,42,1996,Communications,Other,0,0.1,1,1,7534,3.385,33,0,0,,0,-2.9
S201402322,2014,1,M,1,White,FL,INST_03,Regional College C (Teaching),teaching,3.22,50,1996,General Studies,Other,6605,0.971,1,1,6771,2.7800000000000002,30,1,0,,0,-2.029
S201402323,2014,1,M,0,Multi,FL,INST_01,State University A (Research),research,3.29,68,1996,Physics,STEM,17931,2.637,1,1,8374,3.615,28,1,0,,0,-0.363
S201402324,2014,0,F,1,White,VA,INST_02,State University B (Research),research,3.15,68,1996,Accounting,Business,17536,2.579,1,0,0,3.58,31,1,1,3.41,0,-0.421
S201402325,2014,0,F,1,White,MI,INST_01,State University A (Research),research,2.71,84,1996,Public Health,Health,17769,2.613,1,0,0,2.98,31,1,0,,0,-0.387
S201402326,2014,1,M,0,Asian,NJ,INST_02,State University B (Research),research,3.55,46,1996,Management,Business,8873,1.305,1,0,0,3.5300000000000002,31,0,0,,0,-1.695
S201402327,2014,1,M,1,White,CA,INST_04,Regional College D (Teaching),teaching,3.59,76,1996,Computer Science,STEM,9725,1.43,1,1,7995,3.9450000000000003,28,0,0,,0,-1.57
S201402328,2014,1,F,0,White,VA,INST_01,State University A (Research),research,2.38,63,1996,Kinesiology,Health,16114,2.37,1,0,0,2.895,31,1,1,3.04,0,-0.63
S201402329,2014,1,M,0,Black,NY,INST_05,Urban University E (Research),research,3.18,94,1996,Undeclared,Other,5826,0.857,1,0,0,3.4850000000000003,31,0,0,,0,-2.143
S201402330,2014,1,M,0,White,NY,INST_03,Regional College C (Teaching),teaching,2.91,56,1996,Public Health,Health,4096,0.602,1,0,0,3.2249999999999996,31,1,0,,0,-2.398
S201402331,2014,0,M,0,Black,OH,INST_05,Urban University E (Research),research,3.9,55,1996,Biology,STEM,25875,3.805,0,0,0,2.635,30,0,0,,1,0.805
S201402332,2014,1,M,0,Black,NC,INST_05,Urban University E (Research),research,3.62,50,1996,Mechanical Engineering,STEM,6344,0.933,1,0,0,3.63,28,1,0,,0,-2.067
S201402333,2014,0,F,0,White,IL,INST_04,Regional College D (Teaching),teaching,2.83,67,1996,Management,Business,1174,0.173,1,0,0,2.93,31,1,1,3.5,0,-2.827
S201402334,2014,1,M,0,White,IL,INST_02,State University B (Research),research,3.42,72,1996,Mathematics,STEM,15145,2.227,1,0,0,3.78,30,1,0,,0,-0.773
S201402335,2014,0,F,0,White,PA,INST_01,State University A (Research),research,3.98,91,1996,Biomedical Engineering,STEM,2536,0.373,1,1,4888,3.75,32,0,0,,0,-2.627
S201402336,2014,1,M,1,White,FL,INST_04,Regional College D (Teaching),teaching,3.56,23,1996,Management,Business,8330,1.225,1,1,3987,3.6399999999999997,30,0,0,,0,-1.775
S201402337,2014,0,F,0,Hispanic,NJ,INST_05,Urban University E (Research),research,2.58,99,1996,Statistics,STEM,8753,1.287,1,1,7129,3.16,32,0,0,,0,-1.713
S201402338,2014,0,F,0,Black,MI,INST_01,State University A (Research),research,2.65,20,1996,Electrical Engineering,STEM,15719,2.312,1,0,0,2.63,31,0,0,,0,-0.688
S201402339,2014,1,M,0,Black,CA,INST_02,State University B (Research),research,3.29,51,1996,Management,Business,8428,1.239,1,0,0,2.7,28,1,0,,0,-1.761
S201402340,2014,0,F,0,White,CA,INST_01,State University A (Research),research,3.2,53,1996,Economics-Bus,Business,32021,4.709,0,0,0,3.385,31,1,0,,1,1.709
S201402341,2014,0,F,0,Hispanic,TX,INST_05,Urban University E (Research),research,3.19,35,1996,Statistics,STEM,5246,0.771,1,1,3972,3.26,28,1,1,3.34,0,-2.229
S201402342,2014,0,F,0,White,MI,INST_01,State University A (Research),research,3.43,75,1996,Chemistry,STEM,6869,1.01,1,1,6821,3.755,25,1,1,3.82,0,-1.99
S201402343,2014,0,M,0,Asian,GA,INST_02,State University B (Research),research,2.94,34,1996,Computer Science,STEM,0,0.1,1,1,8303,3.165,31,1,1,3.58,0,-2.9
S201402344,2014,0,M,0,White,NJ,INST_01,State University A (Research),research,3.76,43,1996,Economics,Social Sciences,0,0.1,1,1,4527,3.3600000000000003,28,1,1,3.81,0,-2.9
S201402345,2014,0,F,0,Black,IL,INST_05,Urban University E (Research),research,3.81,87,1996,Electrical Engineering,STEM,13229,1.945,1,1,6024,3.68,30,0,0,,0,-1.055
S201402346,2014,1,M,0,Black,CA,INST_04,Regional College D (Teaching),teaching,3.26,43,1996,Education,Other,6732,0.99,1,0,0,2.81,31,1,0,,0,-2.01
S201402347,2014,0,M,0,White,FL,INST_05,Urban University E (Research),research,3.24,42,1996,Public Health,Health,3344,0.492,1,1,2937,3.5,32,0,0,,0,-2.508
S201402348,2014,0,M,1,White,NY,INST_05,Urban University E (Research),research,3.05,33,1996,Education,Other,8489,1.248,1,1,6745,2.795,30,0,0,,0,-1.752
S201402349,2014,0,F,1,White,NY,INST_02,State University B (Research),research,2.99,70,1996,Finance,Business,13496,1.985,1,1,5387,2.705,31,1,0,,0,-1.015
S201402350,2014,0,F,0,White,TX,INST_05,Urban University E (Research),research,3.33,57,1996,Computer Science,STEM,6898,1.014,1,1,5642,2.8600000000000003,31,1,1,2.84,0,-1.986
S201402351,2014,0,M,0,White,CA,INST_01,State University A (Research),research,2.66,47,1996,Psychology,Social Sciences,5589,0.822,1,0,0,3.2750000000000004,29,1,1,3.62,0,-2.178
S201402352,2014,1,M,0,White,GA,INST_04,Regional College D (Teaching),teaching,3.35,47,1996,Marketing,Business,0,0.1,1,1,8093,3.355,27,1,1,4.0,0,-2.9
S201402353,2014,0,M,0,Multi,MI,INST_05,Urban University E (Research),research,3.36,63,1996,History,Humanities,9344,1.374,1,0,0,3.675,29,0,0,,0,-1.626
S201402354,2014,0,M,0,Black,NY,INST_02,State University B (Research),research,3.33,73,1996,Mechanical Engineering,STEM,15499,2.279,1,0,0,3.1550000000000002,34,0,0,,0,-0.721
S201402355,2014,0,F,0,Black,FL,INST_05,Urban University E (Research),research,4.0,39,1996,English,Humanities,19222,2.827,1,1,7877,3.96,31,1,1,3.59,0,-0.173
S201402356,2014,0,F,0,Asian,FL,INST_04,Regional College D (Teaching),teaching,2.86,26,1996,Computer Science,STEM,17756,2.611,1,1,7717,3.205,31,1,0,,0,-0.389
S201402357,2014,0,F,0,Asian,IL,INST_03,Regional College C (Teaching),teaching,3.49,68,1996,Marketing,Business,15494,2.279,1,0,0,3.73,29,1,0,,0,-0.721
S201402358,2014,1,M,0,White,MI,INST_05,Urban University E (Research),research,3.83,72,1996,Finance,Business,2285,0.336,1,1,7969,3.875,31,1,0,,0,-2.664
S201402359,2014,0,F,0,White,CA,INST_04,Regional College D (Teaching),teaching,3.9,52,1996,Mathematics,STEM,15310,2.251,1,1,3583,3.34,27,0,0,,0,-0.749
S201402360,2014,0,F,0,Black,NJ,INST_03,Regional College C (Teaching),teaching,3.28,48,1996,Physics,STEM,10109,1.487,1,0,0,3.5949999999999998,31,1,0,,0,-1.513
S201402361,2014,1,M,0,White,OH,INST_02,State University B (Research),research,3.5,43,1996,Electrical Engineering,STEM,10119,1.488,1,1,5434,2.63,32,0,0,,0,-1.512
S201402362,2014,0,F,0,White,OH,INST_03,Regional College C (Teaching),teaching,4.0,70,1996,Economics,Social Sciences,15436,2.27,1,0,0,3.24,34,1,0,,0,-0.73
S201402363,2014,1,F,0,Hispanic,NC,INST_04,Regional College D (Teaching),teaching,4.0,53,1995,Economics-Bus,Business,15966,2.348,1,1,3942,4.0,33,1,0,,0,-0.652
S201402364,2014,0,F,0,White,IL,INST_01,State University A (Research),research,3.09,54,1996,Anthropology,Social Sciences,10650,1.566,1,1,6806,2.845,33,0,0,,0,-1.434
S201402365,2014,1,M,0,Black,NY,INST_02,State University B (Research),research,3.74,37,1996,Chemistry,STEM,0,0.1,1,1,2770,3.465,31,1,0,,0,-2.9
S201402366,2014,0,M,1,White,TX,INST_01,State University A (Research),research,2.4,54,1996,Sociology,Social Sciences,10574,1.555,1,0,0,2.525,25,0,0,,0,-1.445
S201402367,2014,0,M,0,Black,NC,INST_03,Regional College C (Teaching),teaching,3.18,36,1996,Statistics,STEM,3657,0.538,1,1,5083,3.4000000000000004,28,1,1,3.25,0,-2.462
S201402368,2014,0,F,1,Asian,VA,INST_05,Urban University E (Research),research,3.91,58,1996,Philosophy,Humanities,4673,0.687,1,0,0,3.975,29,1,1,4.0,0,-2.313
S201402369,2014,0,M,0,Hispanic,MI,INST_03,Regional College C (Teaching),teaching,3.27,71,1996,Psychology,Social Sciences,12717,1.87,1,0,0,3.12,30,0,0,,0,-1.13
S201402370,2014,1,F,0,Multi,VA,INST_05,Urban University E (Research),research,2.59,40,1996,Civil Engineering,STEM,6483,0.953,1,1,5111,3.45,31,1,0,,0,-2.047
S201402371,2014,0,F,1,Hispanic,NC,INST_03,Regional College C (Teaching),teaching,3.75,60,1996,Economics-Bus,Business,5999,0.882,1,1,8403,3.84,32,1,0,,0,-2.118
S201402372,2014,0,M,0,Hispanic,NJ,INST_05,Urban University E (Research),research,3.02,48,1996,Kinesiology,Health,5717,0.841,1,0,0,3.105,33,1,0,,0,-2.159
S201402373,2014,0,F,0,White,FL,INST_01,State University A (Research),research,3.58,52,1996,Nursing,Health,11552,1.699,1,1,6687,3.3,27,0,0,,0,-1.301
S201402374,2014,1,F,1,Hispanic,TX,INST_03,Regional College C (Teaching),teaching,3.59,56,1996,Art History,Humanities,13988,2.057,1,1,8657,3.75,28,1,1,4.0,0,-0.943
S201402375,2014,1,F,0,White,NC,INST_05,Urban University E (Research),research,2.83,58,1996,Computer Science,STEM,2711,0.399,1,1,3041,3.66,31,1,1,3.7,0,-2.601
S201402376,2014,1,M,0,Hispanic,CA,INST_03,Regional College C (Teaching),teaching,2.28,30,1996,Marketing,Business,10727,1.578,1,1,5273,3.515,31,1,1,3.57,0,-1.422
S201402377,2014,0,M,0,White,IL,INST_02,State University B (Research),research,3.26,85,1996,Statistics,STEM,12962,1.906,1,0,0,3.49,33,0,0,,0,-1.094
S201402378,2014,0,F,0,White,GA,INST_04,Regional College D (Teaching),teaching,2.99,42,1996,Education,Other,17921,2.635,1,1,5716,3.3499999999999996,32,1,1,3.61,0,-0.365
S201402379,2014,0,M,0,Asian,NC,INST_03,Regional College C (Teaching),teaching,2.69,31,1996,Pre-Med,Health,3439,0.506,1,0,0,3.175,26,1,0,,0,-2.494
S201402380,2014,0,M,0,White,NY,INST_04,Regional College D (Teaching),teaching,2.9,26,1996,Psychology,Social Sciences,19547,2.875,1,0,0,3.46,31,1,0,,0,-0.125
S201402381,2014,0,M,0,White,PA,INST_01,State University A (Research),research,3.32,38,1996,Statistics,STEM,14077,2.07,1,1,6410,3.3049999999999997,30,1,0,,0,-0.93
S201402382,2014,0,F,0,Hispanic,TX,INST_05,Urban University E (Research),research,3.68,52,1996,Civil Engineering,STEM,19003,2.795,1,0,0,3.855,31,0,0,,0,-0.205
S201402383,2014,0,F,1,White,OH,INST_02,State University B (Research),research,3.73,65,1996,Pre-Med,Health,9895,1.455,1,0,0,3.34,28,1,1,3.43,0,-1.545
S201402384,2014,0,M,0,White,VA,INST_02,State University B (Research),research,4.0,79,1996,Civil Engineering,STEM,6000,0.882,1,1,7070,3.62,28,0,0,,0,-2.118
S201402385,2014,1,F,1,Black,IL,INST_04,Regional College D (Teaching),teaching,4.0,67,1996,Undeclared,Other,15827,2.328,1,0,0,3.4850000000000003,29,0,0,,0,-0.672
S201402386,2014,0,F,1,White,MI,INST_05,Urban University E (Research),research,2.86,44,1996,Economics-Bus,Business,18615,2.738,1,1,6428,3.245,27,0,0,,0,-0.262
S201402387,2014,1,M,0,Black,GA,INST_02,State University B (Research),research,3.46,43,1996,Communications,Other,7910,1.163,1,1,7170,2.755,27,0,0,,0,-1.837
S201402388,2014,0,M,1,White,NC,INST_02,State University B (Research),research,2.98,23,1996,Physics,STEM,3492,0.514,1,0,0,2.915,27,1,0,,0,-2.486
S201402389,2014,1,M,0,Asian,OH,INST_05,Urban University E (Research),research,3.09,66,1996,Pre-Med,Health,0,0.1,1,0,0,3.285,30,1,0,,0,-2.9
S201402390,2014,0,M,0,Black,CA,INST_03,Regional College C (Teaching),teaching,3.52,42,1996,Biology,STEM,11372,1.672,1,1,4227,2.4050000000000002,25,1,0,,0,-1.328
S201402391,2014,1,F,1,Black,CA,INST_03,Regional College C (Teaching),teaching,3.84,85,1996,Kinesiology,Health,9099,1.338,1,1,6506,3.865,32,1,0,,0,-1.662
S201402392,2014,0,F,0,Hispanic,CA,INST_03,Regional College C (Teaching),teaching,3.51,19,1996,Undeclared,Other,7219,1.062,1,0,0,3.315,30,1,0,,0,-1.938
S201402393,2014,0,F,0,Black,IL,INST_05,Urban University E (Research),research,3.31,22,1996,Economics-Bus,Business,10219,1.503,1,1,7317,2.59,30,1,1,2.85,0,-1.497
S201402394,2014,0,M,0,White,NC,INST_02,State University B (Research),research,3.92,50,1996,Chemistry,STEM,7199,1.059,1,0,0,3.15,25,0,0,,0,-1.941
S201402395,2014,0,F,1,Hispanic,MI,INST_05,Urban University E (Research),research,3.46,44,1996,Chemistry,STEM,3510,0.516,1,1,4465,3.71,28,0,0,,0,-2.484
S201402396,2014,0,M,1,Hispanic,GA,INST_03,Regional College C (Teaching),teaching,3.51,64,1996,Communications,Other,10046,1.477,1,0,0,3.0700000000000003,30,0,0,,0,-1.523
S201402397,2014,0,M,1,Black,NY,INST_04,Regional College D (Teaching),teaching,2.66,74,1996,Biomedical Engineering,STEM,13814,2.031,1,0,0,2.925,31,1,1,2.92,0,-0.969
S201402398,2014,1,F,0,White,PA,INST_04,Regional College D (Teaching),teaching,3.52,66,1996,Art History,Humanities,0,0.1,1,0,0,3.585,31,1,0,,0,-2.9
S201402399,2014,0,M,0,Hispanic,FL,INST_03,Regional College C (Teaching),teaching,3.29,56,1996,Computer Science,STEM,13803,2.03,1,0,0,3.12,28,0,0,,0,-0.97
S201402400,2014,0,F,1,Unknown,TX,INST_03,Regional College C (Teaching),teaching,2.94,22,1996,Mathematics,STEM,18436,2.711,1,0,0,2.625,26,1,0,,0,-0.289
S201402401,2014,1,F,1,Hispanic,VA,INST_03,Regional College C (Teaching),teaching,3.84,74,1996,Mathematics,STEM,17978,2.644,1,1,2513,3.615,30,1,1,3.45,0,-0.356
S201402402,2014,0,M,0,White,MI,INST_03,Regional College C (Teaching),teaching,3.0,99,1996,Anthropology,Social Sciences,19292,2.837,1,1,3738,3.665,30,0,0,,0,-0.163
S201402403,2014,1,M,1,Hispanic,GA,INST_04,Regional College D (Teaching),teaching,2.4,55,1996,Kinesiology,Health,6596,0.97,1,1,7048,3.615,31,0,0,,0,-2.03
S201402404,2014,0,F,1,White,GA,INST_05,Urban University E (Research),research,3.73,76,1996,Education,Other,872,0.128,1,1,5526,3.955,28,0,0,,0,-2.872
S201402405,2014,0,M,0,White,NJ,INST_03,Regional College C (Teaching),teaching,3.19,86,1996,Economics,Social Sciences,12546,1.845,1,1,6118,3.46,28,0,0,,0,-1.155
S201402406,2014,0,M,0,White,MI,INST_04,Regional College D (Teaching),teaching,2.65,64,1996,Spanish,Humanities,8734,1.284,1,1,7857,3.4050000000000002,31,0,0,,0,-1.716
S201402407,2014,0,F,0,Multi,VA,INST_02,State University B (Research),research,3.18,48,1996,Sociology,Social Sciences,2704,0.398,1,1,6341,3.22,25,1,0,,0,-2.602
S201402408,2014,0,M,1,Hispanic,FL,INST_03,Regional College C (Teaching),teaching,2.97,55,1996,Anthropology,Social Sciences,11066,1.627,1,0,0,3.295,30,1,1,3.61,0,-1.373
S201402409,2014,0,M,0,White,NY,INST_04,Regional College D (Teaching),teaching,2.39,57,1996,Kinesiology,Health,4828,0.71,1,1,7744,2.595,30,1,1,2.7,0,-2.29
S201402410,2014,1,M,0,Hispanic,NY,INST_05,Urban University E (Research),research,2.73,82,1996,Management,Business,3717,0.547,1,1,5188,3.965,34,1,0,,0,-2.453
S201402411,2014,0,F,1,Hispanic,FL,INST_05,Urban University E (Research),research,3.03,66,1996,Anthropology,Social Sciences,11718,1.723,1,1,6518,3.505,32,1,1,3.9,0,-1.277
S201402412,2014,0,M,0,White,TX,INST_02,State University B (Research),research,3.07,68,1995,Kinesiology,Health,38564,5.671,0,0,0,3.625,31,1,0,,1,2.671
S201402413,2014,0,M,0,Multi,OH,INST_01,State University A (Research),research,3.94,45,1996,Psychology,Social Sciences,12499,1.838,1,1,5871,3.8049999999999997,27,1,1,4.0,0,-1.162
S201402414,2014,0,M,1,White,NJ,INST_02,State University B (Research),research,4.0,55,1996,Statistics,STEM,10149,1.492,1,1,7925,3.9850000000000003,30,1,1,3.91,0,-1.508
S201402415,2014,1,M,0,Black,NY,INST_03,Regional College C (Teaching),teaching,2.97,55,1996,Mechanical Engineering,STEM,0,0.1,1,1,5244,2.975,31,0,0,,0,-2.9
S201402416,2014,0,F,0,Asian,CA,INST_03,Regional College C (Teaching),teaching,2.73,65,1996,Electrical Engineering,STEM,12885,1.895,1,0,0,4.0,28,1,1,4.0,0,-1.105
S201402417,2014,0,F,0,White,FL,INST_02,State University B (Research),research,2.81,80,1996,Computer Science,STEM,11159,1.641,1,1,4659,3.065,31,1,1,3.53,0,-1.359
S201402418,2014,0,M,0,White,OH,INST_03,Regional College C (Teaching),teaching,3.77,79,1996,Mechanical Engineering,STEM,10544,1.551,1,1,7276,3.595,31,1,1,3.89,0,-1.449
S201402419,2014,0,F,1,White,VA,INST_02,State University B (Research),research,3.84,59,1996,Pre-Med,Health,11298,1.661,1,1,4358,3.005,28,0,0,,0,-1.339
S201402420,2014,0,F,1,White,NY,INST_04,Regional College D (Teaching),teaching,3.75,44,1996,Anthropology,Social Sciences,3449,0.507,1,0,0,3.365,30,1,0,,0,-2.493
S201402421,2014,1,M,0,White,CA,INST_03,Regional College C (Teaching),teaching,3.0,51,1996,Education,Other,4472,0.658,1,1,7663,3.48,28,0,0,,0,-2.342
S201402422,2014,0,F,0,Multi,NJ,INST_03,Regional College C (Teaching),teaching,3.52,64,1996,Chemistry,STEM,9643,1.418,1,1,5264,3.08,31,0,0,,0,-1.582
S201402423,2014,0,F,0,White,IL,INST_03,Regional College C (Teaching),teaching,3.78,78,1996,Computer Science,STEM,12263,1.803,1,1,5617,3.115,32,1,1,3.63,0,-1.197
S201402424,2014,1,M,1,Black,NC,INST_02,State University B (Research),research,2.65,72,1996,Finance,Business,7120,1.047,1,1,4795,3.925,30,0,0,,0,-1.953
S201402425,2014,0,M,1,White,PA,INST_04,Regional College D (Teaching),teaching,3.49,58,1996,Economics,Social Sciences,9013,1.325,1,1,5370,3.2199999999999998,30,1,1,3.81,0,-1.675
S201402426,2014,0,F,0,White,MI,INST_03,Regional College C (Teaching),teaching,2.48,37,1996,Computer Science,STEM,14574,2.143,1,1,3463,2.705,32,1,0,,0,-0.857
S201402427,2014,1,M,0,White,MI,INST_01,State University A (Research),research,3.4,78,1996,Economics,Social Sciences,13903,2.045,1,0,0,3.2,32,1,1,3.36,0,-0.955
S201402428,2014,0,F,0,White,NY,INST_03,Regional College C (Teaching),teaching,3.71,83,1996,English,Humanities,18600,2.735,1,1,7808,3.52,29,1,1,3.34,0,-0.265
S201402429,2014,0,F,0,White,NY,INST_05,Urban University E (Research),research,3.66,33,1996,Biomedical Engineering,STEM,13351,1.963,1,1,5010,3.83,31,0,0,,0,-1.037
S201402430,2014,0,M,0,White,VA,INST_05,Urban University E (Research),research,3.62,29,1996,Undeclared,Other,18262,2.686,1,1,1500,2.955,27,0,0,,0,-0.314
S201402431,2014,0,M,0,Black,GA,INST_03,Regional College C (Teaching),teaching,3.47,44,1996,Economics,Social Sciences,2435,0.358,1,0,0,3.6500000000000004,31,0,0,,0,-2.642
S201402432,2014,1,F,0,White,NJ,INST_03,Regional College C (Teaching),teaching,3.05,77,1996,Mathematics,STEM,0,0.1,1,0,0,3.785,28,0,0,,0,-2.9
S201402433,2014,0,F,0,Black,FL,INST_05,Urban University E (Research),research,3.85,54,1996,Finance,Business,7000,1.029,1,1,6781,3.2350000000000003,30,0,0,,0,-1.971
S201402434,2014,0,M,0,Asian,NJ,INST_03,Regional College C (Teaching),teaching,3.32,28,1996,Public Health,Health,17806,2.619,1,0,0,2.5650000000000004,28,1,1,2.84,0,-0.381
S201402435,2014,1,F,0,White,MI,INST_03,Regional College C (Teaching),teaching,2.93,44,1996,Electrical Engineering,STEM,0,0.1,1,1,8210,3.1399999999999997,31,1,1,3.51,0,-2.9
S201402436,2014,0,M,0,Multi,GA,INST_03,Regional College C (Teaching),teaching,3.33,46,1996,Physics,STEM,17014,2.502,1,1,4990,3.73,29,1,0,,0,-0.498
S201402437,2014,0,F,1,White,GA,INST_01,State University A (Research),research,2.96,73,1996,Communications,Other,13937,2.05,1,1,5222,3.6799999999999997,31,1,0,,0,-0.95
S201402438,2014,0,F,0,White,GA,INST_02,State University B (Research),research,3.6,77,1996,Nursing,Health,15619,2.297,1,0,0,3.4299999999999997,28,0,0,,0,-0.703
S201402439,2014,0,F,1,White,NJ,INST_04,Regional College D (Teaching),teaching,3.32,58,1996,Undeclared,Other,4807,0.707,1,1,4697,3.3600000000000003,31,1,0,,0,-2.293
S201402440,2014,0,F,0,Black,GA,INST_01,State University A (Research),research,2.97,54,1996,Psychology,Social Sciences,15345,2.257,1,1,6370,3.73,28,1,0,,0,-0.743
S201402441,2014,0,F,1,Asian,MI,INST_05,Urban University E (Research),research,3.65,69,1996,General Studies,Other,8290,1.219,1,0,0,2.975,31,0,0,,0,-1.781
S201402442,2014,0,F,0,Multi,OH,INST_03,Regional College C (Teaching),teaching,3.59,62,1996,Mathematics,STEM,11693,1.72,1,1,7181,3.25,32,1,0,,0,-1.28
S201402443,2014,1,F,0,Hispanic,NC,INST_03,Regional College C (Teaching),teaching,2.56,39,1996,Communications,Other,10238,1.506,1,1,6805,3.44,32,0,0,,0,-1.494
S201402444,2014,1,M,0,White,FL,INST_03,Regional College C (Teaching),teaching,3.78,71,1996,Chemistry,STEM,14038,2.064,1,1,5760,3.7,31,0,0,,0,-0.936
S201402445,2014,0,M,0,White,OH,INST_01,State University A (Research),research,4.0,56,1996,Electrical Engineering,STEM,9167,1.348,1,1,6346,3.915,32,1,1,3.85,0,-1.652
S201402446,2014,1,F,0,Black,OH,INST_04,Regional College D (Teaching),teaching,3.62,52,1996,Mechanical Engineering,STEM,7082,1.041,1,1,5859,3.06,28,1,1,3.91,0,-1.959
S201402447,2014,1,F,1,Asian,NJ,INST_05,Urban University E (Research),research,2.78,50,1996,Marketing,Business,0,0.1,1,0,0,3.1500000000000004,30,1,1,3.51,0,-2.9
S201402448,2014,1,F,1,White,NJ,INST_05,Urban University E (Research),research,2.62,48,1996,Chemistry,STEM,0,0.1,1,0,0,2.8,28,0,0,,0,-2.9
S201402449,2014,1,F,0,Black,NC,INST_01,State University A (Research),research,3.55,52,1996,Economics,Social Sciences,11136,1.638,1,0,0,3.295,30,0,0,,0,-1.362
S201402450,2014,0,M,0,White,IL,INST_04,Regional College D (Teaching),teaching,3.33,46,1996,Undeclared,Other,5536,0.814,1,1,5898,3.385,27,0,0,,0,-2.186
S201402451,2014,0,F,0,Hispanic,VA,INST_01,State University A (Research),research,3.54,28,1996,Pre-Med,Health,5974,0.879,1,1,7165,3.91,31,1,0,,0,-2.121
S201402452,2014,0,F,0,White,CA,INST_03,Regional College C (Teaching),teaching,3.52,63,1996,Economics,Social Sciences,24731,3.637,0,0,0,3.44,30,1,1,3.4,1,0.637
S201402453,2014,1,F,0,Unknown,NY,INST_02,State University B (Research),research,3.77,45,1996,History,Humanities,7164,1.054,1,0,0,3.075,31,0,0,,0,-1.946
S201402454,2014,1,F,1,Asian,FL,INST_04,Regional College D (Teaching),teaching,3.16,85,1996,Civil Engineering,STEM,144,0.1,1,1,3976,3.66,31,0,0,,0,-2.9
S201402455,2014,0,M,1,Asian,IL,INST_02,State University B (Research),research,2.17,61,1996,Electrical Engineering,STEM,670,0.1,1,0,0,2.995,31,0,0,,0,-2.9
S201402456,2014,0,F,1,Asian,NC,INST_01,State University A (Research),research,4.0,57,1996,Economics-Bus,Business,24649,3.625,0,0,0,3.665,28,1,0,,1,0.625
S201402457,2014,0,F,0,Black,MI,INST_03,Regional College C (Teaching),teaching,3.83,47,1996,Economics-Bus,Business,22836,3.358,0,0,0,3.2199999999999998,25,0,0,,1,0.358
S201402458,2014,0,F,0,Black,OH,INST_02,State University B (Research),research,3.05,25,1996,Biology,STEM,2928,0.431,1,1,6556,3.24,31,1,1,3.45,0,-2.569
S201402459,2014,0,M,0,White,OH,INST_05,Urban University E (Research),research,3.42,71,1996,Public Health,Health,10981,1.615,1,0,0,2.98,30,1,1,2.78,0,-1.385
S201402460,2014,0,M,0,Asian,CA,INST_04,Regional College D (Teaching),teaching,3.63,79,1996,Kinesiology,Health,17830,2.622,1,0,0,2.795,25,1,1,3.23,0,-0.378
S201402461,2014,0,M,0,Asian,NC,INST_04,Regional College D (Teaching),teaching,3.83,57,1996,Communications,Other,19879,2.923,1,1,7006,3.5,28,1,0,,0,-0.077
S201402462,2014,1,M,1,Asian,OH,INST_03,Regional College C (Teaching),teaching,3.88,51,1996,Nursing,Health,7861,1.156,1,1,3055,3.9699999999999998,33,0,0,,0,-1.844
S201402463,2014,0,F,1,Hispanic,OH,INST_04,Regional College D (Teaching),teaching,3.87,31,1996,Public Health,Health,10477,1.541,1,1,6334,3.315,30,0,0,,0,-1.459
S201402464,2014,0,F,0,Asian,PA,INST_03,Regional College C (Teaching),teaching,3.22,59,1996,Mechanical Engineering,STEM,19694,2.896,1,1,6581,3.245,27,1,0,,0,-0.104
S201402465,2014,1,F,1,Black,VA,INST_01,State University A (Research),research,3.91,37,1996,Physics,STEM,9721,1.43,1,0,0,3.5949999999999998,28,0,0,,0,-1.57
S201402466,2014,0,F,0,Hispanic,NC,INST_04,Regional College D (Teaching),teaching,3.52,34,1996,Pre-Med,Health,13293,1.955,1,1,6031,3.525,28,0,0,,0,-1.045
S201402467,2014,0,M,0,Hispanic,TX,INST_05,Urban University E (Research),research,2.99,41,1996,English,Humanities,5849,0.86,1,1,4390,3.58,31,0,0,,0,-2.14
S201402468,2014,0,F,0,White,CA,INST_01,State University A (Research),research,4.0,30,1996,Biology,STEM,16154,2.376,1,1,6885,3.36,31,0,0,,0,-0.624
S201402469,2014,0,F,0,White,TX,INST_03,Regional College C (Teaching),teaching,2.08,77,1996,Public Health,Health,11716,1.723,1,0,0,3.77,30,0,0,,0,-1.277
S201402470,2014,0,F,0,White,FL,INST_03,Regional College C (Teaching),teaching,2.35,34,1996,Biomedical Engineering,STEM,6626,0.974,1,0,0,2.795,29,0,0,,0,-2.026
S201402471,2014,1,F,0,Hispanic,CA,INST_05,Urban University E (Research),research,4.0,60,1996,Public Health,Health,8615,1.267,1,1,2751,3.96,33,0,0,,0,-1.733
S201402472,2014,0,F,0,Multi,PA,INST_02,State University B (Research),research,3.45,62,1996,Physics,STEM,6498,0.956,1,1,4195,2.425,31,1,0,,0,-2.044
S201402473,2014,0,M,0,White,VA,INST_05,Urban University E (Research),research,3.01,45,1996,Kinesiology,Health,17935,2.638,1,0,0,2.98,30,0,0,,0,-0.362
S201402474,2014,1,M,0,White,OH,INST_05,Urban University E (Research),research,2.8,75,1996,General Studies,Other,23104,3.398,0,0,0,3.025,32,1,1,3.25,1,0.398
S201402475,2014,0,F,0,White,VA,INST_05,Urban University E (Research),research,3.81,64,1996,Sociology,Social Sciences,6492,0.955,1,1,5489,3.575,29,0,0,,0,-2.045
S201402476,2014,0,M,0,Asian,NY,INST_01,State University A (Research),research,2.97,20,1996,Marketing,Business,11026,1.621,1,0,0,3.62,31,0,0,,0,-1.379
S201402477,2014,0,F,1,White,VA,INST_04,Regional College D (Teaching),teaching,3.76,4,1996,Mechanical Engineering,STEM,13306,1.957,1,1,5621,3.46,31,0,0,,0,-1.043
S201402478,2014,0,M,0,Hispanic,NY,INST_02,State University B (Research),research,3.68,99,1996,Mathematics,STEM,22990,3.381,0,0,0,3.435,31,1,0,,1,0.381
S201402479,2014,0,F,0,White,OH,INST_02,State University B (Research),research,2.81,60,1996,Accounting,Business,15668,2.304,1,1,4687,3.145,27,1,0,,0,-0.696
S201402480,2014,0,M,0,White,PA,INST_05,Urban University E (Research),research,2.35,78,1996,Computer Science,STEM,8142,1.197,1,0,0,3.2199999999999998,28,1,0,,0,-1.803
S201402481,2014,0,F,0,White,MI,INST_04,Regional College D (Teaching),teaching,3.15,82,1996,Mathematics,STEM,12452,1.831,1,1,6991,3.17,33,1,1,3.8,0,-1.169
S201402482,2014,0,M,0,White,CA,INST_01,State University A (Research),research,2.45,43,1996,Political Science,Social Sciences,274,0.1,1,1,2401,2.8,31,0,0,,0,-2.9
S201402483,2014,1,M,0,AIAN,NC,INST_01,State University A (Research),research,3.57,58,1996,Physics,STEM,442,0.1,1,0,0,3.88,32,1,0,,0,-2.9
S201402484,2014,0,M,0,White,OH,INST_01,State University A (Research),research,3.03,38,1996,Public Health,Health,2017,0.297,1,1,7775,2.745,28,0,0,,0,-2.703
S201402485,2014,1,F,0,Asian,GA,INST_05,Urban University E (Research),research,2.39,34,1996,Civil Engineering,STEM,1974,0.29,1,1,5943,2.9050000000000002,32,1,1,3.22,0,-2.71
S201402486,2014,0,F,1,White,IL,INST_05,Urban University E (Research),research,3.29,49,1996,Mechanical Engineering,STEM,15210,2.237,1,0,0,3.4000000000000004,30,0,0,,0,-0.763
S201402487,2014,0,M,1,Hispanic,IL,INST_05,Urban University E (Research),research,3.5,31,1996,Civil Engineering,STEM,21975,3.232,0,1,6481,3.74,32,1,0,,1,0.232
S201402488,2014,0,F,0,White,VA,INST_04,Regional College D (Teaching),teaching,3.68,49,1996,Communications,Other,9987,1.469,1,1,6167,3.3449999999999998,27,1,1,3.57,0,-1.531
S201402489,2014,0,M,1,Hispanic,VA,INST_05,Urban University E (Research),research,2.54,29,1996,Economics,Social Sciences,12918,1.9,1,1,7542,3.22,31,0,0,,0,-1.1
S201402490,2014,0,M,0,Black,CA,INST_04,Regional College D (Teaching),teaching,3.43,76,1995,Civil Engineering,STEM,16376,2.408,1,0,0,3.4699999999999998,32,1,0,,0,-0.592
S201402491,2014,0,M,0,Hispanic,NC,INST_04,Regional College D (Teaching),teaching,3.06,45,1996,General Studies,Other,0,0.1,1,1,6667,3.7199999999999998,28,0,0,,0,-2.9
S201402492,2014,1,M,0,Hispanic,FL,INST_01,State University A (Research),research,3.01,55,1996,Sociology,Social Sciences,0,0.1,1,1,3407,3.58,28,0,0,,0,-2.9
S201402493,2014,1,M,0,Hispanic,OH,INST_01,State University A (Research),research,2.52,35,1996,Management,Business,6454,0.949,1,1,5378,2.25,33,1,0,,0,-2.051
S201402494,2014,1,M,0,Black,NJ,INST_05,Urban University E (Research),research,3.17,29,1996,Kinesiology,Health,17706,2.604,1,0,0,2.965,33,1,1,3.17,0,-0.396
S201402495,2014,0,M,0,Asian,PA,INST_03,Regional College C (Teaching),teaching,3.36,30,1996,Undeclared,Other,11157,1.641,1,0,0,3.215,30,1,0,,0,-1.359
S201402496,2014,0,F,1,Black,NY,INST_04,Regional College D (Teaching),teaching,3.11,79,1996,Mathematics,STEM,15593,2.293,1,1,4258,3.6399999999999997,32,0,0,,0,-0.707
S201402497,2014,0,M,1,White,MI,INST_04,Regional College D (Teaching),teaching,2.67,46,1996,Public Health,Health,22310,3.281,0,0,0,3.67,31,1,0,,1,0.281
S201402498,2014,0,F,1,White,IL,INST_01,State University A (Research),research,3.73,61,1996,Political Science,Social Sciences,10017,1.473,1,0,0,3.6550000000000002,24,1,0,,0,-1.527
S201402499,2014,0,F,0,White,VA,INST_01,State University A (Research),research,3.57,3,1995,Public Health,Health,13910,2.046,1,1,7627,3.565,25,1,0,,0,-0.954
S201402500,2014,0,F,0,White,TX,INST_02,State University B (Research),research,3.32,58,1996,Communications,Other,20684,3.042,0,0,0,3.08,34,1,0,,1,0.042
S201402501,2014,0,M,0,White,TX,INST_05,Urban University E (Research),research,3.45,88,1996,Sociology,Social Sciences,20180,2.968,1,1,6110,3.08,29,1,1,3.48,0,-0.032
S201402502,2014,1,M,1,White,IL,INST_05,Urban University E (Research),research,3.61,22,1996,Chemistry,STEM,2600,0.382,1,1,4330,3.83,29,0,0,,0,-2.618
S201402503,2014,0,F,0,Multi,OH,INST_01,State University A (Research),research,3.64,42,1996,English,Humanities,5120,0.753,1,0,0,2.98,30,1,1,3.53,0,-2.247
S201402504,2014,0,F,0,White,FL,INST_03,Regional College C (Teaching),teaching,2.47,30,1996,Biomedical Engineering,STEM,2460,0.362,1,0,0,2.54,31,1,1,3.31,0,-2.638
S201402505,2014,1,M,0,White,MI,INST_02,State University B (Research),research,2.5,75,1996,Civil Engineering,STEM,0,0.1,1,1,4943,2.765,28,0,0,,0,-2.9
S201402506,2014,1,F,0,White,FL,INST_04,Regional College D (Teaching),teaching,3.02,54,1996,General Studies,Other,10905,1.604,1,1,6159,2.9749999999999996,26,1,0,,0,-1.396
S201402507,2014,0,F,0,Black,GA,INST_02,State University B (Research),research,3.45,79,1996,Management,Business,19181,2.821,1,1,7506,3.9299999999999997,30,1,0,,0,-0.179
S201402508,2014,1,M,1,White,FL,INST_01,State University A (Research),research,2.42,57,1996,Computer Science,STEM,0,0.1,1,1,6499,3.58,30,1,1,3.8,0,-2.9
S201402509,2014,0,F,0,White,NY,INST_02,State University B (Research),research,3.84,61,1996,Economics,Social Sciences,9963,1.465,1,1,5844,3.5700000000000003,31,1,1,3.21,0,-1.535
S201402510,2014,0,M,1,Asian,NC,INST_04,Regional College D (Teaching),teaching,3.35,6,1996,Art History,Humanities,13738,2.02,1,1,6487,3.27,31,0,0,,0,-0.98
S201402511,2014,1,F,0,White,PA,INST_02,State University B (Research),research,3.09,51,1996,Anthropology,Social Sciences,3139,0.462,1,1,7451,3.4299999999999997,28,0,0,,0,-2.538
S201402512,2014,0,M,0,Hispanic,OH,INST_03,Regional College C (Teaching),teaching,2.62,61,1996,Biology,STEM,8621,1.268,1,0,0,3.5949999999999998,32,0,0,,0,-1.732
S201402513,2014,0,M,0,Asian,OH,INST_04,Regional College D (Teaching),teaching,2.62,58,1996,Economics-Bus,Business,18234,2.681,1,1,8301,3.1550000000000002,30,1,0,,0,-0.319
S201402514,2014,0,M,1,White,PA,INST_02,State University B (Research),research,3.38,54,1996,Statistics,STEM,16078,2.364,1,0,0,4.0,33,1,1,3.76,0,-0.636
S201402515,2014,1,M,0,White,CA,INST_03,Regional College C (Teaching),teaching,4.0,43,1996,Finance,Business,0,0.1,1,1,10038,3.76,33,0,0,,0,-2.9
S201402516,2014,0,M,1,White,FL,INST_03,Regional College C (Teaching),teaching,2.87,59,1996,Kinesiology,Health,0,0.1,1,1,4315,3.77,27,0,0,,0,-2.9
S201402517,2014,1,M,0,White,CA,INST_04,Regional College D (Teaching),teaching,3.92,35,1996,Anthropology,Social Sciences,11531,1.696,1,1,5362,3.01,26,0,0,,0,-1.304
S201402518,2014,0,M,0,Black,NC,INST_04,Regional College D (Teaching),teaching,3.59,74,1996,Economics,Social Sciences,11489,1.69,1,1,7603,3.835,28,1,1,4.0,0,-1.31
S201402519,2014,0,F,1,Black,FL,INST_04,Regional College D (Teaching),teaching,3.23,71,1996,Pre-Med,Health,7624,1.121,1,1,5650,3.8449999999999998,28,0,0,,0,-1.879
S201402520,2014,0,F,1,Asian,NY,INST_03,Regional College C (Teaching),teaching,2.72,33,1996,Chemistry,STEM,13117,1.929,1,0,0,3.225,31,1,0,,0,-1.071
S201402521,2014,0,F,0,Hispanic,FL,INST_02,State University B (Research),research,2.79,71,1996,Sociology,Social Sciences,21748,3.198,0,1,4853,3.115,25,0,0,,1,0.198
S201402522,2014,0,F,0,Black,PA,INST_01,State University A (Research),research,3.5,39,1996,General Studies,Other,6849,1.007,1,1,4717,3.24,31,0,0,,0,-1.993
S201402523,2014,0,M,0,White,TX,INST_02,State University B (Research),research,2.73,74,1996,Kinesiology,Health,10821,1.591,1,1,7661,3.3449999999999998,27,1,1,3.72,0,-1.409
S201402524,2014,0,M,0,White,NC,INST_04,Regional College D (Teaching),teaching,3.04,21,1996,Pre-Med,Health,16173,2.378,1,1,6869,3.59,29,1,0,,0,-0.622
S201402525,2014,1,F,0,Asian,IL,INST_03,Regional College C (Teaching),teaching,3.12,75,1996,Physics,STEM,11036,1.623,1,1,5108,3.705,27,0,0,,0,-1.377
S201402526,2014,0,F,0,Hispanic,NJ,INST_05,Urban University E (Research),research,2.49,45,1996,Biomedical Engineering,STEM,5582,0.821,1,1,6326,3.1849999999999996,28,1,0,,0,-2.179
S201402527,2014,1,M,1,Hispanic,VA,INST_02,State University B (Research),research,3.04,68,1996,Biology,STEM,9823,1.445,1,0,0,3.865,28,0,0,,0,-1.555
S201402528,2014,0,F,0,Hispanic,CA,INST_02,State University B (Research),research,4.0,37,1996,Statistics,STEM,16474,2.423,1,1,6518,3.545,32,1,1,3.55,0,-0.577
S201402529,2014,1,F,0,White,FL,INST_02,State University B (Research),research,3.33,77,1996,Finance,Business,2416,0.355,1,0,0,2.785,30,1,1,3.02,0,-2.645
S201402530,2014,0,M,1,Black,OH,INST_04,Regional College D (Teaching),teaching,3.35,67,1996,Public Health,Health,13560,1.994,1,1,5347,3.71,31,0,0,,0,-1.006
S201402531,2014,1,F,0,Hispanic,VA,INST_02,State University B (Research),research,2.57,61,1996,Political Science,Social Sciences,5769,0.848,1,1,6153,2.795,27,0,0,,0,-2.152
S201402532,2014,0,F,0,Hispanic,VA,INST_03,Regional College C (Teaching),teaching,2.53,25,1996,Computer Science,STEM,23555,3.464,0,1,5009,3.01,32,1,0,,1,0.464
S201402533,2014,0,M,1,White,NC,INST_01,State University A (Research),research,2.77,54,1995,Education,Other,22089,3.248,0,1,4920,3.865,33,1,1,3.48,1,0.248
S201402534,2014,0,F,0,Hispanic,FL,INST_05,Urban University E (Research),research,3.04,59,1996,Physics,STEM,11805,1.736,1,1,4727,3.385,28,1,0,,0,-1.264
S201402535,2014,0,F,0,Hispanic,MI,INST_01,State University A (Research),research,2.85,38,1996,Economics-Bus,Business,25452,3.743,0,0,0,2.795,31,1,0,,1,0.743
S201402536,2014,0,M,0,Asian,FL,INST_03,Regional College C (Teaching),teaching,3.44,61,1996,Physics,STEM,5718,0.841,1,1,3354,3.65,33,1,1,3.8,0,-2.159
S201402537,2014,1,M,1,Hispanic,IL,INST_02,State University B (Research),research,3.3,31,1996,Biology,STEM,7302,1.074,1,1,6528,3.455,27,1,0,,0,-1.926
S201402538,2014,0,F,0,Hispanic,TX,INST_02,State University B (Research),research,2.84,38,1996,Nursing,Health,12234,1.799,1,1,6541,2.79,28,1,1,2.84,0,-1.201
S201402539,2014,1,F,0,White,TX,INST_02,State University B (Research),research,3.64,67,1996,Nursing,Health,4934,0.726,1,1,6426,3.5,33,1,1,4.0,0,-2.274
S201402540,2014,0,M,0,White,FL,INST_03,Regional College C (Teaching),teaching,1.98,59,1996,Anthropology,Social Sciences,6493,0.955,1,1,5618,3.2350000000000003,26,1,1,3.37,0,-2.045
S201402541,2014,1,M,0,Asian,NJ,INST_03,Regional College C (Teaching),teaching,3.25,50,1996,Sociology,Social Sciences,1929,0.284,1,0,0,3.205,30,1,1,3.02,0,-2.716
S201402542,2014,1,M,0,Hispanic,MI,INST_03,Regional College C (Teaching),teaching,3.09,3,1996,Accounting,Business,13383,1.968,1,1,6260,3.8200000000000003,30,1,1,3.24,0,-1.032
S201402543,2014,0,M,0,White,CA,INST_05,Urban University E (Research),research,4.0,59,1996,Political Science,Social Sciences,7706,1.133,1,0,0,3.545,32,1,1,3.67,0,-1.867
S201402544,2014,0,F,0,White,NC,INST_02,State University B (Research),research,3.02,55,1996,Chemistry,STEM,25001,3.677,0,0,0,3.9050000000000002,29,0,0,,1,0.677
S201402545,2014,0,F,0,Black,VA,INST_04,Regional College D (Teaching),teaching,2.7,46,1996,History,Humanities,18122,2.665,1,0,0,2.6799999999999997,27,0,0,,0,-0.335
S201402546,2014,0,M,1,White,NJ,INST_01,State University A (Research),research,3.42,37,1996,General Studies,Other,0,0.1,1,1,6080,3.245,31,0,0,,0,-2.9
S201402547,2014,0,M,1,White,CA,INST_03,Regional College C (Teaching),teaching,3.48,65,1996,Mathematics,STEM,14927,2.195,1,0,0,3.705,30,0,0,,0,-0.805
S201402548,2014,0,F,0,Unknown,OH,INST_02,State University B (Research),research,3.1,3,1996,Management,Business,0,0.1,1,0,0,3.49,30,1,1,3.63,0,-2.9
S201402549,2014,0,F,0,Multi,PA,INST_02,State University B (Research),research,3.04,64,1996,Computer Science,STEM,12919,1.9,1,0,0,3.615,33,1,1,3.85,0,-1.1
S201402550,2014,0,M,0,Black,TX,INST_02,State University B (Research),research,2.9,63,1996,Management,Business,13168,1.936,1,0,0,2.64,33,1,1,2.92,0,-1.064
S201402551,2014,1,F,0,White,CA,INST_04,Regional College D (Teaching),teaching,3.94,49,1996,Kinesiology,Health,12458,1.832,1,1,6042,3.885,34,0,0,,0,-1.168
S201402552,2014,0,NB,0,Multi,OH,INST_04,Regional College D (Teaching),teaching,2.73,84,1996,Kinesiology,Health,11092,1.631,1,1,7601,3.08,32,1,1,3.56,0,-1.369
S201402553,2014,0,M,1,Black,IL,INST_02,State University B (Research),research,3.16,37,1996,Mechanical Engineering,STEM,0,0.1,1,0,0,2.99,30,0,0,,0,-2.9
S201402554,2014,1,M,0,White,TX,INST_04,Regional College D (Teaching),teaching,3.14,68,1996,Computer Science,STEM,10246,1.507,1,1,6958,3.365,32,0,0,,0,-1.493
S201402555,2014,1,F,1,White,PA,INST_02,State University B (Research),research,3.83,58,1996,Mechanical Engineering,STEM,6260,0.921,1,1,7961,3.32,31,0,0,,0,-2.079
S201402556,2014,0,F,0,White,NC,INST_05,Urban University E (Research),research,2.7,57,1996,Nursing,Health,1341,0.197,1,0,0,2.76,31,1,0,,0,-2.803
S201402557,2014,0,F,1,White,NY,INST_01,State University A (Research),research,2.9,50,1996,Electrical Engineering,STEM,5191,0.763,1,1,5279,3.565,26,1,0,,0,-2.237
S201402558,2014,1,F,0,Asian,GA,INST_05,Urban University E (Research),research,2.96,9,1996,Economics-Bus,Business,42,0.1,1,1,6054,3.175,31,1,0,,0,-2.9
S201402559,2014,1,F,0,White,GA,INST_04,Regional College D (Teaching),teaching,2.65,54,1996,Public Health,Health,7566,1.113,1,1,8341,3.21,29,1,0,,0,-1.887
S201402560,2014,1,M,1,White,GA,INST_05,Urban University E (Research),research,3.74,67,1996,Pre-Med,Health,0,0.1,1,1,4676,3.95,28,0,0,,0,-2.9
S201402561,2014,0,F,0,Hispanic,CA,INST_04,Regional College D (Teaching),teaching,3.62,51,1996,Accounting,Business,10666,1.569,1,1,5690,2.925,31,0,0,,0,-1.431
S201402562,2014,0,M,1,White,MI,INST_04,Regional College D (Teaching),teaching,3.08,43,1996,Mathematics,STEM,814,0.12,1,1,5412,3.025,28,1,0,,0,-2.88
S201402563,2014,0,M,1,White,GA,INST_01,State University A (Research),research,2.85,56,1996,General Studies,Other,14599,2.147,1,1,7577,3.175,31,1,0,,0,-0.853
S201402564,2014,0,M,0,Black,FL,INST_03,Regional College C (Teaching),teaching,3.1,78,1996,Accounting,Business,7667,1.128,1,1,3193,3.5,28,1,0,,0,-1.872
S201402565,2014,0,M,0,AIAN,PA,INST_05,Urban University E (Research),research,3.32,62,1996,Marketing,Business,8783,1.292,1,1,7269,3.94,29,0,0,,0,-1.708
S201402566,2014,0,M,0,White,CA,INST_01,State University A (Research),research,3.68,33,1996,Sociology,Social Sciences,16184,2.38,1,1,4802,3.175,30,1,1,3.19,0,-0.62
S201402567,2014,0,F,1,White,NJ,INST_03,Regional College C (Teaching),teaching,2.77,57,1996,Psychology,Social Sciences,15688,2.307,1,1,5388,3.1799999999999997,30,0,0,,0,-0.693
S201402568,2014,0,M,0,White,IL,INST_02,State University B (Research),research,4.0,26,1996,Kinesiology,Health,0,0.1,1,0,0,3.1550000000000002,27,0,0,,0,-2.9
S201402569,2014,1,M,0,White,TX,INST_05,Urban University E (Research),research,2.79,38,1996,Art History,Humanities,17008,2.501,1,1,6752,3.965,29,1,0,,0,-0.499
S201402570,2014,0,F,0,White,NJ,INST_03,Regional College C (Teaching),teaching,2.87,83,1996,Biology,STEM,14168,2.084,1,1,3175,3.5549999999999997,31,1,0,,0,-0.916
S201402571,2014,1,M,0,Multi,MI,INST_02,State University B (Research),research,2.04,90,1996,Anthropology,Social Sciences,7667,1.128,1,1,6735,3.745,28,1,1,3.91,0,-1.872
S201402572,2014,0,M,0,Unknown,MI,INST_04,Regional College D (Teaching),teaching,3.38,38,1996,Computer Science,STEM,8617,1.267,1,1,5583,3.67,30,0,0,,0,-1.733
S201402573,2014,0,F,0,White,TX,INST_04,Regional College D (Teaching),teaching,3.14,58,1996,Pre-Med,Health,16886,2.483,1,0,0,2.8449999999999998,28,1,0,,0,-0.517
S201402574,2014,0,M,1,Asian,FL,INST_05,Urban University E (Research),research,2.23,32,1996,Public Health,Health,21004,3.089,0,0,0,3.01,28,1,0,,1,0.089
S201402575,2014,0,F,0,Asian,NY,INST_02,State University B (Research),research,4.0,49,1996,Biology,STEM,17494,2.573,1,0,0,3.27,31,1,1,3.23,0,-0.427
S201402576,2014,0,M,0,White,CA,INST_05,Urban University E (Research),research,3.64,42,1996,Political Science,Social Sciences,5486,0.807,1,1,5197,3.415,29,1,0,,0,-2.193
S201402577,2014,1,F,0,White,PA,INST_01,State University A (Research),research,3.94,37,1996,Economics,Social Sciences,18961,2.788,1,1,6973,3.805,34,1,1,3.99,0,-0.212
S201402578,2014,1,M,0,White,PA,INST_05,Urban University E (Research),research,3.35,39,1996,Biology,STEM,0,0.1,1,0,0,3.025,30,0,0,,0,-2.9
S201402579,2014,0,F,1,White,NY,INST_04,Regional College D (Teaching),teaching,4.0,39,1996,Biomedical Engineering,STEM,16833,2.475,1,1,7786,3.585,31,0,0,,0,-0.525
S201402580,2014,0,F,0,White,GA,INST_05,Urban University E (Research),research,4.0,28,1996,Marketing,Business,0,0.1,1,1,5987,3.485,28,0,0,,0,-2.9
S201402581,2014,0,M,0,White,FL,INST_05,Urban University E (Research),research,2.3,39,1996,Kinesiology,Health,0,0.1,1,0,0,3.58,31,0,0,,0,-2.9
S201402582,2014,0,M,0,White,PA,INST_03,Regional College C (Teaching),teaching,3.96,55,1996,Accounting,Business,20640,3.035,0,0,0,2.635,31,0,0,,1,0.035
S201402583,2014,1,F,0,White,TX,INST_04,Regional College D (Teaching),teaching,3.15,60,1996,Economics,Social Sciences,9037,1.329,1,1,2486,3.6550000000000002,31,1,1,3.59,0,-1.671
S201402584,2014,0,F,0,White,GA,INST_03,Regional College C (Teaching),teaching,3.09,45,1996,Nursing,Health,23961,3.524,0,0,0,3.05,27,1,1,3.05,1,0.524
S201402585,2014,1,F,0,Black,CA,INST_01,State University A (Research),research,3.66,55,1996,Mechanical Engineering,STEM,20246,2.977,1,1,6822,3.775,32,0,0,,0,-0.023
S201402586,2014,0,M,0,Black,GA,INST_04,Regional College D (Teaching),teaching,3.23,36,1996,Mechanical Engineering,STEM,80,0.1,1,1,5765,3.5700000000000003,30,0,0,,0,-2.9
S201402587,2014,1,F,1,Hispanic,VA,INST_03,Regional College C (Teaching),teaching,3.08,36,1996,Physics,STEM,1563,0.23,1,0,0,3.81,31,0,0,,0,-2.77
S201402588,2014,1,M,0,Hispanic,CA,INST_05,Urban University E (Research),research,3.31,33,1996,Biology,STEM,22816,3.355,0,0,0,3.12,34,1,0,,1,0.355
S201402589,2014,0,M,0,White,OH,INST_05,Urban University E (Research),research,3.4,46,1996,Economics,Social Sciences,6715,0.988,1,1,7705,3.45,32,1,1,4.0,0,-2.012
S201402590,2014,0,F,1,Multi,GA,INST_05,Urban University E (Research),research,3.22,57,1996,Economics,Social Sciences,2649,0.39,1,1,7392,3.45,33,1,1,4.0,0,-2.61
S201402591,2014,1,M,0,Unknown,OH,INST_02,State University B (Research),research,2.91,36,1996,Undeclared,Other,8798,1.294,1,1,6761,3.58,29,1,1,3.52,0,-1.706
S201402592,2014,0,F,0,Hispanic,NC,INST_03,Regional College C (Teaching),teaching,3.57,46,1996,Mechanical Engineering,STEM,15743,2.315,1,1,7652,3.54,28,1,0,,0,-0.685
S201402593,2014,1,F,0,Hispanic,NJ,INST_02,State University B (Research),research,2.98,70,1996,Statistics,STEM,4553,0.67,1,1,4704,3.31,28,1,0,,0,-2.33
S201402594,2014,1,F,0,Hispanic,PA,INST_01,State University A (Research),research,2.99,42,1996,Chemistry,STEM,3560,0.524,1,1,6459,3.255,31,0,0,,0,-2.476
S201402595,2014,0,M,0,White,IL,INST_05,Urban University E (Research),research,2.65,99,1996,Economics,Social Sciences,10477,1.541,1,0,0,3.6550000000000002,30,0,0,,0,-1.459
S201402596,2014,0,M,0,White,TX,INST_04,Regional College D (Teaching),teaching,4.0,50,1996,Sociology,Social Sciences,10793,1.587,1,0,0,3.645,32,0,0,,0,-1.413
S201402597,2014,0,F,0,Asian,OH,INST_05,Urban University E (Research),research,3.15,59,1996,Economics-Bus,Business,13225,1.945,1,1,7745,3.5250000000000004,31,1,1,3.76,0,-1.055
S201402598,2014,0,F,1,Black,NJ,INST_05,Urban University E (Research),research,3.75,61,1996,Civil Engineering,STEM,10819,1.591,1,1,5067,3.505,31,1,1,3.7,0,-1.409
S201402599,2014,0,F,0,White,FL,INST_01,State University A (Research),research,3.36,69,1996,Biomedical Engineering,STEM,0,0.1,1,1,4649,3.69,28,1,0,,0,-2.9
S201402600,2014,1,F,0,Black,IL,INST_03,Regional College C (Teaching),teaching,2.45,52,1996,Marketing,Business,4501,0.662,1,1,5446,3.9050000000000002,30,0,0,,0,-2.338
S201402601,2014,1,F,0,Black,VA,INST_03,Regional College C (Teaching),teaching,3.35,64,1996,Mathematics,STEM,7545,1.11,1,1,5386,3.375,30,0,0,,0,-1.89
S201402602,2014,0,F,0,Hispanic,NY,INST_01,State University A (Research),research,3.71,66,1996,Finance,Business,4382,0.644,1,1,3008,3.95,31,1,0,,0,-2.356
S201402603,2014,0,F,0,Black,GA,INST_03,Regional College C (Teaching),teaching,2.52,76,1996,English,Humanities,8668,1.275,1,1,4595,2.73,27,1,1,3.19,0,-1.725
S201402604,2014,1,F,0,Hispanic,NC,INST_04,Regional College D (Teaching),teaching,3.45,34,1996,Political Science,Social Sciences,10364,1.524,1,1,5061,3.715,30,1,1,3.81,0,-1.476
S201402605,2014,1,M,0,White,MI,INST_04,Regional College D (Teaching),teaching,2.88,84,1996,Statistics,STEM,3732,0.549,1,1,6086,3.795,32,1,0,,0,-2.451
S201402606,2014,0,F,0,Asian,VA,INST_02,State University B (Research),research,3.91,44,1995,Civil Engineering,STEM,477,0.1,1,0,0,3.49,31,0,0,,0,-2.9
S201402607,2014,0,M,0,White,NY,INST_03,Regional College C (Teaching),teaching,3.75,51,1996,Sociology,Social Sciences,6754,0.993,1,0,0,2.77,31,1,1,3.06,0,-2.007
S201402608,2014,0,M,1,White,OH,INST_02,State University B (Research),research,3.03,56,1996,Undeclared,Other,12876,1.894,1,1,6442,3.7649999999999997,28,1,1,3.87,0,-1.106
S201402609,2014,1,F,0,White,TX,INST_04,Regional College D (Teaching),teaching,3.46,63,1996,Physics,STEM,6726,0.989,1,1,6361,3.325,26,1,1,3.86,0,-2.011
S201402610,2014,0,F,0,White,NC,INST_02,State University B (Research),research,2.94,69,1996,Kinesiology,Health,8379,1.232,1,0,0,3.325,33,0,0,,0,-1.768
S201402611,2014,0,F,0,White,NC,INST_03,Regional College C (Teaching),teaching,3.88,69,1996,Anthropology,Social Sciences,14579,2.144,1,0,0,3.35,30,1,1,3.8,0,-0.856
S201402612,2014,1,NB,0,Black,VA,INST_02,State University B (Research),research,3.61,98,1996,Finance,Business,16291,2.396,1,1,4614,3.08,28,0,0,,0,-0.604
S201402613,2014,0,M,0,White,OH,INST_05,Urban University E (Research),research,3.23,3,1996,Nursing,Health,5372,0.79,1,0,0,2.955,32,0,0,,0,-2.21
S201402614,2014,1,F,1,White,TX,INST_05,Urban University E (Research),research,3.13,57,1996,Spanish,Humanities,9985,1.468,1,0,0,3.05,26,1,0,,0,-1.532
S201402615,2014,0,M,1,White,IL,INST_02,State University B (Research),research,3.47,76,1996,Political Science,Social Sciences,13315,1.958,1,1,4479,3.165,31,1,0,,0,-1.042
S201402616,2014,1,F,0,Black,MI,INST_02,State University B (Research),research,3.51,49,1996,Mechanical Engineering,STEM,7187,1.057,1,1,6349,3.73,31,0,0,,0,-1.943
S201402617,2014,0,F,1,Hispanic,VA,INST_05,Urban University E (Research),research,4.0,47,1996,Undeclared,Other,14665,2.157,1,0,0,3.87,31,1,0,,0,-0.843
S201402618,2014,1,F,1,White,NC,INST_01,State University A (Research),research,3.82,45,1996,Biology,STEM,7199,1.059,1,0,0,3.8200000000000003,30,0,0,,0,-1.941
S201402619,2014,0,F,0,White,GA,INST_01,State University A (Research),research,3.52,62,1996,Communications,Other,1614,0.237,1,1,5893,3.82,31,0,0,,0,-2.763
S201402620,2014,0,M,1,White,OH,INST_03,Regional College C (Teaching),teaching,3.54,75,1996,General Studies,Other,30871,4.54,0,0,0,3.08,31,1,1,2.95,1,1.54
S201402621,2014,0,F,0,Hispanic,GA,INST_01,State University A (Research),research,3.38,65,1996,Biology,STEM,21295,3.132,0,0,0,3.05,30,0,0,,1,0.132
S201402622,2014,0,F,1,Hispanic,TX,INST_04,Regional College D (Teaching),teaching,2.79,38,1996,Communications,Other,4534,0.667,1,1,7704,3.095,28,0,0,,0,-2.333
S201402623,2014,0,F,0,White,OH,INST_04,Regional College D (Teaching),teaching,3.17,68,1996,Public Health,Health,16915,2.488,1,1,5193,3.535,31,1,0,,0,-0.512
S201402624,2014,0,F,0,Hispanic,OH,INST_05,Urban University E (Research),research,3.14,54,1996,Mechanical Engineering,STEM,16385,2.41,1,1,6012,3.8449999999999998,26,1,0,,0,-0.59
S201402625,2014,0,F,0,White,TX,INST_03,Regional College C (Teaching),teaching,3.07,56,1996,Kinesiology,Health,16653,2.449,1,1,4853,3.875,31,1,1,3.81,0,-0.551
S201402626,2014,0,M,0,Black,OH,INST_01,State University A (Research),research,3.06,57,1996,Economics,Social Sciences,15483,2.277,1,0,0,3.145,25,0,0,,0,-0.723
S201402627,2014,0,F,1,White,MI,INST_03,Regional College C (Teaching),teaching,2.54,45,1996,History,Humanities,13554,1.993,1,1,3436,3.495,30,1,0,,0,-1.007
S201402628,2014,0,F,0,Black,FL,INST_04,Regional College D (Teaching),teaching,3.93,62,1996,Economics-Bus,Business,15271,2.246,1,1,4838,2.955,27,0,0,,0,-0.754
S201402629,2014,0,M,0,Black,NY,INST_03,Regional College C (Teaching),teaching,3.0,55,1996,History,Humanities,22842,3.359,0,0,0,3.53,30,0,0,,1,0.359
S201402630,2014,0,F,1,White,NC,INST_03,Regional College C (Teaching),teaching,3.37,24,1996,History,Humanities,5977,0.879,1,0,0,3.375,34,0,0,,0,-2.121
S201402631,2014,0,M,0,Hispanic,OH,INST_02,State University B (Research),research,4.0,20,1996,History,Humanities,0,0.1,1,1,5516,3.525,34,0,0,,0,-2.9
S201402632,2014,0,F,1,Black,IL,INST_02,State University B (Research),research,2.44,46,1996,Sociology,Social Sciences,7069,1.04,1,1,6888,3.13,27,1,0,,0,-1.96
S201402633,2014,0,F,0,Hispanic,NJ,INST_02,State University B (Research),research,3.11,57,1996,Economics-Bus,Business,16468,2.422,1,1,5947,3.755,33,1,0,,0,-0.578
S201402634,2014,0,M,1,Black,GA,INST_05,Urban University E (Research),research,2.44,63,1996,Finance,Business,11997,1.764,1,0,0,3.485,28,0,0,,0,-1.236
S201402635,2014,1,F,1,Black,NJ,INST_02,State University B (Research),research,3.15,86,1996,Communications,Other,15328,2.254,1,1,7464,3.7300000000000004,30,0,0,,0,-0.746
S201402636,2014,0,F,0,White,CA,INST_01,State University A (Research),research,2.96,76,1996,Marketing,Business,4777,0.702,1,1,4504,3.26,32,0,0,,0,-2.298
S201402637,2014,0,F,0,Hispanic,GA,INST_02,State University B (Research),research,3.41,71,1996,Accounting,Business,17199,2.529,1,0,0,3.485,28,1,1,3.47,0,-0.471
S201402638,2014,0,M,0,Hispanic,CA,INST_02,State University B (Research),research,3.02,43,1996,Civil Engineering,STEM,4537,0.667,1,1,5863,3.15,31,0,0,,0,-2.333
S201402639,2014,0,M,0,White,TX,INST_02,State University B (Research),research,3.19,52,1996,Psychology,Social Sciences,3400,0.5,1,0,0,3.91,30,0,0,,0,-2.5
S201402640,2014,0,F,1,White,CA,INST_03,Regional College C (Teaching),teaching,3.28,43,1996,Pre-Med,Health,8499,1.25,1,1,7966,3.615,29,1,0,,0,-1.75
S201402641,2014,0,F,0,Asian,TX,INST_04,Regional College D (Teaching),teaching,3.18,40,1996,Physics,STEM,4288,0.631,1,1,6878,3.9050000000000002,31,1,1,3.93,0,-2.369
S201402642,2014,0,F,0,White,PA,INST_05,Urban University E (Research),research,3.32,41,1996,Nursing,Health,6104,0.898,1,0,0,3.37,30,0,0,,0,-2.102
S201402643,2014,0,M,0,Hispanic,NC,INST_05,Urban University E (Research),research,4.0,41,1996,Philosophy,Humanities,3580,0.526,1,1,5993,3.06,30,1,1,3.16,0,-2.474
S201402644,2014,0,M,0,White,VA,INST_05,Urban University E (Research),research,3.0,64,1996,Undeclared,Other,21151,3.11,0,1,7036,3.69,30,1,1,4.0,1,0.11
S201402645,2014,1,M,0,White,NY,INST_01,State University A (Research),research,3.17,33,1996,Mechanical Engineering,STEM,11783,1.733,1,1,6217,2.705,32,0,0,,0,-1.267
S201402646,2014,0,F,0,Hispanic,NY,INST_04,Regional College D (Teaching),teaching,3.48,71,1996,Pre-Med,Health,8171,1.202,1,1,6291,3.855,31,0,0,,0,-1.798
S201402647,2014,0,M,1,White,MI,INST_01,State University A (Research),research,3.85,48,1996,Management,Business,0,0.1,1,0,0,2.8600000000000003,30,1,1,2.89,0,-2.9
S201402648,2014,0,M,0,Asian,FL,INST_04,Regional College D (Teaching),teaching,2.65,48,1996,Marketing,Business,6076,0.894,1,1,5791,3.8200000000000003,32,1,0,,0,-2.106
S201402649,2014,0,F,0,Unknown,PA,INST_04,Regional College D (Teaching),teaching,3.09,99,1996,Electrical Engineering,STEM,16431,2.416,1,0,0,3.4000000000000004,30,1,0,,0,-0.584
S201402650,2014,0,F,0,White,NJ,INST_02,State University B (Research),research,3.83,83,1995,Anthropology,Social Sciences,7320,1.076,1,1,7306,3.94,31,1,1,4.0,0,-1.924
S201402651,2014,1,F,0,Hispanic,NY,INST_04,Regional College D (Teaching),teaching,3.85,79,1996,Economics-Bus,Business,4608,0.678,1,1,3433,3.42,28,1,0,,0,-2.322
S201402652,2014,0,F,0,Hispanic,CA,INST_01,State University A (Research),research,3.12,38,1996,Chemistry,STEM,18315,2.693,1,0,0,2.92,33,1,1,3.39,0,-0.307
S201402653,2014,0,M,0,Asian,NJ,INST_05,Urban University E (Research),research,4.0,72,1996,General Studies,Other,12689,1.866,1,1,5912,3.81,32,0,0,,0,-1.134
S201402654,2014,1,F,0,White,PA,INST_03,Regional College C (Teaching),teaching,2.71,66,1996,Undeclared,Other,6088,0.895,1,0,0,2.585,31,0,0,,0,-2.105
S201402655,2014,1,M,0,White,GA,INST_02,State University B (Research),research,3.68,51,1996,Civil Engineering,STEM,0,0.1,1,1,5007,3.95,30,1,1,4.0,0,-2.9
S201402656,2014,0,M,0,White,NJ,INST_04,Regional College D (Teaching),teaching,3.04,63,1996,Education,Other,12364,1.818,1,1,7388,3.51,28,0,0,,0,-1.182
S201402657,2014,0,M,0,White,CA,INST_05,Urban University E (Research),research,3.37,80,1996,General Studies,Other,19900,2.926,1,1,6398,3.98,34,0,0,,0,-0.074
S201402658,2014,0,F,1,White,OH,INST_01,State University A (Research),research,3.29,50,1996,Communications,Other,12838,1.888,1,0,0,2.73,29,0,0,,0,-1.112
S201402659,2014,0,M,0,Asian,GA,INST_04,Regional College D (Teaching),teaching,3.4,40,1996,Management,Business,0,0.1,1,1,5151,3.5149999999999997,31,1,0,,0,-2.9
S201402660,2014,0,F,1,White,TX,INST_02,State University B (Research),research,3.33,76,1996,Nursing,Health,15963,2.348,1,1,6522,3.285,28,1,0,,0,-0.652
S201402661,2014,0,F,0,White,NC,INST_02,State University B (Research),research,3.41,49,1996,Mathematics,STEM,12814,1.884,1,0,0,3.5949999999999998,32,1,1,3.89,0,-1.116
S201402662,2014,0,M,1,White,PA,INST_04,Regional College D (Teaching),teaching,2.43,36,1996,Political Science,Social Sciences,16777,2.467,1,1,6343,3.35,31,1,0,,0,-0.533
S201402663,2014,1,M,0,Black,NY,INST_04,Regional College D (Teaching),teaching,2.91,93,1996,Finance,Business,0,0.1,1,0,0,3.455,30,1,0,,0,-2.9
S201402664,2014,0,F,0,Hispanic,GA,INST_04,Regional College D (Teaching),teaching,2.81,42,1996,Economics-Bus,Business,9255,1.361,1,1,6824,3.56,32,1,1,3.55,0,-1.639
S201402665,2014,1,F,0,White,OH,INST_03,Regional College C (Teaching),teaching,2.84,59,1996,English,Humanities,7924,1.165,1,1,4870,2.895,31,0,0,,0,-1.835
S201402666,2014,0,F,0,White,TX,INST_01,State University A (Research),research,3.18,61,1996,Pre-Med,Health,19903,2.927,1,0,0,3.64,31,1,0,,0,-0.073
S201402667,2014,0,M,0,White,MI,INST_04,Regional College D (Teaching),teaching,2.8,40,1996,Anthropology,Social Sciences,11989,1.763,1,0,0,2.67,32,0,0,,0,-1.237
S201402668,2014,1,F,1,White,GA,INST_01,State University A (Research),research,3.67,31,1996,Accounting,Business,0,0.1,1,0,0,2.7699999999999996,33,1,1,3.56,0,-2.9
S201402669,2014,0,F,0,Asian,FL,INST_05,Urban University E (Research),research,3.68,49,1996,Psychology,Social Sciences,9093,1.337,1,0,0,2.8600000000000003,26,0,0,,0,-1.663
S201402670,2014,1,M,1,White,FL,INST_05,Urban University E (Research),research,2.74,55,1996,Computer Science,STEM,1638,0.241,1,1,6854,3.665,25,1,1,3.73,0,-2.759
S201402671,2014,0,F,0,Multi,NC,INST_04,Regional College D (Teaching),teaching,3.35,55,1996,Computer Science,STEM,18954,2.787,1,0,0,3.62,28,1,0,,0,-0.213
S201402672,2014,0,F,0,Multi,PA,INST_05,Urban University E (Research),research,3.0,89,1996,Biology,STEM,16609,2.442,1,0,0,3.335,31,0,0,,0,-0.558
S201402673,2014,0,F,0,White,IL,INST_05,Urban University E (Research),research,3.79,31,1996,Electrical Engineering,STEM,7304,1.074,1,1,6983,3.81,28,0,0,,0,-1.926
S201402674,2014,1,F,0,Asian,GA,INST_05,Urban University E (Research),research,3.83,69,1996,Computer Science,STEM,17953,2.64,1,1,7254,3.99,32,1,1,4.0,0,-0.36
S201402675,2014,0,M,1,White,NY,INST_02,State University B (Research),research,3.63,47,1996,Marketing,Business,6701,0.985,1,1,5252,3.21,31,0,0,,0,-2.015
S201402676,2014,1,M,1,Asian,TX,INST_01,State University A (Research),research,3.38,64,1996,Philosophy,Humanities,10216,1.502,1,0,0,3.705,32,0,0,,0,-1.498
S201402677,2014,0,F,0,Multi,GA,INST_04,Regional College D (Teaching),teaching,3.63,52,1996,Sociology,Social Sciences,15989,2.351,1,1,7485,3.205,29,1,0,,0,-0.649
S201402678,2014,0,M,1,Hispanic,OH,INST_04,Regional College D (Teaching),teaching,2.24,82,1996,Art History,Humanities,9984,1.468,1,1,6653,2.6849999999999996,29,0,0,,0,-1.532
S201402679,2014,0,M,1,Hispanic,GA,INST_01,State University A (Research),research,3.23,69,1996,Economics,Social Sciences,620,0.1,1,1,3986,2.955,29,1,0,,0,-2.9
S201402680,2014,0,F,1,White,NJ,INST_02,State University B (Research),research,2.96,53,1996,Civil Engineering,STEM,10465,1.539,1,1,7927,3.0650000000000004,31,1,0,,0,-1.461
S201402681,2014,0,F,0,AIAN,IL,INST_03,Regional College C (Teaching),teaching,3.5,61,1996,Sociology,Social Sciences,20325,2.989,1,1,7305,2.9699999999999998,30,0,0,,0,-0.011
S201402682,2014,0,F,0,White,FL,INST_03,Regional College C (Teaching),teaching,2.46,61,1996,Biomedical Engineering,STEM,8443,1.242,1,1,3966,3.7800000000000002,30,0,0,,0,-1.758
S201402683,2014,0,M,1,White,NY,INST_05,Urban University E (Research),research,3.57,25,1996,Computer Science,STEM,691,0.102,1,1,6780,3.365,26,1,1,3.61,0,-2.898
S201402684,2014,0,F,0,White,FL,INST_03,Regional College C (Teaching),teaching,2.83,67,1996,Economics,Social Sciences,4625,0.68,1,1,5956,3.205,27,0,0,,0,-2.32
S201402685,2014,0,M,0,Hispanic,VA,INST_03,Regional College C (Teaching),teaching,3.48,52,1996,Political Science,Social Sciences,10074,1.481,1,1,6946,2.615,26,0,0,,0,-1.519
S201402686,2014,0,F,0,Multi,PA,INST_01,State University A (Research),research,3.94,17,1996,Marketing,Business,7061,1.038,1,0,0,3.635,27,0,0,,0,-1.962
S201402687,2014,0,F,0,Black,PA,INST_01,State University A (Research),research,1.51,74,1996,Spanish,Humanities,6499,0.956,1,0,0,3.365,31,1,1,3.4,0,-2.044
S201402688,2014,1,F,0,White,FL,INST_02,State University B (Research),research,3.76,36,1996,Nursing,Health,5390,0.793,1,1,7547,3.505,31,1,1,3.84,0,-2.207
S201402689,2014,1,F,0,White,OH,INST_01,State University A (Research),research,3.33,38,1996,Biology,STEM,15420,2.268,1,1,2741,3.9699999999999998,28,1,0,,0,-0.732
S201402690,2014,1,M,1,Asian,GA,INST_02,State University B (Research),research,3.45,46,1996,Undeclared,Other,0,0.1,1,1,2740,3.575,30,0,0,,0,-2.9
S201402691,2014,0,M,1,Black,NJ,INST_01,State University A (Research),research,3.94,46,1996,English,Humanities,7804,1.148,1,0,0,3.8049999999999997,31,1,0,,0,-1.852
S201402692,2014,1,F,0,White,GA,INST_04,Regional College D (Teaching),teaching,3.26,45,1996,Finance,Business,6189,0.91,1,0,0,2.715,32,1,0,,0,-2.09
S201402693,2014,0,M,0,White,MI,INST_04,Regional College D (Teaching),teaching,3.38,30,1996,Pre-Med,Health,13305,1.957,1,1,6169,3.8049999999999997,28,0,0,,0,-1.043
S201402694,2014,0,F,0,Black,NY,INST_03,Regional College C (Teaching),teaching,2.71,84,1996,Civil Engineering,STEM,21044,3.095,0,0,0,3.325,29,1,1,3.41,1,0.095
S201402695,2014,0,M,0,White,VA,INST_04,Regional College D (Teaching),teaching,2.97,66,1996,Economics,Social Sciences,7959,1.17,1,1,4779,3.705,31,1,1,3.53,0,-1.83
S201402696,2014,0,F,0,Hispanic,NY,INST_02,State University B (Research),research,3.29,41,1996,History,Humanities,11496,1.691,1,1,6176,3.695,31,0,0,,0,-1.309
S201402697,2014,0,M,0,Asian,NC,INST_05,Urban University E (Research),research,3.34,9,1996,Communications,Other,15191,2.234,1,1,6740,3.2800000000000002,32,0,0,,0,-0.766
S201402698,2014,0,M,0,White,FL,INST_04,Regional College D (Teaching),teaching,3.51,42,1996,Finance,Business,23393,3.44,0,0,0,3.0549999999999997,33,0,0,,1,0.44
S201402699,2014,0,M,0,Hispanic,CA,INST_01,State University A (Research),research,3.23,65,1996,Pre-Med,Health,11127,1.636,1,1,6792,3.965,28,1,1,3.92,0,-1.364
S201402700,2014,0,M,1,White,IL,INST_01,State University A (Research),research,2.9,24,1996,Spanish,Humanities,8915,1.311,1,1,4504,3.02,31,1,0,,0,-1.689
S201402701,2014,0,F,0,White,VA,INST_01,State University A (Research),research,3.29,10,1996,Mechanical Engineering,STEM,10913,1.605,1,1,5835,3.065,32,0,0,,0,-1.395
S201402702,2014,1,M,0,White,CA,INST_04,Regional College D (Teaching),teaching,2.69,41,1996,Management,Business,15647,2.301,1,0,0,3.275,28,0,0,,0,-0.699
S201402703,2014,0,F,0,Black,OH,INST_03,Regional College C (Teaching),teaching,3.09,79,1996,Mathematics,STEM,15643,2.3,1,1,8330,3.505,26,1,1,3.04,0,-0.7
S201402704,2014,1,M,0,White,GA,INST_02,State University B (Research),research,2.83,83,1996,Economics-Bus,Business,16627,2.445,1,0,0,2.645,29,0,0,,0,-0.555
S201402705,2014,0,F,0,White,OH,INST_03,Regional College C (Teaching),teaching,2.81,81,1996,Psychology,Social Sciences,6929,1.019,1,0,0,3.245,28,1,0,,0,-1.981
S201402706,2014,0,F,0,Hispanic,CA,INST_02,State University B (Research),research,2.09,40,1996,Art History,Humanities,11366,1.671,1,1,6024,3.085,30,0,0,,0,-1.329
S201402707,2014,1,F,1,Black,OH,INST_01,State University A (Research),research,2.81,33,1996,Physics,STEM,13453,1.978,1,1,6165,4.0,28,0,0,,0,-1.022
S201402708,2014,1,F,0,Hispanic,PA,INST_04,Regional College D (Teaching),teaching,3.58,60,1996,Statistics,STEM,11419,1.679,1,0,0,3.175,26,1,0,,0,-1.321
S201402709,2014,0,F,0,Asian,NY,INST_02,State University B (Research),research,3.11,80,1996,Nursing,Health,13009,1.913,1,1,5340,3.76,30,1,1,3.73,0,-1.087
S201402710,2014,0,M,0,White,VA,INST_05,Urban University E (Research),research,3.46,44,1996,Electrical Engineering,STEM,20350,2.993,1,0,0,2.8,28,0,0,,0,-0.007
S201402711,2014,1,M,0,White,FL,INST_01,State University A (Research),research,2.61,73,1996,Electrical Engineering,STEM,2309,0.34,1,1,6313,3.74,29,1,1,3.43,0,-2.66
S201402712,2014,0,F,0,Unknown,TX,INST_01,State University A (Research),research,2.83,47,1996,Economics,Social Sciences,9879,1.453,1,1,5883,2.95,32,0,0,,0,-1.547
S201402713,2014,0,F,0,Black,CA,INST_03,Regional College C (Teaching),teaching,3.88,40,1996,Chemistry,STEM,23669,3.481,0,1,7025,3.25,30,0,0,,1,0.481
S201402714,2014,1,F,0,Asian,NJ,INST_01,State University A (Research),research,3.36,50,1996,Management,Business,1147,0.169,1,1,6920,3.29,33,1,0,,0,-2.831
S201402715,2014,0,F,0,White,NY,INST_05,Urban University E (Research),research,3.05,33,1995,Chemistry,STEM,5467,0.804,1,1,6724,3.165,31,0,0,,0,-2.196
S201402716,2014,1,M,0,White,CA,INST_05,Urban University E (Research),research,3.03,64,1996,Chemistry,STEM,17624,2.592,1,1,5162,3.435,33,1,0,,0,-0.408
S201402717,2014,0,M,0,White,NY,INST_05,Urban University E (Research),research,2.97,47,1996,Philosophy,Humanities,9123,1.342,1,1,5423,3.6500000000000004,29,1,1,4.0,0,-1.658
S201402718,2014,0,M,0,Black,GA,INST_01,State University A (Research),research,2.7,60,1996,Computer Science,STEM,13241,1.947,1,1,5688,3.98,28,1,1,3.98,0,-1.053
S201402719,2014,1,M,1,White,FL,INST_05,Urban University E (Research),research,4.0,38,1996,Accounting,Business,11118,1.635,1,0,0,3.51,33,0,0,,0,-1.365
S201402720,2014,0,F,1,Black,PA,INST_04,Regional College D (Teaching),teaching,3.26,39,1996,Economics,Social Sciences,10254,1.508,1,1,5059,2.77,28,0,0,,0,-1.492
S201402721,2014,0,F,0,Asian,OH,INST_04,Regional College D (Teaching),teaching,2.86,55,1996,Economics,Social Sciences,6505,0.957,1,1,5352,2.81,27,0,0,,0,-2.043
S201402722,2014,1,F,1,White,NJ,INST_05,Urban University E (Research),research,3.27,76,1996,Sociology,Social Sciences,16264,2.392,1,0,0,3.465,32,0,0,,0,-0.608
S201402723,2014,0,M,1,Black,NY,INST_02,State University B (Research),research,3.37,66,1996,Philosophy,Humanities,13067,1.922,1,1,7158,3.555,31,1,0,,0,-1.078
S201402724,2014,0,M,0,White,NC,INST_01,State University A (Research),research,3.42,38,1996,Computer Science,STEM,25129,3.695,0,0,0,2.685,31,0,0,,1,0.695
S201402725,2014,0,M,0,White,IL,INST_04,Regional College D (Teaching),teaching,3.72,46,1996,Communications,Other,16379,2.409,1,0,0,3.185,31,1,1,3.06,0,-0.591
S201402726,2014,0,F,1,White,IL,INST_05,Urban University E (Research),research,3.51,45,1996,Civil Engineering,STEM,14168,2.084,1,0,0,2.725,28,1,0,,0,-0.916
S201402727,2014,0,M,0,White,NY,INST_04,Regional College D (Teaching),teaching,4.0,54,1996,Civil Engineering,STEM,6713,0.987,1,1,5108,3.535,31,0,0,,0,-2.013
S201402728,2014,0,F,0,White,OH,INST_04,Regional College D (Teaching),teaching,3.89,60,1996,General Studies,Other,18149,2.669,1,1,5298,3.3200000000000003,31,1,0,,0,-0.331
S201402729,2014,0,F,1,White,NY,INST_04,Regional College D (Teaching),teaching,2.84,48,1996,Psychology,Social Sciences,0,0.1,1,1,5859,3.4299999999999997,30,1,1,3.35,0,-2.9
S201402730,2014,1,F,0,Multi,VA,INST_05,Urban University E (Research),research,3.09,39,1996,Civil Engineering,STEM,0,0.1,1,1,4990,2.965,31,0,0,,0,-2.9
S201402731,2014,1,M,0,White,VA,INST_03,Regional College C (Teaching),teaching,3.57,77,1996,Marketing,Business,7330,1.078,1,1,6661,3.95,30,1,0,,0,-1.922
S201402732,2014,1,M,0,Black,MI,INST_04,Regional College D (Teaching),teaching,3.09,79,1996,History,Humanities,3010,0.443,1,0,0,3.075,27,1,0,,0,-2.557
S201402733,2014,1,M,1,White,NC,INST_01,State University A (Research),research,3.74,64,1996,Anthropology,Social Sciences,21932,3.225,0,0,0,3.92,30,0,0,,1,0.225
S201402734,2014,1,F,0,Hispanic,NJ,INST_05,Urban University E (Research),research,2.92,67,1996,Accounting,Business,8676,1.276,1,1,4875,3.375,33,1,1,3.71,0,-1.724
S201402735,2014,0,F,0,White,VA,INST_04,Regional College D (Teaching),teaching,3.32,41,1996,Undeclared,Other,6850,1.007,1,0,0,2.325,24,1,0,,0,-1.993
S201402736,2014,0,M,0,White,TX,INST_05,Urban University E (Research),research,3.38,23,1996,Sociology,Social Sciences,17062,2.509,1,0,0,2.925,31,1,1,3.37,0,-0.491
S201402737,2014,0,F,0,White,NC,INST_01,State University A (Research),research,3.49,74,1996,Nursing,Health,7291,1.072,1,1,7153,2.9699999999999998,31,1,0,,0,-1.928
S201402738,2014,0,M,1,White,IL,INST_02,State University B (Research),research,2.86,68,1996,Public Health,Health,8177,1.202,1,1,7611,3.665,28,0,0,,0,-1.798
S201402739,2014,0,F,1,NHPI,CA,INST_02,State University B (Research),research,3.27,38,1996,General Studies,Other,14455,2.126,1,1,5448,2.99,31,0,0,,0,-0.874
S201402740,2014,0,F,0,White,VA,INST_03,Regional College C (Teaching),teaching,3.0,36,1996,Nursing,Health,3142,0.462,1,1,4050,3.585,28,0,0,,0,-2.538
S201402741,2014,0,F,0,White,GA,INST_01,State University A (Research),research,2.88,82,1996,Public Health,Health,13483,1.983,1,1,7889,3.875,31,1,0,,0,-1.017
S201402742,2014,1,F,0,White,OH,INST_01,State University A (Research),research,3.1,75,1996,Psychology,Social Sciences,4452,0.655,1,1,7006,3.8049999999999997,30,1,1,4.0,0,-2.345
S201402743,2014,0,F,1,White,PA,INST_01,State University A (Research),research,3.44,62,1996,Civil Engineering,STEM,5339,0.785,1,1,8123,3.8049999999999997,30,1,0,,0,-2.215
S201402744,2014,0,M,0,Asian,TX,INST_01,State University A (Research),research,2.95,75,1996,Electrical Engineering,STEM,8417,1.238,1,0,0,3.175,30,0,0,,0,-1.762
S201402745,2014,0,F,0,Hispanic,FL,INST_05,Urban University E (Research),research,3.38,52,1996,Mathematics,STEM,9135,1.343,1,1,8685,3.3049999999999997,28,0,0,,0,-1.657
S201402746,2014,0,F,0,White,GA,INST_05,Urban University E (Research),research,2.67,70,1996,Management,Business,12259,1.803,1,1,7612,3.745,32,1,1,3.84,0,-1.197
S201402747,2014,0,M,0,Multi,NJ,INST_01,State University A (Research),research,2.73,44,1996,Public Health,Health,2953,0.434,1,1,7124,3.355,30,0,0,,0,-2.566
S201402748,2014,1,M,0,White,NJ,INST_05,Urban University E (Research),research,2.93,43,1996,Spanish,Humanities,5610,0.825,1,1,8170,3.295,30,0,0,,0,-2.175
S201402749,2014,0,M,0,White,IL,INST_04,Regional College D (Teaching),teaching,2.66,75,1996,Electrical Engineering,STEM,13226,1.945,1,1,6430,2.9699999999999998,30,1,0,,0,-1.055
S201402750,2014,1,M,0,Black,OH,INST_05,Urban University E (Research),research,3.27,60,1996,Computer Science,STEM,16949,2.492,1,1,3414,3.4400000000000004,30,1,0,,0,-0.508
S201402751,2014,0,M,0,White,NJ,INST_02,State University B (Research),research,2.99,79,1996,Undeclared,Other,18402,2.706,1,1,5350,3.065,31,0,0,,0,-0.294
S201402752,2014,0,M,0,Black,VA,INST_01,State University A (Research),research,3.37,76,1996,Biology,STEM,24903,3.662,0,0,0,2.8,28,0,0,,1,0.662
S201402753,2014,0,M,0,White,GA,INST_05,Urban University E (Research),research,3.65,47,1996,Electrical Engineering,STEM,20584,3.027,0,0,0,3.835,33,1,0,,1,0.027
S201402754,2014,1,F,0,Black,GA,INST_05,Urban University E (Research),research,3.56,56,1996,Undeclared,Other,8888,1.307,1,1,7644,2.495,34,0,0,,0,-1.693
S201402755,2014,0,F,0,White,NJ,INST_04,Regional College D (Teaching),teaching,4.0,32,1996,Public Health,Health,17604,2.589,1,1,6450,3.545,27,1,1,3.77,0,-0.411
S201402756,2014,0,M,0,Hispanic,GA,INST_03,Regional College C (Teaching),teaching,2.31,39,1996,Mechanical Engineering,STEM,815,0.12,1,1,8145,2.9850000000000003,30,1,0,,0,-2.88
S201402757,2014,0,M,1,Hispanic,OH,INST_05,Urban University E (Research),research,3.0,57,1996,Spanish,Humanities,5489,0.807,1,1,7304,3.69,34,0,0,,0,-2.193
S201402758,2014,1,M,0,Hispanic,VA,INST_01,State University A (Research),research,3.85,55,1996,Computer Science,STEM,13928,2.048,1,1,7312,3.935,30,1,1,3.32,0,-0.952
S201402759,2014,0,M,0,White,FL,INST_04,Regional College D (Teaching),teaching,2.46,37,1996,Mathematics,STEM,14218,2.091,1,0,0,2.69,30,0,0,,0,-0.909
S201402760,2014,0,M,1,Black,VA,INST_04,Regional College D (Teaching),teaching,2.76,63,1996,Anthropology,Social Sciences,11750,1.728,1,1,4265,3.245,34,1,0,,0,-1.272
S201402761,2014,0,M,0,Asian,NJ,INST_04,Regional College D (Teaching),teaching,4.0,69,1996,Finance,Business,22364,3.289,0,0,0,3.06,30,1,0,,1,0.289
S201402762,2014,0,F,1,White,NY,INST_03,Regional College C (Teaching),teaching,2.25,45,1996,Undeclared,Other,20757,3.052,0,1,4526,3.165,32,0,0,,1,0.052
S201402763,2014,0,M,0,Hispanic,IL,INST_04,Regional College D (Teaching),teaching,3.37,68,1996,Mathematics,STEM,6428,0.945,1,0,0,2.9299999999999997,25,1,1,3.18,0,-2.055
S201402764,2014,0,F,1,White,NJ,INST_03,Regional College C (Teaching),teaching,2.98,96,1996,Civil Engineering,STEM,9849,1.448,1,1,6513,4.0,29,1,1,4.0,0,-1.552
S201402765,2014,1,F,0,White,VA,INST_04,Regional College D (Teaching),teaching,3.36,28,1996,Mechanical Engineering,STEM,6470,0.951,1,0,0,2.835,29,0,0,,0,-2.049
S201402766,2014,0,F,1,Hispanic,IL,INST_02,State University B (Research),research,3.01,97,1996,History,Humanities,1304,0.192,1,1,6045,3.625,33,0,0,,0,-2.808
S201402767,2014,0,F,1,White,MI,INST_03,Regional College C (Teaching),teaching,3.29,54,1996,Accounting,Business,13766,2.024,1,1,4354,3.1550000000000002,30,0,0,,0,-0.976
S201402768,2014,0,F,1,White,OH,INST_02,State University B (Research),research,2.88,33,1996,Economics,Social Sciences,5531,0.813,1,1,8100,3.25,30,0,0,,0,-2.187
S201402769,2014,1,F,1,Hispanic,NJ,INST_02,State University B (Research),research,2.48,34,1996,Economics-Bus,Business,6519,0.959,1,1,7699,3.66,27,0,0,,0,-2.041
S201402770,2014,0,F,1,Black,OH,INST_03,Regional College C (Teaching),teaching,2.84,41,1996,Biomedical Engineering,STEM,16825,2.474,1,1,4482,2.795,28,1,0,,0,-0.526
S201402771,2014,0,M,0,White,NC,INST_02,State University B (Research),research,3.31,20,1996,Political Science,Social Sciences,13361,1.965,1,0,0,3.485,28,0,0,,0,-1.035
S201402772,2014,1,F,1,White,FL,INST_05,Urban University E (Research),research,3.24,45,1996,Biomedical Engineering,STEM,26969,3.966,0,0,0,3.0250000000000004,30,0,0,,1,0.966
S201402773,2014,1,M,1,White,FL,INST_02,State University B (Research),research,2.6,74,1996,Communications,Other,0,0.1,1,1,4261,3.99,31,0,0,,0,-2.9
S201402774,2014,0,M,1,Hispanic,CA,INST_04,Regional College D (Teaching),teaching,2.79,30,1996,Political Science,Social Sciences,14439,2.123,1,1,4772,2.9,31,0,0,,0,-0.877
S201402775,2014,1,M,0,White,TX,INST_01,State University A (Research),research,3.31,51,1996,Accounting,Business,18742,2.756,1,0,0,2.98,29,1,1,3.36,0,-0.244
S201402776,2014,0,M,1,White,CA,INST_02,State University B (Research),research,3.19,46,1996,Electrical Engineering,STEM,11160,1.641,1,1,4068,2.62,28,0,0,,0,-1.359
S201402777,2014,0,NB,0,White,GA,INST_03,Regional College C (Teaching),teaching,2.76,40,1996,Education,Other,6168,0.907,1,1,6671,3.285,32,1,0,,0,-2.093
S201402778,2014,0,M,1,White,NC,INST_03,Regional College C (Teaching),teaching,3.39,32,1996,Mechanical Engineering,STEM,9484,1.395,1,0,0,3.465,28,1,1,3.82,0,-1.605
S201402779,2014,0,F,0,Black,NY,INST_05,Urban University E (Research),research,3.09,27,1996,Mathematics,STEM,8924,1.312,1,0,0,3.025,30,0,0,,0,-1.688
S201402780,2014,0,F,0,White,FL,INST_03,Regional College C (Teaching),teaching,3.13,43,1996,Chemistry,STEM,14101,2.074,1,1,7292,3.14,34,1,1,3.61,0,-0.926
S201402781,2014,1,F,0,White,VA,INST_04,Regional College D (Teaching),teaching,3.24,49,1996,Economics,Social Sciences,6470,0.951,1,1,6210,3.3099999999999996,29,1,1,3.65,0,-2.049
S201402782,2014,1,F,0,White,IL,INST_02,State University B (Research),research,3.03,30,1996,Biology,STEM,10198,1.5,1,0,0,3.4850000000000003,31,1,1,3.93,0,-1.5
S201402783,2014,0,M,0,Hispanic,OH,INST_05,Urban University E (Research),research,2.59,73,1996,Economics,Social Sciences,11642,1.712,1,1,5427,2.67,31,0,0,,0,-1.288
S201402784,2014,1,F,0,White,PA,INST_05,Urban University E (Research),research,3.48,48,1996,Electrical Engineering,STEM,6552,0.964,1,0,0,3.375,31,0,0,,0,-2.036
S201402785,2014,0,M,0,White,IL,INST_01,State University A (Research),research,3.58,60,1996,Physics,STEM,9550,1.404,1,1,3981,3.685,32,1,1,4.0,0,-1.596
S201402786,2014,0,M,0,White,MI,INST_03,Regional College C (Teaching),teaching,2.79,4,1996,Biomedical Engineering,STEM,12313,1.811,1,1,7466,2.87,27,1,1,3.34,0,-1.189
S201402787,2014,1,F,0,White,VA,INST_04,Regional College D (Teaching),teaching,3.11,63,1996,Management,Business,12198,1.794,1,1,7242,3.34,30,0,0,,0,-1.206
S201402788,2014,0,F,0,White,MI,INST_04,Regional College D (Teaching),teaching,3.05,51,1996,Psychology,Social Sciences,3780,0.556,1,1,5065,3.38,32,1,0,,0,-2.444
S201402789,2014,1,F,1,Hispanic,NJ,INST_04,Regional College D (Teaching),teaching,3.14,74,1996,Marketing,Business,10110,1.487,1,1,5359,3.915,28,1,0,,0,-1.513
S201402790,2014,0,F,0,White,CA,INST_03,Regional College C (Teaching),teaching,3.45,33,1996,Art History,Humanities,2357,0.347,1,1,6857,3.31,30,0,0,,0,-2.653
S201402791,2014,0,F,0,White,TX,INST_04,Regional College D (Teaching),teaching,4.0,58,1996,Economics,Social Sciences,11011,1.619,1,0,0,3.88,34,1,1,4.0,0,-1.381
S201402792,2014,0,F,0,White,VA,INST_05,Urban University E (Research),research,2.99,28,1996,Marketing,Business,13477,1.982,1,1,2592,3.495,29,0,0,,0,-1.018
S201402793,2014,0,F,0,White,FL,INST_04,Regional College D (Teaching),teaching,3.35,74,1996,Finance,Business,16101,2.368,1,1,6712,3.965,31,1,1,4.0,0,-0.632
S201402794,2014,0,F,0,Black,FL,INST_02,State University B (Research),research,3.1,65,1996,Physics,STEM,9494,1.396,1,0,0,3.34,29,0,0,,0,-1.604
S201402795,2014,0,M,0,White,TX,INST_04,Regional College D (Teaching),teaching,2.99,50,1996,Psychology,Social Sciences,15664,2.304,1,0,0,3.25,27,1,1,3.63,0,-0.696
S201402796,2014,0,M,0,White,OH,INST_05,Urban University E (Research),research,3.57,48,1996,Public Health,Health,12664,1.862,1,0,0,3.065,32,1,1,3.39,0,-1.138
S201402797,2014,0,F,0,White,NY,INST_04,Regional College D (Teaching),teaching,3.27,31,1996,Education,Other,17893,2.631,1,1,4502,2.5,28,1,0,,0,-0.369
S201402798,2014,0,M,0,Multi,FL,INST_02,State University B (Research),research,3.38,23,1996,Biomedical Engineering,STEM,22452,3.302,0,0,0,3.51,27,0,0,,1,0.302
S201402799,2014,1,M,0,Black,MI,INST_02,State University B (Research),research,3.49,22,1996,Biology,STEM,2931,0.431,1,1,7793,3.435,28,1,1,3.96,0,-2.569
S201402800,2014,0,M,0,Hispanic,VA,INST_01,State University A (Research),research,2.95,77,1996,Mechanical Engineering,STEM,21090,3.101,0,0,0,3.3200000000000003,31,1,0,,1,0.101
S201402801,2014,0,M,0,Hispanic,FL,INST_02,State University B (Research),research,3.23,34,1996,Chemistry,STEM,22026,3.239,0,1,7741,3.5549999999999997,29,1,0,,1,0.239
S201402802,2014,0,F,0,Hispanic,NJ,INST_03,Regional College C (Teaching),teaching,3.05,69,1996,Finance,Business,12096,1.779,1,0,0,3.75,31,0,0,,0,-1.221
S201402803,2014,0,F,0,Asian,NJ,INST_01,State University A (Research),research,3.64,78,1996,Nursing,Health,15187,2.233,1,1,5008,3.06,27,1,0,,0,-0.767
S201402804,2014,1,F,0,Multi,NY,INST_04,Regional College D (Teaching),teaching,2.79,62,1996,Pre-Med,Health,13912,2.046,1,0,0,3.4050000000000002,28,0,0,,0,-0.954
S201402805,2014,1,M,1,White,TX,INST_05,Urban University E (Research),research,4.0,67,1996,Education,Other,0,0.1,1,1,5947,4.0,31,0,0,,0,-2.9
S201402806,2014,0,M,1,White,NC,INST_05,Urban University E (Research),research,3.98,99,1996,Biomedical Engineering,STEM,6906,1.016,1,1,4199,3.73,30,1,1,3.85,0,-1.984
S201402807,2014,0,M,1,Hispanic,CA,INST_04,Regional College D (Teaching),teaching,4.0,54,1996,Communications,Other,9615,1.414,1,1,6133,2.45,26,1,1,2.46,0,-1.586
S201402808,2014,0,F,0,Multi,TX,INST_04,Regional College D (Teaching),teaching,3.11,72,1996,Civil Engineering,STEM,2649,0.39,1,1,9206,2.29,26,1,1,2.73,0,-2.61
S201402809,2014,0,F,0,Hispanic,NJ,INST_01,State University A (Research),research,2.43,44,1996,Electrical Engineering,STEM,13411,1.972,1,1,3480,2.6900000000000004,28,0,0,,0,-1.028
S201402810,2014,0,F,0,Multi,TX,INST_03,Regional College C (Teaching),teaching,3.48,25,1995,Chemistry,STEM,0,0.1,1,1,6045,3.34,29,1,1,3.58,0,-2.9
S201402811,2014,0,M,0,Black,IL,INST_04,Regional College D (Teaching),teaching,2.9,56,1996,Economics,Social Sciences,22518,3.311,0,0,0,3.83,31,1,1,4.0,1,0.311
S201402812,2014,0,M,1,White,FL,INST_04,Regional College D (Teaching),teaching,3.2,78,1996,Civil Engineering,STEM,4779,0.703,1,0,0,3.355,32,1,0,,0,-2.297
S201402813,2014,1,M,1,White,OH,INST_04,Regional College D (Teaching),teaching,2.71,59,1996,Political Science,Social Sciences,0,0.1,1,1,6706,2.715,31,1,0,,0,-2.9
S201402814,2014,0,M,1,Black,FL,INST_04,Regional College D (Teaching),teaching,2.68,30,1996,Biomedical Engineering,STEM,10266,1.51,1,1,7676,3.5300000000000002,30,0,0,,0,-1.49
S201402815,2014,0,F,0,White,IL,INST_01,State University A (Research),research,3.29,27,1996,Finance,Business,24889,3.66,0,0,0,3.59,29,1,0,,1,0.66
S201402816,2014,0,M,0,White,VA,INST_03,Regional College C (Teaching),teaching,2.36,41,1996,Management,Business,8918,1.311,1,0,0,2.685,25,0,0,,0,-1.689
S201402817,2014,0,M,0,Unknown,NC,INST_05,Urban University E (Research),research,2.57,42,1995,Anthropology,Social Sciences,17266,2.539,1,1,6005,3.48,30,1,1,3.63,0,-0.461
S201402818,2014,1,F,0,Hispanic,MI,INST_03,Regional College C (Teaching),teaching,2.93,33,1996,Sociology,Social Sciences,11280,1.659,1,1,7241,2.94,27,1,0,,0,-1.341
S201402819,2014,1,M,0,Asian,PA,INST_02,State University B (Research),research,2.96,55,1996,Economics-Bus,Business,12292,1.808,1,1,5441,2.965,28,1,1,3.33,0,-1.192
S201402820,2014,0,F,1,White,NC,INST_02,State University B (Research),research,4.0,38,1996,Finance,Business,11509,1.692,1,0,0,3.91,25,1,1,3.78,0,-1.308
S201402821,2014,0,M,0,Black,TX,INST_03,Regional College C (Teaching),teaching,2.74,69,1996,Biology,STEM,20705,3.045,0,1,4557,3.71,30,0,0,,1,0.045
S201402822,2014,0,M,0,Hispanic,NY,INST_04,Regional College D (Teaching),teaching,3.09,61,1996,Pre-Med,Health,15767,2.319,1,1,3013,3.245,32,1,0,,0,-0.681
S201402823,2014,0,F,0,Hispanic,CA,INST_01,State University A (Research),research,3.32,77,1996,Nursing,Health,11289,1.66,1,0,0,3.1550000000000002,30,0,0,,0,-1.34
S201402824,2014,1,F,0,Unknown,CA,INST_04,Regional College D (Teaching),teaching,2.8,41,1996,Statistics,STEM,1315,0.193,1,0,0,3.235,31,1,0,,0,-2.807
S201402825,2014,0,M,0,White,NJ,INST_05,Urban University E (Research),research,2.64,81,1996,Statistics,STEM,24872,3.658,0,0,0,3.275,28,0,0,,1,0.658
S201402826,2014,0,F,0,White,GA,INST_02,State University B (Research),research,2.98,46,1996,Computer Science,STEM,17784,2.615,1,0,0,2.87,32,1,1,3.36,0,-0.385
S201402827,2014,1,F,0,White,OH,INST_04,Regional College D (Teaching),teaching,2.35,40,1996,Political Science,Social Sciences,6590,0.969,1,1,5351,2.5650000000000004,30,0,0,,0,-2.031
S201402828,2014,0,M,0,White,CA,INST_05,Urban University E (Research),research,2.23,36,1996,Physics,STEM,7240,1.065,1,1,4759,3.545,34,1,1,4.0,0,-1.935
S201402829,2014,0,M,0,White,NY,INST_02,State University B (Research),research,2.84,44,1996,Nursing,Health,23344,3.433,0,0,0,3.04,28,1,1,3.55,1,0.433
S201402830,2014,0,M,1,Multi,NC,INST_05,Urban University E (Research),research,2.89,62,1996,General Studies,Other,11256,1.655,1,0,0,2.715,28,0,0,,0,-1.345
S201402831,2014,0,M,1,Hispanic,PA,INST_04,Regional College D (Teaching),teaching,3.54,59,1996,Physics,STEM,14521,2.135,1,1,5869,3.6399999999999997,30,1,1,3.74,0,-0.865
S201402832,2014,1,M,0,White,FL,INST_04,Regional College D (Teaching),teaching,3.04,33,1996,Mathematics,STEM,12269,1.804,1,1,5773,3.965,31,0,0,,0,-1.196
S201402833,2014,1,F,0,White,NJ,INST_01,State University A (Research),research,2.95,40,1996,Pre-Med,Health,0,0.1,1,1,7281,3.7199999999999998,29,0,0,,0,-2.9
S201402834,2014,0,NB,0,Black,FL,INST_05,Urban University E (Research),research,3.13,82,1996,Education,Other,13182,1.939,1,1,7245,3.745,32,1,1,3.24,0,-1.061
S201402835,2014,1,F,1,Multi,FL,INST_01,State University A (Research),research,3.04,24,1996,Statistics,STEM,5625,0.827,1,1,4970,3.035,30,1,0,,0,-2.173
S201402836,2014,0,M,1,Hispanic,FL,INST_03,Regional College C (Teaching),teaching,3.65,70,1996,Sociology,Social Sciences,22337,3.285,0,0,0,3.2,28,1,0,,1,0.285
S201402837,2014,1,M,1,Black,CA,INST_04,Regional College D (Teaching),teaching,3.03,55,1996,Mechanical Engineering,STEM,10650,1.566,1,0,0,3.51,30,1,0,,0,-1.434
S201402838,2014,0,F,0,White,NJ,INST_03,Regional College C (Teaching),teaching,2.69,77,1996,Undeclared,Other,4949,0.728,1,0,0,3.54,28,1,1,4.0,0,-2.272
S201402839,2014,0,M,0,Asian,NJ,INST_03,Regional College C (Teaching),teaching,3.07,53,1996,Marketing,Business,9118,1.341,1,1,3511,3.175,25,1,1,3.38,0,-1.659
S201402840,2014,1,F,0,White,MI,INST_02,State University B (Research),research,3.49,81,1996,Education,Other,12021,1.768,1,1,4250,3.59,28,0,0,,0,-1.232
S201402841,2014,1,F,0,White,TX,INST_02,State University B (Research),research,2.92,54,1995,Communications,Other,2537,0.373,1,1,6649,3.4749999999999996,31,1,0,,0,-2.627
S201402842,2014,1,M,0,White,CA,INST_01,State University A (Research),research,3.42,79,1996,Chemistry,STEM,7794,1.146,1,1,5761,2.835,30,1,0,,0,-1.854
S201402843,2014,0,M,0,Unknown,MI,INST_03,Regional College C (Teaching),teaching,3.21,61,1996,Electrical Engineering,STEM,17463,2.568,1,1,6138,3.63,28,0,0,,0,-0.432
S201402844,2014,0,F,0,Hispanic,GA,INST_04,Regional College D (Teaching),teaching,3.78,61,1996,Computer Science,STEM,14642,2.153,1,1,7531,3.42,28,0,0,,0,-0.847
S201402845,2014,1,F,1,Hispanic,IL,INST_01,State University A (Research),research,2.88,32,1996,Marketing,Business,17277,2.541,1,1,5120,3.84,28,0,0,,0,-0.459
S201402846,2014,1,F,1,White,VA,INST_04,Regional College D (Teaching),teaching,3.21,99,1996,Education,Other,10925,1.607,1,1,4564,3.415,33,1,0,,0,-1.393
S201402847,2014,0,F,0,White,TX,INST_03,Regional College C (Teaching),teaching,3.78,16,1996,Economics-Bus,Business,17882,2.63,1,1,6635,3.715,26,1,1,3.39,0,-0.37
S201402848,2014,0,M,0,White,NC,INST_04,Regional College D (Teaching),teaching,2.66,72,1996,Physics,STEM,0,0.1,1,1,3460,3.8049999999999997,24,1,0,,0,-2.9
S201402849,2014,0,F,0,White,TX,INST_01,State University A (Research),research,3.0,64,1996,Psychology,Social Sciences,22635,3.329,0,1,6097,3.59,29,0,0,,1,0.329
S201402850,2014,0,M,1,Hispanic,TX,INST_02,State University B (Research),research,2.4,66,1996,Sociology,Social Sciences,0,0.1,1,0,0,3.84,30,1,1,3.78,0,-2.9
S201402851,2014,0,M,0,Black,PA,INST_02,State University B (Research),research,2.9,45,1996,Economics,Social Sciences,7832,1.152,1,1,5372,3.535,29,1,1,3.64,0,-1.848
S201402852,2014,0,F,0,Black,CA,INST_03,Regional College C (Teaching),teaching,3.39,75,1996,Civil Engineering,STEM,12554,1.846,1,1,6789,3.3049999999999997,30,1,0,,0,-1.154
S201402853,2014,0,M,0,Hispanic,NJ,INST_01,State University A (Research),research,2.42,68,1996,Electrical Engineering,STEM,1635,0.24,1,1,8740,3.65,29,1,1,3.62,0,-2.76
S201402854,2014,1,F,0,White,TX,INST_01,State University A (Research),research,3.1,75,1996,Undeclared,Other,10386,1.527,1,0,0,3.055,31,1,0,,0,-1.473
S201402855,2014,0,M,1,Multi,TX,INST_04,Regional College D (Teaching),teaching,3.23,59,1996,Biomedical Engineering,STEM,2688,0.395,1,0,0,3.425,27,1,1,3.65,0,-2.605
S201402856,2014,1,F,0,White,GA,INST_02,State University B (Research),research,2.66,39,1996,Pre-Med,Health,15595,2.293,1,1,7431,3.895,28,1,1,3.89,0,-0.707
S201402857,2014,0,M,0,Black,GA,INST_05,Urban University E (Research),research,3.03,49,1996,Physics,STEM,16336,2.402,1,0,0,3.455,31,0,0,,0,-0.598
S201402858,2014,0,F,0,Black,NY,INST_03,Regional College C (Teaching),teaching,2.68,49,1996,Anthropology,Social Sciences,2442,0.359,1,1,6814,3.335,33,0,0,,0,-2.641
S201402859,2014,0,M,0,Black,VA,INST_04,Regional College D (Teaching),teaching,3.22,47,1996,Communications,Other,15980,2.35,1,0,0,3.29,26,0,0,,0,-0.65
S201402860,2014,1,M,0,Black,GA,INST_05,Urban University E (Research),research,3.38,51,1996,Communications,Other,3478,0.511,1,0,0,3.4349999999999996,28,1,1,3.24,0,-2.489
S201402861,2014,0,M,1,Asian,NY,INST_03,Regional College C (Teaching),teaching,3.09,54,1996,Civil Engineering,STEM,10253,1.508,1,1,4747,2.98,29,1,0,,0,-1.492
S201402862,2014,0,F,0,White,TX,INST_04,Regional College D (Teaching),teaching,3.28,53,1996,Public Health,Health,0,0.1,1,1,4050,3.925,27,0,0,,0,-2.9
S201402863,2014,0,M,1,Multi,FL,INST_03,Regional College C (Teaching),teaching,3.69,54,1996,Physics,STEM,18637,2.741,1,0,0,2.975,34,0,0,,0,-0.259
S201402864,2014,0,M,0,Multi,OH,INST_02,State University B (Research),research,3.79,57,1996,Accounting,Business,13904,2.045,1,1,5064,3.48,30,0,0,,0,-0.955
S201402865,2014,0,M,0,Black,VA,INST_02,State University B (Research),research,3.56,42,1996,Public Health,Health,20601,3.03,0,0,0,3.635,30,0,0,,1,0.03
S201402866,2014,0,M,0,Asian,VA,INST_01,State University A (Research),research,3.45,66,1996,History,Humanities,4251,0.625,1,1,6554,2.9299999999999997,25,1,0,,0,-2.375
S201402867,2014,0,M,0,Black,VA,INST_04,Regional College D (Teaching),teaching,2.68,57,1996,Finance,Business,7191,1.058,1,1,6384,3.125,28,0,0,,0,-1.942
S201402868,2014,1,F,1,Black,FL,INST_01,State University A (Research),research,2.36,50,1996,Management,Business,0,0.1,1,1,6233,3.29,30,1,1,3.54,0,-2.9
S201402869,2014,0,F,0,White,MI,INST_03,Regional College C (Teaching),teaching,2.54,36,1996,Anthropology,Social Sciences,11915,1.752,1,0,0,3.26,27,1,0,,0,-1.248
S201402870,2014,0,F,1,White,IL,INST_03,Regional College C (Teaching),teaching,3.53,35,1996,Physics,STEM,19687,2.895,1,1,3765,3.565,31,0,0,,0,-0.105
S201402871,2014,1,F,0,White,CA,INST_02,State University B (Research),research,3.06,67,1996,Biomedical Engineering,STEM,9919,1.459,1,0,0,3.61,28,0,0,,0,-1.541
S201402872,2014,0,F,1,White,FL,INST_01,State University A (Research),research,3.38,80,1996,Electrical Engineering,STEM,1501,0.221,1,0,0,3.245,30,1,1,3.94,0,-2.779
S201402873,2014,1,F,0,White,PA,INST_05,Urban University E (Research),research,3.72,55,1996,Civil Engineering,STEM,7221,1.062,1,1,5156,3.005,30,1,1,3.33,0,-1.938
S201402874,2014,0,F,0,Hispanic,PA,INST_02,State University B (Research),research,2.72,75,1996,Philosophy,Humanities,1896,0.279,1,1,6146,2.785,25,1,1,2.41,0,-2.721
S201402875,2014,0,F,0,White,FL,INST_02,State University B (Research),research,3.94,60,1996,Accounting,Business,0,0.1,1,1,7920,3.88,29,1,1,4.0,0,-2.9
S201402876,2014,1,F,1,White,MI,INST_05,Urban University E (Research),research,2.58,61,1996,Spanish,Humanities,1920,0.282,1,0,0,3.375,28,1,1,2.6,0,-2.718
S201402877,2014,0,F,0,Black,MI,INST_03,Regional College C (Teaching),teaching,3.2,64,1996,Public Health,Health,19468,2.863,1,1,5429,3.745,27,1,0,,0,-0.137
S201402878,2014,1,M,0,Hispanic,NJ,INST_04,Regional College D (Teaching),teaching,3.3,50,1996,Mathematics,STEM,0,0.1,1,1,5276,3.525,30,0,0,,0,-2.9
S201402879,2014,0,F,1,White,NJ,INST_03,Regional College C (Teaching),teaching,3.08,68,1996,Undeclared,Other,10620,1.562,1,1,5398,3.6399999999999997,31,1,0,,0,-1.438
S201402880,2014,1,F,1,White,NJ,INST_02,State University B (Research),research,3.08,52,1996,Electrical Engineering,STEM,2258,0.332,1,1,5412,3.64,30,1,1,4.0,0,-2.668
S201402881,2014,1,M,1,White,NC,INST_02,State University B (Research),research,3.91,80,1996,Public Health,Health,8994,1.323,1,1,4576,2.955,27,1,1,3.66,0,-1.677
S201402882,2014,0,F,0,Black,IL,INST_05,Urban University E (Research),research,2.81,58,1996,Spanish,Humanities,18170,2.672,1,0,0,3.1100000000000003,31,1,0,,0,-0.328
S201402883,2014,1,M,1,White,NJ,INST_01,State University A (Research),research,2.89,63,1996,Management,Business,0,0.1,1,1,5912,2.8499999999999996,30,1,0,,0,-2.9
S201402884,2014,0,F,0,White,GA,INST_04,Regional College D (Teaching),teaching,3.01,43,1996,Public Health,Health,18383,2.703,1,1,4284,3.605,28,1,1,3.58,0,-0.297
S201402885,2014,0,F,1,White,NY,INST_05,Urban University E (Research),research,3.26,91,1996,Anthropology,Social Sciences,7611,1.119,1,0,0,3.33,25,1,1,3.53,0,-1.881
S201402886,2014,0,M,0,Hispanic,NJ,INST_02,State University B (Research),research,3.44,52,1996,Computer Science,STEM,9775,1.438,1,1,7861,3.205,31,1,1,3.56,0,-1.562
S201402887,2014,1,M,0,Black,IL,INST_02,State University B (Research),research,2.83,35,1996,Art History,Humanities,0,0.1,1,1,4709,2.875,33,0,0,,0,-2.9
S201402888,2014,0,F,1,White,NJ,INST_02,State University B (Research),research,3.89,26,1996,Management,Business,11732,1.725,1,0,0,3.8899999999999997,25,0,0,,0,-1.275
S201402889,2014,0,M,0,White,GA,INST_04,Regional College D (Teaching),teaching,2.98,8,1996,Mechanical Engineering,STEM,1482,0.218,1,1,4591,3.855,26,1,1,3.85,0,-2.782
S201402890,2014,0,M,0,Unknown,TX,INST_03,Regional College C (Teaching),teaching,3.07,50,1996,Public Health,Health,10998,1.617,1,1,2185,3.06,28,1,1,3.57,0,-1.383
S201402891,2014,0,M,0,Black,NJ,INST_01,State University A (Research),research,3.64,69,1996,Nursing,Health,14535,2.138,1,1,6062,3.5149999999999997,30,1,0,,0,-0.862
S201402892,2014,0,F,1,White,NC,INST_02,State University B (Research),research,3.52,69,1996,Civil Engineering,STEM,12283,1.806,1,1,7418,3.49,28,1,0,,0,-1.194
S201402893,2014,1,F,0,White,PA,INST_04,Regional College D (Teaching),teaching,2.35,59,1996,Pre-Med,Health,897,0.132,1,1,4213,3.87,27,1,1,3.89,0,-2.868
S201402894,2014,0,F,0,Hispanic,MI,INST_05,Urban University E (Research),research,3.67,70,1996,Psychology,Social Sciences,21973,3.231,0,0,0,2.98,28,1,1,3.0,1,0.231
S201402895,2014,1,F,1,Black,NJ,INST_02,State University B (Research),research,3.29,49,1996,Management,Business,2434,0.358,1,1,5959,4.0,28,1,0,,0,-2.642
S201402896,2014,0,F,1,Black,NC,INST_04,Regional College D (Teaching),teaching,3.08,78,1996,Mechanical Engineering,STEM,6945,1.021,1,1,3836,3.54,24,0,0,,0,-1.979
S201402897,2014,0,F,1,Hispanic,MI,INST_05,Urban University E (Research),research,3.73,70,1996,Sociology,Social Sciences,13261,1.95,1,0,0,3.795,31,0,0,,0,-1.05
S201402898,2014,1,M,1,White,IL,INST_01,State University A (Research),research,3.21,68,1996,English,Humanities,3158,0.464,1,1,4809,3.94,30,1,1,4.0,0,-2.536
S201402899,2014,1,M,0,White,IL,INST_05,Urban University E (Research),research,2.83,52,1996,Biology,STEM,16543,2.433,1,0,0,3.245,27,0,0,,0,-0.567
S201402900,2014,0,F,0,White,GA,INST_05,Urban University E (Research),research,3.05,81,1996,Chemistry,STEM,9835,1.446,1,0,0,3.5549999999999997,32,1,1,4.0,0,-1.554
S201402901,2014,1,F,0,White,PA,INST_05,Urban University E (Research),research,3.6,94,1996,Public Health,Health,7850,1.154,1,1,7792,3.615,27,0,0,,0,-1.846
S201402902,2014,1,F,0,White,NY,INST_03,Regional College C (Teaching),teaching,2.71,28,1996,Public Health,Health,0,0.1,1,1,6702,2.375,31,0,0,,0,-2.9
S201402903,2014,1,F,0,Hispanic,FL,INST_05,Urban University E (Research),research,2.94,61,1996,Kinesiology,Health,9354,1.376,1,1,5464,3.55,30,0,0,,0,-1.624
S201402904,2014,0,F,1,White,MI,INST_01,State University A (Research),research,2.62,91,1996,Finance,Business,9584,1.409,1,0,0,3.7800000000000002,32,1,0,,0,-1.591
S201402905,2014,0,M,1,White,PA,INST_01,State University A (Research),research,2.53,50,1996,Communications,Other,9161,1.347,1,0,0,4.0,31,1,1,4.0,0,-1.653
S201402906,2014,0,M,0,White,VA,INST_04,Regional College D (Teaching),teaching,3.01,61,1996,History,Humanities,0,0.1,1,1,4743,3.7750000000000004,34,1,1,4.0,0,-2.9
S201402907,2014,1,M,0,White,GA,INST_03,Regional College C (Teaching),teaching,3.39,66,1996,Biomedical Engineering,STEM,13062,1.921,1,1,6243,3.875,29,0,0,,0,-1.079
S201402908,2014,1,F,0,White,FL,INST_03,Regional College C (Teaching),teaching,2.27,91,1996,Finance,Business,4761,0.7,1,0,0,3.29,30,1,0,,0,-2.3
S201402909,2014,1,M,0,White,OH,INST_03,Regional College C (Teaching),teaching,3.06,53,1996,Biology,STEM,10492,1.543,1,1,6912,3.33,27,0,0,,0,-1.457
S201402910,2014,0,F,0,White,MI,INST_02,State University B (Research),research,2.79,75,1996,Biology,STEM,866,0.127,1,1,7321,3.24,31,1,0,,0,-2.873
S201402911,2014,1,M,0,Hispanic,VA,INST_03,Regional College C (Teaching),teaching,2.44,74,1996,Public Health,Health,0,0.1,1,1,4274,3.57,30,0,0,,0,-2.9
S201402912,2014,0,M,0,Asian,NC,INST_02,State University B (Research),research,3.18,33,1996,Marketing,Business,5747,0.845,1,0,0,3.13,31,0,0,,0,-2.155
S201402913,2014,0,M,1,White,NY,INST_01,State University A (Research),research,3.33,71,1996,Economics-Bus,Business,7920,1.165,1,0,0,3.455,31,0,0,,0,-1.835
S201402914,2014,1,F,1,White,MI,INST_04,Regional College D (Teaching),teaching,3.52,82,1996,Economics-Bus,Business,8196,1.205,1,1,5721,3.89,30,1,1,3.97,0,-1.795
S201402915,2014,0,M,0,White,OH,INST_04,Regional College D (Teaching),teaching,3.22,59,1996,Statistics,STEM,9965,1.465,1,1,4677,2.7,33,1,1,2.38,0,-1.535
S201402916,2014,0,M,0,White,CA,INST_05,Urban University E (Research),research,3.57,50,1995,Finance,Business,14390,2.116,1,1,4002,3.24,27,1,1,3.3,0,-0.884
S201402917,2014,1,M,0,White,CA,INST_05,Urban University E (Research),research,3.58,16,1996,Pre-Med,Health,0,0.1,1,1,5825,3.73,28,1,1,3.73,0,-2.9
S201402918,2014,1,F,0,Black,FL,INST_05,Urban University E (Research),research,3.39,55,1996,History,Humanities,10156,1.494,1,1,5171,3.64,25,0,0,,0,-1.506
S201402919,2014,0,M,1,Black,OH,INST_05,Urban University E (Research),research,3.47,76,1996,Spanish,Humanities,18291,2.69,1,0,0,3.88,27,1,0,,0,-0.31
S201402920,2014,0,M,0,Hispanic,GA,INST_04,Regional College D (Teaching),teaching,3.55,37,1996,English,Humanities,8630,1.269,1,1,4237,2.855,28,0,0,,0,-1.731
S201402921,2014,0,F,0,Hispanic,VA,INST_05,Urban University E (Research),research,3.29,73,1996,Education,Other,14522,2.136,1,0,0,3.17,29,1,1,3.77,0,-0.864
S201402922,2014,0,M,0,Hispanic,CA,INST_05,Urban University E (Research),research,3.6,48,1996,Pre-Med,Health,13813,2.031,1,0,0,3.195,33,1,0,,0,-0.969
S201402923,2014,1,F,1,White,PA,INST_01,State University A (Research),research,3.49,50,1996,General Studies,Other,2039,0.3,1,1,5702,3.8049999999999997,25,0,0,,0,-2.7
S201402924,2014,0,M,0,Hispanic,NJ,INST_01,State University A (Research),research,2.99,39,1996,Nursing,Health,14433,2.122,1,1,6228,2.5949999999999998,31,1,0,,0,-0.878
S201402925,2014,0,F,0,Unknown,MI,INST_05,Urban University E (Research),research,3.15,79,1996,Pre-Med,Health,8012,1.178,1,1,4858,2.695,26,0,0,,0,-1.822
S201402926,2014,0,M,0,White,TX,INST_02,State University B (Research),research,2.8,30,1996,Civil Engineering,STEM,13353,1.964,1,0,0,2.91,31,0,0,,0,-1.036
S201402927,2014,0,F,0,Black,VA,INST_04,Regional College D (Teaching),teaching,2.4,59,1996,English,Humanities,16935,2.49,1,0,0,3.175,28,1,0,,0,-0.51
S201402928,2014,0,M,0,White,PA,INST_02,State University B (Research),research,3.73,57,1996,Finance,Business,14841,2.182,1,1,7371,3.25,31,1,1,3.51,0,-0.818
S201402929,2014,0,F,0,White,GA,INST_05,Urban University E (Research),research,3.64,92,1996,Marketing,Business,21460,3.156,0,0,0,3.5149999999999997,31,0,0,,1,0.156
S201402930,2014,0,F,0,White,MI,INST_04,Regional College D (Teaching),teaching,3.79,30,1996,Physics,STEM,11770,1.731,1,0,0,3.9699999999999998,28,0,0,,0,-1.269
S201402931,2014,1,F,0,Hispanic,VA,INST_04,Regional College D (Teaching),teaching,3.9,56,1996,Sociology,Social Sciences,13311,1.958,1,1,6746,3.27,26,0,0,,0,-1.042
S201402932,2014,0,M,1,Black,MI,INST_03,Regional College C (Teaching),teaching,3.19,36,1996,English,Humanities,14138,2.079,1,1,3473,2.8200000000000003,32,1,1,2.65,0,-0.921
S201402933,2014,1,F,0,White,NJ,INST_02,State University B (Research),research,2.49,18,1996,Mathematics,STEM,7717,1.135,1,1,4612,3.58,30,1,0,,0,-1.865
S201402934,2014,0,F,0,Hispanic,NY,INST_02,State University B (Research),research,3.96,54,1996,Biology,STEM,18162,2.671,1,0,0,2.255,31,1,0,,0,-0.329
S201402935,2014,0,M,1,White,NC,INST_02,State University B (Research),research,2.47,44,1996,Economics-Bus,Business,8213,1.208,1,1,6264,2.8499999999999996,31,1,1,2.94,0,-1.792
S201402936,2014,0,F,1,White,CA,INST_04,Regional College D (Teaching),teaching,3.07,73,1996,Marketing,Business,15444,2.271,1,1,4543,3.745,30,0,0,,0,-0.729
S201402937,2014,0,F,0,White,IL,INST_05,Urban University E (Research),research,2.83,70,1996,Sociology,Social Sciences,15835,2.329,1,1,5992,3.045,33,0,0,,0,-0.671
S201402938,2014,0,M,0,White,OH,INST_05,Urban University E (Research),research,2.18,62,1996,Computer Science,STEM,14962,2.2,1,1,4740,3.04,28,1,0,,0,-0.8
S201402939,2014,0,F,1,Asian,FL,INST_05,Urban University E (Research),research,3.17,64,1996,Electrical Engineering,STEM,10363,1.524,1,1,6875,2.875,28,0,0,,0,-1.476
S201402940,2014,0,M,1,White,PA,INST_01,State University A (Research),research,2.53,56,1996,Statistics,STEM,338,0.1,1,1,5456,3.135,29,1,1,3.0,0,-2.9
S201402941,2014,0,M,1,White,FL,INST_04,Regional College D (Teaching),teaching,3.39,14,1996,Mechanical Engineering,STEM,10138,1.491,1,1,5231,3.1799999999999997,29,1,0,,0,-1.509
S201402942,2014,0,F,0,White,PA,INST_05,Urban University E (Research),research,3.56,36,1996,Physics,STEM,10055,1.479,1,1,5919,3.965,31,0,0,,0,-1.521
S201402943,2014,0,M,0,Black,FL,INST_02,State University B (Research),research,3.77,39,1996,Biomedical Engineering,STEM,9328,1.372,1,1,6496,3.6950000000000003,32,0,0,,0,-1.628
S201402944,2014,0,F,0,White,CA,INST_05,Urban University E (Research),research,3.66,66,1996,Management,Business,4508,0.663,1,0,0,4.0,24,0,0,,0,-2.337
S201402945,2014,1,F,0,White,CA,INST_01,State University A (Research),research,3.77,54,1996,Marketing,Business,4399,0.647,1,1,7858,3.6100000000000003,33,1,0,,0,-2.353
S201402946,2014,0,M,0,White,PA,INST_03,Regional College C (Teaching),teaching,3.39,52,1996,Art History,Humanities,23405,3.442,0,1,4514,3.13,28,1,1,3.76,1,0.442
S201402947,2014,0,F,0,Hispanic,NY,INST_01,State University A (Research),research,2.6,64,1996,Finance,Business,0,0.1,1,1,4368,4.0,31,1,1,4.0,0,-2.9
S201402948,2014,1,F,1,White,OH,INST_04,Regional College D (Teaching),teaching,2.84,78,1995,Physics,STEM,8562,1.259,1,1,6752,2.665,28,0,0,,0,-1.741
S201402949,2014,0,F,0,White,NC,INST_04,Regional College D (Teaching),teaching,3.55,57,1995,Public Health,Health,5705,0.839,1,0,0,2.9450000000000003,29,1,0,,0,-2.161
S201402950,2014,0,F,0,White,MI,INST_02,State University B (Research),research,3.89,56,1996,Economics-Bus,Business,1302,0.191,1,0,0,3.8,28,1,1,4.0,0,-2.809
S201402951,2014,1,F,1,White,CA,INST_04,Regional College D (Teaching),teaching,3.64,39,1996,Statistics,STEM,5052,0.743,1,1,5959,4.0,31,1,1,3.99,0,-2.257
S201402952,2014,0,M,1,White,IL,INST_03,Regional College C (Teaching),teaching,3.16,70,1996,Philosophy,Humanities,6634,0.976,1,1,6086,4.0,28,1,0,,0,-2.024
S201402953,2014,0,F,0,White,FL,INST_03,Regional College C (Teaching),teaching,3.61,53,1996,Finance,Business,10015,1.473,1,0,0,4.0,30,1,1,4.0,0,-1.527
S201402954,2014,0,F,0,White,MI,INST_02,State University B (Research),research,2.98,77,1996,Psychology,Social Sciences,11986,1.763,1,1,5868,2.6,28,1,0,,0,-1.237
S201402955,2014,1,M,0,White,MI,INST_05,Urban University E (Research),research,3.72,49,1996,Computer Science,STEM,90,0.1,1,1,7673,3.505,29,1,1,3.28,0,-2.9
S201402956,2014,0,M,0,Multi,FL,INST_05,Urban University E (Research),research,3.22,16,1996,Economics-Bus,Business,20849,3.066,0,0,0,2.3899999999999997,32,0,0,,1,0.066
S201402957,2014,0,M,1,Asian,CA,INST_05,Urban University E (Research),research,3.14,67,1996,Communications,Other,20942,3.08,0,0,0,3.54,31,1,0,,1,0.08
S201402958,2014,1,M,0,Hispanic,FL,INST_03,Regional College C (Teaching),teaching,3.15,59,1996,General Studies,Other,23741,3.491,0,1,3824,3.7649999999999997,26,0,0,,1,0.491
S201402959,2014,1,F,0,Black,OH,INST_02,State University B (Research),research,2.9,48,1996,Biomedical Engineering,STEM,17166,2.524,1,1,6438,3.49,31,1,0,,0,-0.476
S201402960,2014,1,F,0,White,NC,INST_02,State University B (Research),research,2.19,55,1996,Psychology,Social Sciences,7379,1.085,1,1,4363,3.0650000000000004,31,1,1,3.96,0,-1.915
S201402961,2014,0,F,0,White,PA,INST_04,Regional College D (Teaching),teaching,3.11,69,1996,Public Health,Health,4297,0.632,1,1,7007,2.475,30,0,0,,0,-2.368
S201402962,2014,0,M,0,Hispanic,NC,INST_02,State University B (Research),research,3.08,61,1996,Civil Engineering,STEM,12434,1.829,1,1,4744,3.62,32,1,0,,0,-1.171
S201402963,2014,1,M,1,Black,NJ,INST_03,Regional College C (Teaching),teaching,3.58,55,1996,Civil Engineering,STEM,6116,0.899,1,1,4479,3.3449999999999998,31,0,0,,0,-2.101
S201402964,2014,1,M,0,Hispanic,IL,INST_03,Regional College C (Teaching),teaching,2.82,57,1996,Civil Engineering,STEM,23702,3.486,0,0,0,3.4450000000000003,33,1,0,,1,0.486
S201402965,2014,1,F,0,Hispanic,GA,INST_02,State University B (Research),research,3.92,55,1996,Economics-Bus,Business,11575,1.702,1,1,10192,4.0,31,1,1,3.93,0,-1.298
S201402966,2014,0,M,1,Hispanic,NC,INST_04,Regional College D (Teaching),teaching,2.68,51,1996,Undeclared,Other,22292,3.278,0,0,0,3.7649999999999997,34,0,0,,1,0.278
S201402967,2014,0,M,0,White,NJ,INST_04,Regional College D (Teaching),teaching,3.31,23,1996,Accounting,Business,1112,0.164,1,1,7675,3.1100000000000003,30,1,1,3.1,0,-2.836
S201402968,2014,1,M,0,White,NC,INST_03,Regional College C (Teaching),teaching,2.68,59,1996,Biomedical Engineering,STEM,13987,2.057,1,0,0,3.715,33,1,0,,0,-0.943
S201402969,2014,0,M,1,White,FL,INST_01,State University A (Research),research,4.0,43,1996,Management,Business,0,0.1,1,0,0,2.835,29,0,0,,0,-2.9
S201402970,2014,0,M,0,Multi,NJ,INST_05,Urban University E (Research),research,2.23,64,1996,Physics,STEM,16787,2.469,1,1,6829,3.355,27,0,0,,0,-0.531
S201402971,2014,0,F,0,White,GA,INST_04,Regional College D (Teaching),teaching,4.0,3,1996,Psychology,Social Sciences,15787,2.322,1,0,0,3.88,31,0,0,,0,-0.678
S201402972,2014,1,M,0,Black,NJ,INST_01,State University A (Research),research,3.41,57,1996,Biology,STEM,3311,0.487,1,1,7614,3.9850000000000003,27,1,1,3.97,0,-2.513
S201402973,2014,0,M,0,Unknown,OH,INST_03,Regional College C (Teaching),teaching,3.49,49,1996,History,Humanities,19350,2.846,1,0,0,3.285,28,1,0,,0,-0.154
S201402974,2014,0,M,1,Black,TX,INST_01,State University A (Research),research,3.77,58,1996,Mechanical Engineering,STEM,7298,1.073,1,1,2364,3.3449999999999998,27,0,0,,0,-1.927
S201402975,2014,0,M,1,Hispanic,TX,INST_01,State University A (Research),research,4.0,68,1996,Biology,STEM,9602,1.412,1,1,4639,3.98,27,1,1,3.96,0,-1.588
S201402976,2014,0,F,0,White,OH,INST_03,Regional College C (Teaching),teaching,3.34,45,1996,Physics,STEM,17196,2.529,1,0,0,3.9050000000000002,28,1,1,3.95,0,-0.471
S201402977,2014,0,F,1,White,VA,INST_02,State University B (Research),research,3.04,49,1996,Anthropology,Social Sciences,908,0.134,1,1,4932,4.0,31,1,1,4.0,0,-2.866
S201402978,2014,0,M,0,White,GA,INST_02,State University B (Research),research,3.76,69,1996,Physics,STEM,7077,1.041,1,0,0,2.975,31,0,0,,0,-1.959
S201402979,2014,0,M,0,Hispanic,VA,INST_02,State University B (Research),research,2.32,57,1996,Kinesiology,Health,14270,2.099,1,1,6376,3.5,31,0,0,,0,-0.901
S201402980,2014,0,F,0,White,VA,INST_02,State University B (Research),research,3.12,38,1996,Sociology,Social Sciences,13757,2.023,1,1,4630,2.975,28,0,0,,0,-0.977
S201402981,2014,0,F,0,White,TX,INST_03,Regional College C (Teaching),teaching,3.67,54,1996,Undeclared,Other,0,0.1,1,1,5945,3.88,31,0,0,,0,-2.9
S201402982,2014,0,F,0,White,FL,INST_04,Regional College D (Teaching),teaching,3.28,19,1996,Finance,Business,18868,2.775,1,0,0,3.11,30,1,0,,0,-0.225
S201402983,2014,0,M,0,Black,CA,INST_05,Urban University E (Research),research,2.54,71,1996,Psychology,Social Sciences,21931,3.225,0,0,0,3.005,28,0,0,,1,0.225
S201402984,2014,0,F,0,White,PA,INST_04,Regional College D (Teaching),teaching,2.98,88,1996,Psychology,Social Sciences,4035,0.593,1,1,5352,3.84,31,1,0,,0,-2.407
S201402985,2014,0,F,0,Black,IL,INST_01,State University A (Research),research,2.79,74,1996,Civil Engineering,STEM,6811,1.002,1,1,4731,3.055,30,0,0,,0,-1.998
S201402986,2014,0,M,0,White,NJ,INST_04,Regional College D (Teaching),teaching,3.44,63,1996,Kinesiology,Health,0,0.1,1,1,6627,3.615,29,1,0,,0,-2.9
S201402987,2014,0,M,0,White,CA,INST_05,Urban University E (Research),research,3.15,48,1996,Education,Other,14078,2.07,1,1,6172,3.08,34,1,0,,0,-0.93
S201402988,2014,0,M,0,Black,CA,INST_01,State University A (Research),research,3.78,21,1996,Psychology,Social Sciences,9421,1.385,1,1,5815,3.92,28,1,1,4.0,0,-1.615
S201402989,2014,0,F,0,White,FL,INST_05,Urban University E (Research),research,2.88,91,1996,Pre-Med,Health,1805,0.265,1,0,0,3.5949999999999998,30,0,0,,0,-2.735
S201402990,2014,0,F,1,Black,PA,INST_04,Regional College D (Teaching),teaching,2.74,53,1996,Public Health,Health,18633,2.74,1,0,0,3.29,31,0,0,,0,-0.26
S201402991,2014,1,F,0,AIAN,PA,INST_04,Regional College D (Teaching),teaching,3.69,63,1996,Art History,Humanities,5142,0.756,1,1,6421,3.415,28,0,0,,0,-2.244
S201402992,2014,0,F,0,White,FL,INST_04,Regional College D (Teaching),teaching,3.77,74,1996,Public Health,Health,4186,0.616,1,0,0,3.005,28,1,1,3.09,0,-2.384
S201402993,2014,0,F,1,Black,PA,INST_02,State University B (Research),research,3.0,79,1996,Mathematics,STEM,8147,1.198,1,0,0,3.37,28,1,0,,0,-1.802
S201402994,2014,1,F,0,Black,GA,INST_04,Regional College D (Teaching),teaching,2.66,44,1996,Psychology,Social Sciences,2282,0.336,1,1,6565,3.865,34,1,0,,0,-2.664
S201402995,2014,0,F,1,White,NJ,INST_03,Regional College C (Teaching),teaching,3.3,64,1995,Pre-Med,Health,16533,2.431,1,1,5913,2.98,33,1,1,3.33,0,-0.569
S201402996,2014,0,F,0,White,FL,INST_03,Regional College C (Teaching),teaching,2.64,35,1996,Kinesiology,Health,14281,2.1,1,0,0,3.395,28,1,1,3.59,0,-0.9
S201402997,2014,1,F,1,Asian,CA,INST_01,State University A (Research),research,3.2,91,1996,Statistics,STEM,18124,2.665,1,1,4573,3.9850000000000003,30,1,1,4.0,0,-0.335
S201402998,2014,0,M,0,White,NJ,INST_04,Regional College D (Teaching),teaching,3.57,24,1996,Physics,STEM,14401,2.118,1,1,6467,3.235,27,0,0,,0,-0.882
S201402999,2014,0,F,1,Hispanic,GA,INST_02,State University B (Research),research,3.28,64,1996,Mechanical Engineering,STEM,8722,1.283,1,1,6239,3.04,29,1,1,2.98,0,-1.717
S201403000,2014,0,F,0,Unknown,NJ,INST_04,Regional College D (Teaching),teaching,3.16,56,1996,Kinesiology,Health,6457,0.95,1,0,0,2.865,29,0,0,,0,-2.05
S201403001,2014,1,M,0,Hispanic,OH,INST_03,Regional College C (Teaching),teaching,3.04,76,1996,Education,Other,11844,1.742,1,1,6086,3.3,27,1,1,3.7,0,-1.258
S201403002,2014,0,F,0,White,VA,INST_05,Urban University E (Research),research,4.0,53,1996,Political Science,Social Sciences,15074,2.217,1,1,6092,3.9450000000000003,28,1,0,,0,-0.783
S201403003,2014,0,F,0,White,CA,INST_01,State University A (Research),research,4.0,86,1996,Public Health,Health,19646,2.889,1,1,6589,3.275,32,1,0,,0,-0.111
S201403004,2014,0,F,0,Asian,TX,INST_05,Urban University E (Research),research,3.13,47,1996,Nursing,Health,17487,2.572,1,1,4785,2.9749999999999996,28,1,1,3.27,0,-0.428
S201403005,2014,0,F,0,Hispanic,GA,INST_05,Urban University E (Research),research,3.21,55,1996,Kinesiology,Health,20899,3.073,0,0,0,2.865,29,1,1,2.98,1,0.073
S201403006,2014,1,M,0,White,NY,INST_04,Regional College D (Teaching),teaching,3.27,49,1996,Mathematics,STEM,8811,1.296,1,1,5309,3.1500000000000004,32,0,0,,0,-1.704
S201403007,2014,1,F,0,Black,CA,INST_03,Regional College C (Teaching),teaching,1.98,76,1996,Psychology,Social Sciences,4384,0.645,1,0,0,3.7,28,0,0,,0,-2.355
S201403008,2014,1,F,0,Asian,NC,INST_01,State University A (Research),research,3.16,62,1996,Biology,STEM,4021,0.591,1,1,5885,3.58,30,1,1,3.66,0,-2.409
S201403009,2014,0,F,0,Unknown,IL,INST_03,Regional College C (Teaching),teaching,2.48,52,1996,Management,Business,0,0.1,1,0,0,3.085,31,0,0,,0,-2.9
S201403010,2014,0,M,0,Hispanic,OH,INST_02,State University B (Research),research,3.27,45,1996,Accounting,Business,4529,0.666,1,1,3739,2.975,36,1,0,,0,-2.334
S201403011,2014,1,F,0,White,VA,INST_02,State University B (Research),research,3.68,34,1996,Civil Engineering,STEM,4410,0.649,1,0,0,3.565,29,1,0,,0,-2.351
S201403012,2014,0,F,0,Asian,FL,INST_03,Regional College C (Teaching),teaching,3.09,78,1996,Statistics,STEM,12703,1.868,1,0,0,3.225,31,1,0,,0,-1.132
S201403013,2014,1,F,0,Hispanic,VA,INST_02,State University B (Research),research,3.08,63,1996,Education,Other,8740,1.285,1,1,4185,3.6399999999999997,28,0,0,,0,-1.715
S201403014,2014,0,M,0,Black,VA,INST_01,State University A (Research),research,3.22,55,1996,Undeclared,Other,20339,2.991,1,1,6441,3.795,31,1,0,,0,-0.009
S201403015,2014,1,M,0,White,NC,INST_04,Regional College D (Teaching),teaching,3.1,78,1996,Political Science,Social Sciences,10099,1.485,1,1,5174,3.9850000000000003,28,1,0,,0,-1.515
S201403016,2014,1,F,0,Hispanic,IL,INST_05,Urban University E (Research),research,3.04,59,1996,Anthropology,Social Sciences,0,0.1,1,1,7553,3.76,29,1,1,4.0,0,-2.9
S201403017,2014,0,F,0,Multi,CA,INST_05,Urban University E (Research),research,3.46,36,1996,Mathematics,STEM,17581,2.585,1,0,0,3.995,28,1,1,3.86,0,-0.415
S201403018,2014,1,M,0,White,FL,INST_04,Regional College D (Teaching),teaching,2.78,64,1996,Undeclared,Other,3299,0.485,1,1,7476,3.0,31,1,0,,0,-2.515
S201403019,2014,1,F,0,Black,MI,INST_04,Regional College D (Teaching),teaching,2.06,34,1996,Public Health,Health,12278,1.806,1,1,4816,3.4299999999999997,31,1,1,3.36,0,-1.194
S201403020,2014,1,M,0,White,TX,INST_03,Regional College C (Teaching),teaching,2.92,64,1996,Philosophy,Humanities,877,0.129,1,1,7785,3.675,27,1,0,,0,-2.871
S201403021,2014,0,M,1,White,TX,INST_04,Regional College D (Teaching),teaching,3.56,45,1996,Computer Science,STEM,22187,3.263,0,0,0,3.6500000000000004,26,0,0,,1,0.263
S201403022,2014,1,M,1,White,MI,INST_01,State University A (Research),research,2.64,21,1996,Education,Other,969,0.142,1,0,0,3.115,34,1,0,,0,-2.858
S201403023,2014,0,F,0,Black,NY,INST_04,Regional College D (Teaching),teaching,3.64,65,1996,Political Science,Social Sciences,19259,2.832,1,1,5172,3.0,27,1,0,,0,-0.168
S201403024,2014,0,F,0,Hispanic,OH,INST_04,Regional College D (Teaching),teaching,3.99,70,1996,Nursing,Health,3272,0.481,1,0,0,3.3600000000000003,32,1,0,,0,-2.519
S201403025,2014,0,M,0,Hispanic,NY,INST_03,Regional College C (Teaching),teaching,3.12,36,1996,History,Humanities,15257,2.244,1,1,5265,3.335,29,0,0,,0,-0.756
S201403026,2014,0,M,0,White,CA,INST_05,Urban University E (Research),research,2.36,57,1996,Computer Science,STEM,16209,2.384,1,1,7086,3.335,28,0,0,,0,-0.616
S201403027,2014,0,M,1,Black,PA,INST_02,State University B (Research),research,3.32,25,1996,Communications,Other,10099,1.485,1,0,0,3.5,27,1,0,,0,-1.515
S201403028,2014,1,M,0,Black,IL,INST_05,Urban University E (Research),research,2.69,52,1996,Mathematics,STEM,9462,1.391,1,1,7243,2.8200000000000003,28,0,0,,0,-1.609
S201403029,2014,1,F,0,White,FL,INST_02,State University B (Research),research,2.66,94,1996,Biomedical Engineering,STEM,10941,1.609,1,1,4707,3.3,30,1,0,,0,-1.391
S201403030,2014,0,F,1,White,PA,INST_02,State University B (Research),research,2.87,30,1996,Spanish,Humanities,18518,2.723,1,1,7259,2.965,29,1,1,2.83,0,-0.277
S201403031,2014,0,F,0,Asian,TX,INST_02,State University B (Research),research,3.09,72,1996,Civil Engineering,STEM,652,0.1,1,1,6317,3.9699999999999998,27,1,1,3.99,0,-2.9
S201403032,2014,1,F,0,Black,GA,INST_01,State University A (Research),research,3.48,74,1996,Biology,STEM,6806,1.001,1,1,4092,4.0,31,1,1,4.0,0,-1.999
S201403033,2014,0,M,1,White,PA,INST_02,State University B (Research),research,2.99,79,1996,Political Science,Social Sciences,3957,0.582,1,1,5914,3.09,30,1,1,3.38,0,-2.418
S201403034,2014,0,F,0,White,TX,INST_02,State University B (Research),research,3.55,71,1996,Psychology,Social Sciences,2764,0.406,1,0,0,2.54,31,0,0,,0,-2.594
S201403035,2014,0,M,0,Asian,MI,INST_05,Urban University E (Research),research,3.14,81,1996,Pre-Med,Health,13917,2.047,1,0,0,3.255,28,0,0,,0,-0.953
S201403036,2014,1,F,0,Asian,IL,INST_05,Urban University E (Research),research,2.43,31,1996,Marketing,Business,4349,0.64,1,1,5917,3.755,30,0,0,,0,-2.36
S201403037,2014,1,F,0,Black,OH,INST_03,Regional College C (Teaching),teaching,3.94,69,1996,Art History,Humanities,5343,0.786,1,0,0,3.76,29,1,0,,0,-2.214
S201403038,2014,0,M,0,Hispanic,PA,INST_02,State University B (Research),research,2.44,21,1996,Kinesiology,Health,0,0.1,1,1,3433,2.6399999999999997,30,1,0,,0,-2.9
S201403039,2014,0,F,0,Hispanic,GA,INST_04,Regional College D (Teaching),teaching,2.88,5,1996,Psychology,Social Sciences,3454,0.508,1,1,5868,3.575,29,0,0,,0,-2.492
S201403040,2014,0,M,1,Hispanic,NC,INST_01,State University A (Research),research,2.49,76,1996,Marketing,Business,11612,1.708,1,0,0,2.3600000000000003,32,0,0,,0,-1.292
S201403041,2014,0,F,1,Black,NJ,INST_02,State University B (Research),research,3.67,65,1996,Nursing,Health,0,0.1,1,1,5471,3.415,27,1,0,,0,-2.9
S201403042,2014,1,F,0,Asian,OH,INST_05,Urban University E (Research),research,3.19,67,1996,Art History,Humanities,13074,1.923,1,1,6471,3.885,31,0,0,,0,-1.077
S201403043,2014,0,F,0,White,CA,INST_04,Regional College D (Teaching),teaching,3.93,61,1996,Biology,STEM,10902,1.603,1,1,5136,2.91,31,0,0,,0,-1.397
S201403044,2014,1,F,1,White,CA,INST_03,Regional College C (Teaching),teaching,3.98,68,1996,Art History,Humanities,9348,1.375,1,1,5833,2.495,31,1,0,,0,-1.625
S201403045,2014,1,M,0,Unknown,TX,INST_02,State University B (Research),research,2.98,94,1996,Statistics,STEM,8671,1.275,1,1,6773,3.6550000000000002,30,0,0,,0,-1.725
S201403046,2014,1,M,0,Hispanic,NY,INST_04,Regional College D (Teaching),teaching,3.73,61,1996,General Studies,Other,9927,1.46,1,1,6907,3.94,28,1,0,,0,-1.54
S201403047,2014,1,F,0,White,MI,INST_05,Urban University E (Research),research,3.0,80,1996,Finance,Business,7625,1.121,1,1,6589,3.54,27,0,0,,0,-1.879
S201403048,2014,0,M,1,White,CA,INST_03,Regional College C (Teaching),teaching,2.59,71,1996,Management,Business,1243,0.183,1,1,6707,2.885,27,1,0,,0,-2.817
S201403049,2014,1,F,0,White,CA,INST_03,Regional College C (Teaching),teaching,3.31,12,1995,Communications,Other,1937,0.285,1,1,5587,4.0,31,1,1,3.73,0,-2.715
S201403050,2014,0,M,0,Black,NY,INST_05,Urban University E (Research),research,2.85,49,1996,Marketing,Business,0,0.1,1,1,3119,3.29,30,1,1,3.58,0,-2.9
S201403051,2014,0,M,0,White,TX,INST_01,State University A (Research),research,2.62,47,1996,Communications,Other,17510,2.575,1,1,6019,3.09,30,0,0,,0,-0.425
S201403052,2014,0,M,1,Hispanic,VA,INST_02,State University B (Research),research,3.22,66,1996,Psychology,Social Sciences,8034,1.181,1,1,7679,2.81,31,1,0,,0,-1.819
S201403053,2014,0,M,0,White,CA,INST_02,State University B (Research),research,2.52,52,1996,Mechanical Engineering,STEM,17922,2.636,1,1,4851,3.4,30,0,0,,0,-0.364
S201403054,2014,1,F,0,Hispanic,TX,INST_01,State University A (Research),research,3.2,46,1995,Art History,Humanities,11449,1.684,1,0,0,3.2,28,1,1,3.46,0,-1.316
S201403055,2014,0,M,0,White,NC,INST_02,State University B (Research),research,3.52,76,1996,Mathematics,STEM,12627,1.857,1,1,5106,3.915,28,1,0,,0,-1.143
S201403056,2014,1,F,1,Hispanic,NY,INST_03,Regional College C (Teaching),teaching,3.78,49,1996,Statistics,STEM,8057,1.185,1,1,3627,3.87,31,1,1,3.94,0,-1.815
S201403057,2014,0,M,1,Asian,TX,INST_03,Regional College C (Teaching),teaching,3.51,99,1996,Nursing,Health,10252,1.508,1,1,6040,3.435,28,1,0,,0,-1.492
S201403058,2014,1,F,0,Hispanic,TX,INST_03,Regional College C (Teaching),teaching,3.09,35,1996,Physics,STEM,0,0.1,1,1,6348,3.5549999999999997,30,0,0,,0,-2.9
S201403059,2014,0,M,1,White,MI,INST_04,Regional College D (Teaching),teaching,3.35,49,1996,Finance,Business,16943,2.492,1,1,6506,3.41,31,1,1,3.69,0,-0.508
S201403060,2014,1,F,0,White,NJ,INST_05,Urban University E (Research),research,3.17,37,1996,Undeclared,Other,11730,1.725,1,1,5311,3.49,28,1,1,3.21,0,-1.275
S201403061,2014,0,F,0,White,TX,INST_04,Regional College D (Teaching),teaching,2.63,51,1996,Biology,STEM,29077,4.276,0,0,0,2.67,30,0,0,,1,1.276
S201403062,2014,0,F,0,Hispanic,VA,INST_03,Regional College C (Teaching),teaching,2.26,60,1996,Chemistry,STEM,18696,2.749,1,1,3074,3.25,25,0,0,,0,-0.251
S201403063,2014,1,F,0,White,NY,INST_04,Regional College D (Teaching),teaching,2.57,84,1996,Economics,Social Sciences,11305,1.662,1,1,6361,2.92,29,0,0,,0,-1.338
S201403064,2014,0,F,1,White,FL,INST_04,Regional College D (Teaching),teaching,3.67,38,1996,Public Health,Health,13244,1.948,1,1,4689,3.545,32,1,1,3.81,0,-1.052
S201403065,2014,0,M,0,White,CA,INST_03,Regional College C (Teaching),teaching,3.62,55,1996,Civil Engineering,STEM,19477,2.864,1,1,5537,4.0,28,1,0,,0,-0.136
S201403066,2014,0,M,0,White,NY,INST_01,State University A (Research),research,3.03,68,1996,General Studies,Other,16925,2.489,1,1,7288,3.05,29,1,0,,0,-0.511
S201403067,2014,0,M,0,White,TX,INST_03,Regional College C (Teaching),teaching,3.54,52,1996,Kinesiology,Health,7640,1.124,1,0,0,3.8,30,0,0,,0,-1.876
S201403068,2014,1,M,0,Black,VA,INST_01,State University A (Research),research,3.04,58,1996,Management,Business,19400,2.853,1,1,6769,3.51,27,1,1,3.46,0,-0.147
S201403069,2014,1,F,0,Hispanic,IL,INST_05,Urban University E (Research),research,2.93,51,1996,Undeclared,Other,14920,2.194,1,0,0,2.85,31,1,0,,0,-0.806
S201403070,2014,0,M,1,Hispanic,CA,INST_01,State University A (Research),research,3.52,50,1996,Physics,STEM,2205,0.324,1,1,6984,3.245,27,1,0,,0,-2.676
S201403071,2014,0,F,1,Hispanic,PA,INST_04,Regional College D (Teaching),teaching,3.93,47,1996,Kinesiology,Health,8161,1.2,1,0,0,3.925,27,1,1,3.96,0,-1.8
S201403072,2014,1,F,1,White,TX,INST_05,Urban University E (Research),research,2.42,91,1996,Kinesiology,Health,2135,0.314,1,1,6527,3.9050000000000002,33,1,1,4.0,0,-2.686
S201403073,2014,0,F,0,White,NY,INST_05,Urban University E (Research),research,3.51,72,1996,Economics,Social Sciences,19336,2.844,1,0,0,3.34,29,0,0,,0,-0.156
S201403074,2014,0,F,0,Hispanic,NY,INST_01,State University A (Research),research,3.39,36,1996,Biomedical Engineering,STEM,8654,1.273,1,1,7048,3.745,32,1,0,,0,-1.727
S201403075,2014,1,M,0,Multi,NC,INST_03,Regional College C (Teaching),teaching,2.25,47,1996,General Studies,Other,3958,0.582,1,0,0,2.475,36,1,1,2.71,0,-2.418
S201403076,2014,0,F,0,White,NC,INST_01,State University A (Research),research,3.04,44,1996,Computer Science,STEM,15152,2.228,1,0,0,3.455,30,1,0,,0,-0.772
S201403077,2014,0,F,0,White,NC,INST_04,Regional College D (Teaching),teaching,2.85,50,1996,Accounting,Business,3746,0.551,1,0,0,3.13,30,1,1,3.56,0,-2.449
S201403078,2014,1,F,0,White,TX,INST_03,Regional College C (Teaching),teaching,4.0,52,1996,Psychology,Social Sciences,21011,3.09,0,0,0,3.575,31,1,1,3.46,1,0.09
S201403079,2014,0,M,0,Hispanic,VA,INST_01,State University A (Research),research,3.24,66,1996,Pre-Med,Health,14685,2.16,1,0,0,3.5149999999999997,28,0,0,,0,-0.84
S201403080,2014,0,M,0,White,GA,INST_04,Regional College D (Teaching),teaching,3.26,50,1996,Undeclared,Other,32407,4.766,0,0,0,2.5250000000000004,34,1,0,,1,1.766
S201403081,2014,0,F,0,White,TX,INST_05,Urban University E (Research),research,3.32,39,1996,Public Health,Health,19964,2.936,1,0,0,3.6100000000000003,28,1,1,3.36,0,-0.064
S201403082,2014,0,F,1,White,MI,INST_01,State University A (Research),research,3.94,51,1996,Statistics,STEM,14114,2.076,1,1,4395,3.105,28,1,0,,0,-0.924
S201403083,2014,0,F,0,Asian,FL,INST_01,State University A (Research),research,3.41,47,1996,Biology,STEM,22284,3.277,0,0,0,2.91,28,0,0,,1,0.277
S201403084,2014,1,F,0,Hispanic,NC,INST_01,State University A (Research),research,4.0,56,1996,Kinesiology,Health,6025,0.886,1,1,4459,3.575,26,1,1,4.0,0,-2.114
S201403085,2014,0,M,0,White,IL,INST_02,State University B (Research),research,3.27,34,1996,Electrical Engineering,STEM,8655,1.273,1,1,4792,3.045,33,1,0,,0,-1.727
S201403086,2014,1,M,0,Asian,OH,INST_03,Regional College C (Teaching),teaching,3.36,68,1996,Biomedical Engineering,STEM,6145,0.904,1,0,0,2.62,33,0,0,,0,-2.096
S201403087,2014,0,F,0,White,GA,INST_01,State University A (Research),research,3.63,53,1996,Marketing,Business,4604,0.677,1,1,4994,3.92,30,1,1,4.0,0,-2.323
S201403088,2014,1,M,0,White,MI,INST_05,Urban University E (Research),research,3.21,51,1996,Pre-Med,Health,1709,0.251,1,0,0,2.9349999999999996,26,1,0,,0,-2.749
S201403089,2014,1,M,0,White,IL,INST_05,Urban University E (Research),research,3.41,35,1996,Accounting,Business,15241,2.241,1,1,7526,3.205,31,1,0,,0,-0.759
S201403090,2014,0,F,1,Asian,GA,INST_05,Urban University E (Research),research,3.44,45,1996,Communications,Other,5008,0.736,1,1,6047,3.585,31,1,1,3.43,0,-2.264
S201403091,2014,1,F,1,White,VA,INST_05,Urban University E (Research),research,2.57,74,1996,Accounting,Business,8700,1.279,1,0,0,2.815,28,0,0,,0,-1.721
S201403092,2014,0,M,0,White,IL,INST_05,Urban University E (Research),research,2.91,72,1996,Management,Business,12533,1.843,1,1,5369,3.2800000000000002,31,1,1,2.85,0,-1.157
S201403093,2014,0,M,0,Asian,PA,INST_02,State University B (Research),research,3.2,34,1996,Anthropology,Social Sciences,4152,0.611,1,0,0,2.995,31,0,0,,0,-2.389
S201403094,2014,0,M,0,Black,NC,INST_04,Regional College D (Teaching),teaching,3.14,55,1996,Civil Engineering,STEM,13931,2.049,1,0,0,3.1,28,0,0,,0,-0.951
S201403095,2014,0,M,1,White,MI,INST_02,State University B (Research),research,3.67,55,1996,Kinesiology,Health,12581,1.85,1,1,6024,3.85,28,0,0,,0,-1.15
S201403096,2014,1,F,1,Black,NJ,INST_05,Urban University E (Research),research,2.88,62,1996,Public Health,Health,8183,1.203,1,1,5082,3.83,31,1,0,,0,-1.797
S201403097,2014,1,F,0,White,GA,INST_05,Urban University E (Research),research,2.3,54,1996,Physics,STEM,5770,0.849,1,1,6123,3.775,32,1,1,3.24,0,-2.151
S201403098,2014,0,F,0,White,IL,INST_05,Urban University E (Research),research,2.87,77,1996,Chemistry,STEM,11537,1.697,1,0,0,2.96,28,1,1,3.8,0,-1.303
S201403099,2014,0,M,1,Black,NC,INST_01,State University A (Research),research,2.46,30,1996,Economics-Bus,Business,7658,1.126,1,1,5267,3.325,25,1,1,3.48,0,-1.874
S201403100,2014,1,M,0,Asian,FL,INST_05,Urban University E (Research),research,3.55,49,1996,Nursing,Health,9064,1.333,1,1,4747,2.935,30,1,1,3.53,0,-1.667
S201403101,2014,1,F,0,Hispanic,PA,INST_04,Regional College D (Teaching),teaching,3.07,55,1996,Kinesiology,Health,6986,1.027,1,1,4291,3.3899999999999997,30,1,0,,0,-1.973
S201403102,2014,0,F,0,Hispanic,NY,INST_03,Regional College C (Teaching),teaching,3.36,38,1996,History,Humanities,16371,2.408,1,1,6708,3.38,32,0,0,,0,-0.592
