student_id,cohort,first_gen,gender,rural_origin,race_ethnicity,home_state,institution_id,institution_name,institution_type,hs_gpa,test_percentile,birth_year,starting_major,major_category
S201800001,2018,0,F,0,Black,PA,INST_01,State University A (Research),research,3.21,99,2000,Marketing,Business
S201800002,2018,0,F,1,Black,TX,INST_04,Regional College D (Teaching),teaching,3.39,58,2000,Kinesiology,Health
S201800003,2018,1,F,1,White,GA,INST_02,State University B (Research),research,3.9,46,2000,Biology,STEM
S201800004,2018,1,M,0,NHPI,TX,INST_01,State University A (Research),research,4.0,81,2000,Statistics,STEM
S201800005,2018,0,M,0,Hispanic,IL,INST_02,State University B (Research),research,3.95,99,2000,Pre-Med,Health
S201800006,2018,1,F,1,Black,MI,INST_01,State University A (Research),research,3.04,34,2000,Psychology,Social Sciences
S201800007,2018,0,M,1,White,GA,INST_01,State University A (Research),research,2.95,35,2000,Kinesiology,Health
S201800008,2018,1,F,1,Hispanic,OH,INST_02,State University B (Research),research,2.55,42,2000,Marketing,Business
S201800009,2018,0,M,0,Hispanic,VA,INST_02,State University B (Research),research,3.38,50,2000,Mechanical Engineering,STEM
S201800010,2018,0,F,0,White,IL,INST_01,State University A (Research),research,3.1,53,2000,Chemistry,STEM
S201800011,2018,0,M,1,White,OH,INST_04,Regional College D (Teaching),teaching,2.78,66,2000,Nursing,Health
S201800012,2018,0,M,0,White,NC,INST_01,State University A (Research),research,2.57,29,2000,Biomedical Engineering,STEM
S201800013,2018,1,F,1,White,TX,INST_01,State University A (Research),research,3.06,46,2000,Statistics,STEM
S201800014,2018,0,M,1,White,MI,INST_04,Regional College D (Teaching),teaching,3.06,66,2000,Management,Business
S201800015,2018,0,F,0,White,CA,INST_01,State University A (Research),research,2.56,65,2000,Public Health,Health
S201800016,2018,1,F,0,Hispanic,CA,INST_05,Urban University E (Research),research,3.1,90,2000,Biology,STEM
S201800017,2018,1,F,0,Hispanic,VA,INST_05,Urban University E (Research),research,2.6,32,2000,Marketing,Business
S201800018,2018,1,F,0,Asian,GA,INST_04,Regional College D (Teaching),teaching,3.79,68,2000,Finance,Business
S201800019,2018,1,M,0,White,VA,INST_04,Regional College D (Teaching),teaching,2.7,46,2000,Anthropology,Social Sciences
S201800020,2018,0,F,1,Black,GA,INST_04,Regional College D (Teaching),teaching,4.0,42,2000,Public Health,Health
S201800021,2018,1,F,0,Hispanic,NY,INST_05,Urban University E (Research),research,3.62,46,2000,Public Health,Health
S201800022,2018,0,M,0,White,FL,INST_05,Urban University E (Research),research,2.29,60,2000,Statistics,STEM
S201800023,2018,0,M,0,White,OH,INST_03,Regional College C (Teaching),teaching,2.44,71,2000,Anthropology,Social Sciences
S201800024,2018,0,M,0,White,TX,INST_03,Regional College C (Teaching),teaching,3.6,51,2000,Mechanical Engineering,STEM
S201800025,2018,0,F,0,White,MI,INST_02,State University B (Research),research,2.99,54,2000,Communications,Other
S201800026,2018,1,M,0,White,IL,INST_01,State University A (Research),research,3.55,57,2000,Mathematics,STEM
S201800027,2018,0,M,0,Black,FL,INST_02,State University B (Research),research,3.21,45,2000,History,Humanities
S201800028,2018,0,F,0,Black,MI,INST_01,State University A (Research),research,3.49,42,2000,Mechanical Engineering,STEM
S201800029,2018,0,F,1,White,FL,INST_05,Urban University E (Research),research,2.82,78,2000,Political Science,Social Sciences
S201800030,2018,1,F,0,Black,TX,INST_03,Regional College C (Teaching),teaching,3.55,84,2000,Pre-Med,Health
S201800031,2018,1,F,0,Black,MI,INST_05,Urban University E (Research),research,2.69,44,2000,Psychology,Social Sciences
S201800032,2018,1,NB,1,White,CA,INST_05,Urban University E (Research),research,2.59,48,2000,Pre-Med,Health
S201800033,2018,0,F,0,Asian,MI,INST_05,Urban University E (Research),research,3.46,54,2000,Communications,Other
S201800034,2018,0,M,1,Hispanic,CA,INST_02,State University B (Research),research,3.38,85,2000,Accounting,Business
S201800035,2018,1,M,0,Asian,GA,INST_04,Regional College D (Teaching),teaching,2.39,66,2000,Mechanical Engineering,STEM
S201800036,2018,1,F,0,Multi,GA,INST_03,Regional College C (Teaching),teaching,3.14,29,2000,Pre-Med,Health
S201800037,2018,0,M,0,Black,CA,INST_03,Regional College C (Teaching),teaching,3.71,69,2000,Sociology,Social Sciences
S201800038,2018,0,F,0,Hispanic,GA,INST_02,State University B (Research),research,3.34,42,2000,Civil Engineering,STEM
S201800039,2018,0,F,0,Hispanic,GA,INST_01,State University A (Research),research,2.85,67,2000,Mechanical Engineering,STEM
S201800040,2018,0,F,1,White,NY,INST_01,State University A (Research),research,3.43,25,2000,Undeclared,Other
S201800041,2018,0,M,1,White,VA,INST_05,Urban University E (Research),research,3.26,44,2000,Mathematics,STEM
S201800042,2018,1,F,0,White,NC,INST_04,Regional College D (Teaching),teaching,2.64,65,2000,Physics,STEM
S201800043,2018,0,F,1,White,VA,INST_01,State University A (Research),research,3.71,99,2000,Civil Engineering,STEM
S201800044,2018,0,M,0,White,IL,INST_03,Regional College C (Teaching),teaching,4.0,68,2000,Public Health,Health
S201800045,2018,1,M,0,White,FL,INST_05,Urban University E (Research),research,2.78,65,2000,Statistics,STEM
S201800046,2018,0,F,0,White,NY,INST_03,Regional College C (Teaching),teaching,3.52,64,2000,Pre-Med,Health
S201800047,2018,0,F,0,White,NJ,INST_01,State University A (Research),research,2.94,64,2000,Pre-Med,Health
S201800048,2018,0,M,1,White,GA,INST_05,Urban University E (Research),research,2.71,30,2000,Nursing,Health
S201800049,2018,0,M,0,Black,GA,INST_03,Regional College C (Teaching),teaching,2.85,88,2000,Management,Business
S201800050,2018,0,M,0,White,NC,INST_03,Regional College C (Teaching),teaching,3.08,78,2000,Accounting,Business
S201800051,2018,1,F,0,White,CA,INST_01,State University A (Research),research,2.41,65,2000,Finance,Business
S201800052,2018,0,M,1,White,NJ,INST_01,State University A (Research),research,2.33,57,2000,Anthropology,Social Sciences
S201800053,2018,0,M,0,White,MI,INST_05,Urban University E (Research),research,3.33,21,2000,Computer Science,STEM
S201800054,2018,1,F,0,White,CA,INST_03,Regional College C (Teaching),teaching,2.95,64,2000,Communications,Other
S201800055,2018,1,F,0,Asian,NJ,INST_04,Regional College D (Teaching),teaching,3.15,79,2000,Marketing,Business
S201800056,2018,0,NB,1,White,NJ,INST_04,Regional College D (Teaching),teaching,3.96,87,2000,Economics,Social Sciences
S201800057,2018,0,M,0,Black,IL,INST_01,State University A (Research),research,2.83,29,2000,Political Science,Social Sciences
S201800058,2018,0,M,0,White,VA,INST_01,State University A (Research),research,3.34,68,2000,Economics,Social Sciences
S201800059,2018,1,M,0,White,IL,INST_04,Regional College D (Teaching),teaching,2.87,54,2000,Nursing,Health
S201800060,2018,0,F,0,White,TX,INST_05,Urban University E (Research),research,3.56,99,2000,Art History,Humanities
S201800061,2018,0,M,1,Black,NY,INST_02,State University B (Research),research,2.97,35,2000,Economics-Bus,Business
S201800062,2018,0,M,0,Asian,CA,INST_03,Regional College C (Teaching),teaching,3.2,58,2000,Civil Engineering,STEM
S201800063,2018,0,F,0,Black,GA,INST_03,Regional College C (Teaching),teaching,3.19,53,2000,History,Humanities
S201800064,2018,0,F,0,White,GA,INST_05,Urban University E (Research),research,3.45,86,2000,Psychology,Social Sciences
S201800065,2018,1,F,0,White,CA,INST_04,Regional College D (Teaching),teaching,2.09,60,2000,Nursing,Health
S201800066,2018,0,F,0,White,OH,INST_01,State University A (Research),research,3.79,89,2000,Pre-Med,Health
S201800067,2018,0,F,0,White,PA,INST_05,Urban University E (Research),research,3.27,82,2000,Mechanical Engineering,STEM
S201800068,2018,1,F,0,Asian,VA,INST_03,Regional College C (Teaching),teaching,2.73,65,2000,Psychology,Social Sciences
S201800069,2018,0,M,0,Black,NC,INST_05,Urban University E (Research),research,3.0,45,2000,Philosophy,Humanities
S201800070,2018,0,F,1,White,PA,INST_02,State University B (Research),research,2.43,29,2000,Philosophy,Humanities
S201800071,2018,1,M,0,White,CA,INST_05,Urban University E (Research),research,3.39,38,2000,Political Science,Social Sciences
S201800072,2018,1,M,0,Asian,CA,INST_01,State University A (Research),research,3.13,47,2000,English,Humanities
S201800073,2018,0,M,0,Black,FL,INST_04,Regional College D (Teaching),teaching,2.68,47,2000,Psychology,Social Sciences
S201800074,2018,0,F,0,White,FL,INST_01,State University A (Research),research,4.0,39,2000,Communications,Other
S201800075,2018,1,F,0,White,GA,INST_05,Urban University E (Research),research,2.65,46,2000,Sociology,Social Sciences
S201800076,2018,1,F,0,White,VA,INST_04,Regional College D (Teaching),teaching,3.13,34,2000,Communications,Other
S201800077,2018,0,F,1,Hispanic,TX,INST_04,Regional College D (Teaching),teaching,3.36,52,2000,Finance,Business
S201800078,2018,0,F,1,Hispanic,VA,INST_02,State University B (Research),research,4.0,45,2000,Mathematics,STEM
S201800079,2018,1,M,0,Asian,CA,INST_05,Urban University E (Research),research,2.77,67,2000,Biomedical Engineering,STEM
S201800080,2018,0,M,0,White,FL,INST_04,Regional College D (Teaching),teaching,3.53,57,2000,Computer Science,STEM
S201800081,2018,1,F,1,White,NJ,INST_03,Regional College C (Teaching),teaching,3.79,42,2000,Economics,Social Sciences
S201800082,2018,0,M,0,White,VA,INST_03,Regional College C (Teaching),teaching,2.56,49,2000,Pre-Med,Health
S201800083,2018,0,M,0,Black,NJ,INST_02,State University B (Research),research,3.08,70,2000,Accounting,Business
S201800084,2018,1,M,0,White,NC,INST_04,Regional College D (Teaching),teaching,3.09,61,2000,Mechanical Engineering,STEM
S201800085,2018,0,F,1,White,NC,INST_04,Regional College D (Teaching),teaching,3.46,70,2000,Education,Other
S201800086,2018,0,M,0,Hispanic,NJ,INST_05,Urban University E (Research),research,3.03,83,2000,Economics-Bus,Business
S201800087,2018,0,M,1,White,GA,INST_03,Regional College C (Teaching),teaching,3.65,46,2000,Marketing,Business
S201800088,2018,1,F,0,White,NY,INST_01,State University A (Research),research,3.46,16,2000,Economics,Social Sciences
S201800089,2018,0,F,1,White,NY,INST_04,Regional College D (Teaching),teaching,3.37,15,2000,Mathematics,STEM
S201800090,2018,0,M,0,Hispanic,TX,INST_01,State University A (Research),research,3.98,58,2000,Marketing,Business
S201800091,2018,1,F,0,Hispanic,CA,INST_05,Urban University E (Research),research,3.55,58,2000,Communications,Other
S201800092,2018,0,F,1,White,NY,INST_02,State University B (Research),research,2.93,77,2000,Spanish,Humanities
S201800093,2018,0,M,0,White,IL,INST_03,Regional College C (Teaching),teaching,3.26,67,2000,Public Health,Health
S201800094,2018,1,NB,0,White,NC,INST_01,State University A (Research),research,3.98,51,2000,Nursing,Health
S201800095,2018,1,M,0,White,GA,INST_02,State University B (Research),research,2.64,52,2000,English,Humanities
S201800096,2018,1,F,1,White,VA,INST_03,Regional College C (Teaching),teaching,3.19,53,2000,Psychology,Social Sciences
S201800097,2018,0,M,0,White,NC,INST_03,Regional College C (Teaching),teaching,3.81,57,2000,Public Health,Health
S201800098,2018,0,M,0,Hispanic,NC,INST_02,State University B (Research),research,2.58,88,2000,Statistics,STEM
S201800099,2018,1,M,1,White,OH,INST_01,State University A (Research),research,3.0,53,2000,Economics-Bus,Business
S201800100,2018,0,M,1,Asian,IL,INST_02,State University B (Research),research,3.14,73,2000,Biology,STEM
S201800101,2018,1,F,0,White,NJ,INST_02,State University B (Research),research,2.37,61,2000,Undeclared,Other
S201800102,2018,1,M,0,White,GA,INST_03,Regional College C (Teaching),teaching,3.2,45,2000,Mechanical Engineering,STEM
S201800103,2018,0,F,0,White,NY,INST_04,Regional College D (Teaching),teaching,2.67,58,2000,Sociology,Social Sciences
S201800104,2018,1,M,1,White,GA,INST_01,State University A (Research),research,3.14,19,2000,Mechanical Engineering,STEM
S201800105,2018,0,M,0,Hispanic,IL,INST_04,Regional College D (Teaching),teaching,3.15,55,1999,Public Health,Health
S201800106,2018,1,F,0,Black,IL,INST_02,State University B (Research),research,3.57,60,2000,Education,Other
S201800107,2018,0,M,0,White,CA,INST_02,State University B (Research),research,2.78,37,2000,Biology,STEM
S201800108,2018,1,M,1,White,CA,INST_03,Regional College C (Teaching),teaching,2.7,51,2000,Statistics,STEM
S201800109,2018,1,F,0,Black,MI,INST_03,Regional College C (Teaching),teaching,2.84,45,2000,History,Humanities
S201800110,2018,0,M,0,White,TX,INST_02,State University B (Research),research,2.57,62,2000,Economics-Bus,Business
S201800111,2018,0,M,0,White,GA,INST_03,Regional College C (Teaching),teaching,3.26,62,2000,Education,Other
S201800112,2018,0,M,0,White,TX,INST_05,Urban University E (Research),research,3.87,62,2000,Public Health,Health
S201800113,2018,1,M,0,White,GA,INST_04,Regional College D (Teaching),teaching,3.4,93,2000,Undeclared,Other
S201800114,2018,1,M,1,White,NY,INST_03,Regional College C (Teaching),teaching,3.45,60,2000,Political Science,Social Sciences
S201800115,2018,0,F,1,Hispanic,IL,INST_05,Urban University E (Research),research,3.48,3,2000,Mechanical Engineering,STEM
S201800116,2018,0,M,0,AIAN,TX,INST_04,Regional College D (Teaching),teaching,3.6,70,2000,Civil Engineering,STEM
S201800117,2018,0,F,0,Hispanic,NY,INST_03,Regional College C (Teaching),teaching,2.86,54,2000,Biomedical Engineering,STEM
S201800118,2018,0,F,1,White,VA,INST_04,Regional College D (Teaching),teaching,3.42,47,2000,Economics,Social Sciences
S201800119,2018,0,M,1,Black,CA,INST_05,Urban University E (Research),research,2.61,55,2000,Biology,STEM
S201800120,2018,1,F,0,Black,TX,INST_04,Regional College D (Teaching),teaching,2.53,64,2000,Communications,Other
S201800121,2018,0,F,0,White,CA,INST_04,Regional College D (Teaching),teaching,4.0,60,2000,Public Health,Health
S201800122,2018,0,F,0,Hispanic,NC,INST_05,Urban University E (Research),research,2.69,87,2000,Biomedical Engineering,STEM
S201800123,2018,1,F,1,Black,NJ,INST_02,State University B (Research),research,2.53,34,2000,Marketing,Business
S201800124,2018,0,M,0,Black,VA,INST_01,State University A (Research),research,3.22,53,2000,Biology,STEM
S201800125,2018,0,M,1,Hispanic,NJ,INST_05,Urban University E (Research),research,2.87,53,2000,Management,Business
S201800126,2018,0,F,0,Hispanic,MI,INST_04,Regional College D (Teaching),teaching,2.57,87,2000,Finance,Business
S201800127,2018,1,M,1,White,PA,INST_05,Urban University E (Research),research,4.0,44,2000,Anthropology,Social Sciences
S201800128,2018,1,M,0,White,VA,INST_03,Regional College C (Teaching),teaching,3.31,34,2000,Communications,Other
S201800129,2018,0,M,0,White,NJ,INST_03,Regional College C (Teaching),teaching,3.32,46,2000,Marketing,Business
S201800130,2018,0,F,0,White,FL,INST_01,State University A (Research),research,3.2,65,2000,General Studies,Other
S201800131,2018,0,M,1,White,MI,INST_05,Urban University E (Research),research,3.19,69,2000,Kinesiology,Health
S201800132,2018,0,F,0,White,NY,INST_03,Regional College C (Teaching),teaching,2.89,21,1999,Education,Other
S201800133,2018,0,M,0,White,NY,INST_03,Regional College C (Teaching),teaching,4.0,60,2000,Public Health,Health
S201800134,2018,0,F,0,Black,PA,INST_05,Urban University E (Research),research,3.18,83,2000,History,Humanities
S201800135,2018,0,M,0,Asian,VA,INST_01,State University A (Research),research,2.82,70,2000,Economics-Bus,Business
S201800136,2018,0,F,0,Multi,TX,INST_05,Urban University E (Research),research,3.31,39,2000,Sociology,Social Sciences
S201800137,2018,1,M,0,White,MI,INST_01,State University A (Research),research,3.01,35,2000,Pre-Med,Health
S201800138,2018,1,F,0,Hispanic,GA,INST_03,Regional College C (Teaching),teaching,3.17,64,2000,General Studies,Other
S201800139,2018,1,F,0,White,NJ,INST_03,Regional College C (Teaching),teaching,3.6,68,2000,English,Humanities
S201800140,2018,1,F,1,White,FL,INST_03,Regional College C (Teaching),teaching,2.9,81,2000,Spanish,Humanities
S201800141,2018,1,M,1,Asian,TX,INST_01,State University A (Research),research,2.53,16,2000,Political Science,Social Sciences
S201800142,2018,0,F,0,Hispanic,IL,INST_05,Urban University E (Research),research,3.82,39,2000,Political Science,Social Sciences
S201800143,2018,0,F,0,White,PA,INST_04,Regional College D (Teaching),teaching,2.99,68,2000,Art History,Humanities
S201800144,2018,0,F,0,Multi,NC,INST_04,Regional College D (Teaching),teaching,3.27,17,2000,Physics,STEM
S201800145,2018,0,M,1,White,OH,INST_01,State University A (Research),research,2.93,30,2000,Marketing,Business
S201800146,2018,0,F,0,Multi,CA,INST_05,Urban University E (Research),research,3.36,47,2000,Finance,Business
S201800147,2018,1,M,0,Hispanic,FL,INST_04,Regional College D (Teaching),teaching,3.33,71,2000,Pre-Med,Health
S201800148,2018,1,F,0,Asian,CA,INST_03,Regional College C (Teaching),teaching,3.33,30,2000,Chemistry,STEM
S201800149,2018,0,F,0,Hispanic,PA,INST_02,State University B (Research),research,3.76,47,2000,History,Humanities
S201800150,2018,1,F,0,Black,NC,INST_01,State University A (Research),research,3.09,75,2000,Civil Engineering,STEM
S201800151,2018,1,F,1,Unknown,CA,INST_02,State University B (Research),research,3.44,84,2000,Psychology,Social Sciences
S201800152,2018,1,F,0,Black,NJ,INST_05,Urban University E (Research),research,3.57,16,2000,General Studies,Other
S201800153,2018,0,F,0,Black,NJ,INST_05,Urban University E (Research),research,2.43,57,2000,Anthropology,Social Sciences
S201800154,2018,0,F,1,White,CA,INST_01,State University A (Research),research,3.05,72,2000,Kinesiology,Health
S201800155,2018,0,M,0,Hispanic,NC,INST_01,State University A (Research),research,2.62,93,2000,Undeclared,Other
S201800156,2018,0,M,0,White,NY,INST_04,Regional College D (Teaching),teaching,2.16,98,2000,Education,Other
S201800157,2018,0,F,0,White,TX,INST_01,State University A (Research),research,3.29,29,2000,Biology,STEM
S201800158,2018,1,F,0,White,NJ,INST_02,State University B (Research),research,3.13,12,2000,Mathematics,STEM
S201800159,2018,1,F,0,White,NY,INST_05,Urban University E (Research),research,3.51,56,2000,Anthropology,Social Sciences
S201800160,2018,1,F,0,White,FL,INST_04,Regional College D (Teaching),teaching,2.77,52,2000,History,Humanities
S201800161,2018,0,F,0,Black,VA,INST_05,Urban University E (Research),research,3.76,44,2000,Economics,Social Sciences
S201800162,2018,1,F,0,White,NY,INST_03,Regional College C (Teaching),teaching,3.23,34,2000,Computer Science,STEM
S201800163,2018,0,M,0,Black,NJ,INST_04,Regional College D (Teaching),teaching,4.0,44,2000,Civil Engineering,STEM
S201800164,2018,0,M,1,White,NJ,INST_05,Urban University E (Research),research,4.0,58,2000,Finance,Business
S201800165,2018,0,M,0,AIAN,NC,INST_04,Regional College D (Teaching),teaching,3.67,69,2000,Marketing,Business
S201800166,2018,0,F,0,White,CA,INST_02,State University B (Research),research,3.06,34,2000,Sociology,Social Sciences
S201800167,2018,0,M,0,White,IL,INST_03,Regional College C (Teaching),teaching,3.7,32,2000,Anthropology,Social Sciences
S201800168,2018,0,F,0,Black,NC,INST_02,State University B (Research),research,3.67,66,2000,Electrical Engineering,STEM
S201800169,2018,1,M,0,White,GA,INST_03,Regional College C (Teaching),teaching,3.26,55,2000,Education,Other
S201800170,2018,0,F,0,Multi,GA,INST_04,Regional College D (Teaching),teaching,2.96,30,2000,Anthropology,Social Sciences
S201800171,2018,0,F,0,Hispanic,IL,INST_03,Regional College C (Teaching),teaching,2.69,64,2000,General Studies,Other
S201800172,2018,1,F,1,White,OH,INST_03,Regional College C (Teaching),teaching,2.99,49,2000,Education,Other
S201800173,2018,1,F,0,White,VA,INST_04,Regional College D (Teaching),teaching,3.03,50,2000,Electrical Engineering,STEM
S201800174,2018,0,M,0,White,CA,INST_03,Regional College C (Teaching),teaching,2.86,12,2000,Biomedical Engineering,STEM
S201800175,2018,0,M,0,Unknown,VA,INST_05,Urban University E (Research),research,3.38,41,2000,Marketing,Business
S201800176,2018,0,F,1,Black,OH,INST_04,Regional College D (Teaching),teaching,3.06,19,2000,Economics,Social Sciences
S201800177,2018,0,F,0,Hispanic,VA,INST_02,State University B (Research),research,3.15,54,2000,Economics-Bus,Business
S201800178,2018,1,M,0,Black,TX,INST_05,Urban University E (Research),research,2.65,27,2000,General Studies,Other
S201800179,2018,0,F,1,Black,PA,INST_02,State University B (Research),research,2.14,81,2000,Philosophy,Humanities
S201800180,2018,0,F,0,Hispanic,OH,INST_03,Regional College C (Teaching),teaching,3.11,56,2000,Marketing,Business
S201800181,2018,1,M,0,AIAN,MI,INST_05,Urban University E (Research),research,2.42,46,2000,Economics-Bus,Business
S201800182,2018,0,F,0,Multi,OH,INST_04,Regional College D (Teaching),teaching,3.41,52,2000,Biomedical Engineering,STEM
S201800183,2018,1,F,0,Asian,PA,INST_04,Regional College D (Teaching),teaching,3.83,51,2000,Physics,STEM
S201800184,2018,0,M,1,Black,PA,INST_01,State University A (Research),research,2.73,53,2000,Economics,Social Sciences
S201800185,2018,0,M,0,Black,TX,INST_05,Urban University E (Research),research,4.0,58,2000,Pre-Med,Health
S201800186,2018,1,F,0,White,FL,INST_03,Regional College C (Teaching),teaching,3.23,63,2000,Computer Science,STEM
S201800187,2018,0,F,0,Hispanic,IL,INST_05,Urban University E (Research),research,2.26,51,2000,Computer Science,STEM
S201800188,2018,0,F,0,White,FL,INST_01,State University A (Research),research,3.28,53,2000,Accounting,Business
S201800189,2018,1,M,0,Hispanic,CA,INST_04,Regional College D (Teaching),teaching,2.97,37,2000,Finance,Business
S201800190,2018,1,M,1,White,CA,INST_05,Urban University E (Research),research,3.87,55,2000,Kinesiology,Health
S201800191,2018,0,F,0,Multi,IL,INST_01,State University A (Research),research,3.02,32,2000,Marketing,Business
S201800192,2018,0,M,1,White,MI,INST_02,State University B (Research),research,3.03,61,2000,Statistics,STEM
S201800193,2018,0,F,0,White,OH,INST_02,State University B (Research),research,2.76,45,2000,Finance,Business
S201800194,2018,1,F,1,White,OH,INST_04,Regional College D (Teaching),teaching,3.73,23,2000,Kinesiology,Health
S201800195,2018,0,M,0,White,GA,INST_05,Urban University E (Research),research,2.98,44,2000,Electrical Engineering,STEM
S201800196,2018,0,F,0,White,IL,INST_05,Urban University E (Research),research,3.24,28,2000,Nursing,Health
S201800197,2018,0,M,0,Black,NC,INST_01,State University A (Research),research,2.67,92,2000,Pre-Med,Health
S201800198,2018,0,F,0,Black,IL,INST_03,Regional College C (Teaching),teaching,2.88,77,2000,Marketing,Business
S201800199,2018,1,M,0,Hispanic,TX,INST_01,State University A (Research),research,3.2,52,2000,Kinesiology,Health
S201800200,2018,1,M,0,Black,NY,INST_01,State University A (Research),research,3.59,66,2000,Pre-Med,Health
S201800201,2018,0,F,0,Hispanic,NC,INST_05,Urban University E (Research),research,3.05,60,2000,Chemistry,STEM
S201800202,2018,0,F,0,Hispanic,FL,INST_04,Regional College D (Teaching),teaching,2.95,66,2000,Electrical Engineering,STEM
S201800203,2018,0,F,1,White,FL,INST_05,Urban University E (Research),research,2.86,30,2000,Education,Other
S201800204,2018,0,M,0,Black,NY,INST_02,State University B (Research),research,3.33,52,2000,General Studies,Other
S201800205,2018,1,M,0,AIAN,NJ,INST_02,State University B (Research),research,3.38,80,2000,Finance,Business
S201800206,2018,1,F,0,Hispanic,PA,INST_02,State University B (Research),research,3.13,35,2000,Finance,Business
S201800207,2018,0,F,1,White,PA,INST_01,State University A (Research),research,3.14,39,2000,Mathematics,STEM
S201800208,2018,1,M,0,Asian,IL,INST_02,State University B (Research),research,2.76,68,2000,Philosophy,Humanities
S201800209,2018,0,F,0,Black,IL,INST_03,Regional College C (Teaching),teaching,2.69,26,2000,Psychology,Social Sciences
S201800210,2018,0,M,1,White,NY,INST_02,State University B (Research),research,2.86,23,2000,Electrical Engineering,STEM
S201800211,2018,1,M,0,White,CA,INST_02,State University B (Research),research,3.1,73,2000,Communications,Other
S201800212,2018,0,F,0,Asian,GA,INST_04,Regional College D (Teaching),teaching,3.03,51,2000,Nursing,Health
S201800213,2018,0,M,0,White,VA,INST_01,State University A (Research),research,2.86,70,2000,Mathematics,STEM
S201800214,2018,1,F,0,Asian,FL,INST_03,Regional College C (Teaching),teaching,2.98,23,2000,Communications,Other
S201800215,2018,0,F,0,Black,NJ,INST_05,Urban University E (Research),research,3.43,58,2000,Computer Science,STEM
S201800216,2018,1,M,0,White,GA,INST_02,State University B (Research),research,3.91,72,2000,Economics,Social Sciences
S201800217,2018,1,F,0,White,PA,INST_03,Regional College C (Teaching),teaching,2.54,51,2000,Finance,Business
S201800218,2018,1,M,0,Black,NY,INST_05,Urban University E (Research),research,3.66,48,2000,Marketing,Business
S201800219,2018,0,F,1,White,PA,INST_01,State University A (Research),research,2.24,15,2000,Pre-Med,Health
S201800220,2018,1,F,1,White,FL,INST_04,Regional College D (Teaching),teaching,2.7,56,2000,Civil Engineering,STEM
S201800221,2018,0,F,1,Asian,NJ,INST_01,State University A (Research),research,3.09,65,2000,Economics-Bus,Business
S201800222,2018,0,M,1,Hispanic,GA,INST_03,Regional College C (Teaching),teaching,3.74,58,2000,Civil Engineering,STEM
S201800223,2018,0,M,1,White,GA,INST_03,Regional College C (Teaching),teaching,3.7,79,2000,Education,Other
S201800224,2018,1,M,0,Asian,VA,INST_04,Regional College D (Teaching),teaching,2.84,35,2000,Education,Other
S201800225,2018,0,F,0,White,FL,INST_04,Regional College D (Teaching),teaching,2.97,65,2000,Pre-Med,Health
S201800226,2018,1,F,1,White,GA,INST_05,Urban University E (Research),research,3.59,71,2000,Kinesiology,Health
S201800227,2018,0,M,0,Black,NY,INST_02,State University B (Research),research,3.33,50,2000,General Studies,Other
S201800228,2018,0,F,0,White,TX,INST_05,Urban University E (Research),research,2.28,30,2000,Pre-Med,Health
S201800229,2018,0,F,0,White,FL,INST_04,Regional College D (Teaching),teaching,3.66,71,2000,Undeclared,Other
S201800230,2018,0,F,1,White,GA,INST_05,Urban University E (Research),research,2.38,50,2000,Physics,STEM
S201800231,2018,0,M,1,White,VA,INST_04,Regional College D (Teaching),teaching,3.79,45,2000,Finance,Business
S201800232,2018,0,F,0,White,MI,INST_03,Regional College C (Teaching),teaching,3.17,29,2000,Political Science,Social Sciences
S201800233,2018,1,M,0,Black,VA,INST_01,State University A (Research),research,3.56,43,2000,Civil Engineering,STEM
S201800234,2018,0,F,0,White,MI,INST_05,Urban University E (Research),research,3.25,60,2000,Public Health,Health
S201800235,2018,1,M,0,Black,TX,INST_05,Urban University E (Research),research,3.71,31,2000,Mathematics,STEM
S201800236,2018,0,M,0,White,NY,INST_04,Regional College D (Teaching),teaching,3.45,70,2000,Undeclared,Other
S201800237,2018,0,M,0,White,FL,INST_04,Regional College D (Teaching),teaching,3.75,41,2000,Management,Business
S201800238,2018,1,M,0,White,MI,INST_02,State University B (Research),research,2.95,85,2000,Finance,Business
S201800239,2018,0,M,0,White,OH,INST_05,Urban University E (Research),research,3.42,10,2000,Spanish,Humanities
S201800240,2018,1,M,1,White,MI,INST_03,Regional College C (Teaching),teaching,3.03,53,2000,Anthropology,Social Sciences
S201800241,2018,0,F,0,White,PA,INST_03,Regional College C (Teaching),teaching,2.98,54,2000,Electrical Engineering,STEM
S201800242,2018,0,F,0,NHPI,NJ,INST_05,Urban University E (Research),research,2.68,48,2000,Physics,STEM
S201800243,2018,0,F,0,Black,NY,INST_03,Regional College C (Teaching),teaching,3.41,40,2000,Political Science,Social Sciences
S201800244,2018,0,NB,0,White,TX,INST_04,Regional College D (Teaching),teaching,3.52,79,2000,Pre-Med,Health
S201800245,2018,0,M,0,White,NC,INST_05,Urban University E (Research),research,3.64,89,2000,Mathematics,STEM
S201800246,2018,0,F,1,Asian,GA,INST_01,State University A (Research),research,2.22,67,2000,Spanish,Humanities
S201800247,2018,0,M,1,White,PA,INST_04,Regional College D (Teaching),teaching,4.0,40,2000,Sociology,Social Sciences
S201800248,2018,0,M,0,Hispanic,GA,INST_02,State University B (Research),research,2.12,24,2000,Biomedical Engineering,STEM
S201800249,2018,1,M,1,Black,IL,INST_01,State University A (Research),research,2.49,57,2000,Finance,Business
S201800250,2018,1,F,1,White,OH,INST_01,State University A (Research),research,3.11,48,2000,Management,Business
S201800251,2018,0,M,1,White,CA,INST_05,Urban University E (Research),research,3.68,59,2000,Sociology,Social Sciences
S201800252,2018,0,F,0,White,GA,INST_02,State University B (Research),research,2.59,44,2000,Pre-Med,Health
S201800253,2018,1,M,0,Hispanic,NY,INST_05,Urban University E (Research),research,2.49,37,2000,Mechanical Engineering,STEM
S201800254,2018,1,M,0,White,VA,INST_03,Regional College C (Teaching),teaching,4.0,29,2000,Psychology,Social Sciences
S201800255,2018,1,F,0,White,NC,INST_03,Regional College C (Teaching),teaching,2.77,40,2000,Electrical Engineering,STEM
S201800256,2018,0,M,0,White,OH,INST_04,Regional College D (Teaching),teaching,4.0,54,2000,Statistics,STEM
S201800257,2018,1,F,0,White,TX,INST_02,State University B (Research),research,2.54,30,2000,Marketing,Business
S201800258,2018,1,F,0,Asian,FL,INST_05,Urban University E (Research),research,2.98,64,2000,Marketing,Business
S201800259,2018,0,M,1,White,CA,INST_05,Urban University E (Research),research,3.13,42,2000,Pre-Med,Health
S201800260,2018,0,F,0,Multi,OH,INST_05,Urban University E (Research),research,4.0,84,2000,Finance,Business
S201800261,2018,1,M,0,Asian,IL,INST_02,State University B (Research),research,3.36,49,2000,Electrical Engineering,STEM
S201800262,2018,0,NB,0,Unknown,GA,INST_03,Regional College C (Teaching),teaching,2.85,62,2000,Civil Engineering,STEM
S201800263,2018,0,M,0,Hispanic,OH,INST_02,State University B (Research),research,2.92,58,2000,Management,Business
S201800264,2018,0,F,0,Hispanic,FL,INST_03,Regional College C (Teaching),teaching,3.36,28,2000,Nursing,Health
S201800265,2018,0,M,0,Hispanic,NY,INST_02,State University B (Research),research,3.61,42,2000,Marketing,Business
S201800266,2018,0,F,0,Black,GA,INST_04,Regional College D (Teaching),teaching,2.68,67,2000,Computer Science,STEM
S201800267,2018,0,F,0,White,TX,INST_04,Regional College D (Teaching),teaching,4.0,37,2000,Pre-Med,Health
S201800268,2018,0,F,1,Black,NC,INST_04,Regional College D (Teaching),teaching,2.01,32,2000,Chemistry,STEM
S201800269,2018,0,F,0,Asian,GA,INST_05,Urban University E (Research),research,3.59,56,2000,Management,Business
S201800270,2018,1,F,1,White,NY,INST_02,State University B (Research),research,2.64,64,2000,Computer Science,STEM
S201800271,2018,1,M,1,Hispanic,OH,INST_01,State University A (Research),research,3.03,81,2000,Biology,STEM
S201800272,2018,1,F,0,Hispanic,TX,INST_02,State University B (Research),research,3.61,72,2000,Electrical Engineering,STEM
S201800273,2018,1,M,0,Black,GA,INST_02,State University B (Research),research,3.22,37,2000,Political Science,Social Sciences
S201800274,2018,0,F,0,White,TX,INST_04,Regional College D (Teaching),teaching,3.34,57,2000,Undeclared,Other
S201800275,2018,1,M,0,Asian,VA,INST_02,State University B (Research),research,2.08,73,2000,Education,Other
S201800276,2018,0,M,1,Black,MI,INST_04,Regional College D (Teaching),teaching,3.56,41,2000,Public Health,Health
S201800277,2018,1,M,0,Black,NC,INST_02,State University B (Research),research,2.89,61,2000,Marketing,Business
S201800278,2018,1,F,0,White,CA,INST_03,Regional College C (Teaching),teaching,2.12,73,2000,Economics,Social Sciences
S201800279,2018,0,M,0,Asian,VA,INST_05,Urban University E (Research),research,3.85,54,2000,Physics,STEM
S201800280,2018,0,F,1,Hispanic,IL,INST_03,Regional College C (Teaching),teaching,3.81,54,2000,Sociology,Social Sciences
S201800281,2018,0,M,1,Black,NY,INST_05,Urban University E (Research),research,2.5,60,2000,Pre-Med,Health
S201800282,2018,0,M,1,White,VA,INST_02,State University B (Research),research,3.56,68,2000,Philosophy,Humanities
S201800283,2018,1,F,0,White,CA,INST_03,Regional College C (Teaching),teaching,3.63,58,2000,Computer Science,STEM
S201800284,2018,0,F,0,Black,PA,INST_05,Urban University E (Research),research,2.88,51,2000,Nursing,Health
S201800285,2018,1,F,0,Black,NJ,INST_01,State University A (Research),research,3.12,70,2000,Undeclared,Other
S201800286,2018,0,M,0,White,TX,INST_01,State University A (Research),research,3.22,27,2000,Kinesiology,Health
S201800287,2018,0,F,0,Hispanic,VA,INST_03,Regional College C (Teaching),teaching,2.91,48,2000,Communications,Other
S201800288,2018,0,M,0,White,IL,INST_04,Regional College D (Teaching),teaching,3.13,57,2000,Mathematics,STEM
S201800289,2018,0,M,0,White,FL,INST_05,Urban University E (Research),research,3.25,88,2000,Public Health,Health
S201800290,2018,0,F,1,Hispanic,NY,INST_01,State University A (Research),research,3.15,73,2000,History,Humanities
S201800291,2018,0,F,0,White,PA,INST_05,Urban University E (Research),research,3.57,39,2000,Marketing,Business
S201800292,2018,1,M,0,White,VA,INST_02,State University B (Research),research,3.43,80,2000,Education,Other
S201800293,2018,0,F,0,White,OH,INST_04,Regional College D (Teaching),teaching,2.51,42,2000,Mathematics,STEM
S201800294,2018,0,M,0,Multi,CA,INST_02,State University B (Research),research,3.49,85,2000,Accounting,Business
S201800295,2018,1,F,0,Multi,PA,INST_05,Urban University E (Research),research,3.16,28,2000,Public Health,Health
S201800296,2018,0,F,1,White,NY,INST_04,Regional College D (Teaching),teaching,2.9,42,2000,Management,Business
S201800297,2018,0,F,0,White,PA,INST_02,State University B (Research),research,3.01,54,2000,Economics-Bus,Business
S201800298,2018,1,F,1,White,IL,INST_02,State University B (Research),research,2.93,54,2000,Mechanical Engineering,STEM
S201800299,2018,0,F,0,Asian,FL,INST_04,Regional College D (Teaching),teaching,3.29,65,2000,Mathematics,STEM
S201800300,2018,0,M,0,Unknown,TX,INST_02,State University B (Research),research,2.45,27,2000,Pre-Med,Health
S201800301,2018,0,M,0,Asian,NC,INST_03,Regional College C (Teaching),teaching,2.85,61,2000,Statistics,STEM
S201800302,2018,0,M,0,Hispanic,TX,INST_04,Regional College D (Teaching),teaching,3.32,40,2000,Economics-Bus,Business
S201800303,2018,1,F,0,White,CA,INST_05,Urban University E (Research),research,3.1,39,2000,Statistics,STEM
S201800304,2018,0,F,0,White,NC,INST_03,Regional College C (Teaching),teaching,3.16,51,2000,Communications,Other
S201800305,2018,0,F,0,White,VA,INST_05,Urban University E (Research),research,2.74,82,2000,Pre-Med,Health
S201800306,2018,1,F,1,Asian,FL,INST_04,Regional College D (Teaching),teaching,3.53,68,2000,Kinesiology,Health
S201800307,2018,1,F,0,Hispanic,PA,INST_02,State University B (Research),research,3.29,34,2000,General Studies,Other
S201800308,2018,1,F,0,White,FL,INST_02,State University B (Research),research,3.17,65,2000,Education,Other
S201800309,2018,0,M,0,Multi,NJ,INST_03,Regional College C (Teaching),teaching,3.18,22,2000,Finance,Business
S201800310,2018,0,F,0,Black,NJ,INST_03,Regional College C (Teaching),teaching,2.92,31,2000,Accounting,Business
S201800311,2018,0,M,0,Hispanic,IL,INST_05,Urban University E (Research),research,3.4,77,2000,Mechanical Engineering,STEM
S201800312,2018,1,F,0,Hispanic,FL,INST_04,Regional College D (Teaching),teaching,2.94,67,2000,Biology,STEM
S201800313,2018,0,F,0,White,TX,INST_02,State University B (Research),research,2.94,37,2000,Undeclared,Other
S201800314,2018,0,M,0,White,CA,INST_02,State University B (Research),research,3.15,6,2000,Physics,STEM
S201800315,2018,0,F,1,Hispanic,TX,INST_03,Regional College C (Teaching),teaching,2.85,35,2000,Marketing,Business
S201800316,2018,0,M,0,White,GA,INST_02,State University B (Research),research,3.5,76,2000,Chemistry,STEM
S201800317,2018,1,F,0,Black,TX,INST_05,Urban University E (Research),research,3.03,48,2000,Economics,Social Sciences
S201800318,2018,0,M,0,Asian,NY,INST_05,Urban University E (Research),research,3.03,39,2000,Computer Science,STEM
S201800319,2018,0,F,0,White,PA,INST_04,Regional College D (Teaching),teaching,3.46,31,2000,Mathematics,STEM
S201800320,2018,1,F,1,Hispanic,OH,INST_04,Regional College D (Teaching),teaching,2.8,69,1999,Biology,STEM
S201800321,2018,0,F,0,White,GA,INST_03,Regional College C (Teaching),teaching,3.67,78,2000,General Studies,Other
S201800322,2018,0,M,1,NHPI,NY,INST_04,Regional College D (Teaching),teaching,3.17,69,2000,Electrical Engineering,STEM
S201800323,2018,0,M,0,White,TX,INST_04,Regional College D (Teaching),teaching,3.63,81,1999,Spanish,Humanities
S201800324,2018,0,F,1,Hispanic,NY,INST_01,State University A (Research),research,3.02,56,2000,Kinesiology,Health
S201800325,2018,0,F,0,White,OH,INST_05,Urban University E (Research),research,2.94,5,2000,Management,Business
S201800326,2018,0,M,0,White,NC,INST_05,Urban University E (Research),research,3.17,20,2000,Kinesiology,Health
S201800327,2018,0,F,1,Hispanic,NJ,INST_02,State University B (Research),research,2.73,78,2000,Education,Other
S201800328,2018,0,F,0,White,VA,INST_02,State University B (Research),research,3.41,29,2000,Finance,Business
S201800329,2018,0,F,1,White,GA,INST_03,Regional College C (Teaching),teaching,3.72,42,2000,General Studies,Other
S201800330,2018,1,M,0,Hispanic,NC,INST_01,State University A (Research),research,3.44,73,2000,Political Science,Social Sciences
S201800331,2018,1,F,0,White,NJ,INST_01,State University A (Research),research,2.89,99,2000,Political Science,Social Sciences
S201800332,2018,0,F,1,AIAN,VA,INST_04,Regional College D (Teaching),teaching,2.97,29,2000,Nursing,Health
S201800333,2018,1,M,1,White,IL,INST_01,State University A (Research),research,3.24,42,2000,Sociology,Social Sciences
S201800334,2018,0,F,0,White,NC,INST_02,State University B (Research),research,3.01,57,2000,Education,Other
S201800335,2018,0,F,0,White,NJ,INST_03,Regional College C (Teaching),teaching,3.2,68,2000,Kinesiology,Health
S201800336,2018,0,F,0,White,NY,INST_03,Regional College C (Teaching),teaching,3.24,43,2000,Kinesiology,Health
S201800337,2018,0,M,1,Multi,IL,INST_02,State University B (Research),research,2.99,43,2000,History,Humanities
S201800338,2018,1,F,0,White,OH,INST_02,State University B (Research),research,3.67,77,2000,Mechanical Engineering,STEM
S201800339,2018,1,F,0,Black,TX,INST_01,State University A (Research),research,3.88,99,2000,Education,Other
S201800340,2018,0,M,0,White,FL,INST_05,Urban University E (Research),research,3.71,53,2000,Finance,Business
S201800341,2018,0,F,0,Black,VA,INST_04,Regional College D (Teaching),teaching,3.47,99,2000,Finance,Business
S201800342,2018,0,F,0,White,FL,INST_02,State University B (Research),research,3.87,46,2000,Statistics,STEM
S201800343,2018,0,F,0,Black,PA,INST_01,State University A (Research),research,3.18,38,2000,Economics,Social Sciences
S201800344,2018,0,M,0,Hispanic,FL,INST_04,Regional College D (Teaching),teaching,3.72,53,2000,Mechanical Engineering,STEM
S201800345,2018,0,M,0,White,NJ,INST_04,Regional College D (Teaching),teaching,3.66,48,2000,Finance,Business
S201800346,2018,1,F,0,White,NJ,INST_02,State University B (Research),research,2.88,68,2000,Mathematics,STEM
S201800347,2018,0,M,0,Multi,IL,INST_03,Regional College C (Teaching),teaching,3.0,41,2000,Spanish,Humanities
S201800348,2018,0,M,1,White,MI,INST_05,Urban University E (Research),research,3.6,67,2000,Marketing,Business
S201800349,2018,1,M,0,Black,GA,INST_03,Regional College C (Teaching),teaching,3.64,59,2000,Kinesiology,Health
S201800350,2018,0,M,0,White,MI,INST_01,State University A (Research),research,4.0,47,2000,Anthropology,Social Sciences
S201800351,2018,0,F,0,White,MI,INST_01,State University A (Research),research,3.92,86,2000,Marketing,Business
S201800352,2018,0,F,0,Multi,OH,INST_04,Regional College D (Teaching),teaching,3.41,76,2000,Undeclared,Other
S201800353,2018,1,F,1,White,MI,INST_05,Urban University E (Research),research,3.11,59,2000,Biomedical Engineering,STEM
S201800354,2018,0,NB,0,White,VA,INST_01,State University A (Research),research,2.65,74,2000,Chemistry,STEM
S201800355,2018,1,M,0,White,TX,INST_05,Urban University E (Research),research,3.03,28,2000,Political Science,Social Sciences
S201800356,2018,0,M,1,Black,IL,INST_04,Regional College D (Teaching),teaching,3.3,68,2000,Biology,STEM
S201800357,2018,0,F,0,White,MI,INST_01,State University A (Research),research,3.84,90,2000,Pre-Med,Health
S201800358,2018,1,F,0,White,FL,INST_01,State University A (Research),research,2.61,69,2000,Public Health,Health
S201800359,2018,1,M,0,White,MI,INST_02,State University B (Research),research,3.19,50,2000,Psychology,Social Sciences
S201800360,2018,0,M,0,Hispanic,VA,INST_03,Regional College C (Teaching),teaching,2.38,50,2000,Nursing,Health
S201800361,2018,0,F,0,White,OH,INST_04,Regional College D (Teaching),teaching,3.59,49,2000,Economics,Social Sciences
S201800362,2018,0,NB,1,Black,FL,INST_01,State University A (Research),research,3.32,82,2000,Communications,Other
S201800363,2018,0,M,0,White,FL,INST_04,Regional College D (Teaching),teaching,2.29,43,2000,Kinesiology,Health
S201800364,2018,0,M,0,Multi,FL,INST_04,Regional College D (Teaching),teaching,3.06,57,2000,Finance,Business
S201800365,2018,0,F,0,White,GA,INST_04,Regional College D (Teaching),teaching,3.63,48,2000,Psychology,Social Sciences
S201800366,2018,1,F,0,White,VA,INST_05,Urban University E (Research),research,3.81,49,2000,Chemistry,STEM
S201800367,2018,1,F,0,Asian,IL,INST_02,State University B (Research),research,2.7,89,2000,Public Health,Health
S201800368,2018,0,F,0,Black,FL,INST_03,Regional College C (Teaching),teaching,3.58,55,2000,Economics,Social Sciences
S201800369,2018,0,F,0,Black,CA,INST_04,Regional College D (Teaching),teaching,3.91,50,2000,Accounting,Business
S201800370,2018,0,F,0,White,TX,INST_04,Regional College D (Teaching),teaching,3.07,38,2000,Accounting,Business
S201800371,2018,0,M,0,White,NC,INST_02,State University B (Research),research,3.86,66,2000,Political Science,Social Sciences
S201800372,2018,0,F,0,Hispanic,VA,INST_04,Regional College D (Teaching),teaching,3.96,58,2000,Psychology,Social Sciences
S201800373,2018,1,F,0,White,GA,INST_04,Regional College D (Teaching),teaching,2.31,46,2000,Anthropology,Social Sciences
S201800374,2018,1,F,1,Hispanic,GA,INST_05,Urban University E (Research),research,3.59,66,2000,Mechanical Engineering,STEM
S201800375,2018,0,F,0,White,FL,INST_02,State University B (Research),research,3.27,42,2000,Accounting,Business
S201800376,2018,0,F,0,White,NY,INST_02,State University B (Research),research,2.68,59,2000,Civil Engineering,STEM
S201800377,2018,1,F,0,NHPI,MI,INST_04,Regional College D (Teaching),teaching,2.75,26,2000,Mathematics,STEM
S201800378,2018,0,F,0,Black,NC,INST_01,State University A (Research),research,3.2,39,2000,Spanish,Humanities
S201800379,2018,0,M,1,Asian,MI,INST_02,State University B (Research),research,2.9,63,2000,Mechanical Engineering,STEM
S201800380,2018,0,F,0,Asian,IL,INST_04,Regional College D (Teaching),teaching,3.46,45,2000,Mechanical Engineering,STEM
S201800381,2018,1,F,1,White,NJ,INST_03,Regional College C (Teaching),teaching,3.61,78,2000,Nursing,Health
S201800382,2018,0,F,0,Black,CA,INST_03,Regional College C (Teaching),teaching,3.04,51,2000,Psychology,Social Sciences
S201800383,2018,0,F,0,White,NY,INST_01,State University A (Research),research,3.54,46,2000,Electrical Engineering,STEM
S201800384,2018,0,F,1,White,IL,INST_04,Regional College D (Teaching),teaching,3.18,41,2000,Nursing,Health
S201800385,2018,0,NB,0,White,CA,INST_02,State University B (Research),research,3.5,69,2000,Sociology,Social Sciences
S201800386,2018,0,M,0,Hispanic,OH,INST_05,Urban University E (Research),research,3.08,34,2000,Kinesiology,Health
S201800387,2018,1,F,0,White,CA,INST_02,State University B (Research),research,3.44,32,2000,English,Humanities
S201800388,2018,0,M,1,White,PA,INST_02,State University B (Research),research,2.96,68,2000,Finance,Business
S201800389,2018,0,F,0,Hispanic,NJ,INST_05,Urban University E (Research),research,2.78,75,2000,Management,Business
S201800390,2018,1,M,0,White,TX,INST_05,Urban University E (Research),research,2.93,62,1999,Philosophy,Humanities
S201800391,2018,1,NB,0,Multi,NJ,INST_05,Urban University E (Research),research,2.39,57,2000,Psychology,Social Sciences
S201800392,2018,1,M,0,White,NY,INST_04,Regional College D (Teaching),teaching,3.39,41,2000,Education,Other
S201800393,2018,1,F,0,White,VA,INST_01,State University A (Research),research,2.64,52,2000,Civil Engineering,STEM
S201800394,2018,0,M,1,White,PA,INST_04,Regional College D (Teaching),teaching,3.4,48,2000,Management,Business
S201800395,2018,0,M,1,Black,TX,INST_01,State University A (Research),research,2.67,91,2000,Philosophy,Humanities
S201800396,2018,1,F,1,White,PA,INST_02,State University B (Research),research,2.72,22,2000,General Studies,Other
S201800397,2018,1,M,0,White,NC,INST_05,Urban University E (Research),research,3.25,77,2000,Mathematics,STEM
S201800398,2018,1,F,0,Multi,PA,INST_04,Regional College D (Teaching),teaching,2.79,81,2000,Philosophy,Humanities
S201800399,2018,0,F,1,White,IL,INST_03,Regional College C (Teaching),teaching,3.15,46,2000,Computer Science,STEM
S201800400,2018,0,F,0,White,PA,INST_05,Urban University E (Research),research,3.83,45,2000,Management,Business
S201800401,2018,1,M,0,Black,VA,INST_02,State University B (Research),research,3.17,50,2000,Biology,STEM
S201800402,2018,1,F,0,White,NC,INST_01,State University A (Research),research,3.37,50,2000,Accounting,Business
S201800403,2018,1,M,1,White,NC,INST_04,Regional College D (Teaching),teaching,2.94,34,2000,General Studies,Other
S201800404,2018,1,F,0,White,PA,INST_03,Regional College C (Teaching),teaching,2.87,51,2000,Philosophy,Humanities
S201800405,2018,1,F,0,Asian,IL,INST_04,Regional College D (Teaching),teaching,3.09,45,2000,Electrical Engineering,STEM
S201800406,2018,0,F,0,Unknown,GA,INST_04,Regional College D (Teaching),teaching,2.86,72,2000,Economics,Social Sciences
S201800407,2018,0,F,1,Multi,IL,INST_01,State University A (Research),research,3.29,81,2000,Undeclared,Other
S201800408,2018,0,F,1,Black,VA,INST_01,State University A (Research),research,2.95,58,2000,Economics,Social Sciences
S201800409,2018,0,F,1,Hispanic,NJ,INST_03,Regional College C (Teaching),teaching,4.0,63,2000,Political Science,Social Sciences
S201800410,2018,1,F,0,Black,NC,INST_03,Regional College C (Teaching),teaching,2.22,50,2000,Spanish,Humanities
S201800411,2018,0,F,0,White,IL,INST_03,Regional College C (Teaching),teaching,4.0,58,2000,Undeclared,Other
S201800412,2018,1,M,0,Multi,NY,INST_04,Regional College D (Teaching),teaching,2.52,63,2000,Computer Science,STEM
S201800413,2018,0,F,0,White,PA,INST_03,Regional College C (Teaching),teaching,3.29,24,2000,Pre-Med,Health
S201800414,2018,0,F,1,White,NJ,INST_05,Urban University E (Research),research,4.0,45,2000,Mechanical Engineering,STEM
S201800415,2018,0,M,0,White,PA,INST_01,State University A (Research),research,3.06,41,2000,Political Science,Social Sciences
S201800416,2018,1,F,1,AIAN,PA,INST_04,Regional College D (Teaching),teaching,3.23,10,2000,Civil Engineering,STEM
S201800417,2018,1,F,1,White,FL,INST_01,State University A (Research),research,3.19,45,2000,Undeclared,Other
S201800418,2018,0,M,0,Hispanic,VA,INST_05,Urban University E (Research),research,3.69,43,2000,General Studies,Other
S201800419,2018,1,F,0,Hispanic,VA,INST_04,Regional College D (Teaching),teaching,3.08,58,2000,Biology,STEM
S201800420,2018,1,F,0,Hispanic,CA,INST_03,Regional College C (Teaching),teaching,2.94,72,2000,Biomedical Engineering,STEM
S201800421,2018,0,F,1,White,NJ,INST_04,Regional College D (Teaching),teaching,3.06,31,2000,Psychology,Social Sciences
S201800422,2018,0,M,1,Hispanic,TX,INST_02,State University B (Research),research,2.77,27,2000,Nursing,Health
S201800423,2018,0,M,1,Asian,GA,INST_05,Urban University E (Research),research,2.48,31,2000,Finance,Business
S201800424,2018,0,M,0,Hispanic,NY,INST_03,Regional College C (Teaching),teaching,2.73,66,2000,Civil Engineering,STEM
S201800425,2018,1,F,0,White,TX,INST_01,State University A (Research),research,3.14,60,2000,Education,Other
S201800426,2018,0,M,1,White,IL,INST_04,Regional College D (Teaching),teaching,3.43,57,2000,Kinesiology,Health
S201800427,2018,0,M,0,White,VA,INST_04,Regional College D (Teaching),teaching,3.41,40,2000,Mechanical Engineering,STEM
S201800428,2018,1,M,0,White,GA,INST_05,Urban University E (Research),research,3.02,73,2000,Anthropology,Social Sciences
S201800429,2018,0,F,1,White,CA,INST_04,Regional College D (Teaching),teaching,4.0,59,2000,Economics,Social Sciences
S201800430,2018,1,M,0,White,OH,INST_04,Regional College D (Teaching),teaching,2.62,31,2000,Civil Engineering,STEM
S201800431,2018,0,F,0,White,PA,INST_01,State University A (Research),research,3.38,40,2000,Political Science,Social Sciences
S201800432,2018,0,F,0,Asian,FL,INST_01,State University A (Research),research,2.41,91,2000,Public Health,Health
S201800433,2018,1,F,0,Black,IL,INST_05,Urban University E (Research),research,2.79,78,2000,Civil Engineering,STEM
S201800434,2018,0,F,0,Black,NJ,INST_02,State University B (Research),research,3.41,49,2000,Mathematics,STEM
S201800435,2018,0,F,0,White,FL,INST_05,Urban University E (Research),research,3.5,45,2000,Mechanical Engineering,STEM
S201800436,2018,0,F,1,Hispanic,VA,INST_03,Regional College C (Teaching),teaching,3.34,48,2000,Marketing,Business
S201800437,2018,1,F,0,Hispanic,GA,INST_05,Urban University E (Research),research,3.69,23,2000,Computer Science,STEM
S201800438,2018,1,F,1,Multi,FL,INST_01,State University A (Research),research,3.74,68,2000,Mathematics,STEM
S201800439,2018,0,M,1,Black,IL,INST_01,State University A (Research),research,2.55,47,2000,Biology,STEM
S201800440,2018,0,M,0,White,IL,INST_01,State University A (Research),research,2.36,38,2000,Marketing,Business
S201800441,2018,0,M,0,White,OH,INST_03,Regional College C (Teaching),teaching,3.51,54,2000,Economics-Bus,Business
S201800442,2018,0,F,0,White,PA,INST_02,State University B (Research),research,4.0,28,2000,Physics,STEM
S201800443,2018,1,M,0,Black,NC,INST_04,Regional College D (Teaching),teaching,3.39,55,2000,Kinesiology,Health
S201800444,2018,0,F,0,White,NC,INST_05,Urban University E (Research),research,3.73,51,2000,Nursing,Health
S201800445,2018,0,F,0,White,FL,INST_01,State University A (Research),research,2.31,67,2000,Statistics,STEM
S201800446,2018,0,F,0,Black,PA,INST_03,Regional College C (Teaching),teaching,3.89,50,2000,Public Health,Health
S201800447,2018,1,F,0,White,TX,INST_01,State University A (Research),research,3.68,75,2000,Education,Other
S201800448,2018,0,F,0,White,TX,INST_03,Regional College C (Teaching),teaching,3.1,68,2000,Biology,STEM
S201800449,2018,1,M,0,White,MI,INST_02,State University B (Research),research,2.58,22,2000,Political Science,Social Sciences
S201800450,2018,1,F,0,White,FL,INST_01,State University A (Research),research,3.8,38,2000,Chemistry,STEM
S201800451,2018,0,M,0,White,GA,INST_03,Regional College C (Teaching),teaching,2.81,63,2000,Communications,Other
S201800452,2018,1,M,0,White,NY,INST_03,Regional College C (Teaching),teaching,3.58,36,2000,Economics,Social Sciences
S201800453,2018,0,F,0,White,NJ,INST_01,State University A (Research),research,3.09,68,2000,Sociology,Social Sciences
S201800454,2018,0,F,0,White,IL,INST_01,State University A (Research),research,3.52,19,2000,Marketing,Business
S201800455,2018,0,F,0,White,CA,INST_05,Urban University E (Research),research,3.39,80,2000,Electrical Engineering,STEM
S201800456,2018,0,F,1,Asian,PA,INST_05,Urban University E (Research),research,3.05,21,2000,Chemistry,STEM
S201800457,2018,0,F,0,White,FL,INST_02,State University B (Research),research,3.25,50,2000,Kinesiology,Health
S201800458,2018,1,F,0,White,GA,INST_04,Regional College D (Teaching),teaching,3.15,31,2000,Statistics,STEM
S201800459,2018,0,M,0,Black,TX,INST_03,Regional College C (Teaching),teaching,2.93,54,2000,Marketing,Business
S201800460,2018,0,M,1,White,PA,INST_04,Regional College D (Teaching),teaching,3.07,43,1999,Statistics,STEM
S201800461,2018,1,F,0,Black,OH,INST_02,State University B (Research),research,3.52,53,2000,Psychology,Social Sciences
S201800462,2018,1,F,0,Hispanic,TX,INST_02,State University B (Research),research,3.29,49,2000,Nursing,Health
S201800463,2018,1,F,1,Black,CA,INST_04,Regional College D (Teaching),teaching,3.62,65,2000,Management,Business
S201800464,2018,0,F,0,Black,NY,INST_04,Regional College D (Teaching),teaching,3.81,76,2000,Statistics,STEM
S201800465,2018,1,F,0,White,NY,INST_04,Regional College D (Teaching),teaching,3.15,45,2000,Electrical Engineering,STEM
S201800466,2018,0,F,0,Hispanic,NY,INST_01,State University A (Research),research,4.0,69,2000,Communications,Other
S201800467,2018,0,F,0,Hispanic,IL,INST_01,State University A (Research),research,2.87,87,2000,Accounting,Business
S201800468,2018,0,M,0,Hispanic,MI,INST_01,State University A (Research),research,3.0,21,2000,Economics,Social Sciences
S201800469,2018,0,F,1,Black,NY,INST_01,State University A (Research),research,2.57,22,2000,Kinesiology,Health
S201800470,2018,1,M,0,White,FL,INST_01,State University A (Research),research,3.3,45,2000,Statistics,STEM
S201800471,2018,0,M,0,White,NY,INST_05,Urban University E (Research),research,2.77,43,2000,Electrical Engineering,STEM
S201800472,2018,0,F,0,Asian,VA,INST_05,Urban University E (Research),research,2.93,61,2000,Marketing,Business
S201800473,2018,0,M,0,Asian,CA,INST_05,Urban University E (Research),research,2.64,59,2000,Spanish,Humanities
S201800474,2018,0,M,0,Hispanic,VA,INST_01,State University A (Research),research,3.09,69,2000,Biology,STEM
S201800475,2018,0,F,0,White,NC,INST_04,Regional College D (Teaching),teaching,3.56,50,2000,Economics-Bus,Business
S201800476,2018,0,M,0,White,FL,INST_04,Regional College D (Teaching),teaching,2.31,42,2000,Statistics,STEM
S201800477,2018,0,M,0,White,GA,INST_03,Regional College C (Teaching),teaching,3.24,25,2000,Philosophy,Humanities
S201800478,2018,0,M,0,Hispanic,IL,INST_04,Regional College D (Teaching),teaching,4.0,50,2000,Spanish,Humanities
S201800479,2018,0,M,0,White,IL,INST_02,State University B (Research),research,3.36,51,1999,Psychology,Social Sciences
S201800480,2018,0,M,1,White,NJ,INST_05,Urban University E (Research),research,3.41,62,2000,Undeclared,Other
S201800481,2018,0,F,0,Black,VA,INST_01,State University A (Research),research,3.18,52,2000,Undeclared,Other
S201800482,2018,0,F,1,Black,VA,INST_02,State University B (Research),research,4.0,60,2000,Nursing,Health
S201800483,2018,0,F,0,White,CA,INST_03,Regional College C (Teaching),teaching,3.55,23,2000,Biomedical Engineering,STEM
S201800484,2018,1,F,0,White,GA,INST_03,Regional College C (Teaching),teaching,3.58,22,2000,Civil Engineering,STEM
S201800485,2018,1,F,0,White,PA,INST_02,State University B (Research),research,3.15,44,2000,Biomedical Engineering,STEM
S201800486,2018,1,F,0,Hispanic,NJ,INST_02,State University B (Research),research,3.56,58,2000,English,Humanities
S201800487,2018,1,M,0,Hispanic,IL,INST_04,Regional College D (Teaching),teaching,3.57,69,2000,Marketing,Business
S201800488,2018,1,F,0,White,NJ,INST_05,Urban University E (Research),research,2.94,36,2000,Physics,STEM
S201800489,2018,1,F,0,White,NC,INST_04,Regional College D (Teaching),teaching,3.29,49,2000,Public Health,Health
S201800490,2018,0,F,1,White,CA,INST_05,Urban University E (Research),research,3.05,34,2000,Accounting,Business
S201800491,2018,0,F,0,White,NC,INST_03,Regional College C (Teaching),teaching,3.45,37,2000,Physics,STEM
S201800492,2018,0,F,0,White,NJ,INST_03,Regional College C (Teaching),teaching,2.69,68,2000,Nursing,Health
S201800493,2018,1,M,0,Asian,NY,INST_05,Urban University E (Research),research,3.43,69,2000,Mechanical Engineering,STEM
S201800494,2018,1,M,0,Hispanic,CA,INST_03,Regional College C (Teaching),teaching,2.96,34,2000,Marketing,Business
S201800495,2018,0,F,0,Multi,CA,INST_04,Regional College D (Teaching),teaching,3.16,49,2000,Mechanical Engineering,STEM
S201800496,2018,0,F,0,Black,MI,INST_02,State University B (Research),research,3.05,45,2000,Marketing,Business
S201800497,2018,0,M,0,Multi,NC,INST_01,State University A (Research),research,3.18,33,2000,Anthropology,Social Sciences
S201800498,2018,0,F,0,White,NY,INST_05,Urban University E (Research),research,3.12,46,2000,Chemistry,STEM
S201800499,2018,1,M,1,White,MI,INST_02,State University B (Research),research,2.09,32,2000,Biomedical Engineering,STEM
S201800500,2018,0,F,0,White,PA,INST_03,Regional College C (Teaching),teaching,2.89,57,2000,Electrical Engineering,STEM
S201800501,2018,0,M,0,Hispanic,PA,INST_01,State University A (Research),research,3.23,49,2000,Education,Other
S201800502,2018,0,M,0,White,FL,INST_03,Regional College C (Teaching),teaching,2.12,66,2000,Nursing,Health
S201800503,2018,0,F,0,Black,FL,INST_05,Urban University E (Research),research,2.91,57,2000,Accounting,Business
S201800504,2018,0,M,0,White,TX,INST_04,Regional College D (Teaching),teaching,4.0,30,2000,Pre-Med,Health
S201800505,2018,0,F,0,White,NC,INST_02,State University B (Research),research,3.07,72,2000,Nursing,Health
S201800506,2018,0,F,0,White,IL,INST_03,Regional College C (Teaching),teaching,3.55,51,2000,Undeclared,Other
S201800507,2018,1,M,0,White,NY,INST_01,State University A (Research),research,3.58,75,2000,Sociology,Social Sciences
S201800508,2018,1,F,0,Hispanic,NJ,INST_03,Regional College C (Teaching),teaching,3.29,39,2000,Finance,Business
S201800509,2018,0,F,0,White,NC,INST_03,Regional College C (Teaching),teaching,3.78,44,2000,Economics,Social Sciences
S201800510,2018,1,F,0,White,NC,INST_02,State University B (Research),research,3.53,87,2000,Management,Business
S201800511,2018,1,M,0,AIAN,VA,INST_04,Regional College D (Teaching),teaching,2.85,40,2000,Finance,Business
S201800512,2018,1,F,0,White,IL,INST_03,Regional College C (Teaching),teaching,3.6,55,2000,Anthropology,Social Sciences
S201800513,2018,0,M,1,Hispanic,NY,INST_04,Regional College D (Teaching),teaching,3.39,78,2000,Biomedical Engineering,STEM
S201800514,2018,0,F,0,Black,GA,INST_01,State University A (Research),research,3.52,74,2000,Kinesiology,Health
S201800515,2018,0,M,1,Hispanic,VA,INST_04,Regional College D (Teaching),teaching,3.38,51,2000,Accounting,Business
S201800516,2018,0,F,1,White,IL,INST_04,Regional College D (Teaching),teaching,3.79,94,2000,Electrical Engineering,STEM
S201800517,2018,0,M,0,White,GA,INST_01,State University A (Research),research,3.33,67,2000,Sociology,Social Sciences
S201800518,2018,1,F,0,Asian,IL,INST_05,Urban University E (Research),research,3.25,47,2000,Political Science,Social Sciences
S201800519,2018,1,M,1,White,CA,INST_03,Regional College C (Teaching),teaching,3.67,30,2000,Sociology,Social Sciences
S201800520,2018,0,F,1,White,OH,INST_01,State University A (Research),research,3.65,53,2000,Accounting,Business
S201800521,2018,1,M,0,White,VA,INST_03,Regional College C (Teaching),teaching,2.63,18,2000,English,Humanities
S201800522,2018,0,M,0,Black,VA,INST_03,Regional College C (Teaching),teaching,3.07,43,2000,Computer Science,STEM
S201800523,2018,0,M,0,Hispanic,IL,INST_02,State University B (Research),research,2.62,64,2000,Communications,Other
S201800524,2018,1,F,0,Hispanic,OH,INST_05,Urban University E (Research),research,4.0,76,2000,Chemistry,STEM
S201800525,2018,0,M,0,White,VA,INST_05,Urban University E (Research),research,2.58,79,2000,Nursing,Health
S201800526,2018,1,M,0,Hispanic,CA,INST_01,State University A (Research),research,2.95,91,1999,Sociology,Social Sciences
S201800527,2018,1,F,0,White,GA,INST_05,Urban University E (Research),research,2.91,91,2000,Economics-Bus,Business
S201800528,2018,1,F,1,Black,GA,INST_04,Regional College D (Teaching),teaching,2.96,43,2000,Mechanical Engineering,STEM
S201800529,2018,0,F,0,White,VA,INST_03,Regional College C (Teaching),teaching,2.4,53,2000,Civil Engineering,STEM
S201800530,2018,1,M,0,White,VA,INST_04,Regional College D (Teaching),teaching,3.75,61,2000,Political Science,Social Sciences
S201800531,2018,1,M,0,White,OH,INST_03,Regional College C (Teaching),teaching,3.47,69,2000,Anthropology,Social Sciences
S201800532,2018,0,F,1,White,OH,INST_03,Regional College C (Teaching),teaching,3.24,58,2000,Chemistry,STEM
S201800533,2018,0,M,0,White,NC,INST_02,State University B (Research),research,4.0,55,2000,Psychology,Social Sciences
S201800534,2018,0,NB,0,White,NJ,INST_01,State University A (Research),research,2.88,70,2000,Biomedical Engineering,STEM
S201800535,2018,0,F,1,Black,VA,INST_01,State University A (Research),research,3.61,44,2000,Pre-Med,Health
S201800536,2018,0,F,0,Black,IL,INST_01,State University A (Research),research,2.92,48,2000,Undeclared,Other
S201800537,2018,0,M,0,White,NJ,INST_01,State University A (Research),research,3.12,27,2000,Political Science,Social Sciences
S201800538,2018,0,F,0,Black,FL,INST_03,Regional College C (Teaching),teaching,4.0,73,2000,Communications,Other
S201800539,2018,0,F,1,AIAN,TX,INST_02,State University B (Research),research,3.44,79,2000,Marketing,Business
S201800540,2018,0,M,0,White,IL,INST_04,Regional College D (Teaching),teaching,3.08,38,2000,Pre-Med,Health
S201800541,2018,0,F,0,Hispanic,MI,INST_04,Regional College D (Teaching),teaching,3.39,99,2000,Sociology,Social Sciences
S201800542,2018,0,M,0,Asian,FL,INST_02,State University B (Research),research,2.73,64,2000,Communications,Other
S201800543,2018,1,NB,1,White,IL,INST_02,State University B (Research),research,3.35,62,2000,Accounting,Business
S201800544,2018,1,M,0,White,NY,INST_04,Regional College D (Teaching),teaching,2.65,60,2000,Spanish,Humanities
S201800545,2018,1,M,1,Hispanic,GA,INST_03,Regional College C (Teaching),teaching,3.52,49,2000,Sociology,Social Sciences
S201800546,2018,0,F,0,White,NC,INST_03,Regional College C (Teaching),teaching,3.54,60,2000,English,Humanities
S201800547,2018,0,M,1,Asian,NY,INST_01,State University A (Research),research,3.83,45,2000,Sociology,Social Sciences
S201800548,2018,0,M,0,White,OH,INST_02,State University B (Research),research,4.0,39,2000,Economics-Bus,Business
S201800549,2018,0,F,0,Hispanic,IL,INST_04,Regional College D (Teaching),teaching,3.67,56,2000,Education,Other
S201800550,2018,0,F,0,Black,OH,INST_04,Regional College D (Teaching),teaching,3.59,63,2000,Economics,Social Sciences
S201800551,2018,0,F,1,Black,FL,INST_01,State University A (Research),research,2.94,31,2000,Spanish,Humanities
S201800552,2018,0,M,0,White,NY,INST_05,Urban University E (Research),research,4.0,21,2000,English,Humanities
S201800553,2018,0,F,1,White,GA,INST_04,Regional College D (Teaching),teaching,3.58,29,1999,Spanish,Humanities
S201800554,2018,1,F,1,White,NC,INST_04,Regional College D (Teaching),teaching,3.03,76,2000,Pre-Med,Health
S201800555,2018,0,F,0,White,OH,INST_03,Regional College C (Teaching),teaching,3.03,50,2000,Psychology,Social Sciences
S201800556,2018,1,F,0,Hispanic,IL,INST_02,State University B (Research),research,3.48,63,2000,Civil Engineering,STEM
S201800557,2018,0,F,0,Hispanic,TX,INST_04,Regional College D (Teaching),teaching,3.92,71,2000,Anthropology,Social Sciences
S201800558,2018,1,F,1,White,OH,INST_03,Regional College C (Teaching),teaching,3.4,31,2000,Public Health,Health
S201800559,2018,0,F,0,Multi,CA,INST_03,Regional College C (Teaching),teaching,3.56,59,2000,Civil Engineering,STEM
S201800560,2018,1,M,0,White,TX,INST_03,Regional College C (Teaching),teaching,3.32,41,2000,Kinesiology,Health
S201800561,2018,0,F,0,White,PA,INST_05,Urban University E (Research),research,3.36,22,2000,English,Humanities
S201800562,2018,1,M,1,Asian,VA,INST_02,State University B (Research),research,3.71,88,2000,Electrical Engineering,STEM
S201800563,2018,1,M,1,Hispanic,NC,INST_01,State University A (Research),research,3.18,77,1999,Civil Engineering,STEM
S201800564,2018,0,M,1,Black,NJ,INST_04,Regional College D (Teaching),teaching,3.74,84,2000,Finance,Business
S201800565,2018,0,M,0,Black,FL,INST_05,Urban University E (Research),research,3.27,35,2000,Marketing,Business
S201800566,2018,0,F,1,White,VA,INST_02,State University B (Research),research,3.42,60,2000,Undeclared,Other
S201800567,2018,1,M,1,White,IL,INST_02,State University B (Research),research,2.99,23,2000,Kinesiology,Health
S201800568,2018,0,F,0,White,MI,INST_05,Urban University E (Research),research,3.3,32,2000,Political Science,Social Sciences
S201800569,2018,0,M,0,White,TX,INST_03,Regional College C (Teaching),teaching,2.9,18,2000,Marketing,Business
S201800570,2018,0,F,0,Asian,PA,INST_02,State University B (Research),research,3.78,48,2000,Finance,Business
S201800571,2018,1,F,1,White,NY,INST_05,Urban University E (Research),research,3.08,69,2000,Education,Other
S201800572,2018,1,F,0,Multi,GA,INST_05,Urban University E (Research),research,2.89,28,2000,Education,Other
S201800573,2018,0,F,0,White,NC,INST_05,Urban University E (Research),research,2.98,81,2000,English,Humanities
S201800574,2018,0,M,0,Hispanic,FL,INST_05,Urban University E (Research),research,2.84,44,2000,Management,Business
S201800575,2018,1,F,0,Asian,IL,INST_03,Regional College C (Teaching),teaching,2.77,47,2000,Finance,Business
S201800576,2018,0,F,0,White,OH,INST_04,Regional College D (Teaching),teaching,3.84,67,2000,Pre-Med,Health
S201800577,2018,0,F,0,White,IL,INST_03,Regional College C (Teaching),teaching,2.88,57,2000,Nursing,Health
S201800578,2018,0,M,0,Hispanic,NJ,INST_05,Urban University E (Research),research,3.13,36,2000,Mechanical Engineering,STEM
S201800579,2018,0,M,1,Multi,OH,INST_01,State University A (Research),research,3.3,51,2000,History,Humanities
S201800580,2018,0,F,0,White,TX,INST_04,Regional College D (Teaching),teaching,4.0,29,2000,Sociology,Social Sciences
S201800581,2018,1,M,1,Asian,NC,INST_04,Regional College D (Teaching),teaching,3.03,16,2000,Kinesiology,Health
S201800582,2018,1,M,1,White,MI,INST_03,Regional College C (Teaching),teaching,2.39,76,2000,Biomedical Engineering,STEM
S201800583,2018,1,F,1,White,CA,INST_04,Regional College D (Teaching),teaching,3.75,57,2000,Mechanical Engineering,STEM
S201800584,2018,0,M,0,White,VA,INST_03,Regional College C (Teaching),teaching,2.73,73,2000,English,Humanities
S201800585,2018,0,F,0,White,GA,INST_02,State University B (Research),research,2.98,28,2000,Electrical Engineering,STEM
S201800586,2018,0,F,1,White,IL,INST_05,Urban University E (Research),research,3.43,76,2000,Anthropology,Social Sciences
S201800587,2018,0,F,1,White,PA,INST_01,State University A (Research),research,3.37,75,2000,Biomedical Engineering,STEM
S201800588,2018,0,F,1,Hispanic,CA,INST_03,Regional College C (Teaching),teaching,1.74,38,2000,Economics,Social Sciences
S201800589,2018,0,F,0,Hispanic,NY,INST_01,State University A (Research),research,3.54,59,2000,Undeclared,Other
S201800590,2018,1,M,0,Black,TX,INST_04,Regional College D (Teaching),teaching,3.0,67,2000,Art History,Humanities
S201800591,2018,0,M,0,Unknown,VA,INST_03,Regional College C (Teaching),teaching,3.17,53,2000,Spanish,Humanities
S201800592,2018,0,M,0,Multi,CA,INST_05,Urban University E (Research),research,2.93,21,2000,Statistics,STEM
S201800593,2018,0,M,0,White,TX,INST_01,State University A (Research),research,3.27,51,2000,Political Science,Social Sciences
S201800594,2018,1,F,0,Asian,PA,INST_01,State University A (Research),research,3.9,3,2000,Accounting,Business
S201800595,2018,0,F,0,White,OH,INST_01,State University A (Research),research,3.52,60,2000,Public Health,Health
S201800596,2018,1,M,0,White,PA,INST_04,Regional College D (Teaching),teaching,2.79,71,2000,Mechanical Engineering,STEM
S201800597,2018,0,F,0,Hispanic,OH,INST_02,State University B (Research),research,3.02,72,2000,Computer Science,STEM
S201800598,2018,0,M,1,Multi,VA,INST_05,Urban University E (Research),research,3.68,18,2000,Political Science,Social Sciences
S201800599,2018,0,F,0,White,GA,INST_01,State University A (Research),research,3.23,86,2000,Finance,Business
S201800600,2018,1,M,0,White,VA,INST_03,Regional College C (Teaching),teaching,3.5,60,2000,Political Science,Social Sciences
S201800601,2018,0,M,0,White,GA,INST_03,Regional College C (Teaching),teaching,3.18,39,2000,Biomedical Engineering,STEM
S201800602,2018,0,F,0,White,NJ,INST_01,State University A (Research),research,3.45,85,2000,Marketing,Business
S201800603,2018,0,F,0,Asian,PA,INST_04,Regional College D (Teaching),teaching,3.33,58,2000,Anthropology,Social Sciences
S201800604,2018,1,F,0,White,NY,INST_05,Urban University E (Research),research,2.89,41,2000,Accounting,Business
S201800605,2018,0,F,0,White,NY,INST_01,State University A (Research),research,3.35,39,2000,Anthropology,Social Sciences
S201800606,2018,1,F,0,White,TX,INST_03,Regional College C (Teaching),teaching,2.91,77,2000,Communications,Other
S201800607,2018,1,M,0,Multi,TX,INST_04,Regional College D (Teaching),teaching,3.63,54,2000,History,Humanities
S201800608,2018,1,F,0,Black,TX,INST_01,State University A (Research),research,3.46,69,2000,Economics-Bus,Business
S201800609,2018,1,F,0,Multi,VA,INST_04,Regional College D (Teaching),teaching,2.58,73,2000,Marketing,Business
S201800610,2018,1,M,0,Black,VA,INST_03,Regional College C (Teaching),teaching,3.26,57,2000,Kinesiology,Health
S201800611,2018,1,M,0,White,MI,INST_04,Regional College D (Teaching),teaching,2.88,63,2000,Economics-Bus,Business
S201800612,2018,0,F,0,Hispanic,NC,INST_02,State University B (Research),research,3.29,63,1999,Economics-Bus,Business
S201800613,2018,1,F,0,Black,NC,INST_02,State University B (Research),research,3.34,74,2000,Physics,STEM
S201800614,2018,1,F,0,Multi,NJ,INST_01,State University A (Research),research,2.69,86,2000,Political Science,Social Sciences
S201800615,2018,1,F,0,Black,MI,INST_05,Urban University E (Research),research,4.0,54,2000,Management,Business
S201800616,2018,0,M,1,Hispanic,PA,INST_03,Regional College C (Teaching),teaching,3.88,78,2000,Marketing,Business
S201800617,2018,0,M,0,White,MI,INST_02,State University B (Research),research,2.35,64,2000,Management,Business
S201800618,2018,0,M,0,White,VA,INST_02,State University B (Research),research,3.06,87,2000,Mechanical Engineering,STEM
S201800619,2018,0,F,1,White,IL,INST_04,Regional College D (Teaching),teaching,3.78,69,2000,Pre-Med,Health
S201800620,2018,0,F,1,White,FL,INST_05,Urban University E (Research),research,3.78,52,2000,Biology,STEM
S201800621,2018,0,F,0,White,TX,INST_01,State University A (Research),research,3.26,67,2000,Finance,Business
S201800622,2018,1,F,1,White,NJ,INST_01,State University A (Research),research,3.35,49,2000,Economics,Social Sciences
S201800623,2018,0,M,0,Hispanic,IL,INST_02,State University B (Research),research,3.04,50,2000,Mechanical Engineering,STEM
S201800624,2018,0,F,0,White,NC,INST_01,State University A (Research),research,3.8,99,2000,Public Health,Health
S201800625,2018,1,M,0,Black,MI,INST_03,Regional College C (Teaching),teaching,3.53,35,2000,Public Health,Health
S201800626,2018,0,F,0,White,GA,INST_02,State University B (Research),research,4.0,29,2000,Undeclared,Other
S201800627,2018,0,F,1,White,VA,INST_03,Regional College C (Teaching),teaching,4.0,69,2000,Economics,Social Sciences
S201800628,2018,0,M,0,Unknown,MI,INST_01,State University A (Research),research,3.06,56,2000,Communications,Other
S201800629,2018,0,F,1,White,FL,INST_04,Regional College D (Teaching),teaching,3.54,56,2000,Physics,STEM
S201800630,2018,0,M,1,White,NJ,INST_02,State University B (Research),research,3.08,38,2000,General Studies,Other
S201800631,2018,0,M,1,White,IL,INST_02,State University B (Research),research,3.17,57,2000,Electrical Engineering,STEM
S201800632,2018,0,M,0,White,GA,INST_02,State University B (Research),research,3.11,51,2000,Finance,Business
S201800633,2018,1,F,0,Multi,NY,INST_02,State University B (Research),research,3.32,40,2000,Art History,Humanities
S201800634,2018,0,F,0,Asian,CA,INST_05,Urban University E (Research),research,3.29,30,2000,Art History,Humanities
S201800635,2018,0,M,1,White,FL,INST_04,Regional College D (Teaching),teaching,3.91,90,2000,Statistics,STEM
S201800636,2018,0,M,1,White,CA,INST_04,Regional College D (Teaching),teaching,3.23,35,2000,Chemistry,STEM
S201800637,2018,1,F,1,White,TX,INST_05,Urban University E (Research),research,3.18,43,2000,Marketing,Business
S201800638,2018,0,F,0,White,VA,INST_01,State University A (Research),research,3.47,43,2000,Art History,Humanities
S201800639,2018,0,F,1,White,NY,INST_05,Urban University E (Research),research,4.0,58,2000,Mathematics,STEM
S201800640,2018,0,F,1,White,CA,INST_01,State University A (Research),research,4.0,99,2000,Economics,Social Sciences
S201800641,2018,0,F,0,White,OH,INST_01,State University A (Research),research,3.01,48,2000,History,Humanities
S201800642,2018,1,M,0,Black,IL,INST_05,Urban University E (Research),research,3.27,70,2000,Biomedical Engineering,STEM
S201800643,2018,1,F,0,Hispanic,TX,INST_01,State University A (Research),research,3.68,61,2000,Pre-Med,Health
S201800644,2018,0,F,0,White,TX,INST_04,Regional College D (Teaching),teaching,3.18,36,2000,Marketing,Business
S201800645,2018,0,M,0,Multi,GA,INST_05,Urban University E (Research),research,2.98,32,2000,Civil Engineering,STEM
S201800646,2018,1,F,0,White,MI,INST_05,Urban University E (Research),research,2.53,63,2000,Accounting,Business
S201800647,2018,0,F,1,White,NJ,INST_05,Urban University E (Research),research,3.33,26,2000,Marketing,Business
S201800648,2018,0,F,0,White,CA,INST_04,Regional College D (Teaching),teaching,2.99,76,2000,Mechanical Engineering,STEM
S201800649,2018,1,F,0,Black,NJ,INST_05,Urban University E (Research),research,3.59,93,2000,Civil Engineering,STEM
S201800650,2018,0,F,0,Multi,NY,INST_01,State University A (Research),research,3.73,51,2000,Anthropology,Social Sciences
S201800651,2018,0,F,0,Asian,TX,INST_03,Regional College C (Teaching),teaching,3.72,79,2000,History,Humanities
S201800652,2018,1,M,0,Hispanic,NY,INST_02,State University B (Research),research,2.69,84,2000,General Studies,Other
S201800653,2018,0,M,1,White,IL,INST_05,Urban University E (Research),research,2.46,34,2000,Physics,STEM
S201800654,2018,0,F,0,Hispanic,VA,INST_05,Urban University E (Research),research,1.89,73,2000,Management,Business
S201800655,2018,0,F,0,Black,CA,INST_03,Regional College C (Teaching),teaching,3.68,51,2000,Physics,STEM
S201800656,2018,0,F,1,Multi,IL,INST_03,Regional College C (Teaching),teaching,2.39,82,2000,Kinesiology,Health
S201800657,2018,1,M,0,Asian,MI,INST_03,Regional College C (Teaching),teaching,2.38,66,2000,Psychology,Social Sciences
S201800658,2018,0,M,1,White,GA,INST_05,Urban University E (Research),research,2.37,70,2000,Physics,STEM
S201800659,2018,0,M,1,White,NY,INST_04,Regional College D (Teaching),teaching,3.3,60,2000,History,Humanities
S201800660,2018,0,M,0,Black,FL,INST_05,Urban University E (Research),research,3.0,66,2000,Psychology,Social Sciences
S201800661,2018,0,F,0,White,OH,INST_02,State University B (Research),research,2.85,38,2000,Finance,Business
S201800662,2018,1,F,0,Black,NJ,INST_04,Regional College D (Teaching),teaching,3.53,32,2000,Public Health,Health
S201800663,2018,1,F,0,White,MI,INST_02,State University B (Research),research,3.52,45,2000,Chemistry,STEM
S201800664,2018,0,M,0,Multi,IL,INST_03,Regional College C (Teaching),teaching,4.0,77,2000,Anthropology,Social Sciences
S201800665,2018,0,F,0,Unknown,NJ,INST_03,Regional College C (Teaching),teaching,3.11,44,2000,Economics,Social Sciences
S201800666,2018,0,F,0,Asian,VA,INST_05,Urban University E (Research),research,3.22,46,2000,Economics-Bus,Business
S201800667,2018,0,M,0,Multi,VA,INST_02,State University B (Research),research,3.57,60,2000,Accounting,Business
S201800668,2018,0,F,0,Black,PA,INST_03,Regional College C (Teaching),teaching,3.19,13,2000,Civil Engineering,STEM
S201800669,2018,0,F,0,Hispanic,MI,INST_04,Regional College D (Teaching),teaching,4.0,33,2000,General Studies,Other
S201800670,2018,1,F,0,White,NC,INST_05,Urban University E (Research),research,2.84,35,2000,Mathematics,STEM
S201800671,2018,0,M,0,Unknown,NJ,INST_03,Regional College C (Teaching),teaching,3.5,45,2000,Economics-Bus,Business
S201800672,2018,0,M,1,Black,NJ,INST_05,Urban University E (Research),research,2.88,47,2000,Education,Other
S201800673,2018,0,F,0,Multi,PA,INST_04,Regional College D (Teaching),teaching,3.55,58,2000,Political Science,Social Sciences
S201800674,2018,0,M,0,Hispanic,FL,INST_03,Regional College C (Teaching),teaching,3.75,47,2000,Education,Other
S201800675,2018,1,F,1,NHPI,MI,INST_04,Regional College D (Teaching),teaching,3.14,88,2000,Spanish,Humanities
S201800676,2018,1,M,0,White,NJ,INST_04,Regional College D (Teaching),teaching,3.3,65,2000,Political Science,Social Sciences
S201800677,2018,0,F,0,White,FL,INST_01,State University A (Research),research,3.07,80,2000,Public Health,Health
S201800678,2018,1,M,0,White,TX,INST_03,Regional College C (Teaching),teaching,3.1,12,2000,Kinesiology,Health
S201800679,2018,0,F,0,Unknown,IL,INST_04,Regional College D (Teaching),teaching,3.79,85,2000,Education,Other
S201800680,2018,0,M,1,White,IL,INST_04,Regional College D (Teaching),teaching,3.6,52,2000,Undeclared,Other
S201800681,2018,1,F,0,White,OH,INST_02,State University B (Research),research,2.6,35,2000,English,Humanities
S201800682,2018,1,F,1,Hispanic,VA,INST_03,Regional College C (Teaching),teaching,2.65,66,2000,Computer Science,STEM
S201800683,2018,0,M,1,Multi,MI,INST_04,Regional College D (Teaching),teaching,2.88,60,2000,Political Science,Social Sciences
S201800684,2018,1,M,0,White,PA,INST_04,Regional College D (Teaching),teaching,2.51,39,2000,Economics-Bus,Business
S201800685,2018,0,M,0,Hispanic,IL,INST_01,State University A (Research),research,2.87,84,2000,Statistics,STEM
S201800686,2018,0,F,0,Black,PA,INST_04,Regional College D (Teaching),teaching,1.96,58,2000,Anthropology,Social Sciences
S201800687,2018,0,F,0,White,NJ,INST_05,Urban University E (Research),research,3.33,66,2000,Nursing,Health
S201800688,2018,1,M,1,White,TX,INST_02,State University B (Research),research,3.76,51,2000,Biomedical Engineering,STEM
S201800689,2018,1,M,0,White,CA,INST_04,Regional College D (Teaching),teaching,2.21,54,2000,Psychology,Social Sciences
S201800690,2018,1,M,1,Black,VA,INST_03,Regional College C (Teaching),teaching,3.09,36,2000,Chemistry,STEM
S201800691,2018,0,F,0,Black,VA,INST_04,Regional College D (Teaching),teaching,3.08,99,2000,Electrical Engineering,STEM
S201800692,2018,1,M,0,White,IL,INST_02,State University B (Research),research,2.76,44,2000,Public Health,Health
S201800693,2018,0,F,0,White,GA,INST_05,Urban University E (Research),research,3.44,75,2000,Nursing,Health
S201800694,2018,1,M,0,White,NY,INST_02,State University B (Research),research,4.0,64,2000,Education,Other
S201800695,2018,0,F,1,Black,FL,INST_03,Regional College C (Teaching),teaching,3.74,59,2000,Sociology,Social Sciences
S201800696,2018,1,F,1,Hispanic,NC,INST_04,Regional College D (Teaching),teaching,4.0,93,2000,Mechanical Engineering,STEM
S201800697,2018,0,M,0,Black,PA,INST_03,Regional College C (Teaching),teaching,4.0,38,2000,Public Health,Health
S201800698,2018,0,M,0,Black,NC,INST_02,State University B (Research),research,3.45,94,2000,Civil Engineering,STEM
S201800699,2018,1,M,0,Black,TX,INST_05,Urban University E (Research),research,3.44,45,2000,Public Health,Health
S201800700,2018,0,M,0,White,OH,INST_04,Regional College D (Teaching),teaching,4.0,51,2000,Education,Other
S201800701,2018,0,F,0,White,CA,INST_04,Regional College D (Teaching),teaching,2.82,14,2000,Economics-Bus,Business
S201800702,2018,0,M,1,White,VA,INST_02,State University B (Research),research,3.01,27,2000,Chemistry,STEM
S201800703,2018,0,M,1,White,CA,INST_01,State University A (Research),research,3.64,74,2000,Finance,Business
S201800704,2018,1,M,1,White,OH,INST_04,Regional College D (Teaching),teaching,3.5,45,2000,Undeclared,Other
S201800705,2018,0,M,0,AIAN,OH,INST_05,Urban University E (Research),research,3.17,54,2000,Mathematics,STEM
S201800706,2018,1,M,0,White,TX,INST_05,Urban University E (Research),research,4.0,40,2000,Spanish,Humanities
S201800707,2018,1,F,0,Black,IL,INST_04,Regional College D (Teaching),teaching,2.88,53,2000,Management,Business
S201800708,2018,0,M,1,Hispanic,OH,INST_04,Regional College D (Teaching),teaching,2.75,60,2000,Economics,Social Sciences
S201800709,2018,1,F,1,White,NJ,INST_01,State University A (Research),research,3.25,65,2000,Sociology,Social Sciences
S201800710,2018,0,M,0,White,FL,INST_03,Regional College C (Teaching),teaching,2.76,98,2000,Undeclared,Other
S201800711,2018,0,F,1,Multi,VA,INST_02,State University B (Research),research,3.4,57,2000,Management,Business
S201800712,2018,0,F,1,White,GA,INST_05,Urban University E (Research),research,2.88,51,2000,Mechanical Engineering,STEM
S201800713,2018,0,F,0,Multi,CA,INST_05,Urban University E (Research),research,3.08,52,2000,Political Science,Social Sciences
S201800714,2018,0,M,0,White,PA,INST_05,Urban University E (Research),research,3.01,42,2000,Nursing,Health
S201800715,2018,0,F,0,Hispanic,MI,INST_02,State University B (Research),research,2.71,49,2000,Economics-Bus,Business
S201800716,2018,0,F,1,Multi,OH,INST_01,State University A (Research),research,3.02,57,2000,Mechanical Engineering,STEM
S201800717,2018,0,M,1,White,OH,INST_03,Regional College C (Teaching),teaching,3.6,31,2000,Management,Business
S201800718,2018,0,M,0,White,PA,INST_02,State University B (Research),research,2.94,45,2000,Physics,STEM
S201800719,2018,0,M,0,Unknown,IL,INST_01,State University A (Research),research,2.76,50,2000,Chemistry,STEM
S201800720,2018,0,M,1,White,CA,INST_05,Urban University E (Research),research,2.81,74,2000,Education,Other
S201800721,2018,0,M,0,Hispanic,CA,INST_04,Regional College D (Teaching),teaching,3.43,48,2000,Sociology,Social Sciences
S201800722,2018,0,F,1,Hispanic,NC,INST_01,State University A (Research),research,2.25,88,2000,Mathematics,STEM
S201800723,2018,0,M,0,Hispanic,TX,INST_02,State University B (Research),research,3.32,23,2000,Political Science,Social Sciences
S201800724,2018,1,M,0,Hispanic,FL,INST_04,Regional College D (Teaching),teaching,2.1,47,2000,Pre-Med,Health
S201800725,2018,0,F,0,White,VA,INST_05,Urban University E (Research),research,3.53,63,2000,Economics-Bus,Business
S201800726,2018,0,F,0,Hispanic,NC,INST_03,Regional College C (Teaching),teaching,2.99,34,2000,Economics,Social Sciences
S201800727,2018,0,F,1,Multi,MI,INST_02,State University B (Research),research,3.06,51,2000,Mechanical Engineering,STEM
S201800728,2018,1,F,0,White,NY,INST_01,State University A (Research),research,3.25,66,2000,Spanish,Humanities
S201800729,2018,0,M,0,Asian,GA,INST_02,State University B (Research),research,3.02,24,2000,Political Science,Social Sciences
S201800730,2018,0,F,0,White,OH,INST_04,Regional College D (Teaching),teaching,3.79,49,2000,Sociology,Social Sciences
S201800731,2018,0,M,0,Hispanic,PA,INST_03,Regional College C (Teaching),teaching,2.85,53,2000,Pre-Med,Health
S201800732,2018,1,M,1,White,NJ,INST_02,State University B (Research),research,3.32,49,2000,Nursing,Health
S201800733,2018,1,M,1,White,FL,INST_01,State University A (Research),research,3.0,75,2000,Pre-Med,Health
S201800734,2018,0,F,0,White,MI,INST_02,State University B (Research),research,2.9,42,2000,Accounting,Business
S201800735,2018,0,M,0,Asian,NC,INST_02,State University B (Research),research,3.14,58,2000,Economics,Social Sciences
S201800736,2018,1,F,0,White,FL,INST_01,State University A (Research),research,3.52,72,2000,Mechanical Engineering,STEM
S201800737,2018,0,F,0,Black,NC,INST_04,Regional College D (Teaching),teaching,3.26,49,2000,Psychology,Social Sciences
S201800738,2018,0,F,0,Hispanic,IL,INST_03,Regional College C (Teaching),teaching,3.22,46,2000,Finance,Business
S201800739,2018,0,M,0,Black,NJ,INST_05,Urban University E (Research),research,3.5,25,2000,Kinesiology,Health
S201800740,2018,1,M,0,Multi,TX,INST_05,Urban University E (Research),research,3.56,83,2000,Undeclared,Other
S201800741,2018,1,M,0,Black,GA,INST_05,Urban University E (Research),research,3.6,48,2000,Education,Other
S201800742,2018,1,F,0,White,PA,INST_05,Urban University E (Research),research,2.95,34,2000,Civil Engineering,STEM
S201800743,2018,0,F,1,Black,PA,INST_05,Urban University E (Research),research,2.92,81,2000,Finance,Business
S201800744,2018,0,F,0,Asian,NC,INST_02,State University B (Research),research,3.43,41,2000,Anthropology,Social Sciences
S201800745,2018,0,F,0,White,MI,INST_01,State University A (Research),research,3.02,81,2000,Civil Engineering,STEM
S201800746,2018,0,M,1,White,IL,INST_02,State University B (Research),research,3.25,43,2000,Accounting,Business
S201800747,2018,0,M,1,Hispanic,CA,INST_04,Regional College D (Teaching),teaching,3.51,16,2000,Art History,Humanities
S201800748,2018,1,M,0,Hispanic,NY,INST_01,State University A (Research),research,4.0,25,2000,Chemistry,STEM
S201800749,2018,0,M,0,Asian,FL,INST_04,Regional College D (Teaching),teaching,3.63,53,2000,Statistics,STEM
S201800750,2018,0,F,1,Hispanic,NY,INST_04,Regional College D (Teaching),teaching,3.63,30,2000,History,Humanities
S201800751,2018,0,M,0,Unknown,NY,INST_04,Regional College D (Teaching),teaching,3.93,24,2000,Chemistry,STEM
S201800752,2018,0,F,0,White,NJ,INST_04,Regional College D (Teaching),teaching,2.58,25,2000,Finance,Business
S201800753,2018,0,F,0,White,NC,INST_01,State University A (Research),research,3.6,57,2000,Marketing,Business
S201800754,2018,0,F,0,Black,NY,INST_04,Regional College D (Teaching),teaching,3.3,78,2000,Anthropology,Social Sciences
S201800755,2018,0,M,0,Black,GA,INST_01,State University A (Research),research,3.14,56,2000,Psychology,Social Sciences
S201800756,2018,1,M,0,White,NY,INST_02,State University B (Research),research,2.8,79,2000,Civil Engineering,STEM
S201800757,2018,1,F,1,Hispanic,MI,INST_03,Regional College C (Teaching),teaching,2.91,45,2000,Spanish,Humanities
S201800758,2018,0,M,0,White,CA,INST_03,Regional College C (Teaching),teaching,3.17,50,2000,Accounting,Business
S201800759,2018,0,F,0,Black,CA,INST_01,State University A (Research),research,2.72,53,2000,Spanish,Humanities
S201800760,2018,0,M,0,Unknown,IL,INST_04,Regional College D (Teaching),teaching,3.68,21,2000,Marketing,Business
S201800761,2018,0,F,0,Hispanic,OH,INST_03,Regional College C (Teaching),teaching,4.0,47,2000,Sociology,Social Sciences
S201800762,2018,0,F,0,White,NC,INST_05,Urban University E (Research),research,2.26,32,2000,Computer Science,STEM
S201800763,2018,0,F,0,Multi,NJ,INST_03,Regional College C (Teaching),teaching,3.42,70,2000,Mechanical Engineering,STEM
S201800764,2018,1,M,0,Asian,IL,INST_04,Regional College D (Teaching),teaching,3.0,50,2000,English,Humanities
S201800765,2018,0,F,0,Hispanic,PA,INST_02,State University B (Research),research,2.79,43,2000,Kinesiology,Health
S201800766,2018,0,M,0,Multi,CA,INST_05,Urban University E (Research),research,2.69,74,2000,Philosophy,Humanities
S201800767,2018,1,F,1,Hispanic,NJ,INST_05,Urban University E (Research),research,3.77,65,2000,Anthropology,Social Sciences
S201800768,2018,0,M,0,White,NY,INST_05,Urban University E (Research),research,3.8,22,2000,Psychology,Social Sciences
S201800769,2018,0,M,0,Multi,CA,INST_01,State University A (Research),research,3.04,62,2000,Undeclared,Other
S201800770,2018,0,M,0,White,NJ,INST_03,Regional College C (Teaching),teaching,3.41,58,2000,Spanish,Humanities
S201800771,2018,0,M,0,Hispanic,CA,INST_04,Regional College D (Teaching),teaching,3.24,56,2000,Education,Other
S201800772,2018,0,M,0,Black,TX,INST_01,State University A (Research),research,3.25,29,2000,Computer Science,STEM
S201800773,2018,0,F,0,White,VA,INST_03,Regional College C (Teaching),teaching,3.5,60,2000,Kinesiology,Health
S201800774,2018,0,F,0,Hispanic,OH,INST_02,State University B (Research),research,3.46,76,2000,Communications,Other
S201800775,2018,1,F,0,Hispanic,MI,INST_05,Urban University E (Research),research,3.53,43,2000,Electrical Engineering,STEM
S201800776,2018,0,M,0,White,CA,INST_02,State University B (Research),research,3.56,58,2000,Economics,Social Sciences
S201800777,2018,1,F,0,Black,NJ,INST_01,State University A (Research),research,2.87,39,2000,Education,Other
S201800778,2018,0,F,0,Black,MI,INST_01,State University A (Research),research,2.85,56,2000,Spanish,Humanities
S201800779,2018,0,M,0,Asian,TX,INST_02,State University B (Research),research,4.0,54,2000,Psychology,Social Sciences
S201800780,2018,0,F,0,White,NJ,INST_04,Regional College D (Teaching),teaching,2.41,52,2000,Art History,Humanities
S201800781,2018,0,M,0,White,VA,INST_01,State University A (Research),research,2.03,74,2000,Political Science,Social Sciences
S201800782,2018,0,M,0,White,IL,INST_03,Regional College C (Teaching),teaching,3.94,51,2000,Undeclared,Other
S201800783,2018,0,M,1,White,NY,INST_05,Urban University E (Research),research,2.95,37,2000,General Studies,Other
S201800784,2018,0,F,0,Black,NC,INST_05,Urban University E (Research),research,3.77,48,2000,Anthropology,Social Sciences
S201800785,2018,1,M,0,White,VA,INST_01,State University A (Research),research,2.83,50,2000,English,Humanities
S201800786,2018,0,F,1,Hispanic,NC,INST_03,Regional College C (Teaching),teaching,3.66,37,2000,Management,Business
S201800787,2018,0,F,0,White,VA,INST_05,Urban University E (Research),research,3.13,47,2000,Communications,Other
S201800788,2018,0,F,0,White,NC,INST_03,Regional College C (Teaching),teaching,3.39,53,2000,Psychology,Social Sciences
S201800789,2018,0,M,1,Black,NY,INST_05,Urban University E (Research),research,3.18,58,2000,Kinesiology,Health
S201800790,2018,0,F,0,White,PA,INST_01,State University A (Research),research,3.66,57,2000,Physics,STEM
S201800791,2018,0,F,0,White,FL,INST_02,State University B (Research),research,3.94,6,2000,Computer Science,STEM
S201800792,2018,0,M,0,White,OH,INST_01,State University A (Research),research,2.95,16,2000,Political Science,Social Sciences
S201800793,2018,1,F,1,White,TX,INST_04,Regional College D (Teaching),teaching,4.0,23,2000,Accounting,Business
S201800794,2018,0,F,0,White,NY,INST_03,Regional College C (Teaching),teaching,3.15,58,2000,Economics-Bus,Business
S201800795,2018,0,F,0,Asian,TX,INST_03,Regional College C (Teaching),teaching,2.81,80,2000,Marketing,Business
S201800796,2018,1,M,0,White,VA,INST_03,Regional College C (Teaching),teaching,3.44,66,2000,Spanish,Humanities
S201800797,2018,0,M,1,Hispanic,CA,INST_04,Regional College D (Teaching),teaching,3.34,25,2000,Finance,Business
S201800798,2018,1,F,1,White,NY,INST_04,Regional College D (Teaching),teaching,3.64,43,2000,Physics,STEM
S201800799,2018,1,NB,0,White,CA,INST_04,Regional College D (Teaching),teaching,2.46,83,2000,Economics-Bus,Business
S201800800,2018,0,F,0,Hispanic,PA,INST_03,Regional College C (Teaching),teaching,2.86,85,2000,Mechanical Engineering,STEM
S201800801,2018,1,M,1,Asian,VA,INST_04,Regional College D (Teaching),teaching,2.82,24,2000,Political Science,Social Sciences
S201800802,2018,0,F,0,White,MI,INST_02,State University B (Research),research,3.16,62,2000,Statistics,STEM
S201800803,2018,0,M,0,Asian,GA,INST_01,State University A (Research),research,2.78,34,2000,Biology,STEM
S201800804,2018,0,F,0,Black,GA,INST_03,Regional College C (Teaching),teaching,3.79,66,2000,Biology,STEM
S201800805,2018,0,M,0,Hispanic,PA,INST_02,State University B (Research),research,2.68,61,2000,Biomedical Engineering,STEM
S201800806,2018,1,M,1,Black,VA,INST_04,Regional College D (Teaching),teaching,3.53,21,2000,Finance,Business
S201800807,2018,1,F,0,Asian,IL,INST_05,Urban University E (Research),research,2.89,49,2000,Pre-Med,Health
S201800808,2018,1,M,1,White,VA,INST_04,Regional College D (Teaching),teaching,2.66,72,2000,Kinesiology,Health
S201800809,2018,1,F,1,Black,CA,INST_04,Regional College D (Teaching),teaching,2.66,70,2000,Political Science,Social Sciences
S201800810,2018,0,M,1,White,IL,INST_02,State University B (Research),research,3.49,59,2000,General Studies,Other
S201800811,2018,0,F,1,Black,NY,INST_01,State University A (Research),research,2.03,67,2000,Computer Science,STEM
S201800812,2018,0,F,0,Black,MI,INST_03,Regional College C (Teaching),teaching,2.66,53,2000,Political Science,Social Sciences
S201800813,2018,0,M,0,Unknown,NC,INST_04,Regional College D (Teaching),teaching,2.72,30,2000,Biology,STEM
S201800814,2018,1,M,0,Black,FL,INST_05,Urban University E (Research),research,2.03,69,2000,Art History,Humanities
S201800815,2018,0,F,1,White,NC,INST_04,Regional College D (Teaching),teaching,2.99,59,2000,Accounting,Business
S201800816,2018,1,F,0,White,IL,INST_03,Regional College C (Teaching),teaching,3.98,80,2000,Political Science,Social Sciences
S201800817,2018,0,M,0,Hispanic,TX,INST_05,Urban University E (Research),research,3.87,37,2000,Mechanical Engineering,STEM
S201800818,2018,0,F,0,Hispanic,NC,INST_01,State University A (Research),research,2.87,60,2000,Mathematics,STEM
S201800819,2018,1,M,0,NHPI,GA,INST_02,State University B (Research),research,3.5,56,2000,Economics,Social Sciences
S201800820,2018,0,F,0,Black,FL,INST_02,State University B (Research),research,3.11,68,2000,Psychology,Social Sciences
S201800821,2018,0,M,0,White,GA,INST_03,Regional College C (Teaching),teaching,3.03,45,2000,Economics,Social Sciences
S201800822,2018,1,F,0,White,TX,INST_04,Regional College D (Teaching),teaching,2.9,55,2000,General Studies,Other
S201800823,2018,0,F,0,White,IL,INST_02,State University B (Research),research,3.25,67,2000,History,Humanities
S201800824,2018,1,F,1,White,MI,INST_04,Regional College D (Teaching),teaching,3.02,74,2000,Finance,Business
S201800825,2018,1,F,0,Black,GA,INST_02,State University B (Research),research,3.21,82,2000,Art History,Humanities
S201800826,2018,1,F,0,White,NJ,INST_01,State University A (Research),research,2.44,33,2000,Education,Other
S201800827,2018,0,F,0,White,VA,INST_04,Regional College D (Teaching),teaching,3.63,20,2000,Mechanical Engineering,STEM
S201800828,2018,1,F,0,Hispanic,OH,INST_02,State University B (Research),research,3.03,32,2000,Marketing,Business
S201800829,2018,1,F,0,Hispanic,FL,INST_05,Urban University E (Research),research,3.55,71,2000,Civil Engineering,STEM
S201800830,2018,1,M,1,Black,VA,INST_05,Urban University E (Research),research,2.83,48,2000,Computer Science,STEM
S201800831,2018,0,M,0,Hispanic,TX,INST_01,State University A (Research),research,3.47,99,2000,Computer Science,STEM
S201800832,2018,0,F,0,White,NJ,INST_02,State University B (Research),research,3.34,42,2000,Education,Other
S201800833,2018,0,F,0,Black,GA,INST_03,Regional College C (Teaching),teaching,2.51,44,2000,Public Health,Health
S201800834,2018,1,M,1,White,FL,INST_02,State University B (Research),research,3.1,42,2000,Finance,Business
S201800835,2018,0,F,0,White,NJ,INST_05,Urban University E (Research),research,2.79,51,2000,Political Science,Social Sciences
S201800836,2018,1,M,1,White,NC,INST_02,State University B (Research),research,2.59,67,2000,Marketing,Business
S201800837,2018,1,M,1,AIAN,OH,INST_01,State University A (Research),research,3.39,60,2000,Accounting,Business
S201800838,2018,0,F,0,White,TX,INST_03,Regional College C (Teaching),teaching,3.03,73,2000,Public Health,Health
S201800839,2018,0,M,0,White,TX,INST_05,Urban University E (Research),research,3.7,76,2000,Physics,STEM
S201800840,2018,0,M,0,White,OH,INST_01,State University A (Research),research,2.66,53,2000,Communications,Other
S201800841,2018,1,F,0,Hispanic,CA,INST_01,State University A (Research),research,3.44,57,2000,Psychology,Social Sciences
S201800842,2018,0,M,0,Black,NC,INST_03,Regional College C (Teaching),teaching,3.41,58,2000,Mechanical Engineering,STEM
S201800843,2018,0,F,0,White,PA,INST_01,State University A (Research),research,3.53,52,2000,Economics,Social Sciences
S201800844,2018,0,F,1,NHPI,NJ,INST_01,State University A (Research),research,4.0,61,2000,Pre-Med,Health
S201800845,2018,0,M,0,White,FL,INST_01,State University A (Research),research,2.4,43,2000,Electrical Engineering,STEM
S201800846,2018,0,M,1,NHPI,MI,INST_04,Regional College D (Teaching),teaching,2.83,45,2000,Art History,Humanities
S201800847,2018,0,F,0,Black,NC,INST_01,State University A (Research),research,2.62,46,2000,Kinesiology,Health
S201800848,2018,0,F,0,White,VA,INST_03,Regional College C (Teaching),teaching,3.45,3,2000,Physics,STEM
S201800849,2018,0,M,0,White,NJ,INST_03,Regional College C (Teaching),teaching,2.27,64,2000,Undeclared,Other
S201800850,2018,0,M,0,Black,TX,INST_01,State University A (Research),research,2.91,68,2000,Statistics,STEM
S201800851,2018,1,F,0,White,OH,INST_03,Regional College C (Teaching),teaching,3.96,25,2000,Electrical Engineering,STEM
S201800852,2018,0,M,1,White,NJ,INST_02,State University B (Research),research,3.17,46,2000,Physics,STEM
S201800853,2018,1,F,1,Black,OH,INST_02,State University B (Research),research,3.55,48,2000,Physics,STEM
S201800854,2018,0,F,0,Multi,OH,INST_04,Regional College D (Teaching),teaching,3.67,99,2000,Psychology,Social Sciences
S201800855,2018,0,F,0,Black,NY,INST_04,Regional College D (Teaching),teaching,3.79,81,2000,Economics,Social Sciences
S201800856,2018,0,F,0,White,GA,INST_01,State University A (Research),research,2.48,25,2000,Undeclared,Other
S201800857,2018,0,F,0,White,MI,INST_05,Urban University E (Research),research,3.21,64,2000,Kinesiology,Health
S201800858,2018,0,M,0,Black,NC,INST_03,Regional College C (Teaching),teaching,3.04,56,2000,Electrical Engineering,STEM
S201800859,2018,1,M,0,Unknown,PA,INST_02,State University B (Research),research,3.55,48,2000,Nursing,Health
S201800860,2018,0,M,0,Black,NY,INST_03,Regional College C (Teaching),teaching,3.74,70,1999,Management,Business
S201800861,2018,1,M,0,White,NY,INST_05,Urban University E (Research),research,2.78,33,2000,Anthropology,Social Sciences
S201800862,2018,1,F,0,Hispanic,TX,INST_02,State University B (Research),research,2.99,37,2000,Political Science,Social Sciences
S201800863,2018,1,M,0,Asian,NJ,INST_03,Regional College C (Teaching),teaching,2.81,42,2000,Marketing,Business
S201800864,2018,1,F,0,Black,FL,INST_01,State University A (Research),research,3.3,57,2000,Anthropology,Social Sciences
S201800865,2018,0,F,0,Hispanic,MI,INST_04,Regional College D (Teaching),teaching,2.81,61,2000,Mechanical Engineering,STEM
S201800866,2018,0,M,1,White,MI,INST_02,State University B (Research),research,3.02,61,2000,Biology,STEM
S201800867,2018,0,M,1,White,NY,INST_01,State University A (Research),research,3.57,94,2000,Statistics,STEM
S201800868,2018,0,M,0,White,IL,INST_02,State University B (Research),research,2.97,74,2000,English,Humanities
S201800869,2018,0,F,0,Black,MI,INST_01,State University A (Research),research,3.08,41,2000,Kinesiology,Health
S201800870,2018,0,F,1,White,OH,INST_03,Regional College C (Teaching),teaching,3.18,64,2000,Marketing,Business
S201800871,2018,1,F,0,Black,VA,INST_02,State University B (Research),research,3.17,42,2000,Kinesiology,Health
S201800872,2018,1,F,0,White,GA,INST_02,State University B (Research),research,3.73,64,2000,Economics,Social Sciences
S201800873,2018,1,F,0,White,NC,INST_04,Regional College D (Teaching),teaching,3.37,56,2000,Sociology,Social Sciences
S201800874,2018,1,F,0,Asian,FL,INST_01,State University A (Research),research,2.8,54,2000,Accounting,Business
S201800875,2018,0,M,0,White,NY,INST_01,State University A (Research),research,2.77,58,2000,Statistics,STEM
S201800876,2018,0,F,1,White,NC,INST_04,Regional College D (Teaching),teaching,2.76,58,2000,Mechanical Engineering,STEM
S201800877,2018,1,M,0,Multi,GA,INST_04,Regional College D (Teaching),teaching,2.92,54,2000,Statistics,STEM
S201800878,2018,0,M,1,Hispanic,FL,INST_04,Regional College D (Teaching),teaching,2.83,62,2000,Marketing,Business
S201800879,2018,0,M,0,White,NJ,INST_03,Regional College C (Teaching),teaching,3.87,63,2000,Economics,Social Sciences
S201800880,2018,0,M,0,Asian,NJ,INST_03,Regional College C (Teaching),teaching,2.96,10,2000,Anthropology,Social Sciences
S201800881,2018,0,M,1,White,NY,INST_04,Regional College D (Teaching),teaching,2.78,68,2000,Undeclared,Other
S201800882,2018,0,M,0,White,OH,INST_05,Urban University E (Research),research,2.95,86,2000,Civil Engineering,STEM
S201800883,2018,1,M,0,Multi,IL,INST_02,State University B (Research),research,3.08,77,2000,English,Humanities
S201800884,2018,0,F,0,Asian,PA,INST_01,State University A (Research),research,3.53,85,2000,Art History,Humanities
S201800885,2018,0,F,0,Multi,FL,INST_04,Regional College D (Teaching),teaching,4.0,25,2000,Mechanical Engineering,STEM
S201800886,2018,1,M,1,Hispanic,OH,INST_01,State University A (Research),research,3.78,32,2000,Marketing,Business
S201800887,2018,0,F,1,White,TX,INST_05,Urban University E (Research),research,3.14,55,2000,Finance,Business
S201800888,2018,1,M,0,Black,VA,INST_03,Regional College C (Teaching),teaching,3.16,64,2000,Management,Business
S201800889,2018,0,F,0,White,PA,INST_01,State University A (Research),research,2.73,67,2000,Political Science,Social Sciences
S201800890,2018,0,F,1,White,GA,INST_02,State University B (Research),research,3.53,72,2000,Statistics,STEM
S201800891,2018,0,M,1,White,NJ,INST_02,State University B (Research),research,3.28,50,2000,Finance,Business
S201800892,2018,0,F,0,White,TX,INST_03,Regional College C (Teaching),teaching,3.23,81,2000,Public Health,Health
S201800893,2018,0,M,0,White,OH,INST_03,Regional College C (Teaching),teaching,3.18,64,2000,History,Humanities
S201800894,2018,0,F,0,Asian,NC,INST_01,State University A (Research),research,2.73,25,2000,Psychology,Social Sciences
S201800895,2018,0,M,0,White,PA,INST_01,State University A (Research),research,3.55,57,2000,Public Health,Health
S201800896,2018,1,M,0,Asian,PA,INST_03,Regional College C (Teaching),teaching,2.95,43,2000,Marketing,Business
S201800897,2018,1,F,0,White,NC,INST_04,Regional College D (Teaching),teaching,2.71,37,2000,Undeclared,Other
S201800898,2018,0,F,0,Asian,OH,INST_04,Regional College D (Teaching),teaching,3.53,37,2000,Philosophy,Humanities
S201800899,2018,0,M,0,Black,IL,INST_01,State University A (Research),research,3.13,53,2000,Economics,Social Sciences
S201800900,2018,0,F,0,Black,MI,INST_04,Regional College D (Teaching),teaching,2.98,42,2000,Anthropology,Social Sciences
S201800901,2018,1,M,0,White,OH,INST_02,State University B (Research),research,3.12,74,2000,Spanish,Humanities
S201800902,2018,1,F,1,White,FL,INST_02,State University B (Research),research,2.52,20,2000,Anthropology,Social Sciences
S201800903,2018,1,F,1,White,CA,INST_03,Regional College C (Teaching),teaching,3.19,66,2000,Anthropology,Social Sciences
S201800904,2018,1,F,0,Multi,PA,INST_05,Urban University E (Research),research,3.99,41,2000,Kinesiology,Health
S201800905,2018,0,F,0,White,NJ,INST_01,State University A (Research),research,3.1,38,2000,Pre-Med,Health
S201800906,2018,0,M,1,Hispanic,GA,INST_01,State University A (Research),research,3.68,60,2000,Nursing,Health
S201800907,2018,0,F,0,White,IL,INST_03,Regional College C (Teaching),teaching,3.93,30,2000,Chemistry,STEM
S201800908,2018,1,F,0,White,NC,INST_04,Regional College D (Teaching),teaching,3.54,54,2000,Economics-Bus,Business
S201800909,2018,0,M,0,Hispanic,VA,INST_03,Regional College C (Teaching),teaching,2.88,81,2000,Finance,Business
S201800910,2018,0,M,0,White,GA,INST_04,Regional College D (Teaching),teaching,3.03,36,2000,Undeclared,Other
S201800911,2018,0,F,0,White,GA,INST_02,State University B (Research),research,2.49,65,2000,Communications,Other
S201800912,2018,1,F,0,White,MI,INST_04,Regional College D (Teaching),teaching,3.41,39,2000,Nursing,Health
S201800913,2018,0,M,0,Multi,IL,INST_03,Regional College C (Teaching),teaching,3.76,71,2000,Marketing,Business
S201800914,2018,0,F,1,White,IL,INST_03,Regional College C (Teaching),teaching,1.89,84,2000,Mathematics,STEM
S201800915,2018,0,F,0,Asian,CA,INST_05,Urban University E (Research),research,2.77,23,2000,Marketing,Business
S201800916,2018,0,F,1,Black,FL,INST_03,Regional College C (Teaching),teaching,3.11,45,2000,Anthropology,Social Sciences
S201800917,2018,0,M,0,Black,VA,INST_03,Regional College C (Teaching),teaching,2.76,57,2000,Management,Business
S201800918,2018,1,M,0,Hispanic,MI,INST_01,State University A (Research),research,2.64,46,1999,Marketing,Business
S201800919,2018,0,M,0,Black,GA,INST_02,State University B (Research),research,2.81,3,2000,Anthropology,Social Sciences
S201800920,2018,1,F,1,AIAN,NJ,INST_05,Urban University E (Research),research,2.61,58,2000,Statistics,STEM
S201800921,2018,1,F,1,White,NC,INST_05,Urban University E (Research),research,3.41,69,2000,Nursing,Health
S201800922,2018,1,F,1,White,NY,INST_01,State University A (Research),research,3.2,33,2000,Education,Other
S201800923,2018,1,F,0,White,GA,INST_01,State University A (Research),research,2.93,73,2000,Civil Engineering,STEM
S201800924,2018,0,M,1,White,FL,INST_02,State University B (Research),research,3.02,28,1999,Philosophy,Humanities
S201800925,2018,0,M,1,Multi,PA,INST_01,State University A (Research),research,2.84,23,2000,Spanish,Humanities
S201800926,2018,0,M,1,Asian,NJ,INST_01,State University A (Research),research,3.95,44,2000,Electrical Engineering,STEM
S201800927,2018,0,M,0,Black,VA,INST_03,Regional College C (Teaching),teaching,3.53,70,2000,Statistics,STEM
S201800928,2018,0,F,0,White,OH,INST_03,Regional College C (Teaching),teaching,3.48,77,2000,Chemistry,STEM
S201800929,2018,1,F,0,White,CA,INST_01,State University A (Research),research,2.96,46,2000,Nursing,Health
S201800930,2018,0,F,0,Hispanic,FL,INST_02,State University B (Research),research,3.75,59,2000,Economics-Bus,Business
S201800931,2018,1,M,0,White,PA,INST_02,State University B (Research),research,3.16,87,2000,Marketing,Business
S201800932,2018,0,F,0,White,FL,INST_02,State University B (Research),research,3.15,86,2000,Mechanical Engineering,STEM
S201800933,2018,0,F,0,White,NJ,INST_04,Regional College D (Teaching),teaching,3.1,42,2000,Anthropology,Social Sciences
S201800934,2018,1,M,1,White,NC,INST_03,Regional College C (Teaching),teaching,2.95,46,2000,Pre-Med,Health
S201800935,2018,0,F,0,White,GA,INST_04,Regional College D (Teaching),teaching,3.72,28,2000,Management,Business
S201800936,2018,0,M,0,White,VA,INST_02,State University B (Research),research,2.72,70,2000,English,Humanities
S201800937,2018,1,F,0,White,IL,INST_04,Regional College D (Teaching),teaching,3.39,14,2000,Political Science,Social Sciences
S201800938,2018,0,F,0,White,IL,INST_01,State University A (Research),research,3.25,83,2000,Education,Other
S201800939,2018,1,M,0,White,NJ,INST_03,Regional College C (Teaching),teaching,2.96,73,2000,Mechanical Engineering,STEM
S201800940,2018,0,M,0,AIAN,NY,INST_02,State University B (Research),research,2.59,78,2000,Economics,Social Sciences
S201800941,2018,0,M,1,Black,FL,INST_04,Regional College D (Teaching),teaching,2.9,36,2000,General Studies,Other
S201800942,2018,0,F,0,White,PA,INST_04,Regional College D (Teaching),teaching,2.34,69,2000,Nursing,Health
S201800943,2018,0,F,1,White,GA,INST_05,Urban University E (Research),research,3.69,54,2000,Pre-Med,Health
S201800944,2018,1,F,0,White,MI,INST_02,State University B (Research),research,2.97,61,2000,Mathematics,STEM
S201800945,2018,0,F,1,Black,NY,INST_02,State University B (Research),research,2.64,47,2000,Statistics,STEM
S201800946,2018,0,F,1,Black,NY,INST_04,Regional College D (Teaching),teaching,3.9,48,2000,Finance,Business
S201800947,2018,0,F,0,Asian,TX,INST_01,State University A (Research),research,3.59,29,2000,Chemistry,STEM
S201800948,2018,1,F,0,White,TX,INST_04,Regional College D (Teaching),teaching,3.13,66,2000,Sociology,Social Sciences
S201800949,2018,0,F,0,White,PA,INST_01,State University A (Research),research,3.68,65,2000,Spanish,Humanities
S201800950,2018,0,M,0,Asian,IL,INST_01,State University A (Research),research,3.59,55,2000,Electrical Engineering,STEM
S201800951,2018,1,F,0,Asian,OH,INST_05,Urban University E (Research),research,2.26,40,2000,Spanish,Humanities
S201800952,2018,0,M,0,White,NY,INST_02,State University B (Research),research,2.45,59,2000,Finance,Business
S201800953,2018,0,F,0,Hispanic,NJ,INST_04,Regional College D (Teaching),teaching,2.88,83,2000,Kinesiology,Health
S201800954,2018,1,F,0,Hispanic,NJ,INST_03,Regional College C (Teaching),teaching,3.1,59,2000,Nursing,Health
S201800955,2018,0,F,0,Unknown,FL,INST_02,State University B (Research),research,3.52,50,2000,Nursing,Health
S201800956,2018,1,F,1,White,GA,INST_04,Regional College D (Teaching),teaching,3.64,41,2000,Biology,STEM
S201800957,2018,0,F,0,Asian,VA,INST_02,State University B (Research),research,3.94,62,2000,Mechanical Engineering,STEM
S201800958,2018,1,M,0,White,IL,INST_01,State University A (Research),research,3.48,78,2000,Mathematics,STEM
S201800959,2018,0,F,1,Multi,PA,INST_02,State University B (Research),research,3.57,79,2000,Mechanical Engineering,STEM
S201800960,2018,0,F,0,Hispanic,IL,INST_03,Regional College C (Teaching),teaching,3.07,50,2000,Statistics,STEM
S201800961,2018,1,F,0,Black,PA,INST_01,State University A (Research),research,3.08,40,2000,Economics-Bus,Business
S201800962,2018,0,M,0,Black,VA,INST_03,Regional College C (Teaching),teaching,2.76,70,2000,Biomedical Engineering,STEM
S201800963,2018,0,M,0,Hispanic,TX,INST_01,State University A (Research),research,2.72,67,2000,Undeclared,Other
S201800964,2018,0,NB,0,White,PA,INST_01,State University A (Research),research,2.9,70,2000,Civil Engineering,STEM
S201800965,2018,0,F,1,Hispanic,CA,INST_02,State University B (Research),research,3.34,44,2000,Physics,STEM
S201800966,2018,0,M,0,White,IL,INST_03,Regional College C (Teaching),teaching,3.68,47,2000,Accounting,Business
S201800967,2018,0,F,1,White,GA,INST_01,State University A (Research),research,3.27,59,2000,General Studies,Other
S201800968,2018,0,M,0,Hispanic,GA,INST_03,Regional College C (Teaching),teaching,3.71,66,2000,Political Science,Social Sciences
S201800969,2018,1,F,0,Black,NC,INST_03,Regional College C (Teaching),teaching,2.86,78,2000,Civil Engineering,STEM
S201800970,2018,0,F,0,White,CA,INST_04,Regional College D (Teaching),teaching,3.08,60,2000,Accounting,Business
S201800971,2018,1,F,1,Hispanic,VA,INST_03,Regional College C (Teaching),teaching,2.48,74,2000,Anthropology,Social Sciences
S201800972,2018,1,F,1,Multi,OH,INST_04,Regional College D (Teaching),teaching,2.7,53,2000,Statistics,STEM
S201800973,2018,0,F,1,White,NJ,INST_01,State University A (Research),research,3.44,66,1999,Spanish,Humanities
S201800974,2018,0,M,0,White,TX,INST_02,State University B (Research),research,3.31,41,2000,Civil Engineering,STEM
S201800975,2018,0,F,0,Black,FL,INST_05,Urban University E (Research),research,3.79,68,2000,Mechanical Engineering,STEM
S201800976,2018,1,F,0,Hispanic,VA,INST_02,State University B (Research),research,3.95,74,2000,Accounting,Business
S201800977,2018,1,F,1,Asian,NC,INST_05,Urban University E (Research),research,2.51,57,2000,Civil Engineering,STEM
S201800978,2018,0,M,1,White,MI,INST_02,State University B (Research),research,2.85,82,2000,Education,Other
S201800979,2018,0,F,1,White,OH,INST_03,Regional College C (Teaching),teaching,3.1,42,2000,Political Science,Social Sciences
S201800980,2018,1,M,1,Hispanic,IL,INST_04,Regional College D (Teaching),teaching,2.92,26,2000,English,Humanities
S201800981,2018,1,F,1,White,NY,INST_05,Urban University E (Research),research,3.32,30,2000,History,Humanities
S201800982,2018,0,F,0,White,IL,INST_03,Regional College C (Teaching),teaching,4.0,34,2000,Biomedical Engineering,STEM
S201800983,2018,0,F,1,White,CA,INST_05,Urban University E (Research),research,2.54,59,1999,Biology,STEM
S201800984,2018,0,F,1,White,TX,INST_02,State University B (Research),research,3.35,80,2000,Public Health,Health
S201800985,2018,1,M,0,Hispanic,VA,INST_05,Urban University E (Research),research,4.0,41,2000,Electrical Engineering,STEM
S201800986,2018,0,F,0,White,OH,INST_03,Regional College C (Teaching),teaching,3.99,71,2000,Public Health,Health
S201800987,2018,0,M,1,Multi,IL,INST_04,Regional College D (Teaching),teaching,2.62,32,2000,Marketing,Business
S201800988,2018,0,F,0,White,OH,INST_02,State University B (Research),research,2.81,23,2000,Nursing,Health
S201800989,2018,1,M,0,White,TX,INST_01,State University A (Research),research,3.47,49,2000,Psychology,Social Sciences
S201800990,2018,1,M,0,Hispanic,VA,INST_02,State University B (Research),research,3.19,62,2000,Civil Engineering,STEM
S201800991,2018,0,F,0,Hispanic,MI,INST_03,Regional College C (Teaching),teaching,3.73,41,2000,Electrical Engineering,STEM
S201800992,2018,0,M,0,Hispanic,OH,INST_05,Urban University E (Research),research,2.92,33,2000,Finance,Business
S201800993,2018,0,F,0,White,TX,INST_05,Urban University E (Research),research,3.87,46,2000,Philosophy,Humanities
S201800994,2018,1,M,1,White,NY,INST_04,Regional College D (Teaching),teaching,3.79,69,2000,Marketing,Business
S201800995,2018,1,F,1,Hispanic,OH,INST_02,State University B (Research),research,3.71,70,2000,Biomedical Engineering,STEM
S201800996,2018,0,F,0,Black,TX,INST_04,Regional College D (Teaching),teaching,2.85,29,2000,Economics-Bus,Business
S201800997,2018,0,F,0,Multi,TX,INST_05,Urban University E (Research),research,3.06,62,2000,Finance,Business
S201800998,2018,0,F,1,White,MI,INST_02,State University B (Research),research,4.0,62,2000,Economics,Social Sciences
S201800999,2018,1,M,0,White,NJ,INST_02,State University B (Research),research,3.41,57,2000,Sociology,Social Sciences
S201801000,2018,0,M,1,Black,NJ,INST_05,Urban University E (Research),research,3.33,89,2000,Political Science,Social Sciences
S201801001,2018,0,F,0,White,NC,INST_04,Regional College D (Teaching),teaching,4.0,48,2000,Biology,STEM
S201801002,2018,1,F,0,Hispanic,IL,INST_04,Regional College D (Teaching),teaching,2.94,50,2000,Electrical Engineering,STEM
S201801003,2018,1,F,0,White,MI,INST_05,Urban University E (Research),research,3.7,73,2000,English,Humanities
S201801004,2018,0,M,1,White,OH,INST_05,Urban University E (Research),research,2.74,72,2000,Economics-Bus,Business
S201801005,2018,0,F,0,Asian,VA,INST_02,State University B (Research),research,3.46,54,2000,General Studies,Other
S201801006,2018,0,M,1,White,VA,INST_04,Regional College D (Teaching),teaching,3.36,48,2000,Electrical Engineering,STEM
S201801007,2018,0,F,0,Hispanic,CA,INST_01,State University A (Research),research,3.34,52,2000,English,Humanities
S201801008,2018,0,F,1,White,NC,INST_05,Urban University E (Research),research,4.0,64,2000,Accounting,Business
S201801009,2018,0,F,1,Hispanic,IL,INST_04,Regional College D (Teaching),teaching,2.76,57,2000,Education,Other
S201801010,2018,0,F,0,Multi,OH,INST_03,Regional College C (Teaching),teaching,3.83,55,2000,English,Humanities
S201801011,2018,0,M,0,Hispanic,FL,INST_05,Urban University E (Research),research,3.57,47,2000,Pre-Med,Health
S201801012,2018,0,F,1,White,FL,INST_01,State University A (Research),research,3.16,77,2000,Psychology,Social Sciences
S201801013,2018,1,F,0,White,CA,INST_04,Regional College D (Teaching),teaching,2.87,41,2000,Management,Business
S201801014,2018,0,F,0,White,FL,INST_02,State University B (Research),research,3.35,63,2000,Biomedical Engineering,STEM
S201801015,2018,0,M,0,Black,IL,INST_04,Regional College D (Teaching),teaching,2.88,50,2000,Electrical Engineering,STEM
S201801016,2018,1,F,1,White,IL,INST_02,State University B (Research),research,4.0,32,2000,Nursing,Health
S201801017,2018,1,M,1,Hispanic,OH,INST_05,Urban University E (Research),research,2.87,60,2000,English,Humanities
S201801018,2018,0,M,0,Asian,GA,INST_01,State University A (Research),research,2.77,99,2000,Mechanical Engineering,STEM
S201801019,2018,0,F,0,White,IL,INST_05,Urban University E (Research),research,3.8,51,2000,History,Humanities
S201801020,2018,1,M,0,Hispanic,PA,INST_05,Urban University E (Research),research,2.49,41,2000,Marketing,Business
S201801021,2018,0,M,0,White,IL,INST_05,Urban University E (Research),research,3.55,61,2000,Mathematics,STEM
S201801022,2018,1,M,0,White,FL,INST_03,Regional College C (Teaching),teaching,2.87,21,2000,Electrical Engineering,STEM
S201801023,2018,0,F,1,Hispanic,NY,INST_01,State University A (Research),research,2.67,52,2000,Economics-Bus,Business
S201801024,2018,1,M,1,AIAN,FL,INST_02,State University B (Research),research,3.12,53,2000,Sociology,Social Sciences
S201801025,2018,1,F,0,Black,OH,INST_01,State University A (Research),research,3.38,72,2000,Finance,Business
S201801026,2018,1,M,0,Hispanic,NC,INST_04,Regional College D (Teaching),teaching,3.51,73,2000,Kinesiology,Health
S201801027,2018,1,F,0,Hispanic,TX,INST_02,State University B (Research),research,3.22,13,2000,Mechanical Engineering,STEM
S201801028,2018,0,F,0,Hispanic,IL,INST_04,Regional College D (Teaching),teaching,3.43,45,2000,Pre-Med,Health
S201801029,2018,1,F,1,White,OH,INST_04,Regional College D (Teaching),teaching,3.44,20,2000,Mechanical Engineering,STEM
S201801030,2018,1,F,1,White,MI,INST_02,State University B (Research),research,2.67,49,1999,Anthropology,Social Sciences
S201801031,2018,0,M,0,White,TX,INST_01,State University A (Research),research,2.47,52,2000,Electrical Engineering,STEM
S201801032,2018,0,M,0,Black,IL,INST_01,State University A (Research),research,3.39,77,2000,Marketing,Business
S201801033,2018,0,M,0,Hispanic,NY,INST_01,State University A (Research),research,3.03,40,2000,Communications,Other
S201801034,2018,0,F,0,White,MI,INST_03,Regional College C (Teaching),teaching,3.18,34,2000,Management,Business
S201801035,2018,1,F,0,Multi,CA,INST_02,State University B (Research),research,3.51,91,2000,Physics,STEM
S201801036,2018,0,F,1,Hispanic,CA,INST_02,State University B (Research),research,3.33,99,2000,Computer Science,STEM
S201801037,2018,0,F,0,Hispanic,MI,INST_03,Regional College C (Teaching),teaching,3.15,23,2000,History,Humanities
S201801038,2018,1,M,0,White,NC,INST_03,Regional College C (Teaching),teaching,3.39,56,2000,Marketing,Business
S201801039,2018,1,F,1,Asian,IL,INST_02,State University B (Research),research,3.32,35,2000,Undeclared,Other
S201801040,2018,1,M,0,Black,FL,INST_02,State University B (Research),research,2.84,70,2000,Nursing,Health
S201801041,2018,0,F,0,White,NY,INST_02,State University B (Research),research,2.8,23,2000,Art History,Humanities
S201801042,2018,1,F,1,Hispanic,IL,INST_03,Regional College C (Teaching),teaching,3.43,69,2000,Mechanical Engineering,STEM
S201801043,2018,0,M,0,Hispanic,VA,INST_01,State University A (Research),research,3.56,33,2000,Nursing,Health
S201801044,2018,1,M,0,Hispanic,MI,INST_05,Urban University E (Research),research,3.39,33,2000,Civil Engineering,STEM
S201801045,2018,0,M,1,Hispanic,OH,INST_02,State University B (Research),research,3.62,59,2000,Economics-Bus,Business
S201801046,2018,0,F,1,White,VA,INST_01,State University A (Research),research,2.66,70,2000,Biomedical Engineering,STEM
S201801047,2018,0,M,0,Asian,FL,INST_01,State University A (Research),research,3.23,58,2000,Undeclared,Other
S201801048,2018,1,M,0,Hispanic,OH,INST_01,State University A (Research),research,2.52,58,2000,Public Health,Health
S201801049,2018,1,F,0,Hispanic,GA,INST_01,State University A (Research),research,3.03,62,2000,Accounting,Business
S201801050,2018,1,F,0,Black,NY,INST_03,Regional College C (Teaching),teaching,3.82,54,2000,Anthropology,Social Sciences
S201801051,2018,1,M,0,White,FL,INST_04,Regional College D (Teaching),teaching,3.81,22,2000,Mathematics,STEM
S201801052,2018,1,NB,1,White,GA,INST_02,State University B (Research),research,3.16,60,2000,General Studies,Other
S201801053,2018,0,F,0,White,FL,INST_01,State University A (Research),research,3.48,45,2000,Computer Science,STEM
S201801054,2018,1,M,0,White,GA,INST_04,Regional College D (Teaching),teaching,3.6,32,2000,Economics-Bus,Business
S201801055,2018,0,F,0,White,IL,INST_03,Regional College C (Teaching),teaching,3.22,58,2000,Undeclared,Other
S201801056,2018,0,F,0,White,OH,INST_05,Urban University E (Research),research,3.2,93,2000,Accounting,Business
S201801057,2018,1,F,0,Hispanic,FL,INST_02,State University B (Research),research,3.04,60,2000,Biology,STEM
S201801058,2018,1,M,0,Multi,OH,INST_02,State University B (Research),research,3.18,46,2000,Chemistry,STEM
S201801059,2018,1,M,0,Asian,TX,INST_02,State University B (Research),research,3.47,63,2000,Finance,Business
S201801060,2018,0,M,0,White,NC,INST_01,State University A (Research),research,3.79,49,2000,Public Health,Health
S201801061,2018,1,M,0,Hispanic,IL,INST_04,Regional College D (Teaching),teaching,3.13,32,2000,Political Science,Social Sciences
S201801062,2018,0,F,0,White,OH,INST_05,Urban University E (Research),research,2.98,47,2000,Sociology,Social Sciences
S201801063,2018,0,F,0,Black,OH,INST_01,State University A (Research),research,3.51,65,2000,General Studies,Other
S201801064,2018,0,M,0,Hispanic,GA,INST_01,State University A (Research),research,3.16,86,2000,Mathematics,STEM
S201801065,2018,0,M,0,White,CA,INST_05,Urban University E (Research),research,3.2,53,2000,Spanish,Humanities
S201801066,2018,0,M,0,White,PA,INST_01,State University A (Research),research,3.03,85,2000,Nursing,Health
S201801067,2018,0,M,1,White,TX,INST_03,Regional College C (Teaching),teaching,3.85,48,2000,Statistics,STEM
S201801068,2018,0,F,0,White,MI,INST_02,State University B (Research),research,3.49,80,2000,Chemistry,STEM
S201801069,2018,0,M,0,Black,OH,INST_02,State University B (Research),research,3.17,73,2000,Biomedical Engineering,STEM
S201801070,2018,0,M,0,Hispanic,OH,INST_02,State University B (Research),research,3.33,26,2000,Mechanical Engineering,STEM
S201801071,2018,0,F,1,White,NY,INST_01,State University A (Research),research,2.61,42,2000,Pre-Med,Health
S201801072,2018,1,M,1,Black,NJ,INST_04,Regional College D (Teaching),teaching,2.96,42,2000,Accounting,Business
S201801073,2018,0,F,0,White,OH,INST_05,Urban University E (Research),research,3.17,65,2000,Nursing,Health
S201801074,2018,1,F,0,White,NJ,INST_03,Regional College C (Teaching),teaching,2.98,78,2000,Civil Engineering,STEM
S201801075,2018,0,M,1,Asian,NJ,INST_03,Regional College C (Teaching),teaching,3.04,49,2000,Anthropology,Social Sciences
S201801076,2018,0,F,0,White,OH,INST_01,State University A (Research),research,2.98,12,2000,Nursing,Health
S201801077,2018,1,F,1,Multi,CA,INST_03,Regional College C (Teaching),teaching,2.91,34,2000,Marketing,Business
S201801078,2018,1,F,0,White,CA,INST_01,State University A (Research),research,3.1,85,2000,Marketing,Business
S201801079,2018,0,F,0,White,CA,INST_02,State University B (Research),research,2.39,14,2000,Management,Business
S201801080,2018,1,F,0,Asian,VA,INST_04,Regional College D (Teaching),teaching,3.18,48,2000,Pre-Med,Health
S201801081,2018,1,M,0,White,NJ,INST_04,Regional College D (Teaching),teaching,3.61,61,2000,Management,Business
S201801082,2018,0,M,1,Asian,VA,INST_04,Regional College D (Teaching),teaching,3.1,29,1999,Physics,STEM
S201801083,2018,1,F,1,White,MI,INST_05,Urban University E (Research),research,2.98,66,2000,Physics,STEM
S201801084,2018,1,M,0,Black,NY,INST_01,State University A (Research),research,3.88,40,2000,Undeclared,Other
S201801085,2018,1,F,0,White,NJ,INST_05,Urban University E (Research),research,3.35,47,2000,Mathematics,STEM
S201801086,2018,1,M,1,White,NJ,INST_02,State University B (Research),research,2.84,49,2000,Psychology,Social Sciences
S201801087,2018,0,F,1,Black,IL,INST_02,State University B (Research),research,3.12,72,2000,Electrical Engineering,STEM
S201801088,2018,0,M,0,White,IL,INST_05,Urban University E (Research),research,3.14,63,2000,Pre-Med,Health
S201801089,2018,1,F,0,Hispanic,NC,INST_04,Regional College D (Teaching),teaching,4.0,63,2000,Civil Engineering,STEM
S201801090,2018,0,F,0,White,FL,INST_02,State University B (Research),research,2.77,44,2000,Economics,Social Sciences
S201801091,2018,0,F,0,Black,NY,INST_05,Urban University E (Research),research,2.74,39,2000,Economics-Bus,Business
S201801092,2018,1,F,0,White,MI,INST_03,Regional College C (Teaching),teaching,2.22,57,2000,Chemistry,STEM
S201801093,2018,0,F,1,Asian,TX,INST_04,Regional College D (Teaching),teaching,4.0,76,2000,Marketing,Business
S201801094,2018,0,M,0,White,TX,INST_05,Urban University E (Research),research,3.54,49,2000,Physics,STEM
S201801095,2018,0,M,0,White,FL,INST_01,State University A (Research),research,3.14,67,2000,Kinesiology,Health
S201801096,2018,1,F,0,Black,FL,INST_03,Regional College C (Teaching),teaching,3.59,41,2000,English,Humanities
S201801097,2018,1,M,0,Multi,OH,INST_04,Regional College D (Teaching),teaching,2.78,33,2000,Accounting,Business
S201801098,2018,0,M,1,Hispanic,NC,INST_03,Regional College C (Teaching),teaching,3.25,77,2000,Mathematics,STEM
S201801099,2018,1,F,0,White,NC,INST_04,Regional College D (Teaching),teaching,2.71,28,2000,Finance,Business
S201801100,2018,1,F,0,Multi,NC,INST_03,Regional College C (Teaching),teaching,2.78,49,2000,Biology,STEM
S201801101,2018,0,M,1,White,IL,INST_05,Urban University E (Research),research,3.1,56,2000,Philosophy,Humanities
S201801102,2018,0,M,0,Unknown,NY,INST_02,State University B (Research),research,3.13,62,2000,Education,Other
S201801103,2018,0,F,0,Black,NC,INST_01,State University A (Research),research,4.0,77,2000,Chemistry,STEM
S201801104,2018,0,M,0,Asian,CA,INST_04,Regional College D (Teaching),teaching,3.1,19,2000,Accounting,Business
S201801105,2018,0,F,0,Hispanic,MI,INST_05,Urban University E (Research),research,3.14,44,2000,Statistics,STEM
S201801106,2018,0,F,0,White,VA,INST_04,Regional College D (Teaching),teaching,2.52,47,2000,Mechanical Engineering,STEM
S201801107,2018,0,M,0,Multi,NC,INST_02,State University B (Research),research,3.31,45,2000,Mathematics,STEM
S201801108,2018,1,F,1,Black,IL,INST_05,Urban University E (Research),research,4.0,77,2000,Marketing,Business
S201801109,2018,0,F,0,White,MI,INST_04,Regional College D (Teaching),teaching,3.5,47,2000,Communications,Other
S201801110,2018,0,M,0,Hispanic,CA,INST_03,Regional College C (Teaching),teaching,3.46,83,2000,Communications,Other
S201801111,2018,0,F,0,White,FL,INST_04,Regional College D (Teaching),teaching,3.35,64,2000,Biology,STEM
S201801112,2018,1,M,0,White,PA,INST_01,State University A (Research),research,2.71,45,2000,Mechanical Engineering,STEM
S201801113,2018,1,M,0,White,VA,INST_05,Urban University E (Research),research,2.61,56,2000,Electrical Engineering,STEM
S201801114,2018,1,M,1,Asian,CA,INST_04,Regional College D (Teaching),teaching,3.2,76,2000,History,Humanities
S201801115,2018,1,F,0,Hispanic,GA,INST_01,State University A (Research),research,3.58,18,2000,Sociology,Social Sciences
S201801116,2018,1,F,0,White,FL,INST_01,State University A (Research),research,2.5,39,2000,English,Humanities
S201801117,2018,0,M,0,White,NC,INST_04,Regional College D (Teaching),teaching,3.46,66,2000,Marketing,Business
S201801118,2018,0,M,1,White,CA,INST_02,State University B (Research),research,3.95,61,2000,Nursing,Health
S201801119,2018,0,F,0,Hispanic,TX,INST_03,Regional College C (Teaching),teaching,3.03,69,2000,Kinesiology,Health
S201801120,2018,1,M,0,White,NJ,INST_05,Urban University E (Research),research,3.19,81,2000,Education,Other
S201801121,2018,1,M,0,White,NC,INST_05,Urban University E (Research),research,2.93,71,2000,Communications,Other
S201801122,2018,0,F,1,Asian,NY,INST_05,Urban University E (Research),research,3.73,76,1999,History,Humanities
S201801123,2018,0,F,1,White,IL,INST_05,Urban University E (Research),research,3.42,38,2000,Economics,Social Sciences
S201801124,2018,0,M,0,Hispanic,VA,INST_02,State University B (Research),research,3.93,68,2000,Finance,Business
S201801125,2018,0,F,0,Multi,FL,INST_05,Urban University E (Research),research,3.06,38,2000,Statistics,STEM
S201801126,2018,1,M,0,Black,MI,INST_03,Regional College C (Teaching),teaching,3.89,47,2000,Statistics,STEM
S201801127,2018,0,F,0,White,GA,INST_01,State University A (Research),research,2.85,47,2000,Electrical Engineering,STEM
S201801128,2018,1,M,0,White,NJ,INST_01,State University A (Research),research,2.48,63,2000,Economics,Social Sciences
S201801129,2018,0,M,0,White,NY,INST_04,Regional College D (Teaching),teaching,3.32,45,2000,Art History,Humanities
S201801130,2018,0,F,1,Black,NY,INST_04,Regional College D (Teaching),teaching,3.3,24,2000,Accounting,Business
S201801131,2018,0,F,0,White,PA,INST_03,Regional College C (Teaching),teaching,2.66,60,2000,Biology,STEM
S201801132,2018,0,M,0,Hispanic,NJ,INST_02,State University B (Research),research,4.0,74,2000,Psychology,Social Sciences
S201801133,2018,0,F,0,White,IL,INST_05,Urban University E (Research),research,3.66,55,2000,Public Health,Health
S201801134,2018,0,F,0,White,NJ,INST_01,State University A (Research),research,3.38,31,2000,Communications,Other
S201801135,2018,0,F,0,Hispanic,TX,INST_01,State University A (Research),research,3.73,43,2000,Economics,Social Sciences
S201801136,2018,0,F,1,White,GA,INST_03,Regional College C (Teaching),teaching,3.81,31,2000,Physics,STEM
S201801137,2018,0,F,0,White,PA,INST_04,Regional College D (Teaching),teaching,2.99,32,2000,Kinesiology,Health
S201801138,2018,0,F,1,Black,NC,INST_03,Regional College C (Teaching),teaching,3.31,35,2000,General Studies,Other
S201801139,2018,0,F,0,Hispanic,FL,INST_05,Urban University E (Research),research,3.86,56,2000,Nursing,Health
S201801140,2018,1,M,1,White,NJ,INST_01,State University A (Research),research,3.07,35,2000,Public Health,Health
S201801141,2018,1,F,1,Hispanic,GA,INST_04,Regional College D (Teaching),teaching,3.53,61,2000,Physics,STEM
S201801142,2018,0,M,0,Asian,FL,INST_03,Regional College C (Teaching),teaching,2.64,34,2000,Economics-Bus,Business
S201801143,2018,0,F,1,Hispanic,CA,INST_02,State University B (Research),research,3.32,62,2000,Economics-Bus,Business
S201801144,2018,0,M,0,Asian,OH,INST_04,Regional College D (Teaching),teaching,2.64,62,2000,Accounting,Business
S201801145,2018,0,M,1,Black,NY,INST_05,Urban University E (Research),research,3.29,64,2000,Kinesiology,Health
S201801146,2018,1,M,0,White,MI,INST_01,State University A (Research),research,3.15,41,2000,History,Humanities
S201801147,2018,1,F,0,White,OH,INST_01,State University A (Research),research,2.86,52,2000,Biomedical Engineering,STEM
S201801148,2018,1,M,0,White,CA,INST_02,State University B (Research),research,3.3,76,2000,Nursing,Health
S201801149,2018,0,M,0,White,NJ,INST_05,Urban University E (Research),research,3.31,27,2000,Finance,Business
S201801150,2018,1,M,0,White,NY,INST_04,Regional College D (Teaching),teaching,3.82,38,1999,Mathematics,STEM
S201801151,2018,1,F,0,Hispanic,TX,INST_02,State University B (Research),research,3.68,16,2000,Computer Science,STEM
S201801152,2018,0,F,1,Black,PA,INST_02,State University B (Research),research,3.48,61,2000,Anthropology,Social Sciences
S201801153,2018,0,M,0,White,TX,INST_02,State University B (Research),research,3.62,49,2000,Economics,Social Sciences
S201801154,2018,0,M,0,Hispanic,FL,INST_05,Urban University E (Research),research,3.63,58,2000,Philosophy,Humanities
S201801155,2018,1,F,0,Black,VA,INST_01,State University A (Research),research,3.71,55,2000,Public Health,Health
S201801156,2018,0,F,1,White,PA,INST_04,Regional College D (Teaching),teaching,3.12,89,2000,Philosophy,Humanities
S201801157,2018,1,F,1,Hispanic,TX,INST_05,Urban University E (Research),research,3.51,64,2000,Accounting,Business
S201801158,2018,0,F,0,Hispanic,NJ,INST_03,Regional College C (Teaching),teaching,3.56,60,2000,Economics,Social Sciences
S201801159,2018,0,M,0,Black,FL,INST_01,State University A (Research),research,2.67,59,2000,Computer Science,STEM
S201801160,2018,0,F,0,White,OH,INST_05,Urban University E (Research),research,2.79,50,2000,Accounting,Business
S201801161,2018,0,NB,0,Hispanic,FL,INST_03,Regional College C (Teaching),teaching,3.36,52,2000,Economics-Bus,Business
S201801162,2018,0,F,0,White,CA,INST_02,State University B (Research),research,2.47,53,2000,Accounting,Business
S201801163,2018,0,M,0,Hispanic,GA,INST_01,State University A (Research),research,3.28,47,2000,History,Humanities
S201801164,2018,0,F,1,Multi,GA,INST_04,Regional College D (Teaching),teaching,3.34,66,2000,Electrical Engineering,STEM
S201801165,2018,0,F,1,Multi,MI,INST_04,Regional College D (Teaching),teaching,3.01,53,2000,Mathematics,STEM
S201801166,2018,0,M,0,Black,IL,INST_05,Urban University E (Research),research,3.12,70,2000,Kinesiology,Health
S201801167,2018,1,M,0,White,FL,INST_03,Regional College C (Teaching),teaching,3.54,3,2000,Psychology,Social Sciences
S201801168,2018,1,M,1,White,CA,INST_01,State University A (Research),research,2.75,61,2000,Biomedical Engineering,STEM
S201801169,2018,0,F,1,White,GA,INST_01,State University A (Research),research,3.01,43,2000,Political Science,Social Sciences
S201801170,2018,1,F,0,Asian,OH,INST_03,Regional College C (Teaching),teaching,4.0,58,2000,Biology,STEM
S201801171,2018,0,F,0,Multi,VA,INST_03,Regional College C (Teaching),teaching,3.06,52,2000,Public Health,Health
S201801172,2018,0,M,1,Multi,NY,INST_02,State University B (Research),research,3.01,60,2000,Art History,Humanities
S201801173,2018,0,F,0,Hispanic,GA,INST_04,Regional College D (Teaching),teaching,3.77,53,2000,Economics,Social Sciences
S201801174,2018,0,M,0,White,FL,INST_03,Regional College C (Teaching),teaching,3.35,59,2000,Marketing,Business
S201801175,2018,0,M,1,White,NY,INST_03,Regional College C (Teaching),teaching,2.94,38,2000,Computer Science,STEM
S201801176,2018,1,M,0,Asian,PA,INST_02,State University B (Research),research,2.82,92,2000,Kinesiology,Health
S201801177,2018,0,F,0,Hispanic,TX,INST_05,Urban University E (Research),research,1.92,37,2000,Sociology,Social Sciences
S201801178,2018,0,F,0,Black,NJ,INST_03,Regional College C (Teaching),teaching,3.44,41,2000,Psychology,Social Sciences
S201801179,2018,0,M,1,White,NC,INST_02,State University B (Research),research,2.94,40,1999,Philosophy,Humanities
S201801180,2018,0,M,1,White,VA,INST_02,State University B (Research),research,2.27,59,2000,Management,Business
S201801181,2018,0,F,1,Black,PA,INST_01,State University A (Research),research,3.36,58,2000,Political Science,Social Sciences
S201801182,2018,1,F,1,White,NC,INST_05,Urban University E (Research),research,3.24,53,2000,Civil Engineering,STEM
S201801183,2018,0,M,0,White,NY,INST_01,State University A (Research),research,3.43,67,2000,Marketing,Business
S201801184,2018,0,M,0,White,NJ,INST_04,Regional College D (Teaching),teaching,2.82,29,2000,Physics,STEM
S201801185,2018,0,M,0,Hispanic,NC,INST_01,State University A (Research),research,3.11,43,2000,Management,Business
S201801186,2018,1,M,0,Hispanic,OH,INST_03,Regional College C (Teaching),teaching,3.34,40,2000,Chemistry,STEM
S201801187,2018,1,M,1,White,PA,INST_03,Regional College C (Teaching),teaching,3.33,29,2000,Finance,Business
S201801188,2018,0,F,1,Multi,GA,INST_01,State University A (Research),research,2.89,36,2000,Kinesiology,Health
S201801189,2018,1,M,0,Black,NJ,INST_01,State University A (Research),research,2.94,47,2000,Chemistry,STEM
S201801190,2018,1,M,0,Hispanic,TX,INST_05,Urban University E (Research),research,3.04,49,2000,Pre-Med,Health
S201801191,2018,0,F,0,White,IL,INST_02,State University B (Research),research,3.92,48,2000,Computer Science,STEM
S201801192,2018,0,M,0,Hispanic,VA,INST_01,State University A (Research),research,3.58,37,2000,Economics-Bus,Business
S201801193,2018,1,M,0,Multi,MI,INST_05,Urban University E (Research),research,3.62,64,2000,Marketing,Business
S201801194,2018,0,F,1,Asian,VA,INST_02,State University B (Research),research,2.11,39,2000,Spanish,Humanities
S201801195,2018,1,M,0,Black,NJ,INST_05,Urban University E (Research),research,2.91,99,2000,Civil Engineering,STEM
S201801196,2018,0,F,0,White,FL,INST_02,State University B (Research),research,3.43,76,2000,Biomedical Engineering,STEM
S201801197,2018,0,M,0,Black,OH,INST_03,Regional College C (Teaching),teaching,2.75,38,2000,Marketing,Business
S201801198,2018,0,M,0,Asian,NC,INST_05,Urban University E (Research),research,3.36,50,2000,Electrical Engineering,STEM
S201801199,2018,1,F,0,Unknown,NY,INST_01,State University A (Research),research,2.7,72,2000,Sociology,Social Sciences
S201801200,2018,0,F,0,Multi,TX,INST_05,Urban University E (Research),research,3.21,21,2000,Computer Science,STEM
S201801201,2018,1,M,0,Asian,NJ,INST_01,State University A (Research),research,3.25,48,2000,Biology,STEM
S201801202,2018,0,M,1,Hispanic,TX,INST_04,Regional College D (Teaching),teaching,3.3,53,2000,Civil Engineering,STEM
S201801203,2018,0,F,0,White,TX,INST_01,State University A (Research),research,3.01,44,2000,Statistics,STEM
S201801204,2018,0,F,0,White,NJ,INST_04,Regional College D (Teaching),teaching,3.61,62,2000,Marketing,Business
S201801205,2018,1,M,0,White,MI,INST_03,Regional College C (Teaching),teaching,3.32,55,2000,Pre-Med,Health
S201801206,2018,0,F,0,White,IL,INST_01,State University A (Research),research,4.0,59,2000,General Studies,Other
S201801207,2018,1,F,0,Black,NY,INST_01,State University A (Research),research,3.85,39,2000,Public Health,Health
S201801208,2018,1,F,0,White,IL,INST_03,Regional College C (Teaching),teaching,3.04,38,2000,Chemistry,STEM
S201801209,2018,0,M,0,White,CA,INST_01,State University A (Research),research,3.65,31,2000,Sociology,Social Sciences
S201801210,2018,0,M,0,White,CA,INST_02,State University B (Research),research,4.0,24,2000,History,Humanities
S201801211,2018,1,M,1,Hispanic,NY,INST_02,State University B (Research),research,2.22,78,2000,Statistics,STEM
S201801212,2018,1,F,0,White,FL,INST_02,State University B (Research),research,3.01,40,2000,Mechanical Engineering,STEM
S201801213,2018,0,M,0,Hispanic,TX,INST_03,Regional College C (Teaching),teaching,4.0,54,2000,Education,Other
S201801214,2018,0,M,0,Black,NJ,INST_05,Urban University E (Research),research,3.78,71,2000,Computer Science,STEM
S201801215,2018,0,F,0,White,NJ,INST_01,State University A (Research),research,4.0,48,2000,Sociology,Social Sciences
S201801216,2018,1,F,0,White,NC,INST_04,Regional College D (Teaching),teaching,2.42,60,2000,Electrical Engineering,STEM
S201801217,2018,0,F,0,Multi,NJ,INST_01,State University A (Research),research,3.41,44,2000,Public Health,Health
S201801218,2018,0,F,1,White,PA,INST_01,State University A (Research),research,3.26,97,2000,Physics,STEM
S201801219,2018,1,F,1,Hispanic,NJ,INST_03,Regional College C (Teaching),teaching,3.56,57,2000,Undeclared,Other
S201801220,2018,0,F,0,Hispanic,VA,INST_03,Regional College C (Teaching),teaching,3.1,67,2000,Civil Engineering,STEM
S201801221,2018,0,NB,0,Hispanic,GA,INST_02,State University B (Research),research,3.79,48,2000,History,Humanities
S201801222,2018,0,F,1,Black,CA,INST_01,State University A (Research),research,2.32,55,2000,Communications,Other
S201801223,2018,1,F,1,White,NC,INST_05,Urban University E (Research),research,2.93,73,2000,Computer Science,STEM
S201801224,2018,0,M,0,Hispanic,TX,INST_03,Regional College C (Teaching),teaching,3.2,38,2000,Accounting,Business
S201801225,2018,0,F,0,Hispanic,TX,INST_03,Regional College C (Teaching),teaching,2.46,91,2000,Kinesiology,Health
S201801226,2018,1,F,0,Black,NY,INST_05,Urban University E (Research),research,3.24,56,2000,Public Health,Health
S201801227,2018,0,F,0,White,NJ,INST_03,Regional College C (Teaching),teaching,2.6,13,2000,Electrical Engineering,STEM
S201801228,2018,0,M,0,White,PA,INST_02,State University B (Research),research,2.65,47,2000,Kinesiology,Health
S201801229,2018,0,F,0,White,GA,INST_05,Urban University E (Research),research,3.57,58,2000,Accounting,Business
S201801230,2018,0,F,0,White,PA,INST_04,Regional College D (Teaching),teaching,3.17,50,2000,Anthropology,Social Sciences
S201801231,2018,0,M,0,White,TX,INST_04,Regional College D (Teaching),teaching,3.13,67,2000,Economics,Social Sciences
S201801232,2018,1,M,0,Black,NY,INST_01,State University A (Research),research,4.0,36,2000,Nursing,Health
S201801233,2018,0,F,1,Asian,NC,INST_01,State University A (Research),research,2.91,59,2000,Biomedical Engineering,STEM
S201801234,2018,1,F,0,Black,PA,INST_03,Regional College C (Teaching),teaching,3.98,52,2000,English,Humanities
S201801235,2018,1,F,1,Black,MI,INST_02,State University B (Research),research,3.76,50,2000,Mechanical Engineering,STEM
S201801236,2018,0,M,0,Asian,NJ,INST_04,Regional College D (Teaching),teaching,3.39,34,2000,Anthropology,Social Sciences
S201801237,2018,0,M,0,White,PA,INST_05,Urban University E (Research),research,3.59,29,2000,Education,Other
S201801238,2018,0,M,0,White,GA,INST_01,State University A (Research),research,2.78,82,2000,Public Health,Health
S201801239,2018,0,F,1,White,FL,INST_02,State University B (Research),research,3.25,81,2000,Sociology,Social Sciences
S201801240,2018,0,F,0,Black,NC,INST_02,State University B (Research),research,3.95,60,2000,Political Science,Social Sciences
S201801241,2018,0,M,0,Hispanic,NY,INST_05,Urban University E (Research),research,3.35,42,2000,Statistics,STEM
S201801242,2018,0,F,1,White,FL,INST_01,State University A (Research),research,2.84,43,2000,Finance,Business
S201801243,2018,0,M,0,Asian,FL,INST_02,State University B (Research),research,3.85,34,2000,Communications,Other
S201801244,2018,1,F,0,Asian,FL,INST_01,State University A (Research),research,3.66,50,2000,Mechanical Engineering,STEM
S201801245,2018,0,F,0,Black,NJ,INST_03,Regional College C (Teaching),teaching,3.37,55,2000,Management,Business
S201801246,2018,0,F,0,White,NC,INST_05,Urban University E (Research),research,3.53,21,2000,Communications,Other
S201801247,2018,1,M,0,White,NJ,INST_02,State University B (Research),research,3.63,64,2000,Nursing,Health
S201801248,2018,0,F,0,Hispanic,CA,INST_03,Regional College C (Teaching),teaching,4.0,69,2000,Management,Business
S201801249,2018,0,F,1,White,CA,INST_03,Regional College C (Teaching),teaching,3.45,55,2000,History,Humanities
S201801250,2018,0,M,1,Hispanic,MI,INST_03,Regional College C (Teaching),teaching,2.38,20,2000,Management,Business
S201801251,2018,0,M,0,Black,NY,INST_01,State University A (Research),research,3.19,53,2000,Statistics,STEM
S201801252,2018,0,F,0,White,VA,INST_02,State University B (Research),research,2.98,29,2000,History,Humanities
S201801253,2018,0,F,0,White,PA,INST_02,State University B (Research),research,3.44,56,2000,Kinesiology,Health
S201801254,2018,1,F,0,White,CA,INST_04,Regional College D (Teaching),teaching,2.62,54,2000,Biomedical Engineering,STEM
S201801255,2018,1,F,0,White,FL,INST_01,State University A (Research),research,2.54,43,2000,Mechanical Engineering,STEM
S201801256,2018,0,F,0,White,FL,INST_05,Urban University E (Research),research,3.25,64,2000,Accounting,Business
S201801257,2018,0,M,0,White,NC,INST_01,State University A (Research),research,2.85,63,2000,Finance,Business
S201801258,2018,0,M,0,Asian,VA,INST_02,State University B (Research),research,3.18,43,2000,Philosophy,Humanities
S201801259,2018,0,F,1,White,VA,INST_02,State University B (Research),research,3.1,61,2000,Pre-Med,Health
S201801260,2018,1,F,0,White,VA,INST_05,Urban University E (Research),research,2.94,55,2000,Anthropology,Social Sciences
S201801261,2018,0,M,0,White,CA,INST_03,Regional College C (Teaching),teaching,3.29,46,2000,Statistics,STEM
S201801262,2018,0,F,0,White,NY,INST_02,State University B (Research),research,2.98,59,2000,Nursing,Health
S201801263,2018,0,M,0,Black,NC,INST_03,Regional College C (Teaching),teaching,3.26,31,2000,Biology,STEM
S201801264,2018,0,F,1,Multi,TX,INST_02,State University B (Research),research,2.99,33,2000,Finance,Business
S201801265,2018,0,F,0,White,FL,INST_02,State University B (Research),research,2.24,28,2000,Public Health,Health
S201801266,2018,0,M,0,White,NY,INST_04,Regional College D (Teaching),teaching,3.46,82,2000,Accounting,Business
S201801267,2018,0,F,0,White,TX,INST_03,Regional College C (Teaching),teaching,3.67,60,2000,Pre-Med,Health
S201801268,2018,0,F,1,Multi,NC,INST_05,Urban University E (Research),research,2.87,56,2000,Economics-Bus,Business
S201801269,2018,0,F,0,White,MI,INST_04,Regional College D (Teaching),teaching,3.56,47,2000,Political Science,Social Sciences
S201801270,2018,1,F,0,White,CA,INST_04,Regional College D (Teaching),teaching,3.11,54,2000,English,Humanities
S201801271,2018,1,M,0,White,NY,INST_03,Regional College C (Teaching),teaching,2.78,44,2000,Statistics,STEM
S201801272,2018,0,F,0,White,NC,INST_02,State University B (Research),research,3.54,36,2000,Political Science,Social Sciences
S201801273,2018,1,NB,1,White,TX,INST_03,Regional College C (Teaching),teaching,3.82,53,2000,Biology,STEM
S201801274,2018,0,M,1,White,TX,INST_04,Regional College D (Teaching),teaching,3.81,46,2000,Sociology,Social Sciences
S201801275,2018,0,M,1,Black,CA,INST_02,State University B (Research),research,3.36,67,2000,Statistics,STEM
S201801276,2018,1,F,0,Hispanic,PA,INST_03,Regional College C (Teaching),teaching,3.14,57,2000,Anthropology,Social Sciences
S201801277,2018,0,F,0,Hispanic,NY,INST_05,Urban University E (Research),research,3.55,76,2000,Undeclared,Other
S201801278,2018,0,M,0,White,TX,INST_04,Regional College D (Teaching),teaching,3.67,53,2000,Political Science,Social Sciences
S201801279,2018,0,F,0,Hispanic,CA,INST_03,Regional College C (Teaching),teaching,2.63,62,2000,Economics-Bus,Business
S201801280,2018,0,F,0,White,NJ,INST_01,State University A (Research),research,3.03,29,2000,Pre-Med,Health
S201801281,2018,1,M,1,Asian,OH,INST_04,Regional College D (Teaching),teaching,3.62,59,2000,Kinesiology,Health
S201801282,2018,1,NB,1,Hispanic,NJ,INST_01,State University A (Research),research,3.03,41,2000,Philosophy,Humanities
S201801283,2018,0,F,0,White,GA,INST_05,Urban University E (Research),research,2.52,40,2000,Management,Business
S201801284,2018,0,F,0,White,TX,INST_05,Urban University E (Research),research,3.3,53,2000,Sociology,Social Sciences
S201801285,2018,1,M,1,Black,IL,INST_04,Regional College D (Teaching),teaching,3.5,67,2000,Psychology,Social Sciences
S201801286,2018,0,M,0,Asian,VA,INST_03,Regional College C (Teaching),teaching,3.14,25,2000,Art History,Humanities
S201801287,2018,0,F,0,NHPI,OH,INST_04,Regional College D (Teaching),teaching,3.36,80,2000,Pre-Med,Health
S201801288,2018,0,M,1,Multi,PA,INST_04,Regional College D (Teaching),teaching,3.56,44,2000,Marketing,Business
S201801289,2018,0,F,0,White,IL,INST_04,Regional College D (Teaching),teaching,4.0,52,2000,Nursing,Health
S201801290,2018,0,M,0,White,TX,INST_05,Urban University E (Research),research,3.23,87,2000,Finance,Business
S201801291,2018,0,F,1,White,NY,INST_04,Regional College D (Teaching),teaching,3.38,60,2000,Education,Other
S201801292,2018,0,M,1,Black,TX,INST_03,Regional College C (Teaching),teaching,3.33,3,2000,Chemistry,STEM
S201801293,2018,0,F,0,White,IL,INST_01,State University A (Research),research,2.76,27,2000,Undeclared,Other
S201801294,2018,0,M,0,White,IL,INST_01,State University A (Research),research,3.22,50,2000,Anthropology,Social Sciences
S201801295,2018,0,M,0,White,VA,INST_04,Regional College D (Teaching),teaching,3.07,47,2000,Chemistry,STEM
S201801296,2018,0,F,0,Asian,CA,INST_02,State University B (Research),research,2.31,49,2000,Public Health,Health
S201801297,2018,0,M,1,White,OH,INST_04,Regional College D (Teaching),teaching,2.93,60,2000,Economics,Social Sciences
S201801298,2018,0,M,1,White,OH,INST_05,Urban University E (Research),research,3.1,58,2000,Accounting,Business
S201801299,2018,0,F,0,White,NJ,INST_02,State University B (Research),research,3.43,46,2000,Civil Engineering,STEM
S201801300,2018,0,F,0,Asian,FL,INST_03,Regional College C (Teaching),teaching,2.75,53,2000,Undeclared,Other
S201801301,2018,1,F,0,White,MI,INST_02,State University B (Research),research,2.93,65,2000,Civil Engineering,STEM
S201801302,2018,1,F,0,White,FL,INST_03,Regional College C (Teaching),teaching,3.12,32,2000,Communications,Other
S201801303,2018,1,F,0,Hispanic,PA,INST_01,State University A (Research),research,2.85,25,2000,Finance,Business
S201801304,2018,1,F,0,White,MI,INST_01,State University A (Research),research,3.33,71,2000,Art History,Humanities
S201801305,2018,0,M,0,Unknown,PA,INST_04,Regional College D (Teaching),teaching,3.99,72,2000,Pre-Med,Health
S201801306,2018,0,F,0,White,NJ,INST_03,Regional College C (Teaching),teaching,3.06,43,2000,Communications,Other
S201801307,2018,0,F,0,White,NC,INST_02,State University B (Research),research,2.69,46,2000,Physics,STEM
S201801308,2018,0,F,0,Black,NC,INST_02,State University B (Research),research,2.71,76,2000,Communications,Other
S201801309,2018,1,F,0,White,MI,INST_05,Urban University E (Research),research,2.56,47,2000,Management,Business
S201801310,2018,0,M,0,White,GA,INST_03,Regional College C (Teaching),teaching,3.18,48,2000,Anthropology,Social Sciences
S201801311,2018,1,F,0,White,CA,INST_02,State University B (Research),research,3.68,37,2000,Sociology,Social Sciences
S201801312,2018,1,M,0,Asian,OH,INST_04,Regional College D (Teaching),teaching,3.7,72,2000,Marketing,Business
S201801313,2018,1,F,0,Asian,MI,INST_01,State University A (Research),research,3.15,79,2000,Computer Science,STEM
S201801314,2018,0,F,0,Black,CA,INST_04,Regional College D (Teaching),teaching,3.93,45,2000,Accounting,Business
S201801315,2018,1,F,0,White,IL,INST_02,State University B (Research),research,3.19,89,2000,Chemistry,STEM
S201801316,2018,0,F,1,Black,PA,INST_05,Urban University E (Research),research,3.58,55,2000,Biomedical Engineering,STEM
S201801317,2018,1,F,0,White,CA,INST_02,State University B (Research),research,3.54,35,2000,Finance,Business
S201801318,2018,1,F,0,Hispanic,CA,INST_01,State University A (Research),research,4.0,65,2000,Kinesiology,Health
S201801319,2018,0,M,0,Hispanic,OH,INST_04,Regional College D (Teaching),teaching,2.89,65,2000,Mathematics,STEM
S201801320,2018,0,M,1,Hispanic,OH,INST_04,Regional College D (Teaching),teaching,2.33,83,2000,Accounting,Business
S201801321,2018,0,F,1,Black,OH,INST_05,Urban University E (Research),research,3.07,62,2000,Computer Science,STEM
S201801322,2018,1,F,0,White,OH,INST_05,Urban University E (Research),research,3.86,53,1999,Biomedical Engineering,STEM
S201801323,2018,0,F,1,White,OH,INST_01,State University A (Research),research,3.97,45,2000,Electrical Engineering,STEM
S201801324,2018,1,F,1,White,MI,INST_04,Regional College D (Teaching),teaching,3.95,65,2000,Physics,STEM
S201801325,2018,1,M,0,White,PA,INST_02,State University B (Research),research,3.65,81,2000,Undeclared,Other
S201801326,2018,0,M,0,White,FL,INST_05,Urban University E (Research),research,3.94,66,2000,Statistics,STEM
S201801327,2018,0,F,0,Black,PA,INST_02,State University B (Research),research,3.57,56,2000,Education,Other
S201801328,2018,1,F,0,AIAN,NC,INST_02,State University B (Research),research,2.8,33,2000,Electrical Engineering,STEM
S201801329,2018,0,M,1,Hispanic,PA,INST_05,Urban University E (Research),research,2.36,71,2000,Public Health,Health
S201801330,2018,0,M,0,White,CA,INST_05,Urban University E (Research),research,3.48,84,2000,Pre-Med,Health
S201801331,2018,0,F,0,Hispanic,IL,INST_03,Regional College C (Teaching),teaching,3.45,58,2000,Economics-Bus,Business
S201801332,2018,1,F,0,Asian,NY,INST_05,Urban University E (Research),research,3.46,91,2000,Statistics,STEM
S201801333,2018,1,F,1,White,CA,INST_03,Regional College C (Teaching),teaching,2.87,44,2000,English,Humanities
S201801334,2018,0,M,0,Black,TX,INST_02,State University B (Research),research,3.28,40,2000,Management,Business
S201801335,2018,0,F,0,Multi,GA,INST_01,State University A (Research),research,3.29,18,2000,Biology,STEM
S201801336,2018,1,M,0,White,CA,INST_02,State University B (Research),research,3.3,46,2000,Electrical Engineering,STEM
S201801337,2018,0,F,0,White,MI,INST_05,Urban University E (Research),research,3.41,47,2000,Civil Engineering,STEM
S201801338,2018,0,M,0,Black,CA,INST_01,State University A (Research),research,3.41,56,2000,Philosophy,Humanities
S201801339,2018,1,F,1,White,VA,INST_02,State University B (Research),research,3.82,65,2000,Education,Other
S201801340,2018,1,F,1,White,PA,INST_02,State University B (Research),research,3.49,48,2000,History,Humanities
S201801341,2018,0,F,0,White,MI,INST_05,Urban University E (Research),research,3.2,67,2000,Chemistry,STEM
S201801342,2018,1,F,0,White,MI,INST_04,Regional College D (Teaching),teaching,3.29,42,2000,Accounting,Business
S201801343,2018,1,F,0,Black,PA,INST_04,Regional College D (Teaching),teaching,4.0,28,2000,Finance,Business
S201801344,2018,1,M,1,Black,NY,INST_05,Urban University E (Research),research,2.38,63,2000,English,Humanities
S201801345,2018,0,F,0,White,VA,INST_04,Regional College D (Teaching),teaching,3.71,57,2000,Nursing,Health
S201801346,2018,1,F,0,Black,GA,INST_03,Regional College C (Teaching),teaching,3.45,72,1999,Mechanical Engineering,STEM
S201801347,2018,1,F,1,White,FL,INST_01,State University A (Research),research,3.0,56,2000,Biology,STEM
S201801348,2018,0,M,0,White,NY,INST_04,Regional College D (Teaching),teaching,3.61,79,2000,Chemistry,STEM
S201801349,2018,1,M,0,Hispanic,NC,INST_01,State University A (Research),research,2.56,52,2000,Civil Engineering,STEM
S201801350,2018,0,M,0,White,PA,INST_01,State University A (Research),research,2.86,61,2000,Management,Business
S201801351,2018,0,F,0,Hispanic,VA,INST_01,State University A (Research),research,3.71,76,2000,Mechanical Engineering,STEM
S201801352,2018,1,M,0,White,PA,INST_01,State University A (Research),research,3.5,83,2000,Electrical Engineering,STEM
S201801353,2018,1,M,0,Multi,NJ,INST_01,State University A (Research),research,3.56,70,2000,Sociology,Social Sciences
S201801354,2018,0,F,0,Black,TX,INST_03,Regional College C (Teaching),teaching,3.6,32,1999,Statistics,STEM
S201801355,2018,1,F,1,Black,VA,INST_01,State University A (Research),research,2.92,66,2000,Public Health,Health
S201801356,2018,0,M,1,Black,FL,INST_02,State University B (Research),research,3.18,33,2000,English,Humanities
S201801357,2018,0,F,1,Hispanic,NY,INST_05,Urban University E (Research),research,3.17,39,2000,Sociology,Social Sciences
S201801358,2018,0,F,1,Black,OH,INST_02,State University B (Research),research,3.75,55,2000,Biomedical Engineering,STEM
S201801359,2018,1,M,0,NHPI,NJ,INST_02,State University B (Research),research,3.5,60,2000,Statistics,STEM
S201801360,2018,1,M,0,White,FL,INST_01,State University A (Research),research,3.52,33,2000,Statistics,STEM
S201801361,2018,0,M,0,Asian,IL,INST_05,Urban University E (Research),research,2.53,89,2000,Anthropology,Social Sciences
S201801362,2018,0,F,0,White,IL,INST_04,Regional College D (Teaching),teaching,2.41,30,2000,History,Humanities
S201801363,2018,0,F,0,Asian,NJ,INST_04,Regional College D (Teaching),teaching,3.23,30,2000,Marketing,Business
S201801364,2018,1,M,1,Black,TX,INST_01,State University A (Research),research,3.09,71,2000,Kinesiology,Health
S201801365,2018,0,F,1,White,NY,INST_02,State University B (Research),research,2.56,33,2000,Education,Other
S201801366,2018,0,F,0,White,TX,INST_04,Regional College D (Teaching),teaching,3.8,56,2000,Art History,Humanities
S201801367,2018,1,F,0,Black,GA,INST_02,State University B (Research),research,2.8,62,2000,Education,Other
S201801368,2018,1,F,0,Black,MI,INST_04,Regional College D (Teaching),teaching,3.64,34,2000,Computer Science,STEM
S201801369,2018,1,F,0,Multi,PA,INST_04,Regional College D (Teaching),teaching,3.36,49,2000,Accounting,Business
S201801370,2018,1,F,0,Black,CA,INST_04,Regional College D (Teaching),teaching,3.7,62,2000,Psychology,Social Sciences
S201801371,2018,0,M,1,White,GA,INST_05,Urban University E (Research),research,3.62,99,2000,Chemistry,STEM
S201801372,2018,0,M,0,Hispanic,NJ,INST_04,Regional College D (Teaching),teaching,3.08,42,2000,Management,Business
S201801373,2018,0,M,0,White,FL,INST_01,State University A (Research),research,3.61,72,2000,Nursing,Health
S201801374,2018,0,M,1,White,TX,INST_01,State University A (Research),research,2.94,67,2000,Electrical Engineering,STEM
S201801375,2018,0,M,1,Asian,PA,INST_02,State University B (Research),research,2.77,43,2000,Mathematics,STEM
S201801376,2018,0,F,1,Black,VA,INST_05,Urban University E (Research),research,3.48,70,2000,Undeclared,Other
S201801377,2018,0,M,1,White,NY,INST_03,Regional College C (Teaching),teaching,2.98,73,2000,Sociology,Social Sciences
S201801378,2018,0,F,1,White,NJ,INST_05,Urban University E (Research),research,2.44,99,2000,Economics,Social Sciences
S201801379,2018,0,F,0,White,MI,INST_03,Regional College C (Teaching),teaching,3.42,72,2000,Marketing,Business
S201801380,2018,0,M,0,White,NC,INST_03,Regional College C (Teaching),teaching,3.54,83,2000,General Studies,Other
S201801381,2018,0,M,0,White,OH,INST_05,Urban University E (Research),research,2.49,61,2000,Public Health,Health
S201801382,2018,0,F,1,White,VA,INST_02,State University B (Research),research,3.17,67,2000,Electrical Engineering,STEM
S201801383,2018,0,M,0,Hispanic,OH,INST_05,Urban University E (Research),research,3.31,29,2000,Statistics,STEM
S201801384,2018,0,F,0,White,PA,INST_03,Regional College C (Teaching),teaching,2.11,58,2000,Marketing,Business
S201801385,2018,0,F,0,Hispanic,PA,INST_05,Urban University E (Research),research,3.41,59,2000,Civil Engineering,STEM
S201801386,2018,1,M,0,White,IL,INST_04,Regional College D (Teaching),teaching,3.68,61,2000,Spanish,Humanities
S201801387,2018,1,F,0,White,OH,INST_03,Regional College C (Teaching),teaching,2.77,91,2000,Finance,Business
S201801388,2018,1,M,1,White,OH,INST_02,State University B (Research),research,3.62,64,2000,Marketing,Business
S201801389,2018,0,M,0,White,GA,INST_01,State University A (Research),research,2.35,44,2000,Accounting,Business
S201801390,2018,1,M,0,White,IL,INST_02,State University B (Research),research,3.71,59,2000,Mechanical Engineering,STEM
S201801391,2018,0,M,0,Asian,PA,INST_02,State University B (Research),research,2.93,73,2000,Mathematics,STEM
S201801392,2018,0,F,0,White,FL,INST_02,State University B (Research),research,3.22,49,2000,Economics,Social Sciences
S201801393,2018,0,M,0,Hispanic,NJ,INST_04,Regional College D (Teaching),teaching,2.84,31,2000,Physics,STEM
S201801394,2018,0,M,0,White,IL,INST_01,State University A (Research),research,3.82,32,2000,General Studies,Other
S201801395,2018,1,F,0,Asian,VA,INST_05,Urban University E (Research),research,2.89,47,2000,Undeclared,Other
S201801396,2018,0,M,0,White,OH,INST_03,Regional College C (Teaching),teaching,2.85,52,2000,Psychology,Social Sciences
S201801397,2018,0,M,0,Hispanic,PA,INST_05,Urban University E (Research),research,2.83,36,2000,Anthropology,Social Sciences
S201801398,2018,0,M,0,Hispanic,GA,INST_04,Regional College D (Teaching),teaching,3.16,57,2000,Political Science,Social Sciences
S201801399,2018,1,F,0,Hispanic,FL,INST_03,Regional College C (Teaching),teaching,3.21,63,2000,Civil Engineering,STEM
S201801400,2018,0,F,1,Hispanic,CA,INST_03,Regional College C (Teaching),teaching,2.62,51,2000,Communications,Other
S201801401,2018,0,F,0,White,TX,INST_01,State University A (Research),research,3.54,69,2000,Mathematics,STEM
S201801402,2018,1,M,0,White,PA,INST_05,Urban University E (Research),research,3.58,63,2000,Undeclared,Other
S201801403,2018,0,F,0,AIAN,NC,INST_01,State University A (Research),research,3.63,81,2000,Economics-Bus,Business
S201801404,2018,0,M,1,White,GA,INST_01,State University A (Research),research,3.47,60,2000,Art History,Humanities
S201801405,2018,1,F,0,White,OH,INST_01,State University A (Research),research,3.21,67,2000,Economics-Bus,Business
S201801406,2018,1,M,0,AIAN,TX,INST_02,State University B (Research),research,2.86,14,2000,Chemistry,STEM
S201801407,2018,0,F,0,Black,NC,INST_01,State University A (Research),research,3.03,45,2000,Economics-Bus,Business
S201801408,2018,0,F,0,NHPI,NC,INST_01,State University A (Research),research,2.69,32,2000,Marketing,Business
S201801409,2018,0,M,0,Hispanic,NY,INST_03,Regional College C (Teaching),teaching,3.17,40,2000,Civil Engineering,STEM
S201801410,2018,0,M,0,Hispanic,NJ,INST_01,State University A (Research),research,2.8,51,2000,Economics,Social Sciences
S201801411,2018,0,F,0,White,IL,INST_01,State University A (Research),research,2.38,51,2000,Management,Business
S201801412,2018,0,M,0,White,IL,INST_04,Regional College D (Teaching),teaching,3.34,8,2000,Biology,STEM
S201801413,2018,1,M,0,Black,MI,INST_02,State University B (Research),research,2.95,94,2000,Kinesiology,Health
S201801414,2018,0,F,0,Black,VA,INST_03,Regional College C (Teaching),teaching,3.71,24,2000,Undeclared,Other
S201801415,2018,0,F,0,White,PA,INST_05,Urban University E (Research),research,3.75,49,2000,Political Science,Social Sciences
S201801416,2018,0,M,1,Multi,PA,INST_04,Regional College D (Teaching),teaching,2.75,61,2000,Biology,STEM
S201801417,2018,1,M,0,Asian,OH,INST_04,Regional College D (Teaching),teaching,2.58,11,2000,Undeclared,Other
S201801418,2018,1,F,1,Hispanic,CA,INST_01,State University A (Research),research,4.0,53,1999,Public Health,Health
S201801419,2018,0,F,0,White,NJ,INST_01,State University A (Research),research,2.99,76,2000,Management,Business
S201801420,2018,0,M,0,Asian,TX,INST_02,State University B (Research),research,2.26,56,2000,Political Science,Social Sciences
S201801421,2018,0,M,0,White,PA,INST_03,Regional College C (Teaching),teaching,4.0,10,2000,Physics,STEM
S201801422,2018,1,F,0,White,GA,INST_02,State University B (Research),research,3.83,77,2000,Economics,Social Sciences
S201801423,2018,1,F,0,White,NJ,INST_05,Urban University E (Research),research,4.0,68,2000,Education,Other
S201801424,2018,0,F,0,White,CA,INST_03,Regional College C (Teaching),teaching,2.81,63,2000,Art History,Humanities
S201801425,2018,1,M,0,White,FL,INST_01,State University A (Research),research,4.0,39,2000,Nursing,Health
S201801426,2018,0,M,1,Black,GA,INST_05,Urban University E (Research),research,2.92,59,2000,Education,Other
S201801427,2018,0,M,0,Asian,VA,INST_03,Regional College C (Teaching),teaching,3.98,69,2000,Statistics,STEM
S201801428,2018,1,M,0,White,TX,INST_03,Regional College C (Teaching),teaching,3.06,27,2000,Management,Business
S201801429,2018,1,M,1,Asian,NC,INST_01,State University A (Research),research,3.68,66,2000,Economics,Social Sciences
S201801430,2018,0,M,0,White,MI,INST_04,Regional College D (Teaching),teaching,2.55,49,2000,Computer Science,STEM
S201801431,2018,0,F,1,White,NY,INST_03,Regional College C (Teaching),teaching,4.0,59,2000,Biomedical Engineering,STEM
S201801432,2018,0,M,0,White,NJ,INST_01,State University A (Research),research,2.88,49,2000,Biomedical Engineering,STEM
S201801433,2018,1,F,0,White,PA,INST_05,Urban University E (Research),research,3.21,54,2000,Biology,STEM
S201801434,2018,0,M,0,Black,NJ,INST_03,Regional College C (Teaching),teaching,3.58,35,2000,Marketing,Business
S201801435,2018,0,F,0,Black,NJ,INST_03,Regional College C (Teaching),teaching,3.6,50,2000,Computer Science,STEM
S201801436,2018,0,F,0,Black,CA,INST_03,Regional College C (Teaching),teaching,3.29,35,2000,Mathematics,STEM
S201801437,2018,0,F,0,Black,FL,INST_02,State University B (Research),research,2.41,35,2000,Kinesiology,Health
S201801438,2018,0,F,0,White,TX,INST_02,State University B (Research),research,3.14,58,2000,Psychology,Social Sciences
S201801439,2018,0,F,0,White,OH,INST_03,Regional College C (Teaching),teaching,3.13,65,2000,General Studies,Other
S201801440,2018,0,M,0,White,FL,INST_05,Urban University E (Research),research,3.3,21,2000,English,Humanities
S201801441,2018,0,M,1,Hispanic,TX,INST_01,State University A (Research),research,2.58,59,2000,Pre-Med,Health
S201801442,2018,0,F,1,White,FL,INST_02,State University B (Research),research,3.02,81,2000,Physics,STEM
S201801443,2018,0,M,0,AIAN,OH,INST_01,State University A (Research),research,2.87,85,2000,Art History,Humanities
S201801444,2018,0,M,0,Black,NY,INST_05,Urban University E (Research),research,3.1,71,2000,Physics,STEM
S201801445,2018,1,M,0,White,FL,INST_03,Regional College C (Teaching),teaching,3.68,28,2000,History,Humanities
S201801446,2018,0,F,0,Hispanic,MI,INST_03,Regional College C (Teaching),teaching,3.52,84,2000,Biomedical Engineering,STEM
S201801447,2018,1,F,1,White,NC,INST_01,State University A (Research),research,3.06,75,2000,Civil Engineering,STEM
S201801448,2018,1,F,0,Black,PA,INST_02,State University B (Research),research,3.47,54,2000,Kinesiology,Health
S201801449,2018,0,F,0,White,FL,INST_03,Regional College C (Teaching),teaching,2.36,56,2000,Public Health,Health
S201801450,2018,1,F,1,White,TX,INST_05,Urban University E (Research),research,3.36,54,2000,Public Health,Health
S201801451,2018,1,M,0,Asian,FL,INST_02,State University B (Research),research,3.21,82,2000,General Studies,Other
S201801452,2018,0,M,0,Black,GA,INST_02,State University B (Research),research,3.38,35,2000,Philosophy,Humanities
S201801453,2018,1,M,1,White,NC,INST_02,State University B (Research),research,2.9,76,2000,History,Humanities
S201801454,2018,0,M,1,Multi,FL,INST_03,Regional College C (Teaching),teaching,2.99,40,2000,Philosophy,Humanities
S201801455,2018,0,F,0,Asian,VA,INST_03,Regional College C (Teaching),teaching,3.03,48,2000,Anthropology,Social Sciences
S201801456,2018,0,M,0,Hispanic,NC,INST_05,Urban University E (Research),research,3.75,60,2000,Education,Other
S201801457,2018,0,F,0,Multi,NY,INST_05,Urban University E (Research),research,3.24,65,2000,Statistics,STEM
S201801458,2018,1,M,1,White,NJ,INST_04,Regional College D (Teaching),teaching,3.34,53,2000,Management,Business
S201801459,2018,0,M,0,Hispanic,NJ,INST_03,Regional College C (Teaching),teaching,3.66,52,2000,Finance,Business
S201801460,2018,0,F,0,Hispanic,MI,INST_03,Regional College C (Teaching),teaching,2.65,45,2000,Chemistry,STEM
S201801461,2018,0,M,0,Black,IL,INST_03,Regional College C (Teaching),teaching,3.5,70,2000,Art History,Humanities
S201801462,2018,0,F,0,White,NY,INST_01,State University A (Research),research,3.01,43,2000,Physics,STEM
S201801463,2018,0,F,0,White,NY,INST_01,State University A (Research),research,4.0,51,2000,Finance,Business
S201801464,2018,0,F,0,Asian,NY,INST_02,State University B (Research),research,2.93,9,2000,English,Humanities
S201801465,2018,1,M,0,Black,MI,INST_01,State University A (Research),research,3.12,64,2000,Economics-Bus,Business
S201801466,2018,0,F,0,Black,NY,INST_05,Urban University E (Research),research,2.79,77,2000,Physics,STEM
S201801467,2018,0,F,0,White,FL,INST_03,Regional College C (Teaching),teaching,3.3,24,2000,Sociology,Social Sciences
S201801468,2018,0,F,1,White,MI,INST_05,Urban University E (Research),research,2.84,58,1999,Marketing,Business
S201801469,2018,0,F,0,White,TX,INST_03,Regional College C (Teaching),teaching,2.91,99,2000,Economics-Bus,Business
S201801470,2018,0,F,0,White,IL,INST_04,Regional College D (Teaching),teaching,2.96,73,2000,Mechanical Engineering,STEM
S201801471,2018,1,M,1,White,NJ,INST_03,Regional College C (Teaching),teaching,2.81,54,2000,Accounting,Business
S201801472,2018,0,F,0,Asian,MI,INST_01,State University A (Research),research,3.1,56,2000,Sociology,Social Sciences
S201801473,2018,0,M,0,Black,FL,INST_02,State University B (Research),research,3.1,49,2000,Chemistry,STEM
S201801474,2018,0,M,0,Black,GA,INST_01,State University A (Research),research,3.05,68,2000,Statistics,STEM
S201801475,2018,0,F,0,White,VA,INST_05,Urban University E (Research),research,3.24,65,2000,History,Humanities
S201801476,2018,0,M,0,White,CA,INST_04,Regional College D (Teaching),teaching,3.9,66,2000,Management,Business
S201801477,2018,0,M,0,White,NY,INST_05,Urban University E (Research),research,2.29,34,2000,Physics,STEM
S201801478,2018,1,M,1,Multi,IL,INST_01,State University A (Research),research,3.25,35,2000,Marketing,Business
S201801479,2018,1,M,0,White,PA,INST_05,Urban University E (Research),research,3.32,62,2000,Economics,Social Sciences
S201801480,2018,1,F,0,White,PA,INST_03,Regional College C (Teaching),teaching,2.9,65,2000,Mechanical Engineering,STEM
S201801481,2018,0,M,0,White,OH,INST_02,State University B (Research),research,3.98,56,2000,Electrical Engineering,STEM
S201801482,2018,0,F,0,White,NY,INST_03,Regional College C (Teaching),teaching,3.06,43,2000,Statistics,STEM
S201801483,2018,0,M,1,Black,OH,INST_03,Regional College C (Teaching),teaching,3.56,10,2000,Marketing,Business
S201801484,2018,1,F,0,White,TX,INST_02,State University B (Research),research,4.0,61,2000,Philosophy,Humanities
S201801485,2018,1,M,0,White,VA,INST_04,Regional College D (Teaching),teaching,2.62,99,2000,Chemistry,STEM
S201801486,2018,0,F,0,White,NJ,INST_02,State University B (Research),research,3.81,66,2000,Electrical Engineering,STEM
S201801487,2018,1,M,0,Black,CA,INST_01,State University A (Research),research,2.96,74,2000,Nursing,Health
S201801488,2018,1,M,1,Hispanic,VA,INST_04,Regional College D (Teaching),teaching,3.19,42,2000,Economics-Bus,Business
S201801489,2018,0,F,0,Hispanic,NC,INST_04,Regional College D (Teaching),teaching,3.29,32,2000,History,Humanities
S201801490,2018,0,M,0,White,NJ,INST_03,Regional College C (Teaching),teaching,3.37,41,2000,Physics,STEM
S201801491,2018,1,M,1,Black,TX,INST_04,Regional College D (Teaching),teaching,4.0,49,2000,Physics,STEM
S201801492,2018,0,F,0,Asian,IL,INST_03,Regional College C (Teaching),teaching,3.09,43,2000,English,Humanities
S201801493,2018,0,F,1,White,NY,INST_03,Regional College C (Teaching),teaching,3.75,45,2000,Finance,Business
S201801494,2018,0,M,1,White,TX,INST_04,Regional College D (Teaching),teaching,3.26,54,2000,Education,Other
S201801495,2018,0,F,0,White,NY,INST_03,Regional College C (Teaching),teaching,3.04,32,2000,Statistics,STEM
S201801496,2018,0,F,0,Hispanic,VA,INST_03,Regional College C (Teaching),teaching,2.84,39,2000,Undeclared,Other
S201801497,2018,0,M,1,White,PA,INST_03,Regional College C (Teaching),teaching,3.25,29,2000,Management,Business
S201801498,2018,0,F,0,White,NC,INST_05,Urban University E (Research),research,3.18,82,2000,Undeclared,Other
S201801499,2018,0,F,0,White,NC,INST_02,State University B (Research),research,3.54,50,2000,Public Health,Health
S201801500,2018,0,M,1,White,TX,INST_02,State University B (Research),research,3.28,54,2000,Economics,Social Sciences
S201801501,2018,0,M,0,Hispanic,NJ,INST_05,Urban University E (Research),research,3.41,3,2000,Computer Science,STEM
S201801502,2018,0,F,0,Black,FL,INST_05,Urban University E (Research),research,2.71,39,2000,Nursing,Health
S201801503,2018,0,M,0,White,OH,INST_02,State University B (Research),research,2.14,65,2000,Kinesiology,Health
S201801504,2018,0,M,1,Asian,GA,INST_01,State University A (Research),research,3.12,52,2000,Civil Engineering,STEM
S201801505,2018,0,F,1,White,CA,INST_05,Urban University E (Research),research,3.46,28,2000,Finance,Business
S201801506,2018,1,M,0,Black,GA,INST_02,State University B (Research),research,3.59,54,2000,Chemistry,STEM
S201801507,2018,0,F,0,Hispanic,VA,INST_01,State University A (Research),research,3.09,74,2000,Management,Business
S201801508,2018,0,F,1,Black,OH,INST_02,State University B (Research),research,3.18,61,2000,Management,Business
S201801509,2018,0,M,0,White,IL,INST_05,Urban University E (Research),research,3.63,43,2000,Marketing,Business
S201801510,2018,1,F,0,Unknown,IL,INST_05,Urban University E (Research),research,3.12,29,2000,Education,Other
S201801511,2018,0,M,0,Unknown,NJ,INST_02,State University B (Research),research,3.38,59,2000,Accounting,Business
S201801512,2018,0,M,0,White,GA,INST_02,State University B (Research),research,3.46,52,2000,Statistics,STEM
S201801513,2018,1,F,0,White,MI,INST_05,Urban University E (Research),research,3.4,39,2000,Mathematics,STEM
S201801514,2018,1,M,0,White,FL,INST_01,State University A (Research),research,3.51,75,2000,Nursing,Health
S201801515,2018,0,F,0,White,NY,INST_05,Urban University E (Research),research,3.9,28,2000,Public Health,Health
S201801516,2018,0,F,1,White,NJ,INST_04,Regional College D (Teaching),teaching,3.4,74,2000,Management,Business
S201801517,2018,1,F,0,Hispanic,PA,INST_02,State University B (Research),research,3.45,58,2000,Biology,STEM
S201801518,2018,0,M,0,Hispanic,TX,INST_05,Urban University E (Research),research,3.65,62,2000,Art History,Humanities
S201801519,2018,0,M,0,White,IL,INST_02,State University B (Research),research,4.0,49,1999,Statistics,STEM
S201801520,2018,0,M,0,Black,VA,INST_02,State University B (Research),research,2.99,39,2000,Economics,Social Sciences
S201801521,2018,0,F,1,White,NC,INST_04,Regional College D (Teaching),teaching,3.77,65,2000,Nursing,Health
S201801522,2018,0,F,0,Multi,MI,INST_03,Regional College C (Teaching),teaching,2.82,84,2000,Economics,Social Sciences
S201801523,2018,0,M,0,White,VA,INST_02,State University B (Research),research,3.05,66,2000,Pre-Med,Health
S201801524,2018,0,F,0,White,IL,INST_05,Urban University E (Research),research,3.45,55,2000,Mathematics,STEM
S201801525,2018,0,M,0,Multi,GA,INST_05,Urban University E (Research),research,3.39,49,2000,Chemistry,STEM
S201801526,2018,0,F,0,Asian,MI,INST_02,State University B (Research),research,3.43,68,2000,Public Health,Health
S201801527,2018,0,F,0,Multi,MI,INST_02,State University B (Research),research,3.69,67,2000,Kinesiology,Health
S201801528,2018,0,F,0,Black,NJ,INST_01,State University A (Research),research,2.83,77,2000,Statistics,STEM
S201801529,2018,1,F,1,Asian,TX,INST_04,Regional College D (Teaching),teaching,2.3,89,2000,Biomedical Engineering,STEM
S201801530,2018,1,M,0,White,PA,INST_05,Urban University E (Research),research,2.63,22,2000,Kinesiology,Health
S201801531,2018,0,M,1,Black,NJ,INST_05,Urban University E (Research),research,2.48,62,2000,Anthropology,Social Sciences
S201801532,2018,1,M,1,Black,NC,INST_03,Regional College C (Teaching),teaching,2.99,26,2000,Biomedical Engineering,STEM
S201801533,2018,0,M,0,White,MI,INST_02,State University B (Research),research,3.46,33,2000,Pre-Med,Health
S201801534,2018,0,F,0,White,PA,INST_03,Regional College C (Teaching),teaching,3.25,39,2000,Biomedical Engineering,STEM
S201801535,2018,0,M,0,Black,MI,INST_01,State University A (Research),research,2.65,35,2000,Kinesiology,Health
S201801536,2018,1,F,0,White,MI,INST_02,State University B (Research),research,2.85,53,2000,Nursing,Health
S201801537,2018,0,F,1,White,CA,INST_03,Regional College C (Teaching),teaching,3.29,13,2000,Sociology,Social Sciences
S201801538,2018,1,M,1,White,OH,INST_01,State University A (Research),research,3.29,55,2000,General Studies,Other
S201801539,2018,1,F,1,White,NJ,INST_02,State University B (Research),research,2.89,48,2000,Management,Business
S201801540,2018,1,M,0,White,OH,INST_03,Regional College C (Teaching),teaching,3.76,39,2000,Management,Business
S201801541,2018,0,M,0,White,FL,INST_01,State University A (Research),research,3.24,81,2000,Mechanical Engineering,STEM
S201801542,2018,1,M,1,White,PA,INST_03,Regional College C (Teaching),teaching,2.86,66,2000,Public Health,Health
S201801543,2018,1,M,0,White,OH,INST_03,Regional College C (Teaching),teaching,3.35,70,2000,Chemistry,STEM
S201801544,2018,0,M,0,White,NY,INST_05,Urban University E (Research),research,2.76,38,2000,Public Health,Health
S201801545,2018,0,M,0,Black,TX,INST_03,Regional College C (Teaching),teaching,3.42,60,2000,Statistics,STEM
S201801546,2018,0,F,0,White,PA,INST_03,Regional College C (Teaching),teaching,2.9,58,2000,Political Science,Social Sciences
S201801547,2018,0,F,0,White,NC,INST_03,Regional College C (Teaching),teaching,4.0,74,2000,Public Health,Health
S201801548,2018,0,F,0,Hispanic,NC,INST_05,Urban University E (Research),research,2.93,67,2000,Chemistry,STEM
S201801549,2018,0,M,1,Asian,CA,INST_04,Regional College D (Teaching),teaching,3.34,92,2000,Civil Engineering,STEM
S201801550,2018,1,F,0,White,IL,INST_01,State University A (Research),research,3.25,64,2000,Management,Business
S201801551,2018,1,M,1,Asian,GA,INST_04,Regional College D (Teaching),teaching,2.77,39,2000,Management,Business
S201801552,2018,0,M,0,Multi,NY,INST_04,Regional College D (Teaching),teaching,4.0,68,2000,Political Science,Social Sciences
S201801553,2018,0,M,0,White,PA,INST_04,Regional College D (Teaching),teaching,2.39,21,2000,Biomedical Engineering,STEM
S201801554,2018,0,F,0,AIAN,MI,INST_03,Regional College C (Teaching),teaching,3.25,56,2000,Undeclared,Other
S201801555,2018,0,F,0,Multi,CA,INST_05,Urban University E (Research),research,2.4,54,2000,Nursing,Health
S201801556,2018,0,F,0,Black,FL,INST_02,State University B (Research),research,3.23,54,2000,Psychology,Social Sciences
S201801557,2018,0,F,1,Black,FL,INST_03,Regional College C (Teaching),teaching,3.65,35,2000,Management,Business
S201801558,2018,0,M,0,Hispanic,PA,INST_02,State University B (Research),research,3.53,79,2000,Art History,Humanities
S201801559,2018,1,F,0,Black,FL,INST_05,Urban University E (Research),research,3.72,47,2000,Biology,STEM
S201801560,2018,0,M,0,White,PA,INST_03,Regional College C (Teaching),teaching,2.88,37,2000,Pre-Med,Health
S201801561,2018,0,F,0,Hispanic,IL,INST_01,State University A (Research),research,2.92,52,2000,History,Humanities
S201801562,2018,1,F,0,White,FL,INST_01,State University A (Research),research,3.02,29,2000,Public Health,Health
S201801563,2018,0,F,0,Hispanic,TX,INST_02,State University B (Research),research,3.98,63,2000,Civil Engineering,STEM
S201801564,2018,0,M,0,White,CA,INST_04,Regional College D (Teaching),teaching,3.27,79,2000,Education,Other
S201801565,2018,1,M,1,Hispanic,VA,INST_04,Regional College D (Teaching),teaching,4.0,30,2000,Mechanical Engineering,STEM
S201801566,2018,0,F,0,White,IL,INST_04,Regional College D (Teaching),teaching,3.28,51,2000,Undeclared,Other
S201801567,2018,1,M,0,White,NY,INST_01,State University A (Research),research,3.07,67,2000,English,Humanities
S201801568,2018,1,M,0,Black,NY,INST_03,Regional College C (Teaching),teaching,4.0,52,2000,Electrical Engineering,STEM
S201801569,2018,0,M,0,White,FL,INST_05,Urban University E (Research),research,2.87,78,2000,General Studies,Other
S201801570,2018,1,M,0,White,TX,INST_03,Regional College C (Teaching),teaching,2.81,27,2000,Finance,Business
S201801571,2018,1,F,0,White,VA,INST_03,Regional College C (Teaching),teaching,3.39,53,2000,Pre-Med,Health
S201801572,2018,1,F,0,White,FL,INST_01,State University A (Research),research,3.6,88,2000,General Studies,Other
S201801573,2018,1,M,1,Hispanic,TX,INST_01,State University A (Research),research,3.87,57,2000,Economics-Bus,Business
S201801574,2018,0,F,0,Black,NC,INST_04,Regional College D (Teaching),teaching,3.37,65,2000,Psychology,Social Sciences
S201801575,2018,1,F,0,Hispanic,OH,INST_02,State University B (Research),research,3.18,41,2000,Pre-Med,Health
S201801576,2018,1,F,0,Black,GA,INST_03,Regional College C (Teaching),teaching,2.57,69,2000,Accounting,Business
S201801577,2018,0,M,0,Hispanic,PA,INST_05,Urban University E (Research),research,2.91,26,2000,Mechanical Engineering,STEM
S201801578,2018,0,F,0,White,GA,INST_02,State University B (Research),research,3.66,33,2000,Finance,Business
S201801579,2018,0,F,0,Multi,MI,INST_05,Urban University E (Research),research,3.31,47,2000,Philosophy,Humanities
S201801580,2018,0,F,0,White,TX,INST_01,State University A (Research),research,2.71,61,2000,Mechanical Engineering,STEM
S201801581,2018,0,F,0,White,IL,INST_01,State University A (Research),research,3.93,29,2000,Nursing,Health
S201801582,2018,1,F,0,White,IL,INST_03,Regional College C (Teaching),teaching,2.46,15,2000,Undeclared,Other
S201801583,2018,0,M,0,White,IL,INST_05,Urban University E (Research),research,3.32,67,2000,Anthropology,Social Sciences
S201801584,2018,0,M,0,White,GA,INST_04,Regional College D (Teaching),teaching,3.3,38,2000,Civil Engineering,STEM
S201801585,2018,0,F,1,White,TX,INST_02,State University B (Research),research,2.73,55,2000,Electrical Engineering,STEM
S201801586,2018,1,M,0,Black,PA,INST_04,Regional College D (Teaching),teaching,2.75,63,2000,Mechanical Engineering,STEM
S201801587,2018,0,M,1,White,MI,INST_01,State University A (Research),research,3.12,61,2000,Psychology,Social Sciences
S201801588,2018,0,F,1,White,MI,INST_03,Regional College C (Teaching),teaching,3.36,65,2000,Civil Engineering,STEM
S201801589,2018,1,F,1,Hispanic,CA,INST_03,Regional College C (Teaching),teaching,3.11,95,2000,Education,Other
S201801590,2018,1,F,0,White,GA,INST_04,Regional College D (Teaching),teaching,3.78,32,2000,Computer Science,STEM
S201801591,2018,0,F,0,White,NJ,INST_02,State University B (Research),research,3.13,76,2000,Biology,STEM
S201801592,2018,0,F,0,Multi,OH,INST_04,Regional College D (Teaching),teaching,3.44,65,2000,Management,Business
S201801593,2018,0,M,0,Black,MI,INST_01,State University A (Research),research,3.18,62,2000,Finance,Business
S201801594,2018,0,F,0,Black,GA,INST_02,State University B (Research),research,2.91,36,2000,Nursing,Health
S201801595,2018,1,M,0,Asian,FL,INST_01,State University A (Research),research,3.42,73,2000,Nursing,Health
S201801596,2018,0,M,0,White,FL,INST_01,State University A (Research),research,2.98,71,2000,Economics-Bus,Business
S201801597,2018,0,F,1,White,CA,INST_04,Regional College D (Teaching),teaching,2.61,99,1999,Public Health,Health
S201801598,2018,0,M,0,White,PA,INST_03,Regional College C (Teaching),teaching,3.02,43,2000,Computer Science,STEM
S201801599,2018,1,M,0,Unknown,NJ,INST_04,Regional College D (Teaching),teaching,2.9,42,2000,Economics,Social Sciences
S201801600,2018,1,F,0,Multi,VA,INST_03,Regional College C (Teaching),teaching,3.61,45,2000,Biology,STEM
S201801601,2018,1,M,0,Hispanic,PA,INST_03,Regional College C (Teaching),teaching,2.63,83,2000,Education,Other
S201801602,2018,0,F,0,Hispanic,VA,INST_05,Urban University E (Research),research,2.59,34,2000,Economics,Social Sciences
S201801603,2018,0,F,0,White,NJ,INST_01,State University A (Research),research,3.21,37,2000,Mechanical Engineering,STEM
S201801604,2018,1,M,0,Black,NC,INST_05,Urban University E (Research),research,3.23,48,2000,Nursing,Health
S201801605,2018,1,M,0,Hispanic,IL,INST_02,State University B (Research),research,2.42,69,2000,Finance,Business
S201801606,2018,1,M,0,White,NC,INST_05,Urban University E (Research),research,2.89,54,2000,Public Health,Health
S201801607,2018,0,F,1,Hispanic,MI,INST_04,Regional College D (Teaching),teaching,3.07,37,2000,Computer Science,STEM
S201801608,2018,0,F,1,White,VA,INST_05,Urban University E (Research),research,4.0,72,2000,Economics-Bus,Business
S201801609,2018,0,M,1,White,NC,INST_04,Regional College D (Teaching),teaching,4.0,47,2000,Statistics,STEM
S201801610,2018,1,F,0,White,NC,INST_01,State University A (Research),research,3.36,52,2000,Anthropology,Social Sciences
S201801611,2018,1,M,1,Black,PA,INST_04,Regional College D (Teaching),teaching,3.11,45,2000,Biomedical Engineering,STEM
S201801612,2018,0,F,0,White,PA,INST_03,Regional College C (Teaching),teaching,3.53,71,2000,Nursing,Health
S201801613,2018,0,F,1,Multi,PA,INST_03,Regional College C (Teaching),teaching,2.6,43,2000,Psychology,Social Sciences
S201801614,2018,0,M,1,White,MI,INST_01,State University A (Research),research,3.52,48,2000,Undeclared,Other
S201801615,2018,0,M,0,White,IL,INST_03,Regional College C (Teaching),teaching,3.11,46,2000,Nursing,Health
S201801616,2018,0,M,0,Multi,MI,INST_03,Regional College C (Teaching),teaching,3.0,29,2000,Civil Engineering,STEM
S201801617,2018,0,M,0,Hispanic,CA,INST_05,Urban University E (Research),research,2.77,38,2000,Art History,Humanities
S201801618,2018,1,M,0,Black,GA,INST_03,Regional College C (Teaching),teaching,3.06,45,2000,Computer Science,STEM
S201801619,2018,0,F,0,White,TX,INST_04,Regional College D (Teaching),teaching,3.24,36,2000,Accounting,Business
S201801620,2018,1,F,1,Hispanic,PA,INST_01,State University A (Research),research,3.41,47,2000,Chemistry,STEM
S201801621,2018,0,F,0,Black,NC,INST_03,Regional College C (Teaching),teaching,3.79,67,2000,Accounting,Business
S201801622,2018,0,M,0,Black,VA,INST_05,Urban University E (Research),research,3.1,61,2000,Philosophy,Humanities
S201801623,2018,0,F,0,White,NC,INST_02,State University B (Research),research,3.13,66,2000,Undeclared,Other
S201801624,2018,0,M,0,White,TX,INST_01,State University A (Research),research,2.79,50,2000,General Studies,Other
S201801625,2018,0,M,0,Black,PA,INST_02,State University B (Research),research,3.32,28,2000,Kinesiology,Health
S201801626,2018,0,F,1,White,NC,INST_04,Regional College D (Teaching),teaching,3.11,86,2000,Pre-Med,Health
S201801627,2018,1,M,0,Asian,IL,INST_03,Regional College C (Teaching),teaching,3.71,71,2000,Anthropology,Social Sciences
S201801628,2018,0,F,0,Hispanic,NY,INST_05,Urban University E (Research),research,2.35,61,2000,Anthropology,Social Sciences
S201801629,2018,0,F,0,White,IL,INST_05,Urban University E (Research),research,2.85,53,2000,Statistics,STEM
S201801630,2018,0,M,1,Black,MI,INST_01,State University A (Research),research,3.0,47,2000,Biology,STEM
S201801631,2018,0,F,1,White,TX,INST_03,Regional College C (Teaching),teaching,3.9,83,2000,Communications,Other
S201801632,2018,0,M,0,White,OH,INST_01,State University A (Research),research,3.92,19,2000,Statistics,STEM
S201801633,2018,1,M,1,White,NY,INST_03,Regional College C (Teaching),teaching,4.0,80,2000,Pre-Med,Health
S201801634,2018,0,M,0,White,NJ,INST_02,State University B (Research),research,3.65,52,2000,Political Science,Social Sciences
S201801635,2018,1,M,0,Hispanic,VA,INST_05,Urban University E (Research),research,3.44,32,2000,Biomedical Engineering,STEM
S201801636,2018,1,F,0,Hispanic,OH,INST_04,Regional College D (Teaching),teaching,3.38,33,2000,Statistics,STEM
S201801637,2018,1,M,0,White,TX,INST_03,Regional College C (Teaching),teaching,3.37,57,2000,Public Health,Health
S201801638,2018,1,M,0,White,MI,INST_05,Urban University E (Research),research,4.0,49,2000,Education,Other
S201801639,2018,0,F,1,White,PA,INST_05,Urban University E (Research),research,3.35,69,2000,Undeclared,Other
S201801640,2018,1,M,0,Hispanic,MI,INST_03,Regional College C (Teaching),teaching,2.81,82,2000,Kinesiology,Health
S201801641,2018,0,M,0,White,IL,INST_03,Regional College C (Teaching),teaching,3.33,54,2000,Anthropology,Social Sciences
S201801642,2018,0,F,0,White,GA,INST_04,Regional College D (Teaching),teaching,2.66,44,2000,Biomedical Engineering,STEM
S201801643,2018,0,F,0,Black,FL,INST_03,Regional College C (Teaching),teaching,3.32,62,2000,Statistics,STEM
S201801644,2018,1,M,1,Asian,NY,INST_04,Regional College D (Teaching),teaching,3.19,40,2000,Chemistry,STEM
S201801645,2018,0,M,0,White,NJ,INST_02,State University B (Research),research,3.31,67,2000,Physics,STEM
S201801646,2018,0,F,1,White,MI,INST_01,State University A (Research),research,3.92,64,2000,Mechanical Engineering,STEM
S201801647,2018,0,F,1,Black,NJ,INST_02,State University B (Research),research,3.93,48,2000,Marketing,Business
S201801648,2018,1,F,0,Asian,NJ,INST_01,State University A (Research),research,2.81,50,2000,Nursing,Health
S201801649,2018,0,F,0,Multi,NC,INST_05,Urban University E (Research),research,2.81,61,2000,Chemistry,STEM
S201801650,2018,1,F,0,Asian,IL,INST_02,State University B (Research),research,3.66,24,2000,Pre-Med,Health
S201801651,2018,0,M,0,White,TX,INST_02,State University B (Research),research,2.57,63,2000,Computer Science,STEM
S201801652,2018,1,M,0,White,NC,INST_01,State University A (Research),research,3.72,55,2000,Art History,Humanities
S201801653,2018,0,M,0,Hispanic,TX,INST_01,State University A (Research),research,3.06,45,2000,Nursing,Health
S201801654,2018,1,F,0,White,NC,INST_02,State University B (Research),research,2.79,69,2000,Marketing,Business
S201801655,2018,0,F,0,White,MI,INST_03,Regional College C (Teaching),teaching,3.04,43,2000,Finance,Business
S201801656,2018,1,M,0,Hispanic,NJ,INST_05,Urban University E (Research),research,4.0,99,2000,Computer Science,STEM
S201801657,2018,0,M,0,White,IL,INST_05,Urban University E (Research),research,2.63,60,2000,Communications,Other
S201801658,2018,0,M,0,White,OH,INST_02,State University B (Research),research,2.85,65,2000,English,Humanities
S201801659,2018,0,M,1,Black,PA,INST_02,State University B (Research),research,3.56,17,2000,Computer Science,STEM
S201801660,2018,0,M,1,White,NY,INST_04,Regional College D (Teaching),teaching,3.69,78,2000,Psychology,Social Sciences
S201801661,2018,0,M,1,Hispanic,CA,INST_04,Regional College D (Teaching),teaching,3.89,70,2000,Chemistry,STEM
S201801662,2018,1,F,1,White,OH,INST_03,Regional College C (Teaching),teaching,2.83,50,2000,Physics,STEM
S201801663,2018,0,M,1,Hispanic,NY,INST_02,State University B (Research),research,2.94,45,2000,Undeclared,Other
S201801664,2018,1,F,0,White,NC,INST_04,Regional College D (Teaching),teaching,3.45,56,2000,Statistics,STEM
S201801665,2018,1,M,0,White,TX,INST_03,Regional College C (Teaching),teaching,2.7,31,2000,Computer Science,STEM
S201801666,2018,1,M,0,Black,OH,INST_02,State University B (Research),research,2.62,73,2000,Management,Business
S201801667,2018,1,M,0,Black,OH,INST_01,State University A (Research),research,3.29,43,2000,Public Health,Health
S201801668,2018,1,M,0,Black,NC,INST_05,Urban University E (Research),research,3.83,25,2000,Nursing,Health
S201801669,2018,0,M,1,Black,NY,INST_02,State University B (Research),research,2.62,35,2000,Nursing,Health
S201801670,2018,0,F,0,Hispanic,FL,INST_03,Regional College C (Teaching),teaching,3.59,71,2000,Marketing,Business
S201801671,2018,0,F,1,Hispanic,GA,INST_03,Regional College C (Teaching),teaching,3.62,73,2000,English,Humanities
S201801672,2018,0,F,0,Black,OH,INST_03,Regional College C (Teaching),teaching,4.0,56,2000,Anthropology,Social Sciences
S201801673,2018,0,F,1,Black,TX,INST_05,Urban University E (Research),research,2.68,73,2000,Nursing,Health
S201801674,2018,1,F,0,Multi,MI,INST_04,Regional College D (Teaching),teaching,3.08,37,2000,Undeclared,Other
S201801675,2018,0,F,0,White,NJ,INST_05,Urban University E (Research),research,3.03,71,2000,Computer Science,STEM
S201801676,2018,1,F,0,Asian,IL,INST_02,State University B (Research),research,3.09,67,2000,History,Humanities
S201801677,2018,0,M,0,Asian,NJ,INST_04,Regional College D (Teaching),teaching,3.73,64,2000,Marketing,Business
S201801678,2018,1,M,0,Hispanic,NC,INST_03,Regional College C (Teaching),teaching,3.93,97,2000,Education,Other
S201801679,2018,1,M,1,Multi,TX,INST_02,State University B (Research),research,3.24,40,2000,Accounting,Business
S201801680,2018,1,M,1,White,FL,INST_04,Regional College D (Teaching),teaching,3.25,75,2000,Computer Science,STEM
S201801681,2018,0,F,0,White,NY,INST_01,State University A (Research),research,3.2,43,2000,Physics,STEM
S201801682,2018,1,F,0,Black,PA,INST_04,Regional College D (Teaching),teaching,2.63,46,2000,Communications,Other
S201801683,2018,0,F,0,White,IL,INST_04,Regional College D (Teaching),teaching,3.35,71,2000,Computer Science,STEM
S201801684,2018,0,F,0,White,TX,INST_04,Regional College D (Teaching),teaching,3.51,26,2000,Sociology,Social Sciences
S201801685,2018,1,F,0,Hispanic,PA,INST_02,State University B (Research),research,3.76,59,2000,Finance,Business
S201801686,2018,0,M,0,Hispanic,NC,INST_04,Regional College D (Teaching),teaching,2.73,34,2000,Civil Engineering,STEM
S201801687,2018,1,F,0,Hispanic,CA,INST_01,State University A (Research),research,3.1,75,2000,Anthropology,Social Sciences
S201801688,2018,0,F,0,White,GA,INST_04,Regional College D (Teaching),teaching,3.02,56,2000,Biology,STEM
S201801689,2018,0,M,0,White,NC,INST_02,State University B (Research),research,2.54,60,2000,Physics,STEM
S201801690,2018,1,F,0,White,NC,INST_05,Urban University E (Research),research,2.89,56,2000,Management,Business
S201801691,2018,0,M,0,Hispanic,NC,INST_01,State University A (Research),research,2.84,55,1999,Finance,Business
S201801692,2018,0,M,0,Asian,IL,INST_03,Regional College C (Teaching),teaching,3.77,70,2000,Civil Engineering,STEM
S201801693,2018,0,F,0,Black,PA,INST_02,State University B (Research),research,4.0,20,2000,Public Health,Health
S201801694,2018,0,M,0,White,NJ,INST_01,State University A (Research),research,2.41,29,2000,Kinesiology,Health
S201801695,2018,1,M,0,Hispanic,IL,INST_03,Regional College C (Teaching),teaching,3.64,50,2000,General Studies,Other
S201801696,2018,0,M,1,White,CA,INST_04,Regional College D (Teaching),teaching,3.51,43,2000,Economics-Bus,Business
S201801697,2018,0,F,0,White,PA,INST_01,State University A (Research),research,3.06,24,2000,Public Health,Health
S201801698,2018,0,F,0,White,MI,INST_05,Urban University E (Research),research,3.58,40,2000,Public Health,Health
S201801699,2018,1,M,1,White,MI,INST_04,Regional College D (Teaching),teaching,3.69,42,2000,Political Science,Social Sciences
S201801700,2018,0,F,1,White,GA,INST_05,Urban University E (Research),research,3.37,69,2000,Public Health,Health
S201801701,2018,1,M,0,Hispanic,NJ,INST_02,State University B (Research),research,3.97,52,2000,Psychology,Social Sciences
S201801702,2018,0,M,0,Multi,PA,INST_03,Regional College C (Teaching),teaching,3.76,51,2000,Philosophy,Humanities
S201801703,2018,1,F,0,White,TX,INST_04,Regional College D (Teaching),teaching,3.51,49,2000,Management,Business
S201801704,2018,0,M,1,White,GA,INST_05,Urban University E (Research),research,2.48,59,2000,Civil Engineering,STEM
S201801705,2018,0,F,0,White,NY,INST_04,Regional College D (Teaching),teaching,2.54,47,2000,Accounting,Business
S201801706,2018,1,F,0,White,TX,INST_05,Urban University E (Research),research,3.25,60,2000,Statistics,STEM
S201801707,2018,0,F,1,White,CA,INST_04,Regional College D (Teaching),teaching,3.35,33,2000,Psychology,Social Sciences
S201801708,2018,0,M,1,Asian,OH,INST_03,Regional College C (Teaching),teaching,3.13,84,2000,General Studies,Other
S201801709,2018,0,M,0,Asian,VA,INST_02,State University B (Research),research,2.72,37,2000,Nursing,Health
S201801710,2018,0,F,1,Black,CA,INST_05,Urban University E (Research),research,3.23,45,2000,Anthropology,Social Sciences
S201801711,2018,0,M,0,White,IL,INST_04,Regional College D (Teaching),teaching,3.86,56,2000,History,Humanities
S201801712,2018,0,F,0,White,CA,INST_03,Regional College C (Teaching),teaching,2.61,51,2000,Nursing,Health
S201801713,2018,0,M,0,Hispanic,NC,INST_02,State University B (Research),research,1.67,41,2000,Economics,Social Sciences
S201801714,2018,0,F,0,White,TX,INST_05,Urban University E (Research),research,2.89,85,2000,Economics-Bus,Business
S201801715,2018,0,F,0,White,TX,INST_04,Regional College D (Teaching),teaching,3.27,84,2000,General Studies,Other
S201801716,2018,0,M,0,Hispanic,NY,INST_01,State University A (Research),research,3.38,67,2000,Pre-Med,Health
S201801717,2018,0,F,0,White,GA,INST_04,Regional College D (Teaching),teaching,2.78,25,2000,Chemistry,STEM
S201801718,2018,0,M,0,White,MI,INST_01,State University A (Research),research,4.0,52,2000,Pre-Med,Health
S201801719,2018,1,M,1,Asian,CA,INST_02,State University B (Research),research,3.89,67,2000,Chemistry,STEM
S201801720,2018,1,M,0,White,IL,INST_01,State University A (Research),research,2.55,67,2000,Communications,Other
S201801721,2018,0,M,0,Hispanic,NC,INST_03,Regional College C (Teaching),teaching,2.54,46,2000,Philosophy,Humanities
S201801722,2018,1,F,0,White,NY,INST_02,State University B (Research),research,3.12,39,2000,Philosophy,Humanities
S201801723,2018,0,F,0,Hispanic,VA,INST_02,State University B (Research),research,2.69,41,2000,Psychology,Social Sciences
S201801724,2018,0,F,0,Black,NY,INST_05,Urban University E (Research),research,3.32,31,2000,Biomedical Engineering,STEM
S201801725,2018,0,M,0,White,CA,INST_04,Regional College D (Teaching),teaching,2.76,40,2000,General Studies,Other
S201801726,2018,0,F,1,White,NC,INST_04,Regional College D (Teaching),teaching,3.65,55,2000,English,Humanities
S201801727,2018,0,M,1,Unknown,NY,INST_01,State University A (Research),research,3.05,50,2000,Computer Science,STEM
S201801728,2018,1,F,0,White,NJ,INST_04,Regional College D (Teaching),teaching,2.9,56,2000,Anthropology,Social Sciences
S201801729,2018,0,F,0,White,GA,INST_01,State University A (Research),research,2.55,10,2000,Pre-Med,Health
S201801730,2018,0,M,1,Black,MI,INST_04,Regional College D (Teaching),teaching,2.87,40,1999,Computer Science,STEM
S201801731,2018,1,F,0,White,GA,INST_05,Urban University E (Research),research,2.7,24,2000,Mechanical Engineering,STEM
S201801732,2018,1,M,0,Black,OH,INST_05,Urban University E (Research),research,3.16,60,2000,English,Humanities
S201801733,2018,0,F,0,Black,CA,INST_01,State University A (Research),research,3.7,33,2000,Sociology,Social Sciences
S201801734,2018,0,M,1,White,MI,INST_03,Regional College C (Teaching),teaching,2.41,50,2000,Physics,STEM
S201801735,2018,1,F,0,White,PA,INST_05,Urban University E (Research),research,3.61,59,2000,Marketing,Business
S201801736,2018,1,F,1,Hispanic,NY,INST_05,Urban University E (Research),research,4.0,70,2000,Kinesiology,Health
S201801737,2018,0,M,0,Black,NC,INST_04,Regional College D (Teaching),teaching,2.98,72,2000,Anthropology,Social Sciences
S201801738,2018,0,F,0,Asian,MI,INST_05,Urban University E (Research),research,3.9,50,2000,Management,Business
S201801739,2018,0,F,1,Hispanic,FL,INST_04,Regional College D (Teaching),teaching,3.36,70,2000,History,Humanities
S201801740,2018,0,F,0,Multi,CA,INST_04,Regional College D (Teaching),teaching,3.71,28,2000,Management,Business
S201801741,2018,0,F,1,Hispanic,GA,INST_04,Regional College D (Teaching),teaching,2.62,54,2000,Biology,STEM
S201801742,2018,0,F,1,White,NY,INST_03,Regional College C (Teaching),teaching,2.5,43,2000,Kinesiology,Health
S201801743,2018,0,M,0,White,FL,INST_04,Regional College D (Teaching),teaching,2.42,99,1999,Computer Science,STEM
S201801744,2018,1,M,0,White,IL,INST_04,Regional College D (Teaching),teaching,4.0,75,2000,Nursing,Health
S201801745,2018,0,M,0,Hispanic,NC,INST_01,State University A (Research),research,3.2,36,2000,Kinesiology,Health
S201801746,2018,0,M,1,White,NC,INST_02,State University B (Research),research,2.46,59,2000,Statistics,STEM
S201801747,2018,0,M,0,Hispanic,NY,INST_02,State University B (Research),research,3.88,66,2000,English,Humanities
S201801748,2018,1,M,0,White,PA,INST_02,State University B (Research),research,4.0,40,2000,Economics,Social Sciences
S201801749,2018,1,F,0,White,NJ,INST_04,Regional College D (Teaching),teaching,2.25,35,2000,Mathematics,STEM
S201801750,2018,0,F,0,White,OH,INST_03,Regional College C (Teaching),teaching,3.24,28,2000,Statistics,STEM
S201801751,2018,0,M,0,Asian,FL,INST_03,Regional College C (Teaching),teaching,3.21,40,2000,Pre-Med,Health
S201801752,2018,0,M,0,Multi,VA,INST_02,State University B (Research),research,3.75,66,2000,Economics-Bus,Business
S201801753,2018,1,F,0,Hispanic,NY,INST_05,Urban University E (Research),research,3.2,48,2000,Statistics,STEM
S201801754,2018,1,F,0,White,OH,INST_05,Urban University E (Research),research,2.61,23,2000,Kinesiology,Health
S201801755,2018,0,F,0,Multi,PA,INST_02,State University B (Research),research,2.84,33,2000,Undeclared,Other
S201801756,2018,0,F,1,Black,GA,INST_03,Regional College C (Teaching),teaching,3.19,22,2000,Management,Business
S201801757,2018,0,F,0,White,OH,INST_01,State University A (Research),research,2.67,30,2000,Kinesiology,Health
S201801758,2018,1,M,0,Multi,NY,INST_04,Regional College D (Teaching),teaching,3.16,37,2000,Education,Other
S201801759,2018,0,F,1,Asian,NY,INST_04,Regional College D (Teaching),teaching,3.58,60,2000,Sociology,Social Sciences
S201801760,2018,1,F,0,White,IL,INST_01,State University A (Research),research,2.99,60,2000,General Studies,Other
S201801761,2018,0,F,0,Black,PA,INST_01,State University A (Research),research,3.07,51,2000,Accounting,Business
S201801762,2018,0,F,0,Hispanic,GA,INST_02,State University B (Research),research,3.07,27,2000,Public Health,Health
S201801763,2018,0,M,0,Asian,TX,INST_04,Regional College D (Teaching),teaching,2.96,76,2000,Sociology,Social Sciences
S201801764,2018,0,F,1,White,NY,INST_01,State University A (Research),research,4.0,52,2000,Political Science,Social Sciences
S201801765,2018,0,M,0,Hispanic,MI,INST_04,Regional College D (Teaching),teaching,2.66,35,2000,Kinesiology,Health
S201801766,2018,0,M,1,Black,NY,INST_04,Regional College D (Teaching),teaching,3.3,33,2000,Pre-Med,Health
S201801767,2018,0,F,1,White,PA,INST_05,Urban University E (Research),research,3.94,47,2000,Mathematics,STEM
S201801768,2018,0,M,0,Hispanic,OH,INST_03,Regional College C (Teaching),teaching,3.35,74,2000,Nursing,Health
S201801769,2018,1,M,0,Asian,NY,INST_05,Urban University E (Research),research,3.62,49,2000,Chemistry,STEM
S201801770,2018,0,M,0,White,CA,INST_01,State University A (Research),research,2.94,41,2000,Kinesiology,Health
S201801771,2018,0,M,0,White,GA,INST_01,State University A (Research),research,2.96,23,2000,Civil Engineering,STEM
S201801772,2018,0,F,0,Black,IL,INST_02,State University B (Research),research,3.56,25,2000,Communications,Other
S201801773,2018,0,F,1,White,OH,INST_01,State University A (Research),research,3.14,34,2000,Economics-Bus,Business
S201801774,2018,1,F,1,White,CA,INST_02,State University B (Research),research,3.36,64,2000,Marketing,Business
S201801775,2018,1,M,0,Hispanic,CA,INST_03,Regional College C (Teaching),teaching,3.75,51,2000,History,Humanities
S201801776,2018,0,M,1,White,FL,INST_03,Regional College C (Teaching),teaching,2.99,54,2000,Pre-Med,Health
S201801777,2018,0,F,0,Hispanic,TX,INST_04,Regional College D (Teaching),teaching,3.17,25,2000,Finance,Business
S201801778,2018,0,F,0,Black,TX,INST_03,Regional College C (Teaching),teaching,3.22,34,2000,Chemistry,STEM
S201801779,2018,1,M,0,White,TX,INST_02,State University B (Research),research,2.89,48,2000,Biology,STEM
S201801780,2018,0,M,0,Hispanic,CA,INST_03,Regional College C (Teaching),teaching,3.17,67,2000,Political Science,Social Sciences
S201801781,2018,0,M,0,Hispanic,CA,INST_05,Urban University E (Research),research,4.0,61,2000,Education,Other
S201801782,2018,0,F,1,White,NJ,INST_05,Urban University E (Research),research,3.59,48,2000,Public Health,Health
S201801783,2018,0,F,0,White,FL,INST_04,Regional College D (Teaching),teaching,3.33,48,2000,History,Humanities
S201801784,2018,0,M,1,White,VA,INST_04,Regional College D (Teaching),teaching,2.86,52,2000,Philosophy,Humanities
S201801785,2018,0,M,1,White,MI,INST_04,Regional College D (Teaching),teaching,3.44,60,2000,Management,Business
S201801786,2018,0,F,0,Multi,CA,INST_01,State University A (Research),research,2.78,62,2000,Nursing,Health
S201801787,2018,1,F,0,Black,NC,INST_03,Regional College C (Teaching),teaching,2.17,39,2000,Biology,STEM
S201801788,2018,1,M,0,Hispanic,IL,INST_02,State University B (Research),research,2.98,67,2000,Accounting,Business
S201801789,2018,0,F,1,White,GA,INST_02,State University B (Research),research,3.36,84,2000,General Studies,Other
S201801790,2018,0,F,0,White,VA,INST_04,Regional College D (Teaching),teaching,3.3,26,2000,Communications,Other
S201801791,2018,1,F,0,Asian,PA,INST_01,State University A (Research),research,3.26,60,2000,Economics,Social Sciences
S201801792,2018,0,M,1,Asian,NJ,INST_04,Regional College D (Teaching),teaching,4.0,56,2000,Finance,Business
S201801793,2018,0,F,1,Multi,NC,INST_01,State University A (Research),research,3.05,55,2000,Economics-Bus,Business
S201801794,2018,1,F,0,Multi,FL,INST_05,Urban University E (Research),research,2.75,39,2000,Political Science,Social Sciences
S201801795,2018,1,M,0,Asian,OH,INST_02,State University B (Research),research,3.84,41,2000,Psychology,Social Sciences
S201801796,2018,0,F,1,Asian,IL,INST_03,Regional College C (Teaching),teaching,3.65,76,2000,Anthropology,Social Sciences
S201801797,2018,0,F,0,Asian,CA,INST_01,State University A (Research),research,4.0,47,2000,Management,Business
S201801798,2018,1,F,0,Asian,VA,INST_03,Regional College C (Teaching),teaching,2.88,65,2000,General Studies,Other
S201801799,2018,0,F,0,Black,VA,INST_05,Urban University E (Research),research,2.75,39,2000,Mechanical Engineering,STEM
S201801800,2018,0,M,0,Multi,VA,INST_01,State University A (Research),research,3.55,74,2000,Mechanical Engineering,STEM
S201801801,2018,1,F,1,Multi,PA,INST_01,State University A (Research),research,3.15,82,2000,Psychology,Social Sciences
S201801802,2018,1,M,0,Black,MI,INST_01,State University A (Research),research,3.2,67,2000,English,Humanities
S201801803,2018,1,M,0,White,NJ,INST_01,State University A (Research),research,3.35,62,2000,Civil Engineering,STEM
S201801804,2018,0,F,0,White,OH,INST_01,State University A (Research),research,3.77,27,2000,Electrical Engineering,STEM
S201801805,2018,0,M,0,Hispanic,TX,INST_05,Urban University E (Research),research,3.38,44,2000,Accounting,Business
S201801806,2018,0,F,0,White,FL,INST_04,Regional College D (Teaching),teaching,3.66,59,2000,Anthropology,Social Sciences
S201801807,2018,0,F,0,Multi,MI,INST_04,Regional College D (Teaching),teaching,3.67,53,2000,Nursing,Health
S201801808,2018,1,M,0,Hispanic,TX,INST_03,Regional College C (Teaching),teaching,3.59,66,2000,Education,Other
S201801809,2018,0,F,0,Hispanic,NC,INST_04,Regional College D (Teaching),teaching,2.94,41,2000,Pre-Med,Health
S201801810,2018,1,M,0,Asian,GA,INST_03,Regional College C (Teaching),teaching,3.87,58,2000,Spanish,Humanities
S201801811,2018,1,F,0,White,GA,INST_05,Urban University E (Research),research,3.5,77,2000,Communications,Other
S201801812,2018,0,M,0,White,NY,INST_02,State University B (Research),research,3.86,55,2000,Finance,Business
S201801813,2018,1,M,1,White,NC,INST_03,Regional College C (Teaching),teaching,3.6,63,2000,Undeclared,Other
S201801814,2018,0,F,0,White,VA,INST_05,Urban University E (Research),research,2.7,90,2000,Chemistry,STEM
S201801815,2018,1,F,0,White,NC,INST_04,Regional College D (Teaching),teaching,3.63,64,2000,Political Science,Social Sciences
S201801816,2018,0,M,0,White,GA,INST_03,Regional College C (Teaching),teaching,2.49,70,2000,Public Health,Health
S201801817,2018,0,F,0,Hispanic,VA,INST_01,State University A (Research),research,3.7,73,2000,English,Humanities
S201801818,2018,0,M,0,White,VA,INST_03,Regional College C (Teaching),teaching,3.57,39,2000,Philosophy,Humanities
S201801819,2018,0,M,0,White,NC,INST_02,State University B (Research),research,3.98,35,2000,Computer Science,STEM
S201801820,2018,0,M,0,White,IL,INST_02,State University B (Research),research,3.42,42,2000,Mathematics,STEM
S201801821,2018,0,M,0,White,OH,INST_05,Urban University E (Research),research,3.17,55,2000,Anthropology,Social Sciences
S201801822,2018,1,F,1,White,IL,INST_04,Regional College D (Teaching),teaching,3.75,34,2000,Civil Engineering,STEM
S201801823,2018,0,F,1,White,IL,INST_03,Regional College C (Teaching),teaching,3.3,34,2000,Statistics,STEM
S201801824,2018,0,F,1,White,IL,INST_01,State University A (Research),research,3.86,54,2000,Philosophy,Humanities
S201801825,2018,0,M,0,White,NC,INST_02,State University B (Research),research,3.74,63,2000,Nursing,Health
S201801826,2018,1,F,0,White,IL,INST_04,Regional College D (Teaching),teaching,3.17,56,2000,Mathematics,STEM
S201801827,2018,0,F,1,White,TX,INST_03,Regional College C (Teaching),teaching,2.93,79,2000,Undeclared,Other
S201801828,2018,1,M,0,Black,NY,INST_05,Urban University E (Research),research,3.19,44,2000,Kinesiology,Health
S201801829,2018,0,M,1,White,IL,INST_01,State University A (Research),research,3.37,60,2000,Economics-Bus,Business
S201801830,2018,1,F,0,White,GA,INST_01,State University A (Research),research,3.08,69,2000,General Studies,Other
S201801831,2018,0,M,0,White,NJ,INST_01,State University A (Research),research,3.45,90,1999,Civil Engineering,STEM
S201801832,2018,0,M,1,White,TX,INST_02,State University B (Research),research,2.99,57,2000,Accounting,Business
S201801833,2018,1,NB,0,Hispanic,PA,INST_04,Regional College D (Teaching),teaching,3.87,79,2000,Anthropology,Social Sciences
S201801834,2018,0,F,0,Black,IL,INST_03,Regional College C (Teaching),teaching,2.57,83,2000,Anthropology,Social Sciences
S201801835,2018,0,M,0,Black,IL,INST_03,Regional College C (Teaching),teaching,3.66,76,2000,Mathematics,STEM
S201801836,2018,0,F,0,White,CA,INST_02,State University B (Research),research,2.75,62,2000,Mathematics,STEM
S201801837,2018,0,M,0,White,GA,INST_02,State University B (Research),research,2.7,46,2000,Biology,STEM
S201801838,2018,0,F,0,Hispanic,NY,INST_01,State University A (Research),research,3.69,46,2000,Nursing,Health
S201801839,2018,0,M,0,Black,MI,INST_04,Regional College D (Teaching),teaching,3.0,21,2000,Accounting,Business
S201801840,2018,1,F,0,White,NY,INST_03,Regional College C (Teaching),teaching,3.69,57,2000,Public Health,Health
S201801841,2018,0,F,0,Asian,NJ,INST_05,Urban University E (Research),research,2.81,37,1999,Economics,Social Sciences
S201801842,2018,0,M,1,White,MI,INST_05,Urban University E (Research),research,3.55,61,2000,Chemistry,STEM
S201801843,2018,0,M,0,Asian,CA,INST_02,State University B (Research),research,3.64,54,2000,Nursing,Health
S201801844,2018,0,F,1,Black,PA,INST_04,Regional College D (Teaching),teaching,3.25,63,2000,Psychology,Social Sciences
S201801845,2018,0,F,1,White,CA,INST_03,Regional College C (Teaching),teaching,2.37,75,2000,Electrical Engineering,STEM
S201801846,2018,1,M,0,White,TX,INST_02,State University B (Research),research,3.1,65,2000,Chemistry,STEM
S201801847,2018,1,F,1,White,OH,INST_02,State University B (Research),research,2.95,61,2000,Economics,Social Sciences
S201801848,2018,1,F,0,White,TX,INST_04,Regional College D (Teaching),teaching,3.55,34,2000,Civil Engineering,STEM
S201801849,2018,1,F,0,White,NC,INST_01,State University A (Research),research,3.34,78,2000,Statistics,STEM
S201801850,2018,0,F,0,Hispanic,NY,INST_01,State University A (Research),research,2.96,63,1999,Mathematics,STEM
S201801851,2018,1,M,0,White,NY,INST_02,State University B (Research),research,3.27,51,2000,Psychology,Social Sciences
S201801852,2018,0,F,0,NHPI,NJ,INST_04,Regional College D (Teaching),teaching,2.94,64,2000,Biomedical Engineering,STEM
S201801853,2018,0,F,1,White,CA,INST_04,Regional College D (Teaching),teaching,3.65,66,2000,Management,Business
S201801854,2018,0,F,0,Multi,OH,INST_01,State University A (Research),research,3.13,29,2000,Communications,Other
S201801855,2018,1,F,0,White,IL,INST_01,State University A (Research),research,3.66,84,2000,Physics,STEM
S201801856,2018,1,M,0,White,GA,INST_05,Urban University E (Research),research,3.89,44,2000,Mathematics,STEM
S201801857,2018,0,F,0,Asian,IL,INST_01,State University A (Research),research,3.42,66,2000,Accounting,Business
S201801858,2018,0,F,1,Asian,IL,INST_02,State University B (Research),research,3.95,50,2000,Mechanical Engineering,STEM
S201801859,2018,0,F,1,Hispanic,CA,INST_02,State University B (Research),research,4.0,58,2000,Undeclared,Other
S201801860,2018,1,F,0,Multi,VA,INST_04,Regional College D (Teaching),teaching,3.36,44,2000,Public Health,Health
S201801861,2018,1,M,0,Hispanic,PA,INST_04,Regional College D (Teaching),teaching,3.27,38,2000,Marketing,Business
S201801862,2018,0,F,1,Black,GA,INST_02,State University B (Research),research,3.69,54,2000,Kinesiology,Health
S201801863,2018,0,M,0,White,NY,INST_04,Regional College D (Teaching),teaching,3.0,53,2000,Computer Science,STEM
S201801864,2018,1,M,1,Multi,GA,INST_03,Regional College C (Teaching),teaching,3.42,23,2000,Education,Other
S201801865,2018,0,M,0,Hispanic,TX,INST_03,Regional College C (Teaching),teaching,3.12,74,2000,Computer Science,STEM
S201801866,2018,0,F,0,White,PA,INST_04,Regional College D (Teaching),teaching,2.72,37,2000,English,Humanities
S201801867,2018,1,M,0,White,FL,INST_04,Regional College D (Teaching),teaching,3.13,60,2000,Electrical Engineering,STEM
S201801868,2018,1,F,0,White,NC,INST_05,Urban University E (Research),research,2.89,61,2000,History,Humanities
S201801869,2018,0,M,1,Black,GA,INST_01,State University A (Research),research,3.22,51,2000,Public Health,Health
S201801870,2018,1,M,1,White,CA,INST_05,Urban University E (Research),research,3.19,44,2000,Pre-Med,Health
S201801871,2018,0,M,0,Asian,TX,INST_02,State University B (Research),research,2.27,72,2000,Economics-Bus,Business
S201801872,2018,0,M,1,White,MI,INST_02,State University B (Research),research,3.76,42,2000,Political Science,Social Sciences
S201801873,2018,0,F,0,White,TX,INST_05,Urban University E (Research),research,3.1,53,2000,Public Health,Health
S201801874,2018,1,F,1,Hispanic,PA,INST_01,State University A (Research),research,2.77,22,2000,Art History,Humanities
S201801875,2018,0,F,1,White,NY,INST_05,Urban University E (Research),research,3.16,17,2000,Biomedical Engineering,STEM
S201801876,2018,0,M,0,Black,NJ,INST_05,Urban University E (Research),research,2.92,74,2000,Kinesiology,Health
S201801877,2018,0,F,0,Unknown,OH,INST_01,State University A (Research),research,2.72,79,2000,Physics,STEM
S201801878,2018,0,F,1,White,IL,INST_02,State University B (Research),research,3.56,87,2000,English,Humanities
S201801879,2018,1,F,1,Hispanic,OH,INST_01,State University A (Research),research,3.8,86,2000,Pre-Med,Health
S201801880,2018,1,M,0,Hispanic,CA,INST_03,Regional College C (Teaching),teaching,3.51,66,2000,General Studies,Other
S201801881,2018,0,F,1,White,NC,INST_02,State University B (Research),research,2.8,47,2000,Accounting,Business
S201801882,2018,0,F,0,White,PA,INST_03,Regional College C (Teaching),teaching,2.93,56,2000,Physics,STEM
S201801883,2018,0,F,0,Black,PA,INST_01,State University A (Research),research,4.0,81,2000,Biomedical Engineering,STEM
S201801884,2018,0,M,0,Black,MI,INST_02,State University B (Research),research,3.95,61,2000,Psychology,Social Sciences
S201801885,2018,0,F,0,Multi,OH,INST_05,Urban University E (Research),research,3.74,63,2000,Electrical Engineering,STEM
S201801886,2018,0,F,1,Black,VA,INST_05,Urban University E (Research),research,2.96,83,2000,Computer Science,STEM
S201801887,2018,0,M,0,Asian,CA,INST_02,State University B (Research),research,3.89,26,2000,Management,Business
S201801888,2018,1,F,0,White,NY,INST_05,Urban University E (Research),research,3.18,68,2000,Mathematics,STEM
S201801889,2018,0,F,0,White,TX,INST_05,Urban University E (Research),research,2.65,65,2000,Economics,Social Sciences
S201801890,2018,1,M,1,White,PA,INST_04,Regional College D (Teaching),teaching,2.57,42,2000,Biomedical Engineering,STEM
S201801891,2018,1,F,1,Multi,NY,INST_02,State University B (Research),research,2.94,54,2000,Undeclared,Other
S201801892,2018,0,M,0,White,MI,INST_03,Regional College C (Teaching),teaching,3.4,63,2000,Philosophy,Humanities
S201801893,2018,1,M,0,White,CA,INST_02,State University B (Research),research,2.19,82,2000,Undeclared,Other
S201801894,2018,0,M,1,White,FL,INST_03,Regional College C (Teaching),teaching,3.29,74,2000,Finance,Business
S201801895,2018,1,M,0,Asian,OH,INST_05,Urban University E (Research),research,2.6,76,2000,Nursing,Health
S201801896,2018,0,M,0,Black,FL,INST_02,State University B (Research),research,2.48,49,2000,Chemistry,STEM
S201801897,2018,0,M,0,White,GA,INST_04,Regional College D (Teaching),teaching,3.14,47,2000,Kinesiology,Health
S201801898,2018,1,F,0,Multi,TX,INST_05,Urban University E (Research),research,2.48,79,2000,Computer Science,STEM
S201801899,2018,1,M,0,White,IL,INST_04,Regional College D (Teaching),teaching,3.24,47,2000,Sociology,Social Sciences
S201801900,2018,0,F,0,White,IL,INST_04,Regional College D (Teaching),teaching,3.59,60,2000,Accounting,Business
S201801901,2018,0,M,0,Multi,IL,INST_04,Regional College D (Teaching),teaching,4.0,78,2000,Chemistry,STEM
S201801902,2018,0,M,0,Black,MI,INST_03,Regional College C (Teaching),teaching,2.43,37,2000,Philosophy,Humanities
S201801903,2018,0,NB,1,White,TX,INST_03,Regional College C (Teaching),teaching,3.71,52,2000,Management,Business
S201801904,2018,0,F,0,Hispanic,VA,INST_01,State University A (Research),research,3.13,55,2000,Communications,Other
S201801905,2018,0,M,1,White,NY,INST_04,Regional College D (Teaching),teaching,3.19,43,2000,Pre-Med,Health
S201801906,2018,0,M,0,White,GA,INST_01,State University A (Research),research,3.39,62,2000,Marketing,Business
S201801907,2018,0,M,0,White,NY,INST_01,State University A (Research),research,2.52,67,2000,Management,Business
S201801908,2018,0,F,1,Hispanic,VA,INST_01,State University A (Research),research,3.13,35,2000,Psychology,Social Sciences
S201801909,2018,0,M,0,Asian,NC,INST_05,Urban University E (Research),research,3.0,79,2000,Mechanical Engineering,STEM
S201801910,2018,1,M,0,White,CA,INST_01,State University A (Research),research,2.78,44,2000,Computer Science,STEM
S201801911,2018,0,M,0,White,NC,INST_02,State University B (Research),research,3.18,37,2000,Pre-Med,Health
S201801912,2018,0,F,1,Hispanic,IL,INST_04,Regional College D (Teaching),teaching,3.04,29,2000,Finance,Business
S201801913,2018,1,F,0,Hispanic,NC,INST_01,State University A (Research),research,3.45,42,2000,Mechanical Engineering,STEM
S201801914,2018,0,M,0,AIAN,NY,INST_01,State University A (Research),research,3.53,69,2000,Philosophy,Humanities
S201801915,2018,0,F,0,Hispanic,IL,INST_01,State University A (Research),research,3.85,48,2000,Mathematics,STEM
S201801916,2018,1,M,0,White,FL,INST_02,State University B (Research),research,3.66,59,2000,Education,Other
S201801917,2018,0,M,1,Black,CA,INST_03,Regional College C (Teaching),teaching,2.7,53,2000,Psychology,Social Sciences
S201801918,2018,1,M,1,Hispanic,VA,INST_01,State University A (Research),research,2.92,48,2000,Electrical Engineering,STEM
S201801919,2018,0,M,0,White,FL,INST_05,Urban University E (Research),research,3.97,66,2000,Physics,STEM
S201801920,2018,1,F,0,Hispanic,NY,INST_03,Regional College C (Teaching),teaching,2.97,96,2000,Computer Science,STEM
S201801921,2018,0,F,0,Black,IL,INST_03,Regional College C (Teaching),teaching,3.73,76,2000,Political Science,Social Sciences
S201801922,2018,1,M,0,White,NC,INST_05,Urban University E (Research),research,3.11,92,2000,Nursing,Health
S201801923,2018,1,F,1,Hispanic,TX,INST_03,Regional College C (Teaching),teaching,3.56,70,2000,Kinesiology,Health
S201801924,2018,1,M,1,Hispanic,NY,INST_04,Regional College D (Teaching),teaching,3.05,54,2000,Mathematics,STEM
S201801925,2018,0,M,0,Multi,IL,INST_01,State University A (Research),research,3.0,19,2000,Accounting,Business
S201801926,2018,1,F,0,White,GA,INST_05,Urban University E (Research),research,2.75,49,2000,Biology,STEM
S201801927,2018,0,M,0,White,VA,INST_01,State University A (Research),research,2.69,7,2000,Computer Science,STEM
S201801928,2018,1,F,0,Hispanic,NC,INST_03,Regional College C (Teaching),teaching,2.65,61,2000,Chemistry,STEM
S201801929,2018,0,M,0,Asian,GA,INST_01,State University A (Research),research,2.56,42,2000,Physics,STEM
S201801930,2018,0,F,0,Multi,TX,INST_01,State University A (Research),research,3.16,19,2000,Computer Science,STEM
S201801931,2018,1,M,1,White,IL,INST_03,Regional College C (Teaching),teaching,3.22,30,2000,Biology,STEM
S201801932,2018,0,M,1,White,GA,INST_02,State University B (Research),research,3.49,92,2000,Biology,STEM
S201801933,2018,1,M,1,White,FL,INST_01,State University A (Research),research,3.12,75,2000,Marketing,Business
S201801934,2018,0,M,0,Hispanic,VA,INST_02,State University B (Research),research,2.45,88,2000,Political Science,Social Sciences
S201801935,2018,0,M,1,White,IL,INST_02,State University B (Research),research,2.39,66,2000,Public Health,Health
S201801936,2018,0,M,0,Asian,TX,INST_05,Urban University E (Research),research,3.86,59,2000,Biomedical Engineering,STEM
S201801937,2018,0,F,0,Hispanic,GA,INST_01,State University A (Research),research,2.92,50,2000,Pre-Med,Health
S201801938,2018,0,M,0,Multi,GA,INST_05,Urban University E (Research),research,4.0,68,2000,Art History,Humanities
S201801939,2018,1,M,0,White,VA,INST_05,Urban University E (Research),research,3.89,71,2000,Kinesiology,Health
S201801940,2018,0,M,0,White,NY,INST_01,State University A (Research),research,4.0,63,2000,Computer Science,STEM
S201801941,2018,1,M,0,Hispanic,FL,INST_05,Urban University E (Research),research,3.03,30,2000,Management,Business
S201801942,2018,1,F,0,White,VA,INST_04,Regional College D (Teaching),teaching,3.01,84,2000,Economics,Social Sciences
S201801943,2018,0,M,1,Hispanic,FL,INST_05,Urban University E (Research),research,3.65,47,2000,Biology,STEM
S201801944,2018,1,F,0,White,OH,INST_01,State University A (Research),research,3.44,69,2000,Computer Science,STEM
S201801945,2018,1,M,0,White,GA,INST_01,State University A (Research),research,2.99,60,2000,Mechanical Engineering,STEM
S201801946,2018,1,F,0,AIAN,PA,INST_01,State University A (Research),research,3.23,7,2000,Mathematics,STEM
S201801947,2018,0,M,1,Black,IL,INST_04,Regional College D (Teaching),teaching,1.65,66,2000,Biomedical Engineering,STEM
S201801948,2018,0,F,0,Hispanic,CA,INST_05,Urban University E (Research),research,3.0,74,2000,Kinesiology,Health
S201801949,2018,0,M,1,Unknown,IL,INST_02,State University B (Research),research,4.0,47,2000,Sociology,Social Sciences
S201801950,2018,0,M,0,White,IL,INST_01,State University A (Research),research,3.47,49,1999,Marketing,Business
S201801951,2018,0,F,0,White,VA,INST_03,Regional College C (Teaching),teaching,2.3,78,2000,Computer Science,STEM
S201801952,2018,0,F,0,White,NY,INST_04,Regional College D (Teaching),teaching,2.92,48,2000,Finance,Business
S201801953,2018,1,F,1,White,CA,INST_03,Regional College C (Teaching),teaching,3.96,85,2000,Marketing,Business
S201801954,2018,0,M,0,White,NC,INST_01,State University A (Research),research,2.53,53,2000,Marketing,Business
S201801955,2018,0,F,1,White,NJ,INST_01,State University A (Research),research,3.69,80,2000,Economics,Social Sciences
S201801956,2018,0,M,0,Asian,NY,INST_02,State University B (Research),research,3.11,66,2000,Public Health,Health
S201801957,2018,0,F,1,White,NJ,INST_05,Urban University E (Research),research,3.46,52,2000,Biomedical Engineering,STEM
S201801958,2018,0,M,1,White,NC,INST_02,State University B (Research),research,2.93,33,2000,Undeclared,Other
S201801959,2018,0,F,0,White,CA,INST_01,State University A (Research),research,3.69,25,2000,General Studies,Other
S201801960,2018,1,F,0,White,VA,INST_02,State University B (Research),research,3.57,70,2000,Economics,Social Sciences
S201801961,2018,1,M,0,Asian,MI,INST_02,State University B (Research),research,2.71,26,2000,Biology,STEM
S201801962,2018,0,M,0,Black,NJ,INST_04,Regional College D (Teaching),teaching,3.5,64,2000,Accounting,Business
S201801963,2018,1,F,0,White,GA,INST_02,State University B (Research),research,2.51,49,2000,Communications,Other
S201801964,2018,0,M,0,White,OH,INST_01,State University A (Research),research,3.26,81,2000,Finance,Business
S201801965,2018,0,F,0,White,TX,INST_01,State University A (Research),research,3.06,29,2000,Art History,Humanities
S201801966,2018,0,F,1,White,FL,INST_02,State University B (Research),research,2.91,67,2000,Economics-Bus,Business
S201801967,2018,1,F,0,White,NY,INST_04,Regional College D (Teaching),teaching,3.25,28,2000,Public Health,Health
S201801968,2018,0,F,0,White,GA,INST_01,State University A (Research),research,2.83,51,2000,Kinesiology,Health
S201801969,2018,1,F,1,Hispanic,FL,INST_01,State University A (Research),research,3.19,63,2000,Mathematics,STEM
S201801970,2018,0,M,0,White,CA,INST_04,Regional College D (Teaching),teaching,2.64,63,2000,Accounting,Business
S201801971,2018,1,F,0,Hispanic,IL,INST_05,Urban University E (Research),research,3.11,99,2000,History,Humanities
S201801972,2018,1,M,1,White,VA,INST_02,State University B (Research),research,3.48,65,2000,Biomedical Engineering,STEM
S201801973,2018,0,F,1,Black,CA,INST_04,Regional College D (Teaching),teaching,3.53,83,2000,Finance,Business
S201801974,2018,0,F,0,Hispanic,TX,INST_05,Urban University E (Research),research,3.36,79,2000,Marketing,Business
S201801975,2018,1,M,0,Hispanic,VA,INST_02,State University B (Research),research,2.97,47,2000,Public Health,Health
S201801976,2018,0,M,0,Asian,TX,INST_04,Regional College D (Teaching),teaching,3.33,34,2000,Undeclared,Other
S201801977,2018,1,F,0,White,MI,INST_01,State University A (Research),research,3.48,44,2000,Mathematics,STEM
S201801978,2018,1,F,1,Asian,NC,INST_02,State University B (Research),research,3.32,34,2000,Nursing,Health
S201801979,2018,0,F,1,Hispanic,TX,INST_04,Regional College D (Teaching),teaching,3.31,5,2000,Computer Science,STEM
S201801980,2018,0,M,1,White,NC,INST_05,Urban University E (Research),research,2.88,51,2000,Accounting,Business
S201801981,2018,1,F,0,White,FL,INST_05,Urban University E (Research),research,3.63,45,2000,Economics,Social Sciences
S201801982,2018,1,F,0,Black,NY,INST_05,Urban University E (Research),research,3.19,34,2000,Anthropology,Social Sciences
S201801983,2018,0,F,0,Multi,OH,INST_04,Regional College D (Teaching),teaching,3.71,56,2000,Communications,Other
S201801984,2018,0,F,0,Black,MI,INST_05,Urban University E (Research),research,3.66,73,2000,Education,Other
S201801985,2018,0,M,0,NHPI,OH,INST_03,Regional College C (Teaching),teaching,3.4,72,2000,Chemistry,STEM
S201801986,2018,0,F,0,White,IL,INST_02,State University B (Research),research,2.39,69,2000,Civil Engineering,STEM
S201801987,2018,1,M,1,Hispanic,IL,INST_03,Regional College C (Teaching),teaching,3.31,37,2000,Communications,Other
S201801988,2018,1,F,1,Asian,NY,INST_04,Regional College D (Teaching),teaching,2.88,3,2000,Electrical Engineering,STEM
S201801989,2018,0,M,0,Black,CA,INST_02,State University B (Research),research,3.84,58,1999,Nursing,Health
S201801990,2018,0,F,1,White,NY,INST_04,Regional College D (Teaching),teaching,3.24,72,2000,Psychology,Social Sciences
S201801991,2018,0,M,1,White,OH,INST_01,State University A (Research),research,2.84,58,2000,Biomedical Engineering,STEM
S201801992,2018,1,M,0,White,PA,INST_04,Regional College D (Teaching),teaching,2.44,58,2000,Finance,Business
S201801993,2018,0,F,0,White,NY,INST_03,Regional College C (Teaching),teaching,3.0,77,2000,Economics,Social Sciences
S201801994,2018,0,M,0,Hispanic,NY,INST_01,State University A (Research),research,3.3,36,2000,Undeclared,Other
S201801995,2018,1,F,0,White,TX,INST_05,Urban University E (Research),research,3.65,70,2000,Finance,Business
S201801996,2018,0,F,0,White,CA,INST_04,Regional College D (Teaching),teaching,3.43,79,2000,Biomedical Engineering,STEM
S201801997,2018,0,F,0,White,NC,INST_03,Regional College C (Teaching),teaching,3.48,73,2000,Undeclared,Other
S201801998,2018,0,F,1,White,MI,INST_04,Regional College D (Teaching),teaching,2.24,59,2000,Civil Engineering,STEM
S201801999,2018,1,M,0,White,NC,INST_02,State University B (Research),research,3.57,29,2000,English,Humanities
S201802000,2018,0,M,0,Black,TX,INST_05,Urban University E (Research),research,2.99,71,2000,Computer Science,STEM
S201802001,2018,0,M,0,Black,CA,INST_01,State University A (Research),research,3.25,41,2000,Political Science,Social Sciences
S201802002,2018,0,F,0,Asian,GA,INST_03,Regional College C (Teaching),teaching,3.1,69,2000,Biomedical Engineering,STEM
S201802003,2018,1,F,0,White,NJ,INST_03,Regional College C (Teaching),teaching,2.73,67,2000,Finance,Business
S201802004,2018,0,NB,1,White,FL,INST_02,State University B (Research),research,2.93,84,2000,Marketing,Business
S201802005,2018,1,F,0,White,NY,INST_02,State University B (Research),research,2.25,28,2000,Anthropology,Social Sciences
S201802006,2018,0,M,0,White,IL,INST_02,State University B (Research),research,3.41,78,2000,Management,Business
S201802007,2018,0,M,1,Multi,PA,INST_03,Regional College C (Teaching),teaching,3.03,42,2000,Chemistry,STEM
S201802008,2018,0,F,1,Hispanic,FL,INST_02,State University B (Research),research,2.75,60,2000,Pre-Med,Health
S201802009,2018,0,F,1,White,IL,INST_01,State University A (Research),research,3.61,67,2000,Mechanical Engineering,STEM
S201802010,2018,0,F,0,Multi,NC,INST_01,State University A (Research),research,3.29,36,2000,Mathematics,STEM
S201802011,2018,1,F,0,Hispanic,TX,INST_02,State University B (Research),research,3.27,60,2000,Biology,STEM
S201802012,2018,0,F,0,Black,NC,INST_01,State University A (Research),research,3.39,59,2000,Civil Engineering,STEM
S201802013,2018,1,M,0,Hispanic,FL,INST_04,Regional College D (Teaching),teaching,3.52,38,2000,Accounting,Business
S201802014,2018,1,M,0,White,FL,INST_04,Regional College D (Teaching),teaching,3.07,58,2000,Electrical Engineering,STEM
S201802015,2018,0,F,0,White,FL,INST_04,Regional College D (Teaching),teaching,3.12,57,2000,Finance,Business
S201802016,2018,0,F,0,Black,NJ,INST_04,Regional College D (Teaching),teaching,2.91,54,2000,Psychology,Social Sciences
S201802017,2018,0,M,1,White,IL,INST_03,Regional College C (Teaching),teaching,2.85,71,2000,Mechanical Engineering,STEM
S201802018,2018,0,M,0,Hispanic,FL,INST_04,Regional College D (Teaching),teaching,2.91,53,2000,Political Science,Social Sciences
S201802019,2018,1,M,0,White,CA,INST_02,State University B (Research),research,3.6,56,2000,Chemistry,STEM
S201802020,2018,1,F,0,Hispanic,IL,INST_03,Regional College C (Teaching),teaching,2.81,77,2000,Psychology,Social Sciences
S201802021,2018,1,F,0,Black,NC,INST_04,Regional College D (Teaching),teaching,2.75,65,2000,Electrical Engineering,STEM
S201802022,2018,1,M,0,White,CA,INST_03,Regional College C (Teaching),teaching,3.79,27,2000,Nursing,Health
S201802023,2018,0,M,0,White,NJ,INST_02,State University B (Research),research,3.38,68,2000,Philosophy,Humanities
S201802024,2018,1,M,0,Asian,TX,INST_04,Regional College D (Teaching),teaching,2.78,48,2000,Management,Business
S201802025,2018,0,F,0,White,TX,INST_01,State University A (Research),research,2.99,57,2000,Public Health,Health
S201802026,2018,0,M,0,Asian,IL,INST_03,Regional College C (Teaching),teaching,4.0,21,2000,Management,Business
S201802027,2018,0,F,0,White,NC,INST_04,Regional College D (Teaching),teaching,3.41,31,2000,Management,Business
S201802028,2018,0,M,0,White,OH,INST_01,State University A (Research),research,2.73,36,2000,Mechanical Engineering,STEM
S201802029,2018,1,F,0,White,CA,INST_05,Urban University E (Research),research,3.56,30,2000,Computer Science,STEM
S201802030,2018,0,F,1,Black,TX,INST_03,Regional College C (Teaching),teaching,2.82,64,2000,Chemistry,STEM
S201802031,2018,0,F,1,Multi,NC,INST_01,State University A (Research),research,2.79,48,2000,Communications,Other
S201802032,2018,0,M,0,Black,GA,INST_04,Regional College D (Teaching),teaching,3.31,64,2000,Physics,STEM
S201802033,2018,0,F,0,Asian,FL,INST_01,State University A (Research),research,3.51,68,2000,Communications,Other
S201802034,2018,1,M,1,White,NC,INST_01,State University A (Research),research,2.84,79,2000,Political Science,Social Sciences
S201802035,2018,1,M,1,Hispanic,NC,INST_01,State University A (Research),research,2.63,58,2000,Economics,Social Sciences
S201802036,2018,0,M,0,White,TX,INST_04,Regional College D (Teaching),teaching,3.2,55,2000,Economics,Social Sciences
S201802037,2018,1,M,1,Asian,OH,INST_02,State University B (Research),research,3.76,78,2000,English,Humanities
S201802038,2018,0,M,1,Unknown,NY,INST_01,State University A (Research),research,3.59,44,2000,Communications,Other
S201802039,2018,0,F,1,Asian,NY,INST_05,Urban University E (Research),research,3.67,18,2000,Undeclared,Other
S201802040,2018,0,F,0,Hispanic,CA,INST_03,Regional College C (Teaching),teaching,3.18,89,2000,Art History,Humanities
S201802041,2018,0,M,0,White,NC,INST_04,Regional College D (Teaching),teaching,3.22,46,2000,Undeclared,Other
S201802042,2018,0,M,0,Asian,PA,INST_04,Regional College D (Teaching),teaching,3.23,67,2000,Civil Engineering,STEM
S201802043,2018,0,F,0,White,VA,INST_04,Regional College D (Teaching),teaching,3.61,85,2000,Political Science,Social Sciences
S201802044,2018,0,F,0,White,PA,INST_03,Regional College C (Teaching),teaching,2.73,54,2000,Economics,Social Sciences
S201802045,2018,0,F,0,White,GA,INST_04,Regional College D (Teaching),teaching,3.5,43,2000,Civil Engineering,STEM
S201802046,2018,1,M,0,White,FL,INST_05,Urban University E (Research),research,3.17,74,2000,Kinesiology,Health
S201802047,2018,0,M,0,White,VA,INST_02,State University B (Research),research,3.72,67,2000,General Studies,Other
S201802048,2018,1,F,1,Black,IL,INST_01,State University A (Research),research,3.3,68,2000,Communications,Other
S201802049,2018,0,M,0,White,PA,INST_02,State University B (Research),research,3.87,61,2000,Biomedical Engineering,STEM
S201802050,2018,1,M,0,White,NY,INST_02,State University B (Research),research,3.57,71,2000,Accounting,Business
S201802051,2018,0,F,0,Black,NC,INST_05,Urban University E (Research),research,3.1,20,2000,Finance,Business
S201802052,2018,0,F,0,Hispanic,TX,INST_02,State University B (Research),research,3.14,54,2000,Kinesiology,Health
S201802053,2018,1,M,0,White,IL,INST_04,Regional College D (Teaching),teaching,2.56,59,2000,History,Humanities
S201802054,2018,1,M,0,Asian,MI,INST_05,Urban University E (Research),research,3.41,55,2000,Biomedical Engineering,STEM
S201802055,2018,0,M,0,Asian,OH,INST_04,Regional College D (Teaching),teaching,3.05,39,2000,Economics,Social Sciences
S201802056,2018,0,F,0,Hispanic,CA,INST_02,State University B (Research),research,3.65,42,2000,Public Health,Health
S201802057,2018,1,M,1,White,CA,INST_04,Regional College D (Teaching),teaching,2.48,49,2000,Statistics,STEM
S201802058,2018,1,F,0,Black,VA,INST_02,State University B (Research),research,3.34,57,2000,Electrical Engineering,STEM
S201802059,2018,0,F,0,White,NC,INST_05,Urban University E (Research),research,2.79,57,2000,Marketing,Business
S201802060,2018,1,F,1,Black,NJ,INST_05,Urban University E (Research),research,3.24,64,2000,Economics-Bus,Business
S201802061,2018,0,F,0,White,IL,INST_04,Regional College D (Teaching),teaching,2.99,92,2000,Economics,Social Sciences
S201802062,2018,1,M,0,Hispanic,FL,INST_02,State University B (Research),research,2.98,35,2000,English,Humanities
S201802063,2018,1,F,1,White,MI,INST_02,State University B (Research),research,3.25,43,2000,Education,Other
S201802064,2018,0,M,0,White,FL,INST_05,Urban University E (Research),research,3.43,48,2000,Accounting,Business
S201802065,2018,1,M,0,Hispanic,PA,INST_01,State University A (Research),research,3.37,32,2000,Biology,STEM
S201802066,2018,0,M,0,White,CA,INST_01,State University A (Research),research,2.36,85,2000,Mechanical Engineering,STEM
S201802067,2018,1,M,0,White,IL,INST_05,Urban University E (Research),research,3.88,44,2000,Mechanical Engineering,STEM
S201802068,2018,1,M,1,Hispanic,IL,INST_02,State University B (Research),research,3.42,29,2000,Political Science,Social Sciences
S201802069,2018,0,M,0,Asian,NY,INST_01,State University A (Research),research,4.0,21,2000,Biology,STEM
S201802070,2018,0,M,1,White,MI,INST_03,Regional College C (Teaching),teaching,2.92,45,2000,Economics,Social Sciences
S201802071,2018,0,F,0,Black,MI,INST_02,State University B (Research),research,3.26,57,2000,Finance,Business
S201802072,2018,0,F,0,White,CA,INST_05,Urban University E (Research),research,2.29,47,2000,Anthropology,Social Sciences
S201802073,2018,0,M,0,White,IL,INST_04,Regional College D (Teaching),teaching,2.14,69,2000,Management,Business
S201802074,2018,1,M,1,Hispanic,CA,INST_02,State University B (Research),research,2.86,81,2000,Mathematics,STEM
S201802075,2018,1,M,0,White,NJ,INST_03,Regional College C (Teaching),teaching,3.32,47,2000,Public Health,Health
S201802076,2018,0,F,0,Black,MI,INST_01,State University A (Research),research,3.65,23,2000,Nursing,Health
S201802077,2018,1,F,0,Hispanic,FL,INST_02,State University B (Research),research,3.66,41,2000,History,Humanities
S201802078,2018,1,M,0,White,GA,INST_04,Regional College D (Teaching),teaching,3.42,60,2000,Finance,Business
S201802079,2018,0,M,0,White,OH,INST_01,State University A (Research),research,4.0,82,2000,Chemistry,STEM
S201802080,2018,0,F,0,Hispanic,OH,INST_02,State University B (Research),research,3.38,57,2000,Anthropology,Social Sciences
S201802081,2018,1,F,0,NHPI,FL,INST_05,Urban University E (Research),research,3.34,48,2000,Management,Business
S201802082,2018,1,F,0,Hispanic,IL,INST_04,Regional College D (Teaching),teaching,3.14,63,2000,Accounting,Business
S201802083,2018,0,M,0,White,FL,INST_01,State University A (Research),research,2.54,40,2000,Chemistry,STEM
S201802084,2018,0,F,1,White,IL,INST_04,Regional College D (Teaching),teaching,3.23,92,2000,Anthropology,Social Sciences
S201802085,2018,0,M,0,White,VA,INST_04,Regional College D (Teaching),teaching,2.84,40,2000,Undeclared,Other
S201802086,2018,0,M,0,Asian,CA,INST_05,Urban University E (Research),research,3.19,97,2000,Civil Engineering,STEM
S201802087,2018,0,F,0,AIAN,NY,INST_04,Regional College D (Teaching),teaching,3.68,69,2000,Political Science,Social Sciences
S201802088,2018,0,M,0,Hispanic,NC,INST_01,State University A (Research),research,2.94,99,2000,Finance,Business
S201802089,2018,0,F,1,White,PA,INST_03,Regional College C (Teaching),teaching,2.39,52,2000,Kinesiology,Health
S201802090,2018,0,F,0,White,PA,INST_03,Regional College C (Teaching),teaching,3.09,57,2000,Sociology,Social Sciences
S201802091,2018,0,F,0,Multi,IL,INST_05,Urban University E (Research),research,3.8,69,2000,Civil Engineering,STEM
S201802092,2018,0,F,0,Hispanic,PA,INST_01,State University A (Research),research,3.5,70,2000,Finance,Business
S201802093,2018,1,F,0,Black,IL,INST_03,Regional College C (Teaching),teaching,3.37,37,2000,Education,Other
S201802094,2018,1,M,0,Black,TX,INST_05,Urban University E (Research),research,3.49,29,2000,Pre-Med,Health
S201802095,2018,0,F,0,White,MI,INST_01,State University A (Research),research,3.54,59,2000,Biology,STEM
S201802096,2018,0,M,0,Asian,NJ,INST_04,Regional College D (Teaching),teaching,3.37,16,1999,Finance,Business
S201802097,2018,0,M,0,White,CA,INST_03,Regional College C (Teaching),teaching,2.82,53,2000,Economics-Bus,Business
S201802098,2018,1,M,0,Black,IL,INST_02,State University B (Research),research,2.04,46,2000,Electrical Engineering,STEM
S201802099,2018,1,F,0,White,NY,INST_05,Urban University E (Research),research,3.44,85,2000,Economics-Bus,Business
S201802100,2018,0,M,1,White,MI,INST_01,State University A (Research),research,3.15,42,2000,Art History,Humanities
S201802101,2018,0,F,0,White,CA,INST_02,State University B (Research),research,2.48,48,2000,History,Humanities
S201802102,2018,1,F,1,White,OH,INST_05,Urban University E (Research),research,3.8,74,2000,Kinesiology,Health
S201802103,2018,0,M,0,Black,IL,INST_02,State University B (Research),research,3.95,36,2000,Computer Science,STEM
S201802104,2018,0,M,1,Asian,FL,INST_04,Regional College D (Teaching),teaching,2.49,33,2000,Finance,Business
S201802105,2018,0,F,0,White,GA,INST_05,Urban University E (Research),research,3.3,44,2000,Nursing,Health
S201802106,2018,0,F,0,White,IL,INST_04,Regional College D (Teaching),teaching,3.31,67,2000,Biomedical Engineering,STEM
S201802107,2018,0,M,0,White,IL,INST_04,Regional College D (Teaching),teaching,3.47,43,2000,Nursing,Health
S201802108,2018,0,M,1,White,MI,INST_05,Urban University E (Research),research,3.18,37,2000,Nursing,Health
S201802109,2018,1,M,0,Multi,TX,INST_03,Regional College C (Teaching),teaching,3.27,43,2000,Electrical Engineering,STEM
S201802110,2018,0,F,0,Hispanic,NY,INST_01,State University A (Research),research,2.46,27,2000,Computer Science,STEM
S201802111,2018,0,M,1,White,NJ,INST_05,Urban University E (Research),research,3.12,68,2000,Finance,Business
S201802112,2018,0,M,0,Black,IL,INST_05,Urban University E (Research),research,2.49,74,2000,Finance,Business
S201802113,2018,1,F,1,White,TX,INST_05,Urban University E (Research),research,3.2,76,2000,Psychology,Social Sciences
S201802114,2018,1,F,1,Black,VA,INST_02,State University B (Research),research,3.37,31,2000,Economics-Bus,Business
S201802115,2018,0,M,0,Hispanic,PA,INST_03,Regional College C (Teaching),teaching,3.48,43,2000,Chemistry,STEM
S201802116,2018,1,F,0,White,GA,INST_04,Regional College D (Teaching),teaching,2.91,73,2000,Sociology,Social Sciences
S201802117,2018,0,F,0,White,FL,INST_05,Urban University E (Research),research,3.79,58,2000,Electrical Engineering,STEM
S201802118,2018,1,F,0,Asian,MI,INST_03,Regional College C (Teaching),teaching,3.9,61,2000,Biomedical Engineering,STEM
S201802119,2018,0,F,0,Hispanic,NY,INST_03,Regional College C (Teaching),teaching,3.82,65,2000,Computer Science,STEM
S201802120,2018,1,M,0,White,VA,INST_02,State University B (Research),research,3.51,54,2000,Economics,Social Sciences
S201802121,2018,0,M,1,Black,TX,INST_01,State University A (Research),research,4.0,51,2000,Political Science,Social Sciences
S201802122,2018,0,F,1,White,NJ,INST_05,Urban University E (Research),research,2.93,31,2000,Electrical Engineering,STEM
S201802123,2018,0,M,0,White,VA,INST_03,Regional College C (Teaching),teaching,3.02,83,2000,Biology,STEM
S201802124,2018,0,F,1,Hispanic,NC,INST_02,State University B (Research),research,3.05,61,2000,Education,Other
S201802125,2018,0,F,0,Hispanic,NJ,INST_02,State University B (Research),research,2.58,13,2000,Anthropology,Social Sciences
S201802126,2018,0,M,0,White,IL,INST_02,State University B (Research),research,3.65,53,2000,Finance,Business
S201802127,2018,1,M,0,Multi,IL,INST_04,Regional College D (Teaching),teaching,3.9,25,2000,Management,Business
S201802128,2018,0,M,0,Black,NJ,INST_04,Regional College D (Teaching),teaching,3.53,48,2000,Biomedical Engineering,STEM
S201802129,2018,1,M,1,Hispanic,NC,INST_05,Urban University E (Research),research,3.87,53,2000,Biology,STEM
S201802130,2018,0,F,0,White,CA,INST_02,State University B (Research),research,2.99,83,2000,Nursing,Health
S201802131,2018,0,F,1,Asian,PA,INST_01,State University A (Research),research,3.58,62,2000,General Studies,Other
S201802132,2018,1,F,0,White,MI,INST_01,State University A (Research),research,2.88,40,2000,Biomedical Engineering,STEM
S201802133,2018,0,F,1,Black,NY,INST_02,State University B (Research),research,2.6,77,2000,Anthropology,Social Sciences
S201802134,2018,1,M,1,Asian,CA,INST_03,Regional College C (Teaching),teaching,3.97,77,2000,Economics-Bus,Business
S201802135,2018,1,M,1,Hispanic,TX,INST_02,State University B (Research),research,3.62,54,2000,Communications,Other
S201802136,2018,0,M,1,White,CA,INST_03,Regional College C (Teaching),teaching,2.83,67,2000,Pre-Med,Health
S201802137,2018,0,F,1,Unknown,GA,INST_02,State University B (Research),research,3.39,3,2000,Anthropology,Social Sciences
S201802138,2018,1,F,0,Hispanic,TX,INST_05,Urban University E (Research),research,2.68,24,2000,Sociology,Social Sciences
S201802139,2018,0,F,0,White,VA,INST_03,Regional College C (Teaching),teaching,3.28,65,2000,Sociology,Social Sciences
S201802140,2018,1,F,0,White,NC,INST_03,Regional College C (Teaching),teaching,3.89,39,2000,Biomedical Engineering,STEM
S201802141,2018,1,F,0,White,MI,INST_01,State University A (Research),research,3.4,44,2000,Nursing,Health
S201802142,2018,0,M,0,White,VA,INST_03,Regional College C (Teaching),teaching,3.1,71,2000,Biology,STEM
S201802143,2018,0,F,0,AIAN,NJ,INST_05,Urban University E (Research),research,2.99,28,2000,Biomedical Engineering,STEM
S201802144,2018,0,M,0,NHPI,TX,INST_04,Regional College D (Teaching),teaching,2.73,33,2000,Electrical Engineering,STEM
S201802145,2018,1,F,0,White,OH,INST_04,Regional College D (Teaching),teaching,3.43,86,2000,History,Humanities
S201802146,2018,0,M,0,Asian,MI,INST_04,Regional College D (Teaching),teaching,2.77,57,2000,Philosophy,Humanities
S201802147,2018,1,M,0,Black,CA,INST_05,Urban University E (Research),research,3.99,44,2000,Biomedical Engineering,STEM
S201802148,2018,0,F,0,Hispanic,GA,INST_04,Regional College D (Teaching),teaching,3.62,61,2000,Marketing,Business
S201802149,2018,0,M,0,Black,CA,INST_03,Regional College C (Teaching),teaching,4.0,32,2000,Accounting,Business
S201802150,2018,0,M,0,White,TX,INST_03,Regional College C (Teaching),teaching,3.16,94,2000,Anthropology,Social Sciences
S201802151,2018,0,F,1,White,IL,INST_01,State University A (Research),research,3.86,75,2000,Psychology,Social Sciences
S201802152,2018,1,M,1,Asian,TX,INST_02,State University B (Research),research,2.7,58,2000,General Studies,Other
S201802153,2018,0,F,0,Black,IL,INST_03,Regional College C (Teaching),teaching,3.03,58,2000,Undeclared,Other
S201802154,2018,0,F,0,Multi,NY,INST_01,State University A (Research),research,3.58,52,2000,Psychology,Social Sciences
S201802155,2018,0,M,0,Asian,NJ,INST_02,State University B (Research),research,2.75,56,2000,Mechanical Engineering,STEM
S201802156,2018,0,M,0,White,VA,INST_05,Urban University E (Research),research,3.85,92,2000,Pre-Med,Health
S201802157,2018,1,M,0,Hispanic,VA,INST_02,State University B (Research),research,2.32,59,2000,English,Humanities
S201802158,2018,1,F,1,Asian,CA,INST_02,State University B (Research),research,4.0,71,2000,Economics,Social Sciences
S201802159,2018,1,F,0,Hispanic,IL,INST_01,State University A (Research),research,2.48,85,2000,Marketing,Business
S201802160,2018,1,F,0,White,TX,INST_01,State University A (Research),research,4.0,35,2000,Management,Business
S201802161,2018,0,M,1,White,NY,INST_01,State University A (Research),research,2.94,77,2000,Art History,Humanities
S201802162,2018,1,F,0,Black,NJ,INST_04,Regional College D (Teaching),teaching,3.53,68,2000,Sociology,Social Sciences
S201802163,2018,0,F,0,Black,OH,INST_03,Regional College C (Teaching),teaching,3.2,69,2000,General Studies,Other
S201802164,2018,0,F,0,Hispanic,CA,INST_05,Urban University E (Research),research,3.6,27,2000,Economics,Social Sciences
S201802165,2018,1,F,0,White,PA,INST_05,Urban University E (Research),research,2.51,87,2000,Physics,STEM
S201802166,2018,0,M,1,Hispanic,PA,INST_02,State University B (Research),research,2.47,65,2000,Chemistry,STEM
S201802167,2018,0,M,0,Hispanic,VA,INST_05,Urban University E (Research),research,3.19,72,2000,Psychology,Social Sciences
S201802168,2018,0,F,0,White,VA,INST_01,State University A (Research),research,3.33,42,2000,General Studies,Other
S201802169,2018,0,F,0,Asian,VA,INST_03,Regional College C (Teaching),teaching,3.61,71,2000,Computer Science,STEM
S201802170,2018,1,F,0,Asian,FL,INST_05,Urban University E (Research),research,3.7,42,2000,Kinesiology,Health
S201802171,2018,0,M,0,White,FL,INST_03,Regional College C (Teaching),teaching,3.28,44,2000,Public Health,Health
S201802172,2018,0,M,0,Hispanic,FL,INST_05,Urban University E (Research),research,3.82,28,2000,Management,Business
S201802173,2018,0,F,1,White,VA,INST_02,State University B (Research),research,2.96,66,2000,Communications,Other
S201802174,2018,0,M,1,Black,NC,INST_05,Urban University E (Research),research,2.58,31,2000,Management,Business
S201802175,2018,0,M,0,Multi,TX,INST_04,Regional College D (Teaching),teaching,3.31,73,2000,Biology,STEM
S201802176,2018,0,F,0,Asian,NJ,INST_03,Regional College C (Teaching),teaching,3.15,65,2000,Economics,Social Sciences
S201802177,2018,0,F,1,White,VA,INST_04,Regional College D (Teaching),teaching,3.06,82,2000,Psychology,Social Sciences
S201802178,2018,1,F,0,White,CA,INST_01,State University A (Research),research,3.17,36,2000,Communications,Other
S201802179,2018,0,F,0,White,CA,INST_04,Regional College D (Teaching),teaching,2.06,48,2000,Accounting,Business
S201802180,2018,0,F,0,Multi,NC,INST_04,Regional College D (Teaching),teaching,3.26,73,2000,Physics,STEM
S201802181,2018,1,M,0,Black,PA,INST_02,State University B (Research),research,2.62,82,2000,Nursing,Health
S201802182,2018,0,M,0,White,TX,INST_01,State University A (Research),research,3.13,35,2000,Anthropology,Social Sciences
S201802183,2018,0,F,0,Hispanic,TX,INST_03,Regional College C (Teaching),teaching,2.69,33,2000,Political Science,Social Sciences
S201802184,2018,0,F,0,White,OH,INST_05,Urban University E (Research),research,3.35,72,2000,Physics,STEM
S201802185,2018,0,F,0,Asian,GA,INST_02,State University B (Research),research,3.54,55,2000,Management,Business
S201802186,2018,1,F,0,Hispanic,NC,INST_03,Regional College C (Teaching),teaching,4.0,79,2000,Political Science,Social Sciences
S201802187,2018,0,F,0,Hispanic,OH,INST_04,Regional College D (Teaching),teaching,2.59,7,2000,Physics,STEM
S201802188,2018,0,M,0,Multi,IL,INST_03,Regional College C (Teaching),teaching,2.89,15,2000,Finance,Business
S201802189,2018,0,F,1,Multi,NC,INST_01,State University A (Research),research,3.29,58,2000,General Studies,Other
S201802190,2018,0,F,0,White,IL,INST_03,Regional College C (Teaching),teaching,3.4,75,2000,Biomedical Engineering,STEM
S201802191,2018,1,M,0,Multi,NY,INST_01,State University A (Research),research,3.37,29,2000,Management,Business
S201802192,2018,0,F,0,White,GA,INST_04,Regional College D (Teaching),teaching,3.06,43,2000,Economics-Bus,Business
S201802193,2018,0,M,1,White,TX,INST_05,Urban University E (Research),research,3.55,46,2000,Accounting,Business
S201802194,2018,0,F,0,Asian,TX,INST_02,State University B (Research),research,3.33,56,2000,Biomedical Engineering,STEM
S201802195,2018,1,M,0,Asian,PA,INST_02,State University B (Research),research,3.44,32,2000,Political Science,Social Sciences
S201802196,2018,1,M,0,Black,OH,INST_05,Urban University E (Research),research,3.59,51,2000,Accounting,Business
S201802197,2018,0,F,1,White,PA,INST_03,Regional College C (Teaching),teaching,3.51,40,2000,Political Science,Social Sciences
S201802198,2018,1,F,1,Multi,FL,INST_03,Regional College C (Teaching),teaching,3.12,68,2000,Computer Science,STEM
S201802199,2018,0,F,0,Asian,IL,INST_03,Regional College C (Teaching),teaching,2.64,70,2000,Communications,Other
S201802200,2018,0,M,0,Hispanic,IL,INST_02,State University B (Research),research,2.7,31,2000,Pre-Med,Health
S201802201,2018,1,F,0,White,MI,INST_05,Urban University E (Research),research,3.71,77,2000,Economics-Bus,Business
S201802202,2018,0,F,0,White,NJ,INST_03,Regional College C (Teaching),teaching,3.62,28,2000,Economics,Social Sciences
S201802203,2018,0,F,0,White,PA,INST_05,Urban University E (Research),research,2.67,54,2000,Electrical Engineering,STEM
S201802204,2018,1,F,0,White,OH,INST_04,Regional College D (Teaching),teaching,3.42,69,2000,Mechanical Engineering,STEM
S201802205,2018,1,M,0,White,PA,INST_02,State University B (Research),research,3.25,80,2000,Pre-Med,Health
S201802206,2018,1,M,1,Hispanic,PA,INST_04,Regional College D (Teaching),teaching,3.92,73,2000,Marketing,Business
S201802207,2018,1,M,1,White,MI,INST_03,Regional College C (Teaching),teaching,3.16,99,2000,Pre-Med,Health
S201802208,2018,0,F,1,White,IL,INST_04,Regional College D (Teaching),teaching,2.69,23,2000,Nursing,Health
S201802209,2018,1,F,0,Black,NC,INST_04,Regional College D (Teaching),teaching,3.75,51,2000,Kinesiology,Health
S201802210,2018,1,F,1,White,PA,INST_05,Urban University E (Research),research,2.32,49,2000,Biomedical Engineering,STEM
S201802211,2018,1,M,0,White,GA,INST_01,State University A (Research),research,3.47,63,2000,Management,Business
S201802212,2018,0,F,0,White,NY,INST_04,Regional College D (Teaching),teaching,4.0,33,2000,Biomedical Engineering,STEM
S201802213,2018,1,F,0,Hispanic,MI,INST_03,Regional College C (Teaching),teaching,3.16,20,2000,Kinesiology,Health
S201802214,2018,0,M,0,Black,PA,INST_05,Urban University E (Research),research,3.27,36,2000,Statistics,STEM
S201802215,2018,0,F,0,Black,NY,INST_01,State University A (Research),research,2.7,45,2000,Political Science,Social Sciences
S201802216,2018,0,M,1,Hispanic,VA,INST_03,Regional College C (Teaching),teaching,2.64,13,2000,Communications,Other
S201802217,2018,0,F,0,Hispanic,MI,INST_03,Regional College C (Teaching),teaching,2.33,73,2000,Accounting,Business
S201802218,2018,0,F,0,White,FL,INST_03,Regional College C (Teaching),teaching,3.09,99,2000,Public Health,Health
S201802219,2018,0,M,0,Asian,NJ,INST_02,State University B (Research),research,2.93,23,2000,Communications,Other
S201802220,2018,0,M,0,Hispanic,TX,INST_04,Regional College D (Teaching),teaching,3.02,41,2000,Biomedical Engineering,STEM
S201802221,2018,0,F,0,Black,CA,INST_01,State University A (Research),research,2.97,65,2000,Accounting,Business
S201802222,2018,0,F,0,Black,MI,INST_05,Urban University E (Research),research,3.45,57,2000,Pre-Med,Health
S201802223,2018,0,F,0,Black,MI,INST_03,Regional College C (Teaching),teaching,3.68,26,2000,Nursing,Health
S201802224,2018,0,F,0,White,NC,INST_01,State University A (Research),research,3.92,43,2000,Mechanical Engineering,STEM
S201802225,2018,0,M,0,White,GA,INST_04,Regional College D (Teaching),teaching,2.75,73,2000,History,Humanities
S201802226,2018,1,F,0,White,CA,INST_04,Regional College D (Teaching),teaching,3.21,44,2000,Marketing,Business
S201802227,2018,0,M,0,White,MI,INST_01,State University A (Research),research,3.73,53,2000,Pre-Med,Health
S201802228,2018,1,M,1,Multi,TX,INST_05,Urban University E (Research),research,3.54,64,2000,Mechanical Engineering,STEM
S201802229,2018,1,F,0,Hispanic,MI,INST_02,State University B (Research),research,2.64,41,2000,Electrical Engineering,STEM
S201802230,2018,0,M,0,White,PA,INST_05,Urban University E (Research),research,3.14,45,2000,Economics,Social Sciences
S201802231,2018,0,F,0,Black,NC,INST_02,State University B (Research),research,3.42,63,2000,Finance,Business
S201802232,2018,1,F,0,Asian,VA,INST_03,Regional College C (Teaching),teaching,2.78,63,2000,Electrical Engineering,STEM
S201802233,2018,0,F,1,Hispanic,VA,INST_02,State University B (Research),research,2.77,46,2000,Public Health,Health
S201802234,2018,1,F,1,White,NJ,INST_05,Urban University E (Research),research,3.09,62,2000,Undeclared,Other
S201802235,2018,0,F,1,Multi,VA,INST_03,Regional College C (Teaching),teaching,3.34,62,2000,Electrical Engineering,STEM
S201802236,2018,1,F,0,Black,NJ,INST_04,Regional College D (Teaching),teaching,3.28,48,2000,Political Science,Social Sciences
S201802237,2018,1,F,0,Hispanic,VA,INST_03,Regional College C (Teaching),teaching,3.1,21,2000,Mathematics,STEM
S201802238,2018,0,F,0,White,CA,INST_02,State University B (Research),research,2.67,64,2000,Economics,Social Sciences
S201802239,2018,0,F,0,Hispanic,NC,INST_03,Regional College C (Teaching),teaching,3.23,75,2000,Finance,Business
S201802240,2018,1,M,0,NHPI,TX,INST_04,Regional College D (Teaching),teaching,3.62,37,2000,Management,Business
S201802241,2018,0,F,0,Hispanic,MI,INST_04,Regional College D (Teaching),teaching,3.38,46,2000,Undeclared,Other
S201802242,2018,0,M,0,White,NC,INST_05,Urban University E (Research),research,2.97,79,2000,Computer Science,STEM
S201802243,2018,0,M,1,Asian,NJ,INST_03,Regional College C (Teaching),teaching,4.0,53,2000,Statistics,STEM
S201802244,2018,0,M,0,Hispanic,OH,INST_04,Regional College D (Teaching),teaching,2.68,54,2000,Nursing,Health
S201802245,2018,1,F,0,Black,NJ,INST_03,Regional College C (Teaching),teaching,3.55,41,2000,Kinesiology,Health
S201802246,2018,0,M,0,White,FL,INST_03,Regional College C (Teaching),teaching,2.49,72,2000,Physics,STEM
S201802247,2018,1,F,0,White,PA,INST_04,Regional College D (Teaching),teaching,4.0,61,2000,Management,Business
S201802248,2018,0,F,1,White,FL,INST_02,State University B (Research),research,3.58,80,2000,Economics-Bus,Business
S201802249,2018,1,F,0,Hispanic,MI,INST_02,State University B (Research),research,3.26,43,2000,English,Humanities
S201802250,2018,0,M,0,White,OH,INST_04,Regional College D (Teaching),teaching,3.42,28,2000,Management,Business
S201802251,2018,1,M,1,Asian,MI,INST_03,Regional College C (Teaching),teaching,3.35,82,2000,Management,Business
S201802252,2018,1,M,0,White,OH,INST_02,State University B (Research),research,3.15,42,2000,Anthropology,Social Sciences
S201802253,2018,1,M,0,Hispanic,GA,INST_03,Regional College C (Teaching),teaching,4.0,46,2000,Biomedical Engineering,STEM
S201802254,2018,0,M,1,Hispanic,OH,INST_02,State University B (Research),research,3.02,44,2000,Biomedical Engineering,STEM
S201802255,2018,1,F,1,White,MI,INST_02,State University B (Research),research,2.87,65,2000,Anthropology,Social Sciences
S201802256,2018,0,M,0,White,TX,INST_04,Regional College D (Teaching),teaching,2.93,49,2000,Public Health,Health
S201802257,2018,0,M,0,White,NY,INST_02,State University B (Research),research,2.87,59,2000,Public Health,Health
S201802258,2018,1,F,0,Black,MI,INST_03,Regional College C (Teaching),teaching,3.37,62,2000,Pre-Med,Health
S201802259,2018,0,F,1,White,IL,INST_04,Regional College D (Teaching),teaching,3.37,69,2000,Civil Engineering,STEM
S201802260,2018,0,M,0,Black,FL,INST_01,State University A (Research),research,3.16,71,2000,Undeclared,Other
S201802261,2018,0,F,0,White,OH,INST_02,State University B (Research),research,3.15,64,2000,Education,Other
S201802262,2018,1,M,0,White,CA,INST_05,Urban University E (Research),research,2.58,41,2000,Anthropology,Social Sciences
S201802263,2018,0,M,0,White,TX,INST_02,State University B (Research),research,3.17,43,2000,History,Humanities
S201802264,2018,1,M,0,White,IL,INST_03,Regional College C (Teaching),teaching,3.21,55,2000,Nursing,Health
S201802265,2018,0,M,1,Asian,NJ,INST_05,Urban University E (Research),research,2.83,21,2000,Management,Business
S201802266,2018,0,M,0,White,VA,INST_04,Regional College D (Teaching),teaching,3.46,72,2000,Economics-Bus,Business
S201802267,2018,0,F,0,NHPI,VA,INST_04,Regional College D (Teaching),teaching,3.57,47,2000,Accounting,Business
S201802268,2018,1,F,0,Black,IL,INST_03,Regional College C (Teaching),teaching,3.39,67,2000,Physics,STEM
S201802269,2018,0,F,0,White,MI,INST_02,State University B (Research),research,3.36,52,2000,Psychology,Social Sciences
S201802270,2018,0,M,0,Black,FL,INST_01,State University A (Research),research,3.5,48,2000,Electrical Engineering,STEM
S201802271,2018,0,F,0,White,TX,INST_04,Regional College D (Teaching),teaching,3.05,32,2000,Spanish,Humanities
S201802272,2018,0,F,0,Black,GA,INST_01,State University A (Research),research,3.95,79,2000,Finance,Business
S201802273,2018,0,M,0,White,GA,INST_01,State University A (Research),research,2.57,66,2000,Civil Engineering,STEM
S201802274,2018,0,F,0,White,GA,INST_05,Urban University E (Research),research,4.0,3,2000,Kinesiology,Health
S201802275,2018,0,F,1,Hispanic,GA,INST_05,Urban University E (Research),research,3.18,54,2000,Kinesiology,Health
S201802276,2018,1,F,0,White,OH,INST_01,State University A (Research),research,2.79,67,2000,Anthropology,Social Sciences
S201802277,2018,0,M,1,White,NJ,INST_05,Urban University E (Research),research,3.86,63,2000,Economics,Social Sciences
S201802278,2018,0,F,1,White,CA,INST_01,State University A (Research),research,4.0,42,2000,Pre-Med,Health
S201802279,2018,0,M,0,Multi,NJ,INST_02,State University B (Research),research,3.81,59,2000,Computer Science,STEM
S201802280,2018,1,M,1,White,OH,INST_03,Regional College C (Teaching),teaching,2.79,16,2000,Finance,Business
S201802281,2018,0,F,0,White,MI,INST_01,State University A (Research),research,3.64,79,2000,Communications,Other
S201802282,2018,1,F,1,Asian,VA,INST_04,Regional College D (Teaching),teaching,4.0,47,2000,Biology,STEM
S201802283,2018,0,F,0,White,CA,INST_01,State University A (Research),research,2.48,54,2000,Communications,Other
S201802284,2018,0,M,0,White,NY,INST_04,Regional College D (Teaching),teaching,3.38,3,2000,Civil Engineering,STEM
S201802285,2018,0,M,1,Asian,NJ,INST_04,Regional College D (Teaching),teaching,1.5,36,2000,Electrical Engineering,STEM
S201802286,2018,0,F,1,Hispanic,PA,INST_01,State University A (Research),research,3.17,44,2000,Civil Engineering,STEM
S201802287,2018,1,F,0,White,GA,INST_04,Regional College D (Teaching),teaching,4.0,32,2000,Psychology,Social Sciences
S201802288,2018,0,M,0,Hispanic,GA,INST_03,Regional College C (Teaching),teaching,3.14,93,2000,Economics-Bus,Business
S201802289,2018,0,F,0,White,FL,INST_02,State University B (Research),research,3.69,73,2000,Psychology,Social Sciences
S201802290,2018,1,M,0,Hispanic,PA,INST_03,Regional College C (Teaching),teaching,3.27,66,2000,Public Health,Health
S201802291,2018,0,F,1,Asian,CA,INST_03,Regional College C (Teaching),teaching,3.18,68,2000,Mathematics,STEM
S201802292,2018,1,M,1,Black,NY,INST_03,Regional College C (Teaching),teaching,3.37,41,2000,Civil Engineering,STEM
S201802293,2018,0,F,1,White,PA,INST_03,Regional College C (Teaching),teaching,2.58,35,2000,Nursing,Health
S201802294,2018,0,F,0,White,FL,INST_04,Regional College D (Teaching),teaching,2.84,43,2000,Communications,Other
S201802295,2018,0,M,1,Black,VA,INST_02,State University B (Research),research,3.2,35,2000,Statistics,STEM
S201802296,2018,1,F,0,Hispanic,PA,INST_02,State University B (Research),research,3.99,80,2000,Finance,Business
S201802297,2018,0,F,0,Asian,IL,INST_03,Regional College C (Teaching),teaching,3.04,60,2000,Finance,Business
S201802298,2018,0,F,1,Hispanic,MI,INST_04,Regional College D (Teaching),teaching,3.28,48,2000,Kinesiology,Health
S201802299,2018,0,F,0,White,MI,INST_05,Urban University E (Research),research,3.17,52,2000,Pre-Med,Health
S201802300,2018,1,F,0,Black,NC,INST_03,Regional College C (Teaching),teaching,3.36,66,2000,Physics,STEM
S201802301,2018,0,F,0,White,MI,INST_04,Regional College D (Teaching),teaching,4.0,80,2000,Sociology,Social Sciences
S201802302,2018,0,F,1,Hispanic,PA,INST_04,Regional College D (Teaching),teaching,3.63,16,1999,Biomedical Engineering,STEM
S201802303,2018,1,M,1,Multi,IL,INST_01,State University A (Research),research,2.51,66,2000,Accounting,Business
S201802304,2018,1,F,0,Black,NY,INST_04,Regional College D (Teaching),teaching,3.04,25,2000,Physics,STEM
S201802305,2018,0,M,0,White,PA,INST_01,State University A (Research),research,3.28,40,2000,Psychology,Social Sciences
S201802306,2018,0,M,1,White,MI,INST_03,Regional College C (Teaching),teaching,3.79,72,2000,Nursing,Health
S201802307,2018,1,M,1,White,FL,INST_03,Regional College C (Teaching),teaching,4.0,46,2000,Spanish,Humanities
S201802308,2018,0,M,0,Hispanic,PA,INST_01,State University A (Research),research,2.86,83,2000,Biology,STEM
S201802309,2018,0,F,1,Asian,CA,INST_02,State University B (Research),research,3.69,88,2000,Communications,Other
S201802310,2018,0,F,1,Asian,NJ,INST_03,Regional College C (Teaching),teaching,2.55,82,2000,Management,Business
S201802311,2018,1,F,0,White,GA,INST_04,Regional College D (Teaching),teaching,3.41,71,2000,Civil Engineering,STEM
S201802312,2018,0,M,1,White,NJ,INST_02,State University B (Research),research,2.67,40,2000,Spanish,Humanities
S201802313,2018,1,F,1,White,NJ,INST_04,Regional College D (Teaching),teaching,3.25,39,2000,Sociology,Social Sciences
S201802314,2018,0,M,0,Hispanic,NJ,INST_04,Regional College D (Teaching),teaching,3.16,69,2000,Political Science,Social Sciences
S201802315,2018,0,F,0,White,NJ,INST_03,Regional College C (Teaching),teaching,3.66,75,2000,Mechanical Engineering,STEM
S201802316,2018,0,M,0,Asian,TX,INST_04,Regional College D (Teaching),teaching,2.25,60,2000,Kinesiology,Health
S201802317,2018,0,F,0,Hispanic,NC,INST_01,State University A (Research),research,2.82,78,2000,Biomedical Engineering,STEM
S201802318,2018,0,M,0,White,NY,INST_03,Regional College C (Teaching),teaching,3.81,65,2000,General Studies,Other
S201802319,2018,1,F,0,Hispanic,VA,INST_01,State University A (Research),research,2.56,73,2000,Anthropology,Social Sciences
S201802320,2018,0,M,0,White,OH,INST_05,Urban University E (Research),research,2.55,62,2000,Communications,Other
S201802321,2018,0,F,0,Asian,PA,INST_03,Regional College C (Teaching),teaching,3.06,60,2000,Art History,Humanities
S201802322,2018,0,M,0,White,NY,INST_05,Urban University E (Research),research,2.3,57,2000,Civil Engineering,STEM
S201802323,2018,0,F,0,White,IL,INST_01,State University A (Research),research,3.08,79,2000,Electrical Engineering,STEM
S201802324,2018,0,F,0,Asian,TX,INST_02,State University B (Research),research,2.64,69,2000,Mathematics,STEM
S201802325,2018,1,F,0,Black,FL,INST_04,Regional College D (Teaching),teaching,2.07,66,2000,Electrical Engineering,STEM
S201802326,2018,0,F,0,White,NC,INST_04,Regional College D (Teaching),teaching,3.91,58,2000,Nursing,Health
S201802327,2018,0,F,1,Hispanic,IL,INST_03,Regional College C (Teaching),teaching,2.86,66,2000,Psychology,Social Sciences
S201802328,2018,0,M,0,Hispanic,IL,INST_03,Regional College C (Teaching),teaching,2.87,58,2000,Sociology,Social Sciences
S201802329,2018,0,F,1,NHPI,MI,INST_04,Regional College D (Teaching),teaching,3.85,49,2000,General Studies,Other
S201802330,2018,0,F,0,Asian,NY,INST_02,State University B (Research),research,3.29,58,2000,Accounting,Business
S201802331,2018,0,F,0,White,IL,INST_01,State University A (Research),research,3.09,73,2000,Undeclared,Other
S201802332,2018,0,F,1,Hispanic,CA,INST_03,Regional College C (Teaching),teaching,3.26,70,2000,Biomedical Engineering,STEM
S201802333,2018,0,F,0,Asian,PA,INST_03,Regional College C (Teaching),teaching,3.67,38,2000,Public Health,Health
S201802334,2018,1,M,0,Asian,FL,INST_04,Regional College D (Teaching),teaching,3.18,80,2000,Statistics,STEM
S201802335,2018,1,F,0,White,OH,INST_04,Regional College D (Teaching),teaching,3.12,50,2000,Psychology,Social Sciences
S201802336,2018,0,M,0,White,NY,INST_04,Regional College D (Teaching),teaching,3.28,45,2000,Statistics,STEM
S201802337,2018,0,M,0,Hispanic,NJ,INST_03,Regional College C (Teaching),teaching,3.29,45,2000,Anthropology,Social Sciences
S201802338,2018,0,F,0,White,PA,INST_01,State University A (Research),research,3.91,45,2000,Civil Engineering,STEM
S201802339,2018,0,M,0,White,GA,INST_02,State University B (Research),research,2.71,73,2000,General Studies,Other
S201802340,2018,1,M,1,Asian,NC,INST_05,Urban University E (Research),research,3.1,61,2000,Economics,Social Sciences
S201802341,2018,1,M,0,Asian,OH,INST_02,State University B (Research),research,3.42,88,2000,Biomedical Engineering,STEM
S201802342,2018,0,M,0,White,PA,INST_05,Urban University E (Research),research,3.66,57,2000,Undeclared,Other
S201802343,2018,0,F,0,White,CA,INST_05,Urban University E (Research),research,3.64,49,2000,Communications,Other
S201802344,2018,0,M,0,White,FL,INST_02,State University B (Research),research,3.21,65,2000,Education,Other
S201802345,2018,1,M,1,White,PA,INST_04,Regional College D (Teaching),teaching,2.61,44,2000,Biomedical Engineering,STEM
S201802346,2018,1,M,1,White,CA,INST_04,Regional College D (Teaching),teaching,3.79,36,2000,Statistics,STEM
S201802347,2018,0,F,0,Hispanic,FL,INST_01,State University A (Research),research,2.79,49,2000,Finance,Business
S201802348,2018,0,F,0,Hispanic,VA,INST_03,Regional College C (Teaching),teaching,3.56,99,2000,History,Humanities
S201802349,2018,1,M,1,Hispanic,OH,INST_02,State University B (Research),research,3.22,36,2000,Education,Other
S201802350,2018,0,F,0,White,NC,INST_05,Urban University E (Research),research,4.0,39,2000,Education,Other
S201802351,2018,0,M,0,Hispanic,NC,INST_03,Regional College C (Teaching),teaching,3.52,73,2000,Public Health,Health
S201802352,2018,0,M,0,White,VA,INST_01,State University A (Research),research,2.86,67,2000,Biomedical Engineering,STEM
S201802353,2018,0,F,0,White,NC,INST_02,State University B (Research),research,2.63,61,2000,Accounting,Business
S201802354,2018,1,M,0,White,GA,INST_01,State University A (Research),research,3.27,45,2000,Public Health,Health
S201802355,2018,0,F,0,White,IL,INST_01,State University A (Research),research,3.51,51,2000,Marketing,Business
S201802356,2018,0,F,0,Hispanic,NY,INST_01,State University A (Research),research,2.87,63,2000,Physics,STEM
S201802357,2018,1,F,1,White,OH,INST_03,Regional College C (Teaching),teaching,2.63,84,2000,Undeclared,Other
S201802358,2018,0,M,1,White,GA,INST_04,Regional College D (Teaching),teaching,3.6,68,2000,Kinesiology,Health
S201802359,2018,0,F,0,Black,PA,INST_03,Regional College C (Teaching),teaching,3.35,69,2000,Undeclared,Other
S201802360,2018,0,F,0,White,GA,INST_04,Regional College D (Teaching),teaching,3.44,28,2000,Finance,Business
S201802361,2018,0,F,0,White,OH,INST_04,Regional College D (Teaching),teaching,3.22,60,2000,Psychology,Social Sciences
S201802362,2018,0,F,0,Hispanic,PA,INST_03,Regional College C (Teaching),teaching,3.76,16,2000,Kinesiology,Health
S201802363,2018,0,F,0,Multi,VA,INST_02,State University B (Research),research,2.52,38,2000,Kinesiology,Health
S201802364,2018,0,F,0,Hispanic,PA,INST_03,Regional College C (Teaching),teaching,3.32,26,2000,Anthropology,Social Sciences
S201802365,2018,0,M,0,Asian,PA,INST_01,State University A (Research),research,3.48,61,2000,Computer Science,STEM
S201802366,2018,1,M,0,Black,IL,INST_02,State University B (Research),research,3.51,38,2000,Management,Business
S201802367,2018,0,M,0,White,GA,INST_03,Regional College C (Teaching),teaching,3.29,71,2000,Economics,Social Sciences
S201802368,2018,0,M,1,Asian,FL,INST_01,State University A (Research),research,3.58,18,2000,English,Humanities
S201802369,2018,1,F,0,White,TX,INST_02,State University B (Research),research,3.83,66,2000,Chemistry,STEM
S201802370,2018,1,F,0,Asian,TX,INST_05,Urban University E (Research),research,2.86,96,2000,Mechanical Engineering,STEM
S201802371,2018,0,F,0,White,FL,INST_05,Urban University E (Research),research,3.21,55,2000,Education,Other
S201802372,2018,0,M,0,White,PA,INST_03,Regional College C (Teaching),teaching,3.62,68,2000,Economics-Bus,Business
S201802373,2018,1,M,0,Hispanic,FL,INST_05,Urban University E (Research),research,1.98,37,2000,Philosophy,Humanities
S201802374,2018,1,F,0,Black,MI,INST_03,Regional College C (Teaching),teaching,3.55,47,2000,Economics-Bus,Business
S201802375,2018,1,M,0,Multi,FL,INST_03,Regional College C (Teaching),teaching,2.96,69,2000,Chemistry,STEM
S201802376,2018,0,M,0,White,FL,INST_04,Regional College D (Teaching),teaching,2.89,46,2000,Sociology,Social Sciences
S201802377,2018,1,F,0,White,PA,INST_03,Regional College C (Teaching),teaching,4.0,32,2000,Mechanical Engineering,STEM
S201802378,2018,1,M,1,Black,FL,INST_05,Urban University E (Research),research,2.75,55,2000,Electrical Engineering,STEM
S201802379,2018,1,M,0,White,VA,INST_01,State University A (Research),research,3.43,76,2000,Accounting,Business
S201802380,2018,0,F,0,Black,NJ,INST_05,Urban University E (Research),research,3.11,6,2000,Finance,Business
S201802381,2018,1,F,0,White,CA,INST_02,State University B (Research),research,3.36,99,2000,Economics-Bus,Business
S201802382,2018,1,F,0,Asian,OH,INST_04,Regional College D (Teaching),teaching,3.15,15,2000,General Studies,Other
S201802383,2018,0,M,1,White,NY,INST_01,State University A (Research),research,3.93,69,2000,Nursing,Health
S201802384,2018,0,M,0,White,OH,INST_01,State University A (Research),research,4.0,35,2000,Marketing,Business
S201802385,2018,0,M,0,Hispanic,PA,INST_01,State University A (Research),research,2.58,24,2000,Physics,STEM
S201802386,2018,0,M,0,White,VA,INST_03,Regional College C (Teaching),teaching,3.03,55,2000,Undeclared,Other
S201802387,2018,0,F,0,Hispanic,MI,INST_01,State University A (Research),research,3.59,69,2000,Economics-Bus,Business
S201802388,2018,1,F,1,Black,MI,INST_04,Regional College D (Teaching),teaching,3.2,30,2000,Electrical Engineering,STEM
S201802389,2018,0,M,0,Hispanic,MI,INST_02,State University B (Research),research,3.02,81,2000,Mathematics,STEM
S201802390,2018,0,F,0,Hispanic,CA,INST_02,State University B (Research),research,3.34,45,2000,Public Health,Health
S201802391,2018,0,M,0,Black,FL,INST_03,Regional College C (Teaching),teaching,3.67,78,2000,Statistics,STEM
S201802392,2018,0,M,1,White,NJ,INST_02,State University B (Research),research,3.08,54,2000,Physics,STEM
S201802393,2018,0,F,0,White,VA,INST_02,State University B (Research),research,3.63,22,2000,Statistics,STEM
S201802394,2018,0,M,0,White,NY,INST_04,Regional College D (Teaching),teaching,2.56,65,2000,Pre-Med,Health
S201802395,2018,0,F,0,White,IL,INST_05,Urban University E (Research),research,4.0,28,2000,Accounting,Business
S201802396,2018,0,F,1,White,IL,INST_02,State University B (Research),research,3.24,52,2000,Art History,Humanities
S201802397,2018,1,M,0,Hispanic,IL,INST_03,Regional College C (Teaching),teaching,3.86,75,2000,Economics-Bus,Business
S201802398,2018,0,F,0,Hispanic,CA,INST_05,Urban University E (Research),research,2.55,59,2000,Psychology,Social Sciences
S201802399,2018,1,M,0,Black,GA,INST_04,Regional College D (Teaching),teaching,3.54,94,2000,Biomedical Engineering,STEM
S201802400,2018,0,M,0,Black,NJ,INST_03,Regional College C (Teaching),teaching,2.44,58,2000,Marketing,Business
S201802401,2018,0,F,0,White,OH,INST_04,Regional College D (Teaching),teaching,3.22,94,2000,Economics-Bus,Business
S201802402,2018,0,M,1,White,GA,INST_04,Regional College D (Teaching),teaching,3.62,10,2000,Economics-Bus,Business
S201802403,2018,0,F,0,White,OH,INST_02,State University B (Research),research,3.59,84,2000,Education,Other
S201802404,2018,1,NB,1,White,PA,INST_02,State University B (Research),research,2.77,33,2000,Electrical Engineering,STEM
S201802405,2018,0,M,1,White,MI,INST_04,Regional College D (Teaching),teaching,3.86,60,2000,Biology,STEM
S201802406,2018,0,F,0,White,GA,INST_03,Regional College C (Teaching),teaching,3.1,91,2000,Pre-Med,Health
S201802407,2018,0,F,0,Asian,MI,INST_04,Regional College D (Teaching),teaching,2.71,74,2000,Anthropology,Social Sciences
S201802408,2018,0,F,0,Unknown,TX,INST_01,State University A (Research),research,3.16,65,2000,Biology,STEM
S201802409,2018,0,F,0,White,TX,INST_04,Regional College D (Teaching),teaching,2.31,54,2000,Electrical Engineering,STEM
S201802410,2018,0,M,0,White,VA,INST_03,Regional College C (Teaching),teaching,3.73,75,2000,Kinesiology,Health
S201802411,2018,0,F,0,White,NJ,INST_05,Urban University E (Research),research,2.98,58,1999,Public Health,Health
S201802412,2018,0,F,0,Hispanic,FL,INST_05,Urban University E (Research),research,2.83,42,2000,Political Science,Social Sciences
S201802413,2018,0,M,1,Hispanic,CA,INST_05,Urban University E (Research),research,2.92,36,2000,Mechanical Engineering,STEM
S201802414,2018,0,F,1,White,FL,INST_01,State University A (Research),research,2.91,61,2000,Biology,STEM
S201802415,2018,0,F,0,White,TX,INST_01,State University A (Research),research,3.06,54,2000,Civil Engineering,STEM
S201802416,2018,0,F,1,Hispanic,MI,INST_03,Regional College C (Teaching),teaching,3.12,68,2000,Economics,Social Sciences
S201802417,2018,0,F,0,Multi,CA,INST_02,State University B (Research),research,2.51,68,2000,General Studies,Other
S201802418,2018,0,F,0,White,NJ,INST_03,Regional College C (Teaching),teaching,3.17,26,2000,Finance,Business
S201802419,2018,0,M,0,White,MI,INST_03,Regional College C (Teaching),teaching,2.15,98,2000,Nursing,Health
S201802420,2018,1,F,0,Multi,FL,INST_05,Urban University E (Research),research,3.26,51,2000,Mathematics,STEM
S201802421,2018,1,F,0,Multi,MI,INST_01,State University A (Research),research,3.01,3,2000,Management,Business
S201802422,2018,1,M,1,White,GA,INST_02,State University B (Research),research,2.83,28,2000,Finance,Business
S201802423,2018,0,M,0,White,GA,INST_05,Urban University E (Research),research,2.79,33,2000,Marketing,Business
S201802424,2018,0,F,0,Black,TX,INST_05,Urban University E (Research),research,3.62,43,2000,Pre-Med,Health
S201802425,2018,0,F,1,Multi,NJ,INST_03,Regional College C (Teaching),teaching,3.08,67,2000,Undeclared,Other
S201802426,2018,1,M,0,Hispanic,OH,INST_04,Regional College D (Teaching),teaching,2.83,55,2000,Economics,Social Sciences
S201802427,2018,0,F,0,Asian,FL,INST_05,Urban University E (Research),research,2.77,58,2000,Nursing,Health
S201802428,2018,1,M,0,Asian,FL,INST_04,Regional College D (Teaching),teaching,3.59,79,2000,Nursing,Health
S201802429,2018,0,M,0,Hispanic,PA,INST_01,State University A (Research),research,2.75,66,2000,Psychology,Social Sciences
S201802430,2018,0,M,0,White,TX,INST_05,Urban University E (Research),research,2.31,78,2000,General Studies,Other
S201802431,2018,0,F,1,Hispanic,VA,INST_02,State University B (Research),research,3.28,32,2000,Biomedical Engineering,STEM
S201802432,2018,0,M,0,Hispanic,PA,INST_01,State University A (Research),research,3.15,69,2000,Public Health,Health
S201802433,2018,1,F,0,Black,FL,INST_03,Regional College C (Teaching),teaching,2.52,46,2000,Mathematics,STEM
S201802434,2018,1,M,1,Black,PA,INST_04,Regional College D (Teaching),teaching,2.94,36,2000,Kinesiology,Health
S201802435,2018,1,M,0,White,CA,INST_02,State University B (Research),research,3.57,46,2000,Pre-Med,Health
S201802436,2018,0,F,0,White,NY,INST_04,Regional College D (Teaching),teaching,3.87,67,2000,Accounting,Business
S201802437,2018,0,F,1,Hispanic,MI,INST_02,State University B (Research),research,2.87,48,2000,Statistics,STEM
S201802438,2018,0,M,0,White,GA,INST_04,Regional College D (Teaching),teaching,2.56,53,2000,Management,Business
S201802439,2018,1,F,1,Hispanic,NY,INST_05,Urban University E (Research),research,3.48,24,2000,Nursing,Health
S201802440,2018,0,M,1,Hispanic,FL,INST_04,Regional College D (Teaching),teaching,3.28,45,2000,Economics-Bus,Business
S201802441,2018,0,F,0,Black,GA,INST_05,Urban University E (Research),research,3.35,33,2000,Biology,STEM
S201802442,2018,1,M,1,White,FL,INST_04,Regional College D (Teaching),teaching,3.04,57,2000,Marketing,Business
S201802443,2018,0,F,0,Black,MI,INST_02,State University B (Research),research,3.31,53,2000,Biomedical Engineering,STEM
S201802444,2018,0,M,0,Black,VA,INST_02,State University B (Research),research,3.07,3,2000,Finance,Business
S201802445,2018,1,F,0,White,IL,INST_03,Regional College C (Teaching),teaching,2.44,57,2000,Public Health,Health
S201802446,2018,1,M,0,White,GA,INST_01,State University A (Research),research,2.19,47,2000,Kinesiology,Health
S201802447,2018,0,M,0,White,NJ,INST_04,Regional College D (Teaching),teaching,3.73,78,2000,Political Science,Social Sciences
S201802448,2018,1,M,0,Asian,TX,INST_01,State University A (Research),research,3.76,61,2000,Anthropology,Social Sciences
S201802449,2018,0,F,1,White,FL,INST_02,State University B (Research),research,2.12,54,2000,Art History,Humanities
S201802450,2018,0,M,0,Black,NC,INST_03,Regional College C (Teaching),teaching,3.74,44,2000,Marketing,Business
S201802451,2018,0,F,0,Multi,NY,INST_02,State University B (Research),research,2.98,63,2000,Electrical Engineering,STEM
S201802452,2018,0,M,0,Black,VA,INST_02,State University B (Research),research,3.26,80,2000,General Studies,Other
S201802453,2018,1,M,0,White,VA,INST_03,Regional College C (Teaching),teaching,3.22,27,2000,Finance,Business
S201802454,2018,1,M,0,White,NY,INST_05,Urban University E (Research),research,2.74,64,2000,Undeclared,Other
S201802455,2018,0,F,0,White,NJ,INST_05,Urban University E (Research),research,3.33,53,2000,Mechanical Engineering,STEM
S201802456,2018,0,M,0,Hispanic,VA,INST_01,State University A (Research),research,4.0,55,2000,Kinesiology,Health
S201802457,2018,0,F,0,Hispanic,CA,INST_02,State University B (Research),research,3.56,51,1999,Economics-Bus,Business
S201802458,2018,1,F,0,White,FL,INST_04,Regional College D (Teaching),teaching,3.57,70,2000,Accounting,Business
S201802459,2018,0,M,0,White,CA,INST_01,State University A (Research),research,3.58,72,2000,Economics-Bus,Business
S201802460,2018,0,F,1,White,TX,INST_05,Urban University E (Research),research,2.99,79,2000,Biology,STEM
S201802461,2018,0,M,0,White,NC,INST_02,State University B (Research),research,3.09,48,2000,Management,Business
S201802462,2018,0,M,1,Multi,FL,INST_03,Regional College C (Teaching),teaching,3.26,46,2000,Biology,STEM
S201802463,2018,0,M,0,White,FL,INST_01,State University A (Research),research,3.4,50,2000,Mathematics,STEM
S201802464,2018,0,M,0,White,TX,INST_03,Regional College C (Teaching),teaching,2.92,42,2000,Political Science,Social Sciences
S201802465,2018,0,M,1,White,CA,INST_03,Regional College C (Teaching),teaching,3.11,44,2000,Education,Other
S201802466,2018,1,F,0,Black,FL,INST_02,State University B (Research),research,3.12,44,2000,Biology,STEM
S201802467,2018,1,F,0,White,FL,INST_05,Urban University E (Research),research,3.54,46,2000,Civil Engineering,STEM
S201802468,2018,1,M,1,White,NY,INST_04,Regional College D (Teaching),teaching,3.0,58,2000,Nursing,Health
S201802469,2018,0,M,1,NHPI,NJ,INST_04,Regional College D (Teaching),teaching,4.0,81,2000,Sociology,Social Sciences
S201802470,2018,1,F,0,White,CA,INST_02,State University B (Research),research,3.22,55,2000,Nursing,Health
S201802471,2018,1,M,1,White,CA,INST_04,Regional College D (Teaching),teaching,3.64,37,2000,Finance,Business
S201802472,2018,0,F,1,Multi,NC,INST_01,State University A (Research),research,3.9,75,2000,Marketing,Business
S201802473,2018,0,F,0,Multi,TX,INST_05,Urban University E (Research),research,3.63,69,2000,Civil Engineering,STEM
S201802474,2018,1,F,1,Black,PA,INST_02,State University B (Research),research,4.0,59,2000,Marketing,Business
S201802475,2018,1,M,1,White,PA,INST_02,State University B (Research),research,3.24,88,2000,Pre-Med,Health
S201802476,2018,0,M,0,White,NY,INST_03,Regional College C (Teaching),teaching,3.4,31,2000,Economics,Social Sciences
S201802477,2018,0,M,1,Multi,IL,INST_02,State University B (Research),research,2.49,38,2000,Electrical Engineering,STEM
S201802478,2018,1,M,0,White,NY,INST_04,Regional College D (Teaching),teaching,3.49,70,2000,Biomedical Engineering,STEM
S201802479,2018,0,F,0,White,VA,INST_03,Regional College C (Teaching),teaching,3.33,66,2000,Kinesiology,Health
S201802480,2018,0,F,0,White,NJ,INST_02,State University B (Research),research,3.56,59,2000,Biology,STEM
S201802481,2018,1,F,1,White,NY,INST_02,State University B (Research),research,3.25,49,2000,Education,Other
S201802482,2018,0,F,1,White,MI,INST_02,State University B (Research),research,3.36,46,2000,Civil Engineering,STEM
S201802483,2018,0,F,1,Asian,NJ,INST_01,State University A (Research),research,3.53,48,2000,Accounting,Business
S201802484,2018,0,F,0,White,PA,INST_03,Regional College C (Teaching),teaching,3.39,64,2000,Anthropology,Social Sciences
S201802485,2018,1,M,1,Asian,PA,INST_03,Regional College C (Teaching),teaching,3.22,81,2000,Chemistry,STEM
S201802486,2018,0,M,1,Hispanic,IL,INST_03,Regional College C (Teaching),teaching,3.63,33,2000,General Studies,Other
S201802487,2018,0,M,0,White,GA,INST_04,Regional College D (Teaching),teaching,2.8,59,2000,Computer Science,STEM
S201802488,2018,1,F,0,White,MI,INST_03,Regional College C (Teaching),teaching,2.85,49,2000,Philosophy,Humanities
S201802489,2018,0,F,0,Hispanic,NJ,INST_02,State University B (Research),research,2.86,56,2000,Biomedical Engineering,STEM
S201802490,2018,0,F,0,Multi,NJ,INST_01,State University A (Research),research,2.98,72,2000,Mechanical Engineering,STEM
S201802491,2018,0,M,0,Black,NY,INST_05,Urban University E (Research),research,2.76,92,2000,Management,Business
S201802492,2018,0,M,0,Black,MI,INST_01,State University A (Research),research,3.87,12,2000,Accounting,Business
S201802493,2018,0,M,1,Hispanic,CA,INST_04,Regional College D (Teaching),teaching,3.44,37,2000,Mathematics,STEM
S201802494,2018,1,F,1,Black,NJ,INST_05,Urban University E (Research),research,3.37,43,2000,Mathematics,STEM
S201802495,2018,0,M,1,White,PA,INST_01,State University A (Research),research,3.39,37,2000,Pre-Med,Health
S201802496,2018,1,F,1,Hispanic,NY,INST_03,Regional College C (Teaching),teaching,2.84,33,2000,Management,Business
S201802497,2018,0,M,1,Hispanic,VA,INST_01,State University A (Research),research,3.13,99,2000,Accounting,Business
S201802498,2018,1,M,0,Black,NC,INST_01,State University A (Research),research,2.91,77,2000,Anthropology,Social Sciences
S201802499,2018,0,F,1,Black,CA,INST_05,Urban University E (Research),research,3.28,60,2000,English,Humanities
S201802500,2018,0,M,0,Black,FL,INST_03,Regional College C (Teaching),teaching,4.0,84,1999,Biology,STEM
S201802501,2018,0,M,1,White,VA,INST_05,Urban University E (Research),research,2.94,28,2000,Education,Other
S201802502,2018,1,F,1,Hispanic,IL,INST_05,Urban University E (Research),research,2.32,41,2000,Finance,Business
S201802503,2018,1,F,0,White,FL,INST_03,Regional College C (Teaching),teaching,3.29,9,2000,Economics,Social Sciences
S201802504,2018,0,F,0,White,PA,INST_01,State University A (Research),research,3.01,50,2000,General Studies,Other
S201802505,2018,0,F,0,NHPI,IL,INST_01,State University A (Research),research,3.69,72,2000,Civil Engineering,STEM
S201802506,2018,1,F,1,Multi,NY,INST_04,Regional College D (Teaching),teaching,2.7,74,1999,Kinesiology,Health
S201802507,2018,1,F,0,White,NJ,INST_04,Regional College D (Teaching),teaching,4.0,46,2000,Spanish,Humanities
S201802508,2018,0,M,0,Hispanic,PA,INST_01,State University A (Research),research,3.52,46,2000,Computer Science,STEM
S201802509,2018,0,M,1,White,CA,INST_04,Regional College D (Teaching),teaching,3.33,54,2000,Statistics,STEM
S201802510,2018,0,F,1,Hispanic,NY,INST_05,Urban University E (Research),research,3.18,45,2000,Undeclared,Other
S201802511,2018,0,M,1,White,GA,INST_01,State University A (Research),research,3.32,54,2000,Sociology,Social Sciences
S201802512,2018,0,M,0,Asian,CA,INST_04,Regional College D (Teaching),teaching,3.82,12,2000,Spanish,Humanities
S201802513,2018,1,M,0,White,TX,INST_05,Urban University E (Research),research,2.85,35,2000,Biomedical Engineering,STEM
S201802514,2018,1,F,0,Hispanic,GA,INST_01,State University A (Research),research,2.9,24,2000,Accounting,Business
S201802515,2018,1,M,0,White,NJ,INST_04,Regional College D (Teaching),teaching,2.81,49,2000,Nursing,Health
S201802516,2018,0,F,0,Hispanic,VA,INST_03,Regional College C (Teaching),teaching,4.0,66,2000,Mechanical Engineering,STEM
S201802517,2018,0,F,0,Black,OH,INST_05,Urban University E (Research),research,3.32,42,2000,Marketing,Business
S201802518,2018,0,F,0,White,GA,INST_05,Urban University E (Research),research,3.72,59,2000,Finance,Business
S201802519,2018,0,M,0,White,CA,INST_05,Urban University E (Research),research,3.03,54,2000,English,Humanities
S201802520,2018,0,F,1,Multi,GA,INST_01,State University A (Research),research,3.45,71,2000,Communications,Other
S201802521,2018,0,F,0,White,VA,INST_01,State University A (Research),research,3.97,56,2000,Communications,Other
S201802522,2018,0,F,0,White,PA,INST_04,Regional College D (Teaching),teaching,2.96,29,2000,Economics-Bus,Business
S201802523,2018,1,F,1,Hispanic,GA,INST_04,Regional College D (Teaching),teaching,4.0,40,2000,Statistics,STEM
S201802524,2018,0,F,0,White,IL,INST_03,Regional College C (Teaching),teaching,3.46,76,2000,Chemistry,STEM
S201802525,2018,0,F,0,Hispanic,TX,INST_03,Regional College C (Teaching),teaching,3.04,40,2000,Mechanical Engineering,STEM
S201802526,2018,0,F,1,White,VA,INST_02,State University B (Research),research,2.55,29,2000,Management,Business
S201802527,2018,1,M,0,Black,TX,INST_05,Urban University E (Research),research,2.99,41,2000,Electrical Engineering,STEM
S201802528,2018,1,F,0,White,TX,INST_05,Urban University E (Research),research,3.77,50,2000,Electrical Engineering,STEM
S201802529,2018,1,F,1,White,FL,INST_05,Urban University E (Research),research,2.86,43,2000,Education,Other
S201802530,2018,1,M,0,White,CA,INST_04,Regional College D (Teaching),teaching,3.21,65,2000,Economics,Social Sciences
S201802531,2018,0,F,1,White,GA,INST_03,Regional College C (Teaching),teaching,2.96,39,2000,Chemistry,STEM
S201802532,2018,1,M,0,White,FL,INST_04,Regional College D (Teaching),teaching,3.47,39,2000,Statistics,STEM
S201802533,2018,0,M,1,Hispanic,VA,INST_03,Regional College C (Teaching),teaching,3.17,66,2000,Public Health,Health
S201802534,2018,1,F,0,White,TX,INST_04,Regional College D (Teaching),teaching,3.27,47,2000,Sociology,Social Sciences
S201802535,2018,1,M,0,Black,FL,INST_02,State University B (Research),research,4.0,68,2000,Sociology,Social Sciences
S201802536,2018,0,F,0,White,OH,INST_01,State University A (Research),research,2.91,34,2000,Sociology,Social Sciences
S201802537,2018,1,F,0,White,TX,INST_04,Regional College D (Teaching),teaching,3.63,63,2000,Mechanical Engineering,STEM
S201802538,2018,0,M,0,Black,FL,INST_05,Urban University E (Research),research,2.68,56,2000,Political Science,Social Sciences
S201802539,2018,0,F,1,Black,NC,INST_03,Regional College C (Teaching),teaching,2.59,31,2000,Biomedical Engineering,STEM
S201802540,2018,0,F,0,Hispanic,NY,INST_02,State University B (Research),research,3.64,73,2000,Computer Science,STEM
S201802541,2018,0,F,0,White,OH,INST_02,State University B (Research),research,3.45,66,2000,Public Health,Health
S201802542,2018,1,F,0,Hispanic,NC,INST_02,State University B (Research),research,3.55,64,2000,Kinesiology,Health
S201802543,2018,0,M,1,Asian,NJ,INST_01,State University A (Research),research,3.0,77,2000,Public Health,Health
S201802544,2018,1,F,0,Black,GA,INST_04,Regional College D (Teaching),teaching,2.45,61,2000,Nursing,Health
S201802545,2018,0,F,0,Hispanic,IL,INST_03,Regional College C (Teaching),teaching,3.63,39,2000,Chemistry,STEM
S201802546,2018,0,F,0,Hispanic,OH,INST_04,Regional College D (Teaching),teaching,3.09,8,2000,Anthropology,Social Sciences
S201802547,2018,0,F,1,Hispanic,NC,INST_04,Regional College D (Teaching),teaching,2.84,41,2000,Psychology,Social Sciences
S201802548,2018,1,M,1,White,VA,INST_05,Urban University E (Research),research,3.3,58,2000,Mechanical Engineering,STEM
S201802549,2018,1,F,0,White,VA,INST_04,Regional College D (Teaching),teaching,2.78,31,2000,Spanish,Humanities
S201802550,2018,0,M,0,Hispanic,GA,INST_01,State University A (Research),research,3.94,63,2000,Economics,Social Sciences
S201802551,2018,1,M,0,White,TX,INST_01,State University A (Research),research,2.5,57,2000,Anthropology,Social Sciences
S201802552,2018,0,M,0,Hispanic,TX,INST_05,Urban University E (Research),research,3.34,89,2000,Electrical Engineering,STEM
S201802553,2018,0,M,0,Unknown,NJ,INST_01,State University A (Research),research,2.69,59,2000,Nursing,Health
S201802554,2018,0,M,0,White,MI,INST_03,Regional College C (Teaching),teaching,3.39,99,2000,Anthropology,Social Sciences
S201802555,2018,1,M,1,White,OH,INST_02,State University B (Research),research,2.97,49,2000,Psychology,Social Sciences
S201802556,2018,1,F,0,Hispanic,VA,INST_01,State University A (Research),research,3.17,43,2000,Physics,STEM
S201802557,2018,1,M,0,Hispanic,NC,INST_01,State University A (Research),research,2.63,51,2000,Sociology,Social Sciences
S201802558,2018,0,F,0,Black,IL,INST_04,Regional College D (Teaching),teaching,3.15,44,2000,Economics-Bus,Business
S201802559,2018,0,F,1,Hispanic,NJ,INST_01,State University A (Research),research,3.3,46,2000,Finance,Business
S201802560,2018,1,M,1,White,GA,INST_01,State University A (Research),research,2.96,64,2000,Electrical Engineering,STEM
S201802561,2018,0,F,1,White,NJ,INST_02,State University B (Research),research,3.39,46,2000,Computer Science,STEM
S201802562,2018,0,M,0,White,OH,INST_03,Regional College C (Teaching),teaching,3.22,62,2000,Mechanical Engineering,STEM
S201802563,2018,0,F,0,White,NJ,INST_03,Regional College C (Teaching),teaching,2.14,47,2000,Sociology,Social Sciences
S201802564,2018,0,F,0,Asian,OH,INST_01,State University A (Research),research,3.06,57,2000,Psychology,Social Sciences
S201802565,2018,0,F,0,Asian,MI,INST_03,Regional College C (Teaching),teaching,2.27,65,2000,Political Science,Social Sciences
S201802566,2018,1,M,1,White,OH,INST_01,State University A (Research),research,2.75,39,2000,Anthropology,Social Sciences
S201802567,2018,1,M,1,Asian,OH,INST_01,State University A (Research),research,3.72,39,2000,Mathematics,STEM
S201802568,2018,0,NB,0,White,TX,INST_04,Regional College D (Teaching),teaching,3.8,57,2000,General Studies,Other
S201802569,2018,0,M,0,White,NY,INST_04,Regional College D (Teaching),teaching,3.0,54,2000,Management,Business
S201802570,2018,0,M,0,Hispanic,PA,INST_03,Regional College C (Teaching),teaching,3.04,64,2000,General Studies,Other
S201802571,2018,1,F,1,White,VA,INST_05,Urban University E (Research),research,3.34,83,2000,Accounting,Business
S201802572,2018,0,F,0,Hispanic,FL,INST_02,State University B (Research),research,3.56,48,2000,Biomedical Engineering,STEM
S201802573,2018,0,F,0,Hispanic,NC,INST_04,Regional College D (Teaching),teaching,2.96,73,2000,English,Humanities
S201802574,2018,0,M,0,White,GA,INST_01,State University A (Research),research,3.66,40,2000,Communications,Other
S201802575,2018,0,F,0,Hispanic,NJ,INST_02,State University B (Research),research,3.25,48,2000,Finance,Business
S201802576,2018,0,M,0,White,MI,INST_01,State University A (Research),research,2.45,3,2000,Kinesiology,Health
S201802577,2018,1,F,1,White,MI,INST_01,State University A (Research),research,2.99,47,2000,Electrical Engineering,STEM
S201802578,2018,0,F,0,Multi,NY,INST_05,Urban University E (Research),research,3.0,48,2000,Marketing,Business
S201802579,2018,1,F,0,Asian,GA,INST_04,Regional College D (Teaching),teaching,3.49,28,2000,General Studies,Other
S201802580,2018,1,F,0,White,VA,INST_05,Urban University E (Research),research,3.75,28,2000,Anthropology,Social Sciences
S201802581,2018,1,F,1,Black,FL,INST_04,Regional College D (Teaching),teaching,3.26,43,2000,Physics,STEM
S201802582,2018,1,F,0,White,OH,INST_04,Regional College D (Teaching),teaching,3.09,77,2000,Kinesiology,Health
S201802583,2018,1,F,0,Black,FL,INST_04,Regional College D (Teaching),teaching,2.2,60,2000,Anthropology,Social Sciences
S201802584,2018,1,F,0,Black,CA,INST_02,State University B (Research),research,3.93,69,2000,Finance,Business
S201802585,2018,0,M,0,Asian,OH,INST_04,Regional College D (Teaching),teaching,2.71,60,2000,Mechanical Engineering,STEM
S201802586,2018,0,F,0,White,VA,INST_04,Regional College D (Teaching),teaching,2.96,41,2000,General Studies,Other
S201802587,2018,1,F,0,Multi,TX,INST_05,Urban University E (Research),research,3.02,36,2000,Statistics,STEM
S201802588,2018,0,M,1,White,TX,INST_04,Regional College D (Teaching),teaching,3.37,57,2000,Political Science,Social Sciences
S201802589,2018,1,F,0,Asian,PA,INST_02,State University B (Research),research,3.36,27,2000,Civil Engineering,STEM
S201802590,2018,0,F,0,Hispanic,NJ,INST_04,Regional College D (Teaching),teaching,3.64,77,2000,Political Science,Social Sciences
S201802591,2018,0,F,0,Hispanic,TX,INST_02,State University B (Research),research,3.59,47,2000,Mathematics,STEM
S201802592,2018,0,F,0,Black,OH,INST_04,Regional College D (Teaching),teaching,3.84,73,2000,Psychology,Social Sciences
S201802593,2018,1,M,0,White,MI,INST_02,State University B (Research),research,3.12,84,2000,Undeclared,Other
S201802594,2018,1,F,0,Black,CA,INST_04,Regional College D (Teaching),teaching,2.49,23,2000,Accounting,Business
S201802595,2018,0,F,0,White,NC,INST_03,Regional College C (Teaching),teaching,2.68,64,2000,Electrical Engineering,STEM
S201802596,2018,1,F,0,White,PA,INST_03,Regional College C (Teaching),teaching,3.13,27,2000,Chemistry,STEM
S201802597,2018,1,M,0,White,CA,INST_03,Regional College C (Teaching),teaching,2.58,55,2000,Management,Business
S201802598,2018,1,F,0,Unknown,FL,INST_04,Regional College D (Teaching),teaching,3.42,64,2000,Communications,Other
S201802599,2018,0,F,1,White,FL,INST_01,State University A (Research),research,3.21,60,2000,Pre-Med,Health
S201802600,2018,0,F,0,White,NY,INST_01,State University A (Research),research,3.32,50,2000,Pre-Med,Health
S201802601,2018,0,M,0,White,MI,INST_05,Urban University E (Research),research,2.94,43,2000,Electrical Engineering,STEM
S201802602,2018,0,F,1,White,GA,INST_03,Regional College C (Teaching),teaching,2.73,57,2000,Management,Business
S201802603,2018,0,F,0,Hispanic,OH,INST_02,State University B (Research),research,3.72,53,2000,Sociology,Social Sciences
S201802604,2018,1,M,0,White,PA,INST_05,Urban University E (Research),research,3.99,85,2000,Biomedical Engineering,STEM
S201802605,2018,0,F,0,Hispanic,NC,INST_05,Urban University E (Research),research,2.81,32,2000,Electrical Engineering,STEM
S201802606,2018,1,F,0,Black,NY,INST_04,Regional College D (Teaching),teaching,3.56,86,2000,Political Science,Social Sciences
S201802607,2018,0,M,0,Unknown,NJ,INST_05,Urban University E (Research),research,3.45,57,2000,Finance,Business
S201802608,2018,0,M,1,Asian,FL,INST_04,Regional College D (Teaching),teaching,4.0,61,2000,Mechanical Engineering,STEM
S201802609,2018,0,M,0,White,CA,INST_04,Regional College D (Teaching),teaching,2.48,65,2000,Kinesiology,Health
S201802610,2018,0,M,0,Unknown,IL,INST_05,Urban University E (Research),research,3.78,92,2000,General Studies,Other
S201802611,2018,0,F,0,Multi,TX,INST_03,Regional College C (Teaching),teaching,2.69,92,2000,Public Health,Health
S201802612,2018,0,F,0,Asian,NY,INST_01,State University A (Research),research,2.59,76,2000,History,Humanities
S201802613,2018,0,M,0,White,GA,INST_03,Regional College C (Teaching),teaching,3.07,34,2000,Anthropology,Social Sciences
S201802614,2018,1,M,0,White,GA,INST_01,State University A (Research),research,2.31,58,2000,Education,Other
S201802615,2018,1,M,0,White,NC,INST_04,Regional College D (Teaching),teaching,2.92,21,2000,Electrical Engineering,STEM
S201802616,2018,0,M,0,Hispanic,TX,INST_02,State University B (Research),research,3.41,73,2000,Economics,Social Sciences
S201802617,2018,1,F,0,Black,IL,INST_03,Regional College C (Teaching),teaching,3.15,76,2000,English,Humanities
S201802618,2018,1,F,0,White,CA,INST_03,Regional College C (Teaching),teaching,2.78,27,2000,Marketing,Business
S201802619,2018,0,F,1,White,OH,INST_03,Regional College C (Teaching),teaching,3.32,52,2000,Psychology,Social Sciences
S201802620,2018,0,F,1,Asian,VA,INST_03,Regional College C (Teaching),teaching,3.63,99,2000,Sociology,Social Sciences
S201802621,2018,1,F,0,Asian,NJ,INST_01,State University A (Research),research,2.44,60,2000,Psychology,Social Sciences
S201802622,2018,0,M,0,White,NY,INST_04,Regional College D (Teaching),teaching,3.33,38,2000,Management,Business
S201802623,2018,1,F,1,White,NC,INST_03,Regional College C (Teaching),teaching,2.41,29,2000,Political Science,Social Sciences
S201802624,2018,0,F,0,White,OH,INST_05,Urban University E (Research),research,3.32,16,2000,Kinesiology,Health
S201802625,2018,0,F,1,Black,OH,INST_02,State University B (Research),research,3.14,70,2000,Mechanical Engineering,STEM
S201802626,2018,0,F,0,White,PA,INST_05,Urban University E (Research),research,2.47,69,2000,Management,Business
S201802627,2018,1,M,0,Hispanic,CA,INST_02,State University B (Research),research,3.36,55,2000,Electrical Engineering,STEM
S201802628,2018,0,F,0,Hispanic,PA,INST_02,State University B (Research),research,2.68,68,2000,Electrical Engineering,STEM
S201802629,2018,0,F,0,Black,PA,INST_02,State University B (Research),research,3.37,60,2000,Economics,Social Sciences
S201802630,2018,0,M,1,White,TX,INST_01,State University A (Research),research,3.82,64,2000,Pre-Med,Health
S201802631,2018,0,F,1,Hispanic,NY,INST_03,Regional College C (Teaching),teaching,3.1,49,2000,Mechanical Engineering,STEM
S201802632,2018,0,M,0,Hispanic,FL,INST_01,State University A (Research),research,3.39,99,2000,Electrical Engineering,STEM
S201802633,2018,0,F,0,White,CA,INST_01,State University A (Research),research,2.44,31,2000,Civil Engineering,STEM
S201802634,2018,1,F,1,White,IL,INST_02,State University B (Research),research,3.77,41,2000,Political Science,Social Sciences
S201802635,2018,0,F,1,Asian,FL,INST_01,State University A (Research),research,3.17,32,2000,Civil Engineering,STEM
S201802636,2018,1,M,0,Hispanic,FL,INST_02,State University B (Research),research,3.62,47,2000,Sociology,Social Sciences
S201802637,2018,1,F,1,White,TX,INST_05,Urban University E (Research),research,3.63,38,2000,Computer Science,STEM
S201802638,2018,0,M,1,Hispanic,VA,INST_01,State University A (Research),research,3.16,58,2000,Kinesiology,Health
S201802639,2018,0,F,0,White,IL,INST_01,State University A (Research),research,4.0,14,2000,Communications,Other
S201802640,2018,0,M,0,Black,NJ,INST_05,Urban University E (Research),research,3.66,64,2000,Education,Other
S201802641,2018,0,M,0,White,MI,INST_03,Regional College C (Teaching),teaching,3.18,42,2000,Biology,STEM
S201802642,2018,0,F,1,White,NJ,INST_02,State University B (Research),research,3.86,67,2000,Economics-Bus,Business
S201802643,2018,0,F,0,White,OH,INST_01,State University A (Research),research,2.84,42,2000,Mechanical Engineering,STEM
S201802644,2018,1,F,0,Black,VA,INST_05,Urban University E (Research),research,2.43,48,2000,Psychology,Social Sciences
S201802645,2018,0,F,1,White,FL,INST_01,State University A (Research),research,3.84,27,2000,Psychology,Social Sciences
S201802646,2018,1,M,0,Black,TX,INST_02,State University B (Research),research,2.22,92,2000,Statistics,STEM
S201802647,2018,1,M,0,White,TX,INST_05,Urban University E (Research),research,4.0,28,2000,Finance,Business
S201802648,2018,0,M,0,Multi,FL,INST_03,Regional College C (Teaching),teaching,2.77,63,2000,Mechanical Engineering,STEM
S201802649,2018,0,F,1,Black,NC,INST_05,Urban University E (Research),research,2.78,52,2000,Economics,Social Sciences
S201802650,2018,0,M,1,Asian,NY,INST_04,Regional College D (Teaching),teaching,3.67,41,2000,Marketing,Business
S201802651,2018,1,M,0,Hispanic,OH,INST_01,State University A (Research),research,3.47,67,2000,Marketing,Business
S201802652,2018,0,NB,0,White,FL,INST_01,State University A (Research),research,3.27,69,2000,Economics,Social Sciences
S201802653,2018,1,F,0,White,GA,INST_05,Urban University E (Research),research,3.02,85,2000,Nursing,Health
S201802654,2018,0,M,0,White,GA,INST_05,Urban University E (Research),research,2.63,64,2000,Art History,Humanities
S201802655,2018,1,F,1,Hispanic,NJ,INST_04,Regional College D (Teaching),teaching,3.45,34,2000,Communications,Other
S201802656,2018,0,F,0,White,VA,INST_03,Regional College C (Teaching),teaching,3.6,40,2000,Psychology,Social Sciences
S201802657,2018,0,M,0,White,NJ,INST_05,Urban University E (Research),research,3.13,50,2000,English,Humanities
S201802658,2018,1,M,1,Asian,IL,INST_01,State University A (Research),research,2.77,70,2000,Economics-Bus,Business
S201802659,2018,1,F,0,White,CA,INST_02,State University B (Research),research,3.74,63,2000,Spanish,Humanities
S201802660,2018,0,F,1,White,NC,INST_02,State University B (Research),research,2.97,44,2000,Mechanical Engineering,STEM
S201802661,2018,1,F,0,Black,GA,INST_04,Regional College D (Teaching),teaching,3.07,57,2000,Sociology,Social Sciences
S201802662,2018,1,M,0,Black,TX,INST_03,Regional College C (Teaching),teaching,3.57,57,2000,Pre-Med,Health
S201802663,2018,0,F,0,Hispanic,NC,INST_02,State University B (Research),research,2.48,64,2000,Statistics,STEM
S201802664,2018,1,M,1,White,MI,INST_03,Regional College C (Teaching),teaching,3.72,54,2000,Chemistry,STEM
S201802665,2018,1,M,0,White,IL,INST_01,State University A (Research),research,4.0,57,2000,Economics-Bus,Business
S201802666,2018,1,M,0,Multi,GA,INST_01,State University A (Research),research,2.54,34,2000,Political Science,Social Sciences
S201802667,2018,0,F,0,Hispanic,NJ,INST_04,Regional College D (Teaching),teaching,2.5,43,2000,Public Health,Health
S201802668,2018,1,F,0,Black,FL,INST_01,State University A (Research),research,3.17,37,2000,Computer Science,STEM
S201802669,2018,1,F,1,Hispanic,CA,INST_04,Regional College D (Teaching),teaching,3.12,49,2000,Undeclared,Other
S201802670,2018,0,M,1,Unknown,OH,INST_01,State University A (Research),research,3.68,72,2000,Economics-Bus,Business
S201802671,2018,0,F,0,Black,TX,INST_03,Regional College C (Teaching),teaching,3.08,35,2000,Kinesiology,Health
S201802672,2018,0,F,0,White,FL,INST_03,Regional College C (Teaching),teaching,3.16,65,2000,History,Humanities
S201802673,2018,0,F,0,White,PA,INST_02,State University B (Research),research,3.71,35,2000,Finance,Business
S201802674,2018,0,M,0,White,NY,INST_02,State University B (Research),research,3.72,42,2000,Biology,STEM
S201802675,2018,0,M,0,Asian,FL,INST_03,Regional College C (Teaching),teaching,3.21,63,2000,Philosophy,Humanities
S201802676,2018,1,F,0,White,TX,INST_04,Regional College D (Teaching),teaching,2.89,38,2000,Electrical Engineering,STEM
S201802677,2018,1,NB,0,White,IL,INST_04,Regional College D (Teaching),teaching,3.23,68,2000,Art History,Humanities
S201802678,2018,0,F,0,White,GA,INST_04,Regional College D (Teaching),teaching,2.67,53,2000,Public Health,Health
S201802679,2018,0,M,0,Asian,MI,INST_02,State University B (Research),research,3.37,65,2000,Marketing,Business
S201802680,2018,1,F,0,Asian,NY,INST_04,Regional College D (Teaching),teaching,3.48,58,2000,Computer Science,STEM
S201802681,2018,0,F,0,White,PA,INST_04,Regional College D (Teaching),teaching,3.35,83,2000,Undeclared,Other
S201802682,2018,0,F,0,Multi,GA,INST_04,Regional College D (Teaching),teaching,3.26,31,2000,Philosophy,Humanities
S201802683,2018,0,M,0,Black,TX,INST_01,State University A (Research),research,3.14,52,2000,Biomedical Engineering,STEM
S201802684,2018,0,F,0,Hispanic,FL,INST_04,Regional College D (Teaching),teaching,2.8,73,2000,Undeclared,Other
S201802685,2018,1,F,0,White,IL,INST_01,State University A (Research),research,2.32,36,2000,Economics-Bus,Business
S201802686,2018,0,M,0,Black,TX,INST_05,Urban University E (Research),research,2.82,73,2000,Electrical Engineering,STEM
S201802687,2018,0,F,0,Black,CA,INST_05,Urban University E (Research),research,2.99,3,2000,Management,Business
S201802688,2018,1,M,1,Hispanic,TX,INST_01,State University A (Research),research,3.64,36,2000,Education,Other
S201802689,2018,0,F,0,White,VA,INST_04,Regional College D (Teaching),teaching,2.26,79,1999,Marketing,Business
S201802690,2018,1,M,0,White,FL,INST_02,State University B (Research),research,3.94,54,2000,Psychology,Social Sciences
S201802691,2018,0,M,1,White,VA,INST_03,Regional College C (Teaching),teaching,2.74,69,2000,Communications,Other
S201802692,2018,1,M,0,White,OH,INST_03,Regional College C (Teaching),teaching,3.19,44,2000,Mathematics,STEM
S201802693,2018,0,M,0,White,OH,INST_01,State University A (Research),research,3.12,43,2000,Education,Other
S201802694,2018,0,M,1,White,IL,INST_03,Regional College C (Teaching),teaching,3.5,66,2000,Civil Engineering,STEM
S201802695,2018,0,F,0,Asian,MI,INST_05,Urban University E (Research),research,3.17,68,2000,Political Science,Social Sciences
S201802696,2018,0,M,0,White,NC,INST_01,State University A (Research),research,4.0,51,2000,Pre-Med,Health
S201802697,2018,0,M,1,White,NC,INST_04,Regional College D (Teaching),teaching,2.8,56,2000,Education,Other
S201802698,2018,1,F,1,White,PA,INST_05,Urban University E (Research),research,2.36,72,2000,Civil Engineering,STEM
S201802699,2018,0,M,0,White,NJ,INST_02,State University B (Research),research,3.16,57,2000,Finance,Business
S201802700,2018,0,F,1,White,GA,INST_03,Regional College C (Teaching),teaching,3.57,42,2000,Economics-Bus,Business
S201802701,2018,0,F,0,White,GA,INST_03,Regional College C (Teaching),teaching,2.7,62,2000,Electrical Engineering,STEM
S201802702,2018,1,F,1,Hispanic,TX,INST_05,Urban University E (Research),research,3.25,53,2000,Management,Business
S201802703,2018,1,F,1,White,CA,INST_05,Urban University E (Research),research,3.51,41,2000,Psychology,Social Sciences
S201802704,2018,0,M,0,White,NY,INST_04,Regional College D (Teaching),teaching,3.36,62,2000,Kinesiology,Health
S201802705,2018,0,M,0,Hispanic,CA,INST_02,State University B (Research),research,2.82,63,2000,Biomedical Engineering,STEM
S201802706,2018,1,M,0,White,NC,INST_01,State University A (Research),research,2.68,60,2000,Civil Engineering,STEM
S201802707,2018,1,F,0,White,NJ,INST_01,State University A (Research),research,2.89,61,2000,Psychology,Social Sciences
S201802708,2018,0,M,1,Asian,MI,INST_05,Urban University E (Research),research,3.1,49,2000,Electrical Engineering,STEM
S201802709,2018,0,F,0,Multi,CA,INST_01,State University A (Research),research,3.03,46,2000,Political Science,Social Sciences
S201802710,2018,1,F,0,Hispanic,NY,INST_03,Regional College C (Teaching),teaching,3.85,69,2000,Communications,Other
S201802711,2018,0,M,0,White,NJ,INST_04,Regional College D (Teaching),teaching,3.01,95,2000,Communications,Other
S201802712,2018,1,M,0,Hispanic,PA,INST_03,Regional College C (Teaching),teaching,2.28,23,2000,Civil Engineering,STEM
S201802713,2018,0,M,0,Black,CA,INST_05,Urban University E (Research),research,3.0,62,2000,Economics,Social Sciences
S201802714,2018,1,M,1,White,CA,INST_04,Regional College D (Teaching),teaching,3.54,70,2000,Undeclared,Other
S201802715,2018,0,F,0,White,CA,INST_01,State University A (Research),research,2.95,84,2000,Mathematics,STEM
S201802716,2018,1,F,1,White,FL,INST_02,State University B (Research),research,3.17,95,2000,Economics,Social Sciences
S201802717,2018,0,M,0,White,NC,INST_02,State University B (Research),research,3.08,64,2000,Biomedical Engineering,STEM
S201802718,2018,0,F,1,Hispanic,NC,INST_03,Regional College C (Teaching),teaching,3.75,79,2000,Marketing,Business
S201802719,2018,0,M,0,Black,PA,INST_01,State University A (Research),research,3.32,89,2000,Statistics,STEM
S201802720,2018,0,M,0,Black,MI,INST_03,Regional College C (Teaching),teaching,2.82,26,2000,Biology,STEM
S201802721,2018,0,F,0,White,MI,INST_03,Regional College C (Teaching),teaching,3.25,71,2000,Nursing,Health
S201802722,2018,0,F,0,White,NY,INST_03,Regional College C (Teaching),teaching,2.6,99,2000,Computer Science,STEM
S201802723,2018,0,F,1,White,PA,INST_03,Regional College C (Teaching),teaching,3.25,33,2000,Marketing,Business
S201802724,2018,0,M,0,Hispanic,FL,INST_04,Regional College D (Teaching),teaching,4.0,66,2000,Kinesiology,Health
S201802725,2018,0,M,0,White,VA,INST_01,State University A (Research),research,3.34,58,2000,Statistics,STEM
S201802726,2018,1,NB,0,White,GA,INST_04,Regional College D (Teaching),teaching,3.17,93,2000,Mechanical Engineering,STEM
S201802727,2018,0,F,0,White,GA,INST_02,State University B (Research),research,3.52,83,2000,Communications,Other
S201802728,2018,0,F,0,Black,PA,INST_05,Urban University E (Research),research,4.0,52,2000,Management,Business
S201802729,2018,1,M,0,White,VA,INST_03,Regional College C (Teaching),teaching,3.16,34,2000,Economics-Bus,Business
S201802730,2018,1,F,1,White,TX,INST_04,Regional College D (Teaching),teaching,2.57,60,2000,Public Health,Health
S201802731,2018,0,M,0,Asian,TX,INST_03,Regional College C (Teaching),teaching,3.06,52,2000,Art History,Humanities
S201802732,2018,0,M,0,Hispanic,PA,INST_03,Regional College C (Teaching),teaching,3.57,26,2000,Economics-Bus,Business
S201802733,2018,0,F,0,White,NY,INST_02,State University B (Research),research,3.97,44,2000,Kinesiology,Health
S201802734,2018,0,F,1,Black,VA,INST_02,State University B (Research),research,3.13,41,2000,Economics-Bus,Business
S201802735,2018,0,F,0,White,CA,INST_03,Regional College C (Teaching),teaching,2.89,29,2000,Computer Science,STEM
S201802736,2018,1,F,1,White,VA,INST_05,Urban University E (Research),research,3.93,65,2000,Public Health,Health
S201802737,2018,0,F,0,Multi,FL,INST_03,Regional College C (Teaching),teaching,3.58,88,2000,History,Humanities
S201802738,2018,1,M,0,White,NY,INST_04,Regional College D (Teaching),teaching,3.8,50,2000,Biomedical Engineering,STEM
S201802739,2018,0,M,0,Black,NY,INST_04,Regional College D (Teaching),teaching,3.49,44,2000,General Studies,Other
S201802740,2018,1,F,0,White,PA,INST_04,Regional College D (Teaching),teaching,2.63,38,2000,Psychology,Social Sciences
S201802741,2018,0,F,1,White,NY,INST_03,Regional College C (Teaching),teaching,3.32,66,2000,History,Humanities
S201802742,2018,0,F,0,White,IL,INST_05,Urban University E (Research),research,2.95,44,2000,Political Science,Social Sciences
S201802743,2018,0,F,0,Hispanic,OH,INST_03,Regional College C (Teaching),teaching,3.3,36,2000,Philosophy,Humanities
S201802744,2018,0,M,0,White,PA,INST_04,Regional College D (Teaching),teaching,2.9,83,2000,Sociology,Social Sciences
S201802745,2018,0,F,0,White,VA,INST_02,State University B (Research),research,3.81,77,1999,Biomedical Engineering,STEM
S201802746,2018,0,F,0,White,TX,INST_01,State University A (Research),research,3.94,97,2000,Computer Science,STEM
S201802747,2018,0,F,0,Multi,PA,INST_03,Regional College C (Teaching),teaching,3.37,63,2000,General Studies,Other
S201802748,2018,0,M,0,White,GA,INST_02,State University B (Research),research,3.49,32,1999,Biology,STEM
S201802749,2018,0,M,1,Black,CA,INST_04,Regional College D (Teaching),teaching,2.43,75,2000,Finance,Business
S201802750,2018,1,F,0,White,NY,INST_01,State University A (Research),research,2.54,64,2000,Education,Other
S201802751,2018,0,M,0,White,VA,INST_03,Regional College C (Teaching),teaching,3.64,49,2000,Computer Science,STEM
S201802752,2018,0,F,0,White,NY,INST_01,State University A (Research),research,3.71,63,2000,Biology,STEM
S201802753,2018,1,F,1,Asian,NJ,INST_05,Urban University E (Research),research,3.9,28,2000,Biology,STEM
S201802754,2018,1,M,1,White,TX,INST_03,Regional College C (Teaching),teaching,3.14,17,2000,Electrical Engineering,STEM
S201802755,2018,0,F,0,Asian,GA,INST_05,Urban University E (Research),research,4.0,52,2000,Art History,Humanities
S201802756,2018,0,F,0,Black,GA,INST_01,State University A (Research),research,2.88,49,2000,Art History,Humanities
S201802757,2018,1,M,1,White,TX,INST_05,Urban University E (Research),research,3.47,37,2000,Anthropology,Social Sciences
S201802758,2018,0,F,0,Black,NJ,INST_05,Urban University E (Research),research,3.39,64,2000,Sociology,Social Sciences
S201802759,2018,1,M,1,White,VA,INST_05,Urban University E (Research),research,2.81,23,2000,Biology,STEM
S201802760,2018,1,M,0,White,NJ,INST_02,State University B (Research),research,3.32,42,2000,Finance,Business
S201802761,2018,1,F,0,AIAN,PA,INST_01,State University A (Research),research,2.17,66,2000,Spanish,Humanities
S201802762,2018,1,M,1,White,NJ,INST_05,Urban University E (Research),research,2.39,61,2000,Communications,Other
S201802763,2018,1,M,1,Black,PA,INST_03,Regional College C (Teaching),teaching,2.86,68,2000,Psychology,Social Sciences
S201802764,2018,0,M,0,White,CA,INST_02,State University B (Research),research,2.58,48,2000,Political Science,Social Sciences
S201802765,2018,0,F,0,Black,OH,INST_05,Urban University E (Research),research,2.84,90,2000,Accounting,Business
S201802766,2018,1,F,0,White,TX,INST_01,State University A (Research),research,3.72,29,2000,Nursing,Health
S201802767,2018,0,M,0,White,NJ,INST_01,State University A (Research),research,3.04,69,2000,Communications,Other
S201802768,2018,0,M,0,White,IL,INST_01,State University A (Research),research,3.33,68,2000,Statistics,STEM
S201802769,2018,0,F,0,White,GA,INST_04,Regional College D (Teaching),teaching,3.55,61,2000,Political Science,Social Sciences
S201802770,2018,1,M,0,Asian,PA,INST_01,State University A (Research),research,3.5,69,2000,Biology,STEM
S201802771,2018,1,M,1,Hispanic,NJ,INST_04,Regional College D (Teaching),teaching,2.64,43,2000,Electrical Engineering,STEM
S201802772,2018,0,F,0,Hispanic,NC,INST_05,Urban University E (Research),research,3.0,73,2000,Biomedical Engineering,STEM
S201802773,2018,0,NB,0,White,PA,INST_02,State University B (Research),research,3.59,30,2000,Pre-Med,Health
S201802774,2018,1,F,0,White,TX,INST_03,Regional College C (Teaching),teaching,3.82,54,2000,Marketing,Business
S201802775,2018,1,F,0,White,VA,INST_04,Regional College D (Teaching),teaching,4.0,85,2000,Economics,Social Sciences
S201802776,2018,0,F,1,White,OH,INST_04,Regional College D (Teaching),teaching,3.51,59,2000,Biomedical Engineering,STEM
S201802777,2018,0,F,0,White,VA,INST_04,Regional College D (Teaching),teaching,3.95,54,2000,Spanish,Humanities
S201802778,2018,1,M,0,Multi,NJ,INST_03,Regional College C (Teaching),teaching,4.0,40,2000,Economics-Bus,Business
S201802779,2018,1,M,0,White,PA,INST_05,Urban University E (Research),research,2.34,68,2000,Sociology,Social Sciences
S201802780,2018,0,F,0,White,GA,INST_04,Regional College D (Teaching),teaching,3.02,17,2000,Physics,STEM
S201802781,2018,1,M,0,White,IL,INST_04,Regional College D (Teaching),teaching,3.38,39,2000,Economics,Social Sciences
S201802782,2018,1,F,0,Multi,NJ,INST_02,State University B (Research),research,3.14,44,2000,Accounting,Business
S201802783,2018,1,F,0,White,TX,INST_03,Regional College C (Teaching),teaching,4.0,81,2000,Education,Other
S201802784,2018,0,F,0,White,NC,INST_02,State University B (Research),research,3.91,69,2000,Kinesiology,Health
S201802785,2018,0,F,0,White,MI,INST_02,State University B (Research),research,3.49,82,2000,Political Science,Social Sciences
S201802786,2018,0,F,0,Hispanic,PA,INST_01,State University A (Research),research,3.66,35,2000,Anthropology,Social Sciences
S201802787,2018,0,F,1,White,PA,INST_05,Urban University E (Research),research,2.6,43,2000,Statistics,STEM
S201802788,2018,0,M,1,White,TX,INST_05,Urban University E (Research),research,2.4,85,2000,Marketing,Business
S201802789,2018,0,F,1,Hispanic,CA,INST_04,Regional College D (Teaching),teaching,2.32,52,2000,Mechanical Engineering,STEM
S201802790,2018,1,M,0,Multi,TX,INST_03,Regional College C (Teaching),teaching,3.08,85,2000,Undeclared,Other
S201802791,2018,1,M,1,White,MI,INST_04,Regional College D (Teaching),teaching,2.35,52,2000,Electrical Engineering,STEM
S201802792,2018,0,M,0,White,NJ,INST_05,Urban University E (Research),research,3.22,68,2000,Electrical Engineering,STEM
S201802793,2018,0,M,0,White,OH,INST_01,State University A (Research),research,3.59,45,2000,Physics,STEM
S201802794,2018,1,NB,1,Multi,FL,INST_05,Urban University E (Research),research,2.73,89,2000,Economics-Bus,Business
S201802795,2018,1,F,1,White,MI,INST_05,Urban University E (Research),research,3.36,65,2000,Statistics,STEM
S201802796,2018,1,F,0,Black,MI,INST_01,State University A (Research),research,3.23,30,1999,Finance,Business
S201802797,2018,1,F,0,White,OH,INST_03,Regional College C (Teaching),teaching,3.1,65,2000,Pre-Med,Health
S201802798,2018,0,M,0,Asian,NJ,INST_03,Regional College C (Teaching),teaching,3.92,54,2000,Political Science,Social Sciences
S201802799,2018,0,F,0,White,NC,INST_03,Regional College C (Teaching),teaching,2.92,97,2000,Kinesiology,Health
S201802800,2018,0,M,0,Multi,VA,INST_05,Urban University E (Research),research,3.22,63,2000,Political Science,Social Sciences
S201802801,2018,1,M,0,Hispanic,TX,INST_01,State University A (Research),research,2.39,68,2000,Mathematics,STEM
S201802802,2018,0,M,0,White,FL,INST_03,Regional College C (Teaching),teaching,3.54,32,2000,General Studies,Other
S201802803,2018,0,M,0,Asian,NJ,INST_02,State University B (Research),research,2.43,48,2000,Philosophy,Humanities
S201802804,2018,1,F,0,Hispanic,FL,INST_01,State University A (Research),research,4.0,18,2000,Economics,Social Sciences
S201802805,2018,0,F,1,White,NC,INST_04,Regional College D (Teaching),teaching,3.99,45,2000,Chemistry,STEM
S201802806,2018,1,M,1,Black,FL,INST_03,Regional College C (Teaching),teaching,3.54,76,2000,Political Science,Social Sciences
S201802807,2018,1,M,0,White,IL,INST_05,Urban University E (Research),research,4.0,62,2000,Marketing,Business
S201802808,2018,0,F,0,Multi,NJ,INST_04,Regional College D (Teaching),teaching,3.1,44,2000,Biomedical Engineering,STEM
S201802809,2018,1,M,0,White,GA,INST_04,Regional College D (Teaching),teaching,3.76,31,2000,Statistics,STEM
S201802810,2018,0,F,0,Hispanic,GA,INST_04,Regional College D (Teaching),teaching,3.04,45,2000,Marketing,Business
S201802811,2018,0,M,1,White,VA,INST_01,State University A (Research),research,4.0,49,2000,Economics,Social Sciences
S201802812,2018,1,F,0,Asian,MI,INST_04,Regional College D (Teaching),teaching,2.42,55,2000,Undeclared,Other
S201802813,2018,0,M,0,White,NC,INST_04,Regional College D (Teaching),teaching,3.5,77,2000,Finance,Business
S201802814,2018,1,M,0,Asian,NJ,INST_03,Regional College C (Teaching),teaching,4.0,46,2000,English,Humanities
S201802815,2018,0,M,1,Asian,GA,INST_03,Regional College C (Teaching),teaching,3.26,84,2000,Communications,Other
S201802816,2018,0,F,1,Multi,MI,INST_05,Urban University E (Research),research,3.05,53,2000,Biology,STEM
S201802817,2018,1,F,0,White,FL,INST_02,State University B (Research),research,2.24,57,2000,Management,Business
S201802818,2018,0,F,0,AIAN,MI,INST_04,Regional College D (Teaching),teaching,2.45,85,2000,Biology,STEM
S201802819,2018,1,F,0,Black,IL,INST_02,State University B (Research),research,3.76,25,2000,Political Science,Social Sciences
S201802820,2018,1,M,1,Hispanic,VA,INST_03,Regional College C (Teaching),teaching,2.59,80,2000,Political Science,Social Sciences
S201802821,2018,1,F,0,White,NC,INST_04,Regional College D (Teaching),teaching,2.79,70,2000,Biomedical Engineering,STEM
S201802822,2018,1,M,0,White,TX,INST_04,Regional College D (Teaching),teaching,3.5,28,2000,Computer Science,STEM
S201802823,2018,0,F,1,White,IL,INST_01,State University A (Research),research,3.55,90,2000,Public Health,Health
S201802824,2018,0,F,1,White,NC,INST_05,Urban University E (Research),research,3.19,66,2000,Public Health,Health
S201802825,2018,0,F,0,Asian,NY,INST_01,State University A (Research),research,2.08,28,2000,Biology,STEM
S201802826,2018,0,M,0,White,GA,INST_03,Regional College C (Teaching),teaching,3.17,31,2000,Communications,Other
S201802827,2018,0,M,1,White,CA,INST_03,Regional College C (Teaching),teaching,2.95,86,2000,Nursing,Health
S201802828,2018,0,F,0,Black,OH,INST_05,Urban University E (Research),research,2.17,64,2000,Economics,Social Sciences
S201802829,2018,1,M,0,White,PA,INST_04,Regional College D (Teaching),teaching,3.2,61,2000,Undeclared,Other
S201802830,2018,0,F,0,Black,TX,INST_04,Regional College D (Teaching),teaching,3.78,48,2000,Spanish,Humanities
S201802831,2018,1,M,1,White,PA,INST_01,State University A (Research),research,2.19,72,2000,Communications,Other
S201802832,2018,0,F,0,White,NJ,INST_04,Regional College D (Teaching),teaching,2.63,40,2000,Accounting,Business
S201802833,2018,1,F,0,Multi,GA,INST_05,Urban University E (Research),research,3.05,68,2000,Pre-Med,Health
S201802834,2018,0,F,0,Asian,VA,INST_03,Regional College C (Teaching),teaching,2.45,23,2000,Marketing,Business
S201802835,2018,0,M,0,White,MI,INST_03,Regional College C (Teaching),teaching,3.52,12,2000,Anthropology,Social Sciences
S201802836,2018,1,F,0,White,GA,INST_02,State University B (Research),research,2.87,40,2000,Pre-Med,Health
S201802837,2018,0,F,0,White,CA,INST_02,State University B (Research),research,3.82,65,2000,Kinesiology,Health
S201802838,2018,0,M,1,Black,TX,INST_02,State University B (Research),research,3.75,33,2000,Public Health,Health
S201802839,2018,0,M,0,Black,IL,INST_03,Regional College C (Teaching),teaching,3.0,60,2000,Biology,STEM
S201802840,2018,1,F,1,Hispanic,NC,INST_01,State University A (Research),research,2.74,70,2000,Computer Science,STEM
S201802841,2018,0,M,0,Asian,GA,INST_05,Urban University E (Research),research,4.0,78,2000,Mechanical Engineering,STEM
S201802842,2018,0,F,1,White,GA,INST_04,Regional College D (Teaching),teaching,4.0,61,2000,Mathematics,STEM
S201802843,2018,1,F,0,Hispanic,NJ,INST_03,Regional College C (Teaching),teaching,2.49,58,2000,General Studies,Other
S201802844,2018,0,F,0,Hispanic,NY,INST_05,Urban University E (Research),research,3.24,67,2000,Economics-Bus,Business
S201802845,2018,1,F,0,Asian,FL,INST_02,State University B (Research),research,2.48,43,2000,Pre-Med,Health
S201802846,2018,0,F,1,White,MI,INST_04,Regional College D (Teaching),teaching,2.41,67,2000,Mathematics,STEM
S201802847,2018,0,M,0,White,FL,INST_03,Regional College C (Teaching),teaching,3.54,73,2000,Economics,Social Sciences
S201802848,2018,1,F,0,Black,VA,INST_05,Urban University E (Research),research,3.6,70,2000,Civil Engineering,STEM
S201802849,2018,0,M,0,White,FL,INST_05,Urban University E (Research),research,4.0,65,2000,Pre-Med,Health
S201802850,2018,0,M,0,Black,OH,INST_03,Regional College C (Teaching),teaching,2.65,75,2000,History,Humanities
S201802851,2018,0,M,0,Black,CA,INST_03,Regional College C (Teaching),teaching,3.15,26,2000,Anthropology,Social Sciences
S201802852,2018,1,F,0,White,GA,INST_02,State University B (Research),research,2.18,50,2000,Chemistry,STEM
S201802853,2018,0,F,0,Black,OH,INST_04,Regional College D (Teaching),teaching,3.69,65,2000,Electrical Engineering,STEM
S201802854,2018,0,F,1,Asian,FL,INST_05,Urban University E (Research),research,3.36,78,2000,Spanish,Humanities
S201802855,2018,0,M,0,Hispanic,OH,INST_03,Regional College C (Teaching),teaching,3.1,27,2000,Nursing,Health
S201802856,2018,1,M,0,White,TX,INST_03,Regional College C (Teaching),teaching,2.95,88,2000,Kinesiology,Health
S201802857,2018,0,NB,0,Asian,NY,INST_04,Regional College D (Teaching),teaching,2.51,32,2000,Electrical Engineering,STEM
S201802858,2018,1,F,0,Black,OH,INST_01,State University A (Research),research,1.93,57,2000,Political Science,Social Sciences
S201802859,2018,1,M,0,White,VA,INST_05,Urban University E (Research),research,3.3,79,2000,Education,Other
S201802860,2018,1,M,0,Black,TX,INST_03,Regional College C (Teaching),teaching,3.04,43,2000,Biology,STEM
S201802861,2018,0,F,1,Hispanic,NY,INST_04,Regional College D (Teaching),teaching,3.02,65,2000,Spanish,Humanities
S201802862,2018,1,M,1,Hispanic,FL,INST_03,Regional College C (Teaching),teaching,3.0,30,2000,Marketing,Business
S201802863,2018,1,M,0,White,GA,INST_05,Urban University E (Research),research,3.59,20,2000,Finance,Business
S201802864,2018,0,M,0,White,MI,INST_03,Regional College C (Teaching),teaching,3.29,24,2000,English,Humanities
S201802865,2018,0,M,1,White,NJ,INST_01,State University A (Research),research,3.82,61,2000,General Studies,Other
S201802866,2018,1,F,0,Multi,IL,INST_05,Urban University E (Research),research,3.44,99,2000,Pre-Med,Health
S201802867,2018,0,F,0,White,GA,INST_03,Regional College C (Teaching),teaching,3.18,44,2000,Economics-Bus,Business
S201802868,2018,0,M,0,Hispanic,GA,INST_01,State University A (Research),research,3.44,72,2000,Anthropology,Social Sciences
S201802869,2018,1,NB,1,Black,IL,INST_05,Urban University E (Research),research,3.69,56,2000,English,Humanities
S201802870,2018,1,F,1,Hispanic,GA,INST_03,Regional College C (Teaching),teaching,2.2,48,2000,Economics,Social Sciences
S201802871,2018,0,F,0,White,FL,INST_04,Regional College D (Teaching),teaching,2.98,79,2000,Pre-Med,Health
S201802872,2018,1,F,0,White,GA,INST_03,Regional College C (Teaching),teaching,3.51,35,2000,Public Health,Health
S201802873,2018,1,M,0,Hispanic,NY,INST_05,Urban University E (Research),research,3.01,26,2000,Nursing,Health
S201802874,2018,1,M,0,White,NY,INST_01,State University A (Research),research,3.03,28,2000,History,Humanities
S201802875,2018,0,M,0,Multi,NJ,INST_03,Regional College C (Teaching),teaching,4.0,24,2000,Mechanical Engineering,STEM
S201802876,2018,1,M,0,White,FL,INST_03,Regional College C (Teaching),teaching,3.84,3,2000,Economics,Social Sciences
S201802877,2018,0,M,0,Multi,GA,INST_05,Urban University E (Research),research,3.51,59,2000,Pre-Med,Health
S201802878,2018,0,F,0,White,NJ,INST_05,Urban University E (Research),research,3.17,29,2000,Economics,Social Sciences
S201802879,2018,0,M,1,Unknown,GA,INST_05,Urban University E (Research),research,3.22,43,2000,Economics,Social Sciences
S201802880,2018,1,M,1,Multi,GA,INST_05,Urban University E (Research),research,3.32,43,2000,Electrical Engineering,STEM
S201802881,2018,0,F,1,White,PA,INST_02,State University B (Research),research,2.78,64,2000,Statistics,STEM
S201802882,2018,0,F,1,White,OH,INST_03,Regional College C (Teaching),teaching,3.61,84,2000,Pre-Med,Health
S201802883,2018,1,F,1,White,OH,INST_05,Urban University E (Research),research,4.0,87,2000,Communications,Other
S201802884,2018,0,M,0,Black,NC,INST_01,State University A (Research),research,3.15,58,2000,Public Health,Health
S201802885,2018,1,F,1,White,NJ,INST_01,State University A (Research),research,3.38,58,2000,Physics,STEM
S201802886,2018,0,F,0,White,OH,INST_02,State University B (Research),research,2.32,58,2000,Education,Other
S201802887,2018,0,M,1,Hispanic,TX,INST_01,State University A (Research),research,2.09,37,2000,Undeclared,Other
S201802888,2018,0,F,0,Black,PA,INST_01,State University A (Research),research,2.72,20,2000,Nursing,Health
S201802889,2018,0,F,0,White,GA,INST_01,State University A (Research),research,3.17,63,2000,General Studies,Other
S201802890,2018,0,M,0,Hispanic,TX,INST_05,Urban University E (Research),research,3.87,45,2000,Biomedical Engineering,STEM
S201802891,2018,1,M,0,White,NJ,INST_04,Regional College D (Teaching),teaching,2.87,63,2000,Management,Business
S201802892,2018,1,M,1,Black,NC,INST_04,Regional College D (Teaching),teaching,3.02,79,2000,Undeclared,Other
S201802893,2018,0,M,0,Hispanic,GA,INST_05,Urban University E (Research),research,3.22,51,2000,Economics-Bus,Business
S201802894,2018,1,F,0,White,CA,INST_02,State University B (Research),research,3.36,83,2000,Physics,STEM
S201802895,2018,1,M,1,Black,VA,INST_04,Regional College D (Teaching),teaching,3.24,49,2000,Economics,Social Sciences
S201802896,2018,0,F,0,White,OH,INST_03,Regional College C (Teaching),teaching,2.93,55,2000,Marketing,Business
S201802897,2018,0,F,0,Black,VA,INST_05,Urban University E (Research),research,2.9,43,2000,Nursing,Health
S201802898,2018,1,F,1,Black,FL,INST_04,Regional College D (Teaching),teaching,2.65,34,2000,Mechanical Engineering,STEM
S201802899,2018,0,M,1,Hispanic,NJ,INST_03,Regional College C (Teaching),teaching,2.54,57,2000,Art History,Humanities
S201802900,2018,1,F,0,White,VA,INST_05,Urban University E (Research),research,2.74,87,1999,Biology,STEM
S201802901,2018,0,F,0,Hispanic,MI,INST_03,Regional College C (Teaching),teaching,3.7,47,2000,English,Humanities
S201802902,2018,0,M,0,White,VA,INST_01,State University A (Research),research,3.54,44,2000,Psychology,Social Sciences
S201802903,2018,1,F,0,Asian,NC,INST_02,State University B (Research),research,2.53,3,2000,Kinesiology,Health
S201802904,2018,0,M,0,White,NY,INST_02,State University B (Research),research,3.66,78,2000,Political Science,Social Sciences
S201802905,2018,0,F,0,Hispanic,VA,INST_03,Regional College C (Teaching),teaching,3.65,62,2000,Kinesiology,Health
S201802906,2018,1,M,0,Black,TX,INST_05,Urban University E (Research),research,4.0,82,2000,Mathematics,STEM
S201802907,2018,0,M,0,White,VA,INST_04,Regional College D (Teaching),teaching,3.86,16,2000,General Studies,Other
S201802908,2018,1,F,1,Hispanic,PA,INST_04,Regional College D (Teaching),teaching,3.31,47,2000,Anthropology,Social Sciences
S201802909,2018,0,F,1,Multi,TX,INST_01,State University A (Research),research,3.78,68,2000,Statistics,STEM
S201802910,2018,1,F,0,Black,GA,INST_04,Regional College D (Teaching),teaching,3.59,62,2000,Finance,Business
S201802911,2018,0,F,0,White,PA,INST_05,Urban University E (Research),research,4.0,80,2000,Communications,Other
S201802912,2018,0,F,0,Multi,MI,INST_05,Urban University E (Research),research,2.83,88,2000,Economics,Social Sciences
S201802913,2018,1,M,1,Asian,OH,INST_03,Regional College C (Teaching),teaching,3.46,19,2000,Finance,Business
S201802914,2018,0,M,1,Asian,NC,INST_05,Urban University E (Research),research,3.52,40,2000,Pre-Med,Health
S201802915,2018,0,M,0,White,FL,INST_02,State University B (Research),research,2.8,60,2000,Communications,Other
S201802916,2018,0,F,1,Black,VA,INST_01,State University A (Research),research,3.1,58,1999,Art History,Humanities
S201802917,2018,1,M,0,White,PA,INST_04,Regional College D (Teaching),teaching,2.55,49,2000,English,Humanities
S201802918,2018,0,F,0,White,NY,INST_04,Regional College D (Teaching),teaching,2.72,48,2000,Physics,STEM
S201802919,2018,1,F,0,Asian,TX,INST_01,State University A (Research),research,3.19,71,2000,Political Science,Social Sciences
S201802920,2018,0,M,0,White,MI,INST_01,State University A (Research),research,3.05,45,2000,Pre-Med,Health
S201802921,2018,0,M,0,Asian,CA,INST_02,State University B (Research),research,3.21,76,2000,Chemistry,STEM
S201802922,2018,0,F,1,White,NC,INST_03,Regional College C (Teaching),teaching,2.77,35,2000,Mathematics,STEM
S201802923,2018,0,F,0,Hispanic,IL,INST_05,Urban University E (Research),research,2.55,62,2000,Marketing,Business
S201802924,2018,1,F,0,White,NJ,INST_03,Regional College C (Teaching),teaching,2.91,31,2000,Spanish,Humanities
S201802925,2018,0,F,1,White,VA,INST_04,Regional College D (Teaching),teaching,2.42,74,2000,Computer Science,STEM
S201802926,2018,0,F,0,White,CA,INST_05,Urban University E (Research),research,3.34,50,2000,Anthropology,Social Sciences
S201802927,2018,0,M,0,Black,GA,INST_04,Regional College D (Teaching),teaching,2.49,90,2000,Finance,Business
S201802928,2018,0,M,1,Hispanic,OH,INST_01,State University A (Research),research,2.55,51,2000,Political Science,Social Sciences
S201802929,2018,1,M,1,White,VA,INST_01,State University A (Research),research,2.72,24,2000,Mathematics,STEM
S201802930,2018,0,F,0,White,MI,INST_05,Urban University E (Research),research,3.56,16,2000,Accounting,Business
S201802931,2018,0,M,0,White,NY,INST_01,State University A (Research),research,2.8,62,2000,Philosophy,Humanities
S201802932,2018,1,F,0,Hispanic,IL,INST_04,Regional College D (Teaching),teaching,3.23,37,2000,Mechanical Engineering,STEM
S201802933,2018,0,F,0,White,PA,INST_05,Urban University E (Research),research,3.45,66,2000,Marketing,Business
S201802934,2018,0,F,0,White,MI,INST_03,Regional College C (Teaching),teaching,3.19,74,2000,Marketing,Business
S201802935,2018,0,F,0,Black,NJ,INST_03,Regional College C (Teaching),teaching,3.37,44,2000,Psychology,Social Sciences
S201802936,2018,1,M,0,Hispanic,VA,INST_01,State University A (Research),research,2.73,58,2000,Nursing,Health
S201802937,2018,0,F,0,White,GA,INST_01,State University A (Research),research,3.13,49,2000,Undeclared,Other
S201802938,2018,1,F,0,White,TX,INST_01,State University A (Research),research,3.6,27,2000,Mathematics,STEM
S201802939,2018,0,F,0,Asian,CA,INST_04,Regional College D (Teaching),teaching,3.39,51,2000,Finance,Business
S201802940,2018,0,F,0,White,OH,INST_05,Urban University E (Research),research,3.25,62,2000,Civil Engineering,STEM
S201802941,2018,0,F,0,Hispanic,IL,INST_02,State University B (Research),research,3.22,55,2000,Biology,STEM
S201802942,2018,1,F,0,Hispanic,CA,INST_04,Regional College D (Teaching),teaching,4.0,51,2000,Economics,Social Sciences
S201802943,2018,0,F,1,Black,PA,INST_02,State University B (Research),research,3.55,89,2000,Psychology,Social Sciences
S201802944,2018,0,F,0,Black,NY,INST_02,State University B (Research),research,3.4,58,2000,Statistics,STEM
S201802945,2018,0,M,0,White,NJ,INST_04,Regional College D (Teaching),teaching,2.58,86,2000,Undeclared,Other
S201802946,2018,1,F,0,White,OH,INST_05,Urban University E (Research),research,2.9,87,2000,Public Health,Health
S201802947,2018,0,M,1,White,MI,INST_05,Urban University E (Research),research,2.83,32,2000,Civil Engineering,STEM
S201802948,2018,0,M,0,White,CA,INST_04,Regional College D (Teaching),teaching,3.52,99,2000,Pre-Med,Health
S201802949,2018,1,M,1,Black,VA,INST_04,Regional College D (Teaching),teaching,2.97,42,2000,Biomedical Engineering,STEM
S201802950,2018,0,M,0,White,OH,INST_05,Urban University E (Research),research,3.23,50,2000,Marketing,Business
S201802951,2018,0,F,1,Asian,NJ,INST_03,Regional College C (Teaching),teaching,3.85,69,2000,Public Health,Health
S201802952,2018,1,F,0,Asian,NY,INST_01,State University A (Research),research,3.62,68,2000,Public Health,Health
S201802953,2018,0,F,0,Black,NC,INST_01,State University A (Research),research,3.83,87,2000,Pre-Med,Health
S201802954,2018,1,F,0,White,FL,INST_02,State University B (Research),research,3.2,28,2000,Biology,STEM
S201802955,2018,1,M,1,White,PA,INST_03,Regional College C (Teaching),teaching,3.75,43,2000,Psychology,Social Sciences
S201802956,2018,0,F,0,Asian,NC,INST_02,State University B (Research),research,2.39,49,2000,Economics-Bus,Business
S201802957,2018,0,M,0,White,GA,INST_02,State University B (Research),research,4.0,62,1999,Undeclared,Other
S201802958,2018,1,M,0,White,NC,INST_03,Regional College C (Teaching),teaching,2.57,48,2000,Nursing,Health
S201802959,2018,0,M,1,Black,VA,INST_03,Regional College C (Teaching),teaching,3.72,45,2000,Economics-Bus,Business
S201802960,2018,0,F,0,Asian,NY,INST_03,Regional College C (Teaching),teaching,3.19,39,2000,Management,Business
S201802961,2018,0,F,0,Hispanic,OH,INST_01,State University A (Research),research,2.73,47,2000,Sociology,Social Sciences
S201802962,2018,0,M,0,Hispanic,TX,INST_05,Urban University E (Research),research,3.13,57,2000,Anthropology,Social Sciences
S201802963,2018,0,F,1,White,NY,INST_02,State University B (Research),research,2.91,91,2000,Finance,Business
S201802964,2018,0,F,0,White,PA,INST_03,Regional College C (Teaching),teaching,3.02,54,2000,Education,Other
S201802965,2018,1,F,0,White,NJ,INST_02,State University B (Research),research,3.99,20,2000,Biomedical Engineering,STEM
S201802966,2018,0,M,0,Black,NY,INST_04,Regional College D (Teaching),teaching,2.82,99,2000,Biology,STEM
S201802967,2018,0,M,0,Hispanic,GA,INST_05,Urban University E (Research),research,2.92,62,2000,Statistics,STEM
S201802968,2018,0,F,0,Hispanic,NJ,INST_01,State University A (Research),research,2.91,38,2000,Pre-Med,Health
S201802969,2018,1,F,1,Hispanic,GA,INST_01,State University A (Research),research,3.22,54,2000,Kinesiology,Health
S201802970,2018,0,M,1,White,GA,INST_03,Regional College C (Teaching),teaching,3.02,65,2000,Economics,Social Sciences
S201802971,2018,0,M,0,Asian,GA,INST_03,Regional College C (Teaching),teaching,3.84,63,2000,Art History,Humanities
S201802972,2018,0,F,0,Hispanic,NC,INST_03,Regional College C (Teaching),teaching,2.8,31,2000,Chemistry,STEM
S201802973,2018,0,M,0,White,IL,INST_01,State University A (Research),research,3.2,67,2000,Communications,Other
S201802974,2018,1,M,1,White,IL,INST_02,State University B (Research),research,3.07,78,2000,Communications,Other
S201802975,2018,1,F,0,White,GA,INST_05,Urban University E (Research),research,3.6,51,2000,Education,Other
S201802976,2018,0,M,0,Hispanic,CA,INST_04,Regional College D (Teaching),teaching,3.12,54,2000,History,Humanities
S201802977,2018,0,M,0,White,FL,INST_05,Urban University E (Research),research,3.08,42,2000,Electrical Engineering,STEM
S201802978,2018,0,F,1,Black,NY,INST_03,Regional College C (Teaching),teaching,3.67,72,2000,Anthropology,Social Sciences
S201802979,2018,0,F,0,White,GA,INST_01,State University A (Research),research,3.54,66,2000,Pre-Med,Health
S201802980,2018,0,F,0,White,OH,INST_04,Regional College D (Teaching),teaching,2.73,69,2000,Management,Business
S201802981,2018,1,M,0,White,GA,INST_03,Regional College C (Teaching),teaching,2.73,62,2000,Kinesiology,Health
S201802982,2018,1,F,0,White,VA,INST_02,State University B (Research),research,3.01,64,2000,Mathematics,STEM
S201802983,2018,0,F,0,White,TX,INST_03,Regional College C (Teaching),teaching,3.27,58,2000,Physics,STEM
S201802984,2018,1,F,0,White,GA,INST_03,Regional College C (Teaching),teaching,3.42,71,2000,Biomedical Engineering,STEM
S201802985,2018,0,F,0,Unknown,CA,INST_05,Urban University E (Research),research,2.7,67,2000,Physics,STEM
S201802986,2018,1,F,0,White,FL,INST_01,State University A (Research),research,3.45,32,2000,Economics-Bus,Business
S201802987,2018,1,M,0,Black,NC,INST_02,State University B (Research),research,3.67,48,2000,Mathematics,STEM
S201802988,2018,0,M,1,Hispanic,PA,INST_02,State University B (Research),research,3.27,50,2000,Management,Business
S201802989,2018,1,M,1,White,FL,INST_03,Regional College C (Teaching),teaching,2.72,45,2000,Political Science,Social Sciences
S201802990,2018,0,F,1,White,FL,INST_03,Regional College C (Teaching),teaching,3.24,32,2000,Anthropology,Social Sciences
S201802991,2018,1,M,1,White,FL,INST_01,State University A (Research),research,4.0,58,2000,Economics-Bus,Business
S201802992,2018,0,M,1,White,CA,INST_01,State University A (Research),research,3.9,44,2000,Economics,Social Sciences
S201802993,2018,0,F,0,Black,CA,INST_04,Regional College D (Teaching),teaching,2.86,55,2000,Civil Engineering,STEM
S201802994,2018,0,F,0,White,OH,INST_02,State University B (Research),research,3.18,63,2000,Economics,Social Sciences
S201802995,2018,0,M,0,White,IL,INST_02,State University B (Research),research,3.2,69,2000,Communications,Other
S201802996,2018,0,M,0,Hispanic,FL,INST_04,Regional College D (Teaching),teaching,3.02,58,2000,Accounting,Business
S201802997,2018,1,F,0,Hispanic,NC,INST_02,State University B (Research),research,3.6,33,2000,Political Science,Social Sciences
S201802998,2018,0,M,0,Hispanic,NY,INST_05,Urban University E (Research),research,2.91,93,2000,Finance,Business
S201802999,2018,0,M,0,White,MI,INST_04,Regional College D (Teaching),teaching,3.6,46,2000,Management,Business
S201803000,2018,0,F,1,White,VA,INST_03,Regional College C (Teaching),teaching,3.87,26,2000,Kinesiology,Health
S201803001,2018,1,F,0,White,NC,INST_01,State University A (Research),research,3.62,82,2000,General Studies,Other
S201803002,2018,1,F,0,White,NJ,INST_04,Regional College D (Teaching),teaching,2.73,75,2000,Pre-Med,Health
S201803003,2018,0,F,1,NHPI,NY,INST_02,State University B (Research),research,3.52,62,2000,Nursing,Health
S201803004,2018,1,F,0,Hispanic,FL,INST_04,Regional College D (Teaching),teaching,3.54,62,2000,Political Science,Social Sciences
S201803005,2018,1,M,0,Multi,OH,INST_05,Urban University E (Research),research,2.59,23,2000,Public Health,Health
S201803006,2018,1,F,0,Asian,FL,INST_02,State University B (Research),research,3.71,59,2000,Accounting,Business
S201803007,2018,0,F,0,Hispanic,MI,INST_01,State University A (Research),research,2.53,59,2000,Management,Business
S201803008,2018,1,M,0,White,FL,INST_03,Regional College C (Teaching),teaching,2.58,66,2000,Chemistry,STEM
S201803009,2018,0,F,0,White,GA,INST_04,Regional College D (Teaching),teaching,2.15,66,2000,Physics,STEM
S201803010,2018,1,NB,0,White,NY,INST_02,State University B (Research),research,3.31,40,2000,Physics,STEM
S201803011,2018,0,F,0,White,NJ,INST_04,Regional College D (Teaching),teaching,3.4,44,2000,Biomedical Engineering,STEM
S201803012,2018,0,F,0,White,TX,INST_05,Urban University E (Research),research,2.5,30,2000,Mathematics,STEM
S201803013,2018,0,F,0,White,GA,INST_03,Regional College C (Teaching),teaching,3.3,78,2000,English,Humanities
S201803014,2018,0,F,1,Multi,OH,INST_02,State University B (Research),research,3.01,40,2000,Physics,STEM
S201803015,2018,1,F,0,Hispanic,PA,INST_05,Urban University E (Research),research,3.49,99,2000,Chemistry,STEM
S201803016,2018,1,M,1,Hispanic,NY,INST_05,Urban University E (Research),research,3.37,58,2000,General Studies,Other
S201803017,2018,1,F,1,AIAN,GA,INST_05,Urban University E (Research),research,3.05,51,2000,Management,Business
S201803018,2018,1,M,0,Black,NJ,INST_01,State University A (Research),research,3.35,56,2000,Public Health,Health
S201803019,2018,0,F,1,White,FL,INST_05,Urban University E (Research),research,3.01,44,2000,Chemistry,STEM
S201803020,2018,1,M,0,Black,VA,INST_02,State University B (Research),research,3.79,35,2000,Pre-Med,Health
S201803021,2018,0,F,0,Hispanic,MI,INST_02,State University B (Research),research,3.07,80,2000,Biology,STEM
S201803022,2018,0,M,1,White,VA,INST_05,Urban University E (Research),research,3.92,57,2000,Marketing,Business
S201803023,2018,0,M,1,Hispanic,FL,INST_03,Regional College C (Teaching),teaching,2.95,71,2000,Finance,Business
S201803024,2018,0,F,0,Hispanic,IL,INST_03,Regional College C (Teaching),teaching,2.85,54,2000,Public Health,Health
S201803025,2018,0,M,1,White,PA,INST_02,State University B (Research),research,3.33,34,2000,Public Health,Health
S201803026,2018,0,M,0,White,NJ,INST_03,Regional College C (Teaching),teaching,3.5,67,2000,Finance,Business
S201803027,2018,0,M,1,Black,FL,INST_05,Urban University E (Research),research,2.8,44,2000,Marketing,Business
S201803028,2018,1,F,0,Black,NY,INST_05,Urban University E (Research),research,3.27,54,2000,Economics,Social Sciences
S201803029,2018,1,F,0,White,VA,INST_02,State University B (Research),research,2.92,49,2000,Art History,Humanities
S201803030,2018,0,F,1,White,TX,INST_01,State University A (Research),research,2.36,71,2000,Undeclared,Other
S201803031,2018,0,M,0,White,PA,INST_04,Regional College D (Teaching),teaching,2.94,76,2000,Mathematics,STEM
S201803032,2018,0,F,0,Black,NC,INST_01,State University A (Research),research,4.0,59,2000,Computer Science,STEM
S201803033,2018,0,M,0,White,PA,INST_03,Regional College C (Teaching),teaching,2.71,80,2000,Sociology,Social Sciences
S201803034,2018,0,F,1,White,NY,INST_04,Regional College D (Teaching),teaching,2.92,46,2000,Management,Business
S201803035,2018,0,F,0,White,VA,INST_03,Regional College C (Teaching),teaching,2.52,49,2000,Kinesiology,Health
S201803036,2018,1,M,0,White,IL,INST_04,Regional College D (Teaching),teaching,3.16,45,2000,Public Health,Health
S201803037,2018,1,F,1,Unknown,GA,INST_03,Regional College C (Teaching),teaching,4.0,50,2000,General Studies,Other
S201803038,2018,0,M,0,Multi,IL,INST_01,State University A (Research),research,3.29,34,2000,Education,Other
S201803039,2018,0,F,0,White,IL,INST_02,State University B (Research),research,3.02,85,2000,Finance,Business
S201803040,2018,0,M,0,White,NC,INST_04,Regional College D (Teaching),teaching,2.67,48,2000,Statistics,STEM
S201803041,2018,1,F,0,Black,NJ,INST_02,State University B (Research),research,3.33,66,2000,Nursing,Health
S201803042,2018,0,F,0,White,NC,INST_05,Urban University E (Research),research,3.69,55,1999,Pre-Med,Health
S201803043,2018,0,M,0,White,NJ,INST_01,State University A (Research),research,3.37,28,2000,Marketing,Business
S201803044,2018,0,F,0,White,NJ,INST_02,State University B (Research),research,2.99,51,2000,Communications,Other
S201803045,2018,0,M,0,Black,NC,INST_01,State University A (Research),research,2.97,57,1999,Economics-Bus,Business
S201803046,2018,1,M,1,White,PA,INST_05,Urban University E (Research),research,2.7,74,2000,Political Science,Social Sciences
S201803047,2018,1,F,1,White,CA,INST_04,Regional College D (Teaching),teaching,2.65,54,2000,Economics,Social Sciences
S201803048,2018,0,M,0,Hispanic,OH,INST_02,State University B (Research),research,2.71,56,2000,Nursing,Health
S201803049,2018,0,M,0,Hispanic,CA,INST_05,Urban University E (Research),research,3.02,61,2000,Nursing,Health
S201803050,2018,0,F,0,White,OH,INST_04,Regional College D (Teaching),teaching,3.3,39,2000,Finance,Business
S201803051,2018,0,M,0,Asian,OH,INST_05,Urban University E (Research),research,3.12,34,2000,Economics,Social Sciences
S201803052,2018,0,M,0,White,GA,INST_05,Urban University E (Research),research,4.0,30,2000,Sociology,Social Sciences
S201803053,2018,0,M,0,Asian,FL,INST_02,State University B (Research),research,3.42,65,2000,General Studies,Other
S201803054,2018,0,F,1,White,MI,INST_05,Urban University E (Research),research,2.82,87,2000,Management,Business
S201803055,2018,0,M,1,Black,NC,INST_03,Regional College C (Teaching),teaching,2.36,43,2000,Biology,STEM
S201803056,2018,1,M,1,Black,MI,INST_04,Regional College D (Teaching),teaching,3.03,45,2000,Economics-Bus,Business
S201803057,2018,1,F,0,White,FL,INST_03,Regional College C (Teaching),teaching,2.47,38,2000,Psychology,Social Sciences
S201803058,2018,1,F,0,Asian,IL,INST_03,Regional College C (Teaching),teaching,2.62,53,2000,Statistics,STEM
S201803059,2018,0,F,0,White,NC,INST_04,Regional College D (Teaching),teaching,3.51,49,2000,Management,Business
S201803060,2018,0,M,1,White,NJ,INST_01,State University A (Research),research,3.25,89,2000,Statistics,STEM
