graduate_id,institution_id,cohort_year,field_of_study,cum_gpa,first_gen,rural_origin
G2018000001,U03,2020,HLT,2.805,0,1
G2018000011,U02,2020,HLT,2.924,0,0
G2018000014,U01,2020,STEM,2.922,0,0
G2018000015,U02,2020,SOC,3.334,0,1
G2018000021,U03,2020,STEM,2.975,1,0
G2018000022,U04,2020,STEM,2.639,0,0
G2018000026,U07,2020,STEM,2.962,0,0
G2018000030,U08,2020,BUS,3.642,0,0
G2018000033,U01,2020,HUM,3.22,0,0
G2018000035,U01,2020,STEM,3.634,0,0
G2018000044,U08,2020,HLT,2.833,0,0
G2018000052,U05,2020,STEM,3.178,1,0
G2018000054,U01,2020,EDU,2.905,1,0
G2018000057,U06,2020,SOC,3.914,0,0
G2018000063,U05,2020,STEM,2.858,1,0
G2018000064,U02,2020,STEM,3.623,0,0
G2018000070,U08,2020,BUS,2.859,0,1
G2018000071,U01,2020,BUS,3.224,0,0
G2018000075,U05,2020,STEM,3.205,0,0
G2018000084,U04,2020,STEM,3.064,0,0
G2018000091,U02,2020,HLT,2.94,0,1
G2018000095,U06,2020,HLT,3.8,0,0
G2018000099,U02,2020,HLT,3.2,0,0
G2018000100,U02,2020,BUS,2.305,1,0
G2018000105,U06,2020,STEM,3.189,1,1
G2018000107,U04,2020,BUS,2.728,0,0
G2018000118,U02,2020,STEM,3.298,1,0
G2018000127,U01,2020,BUS,2.896,0,0
G2018000139,U02,2020,BUS,3.017,0,1
G2018000149,U02,2020,HUM,3.214,0,0
G2018000158,U02,2020,EDU,2.62,0,1
G2018000167,U01,2020,STEM,3.038,1,0
G2018000179,U07,2020,BUS,3.109,1,1
G2018000187,U05,2020,STEM,2.345,0,0
G2018000192,U04,2020,STEM,2.449,0,0
G2018000195,U07,2020,SOC,3.334,1,0
G2018000205,U07,2020,BUS,3.214,1,0
G2018000224,U03,2020,BUS,2.565,0,0
G2018000225,U01,2020,STEM,3.149,1,0
G2018000227,U04,2020,SOC,2.38,1,0
G2018000228,U03,2020,STEM,3.124,1,1
G2018000229,U05,2020,STEM,2.409,0,1
G2018000244,U04,2020,STEM,2.461,1,1
G2018000247,U02,2020,HLT,3.58,0,0
G2018000249,U04,2020,EDU,3.047,1,0
G2018000255,U04,2020,BUS,3.333,0,0
G2018000257,U05,2020,HUM,2.899,0,1
G2018000260,U07,2020,HLT,3.496,0,0
G2018000267,U03,2020,HUM,3.079,0,1
G2018000268,U03,2020,STEM,2.886,0,0
G2018000271,U06,2020,SOC,2.815,0,1
G2018000278,U05,2020,HUM,3.101,0,0
G2018000289,U02,2020,SOC,3.495,0,0
G2018000293,U01,2020,SOC,3.918,0,0
G2018000295,U08,2020,SOC,2.924,0,0
G2018000296,U04,2020,HUM,3.546,0,0
G2018000298,U04,2020,SOC,2.732,0,0
G2018000299,U05,2020,HUM,3.568,1,0
G2018000307,U07,2020,SOC,3.209,1,0
G2018000317,U04,2020,SOC,3.64,0,0
G2018000320,U06,2020,HUM,3.655,1,0
G2018000327,U01,2020,STEM,2.981,0,0
G2018000349,U07,2020,STEM,3.972,0,0
G2018000353,U05,2020,HLT,3.285,0,0
G2018000355,U03,2020,SOC,3.813,1,0
G2018000357,U07,2020,STEM,3.257,0,1
G2018000362,U07,2020,STEM,2.834,0,0
G2018000365,U07,2020,STEM,2.968,1,1
G2018000370,U03,2020,STEM,2.952,0,0
G2018000374,U06,2020,BUS,2.575,0,0
G2018000375,U05,2020,STEM,2.374,0,1
G2018000378,U02,2020,BUS,2.716,1,0
G2018000386,U05,2020,SOC,3.201,0,1
G2018000387,U06,2020,EDU,2.774,0,0
G2018000390,U01,2020,SOC,2.76,0,0
G2018000411,U04,2020,SOC,3.025,0,0
G2018000413,U07,2020,SOC,2.56,1,0
G2018000415,U08,2020,STEM,3.972,0,0
G2018000416,U06,2020,HUM,2.786,0,0
G2018000420,U04,2020,BUS,3.11,0,0
G2018000422,U03,2020,STEM,3.008,0,1
G2018000427,U02,2020,HUM,2.984,0,0
G2018000449,U02,2020,STEM,2.803,1,0
G2018000454,U03,2020,EDU,4.0,1,0
G2018000456,U03,2020,SOC,3.868,1,0
G2018000457,U08,2020,HUM,2.951,0,0
G2018000460,U07,2020,STEM,2.403,0,1
G2018000462,U07,2020,BUS,3.128,0,0
G2018000464,U03,2020,BUS,2.988,0,0
G2018000465,U03,2020,BUS,3.094,0,0
G2018000468,U03,2020,STEM,3.679,1,0
G2018000470,U08,2020,STEM,2.498,1,0
G2018000479,U02,2020,STEM,3.759,0,0
G2018000480,U06,2020,STEM,3.116,0,0
G2018000482,U01,2020,STEM,3.169,0,0
G2018000483,U04,2020,STEM,2.289,0,1
G2018000484,U04,2020,SOC,2.441,1,0
G2018000492,U07,2020,BUS,3.839,1,1
G2018000498,U04,2020,STEM,2.676,0,0
G2018000500,U01,2020,SOC,3.772,0,0
G2018000501,U02,2020,EDU,2.268,1,0
G2018000503,U05,2020,BUS,3.035,0,0
G2018000507,U07,2020,EDU,2.486,0,0
G2018000510,U06,2020,SOC,3.191,0,0
G2018000522,U03,2020,STEM,2.876,0,0
G2018000527,U02,2020,STEM,2.722,0,0
G2018000528,U01,2020,SOC,2.641,0,1
G2018000532,U05,2020,STEM,3.054,0,0
G2018000533,U06,2020,STEM,3.459,0,0
G2018000535,U01,2020,EDU,2.658,0,1
G2018000545,U04,2020,HUM,3.402,0,1
G2018000546,U02,2020,EDU,3.088,0,0
G2018000548,U06,2020,BUS,3.046,1,0
G2018000554,U08,2020,BUS,2.837,0,1
G2018000558,U02,2020,BUS,3.101,0,0
G2018000559,U02,2020,SOC,3.263,0,1
G2018000564,U08,2020,SOC,3.359,0,0
G2018000565,U07,2020,HLT,3.421,0,0
G2018000572,U06,2020,BUS,3.799,0,0
G2018000576,U03,2020,BUS,2.572,1,0
G2018000577,U04,2020,SOC,2.417,1,1
G2018000580,U05,2020,HUM,2.99,0,0
G2018000581,U08,2020,HLT,2.509,0,0
G2018000608,U07,2020,STEM,3.104,0,0
G2018000609,U08,2020,BUS,2.695,1,0
G2018000610,U02,2020,STEM,2.931,1,0
G2018000611,U01,2020,STEM,2.997,0,0
G2018000612,U08,2020,SOC,3.291,0,0
G2018000625,U01,2020,SOC,2.91,0,0
G2018000629,U07,2020,STEM,3.069,0,0
G2018000656,U06,2020,BUS,3.199,0,0
G2018000661,U05,2020,STEM,2.617,1,0
G2018000667,U06,2020,HUM,2.849,0,0
G2018000669,U08,2020,EDU,3.924,0,0
G2018000679,U06,2020,SOC,3.144,1,0
G2018000688,U01,2020,SOC,3.004,0,0
G2018000690,U02,2020,BUS,2.974,1,0
G2018000698,U07,2020,SOC,3.373,1,0
G2018000700,U05,2020,HUM,3.627,0,0
G2018000706,U01,2020,STEM,3.451,0,0
G2018000728,U06,2020,BUS,3.197,0,0
G2018000734,U02,2020,SOC,3.441,0,0
G2018000737,U02,2020,EDU,2.977,1,1
G2018000738,U05,2020,STEM,3.641,0,0
G2018000740,U08,2020,SOC,3.574,1,0
G2018000741,U08,2020,HLT,3.273,0,0
G2018000742,U07,2020,STEM,3.276,0,0
G2018000748,U02,2020,EDU,3.661,0,0
G2018000751,U02,2020,STEM,3.406,0,0
G2018000753,U05,2020,BUS,3.794,0,0
G2018000754,U02,2020,HUM,3.434,0,0
G2018000755,U03,2020,STEM,2.476,0,0
G2018000761,U02,2020,SOC,3.263,1,0
G2018000763,U05,2020,EDU,3.025,0,0
G2018000769,U03,2020,SOC,3.002,0,0
G2018000778,U05,2020,STEM,3.155,0,0
G2018000782,U08,2020,STEM,2.888,1,0
G2018000786,U07,2020,STEM,3.196,0,1
G2018000787,U08,2020,STEM,3.079,0,0
G2018000788,U05,2020,BUS,3.014,0,1
G2018000790,U08,2020,STEM,3.156,0,1
G2018000791,U06,2020,STEM,3.35,0,0
G2018000796,U04,2020,SOC,2.891,0,0
G2018000811,U01,2020,BUS,3.003,0,1
G2018000815,U08,2020,BUS,3.19,0,1
G2018000816,U04,2020,HLT,3.3,1,0
G2018000828,U05,2020,STEM,2.771,0,0
G2018000839,U02,2020,BUS,3.126,1,1
G2018000844,U07,2020,SOC,2.941,0,0
G2018000847,U01,2020,EDU,2.977,0,0
G2018000848,U03,2020,STEM,3.547,0,1
G2018000849,U03,2020,STEM,2.764,0,0
G2018000851,U01,2020,HUM,3.411,1,0
G2018000853,U07,2020,BUS,3.824,0,0
G2018000858,U05,2020,EDU,3.092,0,1
G2018000859,U07,2020,HLT,2.506,1,0
G2018000865,U03,2020,HLT,2.394,0,1
G2018000872,U06,2020,SOC,3.069,0,0
G2018000875,U07,2020,STEM,3.612,0,0
G2018000878,U07,2020,SOC,3.084,0,1
G2018000884,U07,2020,STEM,2.427,1,1
G2018000889,U08,2020,BUS,3.888,0,0
G2018000891,U01,2020,STEM,2.789,1,1
G2018000900,U01,2020,STEM,3.945,1,0
G2018000904,U06,2020,STEM,3.545,1,0
G2018000912,U07,2020,HUM,2.689,1,0
G2018000914,U03,2020,STEM,3.553,1,1
G2018000915,U08,2020,HUM,2.466,0,1
G2018000917,U06,2020,BUS,3.121,1,0
G2018000930,U01,2020,BUS,2.279,1,0
G2018000932,U01,2020,STEM,3.221,0,0
G2018000934,U07,2020,SOC,2.719,1,1
G2018000938,U06,2020,SOC,2.646,0,0
G2018000940,U03,2020,SOC,2.827,1,0
G2018000946,U06,2020,EDU,3.876,0,0
G2018000953,U05,2020,HUM,3.602,0,0
G2018000955,U07,2020,STEM,3.477,1,0
G2018000959,U05,2020,STEM,3.712,1,0
G2018000978,U06,2020,SOC,2.65,0,1
G2018000991,U02,2020,STEM,2.595,0,1
G2018000996,U02,2020,BUS,2.86,0,0
G2018001010,U08,2020,BUS,2.061,0,0
G2018001013,U07,2020,STEM,3.425,0,0
G2018001014,U01,2020,BUS,2.89,1,0
G2018001017,U02,2020,SOC,3.381,1,0
G2018001022,U03,2020,HUM,2.877,0,0
G2018001029,U07,2020,STEM,2.777,0,1
G2018001033,U02,2020,EDU,3.738,0,0
G2018001038,U01,2020,HLT,2.872,0,0
G2018001039,U08,2020,STEM,2.299,1,0
G2018001045,U01,2020,BUS,3.734,1,0
G2018001047,U04,2020,BUS,3.684,1,0
G2018001048,U03,2020,SOC,2.565,0,1
G2018001051,U05,2020,BUS,2.696,0,0
G2018001056,U01,2020,BUS,2.849,0,0
G2018001058,U02,2020,BUS,2.765,0,0
G2018001078,U07,2020,STEM,3.027,0,1
G2018001087,U07,2020,EDU,3.229,0,1
G2018001089,U08,2020,STEM,2.705,0,0
G2018001091,U07,2020,STEM,2.812,0,0
G2018001093,U07,2020,BUS,2.901,1,0
G2018001097,U06,2020,SOC,3.949,0,0
G2018001099,U01,2020,STEM,2.475,1,0
G2018001101,U08,2020,HUM,2.356,0,0
G2018001102,U06,2020,BUS,3.319,1,0
G2018001110,U02,2020,BUS,3.841,0,0
G2018001113,U05,2020,STEM,3.098,0,0
G2018001114,U02,2020,STEM,2.582,1,0
G2018001115,U03,2020,STEM,3.261,0,0
G2018001117,U01,2020,EDU,3.445,0,0
G2018001119,U05,2020,BUS,2.662,0,0
G2018001121,U07,2020,SOC,2.948,0,1
G2018001131,U07,2020,BUS,2.953,0,1
G2018001153,U08,2020,HLT,3.159,0,0
G2018001163,U03,2020,STEM,2.985,0,0
G2018001164,U05,2020,BUS,2.331,1,0
G2018001165,U08,2020,HLT,2.996,0,0
G2018001171,U01,2020,STEM,2.524,0,0
G2018001182,U07,2020,HUM,3.534,0,0
G2018001185,U06,2020,HUM,3.578,0,0
G2018001191,U06,2020,BUS,3.082,0,0
G2018001197,U04,2020,HUM,3.528,0,0
G2018001205,U02,2020,BUS,3.622,0,0
G2018001226,U07,2020,HUM,2.502,0,0
G2018001233,U06,2020,SOC,3.132,0,0
G2018001236,U06,2020,STEM,2.873,0,0
G2018001238,U05,2020,STEM,2.795,0,0
G2018001244,U03,2020,STEM,2.836,1,0
G2018001246,U06,2020,HLT,3.716,0,1
G2018001255,U04,2020,STEM,3.237,1,1
G2018001259,U02,2020,HUM,2.832,1,0
G2018001270,U01,2020,STEM,3.696,1,0
G2018001272,U03,2020,BUS,4.0,0,0
G2018001277,U07,2020,SOC,2.48,0,0
G2018001280,U04,2020,HUM,3.651,1,0
G2018001286,U07,2020,BUS,2.829,0,0
G2018001287,U08,2020,STEM,3.27,0,0
G2018001290,U08,2020,HLT,3.208,0,0
G2018001294,U04,2020,BUS,2.557,0,0
G2018001299,U06,2020,STEM,2.835,0,1
G2018001304,U08,2020,BUS,2.181,0,0
G2018001310,U01,2020,HLT,3.01,0,0
G2018001324,U04,2020,EDU,3.413,0,0
G2018001325,U02,2020,HUM,3.788,0,0
G2018001327,U05,2020,SOC,3.548,0,1
G2018001339,U06,2020,EDU,2.757,1,0
G2018001346,U02,2020,SOC,2.676,0,0
G2018001354,U05,2020,BUS,3.881,0,0
G2018001355,U01,2020,STEM,3.154,1,0
G2018001361,U02,2020,SOC,3.062,1,0
G2018001363,U05,2020,STEM,3.559,1,0
G2018001365,U02,2020,SOC,3.247,0,0
G2018001366,U04,2020,STEM,3.478,0,0
G2018001372,U02,2020,SOC,2.217,0,0
G2018001373,U05,2020,STEM,4.0,1,0
G2018001375,U08,2020,BUS,2.971,1,1
G2018001378,U05,2020,BUS,2.574,0,0
G2018001379,U07,2020,STEM,3.432,0,0
G2018001380,U06,2020,STEM,2.246,0,0
G2018001383,U03,2020,HLT,3.126,0,0
G2018001384,U07,2020,SOC,3.712,0,0
G2018001387,U02,2020,BUS,3.029,0,0
G2018001388,U03,2020,STEM,3.152,0,0
G2018001389,U08,2020,BUS,2.518,0,0
G2018001390,U04,2020,SOC,3.984,1,0
G2018001392,U08,2020,HUM,2.383,1,0
G2018001397,U02,2020,HLT,2.758,0,0
G2018001398,U04,2020,STEM,2.321,0,0
G2018001401,U05,2020,HUM,3.264,0,0
G2018001403,U05,2020,BUS,2.694,1,0
G2018001405,U06,2020,STEM,3.726,0,1
G2018001406,U03,2020,SOC,3.182,0,0
G2018001411,U07,2020,HLT,3.136,1,1
G2018001415,U03,2020,HLT,2.68,0,0
G2018001428,U02,2020,SOC,3.153,0,1
G2018001432,U02,2020,HUM,2.804,0,0
G2018001440,U03,2020,BUS,2.971,1,0
G2018001445,U08,2020,EDU,3.194,0,0
G2018001447,U07,2020,SOC,3.059,0,0
G2018001448,U06,2020,BUS,2.734,1,1
G2018001460,U06,2020,EDU,2.959,0,0
G2018001462,U08,2020,BUS,2.874,1,1
G2018001467,U03,2020,HUM,2.451,0,0
G2018001479,U06,2020,HLT,2.971,0,1
G2018001480,U02,2020,HLT,3.693,0,0
G2018001486,U07,2020,SOC,3.444,0,0
G2018001493,U07,2020,BUS,3.866,0,1
G2018001496,U05,2020,HLT,2.971,1,1
G2018001500,U08,2020,BUS,2.748,0,0
G2018001501,U06,2020,STEM,2.286,1,0
G2018001502,U01,2020,SOC,3.807,0,0
G2018001509,U04,2020,STEM,2.999,0,0
G2018001511,U07,2020,STEM,3.463,0,0
G2018001516,U02,2020,STEM,3.357,0,0
G2018001519,U04,2020,BUS,2.928,0,0
G2018001521,U05,2020,BUS,2.917,1,0
G2018001525,U06,2020,HLT,3.443,0,0
G2018001531,U07,2020,STEM,3.543,0,0
G2018001533,U07,2020,HLT,3.27,1,0
G2018001539,U05,2020,SOC,3.53,0,0
G2018001541,U07,2020,STEM,3.287,0,0
G2018001542,U03,2020,EDU,4.0,0,0
G2018001544,U07,2020,STEM,3.023,1,0
G2018001549,U04,2020,STEM,2.838,1,1
G2018001563,U01,2020,STEM,3.224,1,0
G2018001573,U02,2020,HUM,3.185,1,1
G2018001576,U08,2020,STEM,3.242,0,0
G2018001594,U05,2020,EDU,3.469,0,1
G2018001599,U04,2020,BUS,2.626,0,0
G2018001603,U02,2020,SOC,2.581,0,0
G2018001610,U03,2020,HUM,3.591,0,1
G2018001614,U07,2020,STEM,2.826,0,0
G2018001616,U07,2020,BUS,2.895,1,1
G2018001620,U05,2020,STEM,3.127,0,0
G2018001621,U02,2020,EDU,2.168,1,0
G2018001626,U05,2020,HLT,3.345,0,0
G2018001633,U02,2020,SOC,3.564,1,0
G2018001635,U03,2020,BUS,2.669,0,0
G2018001636,U05,2020,HLT,3.669,0,0
G2018001645,U04,2020,HUM,3.186,1,1
G2018001647,U08,2020,SOC,3.347,0,0
G2018001652,U07,2020,HUM,3.519,0,1
G2018001654,U07,2020,BUS,3.087,1,0
G2018001658,U01,2020,HUM,2.686,0,1
G2018001659,U07,2020,SOC,3.293,0,0
G2018001669,U03,2020,STEM,2.839,1,0
G2018001670,U01,2020,BUS,2.809,1,0
G2018001671,U02,2020,HUM,2.575,0,0
G2018001673,U08,2020,EDU,3.788,0,0
G2018001676,U07,2020,STEM,2.873,0,0
G2018001699,U03,2020,STEM,3.156,0,1
G2018001701,U08,2020,HLT,3.116,1,0
G2018001702,U06,2020,BUS,3.928,0,0
G2018001709,U06,2020,BUS,2.846,0,0
G2018001711,U01,2020,STEM,3.012,0,1
G2018001712,U07,2020,HUM,2.899,1,0
G2018001721,U08,2020,HUM,3.518,0,1
G2018001726,U08,2020,SOC,3.394,1,0
G2018001730,U04,2020,BUS,3.565,1,0
G2018001734,U02,2020,HUM,3.099,0,0
G2018001738,U04,2020,STEM,2.803,1,0
G2018001749,U05,2020,STEM,3.199,0,0
G2018001751,U02,2020,STEM,3.123,0,0
G2018001763,U08,2020,STEM,3.437,1,0
G2018001775,U03,2020,STEM,3.196,0,0
G2018001780,U07,2020,SOC,3.622,0,0
G2018001782,U04,2020,BUS,2.556,0,0
G2018001785,U03,2020,STEM,2.695,0,0
G2018001787,U04,2020,STEM,3.342,0,0
G2018001793,U06,2020,SOC,3.662,0,0
G2018001795,U06,2020,STEM,3.234,0,1
G2018001799,U01,2020,BUS,3.099,0,0
G2018001802,U05,2020,STEM,3.607,1,0
G2018001807,U01,2020,STEM,2.723,0,0
G2018001811,U05,2020,EDU,3.205,0,0
G2018001815,U07,2020,BUS,2.937,0,0
G2018001820,U01,2020,STEM,3.53,0,0
G2018001821,U05,2020,HUM,2.556,0,0
G2018001832,U05,2020,SOC,2.059,0,0
G2018001840,U02,2020,SOC,3.536,0,0
G2018001842,U08,2020,BUS,3.28,0,1
G2018001852,U08,2020,STEM,3.349,1,0
G2018001854,U07,2020,STEM,3.033,1,1
G2018001858,U07,2020,STEM,3.79,0,0
G2018001861,U01,2020,STEM,3.061,0,0
G2018001862,U04,2020,HLT,2.11,1,0
G2018001863,U07,2020,STEM,3.458,0,0
G2018001864,U05,2020,STEM,3.299,0,0
G2018001881,U05,2020,BUS,3.248,0,0
G2018001883,U07,2020,EDU,4.0,0,1
G2018001885,U03,2020,HLT,3.339,1,0
G2018001901,U07,2020,BUS,3.588,1,0
G2018001902,U01,2020,STEM,2.725,0,1
G2018001905,U01,2020,STEM,2.99,0,0
G2018001908,U08,2020,STEM,3.113,0,0
G2018001909,U04,2020,SOC,2.3,0,0
G2018001924,U02,2020,SOC,2.843,0,0
G2018001929,U04,2020,STEM,3.368,0,0
G2018001930,U07,2020,EDU,3.061,0,0
G2018001931,U06,2020,SOC,2.534,0,0
G2018001940,U05,2020,STEM,3.193,0,0
G2018001945,U01,2020,SOC,3.353,1,0
G2018001947,U05,2020,BUS,3.398,1,1
G2018001948,U08,2020,EDU,2.84,0,0
G2018001956,U03,2020,EDU,3.113,1,0
G2018001959,U06,2020,STEM,3.366,0,0
G2018001967,U08,2020,STEM,2.994,1,1
G2018001970,U02,2020,STEM,3.359,0,0
G2018001971,U03,2020,BUS,2.529,0,0
G2018001974,U01,2020,EDU,3.543,0,0
G2018001975,U07,2020,SOC,2.703,0,1
G2018001977,U04,2020,STEM,2.971,0,0
G2018001978,U07,2020,EDU,2.665,0,1
G2018001982,U03,2020,HLT,3.129,0,0
G2018001984,U08,2020,HUM,3.245,0,1
G2018001985,U01,2020,BUS,2.568,0,0
G2018001992,U04,2020,STEM,4.0,0,0
G2018001993,U01,2020,BUS,3.37,0,0
G2018002006,U08,2020,HLT,3.461,0,1
G2018002007,U05,2020,EDU,3.083,1,0
G2018002010,U03,2020,BUS,3.1,0,0
G2018002011,U01,2020,STEM,2.933,1,0
G2018002013,U08,2020,BUS,3.03,0,0
G2018002017,U04,2020,STEM,2.8,0,0
G2018002021,U06,2020,BUS,3.051,0,0
G2018002022,U08,2020,HLT,2.463,0,0
G2018002027,U06,2020,BUS,2.623,0,1
G2018002031,U03,2020,BUS,3.709,0,0
G2018002032,U07,2020,HLT,3.808,0,0
G2018002035,U06,2020,STEM,2.923,1,0
G2018002037,U06,2020,STEM,2.837,0,0
G2018002041,U07,2020,STEM,3.036,0,0
G2018002047,U05,2020,STEM,3.371,1,0
G2018002050,U07,2020,HLT,3.239,1,1
G2018002052,U06,2020,STEM,3.601,0,0
G2018002069,U06,2020,HLT,3.505,1,0
G2018002072,U05,2020,STEM,3.864,0,0
G2018002075,U07,2020,SOC,2.796,0,0
G2018002076,U06,2020,HLT,3.278,0,0
G2018002077,U02,2020,STEM,3.0,1,0
G2018002092,U01,2020,HLT,3.306,1,0
G2018002096,U06,2020,STEM,3.035,1,1
G2018002102,U08,2020,EDU,3.008,0,0
G2018002103,U01,2020,HUM,2.693,0,0
G2018002109,U03,2020,EDU,3.045,0,0
G2018002126,U03,2020,SOC,3.183,0,1
G2018002128,U03,2020,STEM,3.252,1,0
G2018002129,U02,2020,SOC,3.496,0,0
G2018002131,U01,2020,STEM,3.263,0,0
G2018002136,U02,2020,BUS,2.62,1,0
G2018002143,U01,2020,EDU,2.905,0,0
G2018002157,U04,2020,SOC,3.66,0,0
G2018002161,U06,2020,BUS,2.678,0,0
G2018002164,U08,2020,BUS,3.903,1,0
G2018002166,U07,2020,HUM,2.439,0,0
G2018002168,U07,2020,HUM,2.313,0,0
G2018002175,U01,2020,STEM,2.99,0,0
G2018002179,U06,2020,HUM,1.998,0,0
G2018002184,U07,2020,STEM,3.03,1,0
G2018002185,U01,2020,STEM,2.615,0,0
G2018002186,U07,2020,SOC,2.776,0,0
G2018002190,U02,2020,HLT,2.255,1,1
G2018002191,U04,2020,STEM,3.45,1,0
G2018002192,U08,2020,HUM,2.933,0,0
G2018002196,U08,2020,SOC,3.431,1,0
G2018002206,U01,2020,SOC,3.308,0,1
G2018002214,U02,2020,BUS,3.222,0,0
G2018002220,U08,2020,SOC,4.0,0,0
G2018002227,U04,2020,STEM,2.102,0,0
G2018002229,U01,2020,STEM,2.601,1,1
G2018002234,U04,2020,BUS,3.003,0,0
G2018002236,U01,2020,STEM,2.962,0,0
G2018002239,U06,2020,BUS,2.888,0,0
G2018002240,U04,2020,SOC,2.286,0,0
G2018002245,U06,2020,STEM,3.365,0,0
G2018002250,U07,2020,SOC,2.161,0,1
G2018002258,U03,2020,SOC,3.215,0,1
G2018002262,U06,2020,SOC,3.096,0,0
G2018002270,U05,2020,HUM,2.998,1,1
G2018002273,U03,2020,BUS,3.133,0,0
G2018002277,U04,2020,HLT,2.791,1,0
G2018002281,U04,2020,HUM,3.478,1,0
G2018002282,U08,2020,HLT,2.854,1,0
G2018002283,U03,2020,BUS,2.94,1,1
G2018002285,U03,2020,BUS,3.652,1,1
G2018002291,U01,2020,BUS,3.584,0,0
G2018002300,U05,2020,SOC,3.597,0,0
G2018002313,U03,2020,SOC,3.486,0,1
G2018002314,U08,2020,HUM,3.429,1,1
G2018002315,U04,2020,SOC,3.238,0,0
G2018002317,U08,2020,STEM,2.87,0,0
G2018002319,U02,2020,HLT,3.445,1,0
G2018002321,U01,2020,BUS,2.174,0,0
G2018002324,U04,2020,BUS,3.657,0,0
G2018002330,U03,2020,STEM,3.312,0,0
G2018002333,U05,2020,STEM,2.999,1,0
G2018002338,U03,2020,STEM,2.925,0,0
G2018002354,U04,2020,HUM,2.896,1,0
G2018002356,U03,2020,STEM,3.043,0,1
G2018002357,U03,2020,SOC,2.935,0,0
G2018002358,U08,2020,SOC,3.551,1,0
G2018002359,U08,2020,HUM,2.76,0,0
G2018002371,U05,2020,STEM,2.913,0,0
G2018002376,U03,2020,STEM,3.009,0,0
G2018002377,U01,2020,STEM,4.0,0,0
G2018002382,U03,2020,STEM,2.44,0,0
G2018002384,U02,2020,BUS,2.734,0,0
G2018002388,U04,2020,BUS,2.725,0,1
G2018002392,U06,2020,STEM,3.379,0,0
G2018002393,U06,2020,BUS,3.069,0,1
G2018002417,U04,2020,STEM,2.871,0,0
G2018002423,U08,2020,EDU,2.738,0,0
G2018002426,U02,2020,STEM,2.681,0,0
G2018002430,U08,2020,HLT,3.626,0,1
G2018002431,U02,2020,STEM,2.985,1,0
G2018002448,U07,2020,BUS,3.27,1,0
G2018002450,U05,2020,BUS,2.751,0,0
G2018002451,U02,2020,STEM,2.299,0,0
G2018002452,U07,2020,STEM,2.445,0,0
G2018002462,U03,2020,BUS,3.345,0,0
G2018002466,U03,2020,BUS,2.617,0,0
G2018002470,U08,2020,STEM,3.041,1,0
G2018002475,U08,2020,HUM,2.954,0,0
G2018002479,U08,2020,HUM,2.965,0,0
G2018002485,U08,2020,SOC,2.774,0,0
G2018002486,U06,2020,BUS,3.541,0,0
G2018002491,U03,2020,BUS,3.119,0,0
G2018002494,U02,2020,STEM,3.3,1,0
G2018002495,U04,2020,SOC,2.927,0,1
G2018002502,U08,2020,BUS,3.081,1,1
G2018002504,U08,2020,BUS,2.768,1,0
G2018002506,U02,2020,HUM,2.447,1,1
G2018002507,U05,2020,BUS,3.167,0,0
G2018002512,U06,2020,BUS,2.497,0,1
G2018002515,U07,2020,SOC,3.821,0,1
G2018002521,U08,2020,STEM,3.313,1,0
G2018002523,U02,2020,HLT,3.154,0,0
G2018002536,U06,2020,EDU,3.559,0,0
G2018002549,U07,2020,BUS,3.761,0,0
G2018002553,U01,2020,EDU,2.753,0,0
G2018002558,U02,2020,HUM,3.204,1,0
G2018002560,U06,2020,BUS,3.13,0,0
G2018002562,U04,2020,EDU,3.4,1,0
G2018002565,U01,2020,STEM,2.826,1,0
G2018002575,U07,2020,BUS,2.741,0,0
G2018002577,U06,2020,STEM,2.388,0,0
G2018002583,U06,2020,BUS,2.866,0,0
G2018002585,U06,2020,STEM,3.483,1,1
G2018002597,U06,2020,STEM,2.042,0,0
G2018002599,U08,2020,HUM,2.999,0,1
G2018002603,U07,2020,BUS,3.207,0,1
G2018002610,U02,2020,BUS,3.466,0,0
G2018002612,U01,2020,HUM,3.925,0,0
G2018002625,U05,2020,SOC,2.753,1,0
G2018002629,U03,2020,SOC,2.769,1,0
G2018002634,U04,2020,HUM,2.717,0,0
G2018002640,U06,2020,SOC,3.19,0,0
G2018002646,U01,2020,BUS,3.503,1,0
G2018002648,U08,2020,STEM,3.232,0,1
G2018002649,U08,2020,SOC,2.717,0,0
G2018002650,U06,2020,STEM,2.978,0,1
G2018002666,U01,2020,SOC,2.991,0,1
G2018002670,U03,2020,STEM,2.931,0,0
G2018002673,U02,2020,BUS,3.266,0,0
G2018002675,U02,2020,EDU,3.434,0,0
G2018002681,U02,2020,STEM,2.706,0,0
G2018002684,U02,2020,SOC,3.656,1,0
G2018002688,U06,2020,SOC,4.0,1,0
G2018002691,U08,2020,STEM,4.0,0,0
G2018002692,U06,2020,BUS,2.6,0,0
G2018002704,U07,2020,STEM,3.067,0,0
G2018002714,U03,2020,EDU,3.518,0,0
G2018002717,U05,2020,STEM,3.454,0,0
G2018002723,U04,2020,BUS,3.01,0,0
G2018002727,U04,2020,STEM,2.596,0,1
G2018002733,U01,2020,STEM,2.938,0,0
G2018002735,U02,2020,STEM,3.197,0,0
G2018002751,U03,2020,BUS,2.726,0,0
G2018002759,U03,2020,STEM,2.75,0,0
G2018002760,U08,2020,HLT,3.1,1,0
G2018002761,U08,2020,SOC,3.498,0,0
G2018002765,U07,2020,STEM,3.042,0,1
G2018002778,U01,2020,STEM,2.472,1,1
G2018002786,U04,2020,HUM,2.879,0,0
G2018002787,U02,2020,STEM,2.49,0,0
G2018002804,U08,2020,BUS,2.983,1,0
G2018002807,U08,2020,BUS,3.808,1,0
G2018002808,U04,2020,HLT,2.723,1,0
G2018002811,U02,2020,HLT,3.384,0,0
G2018002821,U05,2020,BUS,2.981,1,1
G2018002822,U05,2020,SOC,3.303,1,0
G2018002824,U01,2020,HUM,2.595,0,1
G2018002826,U06,2020,HUM,2.353,1,0
G2018002827,U06,2020,SOC,3.862,0,0
G2018002830,U06,2020,HLT,3.519,0,1
G2018002831,U03,2020,HUM,2.69,0,0
G2018002833,U08,2020,STEM,2.363,0,0
G2018002837,U03,2020,HLT,2.776,0,0
G2018002838,U06,2020,BUS,3.246,0,0
G2018002840,U04,2020,STEM,2.916,0,0
G2018002844,U05,2020,STEM,3.101,0,0
G2018002848,U07,2020,EDU,3.42,1,1
G2018002849,U08,2020,BUS,2.376,0,0
G2018002850,U03,2020,BUS,2.92,1,0
G2018002854,U06,2020,HUM,2.982,0,0
G2018002855,U03,2020,HUM,2.559,1,1
G2018002859,U07,2020,STEM,3.128,1,0
G2018002862,U08,2020,BUS,2.761,1,1
G2018002880,U01,2020,STEM,2.961,0,1
G2018002895,U05,2020,STEM,2.674,1,1
G2018002899,U04,2020,BUS,2.238,0,0
G2018002905,U06,2020,HUM,2.811,1,0
G2018002906,U05,2020,BUS,3.068,1,0
G2018002911,U06,2020,HUM,3.212,0,1
G2018002916,U06,2020,SOC,2.435,0,1
G2018002923,U04,2020,BUS,3.302,0,0
G2018002927,U05,2020,SOC,3.267,1,0
G2018002930,U03,2020,STEM,3.376,0,0
G2018002939,U04,2020,SOC,3.138,0,0
G2018002942,U05,2020,STEM,3.492,0,0
G2018002953,U01,2020,SOC,3.173,1,1
G2018002963,U02,2020,STEM,3.534,0,0
G2018002968,U08,2020,HLT,2.924,0,0
G2018002969,U08,2020,BUS,3.464,0,0
G2018002977,U03,2020,STEM,3.209,0,0
G2018002978,U06,2020,STEM,3.357,0,0
G2018002980,U06,2020,STEM,3.363,0,1
G2018002982,U03,2020,STEM,2.898,1,0
G2018003004,U08,2020,SOC,2.54,0,0
G2018003008,U07,2020,BUS,2.906,0,0
G2018003011,U04,2020,HUM,2.462,0,0
G2018003012,U01,2020,BUS,3.152,0,1
G2018003014,U01,2020,HUM,2.969,0,0
G2018003020,U06,2020,HLT,4.0,1,0
G2018003040,U01,2020,STEM,2.633,0,0
G2018003043,U04,2020,HUM,2.652,1,0
G2018003047,U03,2020,EDU,3.229,1,0
G2018003051,U03,2020,BUS,3.179,0,0
G2018003052,U06,2020,STEM,3.49,0,0
G2018003064,U03,2020,STEM,2.901,1,0
G2018003065,U08,2020,SOC,3.167,1,0
G2018003066,U02,2020,STEM,3.174,0,1
G2018003067,U07,2020,HLT,3.516,1,1
G2018003069,U08,2020,SOC,2.935,1,0
G2018003073,U08,2020,HUM,3.11,0,1
G2018003074,U05,2020,HLT,3.061,0,0
G2018003077,U01,2020,BUS,3.3,0,0
G2018003080,U08,2020,HLT,3.297,0,0
G2018003098,U03,2020,BUS,2.988,1,1
G2018003099,U07,2020,EDU,2.662,1,0
G2018003101,U02,2020,BUS,2.336,0,0
G2018003105,U04,2020,HLT,2.763,0,0
G2018003117,U05,2020,HLT,2.574,0,0
G2018003119,U07,2020,HLT,3.044,0,0
G2018003120,U05,2020,STEM,3.598,0,0
G2018003122,U06,2020,HUM,3.576,0,0
G2018003124,U01,2020,STEM,3.363,0,1
G2018003128,U03,2020,HLT,3.963,0,0
G2018003136,U02,2020,HUM,2.113,0,0
G2018003137,U06,2020,BUS,3.286,0,0
G2018003146,U07,2020,EDU,2.077,0,0
G2018003158,U07,2020,HLT,2.867,0,0
G2018003161,U01,2020,SOC,3.626,0,0
G2018003165,U07,2020,STEM,2.499,0,0
G2018003177,U05,2020,BUS,2.582,0,1
G2018003179,U07,2020,STEM,3.385,0,1
G2018003189,U02,2020,BUS,3.447,1,0
G2018003195,U05,2020,BUS,2.918,0,1
G2018003199,U04,2020,STEM,3.024,1,0
G2018003203,U03,2020,BUS,3.378,1,0
G2018003204,U07,2020,HLT,3.327,0,1
G2018003205,U02,2020,HUM,3.491,0,0
G2018003206,U02,2020,HLT,3.036,0,0
G2018003216,U03,2020,HUM,3.123,0,0
G2018003221,U05,2020,STEM,2.812,0,0
G2018003228,U02,2020,HLT,3.081,1,0
G2018003233,U06,2020,STEM,3.107,1,0
G2018003241,U01,2020,SOC,3.109,0,0
G2018003253,U01,2020,SOC,2.891,0,0
G2018003260,U04,2020,BUS,3.041,0,0
G2018003265,U08,2020,STEM,2.864,1,1
G2018003266,U04,2020,BUS,3.642,0,0
G2018003267,U05,2020,EDU,2.778,0,0
G2018003268,U05,2020,BUS,2.756,1,1
G2018003274,U06,2020,BUS,3.132,0,0
G2018003279,U03,2020,STEM,3.444,0,0
G2018003285,U05,2020,SOC,2.996,1,0
G2018003287,U06,2020,STEM,2.843,1,0
G2018003289,U08,2020,BUS,3.183,1,0
G2018003290,U05,2020,HLT,3.793,1,0
G2018003293,U02,2020,SOC,3.457,0,0
G2018003318,U02,2020,SOC,3.499,1,1
G2018003321,U03,2020,HLT,3.127,0,0
G2018003326,U01,2020,HLT,3.475,0,1
G2018003335,U05,2020,HUM,1.725,0,1
G2018003345,U03,2020,HUM,2.819,1,0
G2018003346,U01,2020,HLT,2.512,1,0
G2018003349,U05,2020,SOC,3.662,1,0
G2018003361,U02,2020,HUM,2.656,0,0
G2018003362,U08,2020,STEM,2.93,0,0
G2018003363,U08,2020,STEM,2.526,0,0
G2018003365,U08,2020,BUS,3.057,1,1
G2018003372,U04,2020,SOC,2.716,0,0
G2018003373,U04,2020,STEM,2.127,0,0
G2018003374,U05,2020,STEM,3.74,1,0
G2018003386,U07,2020,STEM,3.319,1,0
G2018003387,U08,2020,BUS,3.579,0,0
G2018003395,U05,2020,STEM,2.646,1,0
G2018003399,U02,2020,BUS,3.959,0,0
G2018003401,U04,2020,STEM,3.253,0,0
G2018003404,U01,2020,BUS,3.272,0,0
G2018003412,U04,2020,BUS,2.857,0,0
G2018003422,U08,2020,SOC,2.319,0,1
G2018003430,U06,2020,HLT,2.989,0,0
G2018003433,U04,2020,HLT,2.996,1,0
G2018003434,U05,2020,HUM,3.332,0,0
G2018003439,U06,2020,SOC,3.382,1,0
G2018003441,U05,2020,STEM,2.681,0,1
G2018003449,U03,2020,HUM,2.3,1,1
G2018003455,U04,2020,STEM,2.371,0,0
G2018003458,U05,2020,STEM,2.146,1,0
G2018003464,U08,2020,SOC,3.04,0,0
G2018003465,U07,2020,STEM,3.309,0,0
G2018003467,U06,2020,STEM,3.663,0,0
G2018003478,U06,2020,SOC,3.231,1,1
G2018003489,U06,2020,SOC,2.729,0,0
G2018003490,U04,2020,STEM,3.297,0,0
G2018003492,U03,2020,STEM,3.76,0,0
G2018003498,U02,2020,HLT,2.927,0,0
G2018003510,U01,2020,STEM,1.932,0,1
G2018003520,U03,2020,HUM,2.725,0,0
G2018003522,U08,2020,HUM,2.688,0,0
G2018003527,U07,2020,BUS,3.075,1,0
G2018003531,U04,2020,STEM,3.168,0,0
G2018003533,U02,2020,SOC,2.803,0,0
G2018003537,U08,2020,STEM,3.301,0,0
G2018003540,U08,2020,STEM,3.308,0,0
G2018003541,U06,2020,EDU,2.704,1,1
G2018003543,U03,2020,BUS,3.102,0,0
G2018003544,U04,2020,SOC,3.671,0,0
G2018003552,U05,2020,STEM,2.745,0,0
G2018003557,U03,2020,SOC,3.045,0,0
G2018003558,U01,2020,BUS,3.187,0,0
G2018003560,U06,2020,EDU,3.0,0,0
G2018003562,U08,2020,SOC,3.95,0,0
G2018003568,U01,2020,STEM,2.986,0,0
G2018003574,U04,2020,SOC,3.056,0,0
G2018003588,U08,2020,BUS,2.611,1,0
G2018003599,U06,2020,BUS,3.609,1,0
G2018003602,U08,2020,SOC,3.021,0,0
G2018003603,U08,2020,HUM,3.086,0,0
G2018003604,U04,2020,HLT,2.777,0,1
G2018003605,U04,2020,SOC,3.303,0,0
G2018003615,U03,2020,SOC,2.945,0,0
G2018003616,U08,2020,SOC,3.435,0,0
G2018003618,U07,2020,STEM,3.572,1,0
G2018003619,U02,2020,STEM,2.642,1,0
G2018003621,U03,2020,BUS,3.249,0,0
G2018003623,U08,2020,HLT,3.078,0,0
G2018003625,U03,2020,SOC,2.751,1,1
G2018003626,U01,2020,SOC,3.132,0,0
G2018003633,U01,2020,HLT,3.044,0,0
G2018003634,U06,2020,SOC,3.612,0,1
G2018003635,U01,2020,STEM,2.94,1,1
G2018003638,U04,2020,BUS,2.766,0,0
G2018003640,U01,2020,HLT,3.826,0,0
G2018003643,U03,2020,BUS,3.57,0,0
G2018003645,U05,2020,STEM,3.03,1,0
G2018003649,U08,2020,BUS,3.347,1,1
G2018003654,U02,2020,STEM,3.282,0,0
G2018003656,U08,2020,BUS,2.708,0,0
G2018003657,U02,2020,SOC,3.305,0,0
G2018003658,U02,2020,SOC,3.894,0,0
G2018003660,U08,2020,SOC,3.779,0,0
G2018003663,U01,2020,EDU,3.101,0,0
G2018003664,U06,2020,STEM,2.591,1,0
G2018003666,U04,2020,BUS,2.85,0,0
G2018003678,U04,2020,EDU,2.847,1,0
G2018003685,U03,2020,SOC,3.363,0,0
G2018003689,U04,2020,HUM,3.672,0,0
G2018003695,U08,2020,HUM,3.193,0,0
G2018003701,U01,2020,BUS,2.718,1,0
G2018003707,U06,2020,SOC,2.61,0,0
G2018003709,U08,2020,HLT,3.083,0,0
G2018003713,U06,2020,BUS,3.761,0,0
G2018003714,U02,2020,SOC,3.302,0,0
G2018003719,U06,2020,STEM,3.214,0,0
G2018003729,U07,2020,BUS,3.413,0,0
G2018003732,U02,2020,BUS,3.224,0,1
G2018003733,U06,2020,BUS,2.853,1,0
G2018003736,U03,2020,SOC,4.0,0,0
G2018003737,U05,2020,STEM,3.117,0,0
G2018003738,U08,2020,STEM,2.928,0,0
G2018003741,U06,2020,STEM,2.934,0,0
G2018003743,U05,2020,BUS,3.459,0,1
G2018003745,U08,2020,EDU,3.138,1,0
G2018003751,U04,2020,STEM,2.903,0,0
G2018003754,U05,2020,SOC,2.765,0,0
G2018003762,U02,2020,BUS,3.147,0,0
G2018003765,U05,2020,SOC,2.694,0,0
G2018003777,U07,2020,BUS,2.673,1,0
G2018003779,U01,2020,STEM,3.515,0,0
G2018003783,U06,2020,HLT,3.185,0,0
G2018003784,U04,2020,STEM,2.675,1,0
G2018003788,U07,2020,BUS,2.765,1,0
G2018003789,U08,2020,SOC,2.775,0,0
G2018003796,U07,2020,HLT,3.236,0,0
G2018003803,U07,2020,SOC,3.458,0,0
G2018003804,U01,2020,HUM,3.091,1,0
G2018003806,U03,2020,EDU,3.134,0,0
G2018003811,U03,2020,STEM,3.136,0,0
G2018003816,U07,2020,EDU,2.253,1,0
G2018003820,U07,2020,HUM,2.911,0,0
G2018003821,U08,2020,BUS,3.026,0,0
G2018003822,U02,2020,STEM,4.0,1,0
G2018003829,U07,2020,STEM,3.059,0,0
G2018003832,U04,2020,BUS,3.156,0,0
G2018003842,U04,2020,STEM,3.257,0,0
G2018003844,U02,2020,STEM,2.497,0,0
G2018003849,U07,2020,STEM,3.197,1,0
G2018003857,U06,2020,BUS,2.69,0,0
G2018003861,U06,2020,EDU,3.455,0,0
G2018003863,U06,2020,STEM,2.869,0,1
G2018003867,U04,2020,BUS,2.405,0,0
G2018003871,U07,2020,STEM,3.712,0,0
G2018003872,U04,2020,BUS,2.979,0,1
G2018003873,U04,2020,EDU,3.083,0,1
G2018003878,U04,2020,BUS,3.235,0,1
G2018003879,U08,2020,BUS,2.742,0,0
G2018003884,U08,2020,HUM,2.954,1,0
G2018003888,U08,2020,BUS,3.378,0,0
G2018003891,U02,2020,SOC,3.26,0,0
G2018003907,U07,2020,BUS,2.759,0,0
G2018003911,U04,2020,BUS,3.229,0,1
G2018003913,U06,2020,BUS,2.937,0,0
G2018003916,U01,2020,STEM,3.246,0,1
G2018003917,U04,2020,EDU,3.342,0,0
G2018003918,U02,2020,BUS,2.18,1,0
G2018003924,U06,2020,EDU,2.838,0,0
G2018003927,U04,2020,STEM,3.06,0,0
G2018003928,U06,2020,BUS,2.502,0,0
G2018003930,U01,2020,SOC,2.805,0,0
G2018003931,U04,2020,STEM,2.783,0,0
G2018003932,U03,2020,STEM,2.821,0,0
G2018003942,U05,2020,EDU,3.908,1,0
G2018003944,U02,2020,BUS,3.087,0,0
G2018003950,U08,2020,BUS,3.531,0,0
G2018003958,U06,2020,STEM,3.93,1,1
G2018003960,U05,2020,SOC,3.524,0,0
G2018003964,U05,2020,STEM,3.964,0,0
G2018003972,U05,2020,SOC,2.93,1,1
G2018003974,U04,2020,STEM,2.966,1,1
G2018003978,U04,2020,STEM,3.501,0,0
G2018003984,U02,2020,STEM,2.475,1,0
G2018003987,U08,2020,SOC,2.89,1,0
G2018003988,U05,2020,BUS,3.439,0,0
G2018003996,U06,2020,STEM,3.306,0,1
G2018003998,U01,2020,SOC,2.82,0,0
G2018004006,U01,2020,SOC,3.116,0,0
G2018004010,U03,2020,EDU,3.186,1,0
G2018004014,U01,2020,STEM,2.78,0,0
G2018004020,U05,2020,STEM,3.231,0,0
G2018004025,U05,2020,SOC,2.808,0,0
G2018004027,U03,2020,STEM,4.0,0,0
G2018004035,U08,2020,HLT,3.297,0,0
G2018004036,U02,2020,HUM,3.265,0,0
G2018004044,U02,2020,STEM,3.208,0,0
G2018004049,U08,2020,HLT,3.105,1,0
G2018004055,U04,2020,HLT,3.626,0,1
G2018004059,U04,2020,STEM,3.201,1,0
G2018004066,U03,2020,BUS,2.916,0,0
G2018004073,U02,2020,BUS,3.187,1,0
G2018004074,U08,2020,SOC,3.346,0,1
G2018004077,U05,2020,BUS,2.925,1,0
G2018004078,U02,2020,BUS,2.519,0,1
G2018004079,U03,2020,HLT,2.672,0,0
G2018004088,U08,2020,STEM,2.862,0,0
G2018004089,U01,2020,STEM,3.015,0,1
G2018004095,U02,2020,SOC,2.798,0,0
G2018004097,U07,2020,STEM,3.417,0,0
G2018004112,U07,2020,SOC,3.954,0,0
G2018004119,U06,2020,SOC,2.933,0,0
G2018004130,U02,2020,STEM,2.777,0,1
G2018004137,U06,2020,EDU,2.643,0,0
G2018004142,U07,2020,SOC,2.625,0,1
G2018004144,U05,2020,HUM,2.81,0,0
G2018004146,U02,2020,BUS,2.569,0,0
G2018004148,U06,2020,BUS,2.595,1,1
G2018004156,U04,2020,SOC,2.539,0,1
G2018004164,U02,2020,SOC,2.925,1,0
G2018004165,U08,2020,BUS,3.265,0,0
G2018004168,U06,2020,SOC,3.834,1,0
G2018004171,U08,2020,BUS,3.062,0,0
G2018004176,U04,2020,BUS,3.072,0,0
G2018004186,U05,2020,STEM,2.623,0,0
G2018004191,U06,2020,HLT,2.856,0,0
G2018004192,U01,2020,BUS,2.743,1,0
G2018004195,U02,2020,BUS,3.115,0,0
G2018004196,U03,2020,BUS,2.795,0,0
G2018004197,U07,2020,BUS,2.613,0,1
G2018004198,U06,2020,EDU,3.702,1,0
G2018004201,U01,2020,HUM,3.506,1,1
G2018004205,U05,2020,STEM,3.106,0,0
G2018004210,U03,2020,BUS,2.636,0,0
G2018004212,U03,2020,HUM,3.215,0,0
G2018004218,U04,2020,STEM,2.446,1,0
G2018004221,U02,2020,HLT,2.313,1,1
G2018004222,U02,2020,SOC,3.787,0,1
G2018004225,U05,2020,BUS,3.232,0,0
G2018004228,U01,2020,STEM,3.111,1,0
G2018004231,U07,2020,EDU,2.505,1,0
G2018004235,U05,2020,STEM,2.662,1,1
G2018004236,U01,2020,HLT,3.354,1,1
G2018004245,U08,2020,EDU,2.885,0,0
G2018004265,U08,2020,STEM,2.637,0,0
G2018004267,U06,2020,STEM,3.116,0,1
G2018004272,U06,2020,HLT,2.707,0,0
G2018004273,U08,2020,EDU,3.266,0,0
G2018004274,U05,2020,BUS,2.95,0,0
G2018004279,U05,2020,SOC,2.74,0,0
G2018004281,U03,2020,BUS,2.927,1,0
G2018004282,U05,2020,BUS,3.187,0,0
G2018004283,U07,2020,HLT,2.712,1,0
G2018004289,U05,2020,BUS,3.36,0,0
G2018004291,U07,2020,HUM,3.134,0,0
G2018004296,U07,2020,HUM,2.559,1,0
G2018004302,U03,2020,EDU,3.504,0,0
G2018004307,U07,2020,EDU,3.244,1,1
G2018004308,U07,2020,HLT,3.246,0,0
G2018004314,U03,2020,STEM,2.485,0,0
G2018004317,U03,2020,BUS,3.274,0,0
G2018004319,U04,2020,HUM,3.353,1,0
G2018004326,U07,2020,STEM,2.359,0,0
G2018004328,U04,2020,BUS,3.748,0,0
G2018004343,U06,2020,STEM,2.234,1,0
G2018004351,U01,2020,STEM,2.821,1,0
G2018004352,U07,2020,HUM,3.769,0,0
G2018004353,U05,2020,STEM,2.272,0,1
G2018004358,U02,2020,STEM,3.042,0,0
G2018004365,U08,2020,HUM,2.923,0,0
G2018004370,U01,2020,BUS,3.497,0,0
G2018004371,U06,2020,STEM,2.334,0,0
G2018004381,U04,2020,STEM,3.398,0,0
G2018004388,U05,2020,SOC,3.446,0,0
G2018004394,U08,2020,SOC,2.53,0,0
G2018004399,U02,2020,HUM,4.0,0,0
G2018004413,U03,2020,EDU,3.173,1,0
G2018004416,U05,2020,EDU,3.08,0,1
G2018004419,U02,2020,BUS,2.867,0,1
G2018004426,U07,2020,BUS,3.51,0,0
G2018004430,U05,2020,STEM,2.446,0,0
G2018004436,U06,2020,BUS,2.942,1,0
G2018004438,U02,2020,STEM,2.705,0,1
G2018004440,U06,2020,STEM,3.225,1,0
G2018004441,U04,2020,HLT,2.941,1,1
G2018004443,U05,2020,BUS,3.37,0,1
G2018004446,U02,2020,STEM,3.22,0,0
G2018004448,U06,2020,HUM,1.6,0,0
G2018004454,U02,2020,BUS,3.064,0,0
G2018004457,U08,2020,SOC,1.899,1,0
G2018004463,U02,2020,STEM,3.824,1,0
G2018004476,U08,2020,BUS,2.98,0,0
G2018004478,U03,2020,STEM,4.0,1,0
G2018004483,U04,2020,STEM,2.311,1,0
G2018004499,U06,2020,STEM,2.819,0,0
G2018004501,U02,2020,EDU,2.804,0,1
G2018004514,U01,2020,BUS,2.901,0,0
G2018004516,U05,2020,STEM,2.61,0,0
G2018004524,U03,2020,EDU,3.031,1,1
G2018004526,U08,2020,BUS,2.354,0,0
G2018004536,U01,2020,HLT,2.292,1,1
G2018004538,U03,2020,BUS,3.146,0,1
G2018004545,U05,2020,STEM,2.906,0,0
G2018004549,U03,2020,STEM,3.099,0,0
G2018004550,U04,2020,SOC,3.317,1,1
G2018004558,U01,2020,SOC,3.74,0,0
G2018004567,U05,2020,STEM,3.266,0,1
G2018004570,U04,2020,STEM,3.4,0,0
G2018004579,U04,2020,BUS,2.864,0,0
G2018004580,U03,2020,STEM,2.667,0,1
G2018004582,U05,2020,HLT,2.555,1,0
G2018004591,U02,2020,STEM,3.135,0,1
G2018004596,U08,2020,HUM,2.951,1,0
G2018004597,U07,2020,STEM,3.779,1,0
G2018004598,U01,2020,STEM,3.473,0,0
G2018004605,U07,2020,BUS,3.751,1,0
G2018004608,U08,2020,SOC,3.571,0,0
G2018004614,U03,2020,BUS,3.258,0,0
G2018004620,U05,2020,HLT,2.905,0,0
G2018004624,U03,2020,STEM,2.608,0,0
G2018004626,U07,2020,BUS,3.015,0,0
G2018004630,U04,2020,HUM,2.942,0,1
G2018004637,U08,2020,HLT,3.306,0,0
G2018004638,U03,2020,STEM,2.489,0,0
G2018004639,U05,2020,STEM,2.934,0,0
G2018004642,U03,2020,BUS,2.702,0,0
G2018004648,U01,2020,BUS,3.082,0,0
G2018004649,U06,2020,SOC,2.911,0,0
G2018004654,U02,2020,BUS,3.032,0,0
G2018004660,U06,2020,STEM,2.927,0,0
G2018004663,U07,2020,HUM,3.084,0,0
G2018004675,U08,2020,STEM,3.964,1,0
G2018004682,U05,2020,STEM,2.607,0,0
G2018004683,U08,2020,STEM,3.719,0,1
G2018004687,U03,2020,HLT,3.212,1,0
G2018004692,U02,2020,BUS,2.951,0,0
G2018004697,U01,2020,EDU,2.868,0,0
G2018004700,U08,2020,EDU,3.3,0,0
G2018004703,U07,2020,STEM,2.641,1,0
G2018004707,U04,2020,STEM,2.847,0,1
G2018004709,U02,2020,STEM,3.467,1,1
G2018004720,U05,2020,HUM,2.93,1,0
G2018004722,U02,2020,HUM,3.184,0,0
G2018004724,U03,2020,STEM,3.097,0,0
G2018004731,U04,2020,HLT,2.907,0,1
G2018004734,U07,2020,HUM,3.012,0,0
G2018004736,U04,2020,BUS,2.934,0,1
G2018004737,U01,2020,HLT,3.357,0,0
G2018004740,U01,2020,BUS,3.522,0,0
G2018004754,U05,2020,HLT,3.457,1,1
G2018004766,U08,2020,EDU,3.508,1,1
G2018004768,U06,2020,STEM,2.208,0,1
G2018004773,U03,2020,BUS,3.257,1,1
G2018004791,U02,2020,SOC,2.454,1,0
G2018004793,U08,2020,STEM,3.369,0,0
G2018004794,U02,2020,HUM,3.34,0,1
G2018004799,U05,2020,STEM,3.304,0,0
G2018004800,U08,2020,STEM,3.534,1,0
G2018004804,U06,2020,BUS,3.326,1,0
G2018004805,U05,2020,EDU,2.929,0,0
G2018004810,U07,2020,SOC,3.599,0,0
G2018004816,U07,2020,BUS,3.277,0,0
G2018004817,U08,2020,STEM,3.802,0,0
G2018004820,U08,2020,STEM,3.136,0,0
G2018004823,U04,2020,HLT,3.343,0,0
G2018004826,U07,2020,BUS,2.726,0,1
G2018004831,U07,2020,BUS,2.13,0,0
G2018004835,U08,2020,SOC,3.285,1,1
G2018004838,U06,2020,BUS,3.094,1,0
G2018004839,U06,2020,BUS,2.568,1,0
G2018004841,U01,2020,STEM,3.138,0,0
G2018004842,U02,2020,SOC,2.955,0,0
G2018004852,U08,2020,BUS,3.768,0,1
G2018004853,U05,2020,STEM,2.683,1,0
G2018004857,U07,2020,STEM,3.21,0,0
G2018004868,U04,2020,HUM,2.848,0,1
G2018004870,U02,2020,STEM,3.602,1,1
G2018004876,U03,2020,STEM,2.385,1,0
G2018004880,U07,2020,HUM,2.601,0,1
G2018004882,U05,2020,HLT,2.724,1,0
G2018004886,U04,2020,HUM,3.224,0,0
G2018004895,U07,2020,SOC,3.321,0,1
G2018004897,U08,2020,BUS,3.63,0,0
G2018004899,U05,2020,STEM,2.765,1,0
G2018004914,U07,2020,STEM,3.15,0,0
G2018004925,U05,2020,STEM,3.371,0,0
G2018004943,U04,2020,BUS,3.131,0,0
G2018004954,U07,2020,STEM,3.042,1,1
G2018004958,U05,2020,HUM,3.035,0,0
G2018004960,U04,2020,SOC,3.193,0,0
G2018004962,U02,2020,HUM,3.36,1,0
G2018004978,U03,2020,BUS,2.569,0,1
G2018004985,U08,2020,STEM,3.309,0,0
G2018004992,U03,2020,STEM,2.862,1,0
G2018005001,U08,2020,STEM,3.33,1,0
G2018005007,U06,2020,HLT,1.95,0,0
G2018005009,U07,2020,HLT,3.281,0,0
G2018005012,U04,2020,BUS,2.922,0,0
G2018005013,U04,2020,BUS,3.356,0,1
G2018005022,U08,2020,HUM,2.791,0,1
G2018005029,U03,2020,SOC,3.589,0,0
G2018005034,U06,2020,HUM,4.0,1,0
G2018005037,U02,2020,STEM,3.788,0,0
G2018005039,U04,2020,STEM,2.924,0,0
G2018005041,U04,2020,BUS,3.717,0,0
G2018005050,U04,2020,HLT,2.781,0,0
G2018005052,U05,2020,SOC,3.243,1,1
G2018005065,U06,2020,STEM,2.832,0,0
G2018005074,U08,2020,STEM,3.787,1,0
G2018005077,U07,2020,STEM,3.59,1,0
G2018005080,U05,2020,HUM,3.598,0,0
G2018005090,U06,2020,SOC,2.354,0,1
G2018005091,U08,2020,SOC,2.921,0,0
G2018005099,U08,2020,HLT,3.419,0,0
G2018005100,U03,2020,SOC,2.787,1,0
G2018005107,U02,2020,SOC,3.594,0,0
G2018005108,U08,2020,STEM,3.454,0,1
G2018005109,U08,2020,BUS,3.591,0,0
G2018005115,U08,2020,SOC,3.118,1,0
G2018005116,U07,2020,STEM,3.19,0,0
G2018005130,U02,2020,HUM,3.07,0,0
G2018005132,U07,2020,SOC,2.915,0,0
G2018005143,U03,2020,BUS,3.374,0,0
G2018005146,U04,2020,STEM,2.899,0,0
G2018005149,U01,2020,EDU,2.809,0,0
G2018005156,U08,2020,STEM,2.949,0,1
G2018005160,U06,2020,HUM,2.894,0,0
G2018005161,U02,2020,SOC,3.618,0,0
G2018005167,U01,2020,SOC,3.333,0,0
G2018005173,U08,2020,BUS,3.031,0,1
G2018005177,U07,2020,BUS,2.742,0,0
G2018005180,U03,2020,EDU,2.761,0,0
G2018005183,U02,2020,STEM,2.635,0,0
G2018005186,U08,2020,SOC,3.251,1,0
G2018005188,U04,2020,STEM,3.096,0,0
G2018005189,U07,2020,STEM,3.332,0,0
G2018005201,U04,2020,HLT,2.85,1,0
G2018005207,U07,2020,HLT,3.277,0,0
G2018005208,U04,2020,SOC,3.646,0,0
G2018005214,U05,2020,EDU,3.166,0,0
G2018005217,U07,2020,BUS,3.173,0,0
G2018005220,U07,2020,HUM,3.38,0,0
G2018005228,U02,2020,STEM,2.975,0,0
G2018005229,U02,2020,SOC,3.286,0,0
G2018005231,U06,2020,STEM,3.13,0,0
G2018005234,U08,2020,HLT,2.884,0,0
G2018005240,U03,2020,STEM,2.587,0,0
G2018005242,U05,2020,STEM,2.652,0,0
G2018005244,U03,2020,STEM,3.255,1,0
G2018005257,U07,2020,STEM,3.49,1,0
G2018005258,U03,2020,STEM,3.226,0,1
G2018005261,U02,2020,HUM,3.764,0,1
G2018005268,U08,2020,STEM,2.894,1,1
G2018005272,U05,2020,BUS,2.828,0,1
G2018005275,U06,2020,BUS,2.577,0,0
G2018005285,U03,2020,STEM,3.539,0,0
G2018005293,U08,2020,SOC,2.928,0,0
G2018005294,U04,2020,HUM,2.209,0,0
G2018005296,U02,2020,HLT,3.184,0,0
G2018005304,U07,2020,EDU,2.804,1,0
G2018005305,U01,2020,STEM,3.239,0,0
G2018005308,U06,2020,HLT,2.767,0,0
G2018005317,U05,2020,SOC,2.907,0,1
G2018005318,U03,2020,STEM,3.091,0,0
G2018005321,U06,2020,STEM,2.943,0,0
G2018005324,U04,2020,BUS,3.722,1,1
G2018005332,U06,2020,EDU,2.996,1,0
G2018005341,U06,2020,HUM,3.058,0,0
G2018005344,U06,2020,BUS,2.619,0,0
G2018005346,U08,2020,SOC,3.098,1,0
G2018005352,U02,2020,SOC,2.852,0,1
G2018005362,U01,2020,BUS,2.381,0,0
G2018005369,U08,2020,STEM,2.449,0,0
G2018005376,U03,2020,STEM,2.892,0,0
G2018005383,U08,2020,HLT,3.889,1,0
G2018005384,U07,2020,STEM,3.502,0,0
G2018005393,U08,2020,EDU,3.37,0,0
G2018005408,U08,2020,HUM,2.9,0,1
G2018005411,U08,2020,STEM,3.523,1,0
G2018005426,U05,2020,HLT,3.583,0,0
G2018005432,U07,2020,HLT,3.176,1,0
G2018005437,U04,2020,HLT,2.946,0,0
G2018005447,U04,2020,BUS,3.113,0,0
G2018005449,U06,2020,HUM,2.796,0,0
G2018005451,U03,2020,HLT,3.374,1,0
G2018005454,U01,2020,HLT,2.953,0,1
G2018005462,U05,2020,STEM,3.244,0,1
G2018005463,U06,2020,SOC,3.116,0,1
G2018005465,U02,2020,HLT,3.77,0,1
G2018005468,U01,2020,HLT,2.98,1,1
G2018005470,U08,2020,STEM,2.973,0,0
G2018005471,U04,2020,STEM,2.646,0,1
G2018005478,U06,2020,HUM,2.848,0,0
G2018005488,U06,2020,SOC,3.38,1,0
G2018005490,U04,2020,STEM,3.235,0,0
G2018005492,U02,2020,HUM,3.142,0,0
G2018005493,U01,2020,STEM,3.12,0,0
G2018005498,U03,2020,STEM,3.419,0,1
G2018005503,U02,2020,HUM,3.072,0,0
G2018005504,U04,2020,SOC,3.188,0,0
G2018005507,U05,2020,STEM,2.383,0,0
G2018005508,U04,2020,HLT,3.04,0,0
G2018005509,U05,2020,HUM,2.648,0,0
G2018005511,U06,2020,STEM,3.572,1,0
G2018005515,U04,2020,STEM,3.056,0,0
G2018005531,U04,2020,BUS,2.747,0,1
G2018005535,U03,2020,STEM,3.134,0,0
G2018005536,U06,2020,HLT,3.013,0,0
G2018005539,U06,2020,EDU,2.807,0,0
G2018005542,U04,2020,HLT,2.645,0,0
G2018005546,U08,2020,STEM,3.019,0,0
G2018005551,U04,2020,STEM,3.863,0,0
G2018005552,U02,2020,HLT,3.406,0,0
G2018005558,U06,2020,SOC,2.441,1,0
G2018005563,U04,2020,BUS,2.903,0,0
G2018005577,U05,2020,STEM,2.293,0,1
G2018005587,U08,2020,STEM,2.947,0,0
G2018005591,U03,2020,BUS,3.262,0,0
G2018005592,U07,2020,STEM,3.066,0,0
G2018005597,U05,2020,BUS,3.092,0,0
G2018005600,U07,2020,SOC,2.764,0,1
G2018005611,U04,2020,STEM,2.932,0,0
G2018005616,U02,2020,STEM,2.692,0,0
G2018005622,U03,2020,EDU,3.335,0,0
G2018005623,U01,2020,BUS,2.176,0,0
G2018005635,U04,2020,SOC,3.348,1,1
G2018005645,U05,2020,BUS,2.71,0,0
G2018005653,U06,2020,SOC,3.238,0,0
G2018005654,U08,2020,SOC,3.232,0,0
G2018005657,U06,2020,HLT,3.546,0,1
G2018005676,U03,2020,STEM,2.523,1,0
G2018005678,U06,2020,STEM,2.839,0,1
G2018005681,U03,2020,SOC,3.492,0,0
G2018005684,U06,2020,BUS,3.908,1,1
G2018005686,U02,2020,STEM,3.322,0,0
G2018005700,U07,2020,HLT,2.69,1,0
G2018005702,U03,2020,STEM,1.697,1,0
G2018005720,U03,2020,STEM,3.264,0,0
G2018005722,U08,2020,BUS,2.836,0,1
G2018005724,U04,2020,BUS,3.235,0,0
G2018005727,U04,2020,EDU,3.048,0,1
G2018005740,U06,2020,BUS,3.433,0,0
G2018005742,U08,2020,STEM,2.958,0,0
G2018005752,U06,2020,STEM,3.151,0,0
G2018005753,U04,2020,BUS,3.208,0,1
G2018005754,U03,2020,BUS,2.357,0,0
G2018005759,U07,2020,STEM,3.157,0,1
G2018005771,U06,2020,HUM,2.692,0,0
G2018005774,U07,2020,HLT,4.0,0,0
G2018005775,U07,2020,EDU,3.564,0,0
G2018005776,U02,2020,SOC,2.815,1,0
G2018005777,U05,2020,HLT,2.804,0,0
G2018005778,U07,2020,SOC,3.231,0,1
G2018005780,U04,2020,SOC,2.739,1,0
G2018005785,U08,2020,BUS,3.005,0,0
G2018005786,U03,2020,BUS,2.591,0,0
G2018005790,U06,2020,STEM,3.08,0,0
G2018005796,U08,2020,STEM,3.161,0,1
G2018005797,U04,2020,EDU,3.226,0,0
G2018005799,U06,2020,STEM,3.38,0,1
G2018005800,U03,2020,BUS,3.272,0,0
G2018005803,U07,2020,BUS,3.394,1,0
G2018005804,U04,2020,HLT,3.115,1,0
G2018005806,U03,2020,BUS,2.684,0,0
G2018005815,U07,2020,EDU,3.376,0,0
G2018005821,U03,2020,STEM,3.072,0,0
G2018005825,U07,2020,EDU,1.945,0,0
G2018005830,U06,2020,STEM,3.282,1,0
G2018005834,U08,2020,STEM,2.782,1,0
G2018005836,U04,2020,STEM,3.836,0,0
G2018005837,U04,2020,BUS,3.419,0,0
G2018005838,U04,2020,HUM,4.0,1,0
G2018005853,U03,2020,SOC,2.253,0,0
G2018005866,U08,2020,HUM,2.197,0,0
G2018005867,U05,2020,STEM,2.705,1,0
G2018005884,U03,2020,SOC,2.858,0,0
G2018005888,U06,2020,BUS,3.402,0,0
G2018005894,U07,2020,HLT,2.664,1,1
G2018005907,U06,2020,STEM,3.539,0,0
G2018005908,U04,2020,STEM,3.22,1,0
G2018005926,U08,2020,STEM,3.493,0,0
G2018005927,U04,2020,STEM,2.863,0,0
G2018005928,U06,2020,HLT,3.074,0,1
G2018005932,U03,2020,STEM,2.934,0,0
G2018005936,U06,2020,EDU,3.576,0,0
G2018005950,U06,2020,SOC,2.992,0,0
G2018005956,U07,2020,HLT,3.708,0,1
G2018005958,U02,2020,HLT,3.477,1,0
G2018005989,U04,2020,STEM,3.171,0,0
G2018005994,U06,2020,SOC,2.46,0,0
G2018005997,U01,2020,BUS,2.818,0,1
G2018006004,U06,2020,HLT,3.074,1,0
G2018006005,U03,2020,HLT,3.315,0,0
G2018006006,U07,2020,STEM,3.189,0,0
G2018006008,U07,2020,STEM,3.092,0,0
G2018006009,U07,2020,BUS,2.211,1,1
G2018006017,U02,2020,STEM,2.626,0,0
G2018006019,U06,2020,BUS,3.136,0,0
G2018006030,U01,2020,SOC,2.264,0,0
G2018006035,U08,2020,SOC,3.334,0,0
G2018006036,U06,2020,BUS,2.668,0,0
G2018006055,U04,2020,STEM,2.988,0,0
G2018006060,U07,2020,STEM,2.729,0,0
G2018006061,U08,2020,STEM,2.294,0,1
G2018006068,U03,2020,BUS,3.291,1,0
G2018006077,U02,2020,STEM,2.585,0,0
G2018006084,U08,2020,SOC,2.775,0,0
G2018006086,U04,2020,BUS,2.94,0,0
G2018006091,U07,2020,BUS,3.197,1,0
G2018006097,U02,2020,EDU,2.909,1,0
G2018006109,U02,2020,STEM,2.907,0,0
G2018006111,U06,2020,BUS,3.283,0,0
G2018006114,U08,2020,BUS,3.733,0,1
G2018006118,U08,2020,BUS,3.208,1,0
G2018006120,U03,2020,STEM,3.163,0,1
G2018006122,U05,2020,EDU,2.613,0,0
G2018006130,U07,2020,STEM,2.56,1,1
G2018006131,U03,2020,EDU,2.749,0,0
G2018006138,U07,2020,EDU,3.41,0,0
G2018006139,U02,2020,SOC,2.942,0,0
G2018006142,U06,2020,STEM,2.443,0,0
G2018006145,U06,2020,HLT,3.146,1,0
G2018006146,U06,2020,BUS,2.847,1,0
G2018006158,U04,2020,HLT,3.068,1,0
G2018006161,U08,2020,HLT,3.217,1,0
G2018006162,U07,2020,SOC,3.977,1,0
G2018006164,U01,2020,EDU,2.882,0,1
G2018006165,U02,2020,STEM,2.883,0,0
G2018006166,U03,2020,STEM,2.694,1,0
G2018006170,U08,2020,EDU,2.753,0,0
G2018006181,U05,2020,STEM,2.819,1,0
G2018006182,U08,2020,STEM,2.971,0,1
G2018006190,U03,2020,EDU,3.155,0,0
G2018006194,U06,2020,STEM,2.884,1,0
G2018006197,U01,2020,SOC,4.0,1,0
G2018006219,U04,2020,SOC,2.946,0,0
G2018006226,U04,2020,HUM,3.073,0,0
G2018006231,U08,2020,SOC,2.936,0,1
G2018006235,U02,2020,STEM,2.534,0,0
G2018006237,U03,2020,HLT,3.17,0,0
G2018006240,U03,2020,EDU,3.678,0,0
G2018006241,U04,2020,HUM,2.157,0,1
G2018006247,U02,2020,HUM,3.496,0,0
G2018006248,U08,2020,SOC,3.374,0,0
G2018006250,U06,2020,STEM,2.994,1,0
G2018006254,U05,2020,SOC,3.308,0,0
G2018006255,U07,2020,STEM,3.465,0,0
G2018006258,U03,2020,HUM,3.961,0,0
G2018006278,U01,2020,EDU,3.96,1,0
G2018006289,U07,2020,HUM,2.481,0,1
G2018006290,U01,2020,SOC,2.374,0,0
G2018006291,U07,2020,STEM,3.485,1,1
G2018006295,U01,2020,BUS,2.835,0,0
G2018006297,U03,2020,BUS,3.366,0,1
G2018006307,U02,2020,BUS,2.855,0,0
G2018006312,U05,2020,SOC,3.007,1,1
G2018006318,U05,2020,STEM,3.063,0,0
G2018006319,U06,2020,STEM,3.081,1,1
G2018006333,U04,2020,SOC,3.456,0,1
G2018006336,U03,2020,SOC,3.137,0,0
G2018006339,U02,2020,BUS,2.989,0,0
G2018006340,U01,2020,SOC,2.877,1,0
G2018006341,U02,2020,HLT,2.763,1,0
G2018006356,U05,2020,BUS,2.146,0,1
G2018006370,U02,2020,STEM,2.992,0,0
G2018006373,U03,2020,BUS,2.836,0,0
G2018006375,U04,2020,HLT,3.297,1,1
G2018006377,U08,2020,BUS,3.089,0,0
G2018006381,U08,2020,SOC,3.429,0,0
G2018006383,U08,2020,EDU,2.645,0,0
G2018006387,U02,2020,STEM,3.339,1,1
G2018006390,U07,2020,HUM,2.736,1,0
G2018006394,U08,2020,HLT,2.794,0,1
G2018006409,U03,2020,HUM,2.746,0,1
G2018006416,U07,2020,BUS,3.408,0,0
G2018006417,U07,2020,SOC,3.661,0,0
G2018006418,U02,2020,STEM,3.528,0,0
G2018006419,U01,2020,HUM,2.533,1,1
G2018006429,U02,2020,STEM,2.273,0,0
G2018006430,U07,2020,STEM,2.9,0,1
G2018006449,U04,2020,SOC,2.861,0,0
G2018006450,U06,2020,BUS,2.644,1,0
G2018006456,U05,2020,BUS,3.536,0,0
G2018006457,U04,2020,HUM,3.456,0,0
G2018006459,U02,2020,EDU,3.217,0,1
G2018006468,U02,2020,STEM,2.137,0,0
G2018006474,U07,2020,EDU,2.151,0,1
G2018006475,U06,2020,BUS,3.126,1,0
G2018006478,U01,2020,BUS,3.071,0,0
G2018006485,U05,2020,SOC,3.647,0,0
G2018006498,U03,2020,SOC,3.608,0,0
G2018006500,U03,2020,BUS,2.892,0,0
G2018006504,U05,2020,HUM,3.284,0,0
G2018006511,U01,2020,SOC,3.817,0,0
G2018006514,U07,2020,HLT,3.627,0,1
G2018006516,U04,2020,EDU,3.066,0,0
G2018006519,U03,2020,SOC,2.766,0,0
G2018006520,U02,2020,SOC,3.278,0,0
G2018006521,U04,2020,STEM,2.875,0,0
G2018006527,U05,2020,STEM,3.263,0,0
G2018006529,U04,2020,HUM,3.137,0,0
G2018006530,U05,2020,BUS,2.91,0,0
G2018006531,U06,2020,EDU,3.198,0,0
G2018006532,U06,2020,BUS,3.61,0,0
G2018006542,U02,2020,BUS,3.415,0,0
G2018006546,U07,2020,HUM,2.551,1,0
G2018006570,U03,2020,SOC,2.631,0,0
G2018006585,U03,2020,STEM,3.151,0,0
G2018006586,U01,2020,HLT,3.393,0,0
G2018006587,U05,2020,STEM,2.812,0,0
G2018006593,U04,2020,BUS,3.132,0,1
G2018006609,U03,2020,HLT,4.0,0,0
G2018006612,U02,2020,BUS,2.517,0,0
G2018006619,U06,2020,STEM,3.448,0,0
G2018006620,U01,2020,SOC,3.319,0,1
G2018006623,U07,2020,SOC,3.686,0,0
G2018006626,U05,2020,STEM,2.932,0,0
G2018006628,U03,2020,BUS,3.189,1,0
G2018006633,U03,2020,BUS,3.991,1,0
G2018006638,U03,2020,SOC,2.979,0,0
G2018006642,U01,2020,STEM,3.194,0,0
G2018006646,U02,2020,HLT,3.239,0,0
G2018006652,U03,2020,EDU,2.777,0,0
G2018006657,U05,2020,STEM,2.529,0,0
G2018006667,U01,2020,BUS,3.1,1,0
G2018006677,U07,2020,SOC,2.886,0,0
G2018006679,U04,2020,BUS,3.451,0,0
G2018006680,U03,2020,SOC,3.093,0,0
G2018006681,U01,2020,STEM,3.485,0,0
G2018006685,U02,2020,BUS,2.742,0,0
G2018006688,U05,2020,HLT,3.342,1,0
G2018006699,U03,2020,BUS,3.224,1,0
G2018006709,U06,2020,BUS,3.168,0,0
G2018006712,U06,2020,BUS,3.481,0,1
G2018006730,U06,2020,STEM,2.805,1,0
G2018006731,U06,2020,STEM,2.553,0,0
G2018006738,U05,2020,STEM,2.767,0,0
G2018006739,U01,2020,STEM,3.37,1,1
G2018006740,U03,2020,EDU,2.889,0,1
G2018006744,U05,2020,BUS,3.745,0,0
G2018006746,U01,2020,STEM,3.06,1,0
G2018006748,U04,2020,BUS,2.516,0,1
G2018006757,U06,2020,HLT,3.016,0,0
G2018006758,U02,2020,HLT,3.108,1,0
G2018006761,U08,2020,HUM,3.253,0,0
G2018006762,U03,2020,HUM,2.388,0,1
G2018006764,U03,2020,EDU,3.711,0,0
G2018006766,U03,2020,STEM,3.301,0,0
G2018006776,U04,2020,HUM,2.667,0,0
G2018006777,U07,2020,SOC,3.389,0,0
G2018006783,U01,2020,HLT,3.244,1,0
G2018006788,U07,2020,STEM,3.213,1,0
G2018006792,U05,2020,BUS,3.024,0,0
G2018006793,U08,2020,HLT,3.128,0,0
G2018006797,U05,2020,SOC,3.167,0,0
G2018006801,U05,2020,BUS,3.069,0,0
G2018006802,U01,2020,STEM,2.604,0,0
G2018006803,U03,2020,HLT,2.916,1,0
G2018006805,U05,2020,STEM,3.433,0,0
G2018006810,U05,2020,HLT,3.298,0,0
G2018006815,U04,2020,HLT,2.613,0,0
G2018006817,U06,2020,BUS,2.792,0,0
G2018006821,U07,2020,STEM,2.712,1,0
G2018006827,U07,2020,STEM,2.683,0,0
G2018006847,U01,2020,SOC,3.404,0,0
G2018006848,U05,2020,BUS,3.518,0,0
G2018006850,U08,2020,BUS,3.286,0,0
G2018006851,U07,2020,BUS,3.06,0,1
G2018006855,U05,2020,HUM,3.164,0,0
G2018006857,U05,2020,STEM,2.643,0,0
G2018006864,U05,2020,BUS,3.586,1,1
G2018006865,U08,2020,BUS,2.091,0,0
G2018006872,U07,2020,STEM,3.604,0,0
G2018006877,U03,2020,STEM,2.591,1,0
G2018006883,U01,2020,STEM,2.509,1,1
G2018006894,U01,2020,STEM,3.316,1,0
G2018006898,U08,2020,STEM,3.109,0,0
G2018006899,U06,2020,HUM,3.527,0,0
G2018006900,U05,2020,STEM,4.0,0,1
G2018006904,U05,2020,SOC,3.356,0,1
G2018006907,U04,2020,HUM,3.351,1,0
G2018006908,U01,2020,HLT,3.485,0,0
G2018006921,U05,2020,STEM,2.629,0,0
G2018006924,U08,2020,STEM,4.0,0,0
G2018006926,U01,2020,HLT,2.262,1,0
G2018006930,U06,2020,HLT,2.687,0,1
G2018006933,U02,2020,STEM,3.024,0,0
G2018006937,U04,2020,STEM,3.147,0,0
G2018006938,U03,2020,STEM,3.119,0,0
G2018006941,U08,2020,SOC,3.482,0,0
G2018006946,U03,2020,EDU,3.71,0,0
G2018006948,U08,2020,SOC,2.765,0,0
G2018006952,U02,2020,STEM,3.106,0,0
G2018006959,U08,2020,BUS,2.951,0,0
G2018006965,U04,2020,STEM,2.408,1,1
G2018006966,U06,2020,EDU,2.641,0,1
G2018006968,U07,2020,STEM,3.146,1,0
G2018006979,U05,2020,STEM,3.302,1,0
G2018006980,U01,2020,BUS,3.504,1,0
G2018006982,U07,2020,HUM,3.399,0,0
G2018006983,U04,2020,SOC,2.539,1,0
G2018006985,U07,2020,STEM,3.205,1,1
G2018006988,U08,2020,SOC,2.97,0,0
G2018006989,U01,2020,STEM,2.468,1,0
G2018007000,U06,2020,HUM,2.66,0,0
G2018007001,U05,2020,BUS,3.916,0,0
G2018007002,U05,2020,SOC,3.405,0,1
G2018007007,U01,2020,BUS,2.921,0,0
G2018007009,U06,2020,STEM,2.701,0,0
G2018007017,U08,2020,HUM,3.024,1,0
G2018007023,U03,2020,EDU,3.034,1,1
G2018007037,U01,2020,SOC,3.057,0,1
G2018007038,U06,2020,STEM,3.443,0,0
G2018007040,U06,2020,BUS,2.911,1,0
G2018007047,U01,2020,STEM,2.693,0,0
G2018007058,U04,2020,BUS,2.659,0,0
G2018007060,U02,2020,STEM,3.171,0,0
G2018007062,U03,2020,SOC,3.059,0,0
G2018007063,U02,2020,SOC,2.851,0,0
G2018007068,U03,2020,STEM,2.708,0,0
G2018007072,U03,2020,STEM,3.045,0,0
G2018007076,U05,2020,HLT,3.195,1,0
G2018007077,U08,2020,STEM,2.269,0,1
G2018007082,U08,2020,STEM,2.977,1,0
G2018007084,U03,2020,SOC,2.698,0,1
G2018007085,U03,2020,SOC,2.601,1,0
G2018007090,U04,2020,BUS,3.794,0,0
G2018007101,U03,2020,STEM,2.746,0,0
G2018007105,U07,2020,HUM,2.7,0,0
G2018007107,U04,2020,HUM,2.838,0,0
G2018007116,U01,2020,SOC,3.128,0,0
G2018007120,U03,2020,STEM,3.451,0,0
G2018007121,U02,2020,SOC,3.825,0,0
G2018007123,U02,2020,EDU,2.723,0,0
G2018007131,U03,2020,BUS,3.839,1,0
G2018007139,U04,2020,STEM,3.491,1,1
G2018007141,U01,2020,HUM,2.883,0,0
G2018007142,U06,2020,HUM,3.121,1,0
G2018007145,U03,2020,STEM,3.6,0,0
G2018007159,U08,2020,EDU,3.74,0,0
G2018007162,U07,2020,HUM,3.293,0,1
G2018007166,U03,2020,HUM,3.229,0,1
G2018007169,U08,2020,STEM,2.271,1,0
G2018007171,U03,2020,SOC,2.561,0,0
G2018007172,U05,2020,SOC,2.76,1,1
G2018007179,U03,2020,BUS,3.385,0,0
G2018007186,U06,2020,HLT,3.095,0,1
G2018007194,U03,2020,SOC,3.769,0,0
G2018007198,U06,2020,BUS,2.965,0,0
G2018007201,U01,2020,SOC,3.305,0,0
G2018007202,U01,2020,EDU,3.463,0,0
G2018007208,U07,2020,STEM,3.573,0,1
G2018007210,U04,2020,SOC,3.341,0,0
G2018007226,U05,2020,SOC,3.653,1,0
G2018007230,U01,2020,STEM,3.694,1,0
G2018007232,U07,2020,BUS,3.125,0,0
G2018007241,U08,2020,STEM,2.594,0,0
G2018007248,U06,2020,BUS,3.143,0,0
G2018007251,U03,2020,HLT,2.696,1,0
G2018007252,U05,2020,SOC,3.005,0,0
G2018007253,U03,2020,SOC,2.402,1,0
G2018007257,U07,2020,STEM,3.1,1,0
G2018007260,U04,2020,STEM,3.184,0,1
G2018007264,U05,2020,BUS,3.857,1,0
G2018007275,U05,2020,STEM,2.298,0,1
G2018007277,U08,2020,STEM,3.164,0,0
G2018007283,U06,2020,STEM,3.763,0,0
G2018007296,U02,2020,BUS,2.878,1,0
G2018007308,U07,2020,EDU,3.126,0,0
G2018007312,U06,2020,SOC,3.049,1,0
G2018007315,U03,2020,HUM,2.78,0,0
G2018007316,U03,2020,STEM,2.736,0,0
G2018007322,U07,2020,BUS,3.949,0,0
G2018007323,U01,2020,STEM,2.763,0,0
G2018007326,U04,2020,SOC,3.146,0,1
G2018007329,U04,2020,SOC,2.342,1,0
G2018007332,U07,2020,SOC,3.751,0,0
G2018007334,U07,2020,BUS,2.43,1,1
G2018007347,U04,2020,STEM,2.871,1,0
G2018007348,U01,2020,SOC,2.618,0,1
G2018007352,U01,2020,HUM,2.902,1,0
G2018007357,U07,2020,BUS,3.813,0,1
G2018007359,U03,2020,HUM,3.021,0,1
G2018007362,U02,2020,STEM,3.945,1,0
G2018007364,U06,2020,EDU,3.804,1,0
G2018007366,U04,2020,STEM,3.3,0,1
G2018007367,U04,2020,HLT,2.929,0,0
G2018007368,U08,2020,BUS,2.861,0,0
G2018007378,U07,2020,BUS,3.031,0,0
G2018007382,U05,2020,SOC,2.84,0,1
G2018007385,U08,2020,STEM,3.295,0,0
G2018007387,U02,2020,HUM,3.282,1,0
G2018007388,U02,2020,STEM,3.349,1,1
G2018007389,U08,2020,STEM,2.834,0,0
G2018007393,U08,2020,HUM,3.697,0,0
G2018007394,U06,2020,BUS,3.36,0,1
G2018007397,U01,2020,SOC,3.006,0,1
G2018007401,U05,2020,SOC,2.921,0,0
G2018007404,U01,2020,SOC,3.14,0,0
G2018007408,U01,2020,STEM,3.283,1,0
G2018007411,U02,2020,BUS,2.968,0,0
G2018007413,U03,2020,EDU,3.2,0,0
G2018007414,U04,2020,SOC,2.852,0,0
G2018007424,U05,2020,SOC,2.852,0,1
G2018007427,U03,2020,BUS,3.216,0,0
G2018007428,U07,2020,STEM,2.723,0,1
G2018007429,U02,2020,SOC,2.65,0,1
G2018007444,U04,2020,STEM,2.649,0,1
G2018007446,U02,2020,HLT,3.71,0,0
G2018007449,U04,2020,STEM,3.529,1,0
G2018007451,U04,2020,EDU,3.526,0,1
G2018007460,U08,2020,BUS,2.665,0,0
G2018007469,U07,2020,HLT,3.154,0,0
G2018007474,U01,2020,BUS,3.728,0,0
G2018007478,U01,2020,HUM,3.035,0,0
G2018007488,U07,2020,EDU,2.819,1,0
G2018007493,U04,2020,STEM,2.744,0,0
G2018007504,U07,2020,SOC,3.588,0,0
G2018007507,U07,2020,BUS,2.229,1,0
G2018007511,U03,2020,STEM,3.387,1,0
G2018007514,U03,2020,BUS,2.886,0,1
G2018007518,U08,2020,BUS,2.46,0,1
G2018007523,U03,2020,BUS,3.07,1,0
G2018007527,U05,2020,EDU,3.241,1,0
G2018007529,U05,2020,STEM,3.388,0,0
G2018007533,U04,2020,STEM,2.906,1,0
G2018007536,U06,2020,STEM,2.994,0,0
G2018007545,U02,2020,BUS,2.505,0,1
G2018007547,U08,2020,STEM,3.41,0,1
G2018007555,U05,2020,BUS,2.565,1,1
G2018007559,U08,2020,SOC,3.129,1,1
G2018007569,U01,2020,SOC,3.209,1,0
G2018007570,U01,2020,EDU,2.768,1,0
G2018007571,U04,2020,SOC,3.217,0,0
G2018007575,U04,2020,STEM,3.103,0,0
G2018007578,U08,2020,HUM,2.729,1,0
G2018007584,U05,2020,BUS,3.334,0,0
G2018007587,U08,2020,SOC,3.516,0,0
G2018007591,U03,2020,BUS,4.0,0,0
G2018007593,U01,2020,STEM,2.592,1,0
G2018007594,U05,2020,HLT,3.362,1,0
G2018007597,U04,2020,SOC,2.656,0,1
G2018007600,U02,2020,STEM,2.631,1,0
G2018007610,U06,2020,HLT,3.372,0,0
G2018007611,U07,2020,SOC,2.756,0,0
G2018007615,U06,2020,STEM,3.786,0,0
G2018007619,U03,2020,STEM,3.443,0,0
G2018007622,U07,2020,STEM,2.717,1,0
G2018007625,U04,2020,STEM,3.447,0,0
G2018007626,U07,2020,HUM,3.228,1,0
G2018007628,U03,2020,STEM,2.437,0,0
G2018007629,U01,2020,BUS,2.378,0,0
G2018007653,U05,2020,STEM,3.078,1,0
G2018007661,U01,2020,SOC,3.088,0,0
G2018007665,U01,2020,STEM,3.972,1,1
G2018007667,U03,2020,SOC,3.104,0,0
G2018007674,U03,2020,SOC,3.149,0,0
G2018007680,U06,2020,SOC,2.643,0,0
G2018007690,U02,2020,HLT,3.632,1,0
G2018007693,U02,2020,BUS,3.845,0,1
G2018007700,U03,2020,STEM,2.946,0,1
G2018007705,U08,2020,EDU,3.221,1,0
G2018007706,U08,2020,STEM,1.809,0,1
G2018007711,U03,2020,SOC,2.263,0,1
G2018007715,U07,2020,BUS,2.989,0,1
G2018007721,U02,2020,STEM,2.968,0,0
G2018007723,U02,2020,HLT,1.847,0,0
G2018007724,U03,2020,SOC,3.409,0,0
G2018007727,U03,2020,STEM,3.835,0,1
G2018007734,U08,2020,BUS,2.33,0,1
G2018007736,U06,2020,STEM,3.002,0,0
G2018007744,U05,2020,EDU,3.37,0,0
G2018007754,U06,2020,BUS,3.297,0,0
G2018007756,U01,2020,STEM,2.839,0,0
G2018007757,U02,2020,STEM,3.933,1,0
G2018007759,U08,2020,STEM,3.596,0,0
G2018007760,U08,2020,SOC,3.433,0,0
G2018007771,U01,2020,HLT,2.442,0,0
G2018007777,U08,2020,EDU,2.547,0,0
G2018007789,U04,2020,STEM,3.622,0,0
G2018007790,U05,2020,STEM,3.61,0,0
G2018007792,U03,2020,HLT,2.336,1,0
G2018007804,U08,2020,STEM,2.283,1,1
G2018007806,U05,2020,BUS,2.561,0,0
G2018007807,U03,2020,BUS,2.674,0,0
G2018007808,U07,2020,SOC,3.745,0,0
G2018007812,U08,2020,HLT,3.052,0,0
G2018007813,U03,2020,STEM,2.529,0,0
G2018007815,U03,2020,SOC,2.62,0,0
G2018007820,U07,2020,EDU,4.0,0,0
G2018007825,U05,2020,STEM,3.294,0,0
G2018007826,U06,2020,SOC,3.294,0,0
G2018007828,U08,2020,BUS,3.456,1,0
G2018007832,U05,2020,SOC,2.936,0,0
G2018007851,U05,2020,SOC,3.156,1,0
G2018007852,U06,2020,HLT,3.343,0,1
G2018007855,U01,2020,SOC,2.984,0,0
G2018007856,U06,2020,HUM,2.789,0,0
G2018007859,U07,2020,STEM,3.148,0,0
G2018007875,U01,2020,STEM,2.84,1,0
G2018007881,U07,2020,EDU,3.501,0,0
G2018007886,U04,2020,BUS,2.209,0,0
G2018007888,U04,2020,EDU,2.946,1,0
G2018007889,U05,2020,STEM,2.438,0,0
G2018007893,U01,2020,SOC,3.027,0,0
G2018007900,U06,2020,BUS,3.338,0,0
G2018007901,U02,2020,HLT,2.689,0,0
G2018007911,U06,2020,STEM,3.32,1,0
G2018007913,U04,2020,STEM,3.024,0,1
G2018007916,U04,2020,HUM,2.798,0,0
G2018007917,U06,2020,BUS,1.961,0,0
G2018007922,U03,2020,BUS,2.631,0,0
G2018007925,U01,2020,EDU,2.785,0,1
G2018007934,U03,2020,HUM,2.923,0,0
G2018007942,U02,2020,HUM,2.953,0,0
G2018007943,U04,2020,BUS,3.027,1,0
G2018007944,U08,2020,STEM,3.119,1,0
G2018007953,U06,2020,STEM,3.003,0,0
G2018007967,U07,2020,STEM,4.0,0,0
G2018007968,U08,2020,SOC,3.321,0,0
G2018007969,U08,2020,SOC,2.286,0,0
G2018007971,U08,2020,HUM,2.639,0,0
G2018007972,U03,2020,STEM,3.184,0,0
G2018007973,U03,2020,HLT,2.039,0,0
G2018007974,U04,2020,HLT,3.189,0,0
G2018007985,U04,2020,BUS,2.297,0,1
G2018007995,U02,2020,SOC,2.981,0,0
G2018008001,U03,2020,SOC,2.777,1,1
G2018008004,U08,2020,SOC,3.012,1,0
G2018008016,U08,2020,STEM,3.028,0,0
G2018008018,U08,2020,BUS,2.897,0,0
G2018008022,U06,2020,STEM,3.015,1,0
G2018008023,U01,2020,BUS,3.407,0,0
G2018008025,U05,2020,HUM,2.959,0,1
G2018008026,U02,2020,STEM,3.534,0,0
G2018008032,U03,2020,SOC,2.585,1,0
G2018008034,U02,2020,HUM,2.786,1,0
G2018008035,U06,2020,BUS,2.717,0,0
G2018008037,U06,2020,BUS,2.907,1,0
G2018008038,U05,2020,SOC,3.551,0,0
G2018008040,U04,2020,SOC,2.419,0,0
G2018008042,U04,2020,HUM,3.268,0,0
G2018008043,U07,2020,HUM,3.384,1,0
G2018008044,U02,2020,STEM,3.138,0,0
G2018008046,U06,2020,BUS,3.549,0,0
G2018008054,U06,2020,STEM,2.923,0,0
G2018008056,U06,2020,BUS,1.825,0,0
G2018008057,U01,2020,SOC,3.031,0,1
G2018008059,U03,2020,STEM,2.733,0,0
G2018008066,U08,2020,BUS,2.935,1,0
G2018008071,U06,2020,EDU,2.425,0,0
G2018008096,U06,2020,STEM,3.576,0,0
G2018008099,U06,2020,BUS,3.096,0,1
G2018008102,U03,2020,EDU,2.946,0,0
G2018008103,U04,2020,SOC,2.303,0,0
G2018008106,U01,2020,SOC,3.785,0,0
G2018008120,U04,2020,STEM,3.336,0,0
G2018008123,U04,2020,HUM,3.381,0,0
G2018008124,U06,2020,HUM,3.634,0,1
G2018008126,U06,2020,BUS,2.896,0,0
G2018008130,U01,2020,HLT,2.996,0,0
G2018008131,U04,2020,HUM,2.853,0,0
G2018008132,U05,2020,SOC,3.625,0,0
G2018008136,U08,2020,HUM,3.789,1,0
G2018008138,U01,2020,STEM,3.306,0,0
G2018008143,U08,2020,BUS,3.18,1,0
G2018008146,U07,2020,BUS,3.47,1,0
G2018008150,U08,2020,STEM,4.0,0,1
G2018008158,U07,2020,HLT,2.849,1,0
G2018008160,U07,2020,BUS,2.808,0,0
G2018008161,U01,2020,BUS,3.291,0,0
G2018008162,U06,2020,BUS,2.114,0,0
G2018008164,U06,2020,HLT,3.138,0,0
G2018008169,U08,2020,STEM,2.854,0,0
G2018008171,U01,2020,HLT,2.99,0,0
G2018008174,U08,2020,SOC,3.528,0,1
G2018008182,U02,2020,STEM,3.29,0,0
G2018008184,U08,2020,STEM,2.176,0,0
G2018008185,U06,2020,STEM,2.232,1,1
G2018008187,U08,2020,STEM,3.497,1,0
G2018008189,U02,2020,HLT,3.076,0,0
G2018008191,U08,2020,BUS,3.429,0,0
G2018008207,U04,2020,STEM,2.492,1,1
G2018008210,U02,2020,BUS,3.117,0,0
G2018008213,U06,2020,BUS,2.09,0,0
G2018008220,U08,2020,STEM,2.964,0,0
G2018008221,U06,2020,BUS,3.174,0,0
G2018008222,U02,2020,STEM,2.615,0,0
G2018008223,U04,2020,BUS,3.21,1,0
G2018008224,U03,2020,SOC,3.394,0,0
G2018008225,U08,2020,BUS,3.78,0,0
G2018008226,U05,2020,BUS,3.051,0,1
G2018008238,U07,2020,EDU,3.176,1,0
G2018008243,U04,2020,HUM,3.285,0,0
G2018008247,U07,2020,EDU,2.917,0,0
G2018008253,U08,2020,STEM,2.668,1,0
G2018008256,U08,2020,STEM,3.035,0,0
G2018008274,U08,2020,BUS,3.554,0,0
G2018008276,U08,2020,STEM,2.493,0,1
G2018008286,U04,2020,HUM,2.821,0,0
G2018008288,U06,2020,STEM,3.154,0,0
G2018008295,U02,2020,BUS,3.436,0,0
G2018008299,U01,2020,STEM,2.837,0,0
G2018008301,U08,2020,SOC,3.619,0,0
G2018008315,U03,2020,STEM,3.228,1,0
G2018008317,U05,2020,BUS,2.727,0,0
G2018008320,U06,2020,SOC,2.297,0,0
G2018008321,U07,2020,BUS,2.843,0,0
G2018008327,U03,2020,EDU,3.667,1,0
G2018008342,U05,2020,STEM,2.965,1,0
G2018008357,U07,2020,STEM,3.674,0,0
G2018008366,U01,2020,HLT,2.398,1,0
G2018008369,U02,2020,STEM,2.792,0,0
G2018008370,U06,2020,BUS,2.702,0,0
G2018008374,U02,2020,BUS,2.964,0,0
G2018008382,U05,2020,HLT,2.981,0,1
G2018008385,U06,2020,STEM,3.187,1,1
G2018008394,U01,2020,SOC,3.211,0,0
G2018008397,U06,2020,BUS,2.927,1,1
G2018008398,U05,2020,HLT,3.103,0,0
G2018008401,U08,2020,BUS,3.36,0,0
G2018008406,U03,2020,HLT,2.272,0,0
G2018008407,U01,2020,STEM,2.778,0,0
G2018008410,U08,2020,BUS,3.135,0,1
G2018008412,U07,2020,SOC,2.986,0,0
G2018008418,U07,2020,BUS,2.723,1,1
G2018008425,U03,2020,EDU,3.137,0,0
G2018008427,U06,2020,STEM,3.053,1,1
G2018008431,U07,2020,BUS,3.873,1,0
G2018008432,U07,2020,HUM,3.581,1,0
G2018008435,U05,2020,EDU,3.013,1,0
G2018008437,U02,2020,SOC,2.309,0,0
G2018008443,U03,2020,SOC,2.905,1,0
G2018008448,U04,2020,STEM,2.684,0,1
G2018008450,U06,2020,BUS,3.383,0,0
G2018008455,U03,2020,BUS,3.453,1,0
G2018008457,U02,2020,HLT,2.662,1,0
G2018008462,U06,2020,STEM,3.091,0,1
G2018008463,U06,2020,SOC,3.021,0,0
G2018008477,U06,2020,SOC,4.0,1,0
G2018008480,U02,2020,BUS,2.731,1,0
G2018008485,U06,2020,BUS,3.387,0,1
G2018008493,U04,2020,EDU,2.583,1,0
G2018008494,U03,2020,STEM,3.55,0,0
G2018008495,U06,2020,SOC,3.725,0,0
G2018008497,U03,2020,STEM,3.118,0,0
G2018008498,U08,2020,BUS,3.104,0,0
G2018008501,U07,2020,HUM,3.73,0,0
G2018008510,U01,2020,EDU,2.773,0,0
G2018008513,U03,2020,EDU,3.76,0,0
G2018008514,U04,2020,BUS,2.582,0,0
G2018008521,U07,2020,BUS,3.921,1,0
G2018008522,U05,2020,SOC,2.927,1,0
G2018008523,U06,2020,SOC,3.044,0,1
G2018008526,U06,2020,HLT,2.992,0,1
G2018008531,U08,2020,EDU,3.066,0,0
G2018008533,U03,2020,BUS,2.654,0,0
G2018008554,U01,2020,SOC,2.615,0,0
G2018008571,U01,2020,BUS,3.824,1,0
G2018008574,U05,2020,STEM,2.494,1,0
G2018008575,U02,2020,STEM,2.477,0,0
G2018008577,U06,2020,STEM,2.826,0,0
G2018008580,U08,2020,SOC,2.93,0,1
G2018008585,U07,2020,SOC,3.675,0,0
G2018008589,U04,2020,EDU,3.721,1,0
G2018008600,U02,2020,EDU,3.149,0,1
G2018008604,U01,2020,SOC,3.53,0,0
G2018008607,U07,2020,HLT,3.085,0,0
G2018008612,U02,2020,SOC,3.239,0,1
G2018008615,U03,2020,HLT,2.576,1,1
G2018008618,U05,2020,SOC,3.749,0,0
G2018008619,U02,2020,STEM,2.882,0,0
G2018008620,U02,2020,SOC,3.094,0,0
G2018008627,U04,2020,STEM,2.846,0,0
G2018008630,U07,2020,EDU,2.748,0,1
G2018008640,U05,2020,SOC,3.344,1,0
G2018008652,U07,2020,STEM,2.589,0,0
G2018008656,U08,2020,BUS,3.074,0,0
G2018008667,U08,2020,BUS,3.415,0,1
G2018008669,U03,2020,EDU,2.927,0,0
G2018008672,U01,2020,BUS,3.037,1,0
G2018008674,U04,2020,SOC,2.696,0,0
G2018008678,U04,2020,STEM,4.0,0,0
G2018008687,U07,2020,STEM,2.489,0,0
G2018008701,U04,2020,HUM,2.835,1,1
G2018008703,U08,2020,EDU,3.473,0,1
G2018008705,U08,2020,EDU,2.997,1,0
G2018008706,U02,2020,SOC,3.637,1,1
G2018008709,U05,2020,HLT,2.498,1,0
G2018008715,U08,2020,HLT,2.746,0,1
G2018008718,U08,2020,SOC,3.1,0,0
G2018008719,U08,2020,HLT,2.766,0,0
G2018008720,U05,2020,STEM,2.875,0,0
G2018008723,U01,2020,HLT,3.62,1,0
G2018008725,U05,2020,STEM,3.163,1,0
G2018008736,U06,2020,HUM,3.524,0,0
G2018008738,U07,2020,STEM,2.433,0,0
G2018008747,U05,2020,HUM,3.689,1,1
G2018008753,U04,2020,EDU,3.201,0,0
G2018008764,U01,2020,STEM,3.815,0,0
G2018008766,U06,2020,STEM,3.302,0,0
G2018008768,U04,2020,STEM,3.091,0,1
G2018008769,U08,2020,STEM,2.706,0,0
G2018008770,U04,2020,SOC,2.946,1,0
G2018008773,U05,2020,STEM,2.825,0,0
G2018008782,U03,2020,BUS,1.6,0,1
G2018008788,U02,2020,STEM,3.023,0,0
G2018008789,U07,2020,EDU,2.992,0,0
G2018008801,U04,2020,EDU,3.321,0,0
G2018008803,U03,2020,EDU,2.673,0,0
G2018008805,U07,2020,HUM,3.545,0,1
G2018008811,U08,2020,BUS,3.036,0,0
G2018008814,U04,2020,STEM,1.6,0,0
G2018008818,U04,2020,BUS,3.285,0,1
G2018008819,U08,2020,HUM,3.097,1,0
G2018008822,U06,2020,SOC,3.059,1,0
G2018008826,U01,2020,HUM,3.336,0,0
G2018008837,U06,2020,SOC,2.847,1,0
G2018008842,U06,2020,STEM,2.872,0,0
G2018008843,U03,2020,HLT,2.412,0,0
G2018008844,U06,2020,STEM,3.245,1,0
G2018008847,U02,2020,STEM,2.211,0,0
G2018008856,U01,2020,STEM,3.11,0,0
G2018008865,U03,2020,EDU,3.056,0,0
G2018008866,U04,2020,HUM,2.833,0,0
G2018008868,U06,2020,STEM,2.901,0,0
G2018008874,U03,2020,HUM,3.535,0,0
G2018008877,U01,2020,BUS,3.223,0,0
G2018008881,U07,2020,SOC,3.151,0,0
G2018008883,U07,2020,BUS,3.352,0,0
G2018008890,U03,2020,SOC,3.004,0,0
G2018008900,U01,2020,STEM,2.702,1,0
G2018008904,U05,2020,HUM,3.231,0,1
G2018008905,U01,2020,BUS,3.039,0,1
G2018008909,U01,2020,BUS,3.288,0,0
G2018008913,U08,2020,EDU,2.658,0,0
G2018008916,U03,2020,EDU,3.448,0,0
G2018008917,U08,2020,HUM,3.244,1,0
G2018008920,U03,2020,SOC,3.727,0,0
G2018008924,U02,2020,HLT,2.228,0,0
G2018008927,U08,2020,STEM,3.259,0,0
G2018008932,U03,2020,BUS,2.76,0,0
G2018008940,U03,2020,STEM,3.293,0,1
G2018008942,U05,2020,BUS,3.337,0,0
G2018008957,U07,2020,STEM,2.718,0,0
G2018008962,U04,2020,BUS,2.898,1,0
G2018008963,U07,2020,HUM,3.353,0,0
G2018008966,U02,2020,STEM,2.657,0,1
G2018008971,U03,2020,BUS,2.849,0,0
G2018008981,U05,2020,STEM,2.288,0,0
G2018008983,U03,2020,STEM,2.762,0,1
G2018008985,U02,2020,SOC,2.545,0,0
G2018008989,U07,2020,BUS,3.053,0,0
G2018008991,U01,2020,STEM,3.057,1,1
G2018008998,U05,2020,BUS,3.357,0,0
G2018009001,U06,2020,EDU,3.307,0,0
G2018009002,U06,2020,HLT,3.48,1,0
G2018009004,U03,2020,EDU,3.092,0,1
G2018009016,U03,2020,BUS,2.657,0,0
G2018009017,U05,2020,STEM,2.907,0,0
G2018009018,U07,2020,STEM,2.628,1,0
G2018009019,U02,2020,HUM,2.903,1,0
G2018009028,U03,2020,STEM,2.149,1,1
G2018009031,U02,2020,STEM,3.505,1,0
G2018009033,U02,2020,BUS,2.947,0,0
G2018009035,U02,2020,BUS,3.438,0,0
G2018009054,U01,2020,BUS,3.054,0,1
G2018009055,U07,2020,HLT,2.337,0,0
G2018009056,U05,2020,STEM,3.277,1,0
G2018009061,U01,2020,SOC,3.201,0,0
G2018009066,U04,2020,STEM,3.505,0,1
G2018009069,U05,2020,STEM,2.773,0,0
G2018009078,U04,2020,BUS,3.482,0,0
G2018009082,U06,2020,STEM,3.578,1,0
G2018009083,U04,2020,SOC,2.861,0,0
G2018009088,U02,2020,BUS,2.976,0,0
G2018009089,U02,2020,SOC,1.975,0,0
G2018009092,U04,2020,HLT,2.597,0,1
G2018009095,U07,2020,SOC,2.359,0,1
G2018009097,U01,2020,HLT,2.689,0,1
G2018009100,U08,2020,HLT,2.296,0,0
G2018009109,U06,2020,SOC,3.025,0,1
G2018009116,U08,2020,STEM,2.868,0,0
G2018009118,U04,2020,BUS,3.795,0,0
G2018009133,U06,2020,BUS,3.409,0,0
G2018009138,U07,2020,HLT,3.088,0,0
G2018009145,U04,2020,HUM,2.664,0,0
G2018009147,U05,2020,SOC,3.01,0,0
G2018009153,U08,2020,STEM,2.479,1,0
G2018009157,U02,2020,HUM,2.68,1,1
G2018009159,U07,2020,EDU,2.851,1,0
G2018009162,U07,2020,STEM,2.63,0,0
G2018009169,U07,2020,BUS,2.52,0,0
G2018009171,U05,2020,STEM,3.237,0,0
G2018009177,U06,2020,HUM,3.137,0,0
G2018009178,U05,2020,HUM,2.696,0,0
G2018009179,U04,2020,SOC,2.85,0,1
G2018009188,U03,2020,SOC,2.659,1,0
G2018009191,U06,2020,SOC,2.657,0,0
G2018009196,U04,2020,STEM,3.254,1,0
G2018009205,U05,2020,BUS,2.967,1,1
G2018009206,U01,2020,STEM,3.339,0,0
G2018009213,U06,2020,BUS,3.044,0,1
G2018009231,U06,2020,EDU,3.104,0,0
G2018009246,U01,2020,STEM,2.849,1,0
G2018009247,U07,2020,STEM,3.553,0,0
G2018009251,U08,2020,HUM,3.283,0,1
G2018009262,U07,2020,SOC,3.405,1,0
G2018009272,U02,2020,BUS,3.264,0,0
G2018009273,U04,2020,HUM,3.129,1,0
G2018009276,U02,2020,HLT,3.138,0,0
G2018009278,U01,2020,EDU,3.058,0,0
G2018009281,U02,2020,BUS,3.167,0,0
G2018009283,U06,2020,STEM,2.824,0,1
G2018009284,U02,2020,STEM,4.0,1,1
G2018009286,U04,2020,STEM,3.324,0,0
G2018009289,U07,2020,STEM,4.0,0,0
G2018009291,U01,2020,EDU,3.013,0,0
G2018009292,U07,2020,HLT,3.404,1,0
G2018009297,U05,2020,HLT,3.173,0,0
G2018009301,U01,2020,SOC,2.141,0,1
G2018009307,U04,2020,HLT,2.738,0,1
G2018009310,U04,2020,SOC,2.782,0,0
G2018009318,U04,2020,BUS,2.93,0,0
G2018009320,U08,2020,STEM,2.388,0,0
G2018009321,U04,2020,HLT,2.827,1,0
G2018009325,U05,2020,HLT,2.817,0,0
G2018009335,U08,2020,HLT,3.292,0,0
G2018009336,U03,2020,STEM,3.101,1,0
G2018009346,U08,2020,STEM,3.253,0,0
G2018009351,U06,2020,BUS,2.755,0,1
G2018009352,U01,2020,BUS,2.659,1,1
G2018009357,U05,2020,STEM,2.55,0,0
G2018009359,U05,2020,HUM,4.0,0,0
G2018009366,U05,2020,STEM,3.376,0,0
G2018009375,U04,2020,EDU,2.735,0,0
G2018009385,U04,2020,BUS,2.926,0,0
G2018009392,U04,2020,STEM,2.764,1,0
G2018009408,U04,2020,SOC,2.669,1,0
G2018009411,U03,2020,HLT,2.951,0,1
G2018009418,U04,2020,HLT,2.483,0,1
G2018009427,U07,2020,STEM,3.196,1,0
G2018009428,U01,2020,STEM,2.383,1,0
G2018009429,U04,2020,STEM,3.451,0,0
G2018009431,U04,2020,SOC,2.833,1,1
G2018009433,U08,2020,BUS,3.07,0,0
G2018009440,U06,2020,SOC,2.673,1,1
G2018009446,U07,2020,HUM,2.854,0,0
G2018009448,U03,2020,SOC,2.905,0,0
G2018009449,U03,2020,EDU,2.804,1,0
G2018009451,U05,2020,HUM,3.128,1,0
G2018009455,U07,2020,BUS,3.508,0,0
G2018009461,U02,2020,STEM,3.291,0,1
G2018009463,U08,2020,HLT,2.757,0,0
G2018009465,U02,2020,HUM,2.907,0,0
G2018009466,U08,2020,BUS,3.17,1,0
G2018009468,U08,2020,SOC,2.952,0,0
G2018009472,U03,2020,STEM,3.291,0,0
G2018009481,U03,2020,HUM,2.606,0,1
G2018009484,U03,2020,STEM,4.0,0,0
G2018009489,U01,2020,SOC,3.294,0,0
G2018009491,U04,2020,SOC,3.435,0,0
G2018009492,U05,2020,HUM,3.13,0,0
G2018009493,U06,2020,BUS,2.909,1,0
G2018009503,U01,2020,BUS,3.59,0,0
G2018009507,U03,2020,HLT,3.152,0,0
G2018009508,U08,2020,HLT,2.503,0,0
G2018009512,U06,2020,BUS,2.682,0,0
G2018009514,U05,2020,HUM,3.16,0,0
G2018009517,U05,2020,HLT,2.289,0,0
G2018009521,U02,2020,BUS,3.527,0,0
G2018009522,U07,2020,STEM,4.0,0,0
G2018009524,U07,2020,HUM,3.11,0,0
G2018009528,U08,2020,HUM,4.0,1,0
G2018009531,U03,2020,SOC,2.637,0,0
G2018009539,U02,2020,HLT,3.439,1,0
G2018009541,U05,2020,HUM,3.23,1,0
G2018009544,U03,2020,HLT,2.525,1,0
G2018009549,U03,2020,EDU,2.545,0,1
G2018009555,U08,2020,EDU,2.766,1,0
G2018009567,U07,2020,SOC,3.072,0,1
G2018009571,U01,2020,HUM,2.873,0,0
G2018009578,U06,2020,STEM,2.726,0,1
G2018009579,U06,2020,SOC,3.434,0,0
G2018009580,U06,2020,STEM,2.345,1,0
G2018009581,U04,2020,BUS,2.959,0,0
G2018009584,U06,2020,STEM,2.536,1,1
G2018009589,U03,2020,BUS,3.041,1,0
G2018009601,U04,2020,EDU,3.174,1,1
G2018009604,U05,2020,SOC,3.178,0,0
G2018009618,U08,2020,BUS,3.47,0,0
G2018009620,U05,2020,STEM,3.35,0,0
G2018009623,U04,2020,HLT,3.103,0,0
G2018009625,U08,2020,STEM,2.753,0,0
G2018009629,U04,2020,STEM,2.156,1,1
G2018009630,U03,2020,HUM,3.419,0,0
G2018009634,U08,2020,HUM,3.18,1,0
G2018009637,U04,2020,BUS,3.176,0,0
G2018009639,U06,2020,BUS,3.275,1,0
G2018009653,U07,2020,SOC,2.916,1,0
G2018009663,U03,2020,STEM,3.89,0,0
G2018009669,U07,2020,HLT,2.358,0,0
G2018009672,U04,2020,STEM,3.187,0,0
G2018009680,U03,2020,BUS,3.281,1,0
G2018009681,U01,2020,STEM,3.165,0,0
G2018009686,U07,2020,STEM,3.079,0,0
G2018009692,U03,2020,EDU,2.406,1,0
G2018009693,U01,2020,SOC,1.806,0,1
G2018009696,U08,2020,SOC,3.008,1,0
G2018009699,U01,2020,HUM,3.128,0,0
G2018009701,U03,2020,HUM,3.12,1,0
G2018009709,U08,2020,BUS,4.0,0,0
G2018009715,U02,2020,BUS,3.373,0,0
G2018009726,U06,2020,STEM,3.186,1,0
G2018009727,U05,2020,BUS,2.576,0,0
G2018009728,U07,2020,BUS,3.259,1,0
G2018009737,U03,2020,SOC,2.198,1,0
G2018009745,U08,2020,SOC,2.668,0,0
G2018009748,U08,2020,EDU,1.712,0,1
G2018009750,U03,2020,BUS,3.021,0,1
G2018009755,U02,2020,STEM,3.635,1,1
G2018009759,U03,2020,HLT,2.491,0,0
G2018009760,U08,2020,HUM,3.391,0,0
G2018009761,U05,2020,STEM,3.214,0,1
G2018009765,U03,2020,HLT,3.071,0,1
G2018009766,U06,2020,STEM,3.627,1,0
G2018009769,U03,2020,STEM,3.454,0,0
G2018009773,U05,2020,STEM,3.29,0,0
G2018009777,U05,2020,HLT,3.575,0,0
G2018009792,U02,2020,SOC,3.306,0,0
G2018009804,U03,2020,BUS,3.701,0,0
G2018009807,U07,2020,HLT,3.637,1,0
G2018009809,U05,2020,HUM,2.898,1,0
G2018009812,U03,2020,SOC,3.114,1,0
G2018009815,U05,2020,BUS,3.22,0,1
G2018009816,U07,2020,HLT,2.492,1,1
G2018009823,U08,2020,BUS,3.841,0,0
G2018009830,U04,2020,BUS,2.055,0,0
G2018009831,U08,2020,HLT,2.384,0,0
G2018009833,U08,2020,HLT,3.225,0,0
G2018009834,U05,2020,HLT,3.011,0,0
G2018009838,U01,2020,BUS,2.78,0,0
G2018009845,U01,2020,HLT,2.436,0,0
G2018009847,U05,2020,SOC,3.33,0,0
G2018009849,U06,2020,SOC,2.826,0,0
G2018009859,U01,2020,BUS,2.471,1,1
G2018009860,U08,2020,STEM,3.033,0,0
G2018009863,U08,2020,BUS,3.907,0,1
G2018009865,U06,2020,STEM,2.792,0,0
G2018009869,U07,2020,STEM,3.471,0,0
G2018009870,U04,2020,SOC,2.545,0,0
G2018009875,U08,2020,HLT,3.253,0,0
G2018009877,U01,2020,BUS,2.721,0,1
G2018009878,U06,2020,STEM,2.359,0,0
G2018009879,U05,2020,BUS,3.413,1,0
G2018009886,U02,2020,HLT,3.251,0,0
G2018009896,U08,2020,STEM,2.701,0,0
G2018009902,U05,2020,EDU,3.267,0,0
G2018009904,U03,2020,HLT,2.537,0,1
G2018009906,U03,2020,BUS,2.695,0,0
G2018009907,U02,2020,STEM,2.384,0,0
G2018009910,U01,2020,HUM,3.46,1,0
G2018009920,U03,2020,HUM,3.107,0,1
G2018009933,U03,2020,EDU,3.063,0,1
G2018009940,U08,2020,BUS,3.236,0,0
G2018009947,U06,2020,EDU,3.135,0,0
G2018009955,U03,2020,EDU,2.872,0,1
G2018009962,U04,2020,BUS,3.163,0,0
G2018009964,U04,2020,STEM,2.817,0,0
G2018009978,U03,2020,BUS,2.536,0,0
G2018009979,U02,2020,BUS,3.095,0,0
G2018009981,U06,2020,BUS,3.239,0,1
G2018009983,U05,2020,STEM,3.525,0,0
G2018009988,U04,2020,STEM,3.629,0,0
G2018009991,U06,2020,BUS,3.21,0,0
G2018010002,U04,2020,STEM,3.35,0,0
G2018010008,U07,2020,STEM,2.828,1,0
G2018010014,U06,2020,STEM,3.055,1,0
G2018010020,U06,2020,BUS,3.418,0,1
G2018010021,U02,2020,HUM,3.276,0,0
G2018010025,U06,2020,HUM,2.712,0,0
G2018010031,U07,2020,SOC,2.641,0,0
G2018010032,U03,2020,BUS,3.394,0,0
G2018010036,U07,2020,STEM,3.292,0,0
G2018010041,U06,2020,HUM,3.446,0,0
G2018010043,U02,2020,HUM,3.56,0,0
G2018010048,U04,2020,HUM,2.593,0,0
G2018010049,U06,2020,EDU,2.707,0,0
G2018010051,U01,2020,BUS,3.686,0,0
G2018010057,U08,2020,HUM,2.789,0,0
G2018010063,U06,2020,EDU,3.326,0,0
G2018010068,U01,2020,HLT,2.997,0,0
G2018010082,U05,2020,EDU,3.239,0,0
G2018010083,U07,2020,BUS,3.187,0,0
G2018010084,U02,2020,HLT,3.378,0,0
G2018010088,U07,2020,HUM,3.476,1,0
G2018010090,U08,2020,STEM,3.277,1,0
G2018010097,U07,2020,HLT,2.824,1,0
G2018010102,U07,2020,HUM,3.474,0,0
G2018010105,U03,2020,SOC,3.263,0,0
G2018010111,U02,2020,SOC,2.682,1,1
G2018010120,U08,2020,STEM,3.578,1,0
G2018010124,U01,2020,BUS,2.526,0,0
G2018010128,U05,2020,SOC,3.196,1,0
G2018010139,U01,2020,HUM,2.895,1,0
G2018010154,U06,2020,BUS,2.849,0,0
G2018010155,U02,2020,BUS,2.606,0,0
G2018010157,U04,2020,STEM,2.729,0,1
G2018010162,U02,2020,SOC,2.711,0,0
G2018010164,U08,2020,STEM,3.184,1,0
G2018010165,U07,2020,BUS,2.774,1,0
G2018010167,U05,2020,STEM,3.562,0,0
G2018010172,U06,2020,EDU,2.925,0,0
G2018010182,U07,2020,HLT,2.988,0,1
G2018010183,U05,2020,STEM,2.914,0,1
G2018010188,U03,2020,SOC,2.764,0,0
G2018010189,U08,2020,HLT,3.094,0,1
G2018010191,U03,2020,HUM,2.527,0,0
G2018010199,U04,2020,STEM,2.524,0,0
G2018010201,U08,2020,BUS,3.31,1,0
G2018010203,U06,2020,STEM,3.323,0,0
G2018010210,U06,2020,BUS,3.321,0,0
G2018010217,U01,2020,HUM,2.85,0,0
G2018010219,U05,2020,SOC,2.842,1,0
G2018010227,U02,2020,STEM,3.031,0,0
G2018010232,U06,2020,STEM,2.673,0,0
G2018010242,U05,2020,BUS,3.123,0,0
G2018010247,U02,2020,BUS,3.53,0,1
G2018010250,U04,2020,HUM,3.591,0,1
G2018010254,U07,2020,SOC,3.366,1,0
G2018010255,U06,2020,STEM,3.521,0,0
G2018010260,U08,2020,STEM,3.334,0,0
G2018010262,U02,2020,BUS,2.868,0,0
G2018010264,U03,2020,STEM,3.111,0,0
G2018010269,U01,2020,SOC,3.494,1,0
G2018010272,U05,2020,HUM,2.969,0,0
G2018010274,U03,2020,HUM,2.896,0,0
G2018010276,U03,2020,BUS,3.546,1,0
G2018010281,U02,2020,BUS,3.224,0,0
G2018010291,U02,2020,STEM,2.61,0,1
G2018010293,U03,2020,BUS,2.564,0,0
G2018010296,U01,2020,HUM,3.012,0,0
G2018010307,U08,2020,BUS,3.156,0,1
G2018010309,U05,2020,SOC,2.898,0,0
G2018010313,U02,2020,STEM,2.588,0,1
G2018010314,U01,2020,STEM,3.069,0,1
G2018010315,U05,2020,STEM,3.387,1,0
G2018010317,U06,2020,SOC,3.009,0,0
G2018010318,U06,2020,EDU,3.657,0,1
G2018010328,U05,2020,HLT,3.502,1,1
G2018010329,U08,2020,SOC,2.83,0,0
G2018010335,U05,2020,SOC,3.001,1,0
G2018010339,U01,2020,SOC,3.507,0,0
G2018010344,U03,2020,HLT,2.974,0,0
G2018010345,U02,2020,HLT,3.243,1,1
G2018010349,U02,2020,HLT,2.575,1,1
G2018010352,U06,2020,BUS,2.811,0,0
G2018010354,U04,2020,EDU,2.91,0,0
G2018010360,U05,2020,HUM,2.99,0,0
G2018010361,U03,2020,BUS,2.937,1,1
G2018010364,U08,2020,BUS,2.404,0,1
G2018010365,U05,2020,HLT,3.294,0,0
G2018010371,U04,2020,SOC,3.194,0,1
G2018010381,U01,2020,SOC,3.471,1,0
G2018010382,U05,2020,STEM,3.152,1,1
G2018010399,U08,2020,STEM,2.187,0,0
G2018010416,U07,2020,BUS,2.835,0,1
G2018010418,U03,2020,EDU,3.56,0,0
G2018010427,U07,2020,STEM,2.79,0,1
G2018010434,U02,2020,BUS,3.4,0,0
G2018010436,U04,2020,EDU,2.679,1,0
G2018010439,U05,2020,HLT,2.75,0,0
G2018010440,U03,2020,HLT,3.103,0,0
G2018010451,U08,2020,SOC,2.511,0,1
G2018010452,U03,2020,HLT,2.936,0,0
G2018010458,U01,2020,STEM,2.401,0,0
G2018010464,U05,2020,BUS,3.131,0,1
G2018010467,U04,2020,BUS,3.345,1,0
G2018010470,U04,2020,BUS,2.65,0,1
G2018010478,U04,2020,BUS,2.833,1,0
G2018010479,U07,2020,SOC,2.567,0,0
G2018010489,U07,2020,BUS,3.314,0,1
G2018010490,U05,2020,SOC,3.015,1,1
G2018010493,U08,2020,HUM,3.5,1,0
G2018010494,U01,2020,STEM,2.541,0,0
G2018010496,U05,2020,SOC,3.441,0,1
G2018010501,U01,2020,BUS,2.357,0,0
G2018010503,U03,2020,STEM,2.8,0,1
G2018010511,U02,2020,BUS,2.341,0,0
G2018010513,U03,2020,STEM,3.138,1,0
G2018010517,U07,2020,HLT,2.921,0,0
G2018010535,U01,2020,BUS,3.416,1,1
G2018010537,U04,2020,STEM,2.465,0,0
G2018010551,U07,2020,SOC,3.47,0,0
G2018010553,U03,2020,SOC,3.248,0,1
G2018010554,U03,2020,STEM,2.947,0,0
G2018010559,U01,2020,SOC,3.119,0,0
G2018010560,U04,2020,HUM,2.752,1,0
G2018010567,U06,2020,BUS,3.606,0,0
G2018010574,U06,2020,EDU,3.238,0,0
G2018010575,U04,2020,EDU,3.799,0,0
G2018010579,U03,2020,BUS,3.102,1,1
G2018010580,U06,2020,STEM,3.325,0,1
G2018010603,U08,2020,HUM,3.231,0,0
G2018010604,U06,2020,STEM,3.641,0,0
G2018010605,U02,2020,HLT,3.13,0,0
G2018010611,U04,2020,STEM,3.032,1,0
G2018010619,U04,2020,STEM,3.326,1,0
G2018010620,U08,2020,SOC,3.212,0,0
G2018010621,U03,2020,SOC,3.002,0,0
G2018010626,U03,2020,EDU,3.217,0,1
G2018010635,U01,2020,SOC,3.833,0,0
G2018010643,U03,2020,SOC,3.344,1,0
G2018010660,U02,2020,SOC,3.053,0,1
G2018010661,U03,2020,SOC,3.851,0,0
G2018010672,U04,2020,BUS,2.766,0,1
G2018010673,U01,2020,STEM,3.482,1,0
G2018010680,U08,2020,SOC,3.427,0,0
G2018010690,U04,2020,BUS,2.521,0,0
G2018010691,U03,2020,BUS,3.287,0,0
G2018010701,U05,2020,STEM,3.473,1,0
G2018010704,U04,2020,BUS,3.463,0,1
G2018010709,U04,2020,EDU,3.095,0,0
G2018010710,U05,2020,HLT,3.561,0,0
G2018010713,U02,2020,SOC,2.881,0,0
G2018010723,U02,2020,HLT,3.122,0,0
G2018010726,U06,2020,SOC,2.776,0,0
G2018010734,U04,2020,STEM,3.059,1,0
G2018010739,U05,2020,STEM,2.974,0,0
G2018010741,U05,2020,BUS,2.976,0,0
G2018010744,U05,2020,SOC,2.966,0,1
G2018010747,U04,2020,SOC,2.798,0,1
G2018010752,U04,2020,STEM,2.949,0,1
G2018010755,U05,2020,STEM,3.604,0,1
G2018010758,U01,2020,EDU,4.0,0,0
G2018010772,U04,2020,BUS,3.182,1,0
G2018010780,U03,2020,HLT,2.743,1,1
G2018010791,U03,2020,HUM,3.023,0,0
G2018010793,U01,2020,BUS,3.369,0,0
G2018010803,U03,2020,STEM,3.656,0,0
G2018010804,U06,2020,HUM,2.383,1,0
G2018010806,U05,2020,EDU,3.161,0,0
G2018010810,U07,2020,STEM,3.221,0,1
G2018010813,U08,2020,HLT,3.134,0,0
G2018010831,U03,2020,STEM,3.39,1,0
G2018010839,U01,2020,HLT,2.535,1,0
G2018010840,U06,2020,BUS,3.062,1,0
G2018010842,U02,2020,STEM,3.614,0,0
G2018010845,U07,2020,SOC,3.155,1,0
G2018010846,U08,2020,STEM,2.631,1,0
G2018010847,U01,2020,STEM,2.558,0,0
G2018010851,U06,2020,HLT,3.365,1,0
G2018010853,U07,2020,HLT,2.134,0,0
G2018010862,U08,2020,BUS,3.605,0,0
G2018010869,U03,2020,STEM,3.292,0,1
G2018010873,U07,2020,STEM,3.033,0,1
G2018010877,U04,2020,EDU,3.072,1,0
G2018010878,U05,2020,STEM,3.035,0,0
G2018010879,U01,2020,STEM,2.589,0,0
G2018010889,U05,2020,STEM,3.355,0,1
G2018010897,U04,2020,HUM,2.738,1,1
G2018010907,U06,2020,STEM,2.769,1,0
G2018010916,U05,2020,HUM,3.221,0,0
G2018010922,U01,2020,STEM,3.317,0,1
G2018010925,U07,2020,BUS,2.471,1,0
G2018010934,U07,2020,STEM,3.087,1,0
G2018010935,U04,2020,EDU,2.833,0,0
G2018010941,U06,2020,STEM,3.527,0,0
G2018010959,U08,2020,BUS,3.556,0,0
G2018010961,U04,2020,BUS,3.428,1,0
G2018010964,U02,2020,STEM,2.947,1,0
G2018010969,U01,2020,BUS,2.823,1,0
G2018010977,U04,2020,EDU,3.097,0,0
G2018010981,U05,2020,STEM,3.446,0,0
G2018010986,U01,2020,STEM,3.272,0,0
G2018010987,U07,2020,HLT,2.506,0,1
G2018010990,U06,2020,HUM,2.947,1,0
G2018011000,U06,2020,SOC,2.711,0,1
G2018011006,U08,2020,BUS,2.854,0,0
G2018011013,U05,2020,STEM,3.215,0,0
G2018011025,U02,2020,HLT,2.989,1,1
G2018011031,U07,2020,STEM,2.228,0,0
G2018011037,U04,2020,STEM,2.654,1,0
G2018011040,U07,2020,STEM,2.346,0,0
G2018011044,U04,2020,STEM,3.349,0,0
G2018011054,U07,2020,STEM,2.506,1,0
G2018011058,U05,2020,SOC,3.378,0,0
G2018011059,U02,2020,SOC,2.636,0,0
G2018011066,U03,2020,SOC,2.554,0,0
G2018011069,U05,2020,HLT,2.956,0,0
G2018011070,U04,2020,BUS,2.987,0,1
G2018011078,U08,2020,HLT,2.828,0,0
G2018011080,U02,2020,EDU,3.43,0,0
G2018011089,U03,2020,BUS,2.802,0,0
G2018011096,U04,2020,STEM,2.637,1,0
G2018011098,U02,2020,STEM,2.858,1,1
G2018011101,U06,2020,HLT,3.338,1,0
G2018011109,U03,2020,HUM,2.686,0,1
G2018011114,U06,2020,STEM,3.572,0,0
G2018011129,U03,2020,STEM,2.846,0,0
G2018011140,U06,2020,BUS,2.559,0,0
G2018011141,U05,2020,SOC,2.908,0,0
G2018011146,U05,2020,STEM,2.975,1,1
G2018011148,U03,2020,SOC,2.916,1,0
G2018011153,U03,2020,SOC,3.543,0,0
G2018011158,U03,2020,STEM,2.824,0,0
G2018011163,U07,2020,STEM,3.095,0,0
G2018011172,U07,2020,BUS,2.622,0,1
G2018011174,U01,2020,HLT,2.925,0,0
G2018011175,U02,2020,SOC,2.511,0,1
G2018011179,U04,2020,SOC,3.13,0,0
G2018011185,U01,2020,SOC,2.776,1,0
G2018011187,U08,2020,STEM,2.499,1,1
G2018011190,U01,2020,STEM,3.347,0,1
G2018011191,U05,2020,STEM,2.695,1,0
G2018011197,U01,2020,SOC,2.74,0,0
G2018011204,U04,2020,STEM,2.531,0,0
G2018011205,U08,2020,BUS,2.937,0,0
G2018011207,U01,2020,BUS,3.222,0,0
G2018011209,U06,2020,SOC,3.08,0,0
G2018011214,U05,2020,BUS,2.716,1,0
G2018011219,U08,2020,SOC,3.523,0,0
G2018011220,U03,2020,HUM,2.935,1,0
G2018011230,U01,2020,EDU,2.507,0,0
G2018011251,U05,2020,STEM,3.611,1,0
G2018011254,U04,2020,BUS,2.591,1,0
G2018011258,U08,2020,STEM,3.552,0,0
G2018011266,U06,2020,SOC,2.457,0,0
G2018011274,U03,2020,SOC,2.93,1,0
G2018011280,U05,2020,STEM,3.436,1,1
G2018011282,U04,2020,HLT,3.432,1,0
G2018011292,U05,2020,SOC,3.105,1,0
G2018011298,U04,2020,SOC,3.197,1,0
G2018011299,U01,2020,BUS,2.896,1,0
G2018011304,U07,2020,HUM,3.186,0,0
G2018011310,U04,2020,BUS,2.286,0,0
G2018011313,U03,2020,HUM,3.527,0,1
G2018011318,U06,2020,STEM,2.569,0,0
G2018011322,U05,2020,HLT,3.464,0,0
G2018011328,U03,2020,BUS,3.556,0,0
G2018011330,U01,2020,STEM,2.845,0,0
G2018011337,U03,2020,HUM,2.849,0,0
G2018011341,U02,2020,SOC,2.244,0,1
G2018011345,U06,2020,SOC,3.682,0,1
G2018011346,U03,2020,STEM,2.816,1,0
G2018011347,U04,2020,STEM,2.837,0,1
G2018011358,U01,2020,HUM,3.964,0,1
G2018011359,U08,2020,EDU,2.758,0,0
G2018011362,U04,2020,BUS,3.056,0,1
G2018011375,U05,2020,STEM,3.647,0,0
G2018011376,U07,2020,SOC,3.063,1,0
G2018011393,U02,2020,EDU,2.938,0,1
G2018011394,U05,2020,BUS,2.332,1,0
G2018011397,U07,2020,HUM,2.682,0,1
G2018011398,U06,2020,HUM,2.922,0,0
G2018011404,U07,2020,SOC,3.33,0,0
G2018011421,U02,2020,HUM,2.495,0,1
G2018011425,U07,2020,HUM,2.51,1,0
G2018011430,U02,2020,STEM,2.329,1,0
G2018011431,U03,2020,BUS,3.011,1,1
G2018011434,U08,2020,EDU,3.044,0,1
G2018011439,U04,2020,SOC,3.05,1,1
G2018011446,U05,2020,STEM,2.773,1,0
G2018011447,U05,2020,SOC,3.357,0,0
G2018011452,U01,2020,HLT,3.502,1,0
G2018011453,U03,2020,STEM,2.502,0,0
G2018011461,U05,2020,SOC,2.912,0,0
G2018011463,U01,2020,STEM,3.296,0,0
G2018011467,U02,2020,BUS,3.181,0,0
G2018011471,U01,2020,BUS,3.414,0,0
G2018011494,U05,2020,STEM,2.782,0,0
G2018011501,U03,2020,HUM,2.879,0,0
G2018011508,U05,2020,HUM,3.14,1,0
G2018011518,U08,2020,BUS,2.546,1,1
G2018011529,U01,2020,EDU,3.347,0,0
G2018011533,U02,2020,BUS,3.124,0,0
G2018011537,U01,2020,SOC,3.191,0,0
G2018011550,U06,2020,EDU,3.513,0,0
G2018011552,U08,2020,HUM,2.507,0,0
G2018011564,U01,2020,STEM,3.067,0,1
G2018011570,U05,2020,HUM,3.254,1,0
G2018011571,U05,2020,STEM,3.458,1,0
G2018011581,U03,2020,BUS,2.452,1,1
G2018011585,U01,2020,STEM,2.556,1,1
G2018011586,U02,2020,STEM,3.075,1,1
G2018011592,U04,2020,HLT,2.879,1,1
G2018011593,U07,2020,BUS,3.414,0,0
G2018011600,U08,2020,HUM,3.133,1,0
G2018011607,U07,2020,SOC,2.937,0,0
G2018011621,U01,2020,STEM,3.105,0,0
G2018011626,U08,2020,STEM,3.279,1,1
G2018011630,U03,2020,STEM,2.949,0,0
G2018011631,U07,2020,EDU,3.944,0,1
G2018011634,U04,2020,SOC,3.511,0,0
G2018011636,U03,2020,HUM,3.64,0,0
G2018011641,U07,2020,STEM,3.71,1,0
G2018011644,U07,2020,STEM,3.272,1,0
G2018011652,U08,2020,STEM,3.265,0,0
G2018011654,U08,2020,BUS,3.62,0,0
G2018011664,U06,2020,STEM,3.063,1,1
G2018011665,U02,2020,STEM,3.519,0,1
G2018011667,U08,2020,BUS,3.52,1,0
G2018011670,U04,2020,SOC,2.722,1,0
G2018011671,U03,2020,SOC,2.736,1,0
G2018011689,U08,2020,HLT,2.634,0,0
G2018011695,U08,2020,HUM,3.805,0,0
G2018011696,U05,2020,STEM,3.686,0,0
G2018011699,U07,2020,BUS,2.98,0,0
G2018011701,U08,2020,STEM,3.904,1,1
G2018011702,U02,2020,SOC,3.163,1,1
G2018011703,U03,2020,STEM,3.446,0,0
G2018011715,U08,2020,STEM,2.627,0,1
G2018011717,U06,2020,SOC,3.176,1,1
G2018011730,U02,2020,STEM,2.761,0,0
G2018011732,U04,2020,SOC,3.593,0,0
G2018011734,U05,2020,STEM,2.842,1,0
G2018011738,U03,2020,STEM,3.447,1,0
G2018011739,U04,2020,STEM,2.422,1,1
G2018011741,U08,2020,BUS,2.766,0,1
G2018011744,U05,2020,BUS,2.895,0,0
G2018011751,U03,2020,STEM,2.548,0,0
G2018011753,U04,2020,STEM,2.915,0,0
G2018011755,U01,2020,SOC,2.394,0,1
G2018011757,U07,2020,BUS,3.271,1,0
G2018011758,U05,2020,EDU,3.038,0,0
G2018011781,U06,2020,BUS,3.751,1,0
G2018011785,U01,2020,EDU,3.273,1,1
G2018011806,U07,2020,STEM,3.057,0,0
G2018011807,U04,2020,EDU,3.158,1,1
G2018011808,U01,2020,BUS,2.383,0,0
G2018011812,U06,2020,BUS,3.317,0,0
G2018011813,U06,2020,BUS,2.712,0,0
G2018011817,U07,2020,HUM,3.606,0,0
G2018011821,U04,2020,STEM,2.395,0,0
G2018011824,U02,2020,STEM,3.184,0,0
G2018011827,U05,2020,SOC,3.589,0,0
G2018011828,U08,2020,STEM,3.44,1,0
G2018011830,U03,2020,HUM,3.416,1,0
G2018011832,U01,2020,STEM,2.484,1,0
G2018011833,U01,2020,STEM,2.735,0,0
G2018011836,U05,2020,BUS,2.868,0,0
G2018011840,U01,2020,SOC,3.321,1,1
G2018011844,U02,2020,STEM,3.01,1,1
G2018011851,U04,2020,HLT,2.324,0,0
G2018011855,U04,2020,HUM,2.711,1,0
G2018011860,U08,2020,BUS,3.688,0,0
G2018011863,U04,2020,BUS,3.219,1,0
G2018011866,U08,2020,HUM,3.454,1,0
G2018011878,U08,2020,STEM,2.431,1,0
G2018011881,U08,2020,SOC,2.777,0,0
G2018011888,U03,2020,STEM,3.15,0,0
G2018011899,U01,2020,BUS,3.171,0,0
G2018011903,U04,2020,STEM,2.656,0,1
G2018011912,U05,2020,BUS,2.355,0,1
G2018011919,U02,2020,EDU,1.927,0,0
G2018011922,U05,2020,SOC,2.957,0,0
G2018011923,U07,2020,EDU,2.859,0,1
G2018011940,U04,2020,SOC,2.937,0,0
G2018011941,U02,2020,STEM,3.74,0,0
G2018011952,U05,2020,BUS,3.685,0,0
G2018011953,U06,2020,EDU,3.296,0,0
G2018011954,U05,2020,HUM,3.363,0,1
G2018011955,U06,2020,SOC,2.551,0,0
G2018011956,U08,2020,HLT,3.234,0,0
G2018011959,U02,2020,STEM,2.93,0,0
G2018011962,U01,2020,BUS,2.556,0,0
G2018011963,U04,2020,SOC,2.993,0,0
G2018011966,U04,2020,SOC,2.659,0,0
G2018011967,U04,2020,SOC,2.968,0,0
G2018011970,U04,2020,HUM,3.03,0,0
G2018011973,U07,2020,STEM,3.233,0,0
G2018011976,U02,2020,HLT,3.631,0,0
G2018011980,U02,2020,BUS,3.38,0,0
G2018011983,U04,2020,HUM,3.677,0,0
G2018011990,U01,2020,STEM,3.291,1,0
G2018011999,U08,2020,BUS,2.699,0,0
G2018012000,U08,2020,SOC,2.626,1,1
G2018012006,U04,2020,HUM,3.397,0,0
G2018012008,U01,2020,HLT,3.504,0,1
G2018012017,U02,2020,BUS,3.518,1,0
G2018012025,U05,2020,SOC,3.229,1,0
G2018012029,U06,2020,SOC,2.519,1,0
G2018012030,U03,2020,BUS,2.552,0,0
G2018012033,U02,2020,HUM,3.102,1,0
G2018012037,U04,2020,STEM,2.572,0,1
G2018012038,U07,2020,BUS,2.482,0,0
G2018012040,U07,2020,BUS,2.196,0,0
G2018012052,U07,2020,STEM,3.741,1,1
G2018012056,U03,2020,STEM,2.888,1,1
G2018012058,U03,2020,HLT,2.27,0,0
G2018012059,U08,2020,STEM,3.609,1,0
G2018012061,U05,2020,SOC,3.796,0,0
G2018012062,U06,2020,STEM,3.121,1,1
G2018012071,U07,2020,SOC,2.637,0,0
G2018012072,U06,2020,STEM,3.324,0,0
G2018012073,U06,2020,EDU,2.754,0,0
G2018012080,U04,2020,EDU,3.142,0,1
G2018012081,U08,2020,BUS,3.288,0,0
G2018012083,U04,2020,BUS,2.859,0,0
G2018012086,U07,2020,HLT,3.664,1,0
G2018012087,U06,2020,BUS,2.96,0,1
G2018012098,U07,2020,BUS,2.772,1,0
G2018012100,U05,2020,BUS,2.897,0,1
G2018012102,U07,2020,EDU,2.867,0,0
G2018012105,U03,2020,BUS,2.504,0,0
G2018012109,U05,2020,BUS,3.242,0,0
G2018012113,U02,2020,STEM,4.0,0,0
G2018012114,U02,2020,HUM,2.591,0,1
G2018012116,U05,2020,STEM,3.191,0,0
G2018012118,U07,2020,HLT,3.235,0,0
G2018012120,U01,2020,BUS,2.877,1,0
G2018012121,U01,2020,SOC,3.121,1,0
G2018012122,U03,2020,BUS,2.94,0,0
G2018012125,U07,2020,STEM,3.074,0,0
G2018012126,U07,2020,SOC,3.032,0,0
G2018012143,U08,2020,HLT,2.605,1,0
G2018012152,U05,2020,HLT,3.433,0,0
G2018012154,U03,2020,HUM,3.104,0,1
G2018012156,U06,2020,BUS,3.523,1,0
G2018012169,U04,2020,STEM,3.173,0,0
G2018012173,U08,2020,EDU,2.986,0,0
G2018012177,U04,2020,BUS,2.862,1,0
G2018012178,U06,2020,SOC,3.05,0,0
G2018012181,U06,2020,HLT,3.231,0,0
G2018012182,U05,2020,EDU,2.742,0,0
G2018012183,U03,2020,STEM,3.386,0,0
G2018012185,U06,2020,BUS,3.298,0,0
G2018012190,U06,2020,BUS,3.208,0,0
G2018012192,U01,2020,HUM,2.922,0,0
G2018012199,U03,2020,BUS,3.636,0,0
G2018012202,U06,2020,EDU,3.524,0,0
G2018012206,U08,2020,STEM,3.13,0,0
G2018012211,U08,2020,SOC,3.006,0,0
G2018012214,U06,2020,BUS,2.894,0,0
G2018012218,U07,2020,STEM,2.896,0,0
G2018012220,U04,2020,BUS,2.92,0,0
G2018012230,U06,2020,STEM,2.466,0,0
G2018012233,U06,2020,STEM,3.642,0,1
G2018012236,U05,2020,STEM,2.447,1,0
G2018012239,U03,2020,STEM,3.577,0,0
G2018012244,U05,2020,STEM,3.114,0,0
G2018012245,U08,2020,STEM,2.414,0,0
G2018012259,U08,2020,BUS,3.509,0,0
G2018012266,U05,2020,STEM,3.206,0,1
G2018012275,U08,2020,EDU,3.221,0,0
G2018012281,U06,2020,STEM,3.727,0,1
G2018012283,U06,2020,STEM,2.562,1,0
G2018012310,U04,2020,EDU,4.0,1,0
G2018012315,U01,2020,EDU,2.379,1,0
G2018012323,U02,2020,HUM,3.006,0,0
G2018012324,U01,2020,HUM,3.204,1,0
G2018012327,U07,2020,SOC,2.829,0,0
G2018012332,U08,2020,SOC,3.198,0,0
G2018012339,U01,2020,BUS,2.889,0,0
G2018012360,U05,2020,STEM,3.207,0,0
G2018012364,U03,2020,HUM,3.184,0,1
G2018012365,U05,2020,EDU,2.596,0,0
G2018012368,U01,2020,BUS,3.277,0,0
G2018012375,U03,2020,STEM,2.831,0,0
G2018012379,U06,2020,STEM,3.877,1,0
G2018012382,U07,2020,EDU,2.171,0,0
G2018012384,U06,2020,STEM,2.555,0,0
G2018012385,U01,2020,BUS,2.933,0,0
G2018012386,U05,2020,STEM,4.0,1,0
G2018012393,U07,2020,BUS,2.888,0,0
G2018012404,U03,2020,BUS,2.907,0,0
G2018012409,U02,2020,STEM,3.141,1,0
G2018012410,U08,2020,BUS,3.329,0,0
G2018012413,U07,2020,STEM,3.777,0,0
G2018012418,U03,2020,STEM,3.128,0,0
G2018012426,U01,2020,EDU,3.244,1,0
G2018012430,U07,2020,STEM,3.978,1,1
G2018012434,U05,2020,BUS,3.436,0,0
G2018012438,U08,2020,BUS,2.302,1,0
G2018012450,U06,2020,BUS,3.291,1,0
G2018012454,U07,2020,EDU,2.801,0,0
G2018012455,U06,2020,EDU,3.259,0,0
G2018012461,U04,2020,BUS,3.177,1,0
G2018012464,U05,2020,HUM,2.839,0,0
G2018012470,U07,2020,SOC,3.126,1,1
G2018012471,U08,2020,STEM,3.091,0,0
G2018012479,U05,2020,EDU,2.962,0,0
G2018012489,U08,2020,BUS,3.442,0,0
G2018012491,U02,2020,SOC,2.423,0,0
G2018012497,U08,2020,STEM,3.051,0,0
G2018012499,U02,2020,SOC,3.169,0,0
G2018012502,U04,2020,BUS,3.131,1,0
G2018012506,U04,2020,HLT,2.92,0,0
G2018012507,U05,2020,STEM,3.294,0,1
G2018012519,U07,2020,SOC,3.769,0,0
G2018012521,U05,2020,HUM,3.044,1,0
G2018012525,U08,2020,STEM,2.614,1,0
G2018012528,U02,2020,STEM,2.9,0,0
G2018012530,U01,2020,HLT,3.398,1,0
G2018012531,U07,2020,STEM,3.341,0,1
G2018012534,U04,2020,HUM,2.48,0,1
G2018012544,U05,2020,BUS,3.267,0,0
G2018012545,U07,2020,BUS,3.474,1,1
G2018012560,U04,2020,BUS,2.829,0,1
G2018012571,U06,2020,SOC,2.41,1,0
G2018012572,U05,2020,HUM,2.811,0,0
G2018012579,U03,2020,HUM,3.233,1,0
G2018012587,U05,2020,HLT,3.37,0,0
G2018012591,U03,2020,HLT,2.952,0,0
G2018012593,U05,2020,EDU,3.109,0,0
G2018012607,U06,2020,BUS,3.396,0,1
G2018012613,U08,2020,STEM,3.343,1,0
G2018012618,U03,2020,HLT,3.642,0,0
G2018012634,U04,2020,BUS,2.786,0,0
G2018012649,U02,2020,SOC,2.892,0,1
G2018012659,U06,2020,HLT,3.731,0,1
G2018012664,U04,2020,STEM,2.227,1,0
G2018012665,U05,2020,HUM,2.562,0,0
G2018012667,U03,2020,STEM,2.978,1,0
G2018012680,U04,2020,HLT,3.212,0,0
G2018012683,U08,2020,STEM,3.384,1,0
G2018012684,U07,2020,BUS,3.32,0,0
G2018012688,U08,2020,SOC,3.029,0,1
G2018012694,U03,2020,HLT,3.439,0,0
G2018012703,U01,2020,STEM,2.947,0,0
G2018012706,U07,2020,BUS,3.009,0,0
G2018012713,U06,2020,STEM,3.518,1,0
G2018012722,U01,2020,STEM,3.051,0,1
G2018012725,U06,2020,STEM,2.729,0,0
G2018012732,U01,2020,BUS,3.22,0,0
G2018012743,U03,2020,HUM,3.236,0,1
G2018012747,U08,2020,SOC,3.129,0,0
G2018012752,U03,2020,STEM,2.951,1,0
G2018012754,U04,2020,SOC,3.188,1,0
G2018012763,U05,2020,STEM,2.491,0,0
G2018012770,U07,2020,STEM,2.156,0,0
G2018012777,U05,2020,BUS,3.462,0,0
G2018012783,U05,2020,BUS,3.034,0,1
G2018012785,U01,2020,STEM,3.026,0,0
G2018012790,U08,2020,SOC,3.305,1,0
G2018012794,U03,2020,EDU,3.277,0,0
G2018012795,U02,2020,STEM,2.332,0,0
G2018012798,U05,2020,STEM,2.777,0,1
G2018012803,U01,2020,SOC,3.164,1,0
G2018012804,U07,2020,HUM,3.005,0,0
G2018012811,U06,2020,BUS,3.552,0,0
G2018012818,U04,2020,SOC,2.772,1,0
G2018012823,U02,2020,EDU,3.94,1,1
G2018012824,U06,2020,SOC,3.162,0,0
G2018012825,U02,2020,SOC,2.797,1,0
G2018012830,U07,2020,EDU,3.515,0,0
G2018012831,U08,2020,STEM,3.296,0,0
G2018012841,U04,2020,SOC,2.697,0,0
G2018012847,U02,2020,STEM,2.982,0,1
G2018012848,U01,2020,HUM,2.834,1,0
G2018012850,U01,2020,SOC,3.191,1,0
G2018012854,U01,2020,BUS,3.443,1,0
G2018012855,U06,2020,HUM,2.91,0,0
G2018012864,U06,2020,SOC,3.822,0,0
G2018012866,U06,2020,BUS,3.581,0,0
G2018012873,U02,2020,STEM,2.778,0,0
G2018012876,U05,2020,HLT,2.552,0,1
G2018012880,U07,2020,HLT,3.386,0,0
G2018012883,U05,2020,BUS,2.05,0,0
G2018012896,U03,2020,STEM,3.268,1,0
G2018012898,U06,2020,STEM,3.738,1,1
G2018012905,U04,2020,SOC,2.581,0,0
G2018012912,U05,2020,BUS,4.0,0,0
G2018012916,U08,2020,STEM,3.353,1,0
G2018012924,U04,2020,HLT,3.315,0,0
G2018012926,U06,2020,BUS,2.803,0,0
G2018012941,U05,2020,HUM,3.133,1,0
G2018012942,U06,2020,BUS,2.937,0,0
G2018012943,U03,2020,SOC,3.61,1,0
G2018012944,U05,2020,STEM,3.488,0,0
G2018012949,U06,2020,EDU,3.699,1,0
G2018012959,U08,2020,STEM,2.773,0,0
G2018012961,U01,2020,STEM,3.073,0,0
G2018012965,U03,2020,BUS,3.16,0,0
G2018012968,U06,2020,SOC,2.861,0,1
G2018012973,U01,2020,STEM,2.921,1,0
G2018012975,U08,2020,STEM,2.822,0,0
G2018012981,U06,2020,STEM,2.777,0,0
G2018012984,U03,2020,BUS,3.322,0,0
G2018012987,U05,2020,BUS,2.311,0,0
G2018012990,U03,2020,STEM,3.01,0,0
G2018012995,U01,2020,BUS,3.367,0,0
G2018012996,U03,2020,HLT,2.748,0,0
G2018013000,U07,2020,HLT,3.06,0,0
G2018013003,U04,2020,HUM,2.719,1,0
G2018013010,U01,2020,BUS,3.003,0,0
G2018013012,U08,2020,BUS,3.355,0,0
G2018013017,U07,2020,BUS,3.173,0,0
G2018013020,U04,2020,BUS,3.594,1,0
G2018013022,U01,2020,STEM,3.088,1,0
G2018013030,U01,2020,STEM,2.954,0,0
G2018013039,U03,2020,SOC,3.235,1,0
G2018013040,U08,2020,BUS,2.779,0,0
G2018013041,U02,2020,BUS,2.979,1,0
G2018013043,U04,2020,BUS,3.394,0,0
G2018013045,U04,2020,STEM,3.18,0,0
G2018013065,U06,2020,EDU,3.181,1,0
G2018013066,U06,2020,HUM,2.898,1,0
G2018013070,U03,2020,BUS,2.758,0,1
G2018013071,U01,2020,HLT,3.553,0,0
G2018013072,U03,2020,STEM,3.026,1,0
G2018013080,U02,2020,SOC,3.241,0,0
G2018013086,U05,2020,HUM,3.564,1,0
G2018013093,U06,2020,HUM,3.183,0,1
G2018013101,U03,2020,STEM,2.679,1,0
G2018013102,U03,2020,BUS,2.591,0,0
G2018013106,U02,2020,HUM,2.415,0,1
G2018013123,U02,2020,STEM,3.109,1,0
G2018013126,U07,2020,BUS,2.698,1,0
G2018013141,U04,2020,SOC,3.625,0,0
G2018013142,U08,2020,SOC,3.123,0,1
G2018013145,U01,2020,BUS,2.315,0,0
G2018013148,U08,2020,SOC,4.0,0,0
G2018013149,U08,2020,HUM,2.564,0,0
G2018013153,U05,2020,SOC,3.105,0,0
G2018013170,U04,2020,HUM,3.105,1,0
G2018013180,U07,2020,STEM,2.507,0,0
G2018013182,U08,2020,EDU,3.143,0,1
G2018013184,U07,2020,STEM,2.436,0,0
G2018013189,U04,2020,HUM,3.495,1,0
G2018013200,U07,2020,HUM,2.759,0,1
G2018013212,U08,2020,BUS,3.684,0,0
G2018013213,U03,2020,EDU,3.627,0,0
G2018013218,U01,2020,BUS,3.168,0,0
G2018013220,U02,2020,BUS,2.644,0,0
G2018013221,U06,2020,BUS,2.855,0,0
G2018013222,U03,2020,BUS,2.296,0,0
G2018013226,U01,2020,STEM,2.206,0,0
G2018013228,U04,2020,STEM,3.015,0,0
G2018013231,U07,2020,HLT,2.831,0,0
G2018013239,U02,2020,HLT,2.586,0,0
G2018013240,U07,2020,STEM,2.542,0,0
G2018013248,U01,2020,BUS,2.797,1,0
G2018013258,U04,2020,HLT,3.239,1,0
G2018013279,U03,2020,STEM,2.329,1,0
G2018013283,U04,2020,STEM,2.995,0,0
G2018013284,U02,2020,STEM,3.797,1,0
G2018013289,U08,2020,BUS,2.758,0,0
G2018013290,U04,2020,STEM,3.019,1,0
G2018013291,U02,2020,BUS,3.337,0,0
G2018013314,U08,2020,STEM,2.515,0,0
G2018013319,U07,2020,STEM,3.561,0,0
G2018013332,U08,2020,HLT,3.607,0,1
G2018013335,U06,2020,EDU,3.233,0,0
G2018013337,U08,2020,STEM,2.876,1,0
G2018013343,U04,2020,BUS,3.162,1,0
G2018013344,U07,2020,HLT,3.063,0,0
G2018013349,U06,2020,HLT,2.355,0,0
G2018013353,U08,2020,BUS,3.778,1,0
G2018013361,U04,2020,STEM,3.285,1,0
G2018013367,U02,2020,STEM,2.722,0,0
G2018013377,U05,2020,EDU,2.442,1,1
G2018013378,U01,2020,SOC,3.011,0,0
G2018013381,U02,2020,STEM,2.576,0,1
G2018013385,U01,2020,STEM,2.222,1,0
G2018013387,U05,2020,HLT,2.812,0,0
G2018013394,U03,2020,HLT,3.846,1,1
G2018013402,U03,2020,STEM,3.306,0,0
G2018013405,U06,2020,SOC,3.711,0,0
G2018013414,U03,2020,STEM,2.204,0,0
G2018013418,U06,2020,EDU,4.0,0,0
G2018013422,U08,2020,BUS,3.138,1,1
G2018013426,U08,2020,EDU,2.912,0,0
G2018013444,U03,2020,BUS,3.527,0,0
G2018013448,U04,2020,SOC,2.42,1,0
G2018013454,U01,2020,EDU,2.86,0,0
G2018013456,U01,2020,EDU,2.712,0,1
G2018013458,U02,2020,STEM,3.016,0,1
G2018013459,U01,2020,STEM,3.356,0,0
G2018013462,U03,2020,STEM,2.622,0,0
G2018013479,U05,2020,SOC,3.122,1,0
G2018013485,U05,2020,EDU,3.361,0,0
G2018013489,U07,2020,STEM,2.695,0,0
G2018013494,U04,2020,STEM,3.186,0,1
G2018013503,U07,2020,EDU,2.302,0,0
G2018013506,U06,2020,SOC,2.475,0,1
G2018013507,U07,2020,HUM,3.237,1,0
G2018013510,U02,2020,EDU,3.273,0,1
G2018013514,U04,2020,SOC,2.431,1,1
G2018013518,U01,2020,STEM,3.25,0,1
G2018013520,U07,2020,BUS,2.458,1,1
G2018013527,U07,2020,SOC,3.533,1,0
G2018013530,U04,2020,EDU,3.452,0,0
G2018013533,U06,2020,HLT,2.769,0,1
G2018013535,U03,2020,EDU,3.132,0,0
G2018013543,U07,2020,BUS,2.508,1,0
G2018013545,U01,2020,STEM,2.977,0,0
G2018013548,U04,2020,BUS,2.851,0,1
G2018013550,U02,2020,BUS,2.521,0,1
G2018013551,U07,2020,SOC,2.933,0,0
G2018013552,U05,2020,STEM,3.571,1,0
G2018013556,U01,2020,HUM,3.258,0,0
G2018013561,U05,2020,BUS,3.122,0,0
G2018013564,U01,2020,BUS,3.431,1,0
G2018013569,U03,2020,STEM,3.223,0,0
G2018013575,U01,2020,STEM,3.549,0,0
G2018013579,U06,2020,BUS,2.441,0,1
G2018013580,U02,2020,BUS,2.698,1,0
G2018013583,U06,2020,HLT,2.844,0,0
G2018013587,U07,2020,STEM,3.355,0,0
G2018013588,U08,2020,SOC,3.635,0,0
G2018013596,U08,2020,STEM,3.968,0,0
G2018013601,U01,2020,SOC,2.952,0,0
G2018013607,U03,2020,HUM,3.184,0,0
G2018013609,U01,2020,STEM,3.158,0,1
G2018013632,U02,2020,HUM,2.698,1,1
G2018013641,U06,2020,EDU,3.516,0,0
G2018013643,U07,2020,BUS,3.248,0,1
G2018013646,U08,2020,EDU,2.208,0,0
G2018013650,U06,2020,BUS,3.292,0,0
G2018013660,U07,2020,SOC,2.372,0,1
G2018013667,U02,2020,STEM,2.767,1,0
G2018013673,U07,2020,EDU,2.706,1,0
G2018013674,U01,2020,BUS,3.369,0,0
G2018013677,U07,2020,BUS,3.47,0,1
G2018013678,U03,2020,HUM,2.925,0,0
G2018013695,U06,2020,BUS,2.968,0,0
G2018013709,U01,2020,SOC,3.587,0,0
G2018013716,U07,2020,BUS,2.573,1,0
G2018013719,U05,2020,SOC,3.079,1,0
G2018013729,U07,2020,STEM,2.249,0,1
G2018013734,U06,2020,BUS,3.249,0,0
G2018013737,U03,2020,SOC,3.279,0,0
G2018013739,U05,2020,STEM,3.36,0,0
G2018013744,U07,2020,STEM,2.911,1,0
G2018013745,U03,2020,SOC,2.842,0,0
G2018013749,U01,2020,STEM,3.313,0,1
G2018013753,U07,2020,STEM,2.709,0,0
G2018013757,U08,2020,STEM,3.035,0,0
G2018013759,U08,2020,HUM,3.269,0,0
G2018013768,U04,2020,STEM,2.706,0,1
G2018013772,U07,2020,SOC,3.147,1,1
G2018013781,U01,2020,STEM,3.485,1,0
G2018013783,U07,2020,BUS,2.446,1,1
G2018013788,U04,2020,HLT,3.517,1,0
G2018013799,U04,2020,STEM,3.16,0,0
G2018013801,U02,2020,STEM,2.779,0,0
G2018013813,U04,2020,BUS,3.361,0,1
G2018013820,U05,2020,STEM,3.161,0,0
G2018013823,U08,2020,SOC,3.296,0,0
G2018013826,U06,2020,HUM,2.947,0,0
G2018013832,U08,2020,HUM,3.152,0,0
G2018013834,U01,2020,SOC,2.563,0,1
G2018013839,U02,2020,SOC,3.762,0,0
G2018013850,U05,2020,SOC,3.058,1,0
G2018013853,U05,2020,STEM,3.118,0,0
G2018013854,U08,2020,BUS,3.191,1,0
G2018013858,U04,2020,SOC,2.244,0,0
G2018013871,U01,2020,BUS,2.365,0,0
G2018013873,U04,2020,HUM,3.031,0,0
G2018013879,U06,2020,BUS,1.827,0,0
G2018013885,U01,2020,HLT,3.25,0,0
G2018013887,U01,2020,STEM,2.859,0,0
G2018013889,U04,2020,HUM,2.261,1,0
G2018013893,U05,2020,STEM,3.118,0,0
G2018013894,U08,2020,BUS,2.996,0,1
G2018013897,U05,2020,STEM,3.417,0,0
G2018013910,U01,2020,STEM,3.441,1,0
G2018013919,U06,2020,BUS,3.173,1,0
G2018013926,U07,2020,HUM,3.465,0,1
G2018013928,U03,2020,STEM,3.245,0,1
G2018013931,U02,2020,STEM,2.821,0,0
G2018013934,U08,2020,BUS,2.699,0,0
G2018013944,U05,2020,SOC,2.916,0,0
G2018013963,U02,2020,SOC,3.324,0,0
G2018013964,U03,2020,EDU,3.425,0,0
G2018013970,U03,2020,BUS,3.287,0,0
G2018013973,U02,2020,BUS,2.719,1,0
G2018013976,U01,2020,STEM,2.355,0,0
G2018013978,U06,2020,BUS,3.101,1,0
G2018013991,U07,2020,STEM,3.017,0,0
G2018013997,U05,2020,HUM,2.522,1,0
G2018013999,U02,2020,HUM,3.459,0,0
G2018014003,U07,2020,SOC,3.243,0,1
G2018014007,U06,2020,STEM,3.078,1,1
G2018014010,U06,2020,STEM,3.967,0,0
G2018014014,U02,2020,SOC,3.214,0,1
G2018014015,U03,2020,HLT,2.813,0,1
G2018014027,U08,2020,HUM,2.281,0,0
G2018014029,U01,2020,EDU,3.058,0,1
G2018014030,U07,2020,BUS,3.195,0,1
G2018014036,U01,2020,STEM,2.919,0,0
G2018014038,U08,2020,STEM,2.44,1,1
G2018014052,U07,2020,BUS,2.299,0,0
G2018014058,U06,2020,HUM,2.625,1,0
G2018014059,U07,2020,SOC,3.233,0,1
G2018014063,U06,2020,BUS,2.878,1,0
G2018014073,U04,2020,HLT,2.542,0,0
G2018014074,U01,2020,SOC,2.927,0,0
G2018014077,U04,2020,BUS,2.801,0,0
G2018014078,U08,2020,HUM,2.428,0,0
G2018014079,U02,2020,HLT,3.348,0,0
G2018014080,U08,2020,HUM,2.579,0,0
G2018014094,U06,2020,BUS,3.077,1,0
G2018014099,U02,2020,STEM,4.0,0,0
G2018014100,U07,2020,SOC,3.142,1,1
G2018014111,U06,2020,BUS,3.037,1,0
G2018014115,U06,2020,HLT,2.99,0,0
G2018014117,U01,2020,BUS,2.978,1,0
G2018014128,U08,2020,HUM,3.55,0,0
G2018014134,U06,2020,HUM,3.411,0,0
G2018014144,U06,2020,HLT,2.066,0,0
G2018014145,U05,2020,SOC,3.646,0,0
G2018014146,U08,2020,STEM,3.309,0,0
G2018014154,U08,2020,HUM,2.259,0,0
G2018014155,U06,2020,EDU,2.742,0,1
G2018014157,U06,2020,SOC,2.83,0,0
G2018014159,U06,2020,BUS,3.583,1,1
G2018014160,U01,2020,SOC,3.502,1,0
G2018014162,U04,2020,HLT,3.344,1,1
G2018014164,U01,2020,HUM,3.163,0,1
G2018014165,U07,2020,SOC,2.668,0,0
G2018014169,U01,2020,STEM,3.245,1,0
G2018014170,U03,2020,STEM,2.927,0,0
G2018014173,U08,2020,STEM,2.865,0,0
G2018014177,U07,2020,HUM,2.858,1,0
G2018014178,U04,2020,STEM,2.649,1,0
G2018014179,U08,2020,BUS,2.703,0,0
G2018014186,U07,2020,SOC,2.795,1,0
G2018014187,U06,2020,EDU,3.123,0,1
G2018014190,U05,2020,EDU,2.819,0,0
G2018014193,U02,2020,EDU,2.737,1,1
G2018014194,U04,2020,EDU,2.558,1,0
G2018014215,U01,2020,STEM,2.561,0,1
G2018014222,U06,2020,HUM,2.89,0,0
G2018014225,U02,2020,STEM,1.911,0,0
G2018014226,U06,2020,STEM,3.123,1,0
G2018014227,U06,2020,BUS,2.98,1,0
G2018014228,U01,2020,STEM,2.733,1,0
G2018014240,U07,2020,EDU,2.782,0,0
G2018014241,U01,2020,SOC,3.895,0,0
G2018014247,U06,2020,HUM,2.485,0,1
G2018014248,U01,2020,STEM,2.26,1,1
G2018014251,U04,2020,BUS,3.11,1,0
G2018014253,U08,2020,HLT,3.125,0,0
G2018014256,U01,2020,SOC,3.155,1,0
G2018014265,U04,2020,STEM,3.458,0,0
G2018014269,U02,2020,SOC,4.0,1,0
G2018014270,U05,2020,SOC,4.0,0,0
G2018014271,U08,2020,BUS,3.154,0,1
G2018014272,U04,2020,STEM,2.783,1,1
G2018014277,U05,2020,SOC,3.248,1,1
G2018014279,U04,2020,EDU,2.949,0,0
G2018014284,U06,2020,BUS,2.997,0,0
G2018014303,U07,2020,EDU,3.214,1,0
G2018014306,U03,2020,HLT,2.708,0,0
G2018014307,U05,2020,SOC,3.59,1,0
G2018014312,U04,2020,BUS,3.438,0,0
G2018014317,U05,2020,HUM,3.085,0,1
G2018014324,U05,2020,SOC,2.889,1,0
G2018014325,U01,2020,EDU,3.356,0,0
G2018014328,U07,2020,BUS,3.168,1,0
G2018014346,U06,2020,STEM,2.954,1,0
G2018014352,U07,2020,STEM,3.118,0,1
G2018014358,U05,2020,SOC,3.096,0,1
G2018014360,U03,2020,BUS,3.23,1,0
G2018014366,U07,2020,STEM,2.318,1,0
G2018014371,U04,2020,EDU,2.607,0,0
G2018014372,U05,2020,BUS,2.916,0,1
G2018014384,U05,2020,STEM,2.044,0,0
G2018014390,U04,2020,STEM,2.837,0,1
G2018014391,U07,2020,BUS,2.855,0,0
G2018014396,U05,2020,STEM,3.307,0,0
G2018014401,U02,2020,BUS,2.729,1,0
G2018014404,U05,2020,STEM,3.323,1,0
G2018014407,U02,2020,HUM,2.964,0,0
G2018014408,U07,2020,STEM,3.202,0,0
G2018014423,U02,2020,STEM,3.062,0,1
G2018014441,U01,2020,BUS,2.914,0,0
G2018014442,U08,2020,HLT,3.199,0,0
G2018014443,U03,2020,BUS,3.036,0,1
G2018014446,U02,2020,SOC,3.288,0,0
G2018014449,U04,2020,BUS,3.177,0,0
G2018014459,U05,2020,HUM,3.216,0,0
G2018014463,U03,2020,SOC,2.759,0,0
G2018014469,U02,2020,STEM,3.375,1,1
G2018014495,U05,2020,STEM,2.604,0,0
G2018014500,U05,2020,BUS,2.668,0,0
G2018014501,U03,2020,SOC,2.549,0,1
G2018014515,U05,2020,BUS,2.646,0,1
G2018014516,U05,2020,HLT,2.644,0,1
G2018014517,U06,2020,BUS,3.321,1,1
G2018014526,U03,2020,HUM,3.739,0,0
G2018014530,U05,2020,BUS,2.771,0,0
G2018014532,U03,2020,STEM,2.897,0,0
G2018014539,U05,2020,EDU,3.469,0,0
G2018014543,U04,2020,HLT,3.699,0,0
G2018014546,U05,2020,SOC,2.392,1,0
G2018014551,U02,2020,STEM,3.251,0,0
G2018014557,U06,2020,HUM,2.764,0,0
G2018014560,U05,2020,HLT,2.949,0,0
G2018014563,U07,2020,HLT,3.056,0,1
G2018014564,U06,2020,STEM,3.26,0,0
G2018014571,U05,2020,STEM,2.522,0,0
G2018014580,U05,2020,SOC,3.582,0,0
G2018014582,U04,2020,STEM,3.494,0,0
G2018014583,U06,2020,EDU,3.847,0,0
G2018014586,U06,2020,SOC,3.283,1,0
G2018014590,U02,2020,SOC,2.63,0,0
G2018014595,U04,2020,SOC,2.851,1,0
G2018014598,U02,2020,BUS,2.937,0,1
G2018014602,U02,2020,SOC,3.195,0,0
G2018014608,U07,2020,SOC,3.287,0,0
G2018014610,U02,2020,SOC,3.462,0,0
G2018014614,U06,2020,HLT,2.915,0,0
G2018014615,U02,2020,SOC,3.398,0,0
G2018014618,U03,2020,STEM,3.155,1,1
G2018014622,U08,2020,STEM,2.385,0,0
G2018014623,U02,2020,BUS,2.834,1,0
G2018014625,U04,2020,STEM,3.436,0,0
G2018014632,U02,2020,BUS,3.303,0,0
G2018014633,U05,2020,STEM,3.351,1,0
G2018014640,U05,2020,STEM,2.767,0,0
G2018014641,U02,2020,SOC,3.101,0,0
G2018014642,U07,2020,STEM,3.234,0,0
G2018014644,U01,2020,SOC,3.26,0,0
G2018014652,U04,2020,STEM,2.786,0,0
G2018014658,U05,2020,HUM,3.336,0,0
G2018014669,U07,2020,STEM,2.355,0,0
G2018014682,U03,2020,BUS,3.898,0,0
G2018014683,U01,2020,HUM,3.118,1,1
G2018014684,U01,2020,BUS,3.936,0,0
G2018014685,U03,2020,BUS,3.35,0,0
G2018014689,U03,2020,SOC,3.103,0,0
G2018014692,U06,2020,BUS,3.081,0,0
G2018014693,U02,2020,STEM,2.506,0,0
G2018014699,U05,2020,EDU,2.325,0,1
G2018014703,U03,2020,HUM,3.032,1,1
G2018014710,U07,2020,EDU,3.37,0,1
G2018014730,U04,2020,BUS,2.917,0,0
G2018014732,U04,2020,HUM,3.251,1,0
G2018014733,U01,2020,BUS,2.78,0,0
G2018014742,U07,2020,HUM,1.825,1,1
G2018014746,U04,2020,SOC,2.821,0,1
G2018014748,U03,2020,SOC,3.139,0,0
G2018014751,U03,2020,EDU,2.803,0,0
G2018014754,U04,2020,BUS,3.154,1,1
G2018014755,U03,2020,STEM,2.682,0,0
G2018014762,U04,2020,SOC,2.561,0,0
G2018014769,U02,2020,BUS,3.349,0,0
G2018014783,U02,2020,HLT,2.933,0,0
G2018014787,U05,2020,STEM,3.435,0,0
G2018014801,U06,2020,SOC,3.413,0,0
G2018014804,U04,2020,STEM,2.527,1,0
G2018014812,U03,2020,EDU,3.214,1,1
G2018014813,U04,2020,SOC,2.724,0,0
G2018014819,U06,2020,BUS,2.569,1,0
G2018014821,U03,2020,BUS,3.566,0,0
G2018014828,U01,2020,SOC,2.237,0,1
G2018014829,U05,2020,STEM,2.796,0,0
G2018014833,U08,2020,STEM,3.735,0,0
G2018014841,U05,2020,STEM,3.182,0,0
G2018014846,U03,2020,BUS,3.299,0,0
G2018014847,U05,2020,BUS,4.0,0,0
G2018014848,U01,2020,HUM,2.66,1,0
G2018014849,U08,2020,EDU,2.991,1,1
G2018014851,U02,2020,SOC,2.598,0,1
G2018014869,U03,2020,STEM,3.424,0,0
G2018014893,U08,2020,HLT,2.762,0,0
G2018014905,U04,2020,STEM,3.727,1,0
G2018014910,U06,2020,HLT,3.222,0,1
G2018014920,U05,2020,BUS,3.256,0,1
G2018014924,U04,2020,STEM,3.447,0,0
G2018014927,U07,2020,HLT,2.99,0,0
G2018014929,U03,2020,BUS,2.367,0,0
G2018014931,U06,2020,HLT,2.326,0,0
G2018014934,U03,2020,BUS,3.057,0,0
G2018014943,U08,2020,HLT,3.416,0,0
G2018014945,U05,2020,EDU,2.943,0,0
G2018014946,U04,2020,STEM,2.994,0,0
G2018014947,U06,2020,HLT,3.129,1,1
G2018014948,U07,2020,STEM,3.455,1,0
G2018014952,U01,2020,BUS,3.055,0,0
G2018014962,U04,2020,STEM,2.577,0,1
G2018014967,U01,2020,BUS,2.784,0,1
G2018014991,U06,2020,BUS,3.363,0,0
G2018015007,U03,2020,BUS,2.529,1,0
G2018015009,U05,2020,EDU,3.118,1,0
G2018015013,U05,2020,SOC,3.322,0,0
G2018015014,U07,2020,STEM,2.532,0,1
G2018015015,U06,2020,BUS,3.057,0,0
G2018015021,U08,2020,BUS,2.514,0,0
G2018015036,U04,2020,HUM,3.085,0,1
G2018015041,U01,2020,EDU,2.782,0,0
G2018015044,U04,2020,HUM,3.176,0,1
G2018015050,U05,2020,EDU,2.308,0,0
G2018015055,U01,2020,STEM,3.129,0,1
G2018015062,U02,2020,STEM,3.112,0,0
G2018015069,U04,2020,BUS,3.068,1,0
G2018015075,U07,2020,STEM,2.716,1,0
G2018015077,U07,2020,HLT,2.931,0,0
G2018015079,U02,2020,BUS,2.994,1,0
G2018015081,U04,2020,HUM,3.238,0,0
G2018015086,U06,2020,STEM,3.12,0,1
G2018015087,U07,2020,SOC,3.12,1,0
G2018015089,U06,2020,STEM,4.0,0,0
G2018015094,U08,2020,STEM,3.027,0,0
G2018015112,U02,2020,HLT,2.948,0,0
G2018015115,U01,2020,STEM,3.069,0,0
G2018015117,U03,2020,STEM,2.887,1,0
G2018015125,U06,2020,BUS,3.518,0,0
G2018015132,U08,2020,STEM,2.813,0,0
G2018015142,U07,2020,SOC,2.731,0,0
G2018015145,U06,2020,STEM,3.253,0,0
G2018015159,U04,2020,BUS,3.255,0,0
G2018015161,U06,2020,STEM,3.533,0,0
G2018015167,U08,2020,STEM,3.273,0,0
G2018015169,U05,2020,SOC,2.963,0,0
G2018015171,U08,2020,HUM,2.946,0,0
G2018015172,U02,2020,HLT,2.99,0,0
G2018015180,U04,2020,HUM,3.036,0,1
G2018015183,U05,2020,STEM,2.521,0,1
G2018015185,U06,2020,SOC,2.726,1,0
G2018015189,U04,2020,EDU,3.516,0,0
G2018015190,U02,2020,HLT,2.464,0,0
G2018015204,U01,2020,STEM,2.856,0,0
G2018015206,U06,2020,BUS,3.118,1,0
G2018015215,U03,2020,SOC,3.014,0,0
G2018015218,U02,2020,SOC,2.284,0,0
G2018015221,U02,2020,EDU,2.424,1,0
G2018015222,U07,2020,BUS,3.23,0,1
G2018015223,U04,2020,BUS,2.558,0,0
G2018015232,U06,2020,STEM,3.427,0,0
G2018015241,U08,2020,HUM,3.317,0,0
G2018015252,U04,2020,STEM,2.823,0,1
G2018015254,U05,2020,BUS,2.56,0,0
G2018015262,U02,2020,HLT,2.69,0,0
G2018015268,U06,2020,EDU,3.127,0,0
G2018015270,U04,2020,STEM,3.246,1,0
G2018015272,U05,2020,HUM,2.444,0,0
G2018015277,U04,2020,BUS,3.281,1,0
G2018015279,U05,2020,STEM,3.354,0,0
G2018015280,U08,2020,STEM,3.164,0,0
G2018015286,U02,2020,SOC,3.424,0,0
G2018015292,U07,2020,SOC,2.887,1,0
G2018015295,U04,2020,SOC,3.036,0,0
G2018015297,U04,2020,BUS,3.423,0,0
G2018015300,U08,2020,HUM,3.141,0,0
G2018015302,U07,2020,STEM,3.247,1,0
G2018015303,U07,2020,SOC,2.666,0,0
G2018015309,U08,2020,BUS,2.594,1,0
G2018015310,U05,2020,BUS,2.459,1,0
G2018015317,U02,2020,SOC,3.533,0,1
G2018015318,U05,2020,STEM,3.367,0,0
G2018015320,U03,2020,EDU,2.846,1,0
G2018015328,U08,2020,SOC,2.704,0,0
G2018015339,U06,2020,HUM,2.182,0,1
G2018015351,U08,2020,BUS,4.0,0,1
G2018015354,U07,2020,BUS,3.439,0,0
G2018015356,U01,2020,STEM,3.172,0,0
G2018015378,U07,2020,HUM,3.499,0,0
G2018015380,U03,2020,STEM,3.922,1,1
G2018015382,U07,2020,SOC,3.16,1,0
G2018015386,U05,2020,SOC,3.37,0,0
G2018015387,U02,2020,STEM,2.981,0,0
G2018015389,U06,2020,HLT,2.979,1,0
G2018015392,U01,2020,HLT,3.568,0,0
G2018015393,U02,2020,STEM,2.064,1,1
G2018015394,U02,2020,BUS,3.246,0,0
G2018015429,U02,2020,EDU,3.069,1,0
G2018015432,U07,2020,BUS,3.301,0,0
G2018015447,U02,2020,HUM,2.933,1,0
G2018015449,U04,2020,HUM,3.185,1,0
G2018015461,U02,2020,HLT,2.188,1,0
G2018015468,U02,2020,SOC,3.256,0,0
G2018015472,U01,2020,HLT,2.497,0,0
G2018015477,U01,2020,HUM,3.153,1,0
G2018015483,U02,2020,STEM,3.22,1,0
G2018015492,U08,2020,STEM,2.708,0,0
G2018015494,U08,2020,SOC,3.15,0,0
G2018015503,U05,2020,STEM,2.72,0,0
G2018015505,U08,2020,STEM,2.481,0,0
G2018015506,U01,2020,HUM,2.772,0,0
G2018015508,U01,2020,STEM,2.657,1,0
G2018015512,U04,2020,BUS,3.589,0,1
G2018015515,U03,2020,STEM,2.556,0,0
G2018015516,U08,2020,STEM,2.856,0,0
G2018015517,U03,2020,BUS,2.826,0,0
G2018015522,U05,2020,STEM,3.204,1,0
G2018015533,U07,2020,STEM,3.273,0,0
G2018015534,U02,2020,SOC,2.343,1,0
G2018015554,U04,2020,SOC,3.018,1,0
G2018015559,U06,2020,BUS,2.683,0,0
G2018015574,U08,2020,SOC,3.303,0,0
G2018015579,U03,2020,HLT,3.509,0,0
G2018015585,U06,2020,HLT,2.987,0,0
G2018015586,U05,2020,STEM,2.914,0,0
G2018015589,U05,2020,BUS,2.345,0,0
G2018015595,U04,2020,STEM,3.629,1,1
G2018015600,U04,2020,STEM,3.065,0,0
G2018015602,U06,2020,HUM,2.458,1,0
G2018015612,U05,2020,EDU,3.335,0,0
G2018015613,U05,2020,HLT,3.164,1,0
G2018015614,U06,2020,SOC,2.978,0,0
G2018015626,U01,2020,HUM,3.07,0,0
G2018015632,U08,2020,HLT,1.912,0,0
G2018015647,U03,2020,HLT,2.786,0,0
G2018015648,U01,2020,STEM,3.74,0,1
G2018015656,U06,2020,SOC,2.635,0,0
G2018015658,U05,2020,HUM,1.92,0,0
G2018015661,U08,2020,SOC,2.723,0,0
G2018015663,U08,2020,STEM,3.135,0,0
G2018015676,U05,2020,STEM,2.148,0,0
G2018015678,U02,2020,EDU,3.071,0,0
G2018015690,U03,2020,BUS,2.764,0,0
G2018015693,U04,2020,HUM,2.943,1,0
G2018015704,U01,2020,SOC,2.756,1,0
G2018015710,U08,2020,BUS,2.488,0,0
G2018015711,U03,2020,HUM,3.73,0,0
G2018015713,U04,2020,BUS,3.325,0,0
G2018015721,U04,2020,EDU,3.03,0,1
G2018015726,U02,2020,STEM,3.642,0,0
G2018015729,U02,2020,HLT,3.893,0,0
G2018015730,U08,2020,STEM,2.22,1,1
G2018015733,U08,2020,STEM,3.068,1,1
G2018015739,U08,2020,HLT,3.166,0,1
G2018015746,U07,2020,BUS,3.747,0,1
G2018015749,U06,2020,EDU,2.602,0,0
G2018015752,U05,2020,SOC,2.961,0,0
G2018015765,U05,2020,SOC,2.755,0,1
G2018015767,U02,2020,STEM,3.302,0,1
G2018015770,U08,2020,SOC,3.565,0,1
G2018015773,U03,2020,BUS,3.432,0,0
G2018015779,U04,2020,EDU,2.781,0,0
G2018015780,U08,2020,SOC,3.662,0,0
G2018015785,U02,2020,BUS,3.311,0,0
G2018015789,U06,2020,HLT,3.85,0,0
G2018015791,U05,2020,BUS,2.545,0,0
G2018015796,U03,2020,BUS,3.085,1,0
G2018015797,U06,2020,HUM,3.408,0,0
G2018015798,U01,2020,SOC,2.726,0,1
G2018015804,U02,2020,HUM,3.112,0,0
G2018015811,U06,2020,STEM,3.133,0,0
G2018015820,U01,2020,EDU,3.216,1,0
G2018015827,U01,2020,BUS,2.222,1,0
G2018015829,U04,2020,STEM,3.358,0,1
G2018015832,U03,2020,HUM,2.29,1,0
G2018015836,U07,2020,HUM,3.605,1,0
G2018015837,U03,2020,STEM,3.697,0,0
G2018015841,U05,2020,BUS,2.966,0,0
G2018015842,U03,2020,STEM,2.763,0,0
G2018015843,U04,2020,STEM,3.047,1,0
G2018015845,U07,2020,SOC,3.478,1,0
G2018015853,U07,2020,STEM,3.515,0,0
G2018015862,U02,2020,STEM,2.806,1,0
G2018015864,U02,2020,STEM,3.058,1,1
G2018015873,U02,2020,STEM,3.049,0,0
G2018015882,U01,2020,HUM,3.633,1,0
G2018015885,U02,2020,STEM,2.796,0,1
G2018015886,U03,2020,SOC,3.49,0,1
G2018015888,U07,2020,BUS,2.869,0,1
G2018015893,U06,2020,STEM,2.277,0,0
G2018015895,U07,2020,STEM,2.963,0,0
G2018015902,U04,2020,HLT,2.537,1,0
G2018015903,U01,2020,HUM,3.568,0,1
G2018015904,U01,2020,SOC,3.53,1,0
G2018015906,U02,2020,HLT,2.883,1,0
G2018015911,U08,2020,BUS,3.437,0,1
G2018015919,U06,2020,STEM,2.34,0,0
G2018015923,U08,2020,STEM,3.688,0,0
G2018015924,U08,2020,STEM,3.254,0,1
G2018015931,U04,2020,BUS,3.363,1,1
G2018015935,U03,2020,STEM,2.899,0,0
G2018015941,U06,2020,EDU,3.052,0,1
G2018015954,U06,2020,EDU,2.425,0,0
G2018015958,U05,2020,SOC,2.708,1,0
G2018015961,U04,2020,BUS,3.108,0,0
G2018015964,U07,2020,STEM,3.561,0,0
G2018015968,U05,2020,SOC,2.561,0,1
G2018015982,U01,2020,SOC,3.616,0,0
G2018015985,U02,2020,BUS,3.395,0,0
G2018015993,U04,2020,SOC,3.781,0,0
G2018015994,U05,2020,BUS,3.247,1,0
G2018015996,U08,2020,STEM,3.28,0,0
G2018016006,U08,2020,SOC,3.606,1,0
G2018016007,U06,2020,HUM,3.428,0,0
G2018016015,U06,2020,SOC,2.859,0,0
G2018016022,U04,2020,SOC,3.331,0,1
G2018016026,U06,2020,STEM,3.504,1,0
G2018016027,U01,2020,STEM,3.607,0,0
G2018016030,U04,2020,HLT,3.712,0,0
G2018016037,U06,2020,HUM,3.262,0,0
G2018016044,U07,2020,HUM,2.747,0,1
G2018016053,U02,2020,HUM,3.173,0,0
G2018016060,U06,2020,SOC,3.379,0,1
G2018016070,U02,2020,SOC,3.942,0,0
G2018016092,U01,2020,STEM,3.32,1,0
G2018016093,U04,2020,SOC,2.911,1,0
G2018016094,U07,2020,HLT,3.601,1,1
G2018016102,U02,2020,STEM,2.961,0,1
G2018016104,U06,2020,STEM,2.551,1,1
G2018016109,U04,2020,HUM,3.133,0,0
G2018016116,U01,2020,STEM,3.605,0,0
G2018016120,U03,2020,STEM,3.193,0,0
G2018016121,U05,2020,BUS,3.65,0,1
G2018016144,U01,2020,BUS,2.68,1,0
G2018016162,U07,2020,STEM,3.422,0,1
G2018016182,U02,2020,HLT,2.946,0,0
G2018016188,U08,2020,BUS,2.238,0,1
G2018016197,U04,2020,HUM,2.56,1,0
G2018016225,U05,2020,BUS,2.974,0,0
G2018016226,U01,2020,HLT,3.284,0,1
G2018016227,U07,2020,SOC,3.131,0,0
G2018016230,U04,2020,SOC,3.244,0,0
G2018016245,U04,2020,HLT,2.772,0,0
G2018016254,U02,2020,SOC,3.805,0,0
G2018016257,U08,2020,HLT,3.6,0,0
G2018016270,U02,2020,STEM,3.239,0,0
G2018016274,U04,2020,SOC,3.098,0,0
G2018016275,U03,2020,SOC,2.442,1,1
G2018016276,U04,2020,HLT,2.945,0,1
G2018016278,U07,2020,STEM,3.169,0,0
G2018016279,U04,2020,STEM,3.425,0,1
G2018016281,U03,2020,STEM,3.953,0,0
G2018016282,U02,2020,STEM,2.688,0,0
G2018016291,U02,2020,BUS,3.394,0,0
G2018016302,U02,2020,BUS,3.702,0,1
G2018016306,U01,2020,HLT,2.638,0,1
G2018016314,U04,2020,SOC,2.941,0,0
G2018016320,U02,2020,EDU,3.621,1,0
G2018016339,U02,2020,SOC,2.479,0,0
G2018016349,U02,2020,STEM,3.127,0,0
G2018016355,U01,2020,STEM,3.035,0,0
G2018016373,U05,2020,STEM,1.779,0,0
G2018016377,U04,2020,STEM,2.495,0,0
G2018016378,U04,2020,STEM,3.273,1,0
G2018016380,U04,2020,STEM,2.895,0,1
G2018016382,U06,2020,STEM,3.363,0,0
G2018016391,U07,2020,EDU,3.493,1,0
G2018016394,U01,2020,EDU,2.831,0,0
G2018016418,U05,2020,STEM,2.96,0,0
G2018016424,U04,2020,BUS,3.223,1,0
G2018016428,U01,2020,HLT,2.231,1,0
G2018016435,U02,2020,SOC,2.282,0,0
G2018016449,U03,2020,HUM,3.195,0,0
G2018016450,U03,2020,STEM,2.347,0,0
G2018016454,U02,2020,BUS,3.308,0,0
G2018016457,U07,2020,STEM,2.698,0,0
G2018016459,U03,2020,HUM,2.497,1,1
G2018016461,U02,2020,STEM,3.013,0,0
G2018016463,U03,2020,STEM,3.446,1,1
G2018016464,U01,2020,BUS,3.645,0,0
G2018016468,U06,2020,SOC,3.364,1,0
G2018016473,U06,2020,STEM,2.994,0,0
G2018016475,U07,2020,STEM,2.866,0,0
G2018016476,U03,2020,BUS,3.306,0,0
G2018016477,U02,2020,STEM,3.337,0,0
G2018016479,U04,2020,BUS,2.795,1,0
G2018016484,U07,2020,HLT,2.945,0,1
G2018016485,U02,2020,BUS,3.041,1,0
G2018016491,U05,2020,SOC,2.624,0,0
G2018016495,U03,2020,BUS,3.033,0,1
G2018016498,U04,2020,SOC,3.252,0,0
G2018016499,U03,2020,BUS,3.163,0,0
G2018016506,U08,2020,BUS,3.428,1,0
G2018016510,U07,2020,BUS,3.069,0,0
G2018016518,U04,2020,SOC,3.487,1,1
G2018016519,U03,2020,STEM,3.005,0,0
G2018016521,U01,2020,STEM,3.38,1,0
G2018016523,U05,2020,BUS,3.082,1,0
G2018016526,U03,2020,HUM,3.183,0,0
G2018016529,U03,2020,HUM,3.33,0,1
G2018016534,U04,2020,HLT,3.037,0,0
G2018016537,U01,2020,STEM,3.171,0,1
G2018016545,U01,2020,HLT,2.895,1,0
G2018016551,U07,2020,STEM,2.682,0,0
G2018016553,U05,2020,STEM,3.577,0,0
G2018016555,U06,2020,STEM,3.215,1,1
G2018016558,U03,2020,STEM,3.097,0,0
G2018016572,U07,2020,SOC,3.273,1,0
G2018016573,U02,2020,SOC,3.087,0,0
G2018016575,U06,2020,STEM,2.76,0,0
G2018016576,U07,2020,SOC,2.98,0,1
G2018016577,U02,2020,STEM,3.305,0,0
G2018016580,U05,2020,BUS,2.864,0,0
G2018016585,U04,2020,STEM,2.715,0,0
G2018016586,U05,2020,SOC,3.058,0,0
G2018016603,U07,2020,BUS,2.888,0,0
G2018016607,U05,2020,STEM,3.162,0,1
G2018016614,U07,2020,SOC,3.688,0,1
G2018016623,U01,2020,STEM,3.412,0,0
G2018016624,U01,2020,BUS,2.788,0,0
G2018016627,U06,2020,BUS,3.221,0,0
G2018016629,U08,2020,BUS,2.95,1,0
G2018016630,U07,2020,BUS,2.937,0,0
G2018016631,U06,2020,EDU,3.427,1,0
G2018016636,U06,2020,STEM,3.201,0,0
G2018016637,U05,2020,HLT,3.379,1,0
G2018016641,U06,2020,HUM,2.134,1,1
G2018016645,U07,2020,BUS,2.538,0,0
G2018016649,U01,2020,STEM,3.257,1,0
G2018016658,U05,2020,SOC,3.053,0,1
G2018016665,U06,2020,HLT,2.811,0,1
G2018016668,U04,2020,SOC,2.213,0,1
G2018016678,U07,2020,STEM,3.62,1,1
G2018016679,U07,2020,SOC,3.199,1,0
G2018016681,U05,2020,SOC,3.118,0,1
G2018016683,U06,2020,STEM,3.246,1,0
G2018016687,U01,2020,BUS,3.227,0,1
G2018016689,U05,2020,SOC,3.5,1,0
G2018016690,U05,2020,SOC,2.857,0,0
G2018016699,U02,2020,SOC,3.88,0,1
G2018016700,U08,2020,HLT,3.395,1,0
G2018016706,U07,2020,BUS,3.259,1,0
G2018016712,U05,2020,STEM,3.444,0,0
G2018016719,U06,2020,BUS,3.458,0,0
G2018016721,U01,2020,STEM,2.447,0,1
G2018016722,U07,2020,STEM,3.196,0,0
G2018016728,U04,2020,STEM,3.27,0,0
G2018016732,U07,2020,EDU,2.973,1,0
G2018016737,U01,2020,STEM,3.347,0,0
G2018016740,U03,2020,STEM,2.895,0,0
G2018016741,U04,2020,BUS,2.505,0,0
G2018016746,U01,2020,STEM,3.627,1,0
G2018016748,U04,2020,EDU,2.608,1,0
G2018016751,U04,2020,HLT,3.462,1,0
G2018016753,U07,2020,EDU,3.15,0,1
G2018016754,U01,2020,EDU,3.175,0,1
G2018016766,U04,2020,BUS,2.897,0,0
G2018016776,U06,2020,HLT,4.0,0,0
G2018016779,U03,2020,EDU,3.276,0,0
G2018016813,U07,2020,BUS,2.58,0,0
G2018016817,U07,2020,STEM,3.086,0,1
G2018016825,U06,2020,SOC,2.896,0,0
G2018016833,U04,2020,SOC,3.236,0,0
G2018016838,U07,2020,SOC,3.072,1,0
G2018016853,U07,2020,BUS,2.302,0,0
G2018016854,U02,2020,STEM,2.382,1,0
G2018016869,U07,2020,SOC,3.354,0,0
G2018016871,U07,2020,HUM,2.73,1,0
G2018016880,U05,2020,STEM,2.847,0,0
G2018016881,U07,2020,STEM,3.201,1,0
G2018016883,U08,2020,SOC,3.011,0,0
G2018016894,U03,2020,BUS,2.912,0,0
G2018016905,U04,2020,EDU,2.886,1,0
G2018016908,U03,2020,BUS,2.694,1,0
G2018016912,U06,2020,STEM,3.81,0,1
G2018016918,U06,2020,STEM,3.363,1,1
G2018016938,U01,2020,HLT,3.419,1,0
G2018016953,U03,2020,BUS,2.957,0,0
G2018016958,U03,2020,STEM,3.298,0,0
G2018016962,U01,2020,EDU,2.764,1,1
G2018016968,U01,2020,BUS,3.471,0,0
G2018016978,U04,2020,HUM,3.277,0,0
G2018016989,U08,2020,BUS,3.047,0,0
G2018016990,U03,2020,HLT,2.904,0,0
G2018016992,U03,2020,HUM,2.34,0,0
G2018016994,U01,2020,STEM,3.102,0,0
G2018017002,U06,2020,BUS,2.143,1,0
G2018017008,U04,2020,STEM,3.474,1,1
G2018017018,U01,2020,EDU,3.094,0,0
G2018017020,U06,2020,STEM,3.528,1,0
G2018017022,U01,2020,HLT,3.011,1,0
G2018017023,U08,2020,HUM,2.518,0,0
G2018017025,U03,2020,BUS,3.419,0,0
G2018017026,U07,2020,EDU,2.859,1,0
G2018017039,U04,2020,SOC,3.62,0,0
G2018017042,U06,2020,STEM,3.395,1,0
G2018017047,U05,2020,HLT,3.551,0,1
G2018017052,U02,2020,SOC,2.664,0,0
G2018017057,U07,2020,SOC,3.463,0,1
G2018017061,U08,2020,EDU,3.398,0,0
G2018017065,U05,2020,BUS,2.819,1,0
G2018017071,U05,2020,BUS,3.777,1,0
G2018017072,U08,2020,STEM,2.766,0,0
G2018017075,U05,2020,SOC,3.271,1,1
G2018017080,U01,2020,BUS,3.468,0,0
G2018017094,U03,2020,BUS,2.708,1,0
G2018017095,U05,2020,EDU,3.062,1,0
G2018017098,U02,2020,HLT,3.406,0,1
G2018017100,U07,2020,STEM,2.448,1,0
G2018017102,U04,2020,STEM,3.301,0,0
G2018017121,U02,2020,BUS,2.754,0,0
G2018017124,U05,2020,STEM,3.481,1,0
G2018017133,U08,2020,HUM,3.436,0,0
G2018017136,U05,2020,HLT,3.998,0,0
G2018017147,U03,2020,EDU,3.656,1,1
G2018017155,U04,2020,SOC,3.567,1,0
G2018017162,U05,2020,BUS,3.169,1,0
G2018017164,U05,2020,HLT,3.299,0,0
G2018017167,U01,2020,HLT,2.736,0,1
G2018017169,U08,2020,HLT,2.514,0,0
G2018017172,U06,2020,EDU,2.917,1,0
G2018017180,U05,2020,STEM,3.044,1,0
G2018017182,U04,2020,STEM,3.053,0,0
G2018017196,U04,2020,STEM,3.088,0,1
G2018017201,U04,2020,HLT,3.226,1,0
G2018017206,U03,2020,HUM,3.62,1,0
G2018017210,U06,2020,BUS,3.127,0,0
G2018017217,U07,2020,SOC,3.463,0,0
G2018017224,U04,2020,SOC,3.004,0,0
G2018017227,U05,2020,STEM,2.982,0,1
G2018017230,U05,2020,BUS,3.338,1,1
G2018017231,U01,2020,HLT,3.586,0,1
G2018017232,U06,2020,BUS,3.301,1,0
G2018017235,U02,2020,HLT,3.536,0,0
G2018017236,U07,2020,HUM,2.758,0,0
G2018017243,U08,2020,STEM,3.006,0,0
G2018017244,U03,2020,SOC,3.382,1,0
G2018017247,U02,2020,SOC,3.357,0,0
G2018017249,U07,2020,HLT,3.047,1,0
G2018017251,U01,2020,EDU,3.169,1,0
G2018017255,U07,2020,SOC,1.982,0,0
G2018017258,U06,2020,HLT,2.393,1,1
G2018017262,U01,2020,EDU,3.172,1,0
G2018017266,U03,2020,BUS,2.482,1,0
G2018017272,U05,2020,STEM,2.74,0,1
G2018017273,U01,2020,EDU,3.506,0,0
G2018017276,U06,2020,HUM,3.51,0,0
G2018017280,U03,2020,BUS,2.431,0,0
G2018017284,U03,2020,HUM,3.329,1,0
G2018017285,U07,2020,EDU,3.334,0,1
G2018017287,U07,2020,HUM,3.241,1,0
G2018017291,U04,2020,STEM,2.319,1,0
G2018017295,U07,2020,HUM,3.393,1,0
G2018017301,U08,2020,SOC,3.449,0,0
G2018017308,U05,2020,SOC,3.624,0,1
G2018017312,U06,2020,STEM,3.507,0,0
G2018017313,U07,2020,STEM,2.58,0,0
G2018017316,U01,2020,HLT,2.905,1,1
G2018017318,U05,2020,HUM,3.171,1,0
G2018017319,U03,2020,STEM,2.587,0,0
G2018017326,U05,2020,BUS,2.34,0,0
G2018017328,U08,2020,STEM,3.278,0,0
G2018017334,U06,2020,STEM,2.088,0,0
G2018017338,U02,2020,HLT,3.171,0,0
G2018017343,U02,2020,STEM,2.953,0,0
G2018017344,U03,2020,BUS,3.235,0,0
G2018017345,U05,2020,HUM,3.261,0,0
G2018017348,U01,2020,BUS,3.554,0,0
G2018017355,U03,2020,HLT,3.324,0,0
G2018017356,U03,2020,HUM,3.226,0,1
G2018017360,U01,2020,STEM,3.351,0,0
G2018017380,U01,2020,STEM,3.321,0,0
G2018017381,U01,2020,HUM,2.825,0,0
G2018017384,U05,2020,STEM,3.581,1,0
G2018017389,U03,2020,STEM,2.525,0,0
G2018017390,U02,2020,STEM,3.349,0,0
G2018017402,U06,2020,STEM,2.84,0,0
G2018017405,U08,2020,STEM,3.706,0,0
G2018017415,U02,2020,BUS,3.267,0,0
G2018017418,U08,2020,SOC,3.393,1,0
G2018017421,U05,2020,BUS,3.102,1,1
G2018017424,U04,2020,BUS,2.946,1,0
G2018017432,U04,2020,STEM,3.709,1,0
G2018017433,U07,2020,STEM,3.019,0,0
G2018017438,U08,2020,EDU,3.187,0,1
G2018017444,U05,2020,BUS,3.185,0,1
G2018017448,U07,2020,HUM,3.83,0,0
G2018017450,U04,2020,EDU,2.895,1,0
G2018017453,U06,2020,STEM,3.186,0,0
G2018017455,U03,2020,HUM,3.308,1,0
G2018017456,U06,2020,STEM,3.317,0,1
G2018017462,U06,2020,SOC,3.093,0,0
G2018017463,U01,2020,HLT,2.886,0,0
G2018017467,U02,2020,SOC,2.798,0,0
G2018017468,U04,2020,EDU,3.439,0,0
G2018017470,U08,2020,HLT,2.859,1,0
G2018017471,U04,2020,BUS,2.752,0,0
G2018017472,U04,2020,HLT,2.93,0,1
G2018017474,U02,2020,BUS,3.952,0,0
G2018017476,U05,2020,SOC,2.773,0,0
G2018017487,U06,2020,BUS,3.079,0,0
G2018017493,U01,2020,BUS,2.761,1,0
G2018017495,U06,2020,BUS,3.951,0,0
G2018017499,U01,2020,HLT,3.073,0,0
G2018017503,U02,2020,BUS,2.773,0,0
G2018017509,U03,2020,STEM,2.533,0,1
G2018017511,U05,2020,BUS,3.071,0,0
G2018017519,U07,2020,HUM,3.306,1,0
G2018017528,U07,2020,BUS,3.053,0,1
G2018017535,U04,2020,BUS,3.486,1,0
G2018017539,U07,2020,BUS,3.218,1,0
G2018017546,U08,2020,EDU,3.37,0,1
G2018017566,U01,2020,STEM,3.15,1,1
G2018017568,U03,2020,SOC,3.129,0,0
G2018017574,U03,2020,STEM,2.763,0,0
G2018017575,U05,2020,SOC,3.142,1,0
G2018017585,U07,2020,SOC,4.0,0,0
G2018017591,U02,2020,EDU,2.814,1,0
G2018017594,U06,2020,STEM,3.0,1,0
G2018017617,U08,2020,HLT,2.915,0,0
G2018017621,U05,2020,STEM,3.485,0,0
G2018017628,U02,2020,HLT,3.168,0,0
G2018017633,U02,2020,STEM,2.432,0,0
G2018017634,U05,2020,HUM,3.275,0,0
G2018017637,U07,2020,EDU,3.432,1,0
G2018017641,U08,2020,STEM,3.682,1,1
G2018017652,U02,2020,BUS,3.116,0,0
G2018017653,U06,2020,SOC,3.181,0,1
G2018017658,U07,2020,HUM,2.932,1,1
G2018017661,U04,2020,STEM,2.913,1,1
G2018017668,U05,2020,STEM,3.483,0,0
G2018017674,U08,2020,HUM,3.353,0,0
G2018017675,U02,2020,STEM,3.08,0,0
G2018017676,U08,2020,SOC,2.92,0,0
G2018017699,U08,2020,STEM,3.033,0,0
G2018017711,U03,2020,HLT,3.253,1,0
G2018017712,U04,2020,SOC,3.178,0,0
G2018017714,U06,2020,STEM,3.159,0,1
G2018017718,U06,2020,SOC,2.542,1,0
G2018017720,U07,2020,BUS,2.719,0,0
G2018017726,U06,2020,HUM,3.116,0,0
G2018017729,U05,2020,BUS,3.301,0,0
G2018017733,U02,2020,BUS,3.283,0,0
G2018017735,U06,2020,SOC,2.605,1,0
G2018017738,U06,2020,STEM,3.344,1,0
G2018017740,U04,2020,STEM,3.02,1,1
G2018017758,U05,2020,HUM,2.945,0,0
G2018017759,U06,2020,STEM,3.116,1,0
G2018017761,U06,2020,BUS,3.461,0,0
G2018017767,U03,2020,STEM,2.085,0,0
G2018017770,U01,2020,BUS,3.34,1,0
G2018017772,U03,2020,HLT,2.895,1,0
G2018017774,U03,2020,SOC,2.65,0,1
G2018017781,U02,2020,SOC,2.893,0,0
G2018017782,U06,2020,BUS,2.678,0,1
G2018017783,U05,2020,BUS,3.189,0,1
G2018017788,U08,2020,SOC,2.876,0,0
G2018017800,U03,2020,EDU,2.393,0,1
G2018017807,U02,2020,SOC,4.0,0,0
G2018017811,U05,2020,STEM,3.715,0,1
G2018017815,U05,2020,STEM,3.648,0,1
G2018017818,U04,2020,STEM,3.315,0,0
G2018017819,U08,2020,HLT,3.158,0,0
G2018017824,U04,2020,HUM,4.0,0,0
G2018017827,U01,2020,STEM,2.914,0,0
G2018017831,U02,2020,STEM,3.428,0,0
G2018017834,U02,2020,STEM,2.721,0,0
G2018017836,U06,2020,STEM,3.326,1,0
G2018017838,U02,2020,HUM,3.197,0,0
G2018017839,U06,2020,STEM,3.847,0,1
G2018017846,U02,2020,STEM,2.953,0,1
G2018017847,U02,2020,HLT,3.294,0,0
G2018017848,U03,2020,STEM,3.647,0,0
G2018017852,U02,2020,STEM,3.196,1,0
G2018017856,U01,2020,STEM,2.927,1,0
G2018017863,U01,2020,SOC,3.396,1,1
G2018017864,U08,2020,STEM,3.07,0,0
G2018017866,U02,2020,STEM,3.458,0,0
G2018017869,U04,2020,STEM,2.786,0,0
G2018017881,U07,2020,STEM,3.039,0,0
G2018017882,U04,2020,EDU,3.51,0,0
G2018017886,U03,2020,STEM,3.098,0,0
G2018017888,U07,2020,BUS,2.893,0,0
G2018017889,U03,2020,STEM,3.025,0,1
G2018017893,U05,2020,SOC,3.476,0,0
G2018017894,U01,2020,STEM,2.877,0,0
G2018017896,U06,2020,STEM,3.468,0,0
G2018017898,U07,2020,HUM,2.821,0,0
G2018017903,U03,2020,HLT,2.642,0,0
G2018017910,U03,2020,BUS,2.722,1,1
G2018017912,U06,2020,HLT,3.096,0,0
G2018017919,U04,2020,SOC,2.747,0,0
G2018017925,U03,2020,BUS,2.822,0,0
G2018017927,U08,2020,HUM,3.064,1,0
G2018017929,U06,2020,SOC,2.784,0,0
G2018017936,U04,2020,STEM,2.949,1,0
G2018017940,U08,2020,SOC,2.953,1,1
G2018017945,U08,2020,STEM,2.388,0,1
G2018017951,U03,2020,SOC,2.781,0,1
G2018017954,U05,2020,HUM,3.405,0,0
G2018017955,U01,2020,HUM,3.169,1,1
G2018017967,U01,2020,HLT,2.537,0,0
G2018017968,U08,2020,STEM,2.969,0,0
G2018017969,U06,2020,EDU,2.691,1,1
G2018017975,U03,2020,HLT,2.505,0,1
G2018017977,U04,2020,SOC,2.315,1,0
G2018017978,U02,2020,SOC,3.928,0,0
G2018018002,U06,2020,BUS,2.542,0,0
G2018018003,U02,2020,STEM,3.613,0,0
G2018018009,U03,2020,STEM,2.872,0,1
G2018018010,U04,2020,STEM,3.192,0,0
G2018018013,U04,2020,STEM,2.799,0,0
G2018018018,U08,2020,HUM,3.119,0,0
G2018018021,U01,2020,STEM,3.061,0,1
G2018018026,U06,2020,HLT,3.397,0,0
G2018018027,U05,2020,STEM,3.1,1,0
G2018018030,U07,2020,STEM,3.157,0,1
G2018018035,U03,2020,HLT,3.184,0,0
G2018018039,U02,2020,SOC,2.911,0,0
G2018018043,U05,2020,HUM,2.936,0,0
G2018018050,U05,2020,STEM,3.275,1,0
G2018018058,U04,2020,BUS,3.222,1,0
G2018018061,U04,2020,STEM,2.202,1,0
G2018018066,U01,2020,STEM,2.575,0,0
G2018018079,U01,2020,EDU,3.223,0,1
G2018018080,U04,2020,HUM,3.014,0,0
G2018018114,U05,2020,HUM,3.716,1,0
G2018018116,U04,2020,STEM,3.115,0,0
G2018018121,U04,2020,SOC,2.93,1,0
G2018018128,U02,2020,STEM,3.231,1,1
G2018018130,U02,2020,SOC,2.834,0,1
G2018018145,U02,2020,BUS,3.349,1,0
G2018018147,U07,2020,SOC,3.268,0,0
G2018018155,U02,2020,HUM,2.707,1,0
G2018018157,U07,2020,HLT,3.785,0,0
G2018018161,U06,2020,EDU,3.107,0,0
G2018018166,U05,2020,BUS,3.241,0,0
G2018018168,U02,2020,BUS,3.505,0,0
G2018018169,U06,2020,EDU,2.769,0,0
G2018018174,U01,2020,SOC,2.986,0,0
G2018018175,U06,2020,BUS,2.423,0,0
G2018018178,U01,2020,STEM,2.716,0,0
G2018018179,U01,2020,EDU,3.444,0,0
G2018018182,U03,2020,HUM,2.389,0,0
G2018018192,U08,2020,HLT,3.387,0,0
G2018018196,U05,2020,BUS,2.579,0,0
G2018018201,U02,2020,HUM,2.6,0,1
G2018018206,U08,2020,SOC,2.787,0,0
G2018018207,U05,2020,SOC,2.271,0,0
G2018018212,U07,2020,HUM,1.891,0,0
G2018018213,U08,2020,SOC,2.389,0,0
G2018018215,U07,2020,SOC,3.502,1,0
G2018018225,U04,2020,STEM,3.334,1,0
G2018018237,U07,2020,STEM,2.388,0,1
G2018018245,U08,2020,STEM,2.806,1,0
G2018018247,U04,2020,BUS,2.753,1,0
G2018018256,U02,2020,HLT,2.071,0,1
G2018018257,U01,2020,HUM,3.244,1,1
G2018018258,U04,2020,STEM,3.298,0,0
G2018018268,U08,2020,HUM,3.007,1,1
G2018018270,U06,2020,HLT,2.903,0,0
G2018018271,U04,2020,BUS,3.116,0,1
G2018018276,U03,2020,HLT,2.72,0,0
G2018018290,U03,2020,STEM,3.319,0,0
G2018018292,U08,2020,SOC,3.252,0,0
G2018018296,U07,2020,SOC,3.442,0,0
G2018018297,U02,2020,STEM,2.516,0,1
G2018018302,U06,2020,SOC,3.618,0,0
G2018018306,U07,2020,EDU,3.231,0,0
G2018018307,U01,2020,EDU,3.365,0,0
G2018018311,U03,2020,BUS,3.053,0,0
G2018018314,U02,2020,STEM,3.335,1,0
G2018018317,U08,2020,BUS,3.106,0,0
G2018018328,U07,2020,STEM,2.679,1,0
G2018018334,U04,2020,HUM,2.853,1,1
G2018018341,U05,2020,HUM,2.119,0,0
G2018018344,U07,2020,EDU,3.326,0,0
G2018018349,U02,2020,BUS,3.588,0,0
G2018018353,U07,2020,SOC,3.336,0,0
G2018018358,U07,2020,BUS,2.603,1,1
G2018018371,U06,2020,STEM,3.011,0,0
G2018018373,U06,2020,STEM,2.7,0,0
G2018018374,U08,2020,STEM,2.941,1,0
G2018018380,U07,2020,EDU,2.763,0,1
G2018018383,U03,2020,EDU,2.836,0,0
G2018018384,U08,2020,SOC,3.194,0,0
G2018018385,U04,2020,SOC,2.786,0,0
G2018018390,U02,2020,STEM,2.794,0,0
G2018018401,U01,2020,HLT,3.101,0,0
G2018018407,U07,2020,HUM,3.044,1,0
G2018018409,U01,2020,BUS,3.168,0,0
G2018018411,U08,2020,SOC,2.783,1,0
G2018018414,U03,2020,STEM,3.328,1,0
G2018018415,U05,2020,EDU,4.0,0,1
G2018018436,U03,2020,SOC,3.668,0,1
G2018018441,U02,2020,HUM,3.953,1,1
G2018018443,U02,2020,EDU,2.165,0,0
G2018018444,U05,2020,BUS,3.231,1,1
G2018018446,U07,2020,STEM,3.232,0,0
G2018018456,U04,2020,STEM,2.855,0,0
G2018018468,U02,2020,SOC,2.962,1,0
G2018018473,U01,2020,HLT,2.887,0,0
G2018018476,U06,2020,BUS,2.617,1,1
G2018018479,U02,2020,STEM,2.585,0,0
G2018018485,U03,2020,STEM,3.413,0,0
G2018018487,U05,2020,STEM,2.618,0,0
G2018018491,U04,2020,STEM,2.529,0,0
G2018018493,U05,2020,HLT,2.454,0,0
G2018018496,U05,2020,STEM,3.219,1,0
G2018018499,U01,2020,HUM,3.084,0,1
G2018018500,U04,2020,SOC,3.242,1,0
G2018018506,U02,2020,STEM,2.821,1,0
G2018018510,U01,2020,BUS,2.212,0,0
G2018018513,U08,2020,HUM,3.15,1,0
G2018018520,U04,2020,EDU,3.162,1,0
G2018018525,U01,2020,EDU,3.766,1,0
G2018018529,U02,2020,STEM,3.544,0,0
G2018018534,U07,2020,BUS,3.436,0,0
G2018018535,U05,2020,SOC,3.107,1,0
G2018018540,U01,2020,SOC,3.288,0,0
G2018018542,U07,2020,SOC,2.854,1,0
G2018018545,U07,2020,STEM,3.359,1,0
G2018018546,U04,2020,HLT,4.0,0,0
G2018018547,U03,2020,HLT,3.619,0,0
G2018018554,U04,2020,BUS,3.352,0,0
G2018018566,U07,2020,BUS,2.813,1,0
G2018018570,U01,2020,SOC,3.142,0,0
G2018018572,U07,2020,SOC,2.627,0,0
G2018018584,U04,2020,STEM,3.022,0,0
G2018018593,U08,2020,HUM,3.253,0,0
G2018018596,U06,2020,HUM,3.181,1,0
G2018018602,U07,2020,HUM,3.019,0,1
G2018018606,U04,2020,STEM,3.144,0,1
G2018018607,U03,2020,HUM,3.469,0,1
G2018018611,U08,2020,HLT,2.586,1,0
G2018018622,U01,2020,BUS,2.871,0,0
G2018018625,U06,2020,STEM,2.795,1,1
G2018018627,U05,2020,SOC,2.976,0,0
G2018018635,U07,2020,STEM,2.477,1,0
G2018018636,U02,2020,BUS,2.851,0,0
G2018018644,U06,2020,BUS,2.625,0,0
G2018018649,U01,2020,EDU,3.256,0,0
G2018018661,U01,2020,BUS,3.284,0,0
G2018018667,U05,2020,HUM,3.135,0,0
G2018018669,U05,2020,SOC,3.082,1,0
G2018018671,U02,2020,STEM,3.353,0,1
G2018018690,U07,2020,SOC,2.582,0,0
G2018018691,U08,2020,STEM,2.168,0,0
G2018018705,U02,2020,EDU,3.585,0,0
G2018018711,U02,2020,BUS,3.328,0,0
G2018018715,U03,2020,HUM,3.752,1,0
G2018018718,U03,2020,SOC,3.014,0,0
G2018018724,U05,2020,HLT,3.648,1,0
G2018018731,U02,2020,STEM,3.481,0,0
G2018018733,U03,2020,BUS,3.519,0,0
G2018018735,U07,2020,STEM,2.938,0,1
G2018018739,U07,2020,BUS,3.019,0,0
G2018018742,U02,2020,STEM,2.944,0,0
G2018018748,U03,2020,BUS,3.228,0,0
G2018018750,U02,2020,EDU,2.835,1,1
G2018018762,U06,2020,BUS,3.076,0,0
G2018018772,U02,2020,STEM,3.567,0,0
G2018018781,U03,2020,STEM,2.538,1,0
G2018018782,U02,2020,STEM,2.886,0,0
G2018018789,U08,2020,EDU,2.693,0,0
G2018018800,U02,2020,BUS,2.727,0,0
G2018018805,U04,2020,HLT,2.866,1,0
G2018018810,U02,2020,HLT,3.411,0,0
G2018018815,U04,2020,STEM,2.927,0,1
G2018018831,U07,2020,BUS,2.873,1,0
G2018018843,U06,2020,EDU,2.862,0,0
G2018018853,U06,2020,STEM,2.793,1,0
G2018018869,U07,2020,BUS,3.324,0,0
G2018018870,U08,2020,STEM,2.612,0,0
G2018018874,U02,2020,HUM,3.155,0,0
G2018018881,U08,2020,BUS,2.63,0,1
G2018018882,U04,2020,STEM,2.447,0,0
G2018018883,U06,2020,BUS,3.104,0,0
G2018018887,U08,2020,SOC,3.595,1,0
G2018018894,U08,2020,BUS,3.347,0,1
G2018018904,U01,2020,SOC,2.804,1,0
G2018018916,U05,2020,STEM,3.011,0,0
G2018018917,U08,2020,STEM,2.956,0,0
G2018018922,U06,2020,BUS,2.877,1,0
G2018018923,U02,2020,EDU,3.801,1,1
G2018018928,U04,2020,EDU,2.546,0,0
G2018018932,U01,2020,EDU,2.747,1,1
G2018018934,U04,2020,HUM,3.267,0,1
G2018018936,U01,2020,STEM,2.672,0,0
G2018018937,U06,2020,HLT,3.66,0,0
G2018018938,U03,2020,EDU,3.695,0,0
G2018018939,U08,2020,BUS,2.699,0,0
G2018018941,U03,2020,STEM,2.383,0,0
G2018018963,U03,2020,BUS,2.988,0,0
G2018018976,U08,2020,STEM,3.235,1,0
G2018018977,U01,2020,SOC,2.898,0,0
G2018018981,U08,2020,EDU,3.282,1,1
G2018018987,U07,2020,EDU,3.17,0,1
G2018018988,U05,2020,BUS,3.079,1,1
G2018018993,U02,2020,SOC,3.174,0,0
G2018018996,U07,2020,BUS,3.489,0,0
G2018018998,U03,2020,SOC,3.425,0,0
G2018019002,U04,2020,HUM,3.199,0,1
G2018019009,U04,2020,BUS,3.49,0,0
G2018019011,U01,2020,HUM,2.861,0,0
G2018019012,U06,2020,STEM,3.304,0,1
G2018019013,U05,2020,HLT,3.659,0,0
G2018019030,U06,2020,STEM,2.677,1,1
G2018019034,U02,2020,BUS,2.679,0,0
G2018019037,U02,2020,HUM,2.478,0,0
G2018019038,U03,2020,STEM,2.971,0,0
G2018019041,U06,2020,EDU,2.442,0,0
G2018019045,U08,2020,EDU,3.04,0,0
G2018019047,U01,2020,STEM,3.591,1,0
G2018019049,U05,2020,HLT,3.386,0,0
G2018019054,U07,2020,SOC,3.268,0,1
G2018019059,U08,2020,STEM,2.674,0,0
G2018019062,U08,2020,SOC,3.302,0,0
G2018019071,U04,2020,STEM,3.37,1,1
G2018019080,U05,2020,STEM,3.584,1,1
G2018019084,U08,2020,SOC,3.02,1,0
G2018019094,U06,2020,BUS,3.533,0,0
G2018019097,U02,2020,SOC,2.39,0,0
G2018019104,U01,2020,HUM,3.606,0,0
G2018019107,U02,2020,STEM,3.493,1,0
G2018019108,U02,2020,BUS,3.119,0,0
G2018019110,U08,2020,HLT,3.063,0,0
G2018019112,U04,2020,BUS,3.794,1,0
G2018019117,U05,2020,STEM,2.667,0,0
G2018019120,U03,2020,BUS,3.023,1,0
G2018019124,U05,2020,STEM,3.467,0,0
G2018019125,U06,2020,SOC,3.407,1,0
G2018019126,U02,2020,STEM,3.151,0,0
G2018019127,U06,2020,HLT,2.401,1,0
G2018019129,U03,2020,HUM,3.718,0,0
G2018019135,U08,2020,SOC,2.915,1,0
G2018019147,U05,2020,HLT,2.528,0,0
G2018019150,U02,2020,STEM,2.706,0,1
G2018019153,U06,2020,STEM,3.349,0,0
G2018019159,U07,2020,BUS,3.066,0,1
G2018019162,U04,2020,BUS,4.0,0,1
G2018019173,U01,2020,BUS,3.04,0,1
G2018019175,U05,2020,HLT,2.654,0,1
G2018019180,U07,2020,STEM,3.464,0,0
G2018019183,U05,2020,HUM,2.49,0,0
G2018019187,U05,2020,STEM,2.828,0,0
G2018019188,U04,2020,BUS,4.0,0,1
G2018019191,U02,2020,SOC,2.632,0,1
G2018019193,U07,2020,SOC,3.086,0,0
G2018019199,U03,2020,BUS,2.493,0,0
G2018019204,U02,2020,HLT,2.993,0,0
G2018019206,U05,2020,STEM,3.124,0,0
G2018019213,U01,2020,HLT,2.661,1,0
G2018019214,U04,2020,SOC,2.604,1,0
G2018019217,U08,2020,BUS,3.854,0,0
G2018019221,U08,2020,SOC,2.9,0,0
G2018019223,U02,2020,BUS,2.788,0,1
G2018019226,U05,2020,STEM,2.604,0,0
G2018019232,U02,2020,STEM,3.533,1,0
G2018019236,U04,2020,STEM,3.406,1,0
G2018019237,U02,2020,BUS,2.804,0,1
G2018019243,U01,2020,STEM,4.0,0,0
G2018019261,U07,2020,SOC,2.656,0,0
G2018019263,U07,2020,HLT,3.355,0,0
G2018019266,U01,2020,SOC,3.195,0,0
G2018019278,U04,2020,SOC,2.284,1,0
G2018019299,U07,2020,SOC,2.516,0,1
G2018019301,U01,2020,BUS,2.907,0,1
G2018019304,U04,2020,STEM,3.329,0,1
G2018019312,U03,2020,HUM,2.521,0,0
G2018019315,U08,2020,BUS,2.668,0,0
G2018019316,U02,2020,STEM,3.253,0,1
G2018019322,U08,2020,HUM,2.31,0,0
G2018019323,U03,2020,SOC,3.442,0,0
G2018019324,U08,2020,STEM,3.016,0,0
G2018019333,U05,2020,STEM,2.776,1,0
G2018019340,U07,2020,SOC,3.248,0,0
G2018019342,U03,2020,HUM,2.943,0,1
G2018019345,U04,2020,BUS,2.64,0,0
G2018019347,U08,2020,BUS,3.306,0,0
G2018019351,U01,2020,STEM,2.262,0,0
G2018019357,U04,2020,STEM,3.548,1,0
G2018019358,U07,2020,BUS,3.322,0,1
G2018019362,U08,2020,STEM,3.266,0,0
G2018019363,U08,2020,EDU,2.873,1,0
G2018019364,U08,2020,HLT,2.616,0,0
G2018019366,U04,2020,STEM,3.832,1,0
G2018019379,U08,2020,HLT,3.265,0,0
G2018019380,U04,2020,STEM,3.587,0,0
G2018019388,U03,2020,EDU,3.487,0,0
G2018019395,U06,2020,BUS,3.438,1,1
G2018019401,U01,2020,BUS,3.041,0,0
G2018019407,U06,2020,BUS,2.384,0,0
G2018019410,U08,2020,EDU,3.671,0,0
G2018019413,U08,2020,SOC,2.955,0,0
G2018019414,U07,2020,STEM,2.98,0,0
G2018019419,U04,2020,SOC,2.103,0,0
G2018019427,U05,2020,STEM,2.625,1,0
G2018019437,U08,2020,SOC,3.034,0,0
G2018019440,U08,2020,HUM,2.765,0,0
G2018019445,U07,2020,EDU,2.621,0,1
G2018019451,U07,2020,BUS,3.438,0,0
G2018019452,U07,2020,HLT,2.644,0,0
G2018019453,U04,2020,BUS,2.327,0,0
G2018019454,U03,2020,STEM,2.695,0,1
G2018019455,U07,2020,BUS,3.279,0,0
G2018019456,U02,2020,BUS,3.012,0,0
G2018019462,U08,2020,EDU,2.788,1,0
G2018019467,U06,2020,SOC,2.906,0,0
G2018019472,U03,2020,STEM,3.305,0,0
G2018019474,U04,2020,STEM,2.876,0,0
G2018019476,U03,2020,SOC,3.3,0,0
G2018019489,U07,2020,STEM,3.035,0,0
G2018019490,U06,2020,BUS,2.425,1,1
G2018019491,U02,2020,BUS,3.469,0,0
G2018019492,U01,2020,HUM,2.817,1,0
G2018019494,U05,2020,BUS,3.061,0,0
G2018019500,U05,2020,STEM,2.572,0,0
G2018019503,U04,2020,STEM,3.15,0,0
G2018019505,U02,2020,SOC,3.276,0,0
G2018019508,U01,2020,BUS,3.388,0,0
G2018019517,U02,2020,STEM,2.546,0,0
G2018019524,U07,2020,STEM,3.02,0,0
G2018019532,U08,2020,STEM,3.316,0,0
G2018019533,U05,2020,EDU,3.237,0,0
G2018019535,U08,2020,BUS,3.346,0,0
G2018019536,U03,2020,STEM,3.173,0,0
G2018019537,U04,2020,BUS,2.837,1,0
G2018019540,U07,2020,EDU,2.895,0,0
G2018019545,U01,2020,SOC,3.257,0,0
G2018019551,U07,2020,STEM,3.19,0,0
G2018019552,U01,2020,SOC,4.0,1,0
G2018019557,U01,2020,STEM,2.613,0,0
G2018019563,U01,2020,EDU,2.542,0,1
G2018019570,U02,2020,HUM,2.344,0,0
G2018019583,U06,2020,STEM,3.338,0,1
G2018019584,U07,2020,STEM,2.991,0,0
G2018019599,U08,2020,STEM,2.948,0,0
G2018019613,U08,2020,SOC,3.291,1,0
G2018019614,U04,2020,SOC,2.052,1,0
G2018019615,U03,2020,HLT,3.944,0,0
G2018019624,U02,2020,STEM,2.842,0,0
G2018019630,U03,2020,STEM,3.232,0,0
G2018019632,U03,2020,SOC,3.139,0,0
G2018019634,U05,2020,SOC,3.083,0,0
G2018019635,U01,2020,STEM,2.844,0,0
G2018019637,U02,2020,STEM,2.881,0,0
G2018019638,U05,2020,HUM,3.029,0,0
G2018019643,U07,2020,HUM,2.298,0,0
G2018019650,U03,2020,STEM,3.702,0,0
G2018019651,U05,2020,STEM,2.617,0,1
G2018019654,U01,2020,HLT,2.776,0,0
G2018019656,U07,2020,EDU,2.834,1,1
G2018019659,U07,2020,SOC,2.933,0,0
G2018019661,U07,2020,HUM,2.941,1,1
G2018019664,U08,2020,STEM,3.078,0,1
G2018019665,U08,2020,STEM,3.083,0,0
G2018019670,U01,2020,HUM,3.322,1,0
G2018019673,U02,2020,SOC,3.298,0,0
G2018019675,U06,2020,STEM,4.0,1,0
G2018019678,U05,2020,SOC,3.302,0,0
G2018019681,U05,2020,SOC,3.19,0,0
G2018019683,U03,2020,BUS,2.521,0,0
G2018019685,U08,2020,BUS,3.024,0,1
G2018019686,U08,2020,BUS,3.242,0,0
G2018019687,U05,2020,EDU,3.615,1,0
G2018019691,U01,2020,STEM,3.251,0,1
G2018019693,U01,2020,BUS,2.828,0,0
G2018019704,U04,2020,HUM,4.0,0,0
G2018019707,U03,2020,SOC,2.806,0,0
G2018019711,U05,2020,BUS,3.208,0,0
G2018019712,U04,2020,SOC,3.076,0,1
G2018019716,U08,2020,STEM,3.394,0,0
G2018019718,U02,2020,STEM,3.191,0,0
G2018019723,U05,2020,BUS,2.628,1,0
G2018019725,U03,2020,HUM,2.197,0,1
G2018019732,U08,2020,HUM,3.507,1,0
G2018019735,U06,2020,STEM,2.934,0,0
G2018019739,U04,2020,EDU,2.803,0,0
G2018019748,U06,2020,STEM,2.547,1,0
G2018019752,U07,2020,SOC,3.695,0,0
G2018019754,U03,2020,SOC,2.606,0,0
G2018019755,U04,2020,HUM,2.539,1,0
G2018019764,U08,2020,SOC,3.354,1,0
G2018019766,U07,2020,HLT,3.355,0,0
G2018019775,U08,2020,STEM,2.932,0,0
G2018019783,U07,2020,SOC,2.672,1,0
G2018019784,U05,2020,SOC,2.471,0,0
G2018019785,U02,2020,SOC,3.087,0,0
G2018019787,U03,2020,STEM,2.497,0,0
G2018019788,U01,2020,BUS,3.189,0,1
G2018019789,U01,2020,STEM,2.903,0,0
G2018019791,U08,2020,EDU,3.255,0,0
G2018019794,U08,2020,HUM,2.445,0,0
G2018019800,U07,2020,STEM,3.173,0,0
G2018019807,U07,2020,STEM,3.204,0,0
G2018019808,U05,2020,STEM,2.771,1,0
G2018019809,U05,2020,STEM,4.0,0,0
G2018019811,U08,2020,STEM,3.352,0,1
G2018019813,U02,2020,BUS,2.973,0,0
G2018019817,U05,2020,STEM,3.14,0,0
G2018019818,U07,2020,SOC,3.766,1,0
G2018019829,U07,2020,EDU,3.204,0,1
G2018019833,U02,2020,STEM,2.23,0,0
G2018019842,U03,2020,SOC,2.559,0,0
G2018019852,U08,2020,SOC,3.3,0,0
G2018019855,U08,2020,SOC,3.436,0,0
G2018019856,U01,2020,SOC,3.325,0,0
G2018019866,U08,2020,STEM,3.009,0,1
G2018019869,U01,2020,BUS,3.164,0,0
G2018019876,U02,2020,STEM,2.737,1,0
G2018019877,U06,2020,STEM,3.48,0,0
G2018019879,U05,2020,STEM,2.957,0,0
G2018019885,U05,2020,HUM,3.371,0,1
G2018019890,U01,2020,BUS,3.128,0,1
G2018019898,U03,2020,EDU,3.203,1,0
G2018019918,U07,2020,EDU,2.778,0,0
G2018019920,U06,2020,EDU,3.467,0,0
G2018019925,U03,2020,BUS,3.386,0,0
G2018019935,U02,2020,STEM,3.175,1,0
G2018019936,U02,2020,BUS,2.496,0,0
G2018019950,U07,2020,STEM,4.0,0,0
G2018019952,U03,2020,HUM,2.453,0,1
G2018019953,U08,2020,STEM,3.081,1,1
G2018019962,U01,2020,STEM,2.978,0,0
G2018019966,U06,2020,SOC,3.345,1,0
G2018019974,U03,2020,HUM,3.26,1,1
G2018019983,U07,2020,BUS,3.064,0,0
G2018019984,U03,2020,STEM,2.75,0,0
G2018019990,U05,2020,BUS,2.633,0,1
G2018019994,U02,2020,STEM,3.712,0,0
G2018019995,U01,2020,HLT,3.42,0,0
G2018020005,U02,2020,SOC,3.555,0,0
G2018020009,U04,2020,BUS,2.402,1,0
G2018020010,U03,2020,HLT,2.708,1,0
G2018020014,U01,2020,SOC,3.048,0,0
G2018020021,U01,2020,HLT,3.132,0,0
G2018020024,U01,2020,SOC,3.31,0,0
G2018020026,U07,2020,SOC,3.486,1,0
G2018020029,U04,2020,STEM,3.07,0,0
G2018020030,U01,2020,STEM,2.744,1,0
G2018020034,U02,2020,HLT,2.998,1,0
G2018020036,U04,2020,BUS,3.511,0,1
G2018020038,U05,2020,SOC,2.076,1,0
G2018020042,U08,2020,SOC,3.298,0,0
G2018020048,U05,2020,HUM,3.208,1,0
G2018020050,U02,2020,SOC,3.187,0,0
G2018020053,U04,2020,EDU,2.541,0,1
G2018020058,U06,2020,SOC,4.0,0,0
G2018020063,U03,2020,STEM,2.946,0,0
G2018020069,U05,2020,BUS,2.66,1,0
G2018020086,U07,2020,SOC,3.691,0,0
G2018020103,U02,2020,SOC,2.974,0,0
G2018020117,U08,2020,STEM,2.393,0,0
G2018020118,U07,2020,HLT,3.412,1,1
G2018020128,U06,2020,STEM,3.174,0,0
G2018020130,U05,2020,BUS,3.772,0,0
G2018020149,U04,2020,STEM,3.576,0,0
G2018020151,U02,2020,SOC,2.598,1,0
G2018020153,U07,2020,HLT,3.629,0,0
G2018020165,U07,2020,HLT,3.536,0,0
G2018020167,U06,2020,SOC,3.918,0,0
G2018020173,U05,2020,HLT,2.363,0,0
G2018020179,U06,2020,STEM,3.475,0,0
G2018020185,U04,2020,SOC,3.181,0,0
G2018020191,U02,2020,HUM,3.064,1,0
G2018020192,U03,2020,STEM,2.686,0,0
G2018020193,U05,2020,HUM,3.182,0,0
G2018020195,U02,2020,BUS,3.12,0,1
G2018020196,U03,2020,HUM,2.818,0,0
G2018020203,U07,2020,HUM,2.616,1,0
G2018020209,U05,2020,STEM,2.66,0,0
G2018020218,U07,2020,BUS,3.221,1,0
G2018020224,U05,2020,HUM,3.067,0,0
G2018020228,U07,2020,SOC,2.895,1,0
G2018020231,U01,2020,STEM,3.178,0,0
G2018020234,U08,2020,STEM,2.651,0,1
G2018020239,U01,2020,EDU,4.0,0,1
G2018020244,U03,2020,BUS,2.869,1,0
G2018020248,U01,2020,STEM,3.419,0,0
G2018020249,U01,2020,BUS,3.153,0,1
G2018020254,U05,2020,SOC,2.632,0,0
G2018020255,U03,2020,HUM,3.088,1,0
G2018020279,U06,2020,BUS,2.814,0,0
G2018020283,U05,2020,BUS,3.869,0,0
G2018020286,U01,2020,HLT,3.462,0,0
G2018020300,U07,2020,BUS,3.358,0,1
G2018020307,U03,2020,BUS,3.169,1,1
G2018020313,U07,2020,EDU,3.359,0,0
G2018020317,U03,2020,BUS,3.289,1,1
G2018020323,U03,2020,SOC,2.74,0,1
G2018020324,U02,2020,SOC,3.09,0,0
G2018020328,U04,2020,HUM,2.935,0,0
G2018020335,U03,2020,BUS,3.267,0,0
G2018020347,U08,2020,STEM,3.914,0,0
G2018020350,U01,2020,STEM,1.846,0,0
G2018020357,U02,2020,HUM,2.796,0,0
G2018020358,U07,2020,HLT,2.976,0,0
G2018020362,U08,2020,STEM,2.76,0,0
G2018020363,U08,2020,HLT,3.206,1,0
G2018020369,U06,2020,HLT,3.218,0,1
G2018020374,U07,2020,HUM,3.508,1,0
G2018020384,U03,2020,HLT,2.604,1,0
G2018020385,U06,2020,BUS,3.013,0,0
G2018020386,U06,2020,HLT,3.748,1,0
G2018020388,U01,2020,SOC,2.787,1,1
G2018020390,U07,2020,SOC,3.415,1,0
G2018020391,U06,2020,STEM,3.093,0,1
G2018020393,U08,2020,HLT,2.768,0,0
G2018020396,U08,2020,BUS,2.899,0,0
G2018020400,U06,2020,BUS,1.89,1,0
G2018020404,U01,2020,HLT,2.992,1,0
G2018020415,U02,2020,STEM,2.382,0,0
G2018020418,U01,2020,HUM,3.491,0,1
G2018020424,U02,2020,STEM,2.809,0,0
G2018020426,U08,2020,HLT,2.815,0,0
G2018020428,U03,2020,HLT,3.054,0,0
G2018020441,U04,2020,BUS,3.048,0,0
G2018020444,U05,2020,EDU,3.569,1,0
G2018020451,U04,2020,BUS,2.652,1,1
G2018020452,U03,2020,STEM,3.172,0,1
G2018020455,U03,2020,STEM,2.805,0,0
G2018020458,U04,2020,HLT,3.039,1,0
G2018020460,U05,2020,STEM,2.544,0,1
G2018020461,U01,2020,EDU,2.244,0,0
G2018020470,U05,2020,STEM,2.985,0,0
G2018020476,U01,2020,STEM,2.443,0,0
G2018020481,U02,2020,EDU,3.248,0,0
G2018020488,U01,2020,STEM,2.379,0,0
G2018020492,U03,2020,HUM,3.598,0,0
G2018020493,U07,2020,BUS,2.897,0,0
G2018020501,U06,2020,BUS,2.711,1,1
G2018020506,U04,2020,STEM,3.655,0,0
G2018020507,U08,2020,STEM,2.627,0,0
G2018020510,U04,2020,STEM,2.543,0,0
G2018020517,U03,2020,BUS,2.541,0,0
G2018020520,U06,2020,STEM,2.762,0,0
G2018020523,U08,2020,STEM,3.169,0,0
G2018020530,U01,2020,SOC,3.018,0,0
G2018020541,U03,2020,STEM,3.264,0,0
G2018020546,U06,2020,SOC,3.133,1,0
G2018020550,U04,2020,BUS,2.389,1,0
G2018020554,U06,2020,HUM,2.943,0,0
G2018020555,U03,2020,STEM,3.219,0,0
G2018020557,U03,2020,STEM,2.791,0,0
G2018020560,U06,2020,STEM,2.648,1,0
G2018020561,U08,2020,STEM,2.64,0,0
G2018020567,U08,2020,STEM,3.397,1,0
G2018020570,U06,2020,SOC,3.024,0,0
G2018020575,U03,2020,EDU,3.048,1,0
G2018020576,U07,2020,BUS,3.045,0,0
G2018020580,U01,2020,BUS,2.783,0,0
G2018020594,U06,2020,STEM,3.39,1,0
G2018020600,U07,2020,SOC,3.371,0,0
G2018020610,U03,2020,BUS,3.347,0,0
G2018020615,U04,2020,EDU,2.301,0,0
G2018020616,U05,2020,HLT,3.185,0,0
G2018020620,U08,2020,STEM,3.151,0,0
G2018020628,U06,2020,BUS,2.779,1,0
G2018020633,U03,2020,STEM,3.16,1,0
G2018020640,U08,2020,HLT,2.466,0,0
G2018020641,U05,2020,SOC,3.012,0,0
G2018020642,U03,2020,SOC,3.462,0,0
G2018020654,U01,2020,STEM,3.672,0,0
G2018020668,U07,2020,STEM,2.646,0,0
G2018020674,U07,2020,STEM,2.866,0,0
G2018020675,U01,2020,HLT,3.879,0,0
G2018020676,U07,2020,STEM,3.515,0,1
G2018020678,U02,2020,HLT,2.87,0,0
G2018020679,U03,2020,BUS,3.245,0,0
G2018020684,U04,2020,STEM,3.102,1,0
G2018020687,U07,2020,EDU,2.905,1,1
G2018020688,U06,2020,HLT,2.829,1,0
G2018020691,U05,2020,HLT,2.983,0,1
G2018020694,U01,2020,STEM,3.116,0,1
G2018020696,U07,2020,STEM,3.362,0,0
G2018020701,U06,2020,SOC,2.416,1,0
G2018020706,U01,2020,BUS,2.813,0,1
G2018020709,U04,2020,SOC,3.567,0,0
G2018020713,U05,2020,BUS,3.387,1,0
G2018020716,U08,2020,BUS,3.193,0,0
G2018020724,U07,2020,SOC,3.209,0,0
G2018020725,U05,2020,SOC,2.162,0,1
G2018020726,U08,2020,STEM,3.156,0,0
G2018020728,U02,2020,BUS,2.45,0,0
G2018020735,U08,2020,SOC,2.483,0,1
G2018020748,U07,2020,BUS,2.447,0,0
G2018020761,U03,2020,HUM,2.88,0,0
G2018020762,U01,2020,HLT,3.16,0,1
G2018020767,U05,2020,STEM,2.5,1,0
G2018020771,U02,2020,STEM,3.133,0,0
G2018020776,U03,2020,STEM,2.882,0,1
G2018020783,U08,2020,SOC,3.173,0,0
G2018020789,U08,2020,STEM,2.459,0,1
G2018020791,U04,2020,HLT,2.745,0,0
G2018020799,U04,2020,BUS,2.689,0,0
G2018020810,U01,2020,SOC,2.829,0,0
G2018020812,U05,2020,STEM,3.812,0,0
G2018020813,U04,2020,HUM,2.664,0,0
G2018020814,U08,2020,STEM,3.448,0,0
G2018020815,U03,2020,STEM,2.621,0,1
G2018020823,U05,2020,STEM,3.412,1,0
G2018020826,U01,2020,STEM,2.516,0,1
G2018020831,U07,2020,STEM,3.078,0,0
G2018020832,U08,2020,STEM,3.047,0,1
G2018020837,U03,2020,STEM,3.51,1,0
G2018020840,U03,2020,SOC,2.949,0,0
G2018020844,U08,2020,STEM,2.599,0,0
G2018020854,U01,2020,STEM,3.038,1,0
G2018020856,U04,2020,BUS,2.594,1,1
G2018020859,U01,2020,STEM,3.198,0,0
G2018020863,U08,2020,STEM,3.249,0,0
G2018020876,U01,2020,HUM,3.921,1,0
G2018020882,U07,2020,EDU,3.616,0,1
G2018020890,U04,2020,STEM,2.663,0,0
G2018020893,U02,2020,HLT,2.827,0,0
G2018020898,U02,2020,BUS,3.475,1,0
G2018020902,U04,2020,STEM,2.843,0,0
G2018020904,U08,2020,STEM,2.371,0,1
G2018020909,U01,2020,STEM,3.196,0,0
G2018020910,U06,2020,BUS,2.326,0,1
G2018020912,U01,2020,HLT,2.895,1,0
G2018020917,U04,2020,STEM,3.083,0,0
G2018020920,U06,2020,SOC,3.253,0,1
G2018020930,U04,2020,STEM,3.065,1,1
G2018020932,U02,2020,BUS,3.6,0,0
G2018020933,U07,2020,STEM,2.667,1,0
G2018020954,U08,2020,BUS,3.67,0,0
G2018020956,U02,2020,HLT,2.096,0,0
G2018020961,U04,2020,STEM,2.748,0,0
G2018020963,U07,2020,BUS,2.898,0,0
G2018020979,U01,2020,HUM,2.724,0,0
G2018020982,U04,2020,SOC,3.72,1,0
G2018020983,U01,2020,SOC,2.888,0,0
G2018020984,U01,2020,SOC,2.987,0,0
G2018020985,U01,2020,BUS,3.228,1,0
G2018021002,U04,2020,BUS,2.535,1,1
G2018021003,U03,2020,HLT,2.642,0,0
G2018021007,U04,2020,BUS,2.489,0,0
G2018021022,U07,2020,BUS,3.119,0,1
G2018021025,U06,2020,STEM,2.525,1,0
G2018021027,U02,2020,EDU,2.747,0,0
G2018021029,U08,2020,STEM,2.912,0,1
G2018021032,U07,2020,STEM,2.321,0,0
G2018021034,U06,2020,HUM,3.099,0,1
G2018021035,U07,2020,STEM,3.458,0,1
G2018021041,U01,2020,HLT,3.135,0,0
G2018021042,U04,2020,STEM,2.687,0,0
G2018021054,U04,2020,HLT,2.51,1,0
G2018021058,U07,2020,SOC,2.497,0,0
G2018021063,U04,2020,BUS,2.849,0,0
G2018021064,U02,2020,HUM,3.518,0,0
G2018021068,U03,2020,EDU,3.54,1,0
G2018021075,U06,2020,HUM,3.291,0,0
G2018021079,U06,2020,SOC,2.944,1,0
G2018021095,U07,2020,BUS,2.698,0,1
G2018021097,U01,2020,STEM,2.307,0,0
G2018021103,U07,2020,SOC,2.983,1,0
G2018021104,U08,2020,HUM,2.707,1,0
G2018021123,U08,2020,HUM,2.855,0,0
G2018021124,U05,2020,STEM,3.983,0,0
G2018021131,U05,2020,HUM,2.632,0,1
G2018021135,U01,2020,SOC,2.145,0,0
G2018021145,U07,2020,STEM,3.195,0,0
G2018021146,U04,2020,SOC,3.399,0,0
G2018021157,U05,2020,STEM,2.498,0,0
G2018021160,U08,2020,SOC,2.463,0,1
G2018021162,U07,2020,HLT,2.696,0,1
G2018021170,U08,2020,EDU,2.801,0,0
G2018021172,U06,2020,STEM,3.146,0,0
G2018021174,U03,2020,BUS,3.971,0,0
G2018021175,U01,2020,EDU,3.017,0,0
G2018021181,U03,2020,STEM,3.058,0,0
G2018021186,U04,2020,HLT,3.043,0,0
G2018021192,U01,2020,HUM,2.572,0,0
G2018021194,U04,2020,STEM,3.148,0,0
G2018021197,U06,2020,STEM,2.759,0,0
G2018021199,U06,2020,HLT,3.057,0,1
G2018021202,U05,2020,HLT,2.973,0,1
G2018021204,U03,2020,STEM,3.152,0,0
G2018021205,U02,2020,STEM,3.449,1,0
G2018021213,U07,2020,HUM,3.41,0,0
G2018021220,U06,2020,EDU,3.054,1,0
G2018021226,U04,2020,STEM,3.092,0,0
G2018021227,U04,2020,BUS,2.581,0,0
G2018021237,U05,2020,BUS,3.077,0,0
G2018021240,U07,2020,HLT,2.9,0,0
G2018021242,U03,2020,STEM,3.23,0,0
G2018021245,U05,2020,BUS,3.372,0,0
G2018021246,U07,2020,STEM,3.323,0,1
G2018021247,U05,2020,HLT,3.409,0,0
G2018021248,U08,2020,SOC,2.109,1,0
G2018021252,U01,2020,STEM,3.515,0,0
G2018021256,U02,2020,STEM,3.589,0,0
G2018021257,U04,2020,HUM,3.177,0,0
G2018021258,U07,2020,HLT,3.207,0,1
G2018021260,U03,2020,STEM,3.413,0,0
G2018021269,U01,2020,HUM,3.538,0,0
G2018021275,U02,2020,SOC,3.004,0,0
G2018021279,U08,2020,BUS,2.968,0,1
G2018021280,U05,2020,BUS,3.448,0,0
G2018021281,U07,2020,STEM,3.622,0,0
G2018021284,U02,2020,STEM,3.4,0,0
G2018021285,U03,2020,STEM,3.415,1,0
G2018021291,U02,2020,BUS,2.507,0,0
G2018021294,U01,2020,STEM,3.204,0,0
G2018021298,U03,2020,EDU,3.25,0,0
G2018021300,U02,2020,STEM,3.093,0,0
G2018021301,U02,2020,STEM,3.004,1,1
G2018021325,U06,2020,STEM,2.932,0,0
G2018021328,U06,2020,STEM,3.403,0,0
G2018021333,U02,2020,BUS,3.182,0,0
G2018021336,U01,2020,BUS,2.275,0,0
G2018021337,U03,2020,EDU,3.279,1,0
G2018021338,U02,2020,HLT,2.205,0,0
G2018021340,U05,2020,HLT,2.955,1,0
G2018021345,U01,2020,STEM,2.589,1,0
G2018021347,U07,2020,SOC,3.032,0,1
G2018021357,U04,2020,HUM,3.245,0,1
G2018021362,U03,2020,SOC,3.793,1,0
G2018021363,U02,2020,SOC,3.251,0,1
G2018021364,U05,2020,STEM,3.602,0,0
G2018021369,U05,2020,STEM,3.946,0,0
G2018021377,U01,2020,SOC,2.972,0,0
G2018021378,U03,2020,HLT,3.19,1,0
G2018021380,U03,2020,BUS,3.142,0,0
G2018021382,U03,2020,STEM,2.488,0,1
G2018021385,U04,2020,SOC,3.369,1,0
G2018021388,U06,2020,BUS,3.064,1,0
G2018021389,U01,2020,SOC,1.877,0,0
G2018021390,U06,2020,STEM,2.684,0,0
G2018021402,U05,2020,SOC,3.161,0,0
G2018021408,U04,2020,BUS,2.715,1,0
G2018021409,U08,2020,STEM,2.97,1,0
G2018021411,U05,2020,SOC,3.346,0,0
G2018021412,U01,2020,BUS,3.664,0,1
G2018021413,U07,2020,BUS,3.232,0,1
G2018021418,U02,2020,STEM,3.665,0,0
G2018021422,U07,2020,HUM,2.775,1,0
G2018021433,U05,2020,SOC,3.093,1,1
G2018021436,U01,2020,EDU,3.506,1,0
G2018021444,U04,2020,BUS,3.245,0,0
G2018021445,U04,2020,BUS,2.464,0,0
G2018021459,U07,2020,SOC,2.859,1,1
G2018021462,U08,2020,HLT,3.27,0,0
G2018021463,U05,2020,STEM,3.118,1,0
G2018021465,U01,2020,BUS,2.762,0,0
G2018021466,U07,2020,STEM,3.226,0,0
G2018021468,U03,2020,STEM,3.147,0,1
G2018021469,U08,2020,EDU,2.991,1,0
G2018021475,U03,2020,HLT,2.902,1,0
G2018021483,U08,2020,STEM,3.101,1,1
G2018021488,U07,2020,STEM,3.335,0,1
G2018021491,U04,2020,BUS,3.42,1,0
G2018021492,U03,2020,BUS,3.505,1,0
G2018021497,U05,2020,STEM,2.19,0,1
G2018021498,U06,2020,STEM,2.076,1,0
G2018021503,U07,2020,BUS,2.706,0,1
G2018021526,U06,2020,STEM,3.081,1,0
G2018021535,U07,2020,BUS,2.491,1,0
G2018021543,U02,2020,BUS,3.683,0,0
G2018021544,U04,2020,SOC,3.553,0,0
G2018021550,U03,2020,HUM,2.86,0,0
G2018021552,U03,2020,BUS,2.839,0,0
G2018021553,U08,2020,STEM,2.509,1,0
G2018021554,U02,2020,BUS,3.201,0,0
G2018021556,U03,2020,SOC,3.555,0,1
G2018021565,U08,2020,STEM,2.56,1,0
G2018021567,U07,2020,SOC,3.512,0,0
G2018021571,U05,2020,STEM,3.055,0,1
G2018021573,U01,2020,STEM,2.542,0,0
G2018021574,U05,2020,STEM,3.509,0,0
G2018021576,U08,2020,STEM,4.0,0,1
G2018021577,U06,2020,BUS,3.305,0,0
G2018021579,U07,2020,BUS,3.576,0,0
G2018021583,U01,2020,HUM,2.548,1,1
G2018021593,U07,2020,BUS,3.339,0,0
G2018021597,U07,2020,BUS,2.826,0,0
G2018021605,U05,2020,HLT,3.542,1,0
G2018021609,U05,2020,HUM,2.884,1,0
G2018021613,U06,2020,STEM,3.261,1,0
G2018021614,U04,2020,BUS,2.684,1,1
