student_id,cohort,aid_received,annual_aid_amount,disbursement_fall,disbursement_spring
S201400001,2014,1,7010,2014-08-19,2015-01-11
S201400002,2014,0,0,,
S201400003,2014,1,7371,2014-08-23,2015-01-15
S201400004,2014,0,0,,
S201400005,2014,1,4720,2014-08-24,2015-01-09
S201400006,2014,1,4218,2014-08-21,2015-01-15
S201400007,2014,0,0,,
S201400008,2014,0,0,,
S201400009,2014,0,0,,
S201400010,2014,1,6991,2014-08-15,2015-01-09
S201400011,2014,1,4799,2014-08-22,2015-01-09
S201400012,2014,1,5966,2014-08-23,2015-01-12
S201400013,2014,1,5658,2014-08-25,2015-01-12
S201400014,2014,1,6487,2014-08-26,2015-01-14
S201400015,2014,1,5806,2014-08-15,2015-01-11
S201400016,2014,1,4417,2014-08-17,2015-01-17
S201400017,2014,0,0,,
S201400018,2014,1,4394,2014-08-20,2015-01-17
S201400019,2014,1,4946,2014-08-15,2015-01-08
S201400020,2014,1,1943,2014-08-16,2015-01-09
S201400021,2014,1,6798,2014-08-25,2015-01-13
S201400022,2014,1,7400,2014-08-17,2015-01-08
S201400023,2014,0,0,,
S201400024,2014,1,5154,2014-08-18,2015-01-16
S201400025,2014,0,0,,
S201400026,2014,1,6047,2014-08-21,2015-01-14
S201400027,2014,0,0,,
S201400028,2014,0,0,,
S201400029,2014,1,6955,2014-08-21,2015-01-14
S201400030,2014,1,5913,2014-08-26,2015-01-09
S201400031,2014,1,5550,2014-08-18,2015-01-11
S201400032,2014,0,0,,
S201400033,2014,1,5184,2014-08-16,2015-01-08
S201400034,2014,0,0,,
S201400035,2014,1,6327,2014-08-20,2015-01-09
S201400036,2014,1,6882,2014-08-23,2015-01-10
S201400037,2014,1,5564,2014-08-22,2015-01-15
S201400038,2014,1,3118,2014-08-26,2015-01-13
S201400039,2014,1,5510,2014-08-21,2015-01-15
S201400040,2014,1,7893,2014-08-27,2015-01-14
S201400041,2014,0,0,,
S201400042,2014,1,7365,2014-08-23,2015-01-13
S201400043,2014,1,5420,2014-08-26,2015-01-17
S201400044,2014,1,5714,2014-08-26,2015-01-16
S201400045,2014,0,0,,
S201400046,2014,1,7614,2014-08-15,2015-01-15
S201400047,2014,0,0,,
S201400048,2014,1,5151,2014-08-18,2015-01-08
S201400049,2014,1,10794,2014-08-25,2015-01-15
S201400050,2014,1,5215,2014-08-20,2015-01-09
S201400051,2014,1,7031,2014-08-21,2015-01-11
S201400052,2014,1,4819,2014-08-23,2015-01-15
S201400053,2014,1,5838,2014-08-18,2015-01-15
S201400054,2014,1,8447,2014-08-25,2015-01-12
S201400055,2014,1,6375,2014-08-15,2015-01-13
S201400056,2014,0,0,,
S201400057,2014,1,6473,2014-08-26,2015-01-10
S201400058,2014,1,6182,2014-08-17,2015-01-12
S201400059,2014,0,0,,
S201400060,2014,1,7653,2014-08-23,2015-01-08
S201400061,2014,1,6061,2014-08-26,2015-01-17
S201400062,2014,1,5313,2014-08-27,2015-01-11
S201400063,2014,0,0,,
S201400064,2014,1,3859,2014-08-24,2015-01-09
S201400065,2014,1,6654,2014-08-22,2015-01-13
S201400066,2014,0,0,,
S201400067,2014,0,0,,
S201400068,2014,1,4783,2014-08-15,2015-01-11
S201400069,2014,1,3794,2014-08-19,2015-01-12
S201400070,2014,1,4314,2014-08-18,2015-01-15
S201400071,2014,0,0,,
S201400072,2014,0,0,,
S201400073,2014,1,5491,2014-08-22,2015-01-09
S201400074,2014,0,0,,
S201400075,2014,0,0,,
S201400076,2014,0,0,,
S201400077,2014,1,3854,2014-08-22,2015-01-08
S201400078,2014,1,4134,2014-08-20,2015-01-17
S201400079,2014,1,6539,2014-08-25,2015-01-10
S201400080,2014,0,0,,
S201400081,2014,1,10179,2014-08-24,2015-01-14
S201400082,2014,1,3393,2014-08-27,2015-01-17
S201400083,2014,0,0,,
S201400084,2014,1,5082,2014-08-20,2015-01-16
S201400085,2014,1,5342,2014-08-15,2015-01-08
S201400086,2014,0,0,,
S201400087,2014,1,4323,2014-08-26,2015-01-14
S201400088,2014,0,0,,
S201400089,2014,1,6722,2014-08-21,2015-01-13
S201400090,2014,1,3115,2014-08-24,2015-01-10
S201400091,2014,1,2760,2014-08-17,2015-01-11
S201400092,2014,1,4225,2014-08-17,2015-01-15
S201400093,2014,0,0,,
S201400094,2014,0,0,,
S201400095,2014,1,3815,2014-08-24,2015-01-09
S201400096,2014,1,7342,2014-08-16,2015-01-13
S201400097,2014,1,5580,2014-08-26,2015-01-14
S201400098,2014,1,6445,2014-08-25,2015-01-15
S201400099,2014,0,0,,
S201400100,2014,1,4604,2014-08-26,2015-01-09
S201400101,2014,0,0,,
S201400102,2014,0,0,,
S201400103,2014,1,6229,2014-08-19,2015-01-16
S201400104,2014,1,6034,2014-08-22,2015-01-17
S201400105,2014,0,0,,
S201400106,2014,1,4241,2014-08-16,2015-01-14
S201400107,2014,0,0,,
S201400108,2014,1,6855,2014-08-20,2015-01-15
S201400109,2014,0,0,,
S201400110,2014,1,5590,2014-08-15,2015-01-17
S201400111,2014,0,0,,
S201400112,2014,1,7600,2014-08-19,2015-01-08
S201400113,2014,1,5771,2014-08-17,2015-01-08
S201400114,2014,1,7007,2014-08-21,2015-01-14
S201400115,2014,1,5658,2014-08-24,2015-01-09
S201400116,2014,1,5542,2014-08-19,2015-01-11
S201400117,2014,1,7483,2014-08-26,2015-01-08
S201400118,2014,1,7015,2014-08-23,2015-01-13
S201400119,2014,1,6176,2014-08-23,2015-01-15
S201400120,2014,0,0,,
S201400121,2014,0,0,,
S201400122,2014,0,0,,
S201400123,2014,0,0,,
S201400124,2014,1,5556,2014-08-25,2015-01-14
S201400125,2014,1,6591,2014-08-16,2015-01-17
S201400126,2014,0,0,,
S201400127,2014,1,8379,2014-08-25,2015-01-16
S201400128,2014,0,0,,
S201400129,2014,0,0,,
S201400130,2014,0,0,,
S201400131,2014,0,0,,
S201400132,2014,0,0,,
S201400133,2014,0,0,,
S201400134,2014,0,0,,
S201400135,2014,1,5840,2014-08-24,2015-01-09
S201400136,2014,1,5271,2014-08-15,2015-01-08
S201400137,2014,1,5002,2014-08-25,2015-01-13
S201400138,2014,0,0,,
S201400139,2014,1,8187,2014-08-23,2015-01-15
S201400140,2014,1,3533,2014-08-19,2015-01-16
S201400141,2014,1,5753,2014-08-22,2015-01-12
S201400142,2014,1,7227,2014-08-24,2015-01-09
S201400143,2014,0,0,,
S201400144,2014,0,0,,
S201400145,2014,1,5780,2014-08-22,2015-01-10
S201400146,2014,1,7494,2014-08-25,2015-01-13
S201400147,2014,1,6206,2014-08-19,2015-01-12
S201400148,2014,0,0,,
S201400149,2014,1,7667,2014-08-18,2015-01-16
S201400150,2014,0,0,,
S201400151,2014,0,0,,
S201400152,2014,1,3726,2014-08-21,2015-01-16
S201400153,2014,1,3971,2014-08-17,2015-01-16
S201400154,2014,0,0,,
S201400155,2014,1,2865,2014-08-16,2015-01-09
S201400156,2014,1,8766,2014-08-15,2015-01-12
S201400157,2014,1,5991,2014-08-20,2015-01-17
S201400158,2014,1,7011,2014-08-22,2015-01-11
S201400159,2014,0,0,,
S201400160,2014,0,0,,
S201400161,2014,1,4758,2014-08-24,2015-01-15
S201400162,2014,1,3914,2014-08-27,2015-01-10
S201400163,2014,0,0,,
S201400164,2014,1,3657,2014-08-26,2015-01-13
S201400165,2014,0,0,,
S201400166,2014,1,6433,2014-08-17,2015-01-12
S201400167,2014,0,0,,
S201400168,2014,0,0,,
S201400169,2014,1,6758,2014-08-21,2015-01-13
S201400170,2014,1,5653,2014-08-24,2015-01-10
S201400171,2014,0,0,,
S201400172,2014,1,5490,2014-08-15,2015-01-16
S201400173,2014,0,0,,
S201400174,2014,0,0,,
S201400175,2014,1,5884,2014-08-18,2015-01-15
S201400176,2014,1,3488,2014-08-26,2015-01-16
S201400177,2014,0,0,,
S201400178,2014,0,0,,
S201400179,2014,1,5307,2014-08-24,2015-01-09
S201400180,2014,1,6885,2014-08-15,2015-01-12
S201400181,2014,0,0,,
S201400182,2014,1,6364,2014-08-19,2015-01-15
S201400183,2014,0,0,,
S201400184,2014,0,0,,
S201400185,2014,1,3789,2014-08-16,2015-01-13
S201400186,2014,0,0,,
S201400187,2014,0,0,,
S201400188,2014,1,5994,2014-08-23,2015-01-10
S201400189,2014,1,4590,2014-08-26,2015-01-11
S201400190,2014,1,4470,2014-08-16,2015-01-09
S201400191,2014,1,7806,2014-08-16,2015-01-09
S201400192,2014,0,0,,
S201400193,2014,1,5789,2014-08-26,2015-01-17
S201400194,2014,1,8266,2014-08-22,2015-01-15
S201400195,2014,1,4061,2014-08-19,2015-01-15
S201400196,2014,0,0,,
S201400197,2014,1,5995,2014-08-24,2015-01-16
S201400198,2014,1,5706,2014-08-15,2015-01-16
S201400199,2014,1,3474,2014-08-21,2015-01-13
S201400200,2014,1,4315,2014-08-26,2015-01-17
S201400201,2014,0,0,,
S201400202,2014,0,0,,
S201400203,2014,1,5056,2014-08-17,2015-01-17
S201400204,2014,1,6616,2014-08-21,2015-01-10
S201400205,2014,1,6931,2014-08-24,2015-01-14
S201400206,2014,0,0,,
S201400207,2014,1,5350,2014-08-25,2015-01-17
S201400208,2014,0,0,,
S201400209,2014,0,0,,
S201400210,2014,1,5591,2014-08-18,2015-01-08
S201400211,2014,1,3072,2014-08-15,2015-01-12
S201400212,2014,1,6148,2014-08-18,2015-01-15
S201400213,2014,0,0,,
S201400214,2014,0,0,,
S201400215,2014,1,4601,2014-08-19,2015-01-13
S201400216,2014,1,2977,2014-08-17,2015-01-12
S201400217,2014,1,6340,2014-08-20,2015-01-11
S201400218,2014,1,6999,2014-08-16,2015-01-13
S201400219,2014,0,0,,
S201400220,2014,1,6783,2014-08-20,2015-01-09
S201400221,2014,1,5779,2014-08-26,2015-01-08
S201400222,2014,1,4207,2014-08-25,2015-01-10
S201400223,2014,0,0,,
S201400224,2014,1,4245,2014-08-24,2015-01-15
S201400225,2014,0,0,,
S201400226,2014,1,7780,2014-08-22,2015-01-09
S201400227,2014,1,5838,2014-08-15,2015-01-13
S201400228,2014,0,0,,
S201400229,2014,1,4657,2014-08-18,2015-01-13
S201400230,2014,0,0,,
S201400231,2014,1,4066,2014-08-20,2015-01-16
S201400232,2014,1,4397,2014-08-20,2015-01-10
S201400233,2014,0,0,,
S201400234,2014,1,5431,2014-08-27,2015-01-14
S201400235,2014,1,2076,2014-08-22,2015-01-16
S201400236,2014,0,0,,
S201400237,2014,1,7296,2014-08-16,2015-01-17
S201400238,2014,0,0,,
S201400239,2014,0,0,,
S201400240,2014,1,5710,2014-08-21,2015-01-15
S201400241,2014,1,5176,2014-08-15,2015-01-09
S201400242,2014,1,7407,2014-08-17,2015-01-13
S201400243,2014,1,5474,2014-08-21,2015-01-12
S201400244,2014,0,0,,
S201400245,2014,0,0,,
S201400246,2014,0,0,,
S201400247,2014,0,0,,
S201400248,2014,1,5130,2014-08-23,2015-01-15
S201400249,2014,0,0,,
S201400250,2014,1,4613,2014-08-18,2015-01-15
S201400251,2014,1,8165,2014-08-20,2015-01-11
S201400252,2014,1,3745,2014-08-18,2015-01-08
S201400253,2014,1,4639,2014-08-26,2015-01-08
S201400254,2014,0,0,,
S201400255,2014,1,5312,2014-08-16,2015-01-17
S201400256,2014,1,7962,2014-08-15,2015-01-13
S201400257,2014,1,7337,2014-08-26,2015-01-09
S201400258,2014,1,6342,2014-08-16,2015-01-10
S201400259,2014,0,0,,
S201400260,2014,0,0,,
S201400261,2014,1,3497,2014-08-15,2015-01-08
S201400262,2014,1,4525,2014-08-19,2015-01-14
S201400263,2014,1,4559,2014-08-27,2015-01-08
S201400264,2014,1,5862,2014-08-20,2015-01-08
S201400265,2014,1,5651,2014-08-16,2015-01-11
S201400266,2014,1,5938,2014-08-27,2015-01-08
S201400267,2014,0,0,,
S201400268,2014,1,8416,2014-08-16,2015-01-15
S201400269,2014,0,0,,
S201400270,2014,1,5192,2014-08-25,2015-01-08
S201400271,2014,1,4605,2014-08-26,2015-01-11
S201400272,2014,1,5760,2014-08-21,2015-01-14
S201400273,2014,0,0,,
S201400274,2014,1,5161,2014-08-24,2015-01-15
S201400275,2014,1,7344,2014-08-23,2015-01-12
S201400276,2014,1,5575,2014-08-23,2015-01-14
S201400277,2014,1,6907,2014-08-21,2015-01-14
S201400278,2014,1,4715,2014-08-17,2015-01-11
S201400279,2014,1,4541,2014-08-27,2015-01-15
S201400280,2014,1,4748,2014-08-26,2015-01-17
S201400281,2014,0,0,,
S201400282,2014,1,6164,2014-08-18,2015-01-13
S201400283,2014,1,4449,2014-08-20,2015-01-11
S201400284,2014,0,0,,
S201400285,2014,1,5147,2014-08-19,2015-01-12
S201400286,2014,1,6270,2014-08-15,2015-01-13
S201400287,2014,1,6135,2014-08-24,2015-01-08
S201400288,2014,1,6755,2014-08-17,2015-01-14
S201400289,2014,0,0,,
S201400290,2014,0,0,,
S201400291,2014,1,4382,2014-08-21,2015-01-17
S201400292,2014,1,5444,2014-08-21,2015-01-17
S201400293,2014,1,3814,2014-08-20,2015-01-12
S201400294,2014,1,3833,2014-08-22,2015-01-14
S201400295,2014,1,7870,2014-08-20,2015-01-16
S201400296,2014,0,0,,
S201400297,2014,0,0,,
S201400298,2014,0,0,,
S201400299,2014,1,3415,2014-08-16,2015-01-13
S201400300,2014,1,5014,2014-08-19,2015-01-08
S201400301,2014,1,4872,2014-08-19,2015-01-16
S201400302,2014,1,4894,2014-08-21,2015-01-17
S201400303,2014,1,6533,2014-08-25,2015-01-16
S201400304,2014,0,0,,
S201400305,2014,0,0,,
S201400306,2014,1,9747,2014-08-17,2015-01-09
S201400307,2014,1,3005,2014-08-15,2015-01-11
S201400308,2014,0,0,,
S201400309,2014,1,5522,2014-08-26,2015-01-11
S201400310,2014,0,0,,
S201400311,2014,1,6150,2014-08-24,2015-01-16
S201400312,2014,0,0,,
S201400313,2014,0,0,,
S201400314,2014,1,5118,2014-08-19,2015-01-12
S201400315,2014,0,0,,
S201400316,2014,1,5783,2014-08-23,2015-01-12
S201400317,2014,0,0,,
S201400318,2014,1,4460,2014-08-19,2015-01-16
S201400319,2014,0,0,,
S201400320,2014,1,7212,2014-08-21,2015-01-12
S201400321,2014,0,0,,
S201400322,2014,1,6273,2014-08-26,2015-01-10
S201400323,2014,1,5937,2014-08-25,2015-01-13
S201400324,2014,1,6225,2014-08-23,2015-01-12
S201400325,2014,0,0,,
S201400326,2014,1,7466,2014-08-25,2015-01-17
S201400327,2014,0,0,,
S201400328,2014,1,6643,2014-08-21,2015-01-14
S201400329,2014,1,7776,2014-08-26,2015-01-13
S201400330,2014,1,6268,2014-08-17,2015-01-17
S201400331,2014,1,4740,2014-08-22,2015-01-10
S201400332,2014,1,6431,2014-08-21,2015-01-17
S201400333,2014,1,6038,2014-08-15,2015-01-15
S201400334,2014,0,0,,
S201400335,2014,1,6238,2014-08-21,2015-01-08
S201400336,2014,0,0,,
S201400337,2014,1,6485,2014-08-17,2015-01-17
S201400338,2014,1,4249,2014-08-27,2015-01-13
S201400339,2014,1,6784,2014-08-25,2015-01-11
S201400340,2014,1,8561,2014-08-18,2015-01-11
S201400341,2014,1,4781,2014-08-26,2015-01-17
S201400342,2014,1,5508,2014-08-15,2015-01-12
S201400343,2014,0,0,,
S201400344,2014,0,0,,
S201400345,2014,1,4879,2014-08-24,2015-01-14
S201400346,2014,0,0,,
S201400347,2014,1,2716,2014-08-26,2015-01-09
S201400348,2014,0,0,,
S201400349,2014,0,0,,
S201400350,2014,0,0,,
S201400351,2014,1,7049,2014-08-16,2015-01-08
S201400352,2014,1,4570,2014-08-19,2015-01-08
S201400353,2014,0,0,,
S201400354,2014,0,0,,
S201400355,2014,1,4954,2014-08-16,2015-01-14
S201400356,2014,0,0,,
S201400357,2014,1,7463,2014-08-19,2015-01-14
S201400358,2014,1,2438,2014-08-16,2015-01-16
S201400359,2014,0,0,,
S201400360,2014,0,0,,
S201400361,2014,1,6442,2014-08-18,2015-01-12
S201400362,2014,1,6915,2014-08-16,2015-01-09
S201400363,2014,1,4860,2014-08-17,2015-01-17
S201400364,2014,0,0,,
S201400365,2014,1,4266,2014-08-23,2015-01-16
S201400366,2014,1,4290,2014-08-15,2015-01-10
S201400367,2014,1,7482,2014-08-15,2015-01-10
S201400368,2014,1,5283,2014-08-25,2015-01-08
S201400369,2014,1,6041,2014-08-23,2015-01-17
S201400370,2014,1,5503,2014-08-25,2015-01-17
S201400371,2014,1,7840,2014-08-21,2015-01-15
S201400372,2014,0,0,,
S201400373,2014,1,5584,2014-08-16,2015-01-13
S201400374,2014,1,8275,2014-08-25,2015-01-17
S201400375,2014,1,5102,2014-08-24,2015-01-14
S201400376,2014,1,6171,2014-08-17,2015-01-16
S201400377,2014,0,0,,
S201400378,2014,1,7386,2014-08-26,2015-01-11
S201400379,2014,0,0,,
S201400380,2014,1,5621,2014-08-17,2015-01-09
S201400381,2014,1,5982,2014-08-27,2015-01-13
S201400382,2014,1,6043,2014-08-26,2015-01-08
S201400383,2014,0,0,,
S201400384,2014,0,0,,
S201400385,2014,1,5115,2014-08-21,2015-01-13
S201400386,2014,1,8047,2014-08-25,2015-01-13
S201400387,2014,0,0,,
S201400388,2014,1,4298,2014-08-25,2015-01-15
S201400389,2014,1,8692,2014-08-22,2015-01-14
S201400390,2014,0,0,,
S201400391,2014,1,6871,2014-08-19,2015-01-15
S201400392,2014,1,6141,2014-08-22,2015-01-13
S201400393,2014,1,4515,2014-08-25,2015-01-08
S201400394,2014,1,5665,2014-08-25,2015-01-17
S201400395,2014,1,6764,2014-08-22,2015-01-14
S201400396,2014,0,0,,
S201400397,2014,1,5322,2014-08-15,2015-01-09
S201400398,2014,1,4880,2014-08-15,2015-01-10
S201400399,2014,1,4600,2014-08-24,2015-01-12
S201400400,2014,1,8363,2014-08-17,2015-01-17
S201400401,2014,1,7120,2014-08-21,2015-01-17
S201400402,2014,0,0,,
S201400403,2014,1,6230,2014-08-24,2015-01-14
S201400404,2014,0,0,,
S201400405,2014,1,6533,2014-08-16,2015-01-10
S201400406,2014,0,0,,
S201400407,2014,0,0,,
S201400408,2014,1,5404,2014-08-27,2015-01-14
S201400409,2014,1,7711,2014-08-18,2015-01-11
S201400410,2014,1,2840,2014-08-18,2015-01-16
S201400411,2014,0,0,,
S201400412,2014,1,7102,2014-08-23,2015-01-09
S201400413,2014,1,7881,2014-08-15,2015-01-11
S201400414,2014,1,4587,2014-08-24,2015-01-08
S201400415,2014,1,6113,2014-08-25,2015-01-11
S201400416,2014,1,5125,2014-08-22,2015-01-11
S201400417,2014,0,0,,
S201400418,2014,1,3515,2014-08-15,2015-01-15
S201400419,2014,1,4701,2014-08-17,2015-01-13
S201400420,2014,1,7217,2014-08-16,2015-01-16
S201400421,2014,1,6473,2014-08-26,2015-01-12
S201400422,2014,1,4287,2014-08-22,2015-01-09
S201400423,2014,1,6269,2014-08-24,2015-01-14
S201400424,2014,1,6677,2014-08-21,2015-01-12
S201400425,2014,1,5423,2014-08-18,2015-01-16
S201400426,2014,1,6729,2014-08-22,2015-01-15
S201400427,2014,0,0,,
S201400428,2014,1,5457,2014-08-25,2015-01-12
S201400429,2014,1,5588,2014-08-20,2015-01-15
S201400430,2014,0,0,,
S201400431,2014,0,0,,
S201400432,2014,0,0,,
S201400433,2014,1,6228,2014-08-20,2015-01-08
S201400434,2014,0,0,,
S201400435,2014,0,0,,
S201400436,2014,1,4736,2014-08-25,2015-01-12
S201400437,2014,0,0,,
S201400438,2014,1,4478,2014-08-19,2015-01-15
S201400439,2014,1,5887,2014-08-18,2015-01-08
S201400440,2014,1,7563,2014-08-19,2015-01-10
S201400441,2014,0,0,,
S201400442,2014,0,0,,
S201400443,2014,0,0,,
S201400444,2014,1,5360,2014-08-25,2015-01-13
S201400445,2014,1,6289,2014-08-23,2015-01-11
S201400446,2014,1,4646,2014-08-16,2015-01-13
S201400447,2014,1,5108,2014-08-24,2015-01-10
S201400448,2014,1,5027,2014-08-19,2015-01-15
S201400449,2014,1,6987,2014-08-26,2015-01-10
S201400450,2014,1,8760,2014-08-24,2015-01-11
S201400451,2014,1,5310,2014-08-19,2015-01-08
S201400452,2014,1,5689,2014-08-16,2015-01-14
S201400453,2014,0,0,,
S201400454,2014,1,6103,2014-08-21,2015-01-13
S201400455,2014,1,6940,2014-08-25,2015-01-09
S201400456,2014,1,6391,2014-08-21,2015-01-08
S201400457,2014,0,0,,
S201400458,2014,1,5454,2014-08-19,2015-01-14
S201400459,2014,1,5843,2014-08-15,2015-01-13
S201400460,2014,0,0,,
S201400461,2014,1,4583,2014-08-15,2015-01-10
S201400462,2014,1,6361,2014-08-15,2015-01-16
S201400463,2014,1,5820,2014-08-18,2015-01-16
S201400464,2014,1,6294,2014-08-18,2015-01-15
S201400465,2014,1,6279,2014-08-24,2015-01-08
S201400466,2014,0,0,,
S201400467,2014,1,4742,2014-08-20,2015-01-08
S201400468,2014,1,6122,2014-08-25,2015-01-17
S201400469,2014,1,4124,2014-08-24,2015-01-12
S201400470,2014,1,9502,2014-08-17,2015-01-17
S201400471,2014,0,0,,
S201400472,2014,1,6062,2014-08-22,2015-01-12
S201400473,2014,1,5481,2014-08-18,2015-01-16
S201400474,2014,1,6896,2014-08-17,2015-01-08
S201400475,2014,1,8619,2014-08-17,2015-01-09
S201400476,2014,0,0,,
S201400477,2014,1,6174,2014-08-26,2015-01-13
S201400478,2014,1,4446,2014-08-27,2015-01-09
S201400479,2014,1,7286,2014-08-16,2015-01-11
S201400480,2014,0,0,,
S201400481,2014,1,6152,2014-08-15,2015-01-09
S201400482,2014,1,8051,2014-08-24,2015-01-13
S201400483,2014,1,5609,2014-08-19,2015-01-14
S201400484,2014,0,0,,
S201400485,2014,0,0,,
S201400486,2014,1,5664,2014-08-21,2015-01-08
S201400487,2014,0,0,,
S201400488,2014,0,0,,
S201400489,2014,0,0,,
S201400490,2014,1,7191,2014-08-20,2015-01-09
S201400491,2014,1,5859,2014-08-24,2015-01-16
S201400492,2014,0,0,,
S201400493,2014,1,5640,2014-08-16,2015-01-08
S201400494,2014,0,0,,
S201400495,2014,1,6681,2014-08-16,2015-01-09
S201400496,2014,0,0,,
S201400497,2014,1,6161,2014-08-23,2015-01-09
S201400498,2014,1,8387,2014-08-24,2015-01-14
S201400499,2014,0,0,,
S201400500,2014,1,6031,2014-08-24,2015-01-11
S201400501,2014,1,4390,2014-08-19,2015-01-11
S201400502,2014,0,0,,
S201400503,2014,0,0,,
S201400504,2014,0,0,,
S201400505,2014,0,0,,
S201400506,2014,1,6215,2014-08-20,2015-01-13
S201400507,2014,1,4124,2014-08-18,2015-01-08
S201400508,2014,1,3718,2014-08-27,2015-01-11
S201400509,2014,0,0,,
S201400510,2014,0,0,,
S201400511,2014,1,5017,2014-08-22,2015-01-09
S201400512,2014,0,0,,
S201400513,2014,1,6444,2014-08-20,2015-01-10
S201400514,2014,0,0,,
S201400515,2014,1,5517,2014-08-16,2015-01-12
S201400516,2014,0,0,,
S201400517,2014,1,4024,2014-08-17,2015-01-11
S201400518,2014,0,0,,
S201400519,2014,0,0,,
S201400520,2014,0,0,,
S201400521,2014,1,6498,2014-08-20,2015-01-12
S201400522,2014,0,0,,
S201400523,2014,1,6604,2014-08-18,2015-01-11
S201400524,2014,0,0,,
S201400525,2014,1,5573,2014-08-15,2015-01-12
S201400526,2014,1,4415,2014-08-18,2015-01-16
S201400527,2014,0,0,,
S201400528,2014,1,5869,2014-08-21,2015-01-09
S201400529,2014,1,6567,2014-08-18,2015-01-12
S201400530,2014,1,5938,2014-08-21,2015-01-15
S201400531,2014,0,0,,
S201400532,2014,1,6446,2014-08-15,2015-01-16
S201400533,2014,0,0,,
S201400534,2014,0,0,,
S201400535,2014,1,5723,2014-08-27,2015-01-14
S201400536,2014,1,4416,2014-08-26,2015-01-09
S201400537,2014,1,4173,2014-08-23,2015-01-09
S201400538,2014,0,0,,
S201400539,2014,1,1909,2014-08-15,2015-01-11
S201400540,2014,1,7631,2014-08-18,2015-01-10
S201400541,2014,1,8465,2014-08-19,2015-01-15
S201400542,2014,1,6320,2014-08-24,2015-01-08
S201400543,2014,0,0,,
S201400544,2014,1,5202,2014-08-17,2015-01-13
S201400545,2014,0,0,,
S201400546,2014,1,6153,2014-08-15,2015-01-12
S201400547,2014,1,5719,2014-08-15,2015-01-09
S201400548,2014,1,5174,2014-08-25,2015-01-16
S201400549,2014,1,5876,2014-08-17,2015-01-08
S201400550,2014,1,3907,2014-08-21,2015-01-09
S201400551,2014,1,6927,2014-08-18,2015-01-12
S201400552,2014,1,2896,2014-08-17,2015-01-09
S201400553,2014,1,4208,2014-08-23,2015-01-09
S201400554,2014,1,7164,2014-08-27,2015-01-16
S201400555,2014,0,0,,
S201400556,2014,1,6044,2014-08-27,2015-01-14
S201400557,2014,1,5212,2014-08-26,2015-01-09
S201400558,2014,1,6325,2014-08-16,2015-01-11
S201400559,2014,0,0,,
S201400560,2014,0,0,,
S201400561,2014,1,4745,2014-08-22,2015-01-09
S201400562,2014,1,5573,2014-08-25,2015-01-16
S201400563,2014,0,0,,
S201400564,2014,0,0,,
S201400565,2014,1,5660,2014-08-24,2015-01-13
S201400566,2014,1,4065,2014-08-26,2015-01-14
S201400567,2014,1,7251,2014-08-16,2015-01-13
S201400568,2014,1,5388,2014-08-25,2015-01-13
S201400569,2014,1,7699,2014-08-21,2015-01-14
S201400570,2014,1,6996,2014-08-24,2015-01-11
S201400571,2014,1,6022,2014-08-18,2015-01-11
S201400572,2014,1,7804,2014-08-22,2015-01-13
S201400573,2014,1,5438,2014-08-21,2015-01-08
S201400574,2014,1,3455,2014-08-16,2015-01-11
S201400575,2014,1,5905,2014-08-19,2015-01-10
S201400576,2014,1,4293,2014-08-26,2015-01-08
S201400577,2014,1,2893,2014-08-17,2015-01-14
S201400578,2014,1,6127,2014-08-24,2015-01-17
S201400579,2014,1,5742,2014-08-19,2015-01-13
S201400580,2014,1,3980,2014-08-23,2015-01-15
S201400581,2014,1,4565,2014-08-18,2015-01-16
S201400582,2014,0,0,,
S201400583,2014,1,7387,2014-08-27,2015-01-09
S201400584,2014,1,2603,2014-08-19,2015-01-10
S201400585,2014,1,5725,2014-08-26,2015-01-17
S201400586,2014,0,0,,
S201400587,2014,0,0,,
S201400588,2014,1,5440,2014-08-26,2015-01-13
S201400589,2014,0,0,,
S201400590,2014,0,0,,
S201400591,2014,1,8123,2014-08-18,2015-01-12
S201400592,2014,1,6686,2014-08-27,2015-01-17
S201400593,2014,1,5987,2014-08-15,2015-01-16
S201400594,2014,0,0,,
S201400595,2014,0,0,,
S201400596,2014,1,4746,2014-08-23,2015-01-16
S201400597,2014,0,0,,
S201400598,2014,1,6768,2014-08-15,2015-01-13
S201400599,2014,0,0,,
S201400600,2014,1,5105,2014-08-21,2015-01-14
S201400601,2014,0,0,,
S201400602,2014,1,7136,2014-08-27,2015-01-15
S201400603,2014,0,0,,
S201400604,2014,1,6430,2014-08-23,2015-01-14
S201400605,2014,1,7869,2014-08-18,2015-01-15
S201400606,2014,1,5323,2014-08-18,2015-01-11
S201400607,2014,1,6044,2014-08-27,2015-01-16
S201400608,2014,1,5728,2014-08-16,2015-01-14
S201400609,2014,1,5616,2014-08-26,2015-01-10
S201400610,2014,1,5974,2014-08-15,2015-01-15
S201400611,2014,1,6165,2014-08-19,2015-01-09
S201400612,2014,0,0,,
S201400613,2014,1,6092,2014-08-23,2015-01-14
S201400614,2014,1,6102,2014-08-25,2015-01-17
S201400615,2014,1,4761,2014-08-16,2015-01-09
S201400616,2014,1,6578,2014-08-23,2015-01-12
S201400617,2014,0,0,,
S201400618,2014,1,4764,2014-08-26,2015-01-08
S201400619,2014,1,5979,2014-08-17,2015-01-14
S201400620,2014,1,5891,2014-08-22,2015-01-14
S201400621,2014,1,7032,2014-08-21,2015-01-09
S201400622,2014,1,5626,2014-08-16,2015-01-16
S201400623,2014,1,6808,2014-08-24,2015-01-14
S201400624,2014,1,3865,2014-08-20,2015-01-14
S201400625,2014,1,3608,2014-08-26,2015-01-11
S201400626,2014,1,4479,2014-08-24,2015-01-12
S201400627,2014,0,0,,
S201400628,2014,1,4882,2014-08-22,2015-01-09
S201400629,2014,0,0,,
S201400630,2014,1,5749,2014-08-15,2015-01-08
S201400631,2014,1,6490,2014-08-24,2015-01-12
S201400632,2014,1,6228,2014-08-26,2015-01-13
S201400633,2014,0,0,,
S201400634,2014,1,5670,2014-08-24,2015-01-09
S201400635,2014,1,5974,2014-08-19,2015-01-13
S201400636,2014,0,0,,
S201400637,2014,0,0,,
S201400638,2014,1,4631,2014-08-25,2015-01-12
S201400639,2014,0,0,,
S201400640,2014,0,0,,
S201400641,2014,1,6927,2014-08-24,2015-01-15
S201400642,2014,0,0,,
S201400643,2014,1,5998,2014-08-18,2015-01-12
S201400644,2014,1,5079,2014-08-19,2015-01-14
S201400645,2014,0,0,,
S201400646,2014,0,0,,
S201400647,2014,1,5168,2014-08-24,2015-01-13
S201400648,2014,1,3865,2014-08-18,2015-01-09
S201400649,2014,0,0,,
S201400650,2014,0,0,,
S201400651,2014,0,0,,
S201400652,2014,1,3650,2014-08-27,2015-01-08
S201400653,2014,1,7075,2014-08-15,2015-01-14
S201400654,2014,1,4067,2014-08-16,2015-01-16
S201400655,2014,1,7849,2014-08-27,2015-01-08
S201400656,2014,1,7444,2014-08-25,2015-01-10
S201400657,2014,0,0,,
S201400658,2014,1,8228,2014-08-25,2015-01-08
S201400659,2014,0,0,,
S201400660,2014,0,0,,
S201400661,2014,1,6381,2014-08-26,2015-01-16
S201400662,2014,1,5994,2014-08-15,2015-01-15
S201400663,2014,0,0,,
S201400664,2014,1,4390,2014-08-20,2015-01-17
S201400665,2014,1,5974,2014-08-21,2015-01-12
S201400666,2014,1,4034,2014-08-22,2015-01-12
S201400667,2014,0,0,,
S201400668,2014,0,0,,
S201400669,2014,1,7552,2014-08-23,2015-01-09
S201400670,2014,1,2773,2014-08-20,2015-01-10
S201400671,2014,1,6657,2014-08-16,2015-01-11
S201400672,2014,1,2518,2014-08-16,2015-01-09
S201400673,2014,1,5537,2014-08-22,2015-01-17
S201400674,2014,1,4396,2014-08-18,2015-01-16
S201400675,2014,0,0,,
S201400676,2014,1,6378,2014-08-22,2015-01-08
S201400677,2014,1,7029,2014-08-19,2015-01-16
S201400678,2014,0,0,,
S201400679,2014,1,4028,2014-08-22,2015-01-16
S201400680,2014,1,6091,2014-08-18,2015-01-16
S201400681,2014,1,7556,2014-08-25,2015-01-09
S201400682,2014,0,0,,
S201400683,2014,1,6118,2014-08-27,2015-01-14
S201400684,2014,0,0,,
S201400685,2014,0,0,,
S201400686,2014,1,4490,2014-08-23,2015-01-10
S201400687,2014,0,0,,
S201400688,2014,1,6278,2014-08-25,2015-01-16
S201400689,2014,1,7870,2014-08-24,2015-01-14
S201400690,2014,1,6135,2014-08-17,2015-01-11
S201400691,2014,1,7092,2014-08-24,2015-01-08
S201400692,2014,0,0,,
S201400693,2014,0,0,,
S201400694,2014,0,0,,
S201400695,2014,1,6833,2014-08-17,2015-01-14
S201400696,2014,1,4801,2014-08-24,2015-01-13
S201400697,2014,1,7274,2014-08-26,2015-01-17
S201400698,2014,0,0,,
S201400699,2014,0,0,,
S201400700,2014,1,7814,2014-08-27,2015-01-12
S201400701,2014,1,6438,2014-08-27,2015-01-10
S201400702,2014,0,0,,
S201400703,2014,1,7134,2014-08-19,2015-01-15
S201400704,2014,0,0,,
S201400705,2014,1,6153,2014-08-16,2015-01-15
S201400706,2014,1,4096,2014-08-23,2015-01-09
S201400707,2014,1,5043,2014-08-18,2015-01-14
S201400708,2014,0,0,,
S201400709,2014,1,4267,2014-08-26,2015-01-12
S201400710,2014,0,0,,
S201400711,2014,1,5478,2014-08-24,2015-01-13
S201400712,2014,1,5884,2014-08-19,2015-01-10
S201400713,2014,1,5357,2014-08-26,2015-01-13
S201400714,2014,0,0,,
S201400715,2014,1,6285,2014-08-26,2015-01-10
S201400716,2014,0,0,,
S201400717,2014,0,0,,
S201400718,2014,0,0,,
S201400719,2014,1,6814,2014-08-18,2015-01-17
S201400720,2014,1,5571,2014-08-20,2015-01-11
S201400721,2014,0,0,,
S201400722,2014,1,5128,2014-08-23,2015-01-12
S201400723,2014,0,0,,
S201400724,2014,0,0,,
S201400725,2014,0,0,,
S201400726,2014,1,6272,2014-08-20,2015-01-10
S201400727,2014,0,0,,
S201400728,2014,0,0,,
S201400729,2014,1,5338,2014-08-20,2015-01-10
S201400730,2014,1,4246,2014-08-27,2015-01-15
S201400731,2014,0,0,,
S201400732,2014,1,4936,2014-08-15,2015-01-10
S201400733,2014,1,6237,2014-08-23,2015-01-09
S201400734,2014,0,0,,
S201400735,2014,1,6894,2014-08-18,2015-01-15
S201400736,2014,0,0,,
S201400737,2014,1,5281,2014-08-24,2015-01-16
S201400738,2014,0,0,,
S201400739,2014,1,3844,2014-08-23,2015-01-10
S201400740,2014,0,0,,
S201400741,2014,0,0,,
S201400742,2014,1,4509,2014-08-23,2015-01-17
S201400743,2014,0,0,,
S201400744,2014,1,3402,2014-08-16,2015-01-14
S201400745,2014,1,7201,2014-08-19,2015-01-17
S201400746,2014,0,0,,
S201400747,2014,1,6385,2014-08-25,2015-01-08
S201400748,2014,1,5024,2014-08-19,2015-01-11
S201400749,2014,1,6530,2014-08-23,2015-01-12
S201400750,2014,1,6273,2014-08-21,2015-01-13
S201400751,2014,0,0,,
S201400752,2014,1,5060,2014-08-26,2015-01-10
S201400753,2014,0,0,,
S201400754,2014,1,5724,2014-08-19,2015-01-13
S201400755,2014,0,0,,
S201400756,2014,0,0,,
S201400757,2014,0,0,,
S201400758,2014,0,0,,
S201400759,2014,0,0,,
S201400760,2014,1,5671,2014-08-16,2015-01-16
S201400761,2014,1,6843,2014-08-22,2015-01-09
S201400762,2014,1,5031,2014-08-22,2015-01-17
S201400763,2014,1,5137,2014-08-16,2015-01-10
S201400764,2014,0,0,,
S201400765,2014,1,7323,2014-08-25,2015-01-09
S201400766,2014,1,3927,2014-08-16,2015-01-09
S201400767,2014,1,5248,2014-08-23,2015-01-15
S201400768,2014,0,0,,
S201400769,2014,0,0,,
S201400770,2014,1,5773,2014-08-16,2015-01-17
S201400771,2014,0,0,,
S201400772,2014,1,3806,2014-08-26,2015-01-14
S201400773,2014,1,7024,2014-08-24,2015-01-11
S201400774,2014,0,0,,
S201400775,2014,1,6060,2014-08-15,2015-01-12
S201400776,2014,1,7893,2014-08-18,2015-01-08
S201400777,2014,1,6621,2014-08-15,2015-01-17
S201400778,2014,1,3946,2014-08-21,2015-01-12
S201400779,2014,1,6505,2014-08-24,2015-01-11
S201400780,2014,0,0,,
S201400781,2014,1,5887,2014-08-26,2015-01-11
S201400782,2014,1,5404,2014-08-20,2015-01-10
S201400783,2014,1,9367,2014-08-21,2015-01-12
S201400784,2014,0,0,,
S201400785,2014,1,6319,2014-08-23,2015-01-09
S201400786,2014,1,7042,2014-08-25,2015-01-12
S201400787,2014,1,5941,2014-08-20,2015-01-11
S201400788,2014,1,5051,2014-08-26,2015-01-11
S201400789,2014,1,5113,2014-08-18,2015-01-12
S201400790,2014,1,7732,2014-08-26,2015-01-09
S201400791,2014,1,5506,2014-08-23,2015-01-13
S201400792,2014,1,5957,2014-08-17,2015-01-13
S201400793,2014,0,0,,
S201400794,2014,1,7498,2014-08-26,2015-01-13
S201400795,2014,1,5817,2014-08-18,2015-01-17
S201400796,2014,0,0,,
S201400797,2014,0,0,,
S201400798,2014,1,6762,2014-08-20,2015-01-15
S201400799,2014,0,0,,
S201400800,2014,0,0,,
S201400801,2014,1,5793,2014-08-15,2015-01-08
S201400802,2014,1,3681,2014-08-16,2015-01-13
S201400803,2014,1,5049,2014-08-21,2015-01-12
S201400804,2014,1,6731,2014-08-26,2015-01-15
S201400805,2014,1,5500,2014-08-27,2015-01-08
S201400806,2014,1,6757,2014-08-26,2015-01-17
S201400807,2014,1,8371,2014-08-20,2015-01-15
S201400808,2014,1,6561,2014-08-24,2015-01-12
S201400809,2014,1,5942,2014-08-20,2015-01-13
S201400810,2014,1,5907,2014-08-21,2015-01-14
S201400811,2014,0,0,,
S201400812,2014,1,4405,2014-08-17,2015-01-13
S201400813,2014,1,7592,2014-08-25,2015-01-17
S201400814,2014,1,4600,2014-08-25,2015-01-14
S201400815,2014,1,5589,2014-08-27,2015-01-12
S201400816,2014,0,0,,
S201400817,2014,0,0,,
S201400818,2014,1,4716,2014-08-21,2015-01-13
S201400819,2014,1,6001,2014-08-24,2015-01-15
S201400820,2014,0,0,,
S201400821,2014,1,7313,2014-08-15,2015-01-08
S201400822,2014,1,6023,2014-08-15,2015-01-12
S201400823,2014,0,0,,
S201400824,2014,1,2240,2014-08-25,2015-01-12
S201400825,2014,0,0,,
S201400826,2014,1,3435,2014-08-19,2015-01-17
S201400827,2014,0,0,,
S201400828,2014,1,7165,2014-08-19,2015-01-12
S201400829,2014,0,0,,
S201400830,2014,0,0,,
S201400831,2014,0,0,,
S201400832,2014,1,6690,2014-08-19,2015-01-14
S201400833,2014,1,5534,2014-08-21,2015-01-08
S201400834,2014,1,5918,2014-08-25,2015-01-08
S201400835,2014,1,3792,2014-08-25,2015-01-09
S201400836,2014,1,8314,2014-08-18,2015-01-15
S201400837,2014,1,7381,2014-08-15,2015-01-10
S201400838,2014,1,6596,2014-08-27,2015-01-10
S201400839,2014,1,6307,2014-08-25,2015-01-10
S201400840,2014,1,6291,2014-08-21,2015-01-16
S201400841,2014,1,7048,2014-08-22,2015-01-11
S201400842,2014,1,7452,2014-08-17,2015-01-11
S201400843,2014,0,0,,
S201400844,2014,1,5521,2014-08-21,2015-01-08
S201400845,2014,0,0,,
S201400846,2014,1,3771,2014-08-24,2015-01-15
S201400847,2014,1,4970,2014-08-17,2015-01-11
S201400848,2014,1,6497,2014-08-19,2015-01-12
S201400849,2014,0,0,,
S201400850,2014,1,2886,2014-08-23,2015-01-13
S201400851,2014,1,4670,2014-08-22,2015-01-09
S201400852,2014,0,0,,
S201400853,2014,0,0,,
S201400854,2014,1,6514,2014-08-17,2015-01-09
S201400855,2014,1,7689,2014-08-24,2015-01-13
S201400856,2014,1,7421,2014-08-24,2015-01-16
S201400857,2014,0,0,,
S201400858,2014,1,8671,2014-08-16,2015-01-17
S201400859,2014,1,6896,2014-08-24,2015-01-11
S201400860,2014,1,8076,2014-08-21,2015-01-10
S201400861,2014,1,5635,2014-08-19,2015-01-15
S201400862,2014,1,7228,2014-08-27,2015-01-13
S201400863,2014,1,3758,2014-08-26,2015-01-12
S201400864,2014,1,4099,2014-08-15,2015-01-08
S201400865,2014,0,0,,
S201400866,2014,0,0,,
S201400867,2014,0,0,,
S201400868,2014,1,4953,2014-08-18,2015-01-15
S201400869,2014,1,6315,2014-08-26,2015-01-09
S201400870,2014,1,5831,2014-08-22,2015-01-17
S201400871,2014,0,0,,
S201400872,2014,1,4786,2014-08-25,2015-01-14
S201400873,2014,1,6121,2014-08-15,2015-01-15
S201400874,2014,1,6643,2014-08-26,2015-01-08
S201400875,2014,1,6693,2014-08-26,2015-01-16
S201400876,2014,1,6397,2014-08-23,2015-01-16
S201400877,2014,0,0,,
S201400878,2014,0,0,,
S201400879,2014,1,5340,2014-08-15,2015-01-17
S201400880,2014,0,0,,
S201400881,2014,1,7264,2014-08-26,2015-01-17
S201400882,2014,0,0,,
S201400883,2014,1,4995,2014-08-15,2015-01-11
S201400884,2014,0,0,,
S201400885,2014,0,0,,
S201400886,2014,0,0,,
S201400887,2014,0,0,,
S201400888,2014,1,5319,2014-08-18,2015-01-15
S201400889,2014,1,6255,2014-08-19,2015-01-17
S201400890,2014,0,0,,
S201400891,2014,1,5636,2014-08-19,2015-01-15
S201400892,2014,1,4652,2014-08-17,2015-01-16
S201400893,2014,1,6421,2014-08-27,2015-01-13
S201400894,2014,0,0,,
S201400895,2014,1,5152,2014-08-17,2015-01-10
S201400896,2014,1,4150,2014-08-27,2015-01-16
S201400897,2014,1,7824,2014-08-18,2015-01-16
S201400898,2014,0,0,,
S201400899,2014,1,5750,2014-08-15,2015-01-11
S201400900,2014,1,7462,2014-08-27,2015-01-12
S201400901,2014,1,5953,2014-08-18,2015-01-16
S201400902,2014,0,0,,
S201400903,2014,1,4479,2014-08-18,2015-01-10
S201400904,2014,1,4861,2014-08-16,2015-01-08
S201400905,2014,1,8501,2014-08-23,2015-01-17
S201400906,2014,1,5184,2014-08-19,2015-01-15
S201400907,2014,1,7733,2014-08-23,2015-01-08
S201400908,2014,1,8188,2014-08-20,2015-01-14
S201400909,2014,1,6976,2014-08-21,2015-01-14
S201400910,2014,1,6125,2014-08-15,2015-01-11
S201400911,2014,1,6816,2014-08-20,2015-01-12
S201400912,2014,1,6019,2014-08-17,2015-01-09
S201400913,2014,0,0,,
S201400914,2014,1,7960,2014-08-21,2015-01-11
S201400915,2014,1,10674,2014-08-23,2015-01-12
S201400916,2014,1,7898,2014-08-23,2015-01-17
S201400917,2014,0,0,,
S201400918,2014,1,3715,2014-08-21,2015-01-13
S201400919,2014,1,5754,2014-08-20,2015-01-15
S201400920,2014,1,5749,2014-08-27,2015-01-17
S201400921,2014,1,5634,2014-08-20,2015-01-15
S201400922,2014,1,7861,2014-08-20,2015-01-12
S201400923,2014,1,6216,2014-08-24,2015-01-11
S201400924,2014,0,0,,
S201400925,2014,0,0,,
S201400926,2014,1,6031,2014-08-26,2015-01-16
S201400927,2014,0,0,,
S201400928,2014,1,4841,2014-08-16,2015-01-12
S201400929,2014,0,0,,
S201400930,2014,1,6033,2014-08-27,2015-01-10
S201400931,2014,0,0,,
S201400932,2014,1,4472,2014-08-25,2015-01-15
S201400933,2014,1,5608,2014-08-23,2015-01-11
S201400934,2014,1,4989,2014-08-27,2015-01-10
S201400935,2014,0,0,,
S201400936,2014,1,6486,2014-08-18,2015-01-15
S201400937,2014,1,5158,2014-08-24,2015-01-14
S201400938,2014,1,7059,2014-08-20,2015-01-14
S201400939,2014,1,4809,2014-08-20,2015-01-08
S201400940,2014,0,0,,
S201400941,2014,1,3755,2014-08-17,2015-01-08
S201400942,2014,0,0,,
S201400943,2014,1,4460,2014-08-20,2015-01-15
S201400944,2014,0,0,,
S201400945,2014,1,5684,2014-08-21,2015-01-16
S201400946,2014,0,0,,
S201400947,2014,1,5963,2014-08-22,2015-01-15
S201400948,2014,0,0,,
S201400949,2014,0,0,,
S201400950,2014,1,5578,2014-08-27,2015-01-12
S201400951,2014,1,3818,2014-08-16,2015-01-11
S201400952,2014,0,0,,
S201400953,2014,1,6573,2014-08-19,2015-01-16
S201400954,2014,0,0,,
S201400955,2014,1,7179,2014-08-21,2015-01-12
S201400956,2014,1,5552,2014-08-17,2015-01-08
S201400957,2014,0,0,,
S201400958,2014,1,6892,2014-08-17,2015-01-09
S201400959,2014,1,3536,2014-08-20,2015-01-10
S201400960,2014,1,4395,2014-08-25,2015-01-16
S201400961,2014,1,5076,2014-08-22,2015-01-09
S201400962,2014,1,5989,2014-08-19,2015-01-13
S201400963,2014,0,0,,
S201400964,2014,0,0,,
S201400965,2014,1,4861,2014-08-16,2015-01-11
S201400966,2014,1,6185,2014-08-16,2015-01-10
S201400967,2014,1,7611,2014-08-15,2015-01-13
S201400968,2014,1,3952,2014-08-18,2015-01-10
S201400969,2014,0,0,,
S201400970,2014,1,4778,2014-08-25,2015-01-08
S201400971,2014,1,4988,2014-08-23,2015-01-11
S201400972,2014,1,8062,2014-08-20,2015-01-14
S201400973,2014,0,0,,
S201400974,2014,1,4751,2014-08-18,2015-01-12
S201400975,2014,1,7255,2014-08-16,2015-01-12
S201400976,2014,0,0,,
S201400977,2014,1,7663,2014-08-21,2015-01-15
S201400978,2014,1,6333,2014-08-20,2015-01-15
S201400979,2014,1,8985,2014-08-21,2015-01-10
S201400980,2014,1,7299,2014-08-20,2015-01-17
S201400981,2014,1,5634,2014-08-24,2015-01-15
S201400982,2014,1,8536,2014-08-26,2015-01-10
S201400983,2014,1,8151,2014-08-23,2015-01-09
S201400984,2014,1,5183,2014-08-15,2015-01-09
S201400985,2014,0,0,,
S201400986,2014,1,5155,2014-08-21,2015-01-14
S201400987,2014,1,5667,2014-08-17,2015-01-15
S201400988,2014,1,6625,2014-08-15,2015-01-10
S201400989,2014,0,0,,
S201400990,2014,0,0,,
S201400991,2014,0,0,,
S201400992,2014,0,0,,
S201400993,2014,1,5962,2014-08-23,2015-01-09
S201400994,2014,0,0,,
S201400995,2014,1,6053,2014-08-24,2015-01-17
S201400996,2014,0,0,,
S201400997,2014,1,5453,2014-08-16,2015-01-10
S201400998,2014,0,0,,
S201400999,2014,1,6793,2014-08-23,2015-01-17
S201401000,2014,0,0,,
S201401001,2014,0,0,,
S201401002,2014,1,5448,2014-08-26,2015-01-16
S201401003,2014,1,5668,2014-08-17,2015-01-09
S201401004,2014,1,8069,2014-08-19,2015-01-11
S201401005,2014,0,0,,
S201401006,2014,1,5325,2014-08-25,2015-01-10
S201401007,2014,0,0,,
S201401008,2014,1,6573,2014-08-25,2015-01-09
S201401009,2014,1,7493,2014-08-26,2015-01-13
S201401010,2014,1,6438,2014-08-19,2015-01-09
S201401011,2014,1,10808,2014-08-25,2015-01-14
S201401012,2014,0,0,,
S201401013,2014,0,0,,
S201401014,2014,1,4635,2014-08-20,2015-01-16
S201401015,2014,0,0,,
S201401016,2014,0,0,,
S201401017,2014,0,0,,
S201401018,2014,1,6258,2014-08-23,2015-01-12
S201401019,2014,0,0,,
S201401020,2014,1,6118,2014-08-17,2015-01-09
S201401021,2014,0,0,,
S201401022,2014,1,7091,2014-08-24,2015-01-16
S201401023,2014,1,7008,2014-08-26,2015-01-16
S201401024,2014,0,0,,
S201401025,2014,1,7762,2014-08-16,2015-01-17
S201401026,2014,1,5880,2014-08-19,2015-01-16
S201401027,2014,0,0,,
S201401028,2014,1,4965,2014-08-16,2015-01-11
S201401029,2014,0,0,,
S201401030,2014,0,0,,
S201401031,2014,1,5396,2014-08-23,2015-01-16
S201401032,2014,0,0,,
S201401033,2014,1,7882,2014-08-25,2015-01-09
S201401034,2014,0,0,,
S201401035,2014,0,0,,
S201401036,2014,0,0,,
S201401037,2014,1,7672,2014-08-21,2015-01-13
S201401038,2014,0,0,,
S201401039,2014,1,4259,2014-08-24,2015-01-11
S201401040,2014,1,6514,2014-08-18,2015-01-11
S201401041,2014,0,0,,
S201401042,2014,1,6741,2014-08-16,2015-01-13
S201401043,2014,1,5036,2014-08-18,2015-01-17
S201401044,2014,1,5782,2014-08-15,2015-01-12
S201401045,2014,1,5581,2014-08-27,2015-01-14
S201401046,2014,1,7788,2014-08-17,2015-01-08
S201401047,2014,1,5789,2014-08-19,2015-01-10
S201401048,2014,1,5743,2014-08-20,2015-01-13
S201401049,2014,0,0,,
S201401050,2014,0,0,,
S201401051,2014,0,0,,
S201401052,2014,0,0,,
S201401053,2014,0,0,,
S201401054,2014,0,0,,
S201401055,2014,1,5205,2014-08-20,2015-01-16
S201401056,2014,0,0,,
S201401057,2014,0,0,,
S201401058,2014,0,0,,
S201401059,2014,1,7152,2014-08-21,2015-01-08
S201401060,2014,1,5657,2014-08-27,2015-01-08
S201401061,2014,1,3490,2014-08-19,2015-01-14
S201401062,2014,0,0,,
S201401063,2014,1,6048,2014-08-15,2015-01-17
S201401064,2014,1,4212,2014-08-22,2015-01-11
S201401065,2014,1,8175,2014-08-17,2015-01-17
S201401066,2014,1,6193,2014-08-20,2015-01-16
S201401067,2014,1,6786,2014-08-25,2015-01-15
S201401068,2014,1,7139,2014-08-27,2015-01-14
S201401069,2014,1,5274,2014-08-22,2015-01-08
S201401070,2014,0,0,,
S201401071,2014,1,7623,2014-08-24,2015-01-14
S201401072,2014,1,5782,2014-08-23,2015-01-10
S201401073,2014,1,4452,2014-08-21,2015-01-12
S201401074,2014,1,6587,2014-08-19,2015-01-16
S201401075,2014,1,8334,2014-08-23,2015-01-15
S201401076,2014,0,0,,
S201401077,2014,1,10082,2014-08-20,2015-01-09
S201401078,2014,0,0,,
S201401079,2014,1,5348,2014-08-17,2015-01-11
S201401080,2014,0,0,,
S201401081,2014,0,0,,
S201401082,2014,1,4730,2014-08-17,2015-01-09
S201401083,2014,1,6036,2014-08-18,2015-01-08
S201401084,2014,0,0,,
S201401085,2014,1,6280,2014-08-23,2015-01-08
S201401086,2014,1,6381,2014-08-24,2015-01-08
S201401087,2014,0,0,,
S201401088,2014,0,0,,
S201401089,2014,1,5259,2014-08-15,2015-01-15
S201401090,2014,1,3723,2014-08-24,2015-01-15
S201401091,2014,1,4654,2014-08-25,2015-01-15
S201401092,2014,1,5126,2014-08-26,2015-01-13
S201401093,2014,1,5901,2014-08-26,2015-01-11
S201401094,2014,1,5918,2014-08-18,2015-01-12
S201401095,2014,0,0,,
S201401096,2014,0,0,,
S201401097,2014,1,6843,2014-08-23,2015-01-16
S201401098,2014,0,0,,
S201401099,2014,1,8273,2014-08-19,2015-01-08
S201401100,2014,1,5899,2014-08-21,2015-01-10
S201401101,2014,0,0,,
S201401102,2014,1,5731,2014-08-18,2015-01-12
S201401103,2014,1,6964,2014-08-23,2015-01-12
S201401104,2014,0,0,,
S201401105,2014,1,5404,2014-08-20,2015-01-12
S201401106,2014,0,0,,
S201401107,2014,0,0,,
S201401108,2014,1,4986,2014-08-19,2015-01-10
S201401109,2014,0,0,,
S201401110,2014,1,8392,2014-08-26,2015-01-11
S201401111,2014,1,4412,2014-08-25,2015-01-09
S201401112,2014,1,4850,2014-08-23,2015-01-17
S201401113,2014,1,2499,2014-08-20,2015-01-14
S201401114,2014,0,0,,
S201401115,2014,0,0,,
S201401116,2014,1,7992,2014-08-23,2015-01-12
S201401117,2014,1,5322,2014-08-25,2015-01-08
S201401118,2014,0,0,,
S201401119,2014,1,6152,2014-08-19,2015-01-12
S201401120,2014,1,7018,2014-08-22,2015-01-17
S201401121,2014,1,5058,2014-08-19,2015-01-14
S201401122,2014,1,8981,2014-08-19,2015-01-17
S201401123,2014,0,0,,
S201401124,2014,0,0,,
S201401125,2014,0,0,,
S201401126,2014,1,5249,2014-08-21,2015-01-13
S201401127,2014,1,7383,2014-08-27,2015-01-14
S201401128,2014,1,5990,2014-08-17,2015-01-14
S201401129,2014,1,6234,2014-08-23,2015-01-16
S201401130,2014,0,0,,
S201401131,2014,1,5271,2014-08-17,2015-01-13
S201401132,2014,1,5531,2014-08-20,2015-01-13
S201401133,2014,1,6676,2014-08-22,2015-01-09
S201401134,2014,0,0,,
S201401135,2014,0,0,,
S201401136,2014,1,8045,2014-08-24,2015-01-16
S201401137,2014,0,0,,
S201401138,2014,0,0,,
S201401139,2014,1,5281,2014-08-24,2015-01-12
S201401140,2014,0,0,,
S201401141,2014,1,6960,2014-08-24,2015-01-16
S201401142,2014,0,0,,
S201401143,2014,1,4674,2014-08-15,2015-01-11
S201401144,2014,0,0,,
S201401145,2014,1,6180,2014-08-16,2015-01-16
S201401146,2014,1,7160,2014-08-26,2015-01-16
S201401147,2014,1,7706,2014-08-19,2015-01-16
S201401148,2014,1,6123,2014-08-25,2015-01-10
S201401149,2014,1,5738,2014-08-20,2015-01-13
S201401150,2014,1,6563,2014-08-25,2015-01-15
S201401151,2014,1,5811,2014-08-16,2015-01-08
S201401152,2014,1,5761,2014-08-25,2015-01-14
S201401153,2014,1,5682,2014-08-25,2015-01-11
S201401154,2014,1,4917,2014-08-20,2015-01-15
S201401155,2014,1,5976,2014-08-20,2015-01-14
S201401156,2014,1,4397,2014-08-27,2015-01-14
S201401157,2014,1,3795,2014-08-25,2015-01-11
S201401158,2014,1,6297,2014-08-18,2015-01-13
S201401159,2014,1,7332,2014-08-20,2015-01-13
S201401160,2014,1,4879,2014-08-18,2015-01-10
S201401161,2014,1,6635,2014-08-19,2015-01-17
S201401162,2014,0,0,,
S201401163,2014,0,0,,
S201401164,2014,1,4584,2014-08-26,2015-01-10
S201401165,2014,1,6379,2014-08-26,2015-01-16
S201401166,2014,1,7675,2014-08-24,2015-01-09
S201401167,2014,0,0,,
S201401168,2014,1,6767,2014-08-15,2015-01-09
S201401169,2014,0,0,,
S201401170,2014,1,3656,2014-08-22,2015-01-08
S201401171,2014,1,7816,2014-08-19,2015-01-15
S201401172,2014,1,4113,2014-08-21,2015-01-10
S201401173,2014,1,7193,2014-08-20,2015-01-15
S201401174,2014,0,0,,
S201401175,2014,1,6157,2014-08-25,2015-01-17
S201401176,2014,1,7499,2014-08-16,2015-01-11
S201401177,2014,1,5047,2014-08-25,2015-01-09
S201401178,2014,0,0,,
S201401179,2014,0,0,,
S201401180,2014,1,6850,2014-08-24,2015-01-17
S201401181,2014,0,0,,
S201401182,2014,1,7268,2014-08-16,2015-01-15
S201401183,2014,1,3216,2014-08-17,2015-01-09
S201401184,2014,0,0,,
S201401185,2014,1,5921,2014-08-25,2015-01-14
S201401186,2014,1,7050,2014-08-21,2015-01-15
S201401187,2014,1,6471,2014-08-25,2015-01-10
S201401188,2014,0,0,,
S201401189,2014,1,5777,2014-08-24,2015-01-12
S201401190,2014,1,4124,2014-08-22,2015-01-17
S201401191,2014,1,5911,2014-08-20,2015-01-12
S201401192,2014,1,6407,2014-08-22,2015-01-16
S201401193,2014,0,0,,
S201401194,2014,0,0,,
S201401195,2014,1,7313,2014-08-21,2015-01-14
S201401196,2014,1,5979,2014-08-26,2015-01-17
S201401197,2014,0,0,,
S201401198,2014,1,6826,2014-08-21,2015-01-09
S201401199,2014,1,5777,2014-08-15,2015-01-12
S201401200,2014,1,7407,2014-08-26,2015-01-08
S201401201,2014,0,0,,
S201401202,2014,1,7247,2014-08-17,2015-01-11
S201401203,2014,1,4178,2014-08-15,2015-01-10
S201401204,2014,1,3176,2014-08-25,2015-01-14
S201401205,2014,1,7755,2014-08-25,2015-01-17
S201401206,2014,1,6144,2014-08-25,2015-01-13
S201401207,2014,0,0,,
S201401208,2014,1,2168,2014-08-26,2015-01-10
S201401209,2014,0,0,,
S201401210,2014,1,6525,2014-08-16,2015-01-17
S201401211,2014,1,7770,2014-08-25,2015-01-15
S201401212,2014,0,0,,
S201401213,2014,1,4535,2014-08-18,2015-01-13
S201401214,2014,0,0,,
S201401215,2014,1,7382,2014-08-26,2015-01-12
S201401216,2014,0,0,,
S201401217,2014,1,6864,2014-08-26,2015-01-10
S201401218,2014,1,5521,2014-08-20,2015-01-10
S201401219,2014,1,5188,2014-08-25,2015-01-11
S201401220,2014,0,0,,
S201401221,2014,1,3718,2014-08-21,2015-01-14
S201401222,2014,1,6256,2014-08-17,2015-01-11
S201401223,2014,1,6562,2014-08-16,2015-01-14
S201401224,2014,1,6464,2014-08-26,2015-01-11
S201401225,2014,1,6034,2014-08-24,2015-01-14
S201401226,2014,1,5367,2014-08-26,2015-01-16
S201401227,2014,1,5257,2014-08-18,2015-01-08
S201401228,2014,1,5749,2014-08-19,2015-01-10
S201401229,2014,0,0,,
S201401230,2014,1,7489,2014-08-24,2015-01-10
S201401231,2014,1,3202,2014-08-27,2015-01-09
S201401232,2014,0,0,,
S201401233,2014,1,6694,2014-08-27,2015-01-10
S201401234,2014,1,6689,2014-08-17,2015-01-16
S201401235,2014,1,7432,2014-08-21,2015-01-13
S201401236,2014,1,5247,2014-08-27,2015-01-09
S201401237,2014,1,6980,2014-08-21,2015-01-14
S201401238,2014,1,3311,2014-08-17,2015-01-16
S201401239,2014,0,0,,
S201401240,2014,1,7088,2014-08-23,2015-01-15
S201401241,2014,1,3017,2014-08-18,2015-01-10
S201401242,2014,1,6098,2014-08-17,2015-01-14
S201401243,2014,1,5966,2014-08-24,2015-01-15
S201401244,2014,1,3979,2014-08-27,2015-01-17
S201401245,2014,0,0,,
S201401246,2014,0,0,,
S201401247,2014,1,5174,2014-08-23,2015-01-10
S201401248,2014,1,5771,2014-08-21,2015-01-09
S201401249,2014,1,7697,2014-08-15,2015-01-14
S201401250,2014,1,8072,2014-08-25,2015-01-11
S201401251,2014,1,3842,2014-08-17,2015-01-11
S201401252,2014,0,0,,
S201401253,2014,1,3914,2014-08-18,2015-01-11
S201401254,2014,1,8168,2014-08-23,2015-01-13
S201401255,2014,0,0,,
S201401256,2014,0,0,,
S201401257,2014,0,0,,
S201401258,2014,0,0,,
S201401259,2014,1,6128,2014-08-20,2015-01-08
S201401260,2014,0,0,,
S201401261,2014,1,4883,2014-08-20,2015-01-09
S201401262,2014,1,3444,2014-08-17,2015-01-17
S201401263,2014,1,5381,2014-08-25,2015-01-17
S201401264,2014,0,0,,
S201401265,2014,0,0,,
S201401266,2014,1,6528,2014-08-21,2015-01-17
S201401267,2014,0,0,,
S201401268,2014,0,0,,
S201401269,2014,1,4371,2014-08-26,2015-01-12
S201401270,2014,1,5492,2014-08-25,2015-01-13
S201401271,2014,1,4026,2014-08-19,2015-01-12
S201401272,2014,1,6777,2014-08-18,2015-01-17
S201401273,2014,1,4016,2014-08-23,2015-01-09
S201401274,2014,1,6738,2014-08-22,2015-01-10
S201401275,2014,1,6167,2014-08-16,2015-01-08
S201401276,2014,1,6473,2014-08-20,2015-01-13
S201401277,2014,1,4775,2014-08-23,2015-01-08
S201401278,2014,0,0,,
S201401279,2014,1,5129,2014-08-24,2015-01-08
S201401280,2014,1,6081,2014-08-19,2015-01-08
S201401281,2014,0,0,,
S201401282,2014,1,4890,2014-08-22,2015-01-17
S201401283,2014,0,0,,
S201401284,2014,1,3697,2014-08-26,2015-01-09
S201401285,2014,0,0,,
S201401286,2014,1,5729,2014-08-17,2015-01-11
S201401287,2014,1,6556,2014-08-16,2015-01-14
S201401288,2014,1,4666,2014-08-19,2015-01-16
S201401289,2014,1,5382,2014-08-20,2015-01-10
S201401290,2014,0,0,,
S201401291,2014,1,5589,2014-08-20,2015-01-17
S201401292,2014,1,5140,2014-08-23,2015-01-10
S201401293,2014,0,0,,
S201401294,2014,1,7216,2014-08-23,2015-01-12
S201401295,2014,1,6035,2014-08-19,2015-01-15
S201401296,2014,1,5990,2014-08-20,2015-01-13
S201401297,2014,1,6086,2014-08-22,2015-01-08
S201401298,2014,0,0,,
S201401299,2014,1,6279,2014-08-27,2015-01-16
S201401300,2014,1,6284,2014-08-27,2015-01-13
S201401301,2014,1,5692,2014-08-17,2015-01-12
S201401302,2014,1,7657,2014-08-26,2015-01-10
S201401303,2014,1,5265,2014-08-24,2015-01-13
S201401304,2014,1,4523,2014-08-22,2015-01-08
S201401305,2014,1,8008,2014-08-25,2015-01-12
S201401306,2014,0,0,,
S201401307,2014,0,0,,
S201401308,2014,0,0,,
S201401309,2014,0,0,,
S201401310,2014,1,4263,2014-08-26,2015-01-17
S201401311,2014,0,0,,
S201401312,2014,0,0,,
S201401313,2014,1,7408,2014-08-27,2015-01-09
S201401314,2014,1,7529,2014-08-26,2015-01-15
S201401315,2014,1,5905,2014-08-20,2015-01-13
S201401316,2014,0,0,,
S201401317,2014,1,6972,2014-08-19,2015-01-09
S201401318,2014,1,6790,2014-08-23,2015-01-09
S201401319,2014,1,5724,2014-08-21,2015-01-13
S201401320,2014,1,8602,2014-08-26,2015-01-11
S201401321,2014,1,4534,2014-08-22,2015-01-12
S201401322,2014,1,3199,2014-08-21,2015-01-10
S201401323,2014,1,6282,2014-08-15,2015-01-15
S201401324,2014,1,4440,2014-08-20,2015-01-09
S201401325,2014,1,5408,2014-08-18,2015-01-13
S201401326,2014,0,0,,
S201401327,2014,1,4549,2014-08-15,2015-01-13
S201401328,2014,1,5433,2014-08-27,2015-01-08
S201401329,2014,0,0,,
S201401330,2014,1,6089,2014-08-23,2015-01-16
S201401331,2014,0,0,,
S201401332,2014,1,5407,2014-08-21,2015-01-10
S201401333,2014,0,0,,
S201401334,2014,0,0,,
S201401335,2014,1,7232,2014-08-21,2015-01-08
S201401336,2014,1,5075,2014-08-27,2015-01-10
S201401337,2014,1,6806,2014-08-27,2015-01-16
S201401338,2014,1,6717,2014-08-21,2015-01-17
S201401339,2014,1,3829,2014-08-23,2015-01-16
S201401340,2014,1,5168,2014-08-16,2015-01-15
S201401341,2014,1,8802,2014-08-23,2015-01-12
S201401342,2014,1,7447,2014-08-19,2015-01-09
S201401343,2014,0,0,,
S201401344,2014,0,0,,
S201401345,2014,1,4538,2014-08-16,2015-01-10
S201401346,2014,1,3406,2014-08-26,2015-01-12
S201401347,2014,0,0,,
S201401348,2014,0,0,,
S201401349,2014,1,4206,2014-08-20,2015-01-14
S201401350,2014,1,6352,2014-08-27,2015-01-16
S201401351,2014,0,0,,
S201401352,2014,1,6403,2014-08-26,2015-01-10
S201401353,2014,0,0,,
S201401354,2014,1,4404,2014-08-18,2015-01-17
S201401355,2014,0,0,,
S201401356,2014,0,0,,
S201401357,2014,0,0,,
S201401358,2014,0,0,,
S201401359,2014,1,8212,2014-08-16,2015-01-15
S201401360,2014,0,0,,
S201401361,2014,1,6079,2014-08-27,2015-01-16
S201401362,2014,1,5211,2014-08-23,2015-01-16
S201401363,2014,1,9580,2014-08-22,2015-01-12
S201401364,2014,1,7532,2014-08-15,2015-01-10
S201401365,2014,0,0,,
S201401366,2014,1,6442,2014-08-19,2015-01-11
S201401367,2014,0,0,,
S201401368,2014,1,4379,2014-08-24,2015-01-12
S201401369,2014,0,0,,
S201401370,2014,1,3485,2014-08-19,2015-01-15
S201401371,2014,1,3824,2014-08-18,2015-01-13
S201401372,2014,1,2824,2014-08-16,2015-01-11
S201401373,2014,0,0,,
S201401374,2014,0,0,,
S201401375,2014,1,4639,2014-08-24,2015-01-16
S201401376,2014,1,6007,2014-08-25,2015-01-13
S201401377,2014,0,0,,
S201401378,2014,0,0,,
S201401379,2014,0,0,,
S201401380,2014,1,4900,2014-08-22,2015-01-09
S201401381,2014,1,5784,2014-08-25,2015-01-16
S201401382,2014,0,0,,
S201401383,2014,1,7225,2014-08-17,2015-01-09
S201401384,2014,0,0,,
S201401385,2014,0,0,,
S201401386,2014,1,7970,2014-08-19,2015-01-10
S201401387,2014,1,4760,2014-08-17,2015-01-08
S201401388,2014,1,8009,2014-08-19,2015-01-11
S201401389,2014,0,0,,
S201401390,2014,0,0,,
S201401391,2014,0,0,,
S201401392,2014,0,0,,
S201401393,2014,0,0,,
S201401394,2014,1,2974,2014-08-25,2015-01-10
S201401395,2014,0,0,,
S201401396,2014,1,4227,2014-08-24,2015-01-12
S201401397,2014,1,3794,2014-08-17,2015-01-09
S201401398,2014,0,0,,
S201401399,2014,0,0,,
S201401400,2014,1,6520,2014-08-18,2015-01-17
S201401401,2014,1,6116,2014-08-25,2015-01-17
S201401402,2014,0,0,,
S201401403,2014,1,7528,2014-08-17,2015-01-13
S201401404,2014,0,0,,
S201401405,2014,0,0,,
S201401406,2014,1,7791,2014-08-23,2015-01-10
S201401407,2014,1,5474,2014-08-19,2015-01-13
S201401408,2014,1,5173,2014-08-25,2015-01-17
S201401409,2014,1,5351,2014-08-19,2015-01-14
S201401410,2014,1,6111,2014-08-20,2015-01-11
S201401411,2014,1,3802,2014-08-23,2015-01-15
S201401412,2014,0,0,,
S201401413,2014,0,0,,
S201401414,2014,1,6186,2014-08-20,2015-01-09
S201401415,2014,1,6579,2014-08-22,2015-01-09
S201401416,2014,1,5356,2014-08-23,2015-01-09
S201401417,2014,0,0,,
S201401418,2014,1,4921,2014-08-18,2015-01-14
S201401419,2014,0,0,,
S201401420,2014,1,5678,2014-08-17,2015-01-09
S201401421,2014,1,5389,2014-08-26,2015-01-14
S201401422,2014,1,5464,2014-08-21,2015-01-14
S201401423,2014,1,5461,2014-08-22,2015-01-08
S201401424,2014,0,0,,
S201401425,2014,1,3406,2014-08-16,2015-01-13
S201401426,2014,1,8201,2014-08-21,2015-01-17
S201401427,2014,1,5584,2014-08-17,2015-01-10
S201401428,2014,1,4746,2014-08-21,2015-01-15
S201401429,2014,1,3658,2014-08-15,2015-01-15
S201401430,2014,0,0,,
S201401431,2014,1,7100,2014-08-18,2015-01-12
S201401432,2014,0,0,,
S201401433,2014,1,4909,2014-08-19,2015-01-13
S201401434,2014,0,0,,
S201401435,2014,0,0,,
S201401436,2014,1,3700,2014-08-25,2015-01-11
S201401437,2014,1,7297,2014-08-25,2015-01-13
S201401438,2014,1,6683,2014-08-23,2015-01-15
S201401439,2014,1,6631,2014-08-17,2015-01-12
S201401440,2014,1,4618,2014-08-23,2015-01-08
S201401441,2014,0,0,,
S201401442,2014,0,0,,
S201401443,2014,0,0,,
S201401444,2014,1,4555,2014-08-25,2015-01-14
S201401445,2014,0,0,,
S201401446,2014,0,0,,
S201401447,2014,1,7366,2014-08-20,2015-01-17
S201401448,2014,1,8991,2014-08-15,2015-01-11
S201401449,2014,0,0,,
S201401450,2014,0,0,,
S201401451,2014,0,0,,
S201401452,2014,0,0,,
S201401453,2014,1,6296,2014-08-17,2015-01-12
S201401454,2014,1,6934,2014-08-26,2015-01-12
S201401455,2014,0,0,,
S201401456,2014,1,6132,2014-08-25,2015-01-12
S201401457,2014,0,0,,
S201401458,2014,1,4652,2014-08-25,2015-01-11
S201401459,2014,1,7431,2014-08-16,2015-01-09
S201401460,2014,1,6021,2014-08-27,2015-01-08
S201401461,2014,0,0,,
S201401462,2014,0,0,,
S201401463,2014,1,6017,2014-08-24,2015-01-12
S201401464,2014,1,6979,2014-08-16,2015-01-14
S201401465,2014,0,0,,
S201401466,2014,1,7543,2014-08-17,2015-01-12
S201401467,2014,1,6326,2014-08-18,2015-01-11
S201401468,2014,1,6398,2014-08-23,2015-01-17
S201401469,2014,0,0,,
S201401470,2014,1,4764,2014-08-25,2015-01-14
S201401471,2014,0,0,,
S201401472,2014,1,2956,2014-08-16,2015-01-14
S201401473,2014,1,4510,2014-08-22,2015-01-11
S201401474,2014,0,0,,
S201401475,2014,1,7016,2014-08-16,2015-01-12
S201401476,2014,0,0,,
S201401477,2014,0,0,,
S201401478,2014,0,0,,
S201401479,2014,1,4666,2014-08-19,2015-01-14
S201401480,2014,1,6246,2014-08-22,2015-01-14
S201401481,2014,0,0,,
S201401482,2014,1,6973,2014-08-21,2015-01-10
S201401483,2014,1,7481,2014-08-24,2015-01-17
S201401484,2014,1,5329,2014-08-24,2015-01-09
S201401485,2014,1,6277,2014-08-22,2015-01-13
S201401486,2014,0,0,,
S201401487,2014,1,5575,2014-08-17,2015-01-08
S201401488,2014,1,4051,2014-08-22,2015-01-16
S201401489,2014,0,0,,
S201401490,2014,0,0,,
S201401491,2014,1,4232,2014-08-23,2015-01-15
S201401492,2014,0,0,,
S201401493,2014,1,6231,2014-08-21,2015-01-11
S201401494,2014,1,7001,2014-08-26,2015-01-11
S201401495,2014,1,5748,2014-08-25,2015-01-09
S201401496,2014,1,5451,2014-08-22,2015-01-13
S201401497,2014,1,5006,2014-08-25,2015-01-15
S201401498,2014,1,9290,2014-08-25,2015-01-12
S201401499,2014,1,4367,2014-08-15,2015-01-08
S201401500,2014,0,0,,
S201401501,2014,1,3354,2014-08-19,2015-01-11
S201401502,2014,0,0,,
S201401503,2014,1,7825,2014-08-21,2015-01-10
S201401504,2014,0,0,,
S201401505,2014,0,0,,
S201401506,2014,1,7204,2014-08-24,2015-01-11
S201401507,2014,1,4509,2014-08-16,2015-01-11
S201401508,2014,1,5830,2014-08-16,2015-01-15
S201401509,2014,1,5475,2014-08-23,2015-01-17
S201401510,2014,0,0,,
S201401511,2014,0,0,,
S201401512,2014,0,0,,
S201401513,2014,1,3076,2014-08-22,2015-01-16
S201401514,2014,0,0,,
S201401515,2014,0,0,,
S201401516,2014,1,5304,2014-08-16,2015-01-08
S201401517,2014,1,4204,2014-08-22,2015-01-12
S201401518,2014,0,0,,
S201401519,2014,1,6957,2014-08-21,2015-01-11
S201401520,2014,1,6093,2014-08-27,2015-01-17
S201401521,2014,0,0,,
S201401522,2014,1,4345,2014-08-20,2015-01-12
S201401523,2014,1,4321,2014-08-25,2015-01-16
S201401524,2014,1,6676,2014-08-24,2015-01-11
S201401525,2014,1,5245,2014-08-20,2015-01-09
S201401526,2014,1,8096,2014-08-26,2015-01-10
S201401527,2014,1,8528,2014-08-25,2015-01-16
S201401528,2014,1,8561,2014-08-26,2015-01-08
S201401529,2014,0,0,,
S201401530,2014,0,0,,
S201401531,2014,1,5814,2014-08-19,2015-01-12
S201401532,2014,0,0,,
S201401533,2014,0,0,,
S201401534,2014,1,4388,2014-08-23,2015-01-12
S201401535,2014,0,0,,
S201401536,2014,0,0,,
S201401537,2014,1,7096,2014-08-18,2015-01-16
S201401538,2014,0,0,,
S201401539,2014,1,4083,2014-08-17,2015-01-13
S201401540,2014,0,0,,
S201401541,2014,1,6001,2014-08-21,2015-01-15
S201401542,2014,1,5455,2014-08-26,2015-01-16
S201401543,2014,0,0,,
S201401544,2014,1,5791,2014-08-25,2015-01-14
S201401545,2014,1,6606,2014-08-21,2015-01-14
S201401546,2014,1,8392,2014-08-25,2015-01-09
S201401547,2014,1,5855,2014-08-17,2015-01-17
S201401548,2014,1,5385,2014-08-17,2015-01-16
S201401549,2014,1,6387,2014-08-17,2015-01-10
S201401550,2014,1,4775,2014-08-19,2015-01-11
S201401551,2014,1,5220,2014-08-20,2015-01-17
S201401552,2014,1,6190,2014-08-25,2015-01-17
S201401553,2014,1,7479,2014-08-25,2015-01-15
S201401554,2014,1,3918,2014-08-25,2015-01-11
S201401555,2014,1,6341,2014-08-21,2015-01-08
S201401556,2014,0,0,,
S201401557,2014,1,7708,2014-08-17,2015-01-08
S201401558,2014,1,2351,2014-08-19,2015-01-10
S201401559,2014,0,0,,
S201401560,2014,1,4970,2014-08-26,2015-01-16
S201401561,2014,0,0,,
S201401562,2014,1,5773,2014-08-15,2015-01-14
S201401563,2014,0,0,,
S201401564,2014,0,0,,
S201401565,2014,1,5189,2014-08-19,2015-01-14
S201401566,2014,1,5958,2014-08-21,2015-01-10
S201401567,2014,1,6472,2014-08-25,2015-01-14
S201401568,2014,1,4846,2014-08-15,2015-01-17
S201401569,2014,1,8840,2014-08-22,2015-01-10
S201401570,2014,1,6531,2014-08-24,2015-01-12
S201401571,2014,0,0,,
S201401572,2014,1,3749,2014-08-15,2015-01-08
S201401573,2014,1,4162,2014-08-22,2015-01-17
S201401574,2014,1,7886,2014-08-21,2015-01-09
S201401575,2014,1,4792,2014-08-17,2015-01-10
S201401576,2014,0,0,,
S201401577,2014,1,4751,2014-08-15,2015-01-10
S201401578,2014,1,4490,2014-08-22,2015-01-14
S201401579,2014,1,6319,2014-08-23,2015-01-17
S201401580,2014,0,0,,
S201401581,2014,1,4714,2014-08-16,2015-01-15
S201401582,2014,0,0,,
S201401583,2014,0,0,,
S201401584,2014,0,0,,
S201401585,2014,1,6315,2014-08-20,2015-01-15
S201401586,2014,0,0,,
S201401587,2014,1,4476,2014-08-19,2015-01-15
S201401588,2014,1,4924,2014-08-25,2015-01-13
S201401589,2014,1,7551,2014-08-26,2015-01-16
S201401590,2014,0,0,,
S201401591,2014,1,7222,2014-08-27,2015-01-12
S201401592,2014,1,5750,2014-08-21,2015-01-14
S201401593,2014,1,2807,2014-08-21,2015-01-09
S201401594,2014,0,0,,
S201401595,2014,0,0,,
S201401596,2014,0,0,,
S201401597,2014,1,2878,2014-08-25,2015-01-17
S201401598,2014,1,3191,2014-08-18,2015-01-10
S201401599,2014,0,0,,
S201401600,2014,0,0,,
S201401601,2014,1,5639,2014-08-19,2015-01-14
S201401602,2014,1,5867,2014-08-25,2015-01-10
S201401603,2014,1,4520,2014-08-26,2015-01-08
S201401604,2014,1,7342,2014-08-15,2015-01-08
S201401605,2014,1,6816,2014-08-21,2015-01-10
S201401606,2014,1,9605,2014-08-21,2015-01-09
S201401607,2014,0,0,,
S201401608,2014,1,5449,2014-08-24,2015-01-10
S201401609,2014,0,0,,
S201401610,2014,0,0,,
S201401611,2014,0,0,,
S201401612,2014,1,8485,2014-08-21,2015-01-10
S201401613,2014,0,0,,
S201401614,2014,0,0,,
S201401615,2014,1,7560,2014-08-27,2015-01-15
S201401616,2014,0,0,,
S201401617,2014,1,5625,2014-08-15,2015-01-15
S201401618,2014,0,0,,
S201401619,2014,0,0,,
S201401620,2014,0,0,,
S201401621,2014,1,6042,2014-08-26,2015-01-08
S201401622,2014,1,3904,2014-08-25,2015-01-13
S201401623,2014,0,0,,
S201401624,2014,0,0,,
S201401625,2014,0,0,,
S201401626,2014,1,4279,2014-08-16,2015-01-15
S201401627,2014,1,5197,2014-08-25,2015-01-09
S201401628,2014,0,0,,
S201401629,2014,1,3227,2014-08-18,2015-01-12
S201401630,2014,0,0,,
S201401631,2014,0,0,,
S201401632,2014,0,0,,
S201401633,2014,1,8295,2014-08-20,2015-01-16
S201401634,2014,0,0,,
S201401635,2014,1,7667,2014-08-19,2015-01-14
S201401636,2014,1,6355,2014-08-24,2015-01-09
S201401637,2014,1,6408,2014-08-22,2015-01-14
S201401638,2014,1,8333,2014-08-22,2015-01-13
S201401639,2014,0,0,,
S201401640,2014,1,5834,2014-08-18,2015-01-15
S201401641,2014,0,0,,
S201401642,2014,1,5102,2014-08-17,2015-01-08
S201401643,2014,0,0,,
S201401644,2014,1,6046,2014-08-21,2015-01-16
S201401645,2014,0,0,,
S201401646,2014,1,5762,2014-08-25,2015-01-12
S201401647,2014,1,4091,2014-08-20,2015-01-16
S201401648,2014,1,4217,2014-08-25,2015-01-15
S201401649,2014,0,0,,
S201401650,2014,0,0,,
S201401651,2014,1,4889,2014-08-16,2015-01-10
S201401652,2014,1,5170,2014-08-21,2015-01-10
S201401653,2014,1,6159,2014-08-19,2015-01-17
S201401654,2014,0,0,,
S201401655,2014,1,5401,2014-08-16,2015-01-08
S201401656,2014,1,7789,2014-08-21,2015-01-11
S201401657,2014,1,7224,2014-08-26,2015-01-17
S201401658,2014,0,0,,
S201401659,2014,0,0,,
S201401660,2014,0,0,,
S201401661,2014,1,5517,2014-08-20,2015-01-11
S201401662,2014,1,8546,2014-08-22,2015-01-14
S201401663,2014,0,0,,
S201401664,2014,0,0,,
S201401665,2014,1,6035,2014-08-21,2015-01-16
S201401666,2014,0,0,,
S201401667,2014,1,6658,2014-08-26,2015-01-09
S201401668,2014,1,8046,2014-08-24,2015-01-13
S201401669,2014,1,5341,2014-08-19,2015-01-14
S201401670,2014,1,5561,2014-08-27,2015-01-15
S201401671,2014,1,3731,2014-08-22,2015-01-09
S201401672,2014,0,0,,
S201401673,2014,1,7206,2014-08-20,2015-01-13
S201401674,2014,1,5838,2014-08-21,2015-01-10
S201401675,2014,0,0,,
S201401676,2014,1,7333,2014-08-15,2015-01-08
S201401677,2014,1,5273,2014-08-16,2015-01-12
S201401678,2014,0,0,,
S201401679,2014,1,2599,2014-08-20,2015-01-16
S201401680,2014,1,5354,2014-08-26,2015-01-10
S201401681,2014,1,5853,2014-08-26,2015-01-16
S201401682,2014,1,4735,2014-08-27,2015-01-10
S201401683,2014,1,7024,2014-08-21,2015-01-16
S201401684,2014,1,4306,2014-08-22,2015-01-12
S201401685,2014,1,4482,2014-08-21,2015-01-09
S201401686,2014,1,4741,2014-08-26,2015-01-17
S201401687,2014,1,4503,2014-08-16,2015-01-10
S201401688,2014,1,6669,2014-08-24,2015-01-08
S201401689,2014,1,6772,2014-08-25,2015-01-14
S201401690,2014,1,6126,2014-08-19,2015-01-15
S201401691,2014,1,8990,2014-08-17,2015-01-09
S201401692,2014,1,4868,2014-08-23,2015-01-14
S201401693,2014,0,0,,
S201401694,2014,1,3878,2014-08-16,2015-01-12
S201401695,2014,0,0,,
S201401696,2014,0,0,,
S201401697,2014,0,0,,
S201401698,2014,1,3751,2014-08-17,2015-01-11
S201401699,2014,1,4374,2014-08-15,2015-01-15
S201401700,2014,0,0,,
S201401701,2014,1,4618,2014-08-20,2015-01-08
S201401702,2014,1,8661,2014-08-22,2015-01-14
S201401703,2014,0,0,,
S201401704,2014,1,5074,2014-08-27,2015-01-13
S201401705,2014,0,0,,
S201401706,2014,1,7127,2014-08-16,2015-01-16
S201401707,2014,0,0,,
S201401708,2014,1,4285,2014-08-18,2015-01-14
S201401709,2014,1,5812,2014-08-15,2015-01-15
S201401710,2014,1,7807,2014-08-19,2015-01-09
S201401711,2014,0,0,,
S201401712,2014,1,4801,2014-08-21,2015-01-15
S201401713,2014,1,7138,2014-08-22,2015-01-16
S201401714,2014,0,0,,
S201401715,2014,0,0,,
S201401716,2014,0,0,,
S201401717,2014,1,7905,2014-08-19,2015-01-12
S201401718,2014,0,0,,
S201401719,2014,1,5875,2014-08-19,2015-01-16
S201401720,2014,0,0,,
S201401721,2014,0,0,,
S201401722,2014,1,4516,2014-08-17,2015-01-08
S201401723,2014,1,5620,2014-08-25,2015-01-09
S201401724,2014,1,4759,2014-08-19,2015-01-09
S201401725,2014,1,5317,2014-08-22,2015-01-10
S201401726,2014,0,0,,
S201401727,2014,0,0,,
S201401728,2014,1,6878,2014-08-18,2015-01-11
S201401729,2014,0,0,,
S201401730,2014,0,0,,
S201401731,2014,0,0,,
S201401732,2014,0,0,,
S201401733,2014,1,6349,2014-08-25,2015-01-09
S201401734,2014,1,4088,2014-08-15,2015-01-08
S201401735,2014,1,4088,2014-08-16,2015-01-15
S201401736,2014,1,5425,2014-08-21,2015-01-14
S201401737,2014,1,5933,2014-08-16,2015-01-12
S201401738,2014,1,6376,2014-08-21,2015-01-14
S201401739,2014,0,0,,
S201401740,2014,0,0,,
S201401741,2014,0,0,,
S201401742,2014,0,0,,
S201401743,2014,1,7501,2014-08-18,2015-01-12
S201401744,2014,0,0,,
S201401745,2014,1,6452,2014-08-16,2015-01-17
S201401746,2014,1,8189,2014-08-18,2015-01-09
S201401747,2014,0,0,,
S201401748,2014,1,5730,2014-08-16,2015-01-08
S201401749,2014,0,0,,
S201401750,2014,1,6155,2014-08-17,2015-01-17
S201401751,2014,0,0,,
S201401752,2014,0,0,,
S201401753,2014,1,5668,2014-08-27,2015-01-16
S201401754,2014,0,0,,
S201401755,2014,1,4975,2014-08-20,2015-01-11
S201401756,2014,1,5830,2014-08-25,2015-01-12
S201401757,2014,1,3942,2014-08-27,2015-01-08
S201401758,2014,1,4843,2014-08-16,2015-01-09
S201401759,2014,0,0,,
S201401760,2014,0,0,,
S201401761,2014,1,7583,2014-08-26,2015-01-15
S201401762,2014,1,3117,2014-08-19,2015-01-08
S201401763,2014,1,4418,2014-08-25,2015-01-10
S201401764,2014,1,3745,2014-08-21,2015-01-12
S201401765,2014,1,5932,2014-08-22,2015-01-08
S201401766,2014,0,0,,
S201401767,2014,1,3617,2014-08-27,2015-01-16
S201401768,2014,0,0,,
S201401769,2014,1,3084,2014-08-19,2015-01-17
S201401770,2014,1,5109,2014-08-23,2015-01-15
S201401771,2014,1,7479,2014-08-27,2015-01-12
S201401772,2014,0,0,,
S201401773,2014,1,6579,2014-08-16,2015-01-11
S201401774,2014,0,0,,
S201401775,2014,1,4772,2014-08-24,2015-01-11
S201401776,2014,1,6660,2014-08-19,2015-01-11
S201401777,2014,1,3476,2014-08-15,2015-01-10
S201401778,2014,1,6999,2014-08-22,2015-01-14
S201401779,2014,0,0,,
S201401780,2014,0,0,,
S201401781,2014,0,0,,
S201401782,2014,1,6054,2014-08-18,2015-01-12
S201401783,2014,0,0,,
S201401784,2014,1,5550,2014-08-22,2015-01-16
S201401785,2014,1,7992,2014-08-19,2015-01-09
S201401786,2014,0,0,,
S201401787,2014,1,6053,2014-08-26,2015-01-17
S201401788,2014,1,8242,2014-08-20,2015-01-10
S201401789,2014,0,0,,
S201401790,2014,0,0,,
S201401791,2014,0,0,,
S201401792,2014,1,8051,2014-08-18,2015-01-13
S201401793,2014,0,0,,
S201401794,2014,0,0,,
S201401795,2014,0,0,,
S201401796,2014,1,5797,2014-08-16,2015-01-13
S201401797,2014,1,7493,2014-08-16,2015-01-17
S201401798,2014,1,4940,2014-08-18,2015-01-13
S201401799,2014,1,4688,2014-08-15,2015-01-14
S201401800,2014,1,4999,2014-08-16,2015-01-13
S201401801,2014,0,0,,
S201401802,2014,1,5071,2014-08-17,2015-01-08
S201401803,2014,1,3537,2014-08-19,2015-01-14
S201401804,2014,1,9475,2014-08-19,2015-01-11
S201401805,2014,1,3707,2014-08-27,2015-01-10
S201401806,2014,0,0,,
S201401807,2014,1,7209,2014-08-15,2015-01-08
S201401808,2014,0,0,,
S201401809,2014,1,5383,2014-08-19,2015-01-10
S201401810,2014,1,4997,2014-08-27,2015-01-13
S201401811,2014,0,0,,
S201401812,2014,1,4930,2014-08-27,2015-01-10
S201401813,2014,0,0,,
S201401814,2014,0,0,,
S201401815,2014,1,5919,2014-08-17,2015-01-16
S201401816,2014,1,7341,2014-08-23,2015-01-09
S201401817,2014,1,5121,2014-08-24,2015-01-16
S201401818,2014,1,6509,2014-08-22,2015-01-16
S201401819,2014,1,5791,2014-08-27,2015-01-13
S201401820,2014,1,9123,2014-08-16,2015-01-09
S201401821,2014,1,5687,2014-08-24,2015-01-15
S201401822,2014,1,7764,2014-08-16,2015-01-17
S201401823,2014,1,3009,2014-08-18,2015-01-13
S201401824,2014,1,3712,2014-08-24,2015-01-14
S201401825,2014,0,0,,
S201401826,2014,0,0,,
S201401827,2014,0,0,,
S201401828,2014,1,7004,2014-08-21,2015-01-17
S201401829,2014,1,6097,2014-08-21,2015-01-13
S201401830,2014,0,0,,
S201401831,2014,0,0,,
S201401832,2014,1,7172,2014-08-24,2015-01-16
S201401833,2014,0,0,,
S201401834,2014,1,6274,2014-08-17,2015-01-14
S201401835,2014,1,4095,2014-08-18,2015-01-10
S201401836,2014,1,8357,2014-08-26,2015-01-17
S201401837,2014,1,5635,2014-08-18,2015-01-11
S201401838,2014,1,4464,2014-08-23,2015-01-17
S201401839,2014,0,0,,
S201401840,2014,0,0,,
S201401841,2014,1,5337,2014-08-15,2015-01-16
S201401842,2014,1,8044,2014-08-23,2015-01-08
S201401843,2014,0,0,,
S201401844,2014,0,0,,
S201401845,2014,1,6691,2014-08-22,2015-01-08
S201401846,2014,1,6776,2014-08-27,2015-01-16
S201401847,2014,0,0,,
S201401848,2014,1,7271,2014-08-17,2015-01-17
S201401849,2014,1,5599,2014-08-22,2015-01-12
S201401850,2014,0,0,,
S201401851,2014,0,0,,
S201401852,2014,1,6767,2014-08-18,2015-01-13
S201401853,2014,1,8514,2014-08-17,2015-01-09
S201401854,2014,0,0,,
S201401855,2014,1,6910,2014-08-16,2015-01-13
S201401856,2014,1,2633,2014-08-18,2015-01-10
S201401857,2014,1,6121,2014-08-20,2015-01-12
S201401858,2014,1,5427,2014-08-21,2015-01-12
S201401859,2014,1,7572,2014-08-15,2015-01-11
S201401860,2014,1,6043,2014-08-27,2015-01-11
S201401861,2014,1,7247,2014-08-23,2015-01-13
S201401862,2014,1,5478,2014-08-15,2015-01-12
S201401863,2014,0,0,,
S201401864,2014,1,6124,2014-08-17,2015-01-17
S201401865,2014,1,8112,2014-08-26,2015-01-16
S201401866,2014,1,6355,2014-08-23,2015-01-14
S201401867,2014,0,0,,
S201401868,2014,0,0,,
S201401869,2014,1,4859,2014-08-22,2015-01-13
S201401870,2014,1,3250,2014-08-16,2015-01-12
S201401871,2014,1,5360,2014-08-23,2015-01-14
S201401872,2014,0,0,,
S201401873,2014,1,4825,2014-08-26,2015-01-13
S201401874,2014,1,2750,2014-08-17,2015-01-12
S201401875,2014,0,0,,
S201401876,2014,1,7049,2014-08-26,2015-01-13
S201401877,2014,0,0,,
S201401878,2014,1,2889,2014-08-24,2015-01-09
S201401879,2014,1,6577,2014-08-16,2015-01-15
S201401880,2014,0,0,,
S201401881,2014,1,6619,2014-08-15,2015-01-13
S201401882,2014,1,3689,2014-08-27,2015-01-12
S201401883,2014,1,4924,2014-08-20,2015-01-14
S201401884,2014,1,6721,2014-08-25,2015-01-11
S201401885,2014,0,0,,
S201401886,2014,0,0,,
S201401887,2014,1,6568,2014-08-17,2015-01-09
S201401888,2014,1,6075,2014-08-20,2015-01-09
S201401889,2014,1,6368,2014-08-20,2015-01-14
S201401890,2014,1,7603,2014-08-20,2015-01-15
S201401891,2014,0,0,,
S201401892,2014,1,7208,2014-08-21,2015-01-12
S201401893,2014,0,0,,
S201401894,2014,0,0,,
S201401895,2014,1,7390,2014-08-20,2015-01-15
S201401896,2014,0,0,,
S201401897,2014,1,5175,2014-08-22,2015-01-14
S201401898,2014,1,4882,2014-08-27,2015-01-17
S201401899,2014,0,0,,
S201401900,2014,0,0,,
S201401901,2014,0,0,,
S201401902,2014,1,5233,2014-08-19,2015-01-11
S201401903,2014,1,2573,2014-08-19,2015-01-16
S201401904,2014,1,4852,2014-08-20,2015-01-17
S201401905,2014,1,4212,2014-08-23,2015-01-12
S201401906,2014,1,6991,2014-08-21,2015-01-13
S201401907,2014,1,6694,2014-08-25,2015-01-08
S201401908,2014,1,5699,2014-08-21,2015-01-09
S201401909,2014,1,6622,2014-08-20,2015-01-11
S201401910,2014,1,6914,2014-08-23,2015-01-14
S201401911,2014,1,8318,2014-08-19,2015-01-17
S201401912,2014,0,0,,
S201401913,2014,1,4652,2014-08-17,2015-01-14
S201401914,2014,1,2819,2014-08-25,2015-01-16
S201401915,2014,0,0,,
S201401916,2014,1,5933,2014-08-22,2015-01-13
S201401917,2014,0,0,,
S201401918,2014,0,0,,
S201401919,2014,0,0,,
S201401920,2014,1,6819,2014-08-21,2015-01-17
S201401921,2014,0,0,,
S201401922,2014,1,3988,2014-08-19,2015-01-11
S201401923,2014,1,5955,2014-08-18,2015-01-12
S201401924,2014,1,8483,2014-08-24,2015-01-13
S201401925,2014,1,3790,2014-08-16,2015-01-15
S201401926,2014,0,0,,
S201401927,2014,1,5364,2014-08-26,2015-01-13
S201401928,2014,0,0,,
S201401929,2014,0,0,,
S201401930,2014,1,4118,2014-08-20,2015-01-11
S201401931,2014,1,7740,2014-08-27,2015-01-12
S201401932,2014,0,0,,
S201401933,2014,1,7124,2014-08-18,2015-01-16
S201401934,2014,1,9775,2014-08-23,2015-01-13
S201401935,2014,1,6261,2014-08-19,2015-01-08
S201401936,2014,0,0,,
S201401937,2014,0,0,,
S201401938,2014,1,6638,2014-08-21,2015-01-17
S201401939,2014,1,4634,2014-08-22,2015-01-14
S201401940,2014,1,2933,2014-08-21,2015-01-10
S201401941,2014,0,0,,
S201401942,2014,1,3932,2014-08-20,2015-01-12
S201401943,2014,1,3722,2014-08-25,2015-01-14
S201401944,2014,0,0,,
S201401945,2014,0,0,,
S201401946,2014,1,5776,2014-08-15,2015-01-11
S201401947,2014,0,0,,
S201401948,2014,1,6965,2014-08-18,2015-01-15
S201401949,2014,1,5256,2014-08-15,2015-01-13
S201401950,2014,1,6635,2014-08-23,2015-01-12
S201401951,2014,0,0,,
S201401952,2014,1,7236,2014-08-24,2015-01-08
S201401953,2014,0,0,,
S201401954,2014,1,5819,2014-08-17,2015-01-13
S201401955,2014,1,6431,2014-08-16,2015-01-16
S201401956,2014,1,4523,2014-08-17,2015-01-14
S201401957,2014,0,0,,
S201401958,2014,1,6294,2014-08-22,2015-01-09
S201401959,2014,0,0,,
S201401960,2014,1,8728,2014-08-15,2015-01-12
S201401961,2014,1,6685,2014-08-16,2015-01-13
S201401962,2014,0,0,,
S201401963,2014,0,0,,
S201401964,2014,0,0,,
S201401965,2014,1,6594,2014-08-22,2015-01-14
S201401966,2014,1,6090,2014-08-21,2015-01-13
S201401967,2014,0,0,,
S201401968,2014,0,0,,
S201401969,2014,0,0,,
S201401970,2014,0,0,,
S201401971,2014,1,4441,2014-08-22,2015-01-09
S201401972,2014,0,0,,
S201401973,2014,1,6220,2014-08-25,2015-01-14
S201401974,2014,1,7049,2014-08-22,2015-01-16
S201401975,2014,1,5163,2014-08-26,2015-01-08
S201401976,2014,1,6627,2014-08-21,2015-01-12
S201401977,2014,1,5088,2014-08-23,2015-01-16
S201401978,2014,0,0,,
S201401979,2014,1,6132,2014-08-26,2015-01-11
S201401980,2014,1,4646,2014-08-18,2015-01-14
S201401981,2014,1,6240,2014-08-22,2015-01-12
S201401982,2014,1,5923,2014-08-19,2015-01-10
S201401983,2014,0,0,,
S201401984,2014,0,0,,
S201401985,2014,0,0,,
S201401986,2014,0,0,,
S201401987,2014,1,5964,2014-08-20,2015-01-10
S201401988,2014,0,0,,
S201401989,2014,1,5430,2014-08-18,2015-01-17
S201401990,2014,1,4179,2014-08-18,2015-01-16
S201401991,2014,1,4754,2014-08-16,2015-01-17
S201401992,2014,0,0,,
S201401993,2014,1,6715,2014-08-20,2015-01-17
S201401994,2014,1,6555,2014-08-25,2015-01-15
S201401995,2014,0,0,,
S201401996,2014,1,8140,2014-08-16,2015-01-15
S201401997,2014,1,6413,2014-08-20,2015-01-17
S201401998,2014,1,6055,2014-08-17,2015-01-12
S201401999,2014,0,0,,
S201402000,2014,1,5809,2014-08-17,2015-01-14
S201402001,2014,0,0,,
S201402002,2014,0,0,,
S201402003,2014,0,0,,
S201402004,2014,1,7046,2014-08-17,2015-01-15
S201402005,2014,1,4697,2014-08-21,2015-01-15
S201402006,2014,0,0,,
S201402007,2014,0,0,,
S201402008,2014,1,7148,2014-08-23,2015-01-08
S201402009,2014,1,7717,2014-08-27,2015-01-14
S201402010,2014,1,3493,2014-08-20,2015-01-11
S201402011,2014,1,4111,2014-08-20,2015-01-17
S201402012,2014,0,0,,
S201402013,2014,1,5809,2014-08-16,2015-01-12
S201402014,2014,1,5655,2014-08-23,2015-01-10
S201402015,2014,1,4958,2014-08-23,2015-01-12
S201402016,2014,0,0,,
S201402017,2014,1,8075,2014-08-26,2015-01-17
S201402018,2014,1,3497,2014-08-16,2015-01-17
S201402019,2014,1,5510,2014-08-19,2015-01-10
S201402020,2014,1,4846,2014-08-17,2015-01-17
S201402021,2014,1,6754,2014-08-17,2015-01-08
S201402022,2014,0,0,,
S201402023,2014,0,0,,
S201402024,2014,0,0,,
S201402025,2014,1,4354,2014-08-23,2015-01-09
S201402026,2014,0,0,,
S201402027,2014,1,9551,2014-08-16,2015-01-08
S201402028,2014,0,0,,
S201402029,2014,0,0,,
S201402030,2014,1,4618,2014-08-26,2015-01-11
S201402031,2014,1,5757,2014-08-19,2015-01-14
S201402032,2014,1,3546,2014-08-22,2015-01-09
S201402033,2014,1,5025,2014-08-22,2015-01-10
S201402034,2014,0,0,,
S201402035,2014,1,7313,2014-08-16,2015-01-11
S201402036,2014,1,5908,2014-08-21,2015-01-15
S201402037,2014,1,7470,2014-08-24,2015-01-13
S201402038,2014,0,0,,
S201402039,2014,0,0,,
S201402040,2014,1,7223,2014-08-21,2015-01-15
S201402041,2014,0,0,,
S201402042,2014,1,6372,2014-08-25,2015-01-16
S201402043,2014,1,5869,2014-08-27,2015-01-16
S201402044,2014,1,7248,2014-08-27,2015-01-10
S201402045,2014,1,6397,2014-08-23,2015-01-17
S201402046,2014,1,3537,2014-08-27,2015-01-11
S201402047,2014,1,6375,2014-08-25,2015-01-14
S201402048,2014,0,0,,
S201402049,2014,1,5885,2014-08-18,2015-01-14
S201402050,2014,0,0,,
S201402051,2014,1,4060,2014-08-21,2015-01-12
S201402052,2014,0,0,,
S201402053,2014,1,7515,2014-08-27,2015-01-11
S201402054,2014,1,8254,2014-08-19,2015-01-10
S201402055,2014,1,8337,2014-08-23,2015-01-10
S201402056,2014,0,0,,
S201402057,2014,1,3278,2014-08-21,2015-01-08
S201402058,2014,1,4045,2014-08-15,2015-01-09
S201402059,2014,1,6006,2014-08-18,2015-01-16
S201402060,2014,1,7215,2014-08-21,2015-01-17
S201402061,2014,1,5332,2014-08-27,2015-01-09
S201402062,2014,1,4290,2014-08-15,2015-01-11
S201402063,2014,1,5036,2014-08-22,2015-01-11
S201402064,2014,1,2673,2014-08-25,2015-01-16
S201402065,2014,1,7883,2014-08-17,2015-01-11
S201402066,2014,1,4524,2014-08-17,2015-01-11
S201402067,2014,1,7523,2014-08-17,2015-01-17
S201402068,2014,1,4409,2014-08-20,2015-01-17
S201402069,2014,0,0,,
S201402070,2014,1,8484,2014-08-20,2015-01-11
S201402071,2014,0,0,,
S201402072,2014,0,0,,
S201402073,2014,1,5634,2014-08-24,2015-01-12
S201402074,2014,1,4866,2014-08-22,2015-01-09
S201402075,2014,0,0,,
S201402076,2014,1,8148,2014-08-22,2015-01-15
S201402077,2014,0,0,,
S201402078,2014,1,7169,2014-08-21,2015-01-12
S201402079,2014,1,3844,2014-08-26,2015-01-08
S201402080,2014,0,0,,
S201402081,2014,0,0,,
S201402082,2014,1,4904,2014-08-16,2015-01-17
S201402083,2014,1,4750,2014-08-26,2015-01-14
S201402084,2014,1,4779,2014-08-23,2015-01-17
S201402085,2014,0,0,,
S201402086,2014,0,0,,
S201402087,2014,1,6431,2014-08-17,2015-01-15
S201402088,2014,1,6269,2014-08-23,2015-01-11
S201402089,2014,1,6592,2014-08-15,2015-01-10
S201402090,2014,1,6557,2014-08-16,2015-01-09
S201402091,2014,1,6576,2014-08-22,2015-01-15
S201402092,2014,1,6694,2014-08-24,2015-01-16
S201402093,2014,1,4856,2014-08-16,2015-01-13
S201402094,2014,1,5659,2014-08-19,2015-01-10
S201402095,2014,1,7532,2014-08-20,2015-01-09
S201402096,2014,0,0,,
S201402097,2014,1,4637,2014-08-25,2015-01-15
S201402098,2014,0,0,,
S201402099,2014,0,0,,
S201402100,2014,1,4033,2014-08-27,2015-01-10
S201402101,2014,1,4549,2014-08-20,2015-01-15
S201402102,2014,1,5698,2014-08-24,2015-01-09
S201402103,2014,0,0,,
S201402104,2014,0,0,,
S201402105,2014,0,0,,
S201402106,2014,1,6335,2014-08-22,2015-01-17
S201402107,2014,0,0,,
S201402108,2014,1,5723,2014-08-16,2015-01-11
S201402109,2014,1,5532,2014-08-16,2015-01-12
S201402110,2014,0,0,,
S201402111,2014,1,5304,2014-08-17,2015-01-09
S201402112,2014,1,4795,2014-08-18,2015-01-12
S201402113,2014,1,4376,2014-08-17,2015-01-17
S201402114,2014,1,7247,2014-08-22,2015-01-16
S201402115,2014,1,4197,2014-08-26,2015-01-17
S201402116,2014,1,5972,2014-08-15,2015-01-16
S201402117,2014,1,5524,2014-08-19,2015-01-11
S201402118,2014,1,3189,2014-08-25,2015-01-13
S201402119,2014,1,5987,2014-08-24,2015-01-09
S201402120,2014,1,4912,2014-08-25,2015-01-15
S201402121,2014,1,7519,2014-08-27,2015-01-14
S201402122,2014,1,4765,2014-08-21,2015-01-17
S201402123,2014,0,0,,
S201402124,2014,1,6476,2014-08-27,2015-01-14
S201402125,2014,0,0,,
S201402126,2014,1,7393,2014-08-25,2015-01-16
S201402127,2014,1,6874,2014-08-19,2015-01-12
S201402128,2014,1,5373,2014-08-23,2015-01-10
S201402129,2014,0,0,,
S201402130,2014,1,6439,2014-08-27,2015-01-08
S201402131,2014,1,4324,2014-08-18,2015-01-12
S201402132,2014,0,0,,
S201402133,2014,1,4071,2014-08-23,2015-01-17
S201402134,2014,1,4001,2014-08-21,2015-01-10
S201402135,2014,1,4899,2014-08-15,2015-01-09
S201402136,2014,1,4296,2014-08-24,2015-01-12
S201402137,2014,1,3360,2014-08-21,2015-01-16
S201402138,2014,1,5765,2014-08-25,2015-01-10
S201402139,2014,1,4623,2014-08-15,2015-01-13
S201402140,2014,0,0,,
S201402141,2014,1,6186,2014-08-20,2015-01-11
S201402142,2014,0,0,,
S201402143,2014,1,9642,2014-08-23,2015-01-13
S201402144,2014,1,4623,2014-08-22,2015-01-10
S201402145,2014,1,5691,2014-08-24,2015-01-13
S201402146,2014,1,7099,2014-08-20,2015-01-12
S201402147,2014,0,0,,
S201402148,2014,1,5047,2014-08-15,2015-01-16
S201402149,2014,1,7474,2014-08-17,2015-01-11
S201402150,2014,1,3672,2014-08-21,2015-01-16
S201402151,2014,1,4831,2014-08-21,2015-01-13
S201402152,2014,0,0,,
S201402153,2014,1,6485,2014-08-17,2015-01-09
S201402154,2014,1,5768,2014-08-18,2015-01-14
S201402155,2014,0,0,,
S201402156,2014,0,0,,
S201402157,2014,1,5654,2014-08-23,2015-01-12
S201402158,2014,1,3155,2014-08-16,2015-01-14
S201402159,2014,1,5936,2014-08-27,2015-01-14
S201402160,2014,1,3461,2014-08-20,2015-01-17
S201402161,2014,1,2899,2014-08-23,2015-01-17
S201402162,2014,1,4308,2014-08-23,2015-01-14
S201402163,2014,0,0,,
S201402164,2014,1,6283,2014-08-15,2015-01-14
S201402165,2014,1,4685,2014-08-21,2015-01-12
S201402166,2014,1,7401,2014-08-25,2015-01-11
S201402167,2014,0,0,,
S201402168,2014,0,0,,
S201402169,2014,0,0,,
S201402170,2014,0,0,,
S201402171,2014,1,5180,2014-08-17,2015-01-14
S201402172,2014,1,4048,2014-08-19,2015-01-11
S201402173,2014,1,6364,2014-08-24,2015-01-15
S201402174,2014,1,4681,2014-08-27,2015-01-11
S201402175,2014,0,0,,
S201402176,2014,0,0,,
S201402177,2014,1,7782,2014-08-15,2015-01-14
S201402178,2014,0,0,,
S201402179,2014,1,5865,2014-08-18,2015-01-16
S201402180,2014,1,6829,2014-08-27,2015-01-16
S201402181,2014,1,2544,2014-08-18,2015-01-12
S201402182,2014,1,5022,2014-08-21,2015-01-09
S201402183,2014,1,7201,2014-08-26,2015-01-16
S201402184,2014,1,5746,2014-08-19,2015-01-14
S201402185,2014,0,0,,
S201402186,2014,1,6881,2014-08-19,2015-01-13
S201402187,2014,0,0,,
S201402188,2014,1,6325,2014-08-21,2015-01-09
S201402189,2014,0,0,,
S201402190,2014,0,0,,
S201402191,2014,1,6383,2014-08-15,2015-01-12
S201402192,2014,1,5977,2014-08-25,2015-01-08
S201402193,2014,1,5322,2014-08-22,2015-01-15
S201402194,2014,1,7045,2014-08-21,2015-01-12
S201402195,2014,1,3829,2014-08-19,2015-01-12
S201402196,2014,1,3983,2014-08-22,2015-01-13
S201402197,2014,1,2921,2014-08-21,2015-01-15
S201402198,2014,1,6101,2014-08-22,2015-01-12
S201402199,2014,1,5753,2014-08-21,2015-01-12
S201402200,2014,0,0,,
S201402201,2014,0,0,,
S201402202,2014,1,5245,2014-08-22,2015-01-12
S201402203,2014,1,3660,2014-08-27,2015-01-11
S201402204,2014,1,5566,2014-08-24,2015-01-09
S201402205,2014,1,5409,2014-08-19,2015-01-10
S201402206,2014,1,5470,2014-08-26,2015-01-11
S201402207,2014,1,8007,2014-08-27,2015-01-08
S201402208,2014,0,0,,
S201402209,2014,1,6958,2014-08-24,2015-01-10
S201402210,2014,0,0,,
S201402211,2014,0,0,,
S201402212,2014,0,0,,
S201402213,2014,1,5778,2014-08-16,2015-01-17
S201402214,2014,1,7370,2014-08-20,2015-01-12
S201402215,2014,1,2401,2014-08-23,2015-01-13
S201402216,2014,1,9277,2014-08-16,2015-01-13
S201402217,2014,1,4354,2014-08-23,2015-01-08
S201402218,2014,1,8824,2014-08-23,2015-01-11
S201402219,2014,0,0,,
S201402220,2014,1,4326,2014-08-15,2015-01-09
S201402221,2014,1,4641,2014-08-27,2015-01-13
S201402222,2014,0,0,,
S201402223,2014,1,6841,2014-08-15,2015-01-08
S201402224,2014,1,5612,2014-08-21,2015-01-11
S201402225,2014,0,0,,
S201402226,2014,0,0,,
S201402227,2014,1,6459,2014-08-20,2015-01-16
S201402228,2014,0,0,,
S201402229,2014,1,4987,2014-08-24,2015-01-09
S201402230,2014,0,0,,
S201402231,2014,1,6897,2014-08-15,2015-01-11
S201402232,2014,1,6083,2014-08-24,2015-01-09
S201402233,2014,1,2936,2014-08-20,2015-01-13
S201402234,2014,0,0,,
S201402235,2014,0,0,,
S201402236,2014,0,0,,
S201402237,2014,0,0,,
S201402238,2014,1,4751,2014-08-23,2015-01-16
S201402239,2014,0,0,,
S201402240,2014,0,0,,
S201402241,2014,1,5858,2014-08-17,2015-01-13
S201402242,2014,0,0,,
S201402243,2014,0,0,,
S201402244,2014,1,6599,2014-08-25,2015-01-12
S201402245,2014,1,5573,2014-08-15,2015-01-16
S201402246,2014,0,0,,
S201402247,2014,0,0,,
S201402248,2014,1,7668,2014-08-26,2015-01-17
S201402249,2014,0,0,,
S201402250,2014,1,5577,2014-08-16,2015-01-11
S201402251,2014,0,0,,
S201402252,2014,1,8099,2014-08-16,2015-01-10
S201402253,2014,1,6384,2014-08-15,2015-01-14
S201402254,2014,1,4774,2014-08-24,2015-01-09
S201402255,2014,0,0,,
S201402256,2014,1,6847,2014-08-20,2015-01-17
S201402257,2014,1,6382,2014-08-20,2015-01-13
S201402258,2014,0,0,,
S201402259,2014,0,0,,
S201402260,2014,0,0,,
S201402261,2014,0,0,,
S201402262,2014,1,6715,2014-08-16,2015-01-17
S201402263,2014,1,7119,2014-08-19,2015-01-11
S201402264,2014,1,7480,2014-08-22,2015-01-08
S201402265,2014,1,5362,2014-08-22,2015-01-13
S201402266,2014,0,0,,
S201402267,2014,1,4637,2014-08-22,2015-01-12
S201402268,2014,1,4275,2014-08-17,2015-01-14
S201402269,2014,1,9007,2014-08-21,2015-01-15
S201402270,2014,0,0,,
S201402271,2014,1,6331,2014-08-18,2015-01-16
S201402272,2014,0,0,,
S201402273,2014,1,5748,2014-08-15,2015-01-10
S201402274,2014,1,4694,2014-08-27,2015-01-12
S201402275,2014,1,7927,2014-08-21,2015-01-10
S201402276,2014,0,0,,
S201402277,2014,0,0,,
S201402278,2014,0,0,,
S201402279,2014,0,0,,
S201402280,2014,1,6751,2014-08-27,2015-01-10
S201402281,2014,1,8386,2014-08-21,2015-01-16
S201402282,2014,1,6827,2014-08-20,2015-01-09
S201402283,2014,1,8510,2014-08-21,2015-01-09
S201402284,2014,0,0,,
S201402285,2014,0,0,,
S201402286,2014,1,5478,2014-08-27,2015-01-14
S201402287,2014,0,0,,
S201402288,2014,1,6273,2014-08-26,2015-01-08
S201402289,2014,0,0,,
S201402290,2014,1,3424,2014-08-17,2015-01-10
S201402291,2014,0,0,,
S201402292,2014,1,7406,2014-08-16,2015-01-15
S201402293,2014,0,0,,
S201402294,2014,0,0,,
S201402295,2014,0,0,,
S201402296,2014,1,7756,2014-08-19,2015-01-11
S201402297,2014,1,8529,2014-08-15,2015-01-14
S201402298,2014,1,2169,2014-08-25,2015-01-14
S201402299,2014,0,0,,
S201402300,2014,1,7115,2014-08-25,2015-01-13
S201402301,2014,1,5927,2014-08-21,2015-01-15
S201402302,2014,1,5035,2014-08-17,2015-01-08
S201402303,2014,1,5496,2014-08-27,2015-01-11
S201402304,2014,1,4209,2014-08-20,2015-01-10
S201402305,2014,1,7806,2014-08-17,2015-01-13
S201402306,2014,0,0,,
S201402307,2014,0,0,,
S201402308,2014,1,5856,2014-08-27,2015-01-14
S201402309,2014,1,7189,2014-08-16,2015-01-11
S201402310,2014,1,5173,2014-08-26,2015-01-12
S201402311,2014,0,0,,
S201402312,2014,1,5338,2014-08-21,2015-01-12
S201402313,2014,1,5236,2014-08-18,2015-01-12
S201402314,2014,1,4458,2014-08-17,2015-01-11
S201402315,2014,1,4538,2014-08-26,2015-01-11
S201402316,2014,0,0,,
S201402317,2014,0,0,,
S201402318,2014,1,5126,2014-08-25,2015-01-17
S201402319,2014,1,5714,2014-08-19,2015-01-08
S201402320,2014,1,3333,2014-08-17,2015-01-10
S201402321,2014,1,7534,2014-08-23,2015-01-14
S201402322,2014,1,6771,2014-08-17,2015-01-17
S201402323,2014,1,8374,2014-08-19,2015-01-13
S201402324,2014,0,0,,
S201402325,2014,0,0,,
S201402326,2014,0,0,,
S201402327,2014,1,7995,2014-08-26,2015-01-16
S201402328,2014,0,0,,
S201402329,2014,0,0,,
S201402330,2014,0,0,,
S201402331,2014,0,0,,
S201402332,2014,0,0,,
S201402333,2014,0,0,,
S201402334,2014,0,0,,
S201402335,2014,1,4888,2014-08-19,2015-01-08
S201402336,2014,1,3987,2014-08-25,2015-01-08
S201402337,2014,1,7129,2014-08-22,2015-01-08
S201402338,2014,0,0,,
S201402339,2014,0,0,,
S201402340,2014,0,0,,
S201402341,2014,1,3972,2014-08-22,2015-01-14
S201402342,2014,1,6821,2014-08-20,2015-01-12
S201402343,2014,1,8303,2014-08-23,2015-01-15
S201402344,2014,1,4527,2014-08-19,2015-01-12
S201402345,2014,1,6024,2014-08-18,2015-01-17
S201402346,2014,0,0,,
S201402347,2014,1,2937,2014-08-21,2015-01-17
S201402348,2014,1,6745,2014-08-25,2015-01-14
S201402349,2014,1,5387,2014-08-25,2015-01-13
S201402350,2014,1,5642,2014-08-24,2015-01-13
S201402351,2014,0,0,,
S201402352,2014,1,8093,2014-08-25,2015-01-15
S201402353,2014,0,0,,
S201402354,2014,0,0,,
S201402355,2014,1,7877,2014-08-24,2015-01-16
S201402356,2014,1,7717,2014-08-21,2015-01-14
S201402357,2014,0,0,,
S201402358,2014,1,7969,2014-08-23,2015-01-10
S201402359,2014,1,3583,2014-08-23,2015-01-09
S201402360,2014,0,0,,
S201402361,2014,1,5434,2014-08-18,2015-01-10
S201402362,2014,0,0,,
S201402363,2014,1,3942,2014-08-17,2015-01-14
S201402364,2014,1,6806,2014-08-21,2015-01-13
S201402365,2014,1,2770,2014-08-25,2015-01-10
S201402366,2014,0,0,,
S201402367,2014,1,5083,2014-08-21,2015-01-12
S201402368,2014,0,0,,
S201402369,2014,0,0,,
S201402370,2014,1,5111,2014-08-23,2015-01-09
S201402371,2014,1,8403,2014-08-21,2015-01-15
S201402372,2014,0,0,,
S201402373,2014,1,6687,2014-08-22,2015-01-13
S201402374,2014,1,8657,2014-08-26,2015-01-09
S201402375,2014,1,3041,2014-08-21,2015-01-13
S201402376,2014,1,5273,2014-08-16,2015-01-17
S201402377,2014,0,0,,
S201402378,2014,1,5716,2014-08-27,2015-01-11
S201402379,2014,0,0,,
S201402380,2014,0,0,,
S201402381,2014,1,6410,2014-08-19,2015-01-08
S201402382,2014,0,0,,
S201402383,2014,0,0,,
S201402384,2014,1,7070,2014-08-15,2015-01-14
S201402385,2014,0,0,,
S201402386,2014,1,6428,2014-08-20,2015-01-09
S201402387,2014,1,7170,2014-08-19,2015-01-11
S201402388,2014,0,0,,
S201402389,2014,0,0,,
S201402390,2014,1,4227,2014-08-25,2015-01-17
S201402391,2014,1,6506,2014-08-27,2015-01-17
S201402392,2014,0,0,,
S201402393,2014,1,7317,2014-08-21,2015-01-15
S201402394,2014,0,0,,
S201402395,2014,1,4465,2014-08-25,2015-01-15
S201402396,2014,0,0,,
S201402397,2014,0,0,,
S201402398,2014,0,0,,
S201402399,2014,0,0,,
S201402400,2014,0,0,,
S201402401,2014,1,2513,2014-08-25,2015-01-10
S201402402,2014,1,3738,2014-08-15,2015-01-14
S201402403,2014,1,7048,2014-08-23,2015-01-13
S201402404,2014,1,5526,2014-08-26,2015-01-17
S201402405,2014,1,6118,2014-08-17,2015-01-17
S201402406,2014,1,7857,2014-08-26,2015-01-13
S201402407,2014,1,6341,2014-08-26,2015-01-13
S201402408,2014,0,0,,
S201402409,2014,1,7744,2014-08-22,2015-01-09
S201402410,2014,1,5188,2014-08-15,2015-01-12
S201402411,2014,1,6518,2014-08-17,2015-01-16
S201402412,2014,0,0,,
S201402413,2014,1,5871,2014-08-15,2015-01-13
S201402414,2014,1,7925,2014-08-15,2015-01-08
S201402415,2014,1,5244,2014-08-20,2015-01-14
S201402416,2014,0,0,,
S201402417,2014,1,4659,2014-08-17,2015-01-14
S201402418,2014,1,7276,2014-08-23,2015-01-11
S201402419,2014,1,4358,2014-08-23,2015-01-10
S201402420,2014,0,0,,
S201402421,2014,1,7663,2014-08-24,2015-01-15
S201402422,2014,1,5264,2014-08-15,2015-01-10
S201402423,2014,1,5617,2014-08-18,2015-01-15
S201402424,2014,1,4795,2014-08-26,2015-01-16
S201402425,2014,1,5370,2014-08-16,2015-01-11
S201402426,2014,1,3463,2014-08-21,2015-01-13
S201402427,2014,0,0,,
S201402428,2014,1,7808,2014-08-18,2015-01-17
S201402429,2014,1,5010,2014-08-16,2015-01-16
S201402430,2014,1,1500,2014-08-21,2015-01-12
S201402431,2014,0,0,,
S201402432,2014,0,0,,
S201402433,2014,1,6781,2014-08-17,2015-01-15
S201402434,2014,0,0,,
S201402435,2014,1,8210,2014-08-24,2015-01-15
S201402436,2014,1,4990,2014-08-27,2015-01-17
S201402437,2014,1,5222,2014-08-24,2015-01-15
S201402438,2014,0,0,,
S201402439,2014,1,4697,2014-08-22,2015-01-14
S201402440,2014,1,6370,2014-08-22,2015-01-11
S201402441,2014,0,0,,
S201402442,2014,1,7181,2014-08-16,2015-01-09
S201402443,2014,1,6805,2014-08-23,2015-01-12
S201402444,2014,1,5760,2014-08-17,2015-01-11
S201402445,2014,1,6346,2014-08-24,2015-01-17
S201402446,2014,1,5859,2014-08-24,2015-01-12
S201402447,2014,0,0,,
S201402448,2014,0,0,,
S201402449,2014,0,0,,
S201402450,2014,1,5898,2014-08-18,2015-01-16
S201402451,2014,1,7165,2014-08-21,2015-01-10
S201402452,2014,0,0,,
S201402453,2014,0,0,,
S201402454,2014,1,3976,2014-08-24,2015-01-16
S201402455,2014,0,0,,
S201402456,2014,0,0,,
S201402457,2014,0,0,,
S201402458,2014,1,6556,2014-08-15,2015-01-12
S201402459,2014,0,0,,
S201402460,2014,0,0,,
S201402461,2014,1,7006,2014-08-27,2015-01-15
S201402462,2014,1,3055,2014-08-22,2015-01-14
S201402463,2014,1,6334,2014-08-24,2015-01-16
S201402464,2014,1,6581,2014-08-18,2015-01-16
S201402465,2014,0,0,,
S201402466,2014,1,6031,2014-08-25,2015-01-14
S201402467,2014,1,4390,2014-08-27,2015-01-15
S201402468,2014,1,6885,2014-08-16,2015-01-09
S201402469,2014,0,0,,
S201402470,2014,0,0,,
S201402471,2014,1,2751,2014-08-26,2015-01-09
S201402472,2014,1,4195,2014-08-23,2015-01-09
S201402473,2014,0,0,,
S201402474,2014,0,0,,
S201402475,2014,1,5489,2014-08-26,2015-01-12
S201402476,2014,0,0,,
S201402477,2014,1,5621,2014-08-24,2015-01-16
S201402478,2014,0,0,,
S201402479,2014,1,4687,2014-08-27,2015-01-17
S201402480,2014,0,0,,
S201402481,2014,1,6991,2014-08-20,2015-01-13
S201402482,2014,1,2401,2014-08-18,2015-01-12
S201402483,2014,0,0,,
S201402484,2014,1,7775,2014-08-19,2015-01-15
S201402485,2014,1,5943,2014-08-19,2015-01-11
S201402486,2014,0,0,,
S201402487,2014,1,6481,2014-08-16,2015-01-11
S201402488,2014,1,6167,2014-08-26,2015-01-14
S201402489,2014,1,7542,2014-08-19,2015-01-12
S201402490,2014,0,0,,
S201402491,2014,1,6667,2014-08-22,2015-01-16
S201402492,2014,1,3407,2014-08-16,2015-01-09
S201402493,2014,1,5378,2014-08-16,2015-01-10
S201402494,2014,0,0,,
S201402495,2014,0,0,,
S201402496,2014,1,4258,2014-08-15,2015-01-10
S201402497,2014,0,0,,
S201402498,2014,0,0,,
S201402499,2014,1,7627,2014-08-26,2015-01-11
S201402500,2014,0,0,,
S201402501,2014,1,6110,2014-08-16,2015-01-10
S201402502,2014,1,4330,2014-08-20,2015-01-11
S201402503,2014,0,0,,
S201402504,2014,0,0,,
S201402505,2014,1,4943,2014-08-21,2015-01-11
S201402506,2014,1,6159,2014-08-23,2015-01-15
S201402507,2014,1,7506,2014-08-27,2015-01-09
S201402508,2014,1,6499,2014-08-15,2015-01-09
S201402509,2014,1,5844,2014-08-15,2015-01-08
S201402510,2014,1,6487,2014-08-26,2015-01-10
S201402511,2014,1,7451,2014-08-25,2015-01-09
S201402512,2014,0,0,,
S201402513,2014,1,8301,2014-08-18,2015-01-14
S201402514,2014,0,0,,
S201402515,2014,1,10038,2014-08-24,2015-01-13
S201402516,2014,1,4315,2014-08-27,2015-01-13
S201402517,2014,1,5362,2014-08-25,2015-01-17
S201402518,2014,1,7603,2014-08-25,2015-01-15
S201402519,2014,1,5650,2014-08-27,2015-01-15
S201402520,2014,0,0,,
S201402521,2014,1,4853,2014-08-26,2015-01-08
S201402522,2014,1,4717,2014-08-19,2015-01-13
S201402523,2014,1,7661,2014-08-23,2015-01-12
S201402524,2014,1,6869,2014-08-19,2015-01-13
S201402525,2014,1,5108,2014-08-22,2015-01-09
S201402526,2014,1,6326,2014-08-22,2015-01-09
S201402527,2014,0,0,,
S201402528,2014,1,6518,2014-08-20,2015-01-14
S201402529,2014,0,0,,
S201402530,2014,1,5347,2014-08-24,2015-01-09
S201402531,2014,1,6153,2014-08-25,2015-01-16
S201402532,2014,1,5009,2014-08-23,2015-01-14
S201402533,2014,1,4920,2014-08-26,2015-01-08
S201402534,2014,1,4727,2014-08-18,2015-01-14
S201402535,2014,0,0,,
S201402536,2014,1,3354,2014-08-18,2015-01-16
S201402537,2014,1,6528,2014-08-26,2015-01-10
S201402538,2014,1,6541,2014-08-17,2015-01-15
S201402539,2014,1,6426,2014-08-19,2015-01-15
S201402540,2014,1,5618,2014-08-24,2015-01-12
S201402541,2014,0,0,,
S201402542,2014,1,6260,2014-08-23,2015-01-11
S201402543,2014,0,0,,
S201402544,2014,0,0,,
S201402545,2014,0,0,,
S201402546,2014,1,6080,2014-08-16,2015-01-13
S201402547,2014,0,0,,
S201402548,2014,0,0,,
S201402549,2014,0,0,,
S201402550,2014,0,0,,
S201402551,2014,1,6042,2014-08-22,2015-01-09
S201402552,2014,1,7601,2014-08-16,2015-01-15
S201402553,2014,0,0,,
S201402554,2014,1,6958,2014-08-16,2015-01-08
S201402555,2014,1,7961,2014-08-16,2015-01-15
S201402556,2014,0,0,,
S201402557,2014,1,5279,2014-08-15,2015-01-08
S201402558,2014,1,6054,2014-08-15,2015-01-15
S201402559,2014,1,8341,2014-08-18,2015-01-10
S201402560,2014,1,4676,2014-08-17,2015-01-11
S201402561,2014,1,5690,2014-08-22,2015-01-09
S201402562,2014,1,5412,2014-08-25,2015-01-12
S201402563,2014,1,7577,2014-08-27,2015-01-14
S201402564,2014,1,3193,2014-08-17,2015-01-17
S201402565,2014,1,7269,2014-08-25,2015-01-16
S201402566,2014,1,4802,2014-08-27,2015-01-09
S201402567,2014,1,5388,2014-08-16,2015-01-12
S201402568,2014,0,0,,
S201402569,2014,1,6752,2014-08-18,2015-01-09
S201402570,2014,1,3175,2014-08-23,2015-01-12
S201402571,2014,1,6735,2014-08-17,2015-01-10
S201402572,2014,1,5583,2014-08-15,2015-01-09
S201402573,2014,0,0,,
S201402574,2014,0,0,,
S201402575,2014,0,0,,
S201402576,2014,1,5197,2014-08-17,2015-01-13
S201402577,2014,1,6973,2014-08-20,2015-01-09
S201402578,2014,0,0,,
S201402579,2014,1,7786,2014-08-21,2015-01-13
S201402580,2014,1,5987,2014-08-26,2015-01-09
S201402581,2014,0,0,,
S201402582,2014,0,0,,
S201402583,2014,1,2486,2014-08-26,2015-01-08
S201402584,2014,0,0,,
S201402585,2014,1,6822,2014-08-27,2015-01-11
S201402586,2014,1,5765,2014-08-17,2015-01-16
S201402587,2014,0,0,,
S201402588,2014,0,0,,
S201402589,2014,1,7705,2014-08-15,2015-01-08
S201402590,2014,1,7392,2014-08-19,2015-01-11
S201402591,2014,1,6761,2014-08-22,2015-01-17
S201402592,2014,1,7652,2014-08-18,2015-01-11
S201402593,2014,1,4704,2014-08-25,2015-01-09
S201402594,2014,1,6459,2014-08-21,2015-01-08
S201402595,2014,0,0,,
S201402596,2014,0,0,,
S201402597,2014,1,7745,2014-08-19,2015-01-08
S201402598,2014,1,5067,2014-08-16,2015-01-10
S201402599,2014,1,4649,2014-08-27,2015-01-16
S201402600,2014,1,5446,2014-08-24,2015-01-11
S201402601,2014,1,5386,2014-08-18,2015-01-15
S201402602,2014,1,3008,2014-08-23,2015-01-12
S201402603,2014,1,4595,2014-08-18,2015-01-15
S201402604,2014,1,5061,2014-08-26,2015-01-09
S201402605,2014,1,6086,2014-08-22,2015-01-14
S201402606,2014,0,0,,
S201402607,2014,0,0,,
S201402608,2014,1,6442,2014-08-21,2015-01-15
S201402609,2014,1,6361,2014-08-21,2015-01-16
S201402610,2014,0,0,,
S201402611,2014,0,0,,
S201402612,2014,1,4614,2014-08-22,2015-01-17
S201402613,2014,0,0,,
S201402614,2014,0,0,,
S201402615,2014,1,4479,2014-08-22,2015-01-08
S201402616,2014,1,6349,2014-08-15,2015-01-10
S201402617,2014,0,0,,
S201402618,2014,0,0,,
S201402619,2014,1,5893,2014-08-18,2015-01-17
S201402620,2014,0,0,,
S201402621,2014,0,0,,
S201402622,2014,1,7704,2014-08-24,2015-01-11
S201402623,2014,1,5193,2014-08-18,2015-01-14
S201402624,2014,1,6012,2014-08-24,2015-01-09
S201402625,2014,1,4853,2014-08-26,2015-01-13
S201402626,2014,0,0,,
S201402627,2014,1,3436,2014-08-26,2015-01-10
S201402628,2014,1,4838,2014-08-27,2015-01-10
S201402629,2014,0,0,,
S201402630,2014,0,0,,
S201402631,2014,1,5516,2014-08-22,2015-01-16
S201402632,2014,1,6888,2014-08-25,2015-01-16
S201402633,2014,1,5947,2014-08-20,2015-01-10
S201402634,2014,0,0,,
S201402635,2014,1,7464,2014-08-23,2015-01-17
S201402636,2014,1,4504,2014-08-20,2015-01-08
S201402637,2014,0,0,,
S201402638,2014,1,5863,2014-08-19,2015-01-17
S201402639,2014,0,0,,
S201402640,2014,1,7966,2014-08-27,2015-01-13
S201402641,2014,1,6878,2014-08-16,2015-01-16
S201402642,2014,0,0,,
S201402643,2014,1,5993,2014-08-26,2015-01-09
S201402644,2014,1,7036,2014-08-16,2015-01-13
S201402645,2014,1,6217,2014-08-18,2015-01-15
S201402646,2014,1,6291,2014-08-22,2015-01-17
S201402647,2014,0,0,,
S201402648,2014,1,5791,2014-08-21,2015-01-15
S201402649,2014,0,0,,
S201402650,2014,1,7306,2014-08-23,2015-01-11
S201402651,2014,1,3433,2014-08-25,2015-01-08
S201402652,2014,0,0,,
S201402653,2014,1,5912,2014-08-22,2015-01-10
S201402654,2014,0,0,,
S201402655,2014,1,5007,2014-08-16,2015-01-08
S201402656,2014,1,7388,2014-08-22,2015-01-09
S201402657,2014,1,6398,2014-08-16,2015-01-16
S201402658,2014,0,0,,
S201402659,2014,1,5151,2014-08-24,2015-01-15
S201402660,2014,1,6522,2014-08-17,2015-01-08
S201402661,2014,0,0,,
S201402662,2014,1,6343,2014-08-18,2015-01-10
S201402663,2014,0,0,,
S201402664,2014,1,6824,2014-08-15,2015-01-16
S201402665,2014,1,4870,2014-08-27,2015-01-16
S201402666,2014,0,0,,
S201402667,2014,0,0,,
S201402668,2014,0,0,,
S201402669,2014,0,0,,
S201402670,2014,1,6854,2014-08-26,2015-01-08
S201402671,2014,0,0,,
S201402672,2014,0,0,,
S201402673,2014,1,6983,2014-08-24,2015-01-17
S201402674,2014,1,7254,2014-08-21,2015-01-09
S201402675,2014,1,5252,2014-08-20,2015-01-15
S201402676,2014,0,0,,
S201402677,2014,1,7485,2014-08-25,2015-01-16
S201402678,2014,1,6653,2014-08-26,2015-01-14
S201402679,2014,1,3986,2014-08-26,2015-01-16
S201402680,2014,1,7927,2014-08-19,2015-01-09
S201402681,2014,1,7305,2014-08-16,2015-01-10
S201402682,2014,1,3966,2014-08-27,2015-01-08
S201402683,2014,1,6780,2014-08-20,2015-01-09
S201402684,2014,1,5956,2014-08-27,2015-01-11
S201402685,2014,1,6946,2014-08-20,2015-01-16
S201402686,2014,0,0,,
S201402687,2014,0,0,,
S201402688,2014,1,7547,2014-08-22,2015-01-14
S201402689,2014,1,2741,2014-08-19,2015-01-09
S201402690,2014,1,2740,2014-08-23,2015-01-11
S201402691,2014,0,0,,
S201402692,2014,0,0,,
S201402693,2014,1,6169,2014-08-26,2015-01-17
S201402694,2014,0,0,,
S201402695,2014,1,4779,2014-08-27,2015-01-16
S201402696,2014,1,6176,2014-08-27,2015-01-17
S201402697,2014,1,6740,2014-08-15,2015-01-17
S201402698,2014,0,0,,
S201402699,2014,1,6792,2014-08-25,2015-01-15
S201402700,2014,1,4504,2014-08-17,2015-01-15
S201402701,2014,1,5835,2014-08-25,2015-01-12
S201402702,2014,0,0,,
S201402703,2014,1,8330,2014-08-24,2015-01-16
S201402704,2014,0,0,,
S201402705,2014,0,0,,
S201402706,2014,1,6024,2014-08-16,2015-01-16
S201402707,2014,1,6165,2014-08-24,2015-01-16
S201402708,2014,0,0,,
S201402709,2014,1,5340,2014-08-20,2015-01-16
S201402710,2014,0,0,,
S201402711,2014,1,6313,2014-08-15,2015-01-15
S201402712,2014,1,5883,2014-08-17,2015-01-16
S201402713,2014,1,7025,2014-08-18,2015-01-09
S201402714,2014,1,6920,2014-08-27,2015-01-14
S201402715,2014,1,6724,2014-08-16,2015-01-15
S201402716,2014,1,5162,2014-08-19,2015-01-09
S201402717,2014,1,5423,2014-08-24,2015-01-11
S201402718,2014,1,5688,2014-08-21,2015-01-11
S201402719,2014,0,0,,
S201402720,2014,1,5059,2014-08-15,2015-01-15
S201402721,2014,1,5352,2014-08-22,2015-01-12
S201402722,2014,0,0,,
S201402723,2014,1,7158,2014-08-15,2015-01-14
S201402724,2014,0,0,,
S201402725,2014,0,0,,
S201402726,2014,0,0,,
S201402727,2014,1,5108,2014-08-15,2015-01-15
S201402728,2014,1,5298,2014-08-22,2015-01-16
S201402729,2014,1,5859,2014-08-23,2015-01-14
S201402730,2014,1,4990,2014-08-25,2015-01-11
S201402731,2014,1,6661,2014-08-23,2015-01-10
S201402732,2014,0,0,,
S201402733,2014,0,0,,
S201402734,2014,1,4875,2014-08-26,2015-01-15
S201402735,2014,0,0,,
S201402736,2014,0,0,,
S201402737,2014,1,7153,2014-08-23,2015-01-13
S201402738,2014,1,7611,2014-08-24,2015-01-16
S201402739,2014,1,5448,2014-08-24,2015-01-13
S201402740,2014,1,4050,2014-08-15,2015-01-15
S201402741,2014,1,7889,2014-08-22,2015-01-10
S201402742,2014,1,7006,2014-08-27,2015-01-08
S201402743,2014,1,8123,2014-08-18,2015-01-15
S201402744,2014,0,0,,
S201402745,2014,1,8685,2014-08-27,2015-01-08
S201402746,2014,1,7612,2014-08-26,2015-01-16
S201402747,2014,1,7124,2014-08-17,2015-01-14
S201402748,2014,1,8170,2014-08-18,2015-01-14
S201402749,2014,1,6430,2014-08-15,2015-01-13
S201402750,2014,1,3414,2014-08-27,2015-01-11
S201402751,2014,1,5350,2014-08-22,2015-01-17
S201402752,2014,0,0,,
S201402753,2014,0,0,,
S201402754,2014,1,7644,2014-08-15,2015-01-10
S201402755,2014,1,6450,2014-08-22,2015-01-10
S201402756,2014,1,8145,2014-08-20,2015-01-12
S201402757,2014,1,7304,2014-08-18,2015-01-11
S201402758,2014,1,7312,2014-08-22,2015-01-15
S201402759,2014,0,0,,
S201402760,2014,1,4265,2014-08-24,2015-01-13
S201402761,2014,0,0,,
S201402762,2014,1,4526,2014-08-22,2015-01-12
S201402763,2014,0,0,,
S201402764,2014,1,6513,2014-08-24,2015-01-16
S201402765,2014,0,0,,
S201402766,2014,1,6045,2014-08-17,2015-01-16
S201402767,2014,1,4354,2014-08-24,2015-01-08
S201402768,2014,1,8100,2014-08-19,2015-01-16
S201402769,2014,1,7699,2014-08-16,2015-01-13
S201402770,2014,1,4482,2014-08-21,2015-01-17
S201402771,2014,0,0,,
S201402772,2014,0,0,,
S201402773,2014,1,4261,2014-08-16,2015-01-11
S201402774,2014,1,4772,2014-08-21,2015-01-09
S201402775,2014,0,0,,
S201402776,2014,1,4068,2014-08-21,2015-01-11
S201402777,2014,1,6671,2014-08-18,2015-01-17
S201402778,2014,0,0,,
S201402779,2014,0,0,,
S201402780,2014,1,7292,2014-08-15,2015-01-08
S201402781,2014,1,6210,2014-08-25,2015-01-13
S201402782,2014,0,0,,
S201402783,2014,1,5427,2014-08-21,2015-01-14
S201402784,2014,0,0,,
S201402785,2014,1,3981,2014-08-23,2015-01-08
S201402786,2014,1,7466,2014-08-20,2015-01-12
S201402787,2014,1,7242,2014-08-16,2015-01-08
S201402788,2014,1,5065,2014-08-25,2015-01-08
S201402789,2014,1,5359,2014-08-17,2015-01-08
S201402790,2014,1,6857,2014-08-24,2015-01-12
S201402791,2014,0,0,,
S201402792,2014,1,2592,2014-08-27,2015-01-08
S201402793,2014,1,6712,2014-08-26,2015-01-11
S201402794,2014,0,0,,
S201402795,2014,0,0,,
S201402796,2014,0,0,,
S201402797,2014,1,4502,2014-08-27,2015-01-09
S201402798,2014,0,0,,
S201402799,2014,1,7793,2014-08-15,2015-01-08
S201402800,2014,0,0,,
S201402801,2014,1,7741,2014-08-23,2015-01-17
S201402802,2014,0,0,,
S201402803,2014,1,5008,2014-08-20,2015-01-09
S201402804,2014,0,0,,
S201402805,2014,1,5947,2014-08-20,2015-01-12
S201402806,2014,1,4199,2014-08-26,2015-01-15
S201402807,2014,1,6133,2014-08-19,2015-01-12
S201402808,2014,1,9206,2014-08-18,2015-01-12
S201402809,2014,1,3480,2014-08-17,2015-01-16
S201402810,2014,1,6045,2014-08-20,2015-01-16
S201402811,2014,0,0,,
S201402812,2014,0,0,,
S201402813,2014,1,6706,2014-08-19,2015-01-09
S201402814,2014,1,7676,2014-08-18,2015-01-12
S201402815,2014,0,0,,
S201402816,2014,0,0,,
S201402817,2014,1,6005,2014-08-20,2015-01-17
S201402818,2014,1,7241,2014-08-23,2015-01-13
S201402819,2014,1,5441,2014-08-15,2015-01-13
S201402820,2014,0,0,,
S201402821,2014,1,4557,2014-08-15,2015-01-11
S201402822,2014,1,3013,2014-08-19,2015-01-08
S201402823,2014,0,0,,
S201402824,2014,0,0,,
S201402825,2014,0,0,,
S201402826,2014,0,0,,
S201402827,2014,1,5351,2014-08-25,2015-01-14
S201402828,2014,1,4759,2014-08-24,2015-01-14
S201402829,2014,0,0,,
S201402830,2014,0,0,,
S201402831,2014,1,5869,2014-08-23,2015-01-09
S201402832,2014,1,5773,2014-08-26,2015-01-12
S201402833,2014,1,7281,2014-08-24,2015-01-11
S201402834,2014,1,7245,2014-08-22,2015-01-08
S201402835,2014,1,4970,2014-08-20,2015-01-16
S201402836,2014,0,0,,
S201402837,2014,0,0,,
S201402838,2014,0,0,,
S201402839,2014,1,3511,2014-08-16,2015-01-15
S201402840,2014,1,4250,2014-08-21,2015-01-17
S201402841,2014,1,6649,2014-08-15,2015-01-17
S201402842,2014,1,5761,2014-08-26,2015-01-14
S201402843,2014,1,6138,2014-08-15,2015-01-17
S201402844,2014,1,7531,2014-08-15,2015-01-14
S201402845,2014,1,5120,2014-08-22,2015-01-16
S201402846,2014,1,4564,2014-08-15,2015-01-17
S201402847,2014,1,6635,2014-08-17,2015-01-17
S201402848,2014,1,3460,2014-08-23,2015-01-14
S201402849,2014,1,6097,2014-08-16,2015-01-14
S201402850,2014,0,0,,
S201402851,2014,1,5372,2014-08-19,2015-01-13
S201402852,2014,1,6789,2014-08-23,2015-01-10
S201402853,2014,1,8740,2014-08-25,2015-01-17
S201402854,2014,0,0,,
S201402855,2014,0,0,,
S201402856,2014,1,7431,2014-08-20,2015-01-17
S201402857,2014,0,0,,
S201402858,2014,1,6814,2014-08-22,2015-01-12
S201402859,2014,0,0,,
S201402860,2014,0,0,,
S201402861,2014,1,4747,2014-08-16,2015-01-16
S201402862,2014,1,4050,2014-08-16,2015-01-15
S201402863,2014,0,0,,
S201402864,2014,1,5064,2014-08-24,2015-01-14
S201402865,2014,0,0,,
S201402866,2014,1,6554,2014-08-17,2015-01-13
S201402867,2014,1,6384,2014-08-22,2015-01-11
S201402868,2014,1,6233,2014-08-24,2015-01-13
S201402869,2014,0,0,,
S201402870,2014,1,3765,2014-08-27,2015-01-11
S201402871,2014,0,0,,
S201402872,2014,0,0,,
S201402873,2014,1,5156,2014-08-20,2015-01-08
S201402874,2014,1,6146,2014-08-19,2015-01-17
S201402875,2014,1,7920,2014-08-15,2015-01-17
S201402876,2014,0,0,,
S201402877,2014,1,5429,2014-08-25,2015-01-16
S201402878,2014,1,5276,2014-08-24,2015-01-11
S201402879,2014,1,5398,2014-08-27,2015-01-11
S201402880,2014,1,5412,2014-08-24,2015-01-08
S201402881,2014,1,4576,2014-08-21,2015-01-12
S201402882,2014,0,0,,
S201402883,2014,1,5912,2014-08-17,2015-01-16
S201402884,2014,1,4284,2014-08-16,2015-01-12
S201402885,2014,0,0,,
S201402886,2014,1,7861,2014-08-15,2015-01-12
S201402887,2014,1,4709,2014-08-21,2015-01-10
S201402888,2014,0,0,,
S201402889,2014,1,4591,2014-08-16,2015-01-09
S201402890,2014,1,2185,2014-08-26,2015-01-12
S201402891,2014,1,6062,2014-08-20,2015-01-13
S201402892,2014,1,7418,2014-08-23,2015-01-17
S201402893,2014,1,4213,2014-08-24,2015-01-16
S201402894,2014,0,0,,
S201402895,2014,1,5959,2014-08-15,2015-01-08
S201402896,2014,1,3836,2014-08-17,2015-01-12
S201402897,2014,0,0,,
S201402898,2014,1,4809,2014-08-16,2015-01-16
S201402899,2014,0,0,,
S201402900,2014,0,0,,
S201402901,2014,1,7792,2014-08-26,2015-01-10
S201402902,2014,1,6702,2014-08-23,2015-01-17
S201402903,2014,1,5464,2014-08-15,2015-01-15
S201402904,2014,0,0,,
S201402905,2014,0,0,,
S201402906,2014,1,4743,2014-08-23,2015-01-12
S201402907,2014,1,6243,2014-08-26,2015-01-13
S201402908,2014,0,0,,
S201402909,2014,1,6912,2014-08-15,2015-01-09
S201402910,2014,1,7321,2014-08-20,2015-01-08
S201402911,2014,1,4274,2014-08-24,2015-01-09
S201402912,2014,0,0,,
S201402913,2014,0,0,,
S201402914,2014,1,5721,2014-08-16,2015-01-08
S201402915,2014,1,4677,2014-08-25,2015-01-13
S201402916,2014,1,4002,2014-08-16,2015-01-08
S201402917,2014,1,5825,2014-08-16,2015-01-16
S201402918,2014,1,5171,2014-08-20,2015-01-15
S201402919,2014,0,0,,
S201402920,2014,1,4237,2014-08-22,2015-01-08
S201402921,2014,0,0,,
S201402922,2014,0,0,,
S201402923,2014,1,5702,2014-08-24,2015-01-17
S201402924,2014,1,6228,2014-08-18,2015-01-15
S201402925,2014,1,4858,2014-08-15,2015-01-13
S201402926,2014,0,0,,
S201402927,2014,0,0,,
S201402928,2014,1,7371,2014-08-19,2015-01-14
S201402929,2014,0,0,,
S201402930,2014,0,0,,
S201402931,2014,1,6746,2014-08-22,2015-01-12
S201402932,2014,1,3473,2014-08-24,2015-01-08
S201402933,2014,1,4612,2014-08-22,2015-01-08
S201402934,2014,0,0,,
S201402935,2014,1,6264,2014-08-19,2015-01-16
S201402936,2014,1,4543,2014-08-18,2015-01-16
S201402937,2014,1,5992,2014-08-27,2015-01-17
S201402938,2014,1,4740,2014-08-19,2015-01-15
S201402939,2014,1,6875,2014-08-25,2015-01-16
S201402940,2014,1,5456,2014-08-17,2015-01-11
S201402941,2014,1,5231,2014-08-17,2015-01-16
S201402942,2014,1,5919,2014-08-19,2015-01-12
S201402943,2014,1,6496,2014-08-19,2015-01-13
S201402944,2014,0,0,,
S201402945,2014,1,7858,2014-08-18,2015-01-12
S201402946,2014,1,4514,2014-08-26,2015-01-13
S201402947,2014,1,4368,2014-08-20,2015-01-09
S201402948,2014,1,6752,2014-08-25,2015-01-15
S201402949,2014,0,0,,
S201402950,2014,0,0,,
S201402951,2014,1,5959,2014-08-23,2015-01-10
S201402952,2014,1,6086,2014-08-19,2015-01-12
S201402953,2014,0,0,,
S201402954,2014,1,5868,2014-08-24,2015-01-15
S201402955,2014,1,7673,2014-08-16,2015-01-11
S201402956,2014,0,0,,
S201402957,2014,0,0,,
S201402958,2014,1,3824,2014-08-26,2015-01-08
S201402959,2014,1,6438,2014-08-16,2015-01-15
S201402960,2014,1,4363,2014-08-15,2015-01-09
S201402961,2014,1,7007,2014-08-16,2015-01-16
S201402962,2014,1,4744,2014-08-26,2015-01-14
S201402963,2014,1,4479,2014-08-25,2015-01-11
S201402964,2014,0,0,,
S201402965,2014,1,10192,2014-08-24,2015-01-08
S201402966,2014,0,0,,
S201402967,2014,1,7675,2014-08-16,2015-01-13
S201402968,2014,0,0,,
S201402969,2014,0,0,,
S201402970,2014,1,6829,2014-08-19,2015-01-10
S201402971,2014,0,0,,
S201402972,2014,1,7614,2014-08-23,2015-01-10
S201402973,2014,0,0,,
S201402974,2014,1,2364,2014-08-17,2015-01-15
S201402975,2014,1,4639,2014-08-18,2015-01-09
S201402976,2014,0,0,,
S201402977,2014,1,4932,2014-08-22,2015-01-08
S201402978,2014,0,0,,
S201402979,2014,1,6376,2014-08-22,2015-01-10
S201402980,2014,1,4630,2014-08-19,2015-01-15
S201402981,2014,1,5945,2014-08-20,2015-01-10
S201402982,2014,0,0,,
S201402983,2014,0,0,,
S201402984,2014,1,5352,2014-08-24,2015-01-16
S201402985,2014,1,4731,2014-08-26,2015-01-09
S201402986,2014,1,6627,2014-08-24,2015-01-13
S201402987,2014,1,6172,2014-08-22,2015-01-10
S201402988,2014,1,5815,2014-08-21,2015-01-13
S201402989,2014,0,0,,
S201402990,2014,0,0,,
S201402991,2014,1,6421,2014-08-17,2015-01-13
S201402992,2014,0,0,,
S201402993,2014,0,0,,
S201402994,2014,1,6565,2014-08-27,2015-01-09
S201402995,2014,1,5913,2014-08-22,2015-01-15
S201402996,2014,0,0,,
S201402997,2014,1,4573,2014-08-24,2015-01-16
S201402998,2014,1,6467,2014-08-19,2015-01-14
S201402999,2014,1,6239,2014-08-26,2015-01-12
S201403000,2014,0,0,,
S201403001,2014,1,6086,2014-08-16,2015-01-08
S201403002,2014,1,6092,2014-08-22,2015-01-08
S201403003,2014,1,6589,2014-08-17,2015-01-11
S201403004,2014,1,4785,2014-08-23,2015-01-13
S201403005,2014,0,0,,
S201403006,2014,1,5309,2014-08-15,2015-01-16
S201403007,2014,0,0,,
S201403008,2014,1,5885,2014-08-20,2015-01-14
S201403009,2014,0,0,,
S201403010,2014,1,3739,2014-08-15,2015-01-10
S201403011,2014,0,0,,
S201403012,2014,0,0,,
S201403013,2014,1,4185,2014-08-24,2015-01-13
S201403014,2014,1,6441,2014-08-27,2015-01-10
S201403015,2014,1,5174,2014-08-16,2015-01-15
S201403016,2014,1,7553,2014-08-22,2015-01-08
S201403017,2014,0,0,,
S201403018,2014,1,7476,2014-08-21,2015-01-12
S201403019,2014,1,4816,2014-08-19,2015-01-08
S201403020,2014,1,7785,2014-08-15,2015-01-15
S201403021,2014,0,0,,
S201403022,2014,0,0,,
S201403023,2014,1,5172,2014-08-15,2015-01-15
S201403024,2014,0,0,,
S201403025,2014,1,5265,2014-08-25,2015-01-14
S201403026,2014,1,7086,2014-08-15,2015-01-14
S201403027,2014,0,0,,
S201403028,2014,1,7243,2014-08-24,2015-01-11
S201403029,2014,1,4707,2014-08-19,2015-01-10
S201403030,2014,1,7259,2014-08-18,2015-01-13
S201403031,2014,1,6317,2014-08-15,2015-01-08
S201403032,2014,1,4092,2014-08-21,2015-01-15
S201403033,2014,1,5914,2014-08-23,2015-01-15
S201403034,2014,0,0,,
S201403035,2014,0,0,,
S201403036,2014,1,5917,2014-08-25,2015-01-08
S201403037,2014,0,0,,
S201403038,2014,1,3433,2014-08-20,2015-01-17
S201403039,2014,1,5868,2014-08-22,2015-01-14
S201403040,2014,0,0,,
S201403041,2014,1,5471,2014-08-17,2015-01-17
S201403042,2014,1,6471,2014-08-22,2015-01-14
S201403043,2014,1,5136,2014-08-18,2015-01-09
S201403044,2014,1,5833,2014-08-17,2015-01-16
S201403045,2014,1,6773,2014-08-24,2015-01-15
S201403046,2014,1,6907,2014-08-15,2015-01-15
S201403047,2014,1,6589,2014-08-18,2015-01-08
S201403048,2014,1,6707,2014-08-18,2015-01-10
S201403049,2014,1,5587,2014-08-21,2015-01-13
S201403050,2014,1,3119,2014-08-21,2015-01-11
S201403051,2014,1,6019,2014-08-18,2015-01-13
S201403052,2014,1,7679,2014-08-26,2015-01-12
S201403053,2014,1,4851,2014-08-17,2015-01-11
S201403054,2014,0,0,,
S201403055,2014,1,5106,2014-08-25,2015-01-10
S201403056,2014,1,3627,2014-08-16,2015-01-11
S201403057,2014,1,6040,2014-08-18,2015-01-13
S201403058,2014,1,6348,2014-08-23,2015-01-16
S201403059,2014,1,6506,2014-08-25,2015-01-16
S201403060,2014,1,5311,2014-08-16,2015-01-09
S201403061,2014,0,0,,
S201403062,2014,1,3074,2014-08-21,2015-01-17
S201403063,2014,1,6361,2014-08-22,2015-01-09
S201403064,2014,1,4689,2014-08-21,2015-01-14
S201403065,2014,1,5537,2014-08-15,2015-01-13
S201403066,2014,1,7288,2014-08-27,2015-01-13
S201403067,2014,0,0,,
S201403068,2014,1,6769,2014-08-25,2015-01-14
S201403069,2014,0,0,,
S201403070,2014,1,6984,2014-08-19,2015-01-15
S201403071,2014,0,0,,
S201403072,2014,1,6527,2014-08-15,2015-01-09
S201403073,2014,0,0,,
S201403074,2014,1,7048,2014-08-15,2015-01-12
S201403075,2014,0,0,,
S201403076,2014,0,0,,
S201403077,2014,0,0,,
S201403078,2014,0,0,,
S201403079,2014,0,0,,
S201403080,2014,0,0,,
S201403081,2014,0,0,,
S201403082,2014,1,4395,2014-08-16,2015-01-14
S201403083,2014,0,0,,
S201403084,2014,1,4459,2014-08-23,2015-01-09
S201403085,2014,1,4792,2014-08-18,2015-01-14
S201403086,2014,0,0,,
S201403087,2014,1,4994,2014-08-19,2015-01-15
S201403088,2014,0,0,,
S201403089,2014,1,7526,2014-08-16,2015-01-09
S201403090,2014,1,6047,2014-08-16,2015-01-09
S201403091,2014,0,0,,
S201403092,2014,1,5369,2014-08-27,2015-01-16
S201403093,2014,0,0,,
S201403094,2014,0,0,,
S201403095,2014,1,6024,2014-08-24,2015-01-13
S201403096,2014,1,5082,2014-08-26,2015-01-14
S201403097,2014,1,6123,2014-08-27,2015-01-08
S201403098,2014,0,0,,
S201403099,2014,1,5267,2014-08-23,2015-01-14
S201403100,2014,1,4747,2014-08-27,2015-01-10
S201403101,2014,1,4291,2014-08-25,2015-01-09
S201403102,2014,1,6708,2014-08-25,2015-01-14
