student_id,cohort,first_gen,gender,rural_origin,race_ethnicity,home_state,institution_id,institution_name,institution_type,hs_gpa,test_percentile,birth_year,starting_major,major_category
S201700001,2017,1,M,0,White,FL,INST_05,Urban University E (Research),research,3.39,85,1999,Undeclared,Other
S201700002,2017,0,F,0,Hispanic,VA,INST_01,State University A (Research),research,3.3,91,1999,Undeclared,Other
S201700003,2017,1,M,0,AIAN,IL,INST_03,Regional College C (Teaching),teaching,3.0,68,1999,Sociology,Social Sciences
S201700004,2017,1,M,1,White,PA,INST_04,Regional College D (Teaching),teaching,3.15,46,1999,Mechanical Engineering,STEM
S201700005,2017,1,M,0,White,TX,INST_04,Regional College D (Teaching),teaching,2.5,49,1999,Electrical Engineering,STEM
S201700006,2017,0,M,0,Asian,NY,INST_01,State University A (Research),research,3.95,47,1999,Nursing,Health
S201700007,2017,0,M,1,White,FL,INST_01,State University A (Research),research,4.0,76,1999,Computer Science,STEM
S201700008,2017,0,F,1,White,GA,INST_04,Regional College D (Teaching),teaching,3.62,23,1999,Education,Other
S201700009,2017,1,F,1,Hispanic,IL,INST_05,Urban University E (Research),research,3.13,24,1999,Mathematics,STEM
S201700010,2017,1,M,0,White,MI,INST_03,Regional College C (Teaching),teaching,2.33,72,1999,Kinesiology,Health
S201700011,2017,1,F,0,Hispanic,FL,INST_03,Regional College C (Teaching),teaching,3.18,79,1999,Pre-Med,Health
S201700012,2017,1,F,0,White,TX,INST_03,Regional College C (Teaching),teaching,3.88,49,1999,Marketing,Business
S201700013,2017,0,F,0,Unknown,IL,INST_05,Urban University E (Research),research,3.39,45,1999,Civil Engineering,STEM
S201700014,2017,1,F,0,Hispanic,OH,INST_03,Regional College C (Teaching),teaching,3.49,34,1999,Undeclared,Other
S201700015,2017,0,F,0,White,OH,INST_04,Regional College D (Teaching),teaching,3.54,44,1999,Anthropology,Social Sciences
S201700016,2017,0,F,1,Hispanic,FL,INST_03,Regional College C (Teaching),teaching,2.64,78,1999,Finance,Business
S201700017,2017,0,F,1,Hispanic,VA,INST_04,Regional College D (Teaching),teaching,2.8,69,1999,Marketing,Business
S201700018,2017,0,F,1,Hispanic,FL,INST_05,Urban University E (Research),research,2.97,39,1999,Education,Other
S201700019,2017,1,M,1,Black,NY,INST_05,Urban University E (Research),research,2.17,45,1999,Mathematics,STEM
S201700020,2017,1,M,1,Hispanic,NJ,INST_01,State University A (Research),research,3.9,55,1999,Economics,Social Sciences
S201700021,2017,0,M,0,White,NJ,INST_02,State University B (Research),research,2.98,39,1999,Biomedical Engineering,STEM
S201700022,2017,1,F,1,Hispanic,VA,INST_04,Regional College D (Teaching),teaching,4.0,48,1999,General Studies,Other
S201700023,2017,1,M,0,Black,VA,INST_03,Regional College C (Teaching),teaching,2.52,40,1999,Management,Business
S201700024,2017,0,F,0,Multi,MI,INST_01,State University A (Research),research,2.84,36,1999,Nursing,Health
S201700025,2017,1,F,0,White,GA,INST_05,Urban University E (Research),research,3.76,48,1999,Physics,STEM
S201700026,2017,0,F,0,Unknown,NY,INST_04,Regional College D (Teaching),teaching,2.75,33,1998,Nursing,Health
S201700027,2017,0,F,0,Hispanic,TX,INST_04,Regional College D (Teaching),teaching,3.4,40,1999,Biology,STEM
S201700028,2017,1,M,0,Asian,TX,INST_05,Urban University E (Research),research,3.52,59,1999,Communications,Other
S201700029,2017,0,M,0,Black,NY,INST_01,State University A (Research),research,3.64,67,1998,Biology,STEM
S201700030,2017,0,M,1,White,OH,INST_05,Urban University E (Research),research,3.4,35,1999,Sociology,Social Sciences
S201700031,2017,0,M,1,White,FL,INST_05,Urban University E (Research),research,2.68,62,1999,Sociology,Social Sciences
S201700032,2017,0,F,0,Multi,NY,INST_03,Regional College C (Teaching),teaching,3.68,99,1999,Management,Business
S201700033,2017,0,F,1,Asian,TX,INST_02,State University B (Research),research,3.56,75,1999,Marketing,Business
S201700034,2017,1,M,0,White,PA,INST_03,Regional College C (Teaching),teaching,3.15,42,1999,English,Humanities
S201700035,2017,1,M,1,Asian,MI,INST_02,State University B (Research),research,2.53,34,1999,Management,Business
S201700036,2017,0,M,0,Black,IL,INST_01,State University A (Research),research,2.99,29,1999,Spanish,Humanities
S201700037,2017,1,F,1,White,NJ,INST_02,State University B (Research),research,3.42,86,1999,Spanish,Humanities
S201700038,2017,0,M,0,Hispanic,NJ,INST_01,State University A (Research),research,3.33,59,1999,Mechanical Engineering,STEM
S201700039,2017,0,F,0,White,OH,INST_02,State University B (Research),research,2.9,72,1999,Kinesiology,Health
S201700040,2017,0,M,1,White,VA,INST_03,Regional College C (Teaching),teaching,2.84,69,1999,Civil Engineering,STEM
S201700041,2017,0,F,0,White,OH,INST_03,Regional College C (Teaching),teaching,3.33,35,1999,Public Health,Health
S201700042,2017,0,M,0,Hispanic,NC,INST_03,Regional College C (Teaching),teaching,4.0,35,1998,Economics-Bus,Business
S201700043,2017,0,F,0,Asian,GA,INST_04,Regional College D (Teaching),teaching,3.45,60,1999,Finance,Business
S201700044,2017,0,F,0,Hispanic,NC,INST_04,Regional College D (Teaching),teaching,3.14,34,1999,Biology,STEM
S201700045,2017,1,M,1,Hispanic,NC,INST_02,State University B (Research),research,3.87,78,1999,Sociology,Social Sciences
S201700046,2017,0,F,1,Multi,IL,INST_02,State University B (Research),research,2.28,53,1999,Undeclared,Other
S201700047,2017,1,F,0,Hispanic,NC,INST_04,Regional College D (Teaching),teaching,3.05,45,1999,Statistics,STEM
S201700048,2017,0,F,1,White,IL,INST_02,State University B (Research),research,3.61,65,1999,Accounting,Business
S201700049,2017,0,M,0,White,VA,INST_01,State University A (Research),research,3.71,15,1999,Biomedical Engineering,STEM
S201700050,2017,0,F,0,White,FL,INST_01,State University A (Research),research,3.03,58,1998,Public Health,Health
S201700051,2017,0,F,0,White,PA,INST_05,Urban University E (Research),research,3.75,58,1999,Philosophy,Humanities
S201700052,2017,0,M,0,Black,TX,INST_03,Regional College C (Teaching),teaching,3.11,17,1999,Electrical Engineering,STEM
S201700053,2017,1,M,1,Black,NY,INST_02,State University B (Research),research,2.95,68,1999,Biomedical Engineering,STEM
S201700054,2017,0,F,0,Hispanic,GA,INST_01,State University A (Research),research,2.87,82,1999,Marketing,Business
S201700055,2017,1,M,0,Hispanic,CA,INST_01,State University A (Research),research,3.02,9,1999,Electrical Engineering,STEM
S201700056,2017,1,M,1,Hispanic,GA,INST_02,State University B (Research),research,2.65,83,1999,Psychology,Social Sciences
S201700057,2017,0,F,1,Hispanic,NJ,INST_01,State University A (Research),research,3.3,35,1999,Undeclared,Other
S201700058,2017,1,F,0,Black,OH,INST_01,State University A (Research),research,3.27,81,1999,History,Humanities
S201700059,2017,1,M,1,White,NJ,INST_03,Regional College C (Teaching),teaching,3.75,22,1999,Physics,STEM
S201700060,2017,0,F,0,White,IL,INST_05,Urban University E (Research),research,2.64,43,1999,Sociology,Social Sciences
S201700061,2017,0,F,1,White,PA,INST_05,Urban University E (Research),research,3.88,45,1999,Anthropology,Social Sciences
S201700062,2017,0,M,1,Black,GA,INST_05,Urban University E (Research),research,3.03,41,1999,Public Health,Health
S201700063,2017,1,F,0,Hispanic,OH,INST_02,State University B (Research),research,2.75,59,1999,Education,Other
S201700064,2017,0,F,0,White,PA,INST_03,Regional College C (Teaching),teaching,3.54,65,1999,General Studies,Other
S201700065,2017,0,F,0,NHPI,MI,INST_04,Regional College D (Teaching),teaching,3.61,72,1999,Statistics,STEM
S201700066,2017,0,M,0,Black,OH,INST_04,Regional College D (Teaching),teaching,3.02,67,1999,Chemistry,STEM
S201700067,2017,1,F,1,White,CA,INST_03,Regional College C (Teaching),teaching,2.91,54,1999,Kinesiology,Health
S201700068,2017,0,M,0,Asian,TX,INST_03,Regional College C (Teaching),teaching,3.25,99,1999,Pre-Med,Health
S201700069,2017,0,M,1,Asian,PA,INST_04,Regional College D (Teaching),teaching,3.22,30,1999,Marketing,Business
S201700070,2017,0,F,0,White,NC,INST_05,Urban University E (Research),research,3.51,64,1999,Computer Science,STEM
S201700071,2017,0,F,0,White,CA,INST_05,Urban University E (Research),research,2.65,71,1999,Biology,STEM
S201700072,2017,1,F,0,White,TX,INST_02,State University B (Research),research,3.06,54,1999,Finance,Business
S201700073,2017,0,F,0,Multi,OH,INST_03,Regional College C (Teaching),teaching,4.0,46,1999,Mathematics,STEM
S201700074,2017,0,F,0,White,FL,INST_03,Regional College C (Teaching),teaching,3.52,43,1999,Sociology,Social Sciences
S201700075,2017,0,F,0,White,FL,INST_04,Regional College D (Teaching),teaching,4.0,40,1999,Computer Science,STEM
S201700076,2017,0,M,0,Asian,NC,INST_04,Regional College D (Teaching),teaching,3.52,44,1999,Public Health,Health
S201700077,2017,0,F,0,White,VA,INST_05,Urban University E (Research),research,3.54,54,1999,Spanish,Humanities
S201700078,2017,0,M,1,White,NY,INST_05,Urban University E (Research),research,2.51,43,1999,Anthropology,Social Sciences
S201700079,2017,0,F,0,White,PA,INST_04,Regional College D (Teaching),teaching,2.38,29,1999,Statistics,STEM
S201700080,2017,1,F,0,NHPI,FL,INST_01,State University A (Research),research,3.9,61,1999,Mathematics,STEM
S201700081,2017,0,F,0,NHPI,CA,INST_05,Urban University E (Research),research,3.85,53,1999,History,Humanities
S201700082,2017,0,F,0,Hispanic,VA,INST_01,State University A (Research),research,2.71,34,1999,Pre-Med,Health
S201700083,2017,0,F,0,Black,CA,INST_02,State University B (Research),research,2.75,74,1999,Management,Business
S201700084,2017,0,F,0,White,GA,INST_01,State University A (Research),research,3.51,64,1999,Marketing,Business
S201700085,2017,1,M,0,Hispanic,CA,INST_04,Regional College D (Teaching),teaching,2.91,3,1999,Economics-Bus,Business
S201700086,2017,0,M,0,Hispanic,PA,INST_01,State University A (Research),research,3.09,35,1999,Statistics,STEM
S201700087,2017,1,M,1,Hispanic,OH,INST_01,State University A (Research),research,3.65,66,1999,Computer Science,STEM
S201700088,2017,0,M,0,Black,GA,INST_03,Regional College C (Teaching),teaching,2.74,33,1999,Political Science,Social Sciences
S201700089,2017,1,F,0,White,FL,INST_01,State University A (Research),research,3.09,48,1999,Biomedical Engineering,STEM
S201700090,2017,1,M,1,Hispanic,IL,INST_01,State University A (Research),research,4.0,27,1999,Mathematics,STEM
S201700091,2017,0,F,0,White,OH,INST_04,Regional College D (Teaching),teaching,4.0,66,1999,Management,Business
S201700092,2017,1,M,0,White,NC,INST_05,Urban University E (Research),research,3.28,34,1999,Philosophy,Humanities
S201700093,2017,1,F,1,Hispanic,FL,INST_01,State University A (Research),research,2.64,53,1999,Sociology,Social Sciences
S201700094,2017,0,F,1,Multi,FL,INST_02,State University B (Research),research,3.88,70,1999,Mathematics,STEM
S201700095,2017,1,F,1,White,NY,INST_04,Regional College D (Teaching),teaching,2.1,29,1999,Education,Other
S201700096,2017,0,M,1,White,MI,INST_03,Regional College C (Teaching),teaching,3.21,47,1999,Undeclared,Other
S201700097,2017,0,F,0,Hispanic,CA,INST_02,State University B (Research),research,2.85,62,1999,Psychology,Social Sciences
S201700098,2017,0,F,0,White,NC,INST_05,Urban University E (Research),research,2.62,76,1999,Anthropology,Social Sciences
S201700099,2017,0,F,0,White,IL,INST_05,Urban University E (Research),research,3.34,69,1999,Finance,Business
S201700100,2017,1,M,0,Asian,CA,INST_02,State University B (Research),research,4.0,60,1999,Management,Business
S201700101,2017,0,F,0,White,PA,INST_03,Regional College C (Teaching),teaching,2.7,48,1999,Finance,Business
S201700102,2017,0,F,1,White,CA,INST_02,State University B (Research),research,4.0,40,1999,Psychology,Social Sciences
S201700103,2017,1,M,0,Black,IL,INST_03,Regional College C (Teaching),teaching,2.88,66,1999,History,Humanities
S201700104,2017,1,F,0,NHPI,IL,INST_05,Urban University E (Research),research,3.21,48,1999,Economics,Social Sciences
S201700105,2017,0,F,1,White,GA,INST_01,State University A (Research),research,2.62,68,1999,Statistics,STEM
S201700106,2017,1,F,0,White,NJ,INST_01,State University A (Research),research,2.65,58,1999,Political Science,Social Sciences
S201700107,2017,0,M,0,Asian,NC,INST_02,State University B (Research),research,3.26,42,1999,Economics,Social Sciences
S201700108,2017,0,M,0,White,OH,INST_03,Regional College C (Teaching),teaching,3.16,60,1998,Mathematics,STEM
S201700109,2017,1,F,1,Unknown,TX,INST_05,Urban University E (Research),research,3.25,19,1999,Biomedical Engineering,STEM
S201700110,2017,0,M,0,White,MI,INST_03,Regional College C (Teaching),teaching,3.13,79,1999,Biology,STEM
S201700111,2017,1,F,1,White,CA,INST_03,Regional College C (Teaching),teaching,4.0,70,1999,History,Humanities
S201700112,2017,0,F,0,Hispanic,CA,INST_05,Urban University E (Research),research,3.01,44,1999,Undeclared,Other
S201700113,2017,0,M,0,Hispanic,TX,INST_03,Regional College C (Teaching),teaching,4.0,61,1999,Civil Engineering,STEM
S201700114,2017,0,M,0,White,PA,INST_05,Urban University E (Research),research,3.88,79,1999,General Studies,Other
S201700115,2017,0,M,1,Unknown,OH,INST_05,Urban University E (Research),research,2.39,30,1999,Undeclared,Other
S201700116,2017,0,F,1,Black,IL,INST_03,Regional College C (Teaching),teaching,3.96,30,1999,Mathematics,STEM
S201700117,2017,1,F,0,White,IL,INST_03,Regional College C (Teaching),teaching,3.59,48,1999,Civil Engineering,STEM
S201700118,2017,1,F,0,Asian,CA,INST_01,State University A (Research),research,3.42,45,1999,Art History,Humanities
S201700119,2017,0,F,0,Hispanic,IL,INST_05,Urban University E (Research),research,3.54,54,1999,Art History,Humanities
S201700120,2017,1,F,0,Hispanic,TX,INST_01,State University A (Research),research,4.0,38,1999,Mathematics,STEM
S201700121,2017,0,F,0,White,VA,INST_03,Regional College C (Teaching),teaching,3.23,86,1999,Public Health,Health
S201700122,2017,0,M,0,White,NJ,INST_02,State University B (Research),research,3.09,50,1999,Public Health,Health
S201700123,2017,1,F,0,White,PA,INST_05,Urban University E (Research),research,3.19,41,1999,Civil Engineering,STEM
S201700124,2017,0,F,0,White,MI,INST_03,Regional College C (Teaching),teaching,2.87,59,1999,Education,Other
S201700125,2017,1,F,0,Black,NJ,INST_03,Regional College C (Teaching),teaching,3.46,64,1999,Nursing,Health
S201700126,2017,0,M,1,White,IL,INST_04,Regional College D (Teaching),teaching,2.96,55,1999,Political Science,Social Sciences
S201700127,2017,0,F,0,White,PA,INST_05,Urban University E (Research),research,2.2,8,1999,Chemistry,STEM
S201700128,2017,0,F,1,Black,NY,INST_02,State University B (Research),research,2.67,87,1999,Biology,STEM
S201700129,2017,0,M,0,White,MI,INST_05,Urban University E (Research),research,3.09,13,1999,Communications,Other
S201700130,2017,0,F,0,White,NY,INST_05,Urban University E (Research),research,3.27,35,1999,Sociology,Social Sciences
S201700131,2017,0,M,0,Black,CA,INST_02,State University B (Research),research,3.32,46,1999,Biology,STEM
S201700132,2017,0,M,1,White,NC,INST_01,State University A (Research),research,3.73,68,1999,Public Health,Health
S201700133,2017,0,F,0,White,IL,INST_04,Regional College D (Teaching),teaching,3.09,58,1999,General Studies,Other
S201700134,2017,1,F,1,White,OH,INST_03,Regional College C (Teaching),teaching,3.21,79,1999,Education,Other
S201700135,2017,0,M,1,Black,GA,INST_04,Regional College D (Teaching),teaching,2.48,89,1999,Sociology,Social Sciences
S201700136,2017,0,M,0,Asian,FL,INST_01,State University A (Research),research,2.86,77,1999,Accounting,Business
S201700137,2017,0,F,0,White,MI,INST_05,Urban University E (Research),research,3.44,48,1999,Communications,Other
S201700138,2017,0,F,0,White,TX,INST_04,Regional College D (Teaching),teaching,3.64,21,1999,Spanish,Humanities
S201700139,2017,1,F,0,Black,MI,INST_02,State University B (Research),research,3.11,54,1999,English,Humanities
S201700140,2017,1,M,0,AIAN,IL,INST_01,State University A (Research),research,3.05,41,1999,Pre-Med,Health
S201700141,2017,0,F,0,White,GA,INST_05,Urban University E (Research),research,3.44,85,1999,Philosophy,Humanities
S201700142,2017,0,F,0,White,CA,INST_02,State University B (Research),research,3.35,69,1999,Philosophy,Humanities
S201700143,2017,0,F,0,White,IL,INST_03,Regional College C (Teaching),teaching,2.6,99,1999,Public Health,Health
S201700144,2017,0,M,0,Hispanic,OH,INST_01,State University A (Research),research,3.26,77,1999,Management,Business
S201700145,2017,0,M,0,White,FL,INST_02,State University B (Research),research,2.52,80,1999,Public Health,Health
S201700146,2017,1,F,0,White,OH,INST_01,State University A (Research),research,2.9,52,1999,Anthropology,Social Sciences
S201700147,2017,0,M,1,White,TX,INST_02,State University B (Research),research,4.0,74,1999,Economics,Social Sciences
S201700148,2017,0,F,0,Asian,NY,INST_03,Regional College C (Teaching),teaching,3.21,69,1999,Accounting,Business
S201700149,2017,0,M,1,Black,FL,INST_05,Urban University E (Research),research,2.91,77,1999,Marketing,Business
S201700150,2017,0,F,0,White,MI,INST_01,State University A (Research),research,3.21,36,1999,Economics-Bus,Business
S201700151,2017,0,M,0,White,NC,INST_01,State University A (Research),research,3.4,41,1999,Anthropology,Social Sciences
S201700152,2017,0,M,0,AIAN,TX,INST_05,Urban University E (Research),research,2.45,71,1999,Accounting,Business
S201700153,2017,0,M,0,Hispanic,NC,INST_02,State University B (Research),research,3.09,75,1999,Public Health,Health
S201700154,2017,0,M,1,White,OH,INST_03,Regional College C (Teaching),teaching,2.79,23,1999,Nursing,Health
S201700155,2017,1,M,0,Asian,CA,INST_04,Regional College D (Teaching),teaching,2.79,63,1999,Nursing,Health
S201700156,2017,0,F,1,White,MI,INST_05,Urban University E (Research),research,3.26,55,1999,Nursing,Health
S201700157,2017,0,M,0,White,IL,INST_01,State University A (Research),research,3.46,73,1999,Statistics,STEM
S201700158,2017,0,F,0,White,GA,INST_02,State University B (Research),research,2.6,90,1999,Management,Business
S201700159,2017,0,M,0,White,NJ,INST_05,Urban University E (Research),research,3.49,71,1999,Pre-Med,Health
S201700160,2017,0,M,0,White,OH,INST_01,State University A (Research),research,3.28,57,1999,Sociology,Social Sciences
S201700161,2017,1,F,0,White,IL,INST_04,Regional College D (Teaching),teaching,2.7,72,1999,Civil Engineering,STEM
S201700162,2017,0,F,0,Black,NY,INST_01,State University A (Research),research,3.75,32,1999,Nursing,Health
S201700163,2017,0,F,0,Hispanic,PA,INST_05,Urban University E (Research),research,3.83,77,1999,Economics-Bus,Business
S201700164,2017,1,M,0,White,IL,INST_03,Regional College C (Teaching),teaching,2.45,48,1999,Electrical Engineering,STEM
S201700165,2017,0,M,0,Asian,GA,INST_02,State University B (Research),research,3.39,65,1999,Sociology,Social Sciences
S201700166,2017,0,F,1,White,NC,INST_01,State University A (Research),research,2.47,49,1999,Public Health,Health
S201700167,2017,0,M,0,White,TX,INST_02,State University B (Research),research,2.47,42,1999,Kinesiology,Health
S201700168,2017,0,M,1,White,NJ,INST_01,State University A (Research),research,3.3,57,1999,Sociology,Social Sciences
S201700169,2017,1,M,1,White,CA,INST_02,State University B (Research),research,2.6,29,1999,Computer Science,STEM
S201700170,2017,0,M,0,Unknown,TX,INST_03,Regional College C (Teaching),teaching,3.53,83,1999,Mechanical Engineering,STEM
S201700171,2017,0,F,1,White,NC,INST_02,State University B (Research),research,2.51,69,1999,Chemistry,STEM
S201700172,2017,1,F,1,White,VA,INST_03,Regional College C (Teaching),teaching,2.94,51,1999,Management,Business
S201700173,2017,0,F,0,Black,NJ,INST_04,Regional College D (Teaching),teaching,3.46,41,1999,Physics,STEM
S201700174,2017,0,F,0,White,TX,INST_05,Urban University E (Research),research,2.88,62,1999,Economics-Bus,Business
S201700175,2017,1,M,1,NHPI,TX,INST_02,State University B (Research),research,3.85,55,1999,General Studies,Other
S201700176,2017,0,M,0,White,CA,INST_04,Regional College D (Teaching),teaching,2.96,40,1998,Kinesiology,Health
S201700177,2017,0,F,0,Black,NY,INST_03,Regional College C (Teaching),teaching,3.25,62,1999,Nursing,Health
S201700178,2017,0,M,1,White,NC,INST_05,Urban University E (Research),research,3.58,45,1999,Physics,STEM
S201700179,2017,0,F,0,White,NJ,INST_05,Urban University E (Research),research,3.26,52,1999,Kinesiology,Health
S201700180,2017,0,F,0,Hispanic,VA,INST_01,State University A (Research),research,3.79,58,1999,General Studies,Other
S201700181,2017,1,F,0,Black,TX,INST_05,Urban University E (Research),research,3.43,25,1999,Mechanical Engineering,STEM
S201700182,2017,0,F,0,White,PA,INST_02,State University B (Research),research,2.56,69,1999,Management,Business
S201700183,2017,0,F,0,Hispanic,OH,INST_04,Regional College D (Teaching),teaching,3.23,14,1999,Education,Other
S201700184,2017,0,F,1,Black,TX,INST_04,Regional College D (Teaching),teaching,3.95,55,1999,General Studies,Other
S201700185,2017,0,F,0,Unknown,FL,INST_05,Urban University E (Research),research,3.62,73,1999,Art History,Humanities
S201700186,2017,0,M,1,Asian,NY,INST_02,State University B (Research),research,3.75,55,1999,Sociology,Social Sciences
S201700187,2017,0,M,1,Hispanic,GA,INST_04,Regional College D (Teaching),teaching,3.36,80,1999,Undeclared,Other
S201700188,2017,0,F,0,White,FL,INST_01,State University A (Research),research,2.74,83,1999,Communications,Other
S201700189,2017,0,M,0,Hispanic,IL,INST_01,State University A (Research),research,2.57,46,1999,Pre-Med,Health
S201700190,2017,0,M,1,White,FL,INST_04,Regional College D (Teaching),teaching,3.22,74,1999,Economics,Social Sciences
S201700191,2017,0,F,0,Hispanic,NJ,INST_01,State University A (Research),research,3.22,48,1999,Chemistry,STEM
S201700192,2017,1,F,0,Hispanic,GA,INST_05,Urban University E (Research),research,3.32,58,1999,Kinesiology,Health
S201700193,2017,1,M,0,White,NC,INST_04,Regional College D (Teaching),teaching,3.1,50,1999,Public Health,Health
S201700194,2017,0,M,1,Asian,OH,INST_01,State University A (Research),research,2.94,61,1999,Chemistry,STEM
S201700195,2017,0,F,0,White,NJ,INST_01,State University A (Research),research,2.76,51,1999,Chemistry,STEM
S201700196,2017,1,F,0,Unknown,CA,INST_05,Urban University E (Research),research,3.06,55,1999,Anthropology,Social Sciences
S201700197,2017,1,F,0,White,GA,INST_02,State University B (Research),research,3.86,56,1999,Chemistry,STEM
S201700198,2017,1,F,0,White,NC,INST_03,Regional College C (Teaching),teaching,2.93,66,1999,Communications,Other
S201700199,2017,1,F,1,White,MI,INST_01,State University A (Research),research,3.95,56,1999,Education,Other
S201700200,2017,0,F,1,Asian,IL,INST_02,State University B (Research),research,3.09,78,1999,History,Humanities
S201700201,2017,0,M,0,Multi,GA,INST_05,Urban University E (Research),research,3.91,84,1999,Finance,Business
S201700202,2017,1,F,0,Black,GA,INST_05,Urban University E (Research),research,3.54,60,1999,Marketing,Business
S201700203,2017,0,M,0,Hispanic,PA,INST_01,State University A (Research),research,3.25,51,1999,Public Health,Health
S201700204,2017,0,F,0,Asian,CA,INST_03,Regional College C (Teaching),teaching,3.85,55,1999,Statistics,STEM
S201700205,2017,0,F,0,White,NY,INST_03,Regional College C (Teaching),teaching,3.14,67,1999,Computer Science,STEM
S201700206,2017,0,F,0,Black,CA,INST_05,Urban University E (Research),research,2.5,54,1999,Biomedical Engineering,STEM
S201700207,2017,0,M,0,Hispanic,OH,INST_03,Regional College C (Teaching),teaching,3.24,78,1999,General Studies,Other
S201700208,2017,0,M,0,Multi,CA,INST_02,State University B (Research),research,4.0,60,1999,Computer Science,STEM
S201700209,2017,1,M,0,Black,NC,INST_01,State University A (Research),research,2.8,60,1999,Mechanical Engineering,STEM
S201700210,2017,0,M,1,Black,IL,INST_01,State University A (Research),research,4.0,59,1999,Political Science,Social Sciences
S201700211,2017,1,M,1,Hispanic,GA,INST_02,State University B (Research),research,3.94,35,1999,Computer Science,STEM
S201700212,2017,1,M,0,White,IL,INST_05,Urban University E (Research),research,3.12,83,1999,Economics,Social Sciences
S201700213,2017,0,F,0,Multi,GA,INST_05,Urban University E (Research),research,3.62,59,1999,Biology,STEM
S201700214,2017,0,M,0,Multi,GA,INST_03,Regional College C (Teaching),teaching,3.84,13,1999,Accounting,Business
S201700215,2017,1,M,0,Unknown,CA,INST_04,Regional College D (Teaching),teaching,3.27,68,1999,Economics-Bus,Business
S201700216,2017,1,M,0,White,NJ,INST_02,State University B (Research),research,3.17,56,1999,Biology,STEM
S201700217,2017,1,F,0,White,PA,INST_03,Regional College C (Teaching),teaching,2.83,50,1999,Nursing,Health
S201700218,2017,0,F,1,Black,MI,INST_02,State University B (Research),research,3.21,13,1999,Communications,Other
S201700219,2017,0,F,0,White,PA,INST_05,Urban University E (Research),research,3.49,82,1999,Mathematics,STEM
S201700220,2017,1,F,1,White,FL,INST_04,Regional College D (Teaching),teaching,3.52,68,1999,General Studies,Other
S201700221,2017,0,M,0,Hispanic,NC,INST_01,State University A (Research),research,2.77,62,1999,Political Science,Social Sciences
S201700222,2017,0,M,0,White,IL,INST_01,State University A (Research),research,2.26,68,1999,Communications,Other
S201700223,2017,1,F,0,Asian,GA,INST_02,State University B (Research),research,2.88,78,1999,Mathematics,STEM
S201700224,2017,0,F,0,Black,NC,INST_01,State University A (Research),research,3.75,26,1999,Kinesiology,Health
S201700225,2017,1,F,0,White,NJ,INST_03,Regional College C (Teaching),teaching,3.54,47,1999,Pre-Med,Health
S201700226,2017,1,M,0,White,IL,INST_04,Regional College D (Teaching),teaching,3.31,60,1999,Electrical Engineering,STEM
S201700227,2017,0,F,0,White,NC,INST_03,Regional College C (Teaching),teaching,3.98,38,1998,Management,Business
S201700228,2017,0,M,1,White,FL,INST_02,State University B (Research),research,4.0,44,1999,Art History,Humanities
S201700229,2017,0,M,0,Multi,FL,INST_02,State University B (Research),research,3.05,41,1999,Computer Science,STEM
S201700230,2017,0,M,0,White,PA,INST_02,State University B (Research),research,3.59,36,1999,Mathematics,STEM
S201700231,2017,1,M,1,White,NJ,INST_03,Regional College C (Teaching),teaching,3.32,96,1999,Psychology,Social Sciences
S201700232,2017,1,M,0,White,IL,INST_03,Regional College C (Teaching),teaching,3.17,50,1999,Philosophy,Humanities
S201700233,2017,0,M,0,Hispanic,CA,INST_04,Regional College D (Teaching),teaching,3.11,59,1999,Mechanical Engineering,STEM
S201700234,2017,1,F,0,Hispanic,NJ,INST_04,Regional College D (Teaching),teaching,3.67,93,1999,Political Science,Social Sciences
S201700235,2017,1,F,0,White,IL,INST_04,Regional College D (Teaching),teaching,4.0,45,1999,Marketing,Business
S201700236,2017,1,F,0,White,CA,INST_05,Urban University E (Research),research,3.08,63,1999,Management,Business
S201700237,2017,1,F,0,White,NC,INST_03,Regional College C (Teaching),teaching,3.79,51,1999,Biomedical Engineering,STEM
S201700238,2017,0,F,1,Hispanic,CA,INST_03,Regional College C (Teaching),teaching,4.0,45,1999,Electrical Engineering,STEM
S201700239,2017,0,M,1,White,NJ,INST_05,Urban University E (Research),research,3.41,61,1999,Undeclared,Other
S201700240,2017,0,F,0,Black,CA,INST_05,Urban University E (Research),research,4.0,73,1999,History,Humanities
S201700241,2017,0,M,0,Hispanic,MI,INST_04,Regional College D (Teaching),teaching,3.2,69,1999,Education,Other
S201700242,2017,1,M,0,Asian,CA,INST_02,State University B (Research),research,3.34,96,1999,Biology,STEM
S201700243,2017,1,M,0,Multi,PA,INST_01,State University A (Research),research,3.46,38,1999,Computer Science,STEM
S201700244,2017,1,M,0,Hispanic,FL,INST_04,Regional College D (Teaching),teaching,3.43,54,1999,Biology,STEM
S201700245,2017,0,M,0,White,VA,INST_04,Regional College D (Teaching),teaching,2.94,56,1999,Education,Other
S201700246,2017,0,F,1,Unknown,NJ,INST_04,Regional College D (Teaching),teaching,3.64,45,1999,Biomedical Engineering,STEM
S201700247,2017,0,F,1,White,CA,INST_02,State University B (Research),research,2.87,50,1999,Finance,Business
S201700248,2017,0,F,1,Multi,NC,INST_01,State University A (Research),research,2.58,51,1999,Marketing,Business
S201700249,2017,1,M,0,Hispanic,MI,INST_05,Urban University E (Research),research,3.89,27,1999,Communications,Other
S201700250,2017,1,F,0,Hispanic,IL,INST_04,Regional College D (Teaching),teaching,2.68,65,1999,Mathematics,STEM
S201700251,2017,0,F,0,White,OH,INST_03,Regional College C (Teaching),teaching,3.73,57,1999,Political Science,Social Sciences
S201700252,2017,0,M,0,Black,NJ,INST_03,Regional College C (Teaching),teaching,2.96,65,1999,Communications,Other
S201700253,2017,0,F,1,White,IL,INST_01,State University A (Research),research,3.67,72,1999,Electrical Engineering,STEM
S201700254,2017,0,M,0,Black,FL,INST_04,Regional College D (Teaching),teaching,3.43,54,1999,Kinesiology,Health
S201700255,2017,1,M,0,Hispanic,NC,INST_01,State University A (Research),research,3.89,74,1999,Sociology,Social Sciences
S201700256,2017,0,M,0,Hispanic,NY,INST_01,State University A (Research),research,3.73,46,1999,Kinesiology,Health
S201700257,2017,1,F,0,Black,MI,INST_02,State University B (Research),research,3.64,66,1999,Marketing,Business
S201700258,2017,0,F,0,Hispanic,OH,INST_03,Regional College C (Teaching),teaching,3.03,61,1999,Computer Science,STEM
S201700259,2017,1,M,0,Black,OH,INST_02,State University B (Research),research,3.44,55,1999,Kinesiology,Health
S201700260,2017,0,F,0,Black,VA,INST_05,Urban University E (Research),research,2.64,38,1999,Computer Science,STEM
S201700261,2017,0,M,0,White,CA,INST_05,Urban University E (Research),research,2.64,65,1999,Art History,Humanities
S201700262,2017,0,F,1,Black,CA,INST_05,Urban University E (Research),research,2.95,48,1999,Chemistry,STEM
S201700263,2017,0,M,0,White,TX,INST_02,State University B (Research),research,3.55,57,1999,Economics-Bus,Business
S201700264,2017,0,M,0,White,MI,INST_03,Regional College C (Teaching),teaching,3.17,85,1999,Public Health,Health
S201700265,2017,1,M,0,Hispanic,VA,INST_01,State University A (Research),research,2.72,60,1999,Management,Business
S201700266,2017,1,F,0,White,NJ,INST_02,State University B (Research),research,2.97,35,1999,Economics,Social Sciences
S201700267,2017,0,M,1,White,IL,INST_04,Regional College D (Teaching),teaching,3.7,65,1999,General Studies,Other
S201700268,2017,0,F,1,Hispanic,VA,INST_01,State University A (Research),research,3.14,32,1999,Political Science,Social Sciences
S201700269,2017,0,M,0,Black,IL,INST_02,State University B (Research),research,3.35,58,1999,Economics,Social Sciences
S201700270,2017,0,F,0,Multi,IL,INST_05,Urban University E (Research),research,3.24,49,1999,Computer Science,STEM
S201700271,2017,0,F,0,White,NY,INST_03,Regional College C (Teaching),teaching,2.7,55,1999,Political Science,Social Sciences
S201700272,2017,1,M,0,White,MI,INST_01,State University A (Research),research,3.16,68,1999,Political Science,Social Sciences
S201700273,2017,0,F,0,White,GA,INST_04,Regional College D (Teaching),teaching,3.15,60,1999,Finance,Business
S201700274,2017,0,M,1,Asian,TX,INST_05,Urban University E (Research),research,3.12,47,1999,Anthropology,Social Sciences
S201700275,2017,0,F,0,Hispanic,MI,INST_03,Regional College C (Teaching),teaching,3.55,97,1999,Accounting,Business
S201700276,2017,1,F,0,Asian,CA,INST_05,Urban University E (Research),research,3.12,92,1999,Marketing,Business
S201700277,2017,0,F,0,White,IL,INST_03,Regional College C (Teaching),teaching,3.17,46,1999,Marketing,Business
S201700278,2017,0,M,0,Black,MI,INST_03,Regional College C (Teaching),teaching,3.76,40,1999,Finance,Business
S201700279,2017,1,F,0,Black,IL,INST_04,Regional College D (Teaching),teaching,3.25,37,1999,Mechanical Engineering,STEM
S201700280,2017,0,F,0,White,NC,INST_03,Regional College C (Teaching),teaching,2.19,84,1999,Public Health,Health
S201700281,2017,0,M,1,White,MI,INST_04,Regional College D (Teaching),teaching,3.7,42,1999,Political Science,Social Sciences
S201700282,2017,0,M,0,White,MI,INST_04,Regional College D (Teaching),teaching,2.66,87,1999,Psychology,Social Sciences
S201700283,2017,1,F,0,Asian,NJ,INST_05,Urban University E (Research),research,2.99,30,1999,Statistics,STEM
S201700284,2017,0,F,1,Hispanic,NY,INST_02,State University B (Research),research,3.58,85,1999,Kinesiology,Health
S201700285,2017,0,M,0,Black,GA,INST_05,Urban University E (Research),research,3.28,62,1999,Kinesiology,Health
S201700286,2017,0,M,1,White,CA,INST_04,Regional College D (Teaching),teaching,3.39,23,1999,Economics-Bus,Business
S201700287,2017,0,F,1,White,FL,INST_03,Regional College C (Teaching),teaching,2.44,77,1999,Computer Science,STEM
S201700288,2017,0,M,0,White,PA,INST_03,Regional College C (Teaching),teaching,3.2,52,1999,Computer Science,STEM
S201700289,2017,1,M,1,Hispanic,VA,INST_03,Regional College C (Teaching),teaching,3.21,37,1999,Marketing,Business
S201700290,2017,0,M,0,White,PA,INST_04,Regional College D (Teaching),teaching,2.79,57,1999,Civil Engineering,STEM
S201700291,2017,0,F,0,White,MI,INST_02,State University B (Research),research,3.35,58,1999,Finance,Business
S201700292,2017,1,M,0,Black,CA,INST_03,Regional College C (Teaching),teaching,3.36,68,1999,Physics,STEM
S201700293,2017,0,M,0,Black,TX,INST_03,Regional College C (Teaching),teaching,3.78,97,1999,Marketing,Business
S201700294,2017,1,M,0,Asian,VA,INST_04,Regional College D (Teaching),teaching,3.56,30,1999,Finance,Business
S201700295,2017,1,M,0,Hispanic,OH,INST_01,State University A (Research),research,2.69,82,1999,Undeclared,Other
S201700296,2017,0,F,1,Hispanic,GA,INST_01,State University A (Research),research,3.16,75,1999,English,Humanities
S201700297,2017,1,F,0,White,FL,INST_03,Regional College C (Teaching),teaching,3.4,65,1999,Education,Other
S201700298,2017,0,F,0,Hispanic,TX,INST_03,Regional College C (Teaching),teaching,3.74,77,1999,Anthropology,Social Sciences
S201700299,2017,0,F,0,White,NJ,INST_01,State University A (Research),research,3.19,39,1999,Electrical Engineering,STEM
S201700300,2017,0,M,0,White,OH,INST_03,Regional College C (Teaching),teaching,2.24,40,1999,Economics-Bus,Business
S201700301,2017,1,F,1,Multi,PA,INST_01,State University A (Research),research,2.83,65,1999,Physics,STEM
S201700302,2017,1,M,0,Unknown,MI,INST_03,Regional College C (Teaching),teaching,3.85,69,1999,Art History,Humanities
S201700303,2017,0,M,0,Black,NC,INST_05,Urban University E (Research),research,3.19,59,1999,Biology,STEM
S201700304,2017,0,M,0,Black,OH,INST_05,Urban University E (Research),research,3.51,42,1999,Art History,Humanities
S201700305,2017,1,M,1,Multi,CA,INST_02,State University B (Research),research,3.66,66,1999,Economics,Social Sciences
S201700306,2017,0,M,0,Asian,PA,INST_02,State University B (Research),research,2.67,17,1999,History,Humanities
S201700307,2017,1,M,1,White,GA,INST_03,Regional College C (Teaching),teaching,3.81,52,1999,Spanish,Humanities
S201700308,2017,0,F,0,White,VA,INST_04,Regional College D (Teaching),teaching,3.49,19,1999,Anthropology,Social Sciences
S201700309,2017,1,F,1,Black,PA,INST_04,Regional College D (Teaching),teaching,3.26,75,1999,Mathematics,STEM
S201700310,2017,0,M,0,White,VA,INST_04,Regional College D (Teaching),teaching,3.32,31,1999,Art History,Humanities
S201700311,2017,1,F,0,White,TX,INST_05,Urban University E (Research),research,3.61,56,1999,Electrical Engineering,STEM
S201700312,2017,1,M,0,White,CA,INST_05,Urban University E (Research),research,3.07,65,1999,Pre-Med,Health
S201700313,2017,0,M,0,Hispanic,NC,INST_04,Regional College D (Teaching),teaching,3.06,72,1999,Computer Science,STEM
S201700314,2017,0,M,0,White,PA,INST_03,Regional College C (Teaching),teaching,2.97,63,1999,Education,Other
S201700315,2017,0,F,1,White,CA,INST_04,Regional College D (Teaching),teaching,2.58,41,1999,Physics,STEM
S201700316,2017,0,F,0,Hispanic,OH,INST_03,Regional College C (Teaching),teaching,3.73,37,1999,Computer Science,STEM
S201700317,2017,0,M,0,White,OH,INST_04,Regional College D (Teaching),teaching,2.97,62,1999,Art History,Humanities
S201700318,2017,0,F,0,White,CA,INST_02,State University B (Research),research,3.56,77,1999,Chemistry,STEM
S201700319,2017,0,F,0,Multi,TX,INST_01,State University A (Research),research,2.64,29,1999,Education,Other
S201700320,2017,0,M,1,Hispanic,VA,INST_02,State University B (Research),research,3.58,44,1999,Political Science,Social Sciences
S201700321,2017,0,F,0,Hispanic,FL,INST_04,Regional College D (Teaching),teaching,2.94,76,1999,Computer Science,STEM
S201700322,2017,0,F,1,Black,NJ,INST_04,Regional College D (Teaching),teaching,2.57,47,1999,Finance,Business
S201700323,2017,0,M,0,Unknown,IL,INST_03,Regional College C (Teaching),teaching,3.62,64,1999,Psychology,Social Sciences
S201700324,2017,0,M,0,Black,VA,INST_05,Urban University E (Research),research,3.44,70,1999,Pre-Med,Health
S201700325,2017,1,F,0,White,NJ,INST_01,State University A (Research),research,3.27,44,1999,Pre-Med,Health
S201700326,2017,1,M,0,Multi,MI,INST_02,State University B (Research),research,3.53,46,1999,Economics-Bus,Business
S201700327,2017,0,M,0,White,GA,INST_01,State University A (Research),research,3.03,62,1999,English,Humanities
S201700328,2017,0,F,0,White,MI,INST_01,State University A (Research),research,2.96,64,1999,Pre-Med,Health
S201700329,2017,1,M,0,White,CA,INST_05,Urban University E (Research),research,3.48,57,1999,Public Health,Health
S201700330,2017,0,M,1,White,NC,INST_03,Regional College C (Teaching),teaching,3.76,56,1999,Political Science,Social Sciences
S201700331,2017,1,M,0,Asian,OH,INST_02,State University B (Research),research,2.53,55,1999,Public Health,Health
S201700332,2017,0,M,1,White,OH,INST_01,State University A (Research),research,3.18,75,1999,Public Health,Health
S201700333,2017,0,M,1,Black,NY,INST_02,State University B (Research),research,3.33,82,1999,Civil Engineering,STEM
S201700334,2017,1,M,0,White,NY,INST_03,Regional College C (Teaching),teaching,2.37,58,1999,English,Humanities
S201700335,2017,0,F,0,Multi,TX,INST_01,State University A (Research),research,3.82,29,1999,Marketing,Business
S201700336,2017,1,F,0,Hispanic,FL,INST_04,Regional College D (Teaching),teaching,3.62,54,1999,Philosophy,Humanities
S201700337,2017,1,M,1,Asian,CA,INST_02,State University B (Research),research,3.23,44,1999,Communications,Other
S201700338,2017,1,F,1,Black,NJ,INST_02,State University B (Research),research,3.02,81,1999,Nursing,Health
S201700339,2017,1,M,0,White,NY,INST_01,State University A (Research),research,3.41,35,1999,Anthropology,Social Sciences
S201700340,2017,1,F,0,White,VA,INST_04,Regional College D (Teaching),teaching,3.06,40,1999,English,Humanities
S201700341,2017,0,M,1,White,NJ,INST_01,State University A (Research),research,2.73,48,1999,Chemistry,STEM
S201700342,2017,0,M,0,Black,FL,INST_04,Regional College D (Teaching),teaching,3.57,27,1999,Economics,Social Sciences
S201700343,2017,0,F,1,Asian,TX,INST_01,State University A (Research),research,3.1,54,1999,Public Health,Health
S201700344,2017,1,F,0,White,IL,INST_03,Regional College C (Teaching),teaching,3.24,42,1999,Civil Engineering,STEM
S201700345,2017,0,M,1,White,CA,INST_03,Regional College C (Teaching),teaching,3.25,54,1999,Nursing,Health
S201700346,2017,0,F,0,White,NJ,INST_04,Regional College D (Teaching),teaching,2.66,72,1999,English,Humanities
S201700347,2017,0,M,0,Hispanic,GA,INST_05,Urban University E (Research),research,3.36,32,1999,Mechanical Engineering,STEM
S201700348,2017,0,F,0,Hispanic,CA,INST_03,Regional College C (Teaching),teaching,3.41,64,1999,Sociology,Social Sciences
S201700349,2017,0,F,0,Hispanic,NC,INST_02,State University B (Research),research,1.8,25,1999,General Studies,Other
S201700350,2017,1,F,0,White,MI,INST_01,State University A (Research),research,3.51,63,1999,Economics,Social Sciences
S201700351,2017,0,M,1,White,PA,INST_02,State University B (Research),research,2.91,38,1999,Political Science,Social Sciences
S201700352,2017,1,F,1,White,NY,INST_02,State University B (Research),research,2.89,33,1999,Computer Science,STEM
S201700353,2017,0,F,0,Hispanic,FL,INST_05,Urban University E (Research),research,2.99,26,1999,Management,Business
S201700354,2017,0,M,0,White,NC,INST_02,State University B (Research),research,3.81,70,1999,Economics-Bus,Business
S201700355,2017,0,M,0,White,NJ,INST_02,State University B (Research),research,3.37,70,1999,Art History,Humanities
S201700356,2017,1,F,0,White,NY,INST_02,State University B (Research),research,4.0,54,1999,General Studies,Other
S201700357,2017,0,M,1,White,GA,INST_05,Urban University E (Research),research,3.21,94,1999,Mechanical Engineering,STEM
S201700358,2017,0,F,0,Hispanic,VA,INST_01,State University A (Research),research,3.48,52,1999,Philosophy,Humanities
S201700359,2017,0,F,0,Asian,VA,INST_02,State University B (Research),research,3.56,42,1999,Nursing,Health
S201700360,2017,0,F,1,Hispanic,VA,INST_05,Urban University E (Research),research,4.0,64,1999,Finance,Business
S201700361,2017,1,M,0,Black,GA,INST_03,Regional College C (Teaching),teaching,3.47,43,1999,Sociology,Social Sciences
S201700362,2017,0,F,1,White,GA,INST_03,Regional College C (Teaching),teaching,3.0,39,1999,Mathematics,STEM
S201700363,2017,0,F,0,Asian,CA,INST_03,Regional College C (Teaching),teaching,3.29,69,1999,Mathematics,STEM
S201700364,2017,0,F,0,Asian,NY,INST_03,Regional College C (Teaching),teaching,3.14,69,1999,Public Health,Health
S201700365,2017,1,M,0,White,PA,INST_02,State University B (Research),research,3.66,31,1999,Marketing,Business
S201700366,2017,1,F,0,White,NY,INST_02,State University B (Research),research,2.88,61,1999,General Studies,Other
S201700367,2017,0,M,1,Black,NJ,INST_02,State University B (Research),research,3.46,40,1999,Computer Science,STEM
S201700368,2017,0,F,0,White,GA,INST_01,State University A (Research),research,2.79,25,1999,Mechanical Engineering,STEM
S201700369,2017,0,M,0,Black,NJ,INST_01,State University A (Research),research,2.2,68,1999,Sociology,Social Sciences
S201700370,2017,0,F,0,Hispanic,OH,INST_02,State University B (Research),research,3.37,53,1998,Psychology,Social Sciences
S201700371,2017,1,F,1,Hispanic,MI,INST_04,Regional College D (Teaching),teaching,3.47,40,1999,Statistics,STEM
S201700372,2017,0,F,1,White,OH,INST_04,Regional College D (Teaching),teaching,3.73,32,1999,Kinesiology,Health
S201700373,2017,1,M,0,Hispanic,FL,INST_03,Regional College C (Teaching),teaching,3.0,38,1999,Communications,Other
S201700374,2017,0,M,0,Hispanic,NJ,INST_04,Regional College D (Teaching),teaching,2.86,50,1999,Political Science,Social Sciences
S201700375,2017,0,F,0,Black,NC,INST_05,Urban University E (Research),research,2.21,29,1999,Mechanical Engineering,STEM
S201700376,2017,0,NB,0,White,OH,INST_03,Regional College C (Teaching),teaching,3.48,46,1999,Kinesiology,Health
S201700377,2017,0,F,0,White,FL,INST_03,Regional College C (Teaching),teaching,3.45,44,1999,Nursing,Health
S201700378,2017,1,F,0,Black,NC,INST_01,State University A (Research),research,2.74,67,1999,Statistics,STEM
S201700379,2017,0,F,0,Multi,NJ,INST_04,Regional College D (Teaching),teaching,3.52,54,1999,Public Health,Health
S201700380,2017,0,F,0,White,NY,INST_05,Urban University E (Research),research,3.07,64,1999,Sociology,Social Sciences
S201700381,2017,1,M,1,Hispanic,FL,INST_03,Regional College C (Teaching),teaching,3.11,69,1999,Physics,STEM
S201700382,2017,1,M,0,Hispanic,NJ,INST_05,Urban University E (Research),research,3.96,58,1999,Political Science,Social Sciences
S201700383,2017,1,M,1,Hispanic,VA,INST_01,State University A (Research),research,3.42,37,1999,Physics,STEM
S201700384,2017,0,F,0,White,NY,INST_03,Regional College C (Teaching),teaching,2.8,73,1999,Accounting,Business
S201700385,2017,1,M,0,Black,OH,INST_01,State University A (Research),research,2.16,59,1999,Kinesiology,Health
S201700386,2017,0,M,0,Hispanic,GA,INST_02,State University B (Research),research,3.07,42,1999,Electrical Engineering,STEM
S201700387,2017,0,F,0,Hispanic,FL,INST_01,State University A (Research),research,3.26,7,1999,Sociology,Social Sciences
S201700388,2017,1,F,0,White,TX,INST_04,Regional College D (Teaching),teaching,4.0,85,1999,Kinesiology,Health
S201700389,2017,1,F,0,Black,VA,INST_05,Urban University E (Research),research,3.34,52,1999,Anthropology,Social Sciences
S201700390,2017,0,M,0,Unknown,IL,INST_04,Regional College D (Teaching),teaching,3.41,37,1999,Undeclared,Other
S201700391,2017,1,M,0,Black,FL,INST_05,Urban University E (Research),research,3.31,60,1999,Communications,Other
S201700392,2017,0,M,1,Asian,FL,INST_03,Regional College C (Teaching),teaching,2.52,47,1999,Finance,Business
S201700393,2017,1,F,1,White,GA,INST_05,Urban University E (Research),research,3.16,29,1999,Political Science,Social Sciences
S201700394,2017,0,F,1,White,CA,INST_02,State University B (Research),research,3.31,77,1999,Economics-Bus,Business
S201700395,2017,0,M,0,Hispanic,GA,INST_05,Urban University E (Research),research,3.76,68,1999,Biomedical Engineering,STEM
S201700396,2017,1,F,0,White,CA,INST_04,Regional College D (Teaching),teaching,2.12,56,1998,Computer Science,STEM
S201700397,2017,0,F,0,Asian,VA,INST_04,Regional College D (Teaching),teaching,3.11,37,1999,Management,Business
S201700398,2017,1,M,0,White,NC,INST_01,State University A (Research),research,2.99,36,1999,Communications,Other
S201700399,2017,0,F,0,Hispanic,VA,INST_02,State University B (Research),research,3.4,43,1998,Sociology,Social Sciences
S201700400,2017,0,F,1,White,NC,INST_01,State University A (Research),research,3.27,46,1999,Mathematics,STEM
S201700401,2017,0,F,0,White,FL,INST_05,Urban University E (Research),research,3.36,68,1999,History,Humanities
S201700402,2017,0,F,0,Black,NJ,INST_05,Urban University E (Research),research,3.39,58,1999,Nursing,Health
S201700403,2017,1,F,0,Hispanic,CA,INST_05,Urban University E (Research),research,3.57,51,1999,Physics,STEM
S201700404,2017,0,M,0,White,CA,INST_03,Regional College C (Teaching),teaching,2.18,52,1999,Kinesiology,Health
S201700405,2017,0,M,1,White,GA,INST_01,State University A (Research),research,3.3,54,1999,Psychology,Social Sciences
S201700406,2017,1,F,0,Black,PA,INST_03,Regional College C (Teaching),teaching,4.0,74,1999,Management,Business
S201700407,2017,1,M,0,White,NY,INST_05,Urban University E (Research),research,3.16,28,1999,Marketing,Business
S201700408,2017,0,F,0,White,GA,INST_03,Regional College C (Teaching),teaching,4.0,79,1999,Anthropology,Social Sciences
S201700409,2017,1,M,0,White,IL,INST_01,State University A (Research),research,2.86,65,1999,Kinesiology,Health
S201700410,2017,0,F,0,White,OH,INST_02,State University B (Research),research,3.15,53,1999,Economics-Bus,Business
S201700411,2017,0,F,0,White,TX,INST_03,Regional College C (Teaching),teaching,2.76,51,1999,Economics-Bus,Business
S201700412,2017,1,F,0,Multi,FL,INST_05,Urban University E (Research),research,3.57,50,1999,Mathematics,STEM
S201700413,2017,0,F,0,White,FL,INST_02,State University B (Research),research,3.37,58,1999,General Studies,Other
S201700414,2017,0,M,0,Multi,FL,INST_04,Regional College D (Teaching),teaching,3.57,73,1999,Marketing,Business
S201700415,2017,1,F,0,Multi,PA,INST_04,Regional College D (Teaching),teaching,3.4,84,1999,Computer Science,STEM
S201700416,2017,1,F,0,White,NJ,INST_02,State University B (Research),research,3.42,94,1999,Marketing,Business
S201700417,2017,1,F,1,Black,MI,INST_05,Urban University E (Research),research,3.4,63,1999,Nursing,Health
S201700418,2017,0,F,0,White,VA,INST_03,Regional College C (Teaching),teaching,2.71,49,1999,Public Health,Health
S201700419,2017,1,F,0,White,NC,INST_01,State University A (Research),research,3.18,25,1999,Undeclared,Other
S201700420,2017,0,M,1,Hispanic,NJ,INST_02,State University B (Research),research,3.26,40,1999,Philosophy,Humanities
S201700421,2017,0,F,0,Asian,MI,INST_05,Urban University E (Research),research,3.47,46,1999,Spanish,Humanities
S201700422,2017,0,M,0,White,IL,INST_05,Urban University E (Research),research,3.44,6,1999,Political Science,Social Sciences
S201700423,2017,0,M,0,Hispanic,NC,INST_04,Regional College D (Teaching),teaching,2.79,65,1999,Marketing,Business
S201700424,2017,1,M,0,White,NC,INST_01,State University A (Research),research,2.98,60,1999,Electrical Engineering,STEM
S201700425,2017,1,M,1,White,NY,INST_03,Regional College C (Teaching),teaching,2.57,36,1999,Civil Engineering,STEM
S201700426,2017,0,F,0,Black,MI,INST_04,Regional College D (Teaching),teaching,3.47,50,1999,Education,Other
S201700427,2017,1,M,0,White,IL,INST_03,Regional College C (Teaching),teaching,3.09,68,1999,Physics,STEM
S201700428,2017,0,M,0,White,FL,INST_03,Regional College C (Teaching),teaching,2.92,77,1999,Kinesiology,Health
S201700429,2017,0,M,0,White,NJ,INST_02,State University B (Research),research,3.03,78,1999,Psychology,Social Sciences
S201700430,2017,0,F,0,Multi,OH,INST_01,State University A (Research),research,3.11,49,1999,Accounting,Business
S201700431,2017,0,M,0,Hispanic,PA,INST_01,State University A (Research),research,2.73,34,1999,Economics,Social Sciences
S201700432,2017,0,F,0,White,IL,INST_05,Urban University E (Research),research,3.97,62,1999,Economics,Social Sciences
S201700433,2017,0,M,0,Asian,TX,INST_04,Regional College D (Teaching),teaching,3.09,45,1999,Communications,Other
S201700434,2017,1,M,1,White,PA,INST_04,Regional College D (Teaching),teaching,3.5,60,1999,Computer Science,STEM
S201700435,2017,0,F,0,Multi,NJ,INST_05,Urban University E (Research),research,3.8,67,1999,Public Health,Health
S201700436,2017,0,F,1,White,FL,INST_03,Regional College C (Teaching),teaching,3.36,40,1999,Accounting,Business
S201700437,2017,1,F,0,Hispanic,FL,INST_05,Urban University E (Research),research,3.09,99,1999,History,Humanities
S201700438,2017,0,F,0,White,TX,INST_05,Urban University E (Research),research,3.12,68,1999,Economics,Social Sciences
S201700439,2017,0,F,0,Hispanic,TX,INST_03,Regional College C (Teaching),teaching,2.55,17,1999,Philosophy,Humanities
S201700440,2017,1,M,0,Black,OH,INST_04,Regional College D (Teaching),teaching,2.67,56,1999,History,Humanities
S201700441,2017,1,F,0,White,OH,INST_02,State University B (Research),research,3.19,49,1999,Accounting,Business
S201700442,2017,0,F,0,Hispanic,FL,INST_01,State University A (Research),research,3.52,52,1999,Accounting,Business
S201700443,2017,0,F,0,White,NY,INST_04,Regional College D (Teaching),teaching,3.56,46,1999,Pre-Med,Health
S201700444,2017,1,M,0,Hispanic,PA,INST_02,State University B (Research),research,3.04,53,1999,Philosophy,Humanities
S201700445,2017,1,M,0,Hispanic,PA,INST_02,State University B (Research),research,2.82,42,1999,Mechanical Engineering,STEM
S201700446,2017,0,M,0,White,TX,INST_01,State University A (Research),research,2.6,35,1999,Marketing,Business
S201700447,2017,0,M,1,White,MI,INST_02,State University B (Research),research,2.62,13,1999,Kinesiology,Health
S201700448,2017,0,F,0,Hispanic,NY,INST_01,State University A (Research),research,3.49,57,1999,Electrical Engineering,STEM
S201700449,2017,1,F,0,Asian,IL,INST_04,Regional College D (Teaching),teaching,2.87,49,1999,Public Health,Health
S201700450,2017,0,F,1,Black,TX,INST_05,Urban University E (Research),research,2.63,48,1999,Marketing,Business
S201700451,2017,0,F,0,Hispanic,GA,INST_03,Regional College C (Teaching),teaching,3.84,77,1999,Civil Engineering,STEM
S201700452,2017,1,M,0,Hispanic,IL,INST_03,Regional College C (Teaching),teaching,2.53,59,1999,English,Humanities
S201700453,2017,1,F,0,White,CA,INST_03,Regional College C (Teaching),teaching,2.87,53,1999,Sociology,Social Sciences
S201700454,2017,0,F,0,Asian,MI,INST_05,Urban University E (Research),research,4.0,42,1999,Nursing,Health
S201700455,2017,1,F,0,White,GA,INST_04,Regional College D (Teaching),teaching,2.58,75,1999,English,Humanities
S201700456,2017,0,F,0,Asian,MI,INST_03,Regional College C (Teaching),teaching,3.79,29,1999,Biomedical Engineering,STEM
S201700457,2017,1,F,0,White,MI,INST_02,State University B (Research),research,2.85,47,1999,Political Science,Social Sciences
S201700458,2017,0,F,0,Hispanic,PA,INST_03,Regional College C (Teaching),teaching,3.06,22,1999,Physics,STEM
S201700459,2017,0,M,0,Hispanic,PA,INST_04,Regional College D (Teaching),teaching,3.34,43,1999,English,Humanities
S201700460,2017,1,F,0,White,NC,INST_04,Regional College D (Teaching),teaching,3.11,37,1999,Chemistry,STEM
S201700461,2017,1,F,1,Multi,NJ,INST_04,Regional College D (Teaching),teaching,3.7,56,1999,Management,Business
S201700462,2017,0,M,0,White,MI,INST_04,Regional College D (Teaching),teaching,3.83,38,1998,Anthropology,Social Sciences
S201700463,2017,0,F,0,Hispanic,OH,INST_05,Urban University E (Research),research,3.53,51,1999,Chemistry,STEM
S201700464,2017,0,M,0,Hispanic,NY,INST_02,State University B (Research),research,2.75,59,1999,Economics-Bus,Business
S201700465,2017,1,F,0,White,TX,INST_02,State University B (Research),research,2.41,47,1999,Education,Other
S201700466,2017,0,M,0,White,CA,INST_03,Regional College C (Teaching),teaching,3.64,57,1999,Finance,Business
S201700467,2017,1,F,1,White,NJ,INST_05,Urban University E (Research),research,3.34,57,1999,Pre-Med,Health
S201700468,2017,0,M,1,Hispanic,VA,INST_03,Regional College C (Teaching),teaching,2.34,6,1999,Management,Business
S201700469,2017,1,M,0,White,VA,INST_02,State University B (Research),research,2.85,50,1999,Kinesiology,Health
S201700470,2017,1,M,0,Hispanic,MI,INST_01,State University A (Research),research,2.82,62,1999,Nursing,Health
S201700471,2017,1,F,0,Hispanic,IL,INST_01,State University A (Research),research,2.3,64,1999,Kinesiology,Health
S201700472,2017,0,F,1,White,VA,INST_04,Regional College D (Teaching),teaching,2.82,53,1999,Mechanical Engineering,STEM
S201700473,2017,0,M,0,Hispanic,FL,INST_04,Regional College D (Teaching),teaching,3.25,84,1999,General Studies,Other
S201700474,2017,0,F,0,Hispanic,CA,INST_05,Urban University E (Research),research,3.63,45,1999,Pre-Med,Health
S201700475,2017,1,F,0,White,FL,INST_03,Regional College C (Teaching),teaching,3.16,50,1999,Computer Science,STEM
S201700476,2017,1,M,0,White,NY,INST_05,Urban University E (Research),research,2.91,38,1999,Undeclared,Other
S201700477,2017,1,F,1,Hispanic,NC,INST_01,State University A (Research),research,2.44,89,1999,Political Science,Social Sciences
S201700478,2017,1,M,0,White,OH,INST_03,Regional College C (Teaching),teaching,2.99,36,1999,Marketing,Business
S201700479,2017,1,M,1,White,NY,INST_03,Regional College C (Teaching),teaching,3.09,27,1999,Biomedical Engineering,STEM
S201700480,2017,0,F,1,White,NJ,INST_02,State University B (Research),research,3.54,69,1999,Nursing,Health
S201700481,2017,0,M,0,White,FL,INST_04,Regional College D (Teaching),teaching,3.21,72,1999,Chemistry,STEM
S201700482,2017,1,F,0,White,PA,INST_04,Regional College D (Teaching),teaching,3.71,53,1999,Nursing,Health
S201700483,2017,1,M,0,Multi,NC,INST_03,Regional College C (Teaching),teaching,3.24,52,1999,Management,Business
S201700484,2017,1,M,1,Hispanic,MI,INST_05,Urban University E (Research),research,3.35,89,1999,Political Science,Social Sciences
S201700485,2017,1,NB,1,White,IL,INST_03,Regional College C (Teaching),teaching,2.72,65,1999,Physics,STEM
S201700486,2017,1,F,1,Asian,CA,INST_04,Regional College D (Teaching),teaching,3.25,35,1999,Physics,STEM
S201700487,2017,0,F,0,White,OH,INST_05,Urban University E (Research),research,3.29,38,1999,Anthropology,Social Sciences
S201700488,2017,1,M,1,Hispanic,TX,INST_02,State University B (Research),research,2.52,38,1999,Undeclared,Other
S201700489,2017,1,M,0,White,PA,INST_04,Regional College D (Teaching),teaching,3.56,73,1999,Philosophy,Humanities
S201700490,2017,0,M,0,White,TX,INST_04,Regional College D (Teaching),teaching,2.9,20,1999,Spanish,Humanities
S201700491,2017,0,F,0,Multi,PA,INST_02,State University B (Research),research,3.57,42,1999,Accounting,Business
S201700492,2017,0,F,0,White,NJ,INST_03,Regional College C (Teaching),teaching,3.71,62,1999,Accounting,Business
S201700493,2017,1,M,1,White,MI,INST_02,State University B (Research),research,3.53,56,1999,Communications,Other
S201700494,2017,1,M,0,Black,PA,INST_01,State University A (Research),research,4.0,72,1999,Nursing,Health
S201700495,2017,1,M,0,Hispanic,VA,INST_04,Regional College D (Teaching),teaching,3.55,68,1999,Economics,Social Sciences
S201700496,2017,0,M,0,White,VA,INST_03,Regional College C (Teaching),teaching,3.08,73,1999,Statistics,STEM
S201700497,2017,0,F,0,Asian,TX,INST_02,State University B (Research),research,3.58,80,1999,Electrical Engineering,STEM
S201700498,2017,0,F,0,White,IL,INST_04,Regional College D (Teaching),teaching,3.53,46,1999,Marketing,Business
S201700499,2017,1,F,0,Black,OH,INST_03,Regional College C (Teaching),teaching,2.2,31,1999,Management,Business
S201700500,2017,1,M,1,Black,TX,INST_05,Urban University E (Research),research,3.09,66,1999,Pre-Med,Health
S201700501,2017,0,F,0,Black,PA,INST_04,Regional College D (Teaching),teaching,3.6,80,1999,History,Humanities
S201700502,2017,0,F,1,White,MI,INST_01,State University A (Research),research,2.54,38,1999,Public Health,Health
S201700503,2017,1,F,0,White,OH,INST_03,Regional College C (Teaching),teaching,2.63,58,1999,Biology,STEM
S201700504,2017,0,F,0,Black,NY,INST_03,Regional College C (Teaching),teaching,3.61,69,1999,Management,Business
S201700505,2017,1,F,1,Black,GA,INST_01,State University A (Research),research,3.14,62,1999,Public Health,Health
S201700506,2017,0,M,0,White,VA,INST_02,State University B (Research),research,3.07,56,1999,Nursing,Health
S201700507,2017,0,M,1,Hispanic,NY,INST_05,Urban University E (Research),research,2.22,48,1999,Pre-Med,Health
S201700508,2017,0,F,0,Black,FL,INST_01,State University A (Research),research,3.1,51,1999,Biomedical Engineering,STEM
S201700509,2017,0,F,1,White,CA,INST_05,Urban University E (Research),research,2.78,77,1999,Biology,STEM
S201700510,2017,0,M,1,Hispanic,NC,INST_02,State University B (Research),research,3.12,41,1999,Sociology,Social Sciences
S201700511,2017,1,F,0,Hispanic,IL,INST_05,Urban University E (Research),research,2.51,35,1999,Pre-Med,Health
S201700512,2017,0,M,0,White,CA,INST_02,State University B (Research),research,2.59,64,1999,Accounting,Business
S201700513,2017,0,M,0,White,NY,INST_02,State University B (Research),research,3.31,73,1999,Mathematics,STEM
S201700514,2017,1,M,0,Hispanic,VA,INST_05,Urban University E (Research),research,3.56,56,1999,Computer Science,STEM
S201700515,2017,0,F,0,Black,NY,INST_01,State University A (Research),research,4.0,73,1999,Computer Science,STEM
S201700516,2017,1,F,0,Hispanic,NY,INST_02,State University B (Research),research,3.15,89,1999,Marketing,Business
S201700517,2017,1,M,0,Hispanic,OH,INST_01,State University A (Research),research,3.09,30,1999,Education,Other
S201700518,2017,0,M,1,Unknown,PA,INST_05,Urban University E (Research),research,3.62,32,1999,Chemistry,STEM
S201700519,2017,1,M,0,White,VA,INST_01,State University A (Research),research,2.93,53,1999,English,Humanities
S201700520,2017,1,F,0,Black,NC,INST_03,Regional College C (Teaching),teaching,2.77,67,1999,Accounting,Business
S201700521,2017,0,M,0,White,TX,INST_02,State University B (Research),research,3.75,56,1999,Mathematics,STEM
S201700522,2017,1,F,0,White,PA,INST_03,Regional College C (Teaching),teaching,3.13,39,1999,Nursing,Health
S201700523,2017,1,NB,0,Asian,NJ,INST_04,Regional College D (Teaching),teaching,2.77,44,1999,Psychology,Social Sciences
S201700524,2017,0,F,0,AIAN,PA,INST_02,State University B (Research),research,3.28,79,1999,Chemistry,STEM
S201700525,2017,0,M,0,White,VA,INST_04,Regional College D (Teaching),teaching,3.82,50,1998,English,Humanities
S201700526,2017,0,M,1,Hispanic,VA,INST_01,State University A (Research),research,3.46,13,1999,Art History,Humanities
S201700527,2017,1,F,1,White,VA,INST_04,Regional College D (Teaching),teaching,3.24,37,1999,Political Science,Social Sciences
S201700528,2017,0,M,1,Asian,TX,INST_03,Regional College C (Teaching),teaching,2.78,29,1999,Management,Business
S201700529,2017,0,M,0,White,NJ,INST_05,Urban University E (Research),research,4.0,22,1999,Physics,STEM
S201700530,2017,1,M,0,Hispanic,GA,INST_05,Urban University E (Research),research,3.13,68,1999,History,Humanities
S201700531,2017,1,F,0,White,PA,INST_02,State University B (Research),research,3.05,51,1999,Nursing,Health
S201700532,2017,0,F,1,White,NY,INST_02,State University B (Research),research,3.53,3,1999,Biomedical Engineering,STEM
S201700533,2017,0,M,0,Asian,OH,INST_03,Regional College C (Teaching),teaching,3.78,54,1999,Nursing,Health
S201700534,2017,0,M,0,White,IL,INST_02,State University B (Research),research,3.25,80,1999,Management,Business
S201700535,2017,0,M,0,Asian,NJ,INST_05,Urban University E (Research),research,4.0,39,1999,Sociology,Social Sciences
S201700536,2017,0,M,0,White,OH,INST_03,Regional College C (Teaching),teaching,3.27,48,1999,English,Humanities
S201700537,2017,1,M,0,White,NC,INST_04,Regional College D (Teaching),teaching,3.06,78,1999,Nursing,Health
S201700538,2017,0,M,0,Hispanic,TX,INST_03,Regional College C (Teaching),teaching,1.71,42,1999,Mechanical Engineering,STEM
S201700539,2017,0,M,0,Multi,IL,INST_04,Regional College D (Teaching),teaching,2.82,75,1999,Accounting,Business
S201700540,2017,0,F,1,White,CA,INST_04,Regional College D (Teaching),teaching,3.73,58,1999,Marketing,Business
S201700541,2017,0,NB,0,White,NJ,INST_04,Regional College D (Teaching),teaching,3.4,91,1999,Communications,Other
S201700542,2017,0,M,0,Hispanic,VA,INST_02,State University B (Research),research,2.72,74,1999,Spanish,Humanities
S201700543,2017,1,F,0,White,TX,INST_03,Regional College C (Teaching),teaching,2.56,58,1999,Kinesiology,Health
S201700544,2017,0,M,0,White,IL,INST_04,Regional College D (Teaching),teaching,3.52,35,1999,Public Health,Health
S201700545,2017,0,M,0,White,FL,INST_04,Regional College D (Teaching),teaching,3.06,92,1999,Mechanical Engineering,STEM
S201700546,2017,0,M,0,White,FL,INST_01,State University A (Research),research,3.78,56,1999,Mechanical Engineering,STEM
S201700547,2017,1,M,0,White,NJ,INST_01,State University A (Research),research,2.97,46,1999,Accounting,Business
S201700548,2017,0,M,0,White,NJ,INST_05,Urban University E (Research),research,3.54,74,1999,Nursing,Health
S201700549,2017,1,M,0,Hispanic,FL,INST_05,Urban University E (Research),research,2.99,50,1999,Anthropology,Social Sciences
S201700550,2017,1,F,1,Asian,GA,INST_01,State University A (Research),research,3.06,54,1999,Civil Engineering,STEM
S201700551,2017,1,F,0,White,VA,INST_04,Regional College D (Teaching),teaching,3.42,40,1999,English,Humanities
S201700552,2017,0,F,1,Asian,IL,INST_01,State University A (Research),research,3.03,60,1998,Economics-Bus,Business
S201700553,2017,1,M,0,Unknown,FL,INST_04,Regional College D (Teaching),teaching,3.54,93,1999,Art History,Humanities
S201700554,2017,1,F,0,White,NC,INST_04,Regional College D (Teaching),teaching,2.24,31,1999,Mechanical Engineering,STEM
S201700555,2017,1,F,0,White,NJ,INST_03,Regional College C (Teaching),teaching,3.67,48,1999,Anthropology,Social Sciences
S201700556,2017,0,M,0,White,IL,INST_02,State University B (Research),research,3.29,45,1999,Psychology,Social Sciences
S201700557,2017,0,F,0,Hispanic,NC,INST_03,Regional College C (Teaching),teaching,3.23,68,1999,Economics-Bus,Business
S201700558,2017,0,M,1,Multi,VA,INST_04,Regional College D (Teaching),teaching,2.72,44,1999,Nursing,Health
S201700559,2017,1,M,0,Multi,NJ,INST_05,Urban University E (Research),research,2.88,92,1999,Economics,Social Sciences
S201700560,2017,1,F,0,White,OH,INST_02,State University B (Research),research,2.82,34,1999,Management,Business
S201700561,2017,1,F,0,White,NJ,INST_04,Regional College D (Teaching),teaching,2.41,41,1999,Mechanical Engineering,STEM
S201700562,2017,0,F,0,Hispanic,TX,INST_04,Regional College D (Teaching),teaching,2.94,87,1999,Kinesiology,Health
S201700563,2017,0,M,0,White,NJ,INST_05,Urban University E (Research),research,3.91,58,1999,Chemistry,STEM
S201700564,2017,0,M,1,White,IL,INST_02,State University B (Research),research,3.17,64,1999,Accounting,Business
S201700565,2017,0,M,0,Black,OH,INST_01,State University A (Research),research,3.51,53,1999,Statistics,STEM
S201700566,2017,0,M,1,White,NC,INST_03,Regional College C (Teaching),teaching,3.64,82,1999,Economics,Social Sciences
S201700567,2017,1,F,0,Asian,VA,INST_04,Regional College D (Teaching),teaching,3.42,62,1999,Economics-Bus,Business
S201700568,2017,1,F,0,Asian,FL,INST_04,Regional College D (Teaching),teaching,3.79,38,1999,Economics,Social Sciences
S201700569,2017,0,M,0,White,MI,INST_01,State University A (Research),research,4.0,51,1999,Communications,Other
S201700570,2017,0,F,0,White,MI,INST_01,State University A (Research),research,2.74,25,1999,English,Humanities
S201700571,2017,0,F,0,Asian,NY,INST_04,Regional College D (Teaching),teaching,3.19,88,1999,Finance,Business
S201700572,2017,1,F,1,White,MI,INST_04,Regional College D (Teaching),teaching,2.99,39,1999,Anthropology,Social Sciences
S201700573,2017,0,F,0,White,TX,INST_04,Regional College D (Teaching),teaching,3.89,37,1999,Accounting,Business
S201700574,2017,1,M,0,White,NC,INST_03,Regional College C (Teaching),teaching,3.03,25,1999,Economics,Social Sciences
S201700575,2017,0,M,0,Hispanic,NY,INST_02,State University B (Research),research,3.41,59,1999,Chemistry,STEM
S201700576,2017,1,M,0,Black,MI,INST_01,State University A (Research),research,3.54,54,1999,Communications,Other
S201700577,2017,0,F,0,White,CA,INST_05,Urban University E (Research),research,3.65,35,1999,Nursing,Health
S201700578,2017,1,F,1,White,GA,INST_04,Regional College D (Teaching),teaching,3.63,54,1999,Accounting,Business
S201700579,2017,0,F,1,AIAN,NC,INST_03,Regional College C (Teaching),teaching,3.49,59,1999,Philosophy,Humanities
S201700580,2017,0,M,1,White,NJ,INST_04,Regional College D (Teaching),teaching,3.06,67,1999,Marketing,Business
S201700581,2017,0,M,1,White,OH,INST_05,Urban University E (Research),research,3.58,72,1999,Management,Business
S201700582,2017,0,F,1,White,GA,INST_02,State University B (Research),research,3.71,90,1999,Biology,STEM
S201700583,2017,0,F,0,White,IL,INST_01,State University A (Research),research,2.85,66,1999,Philosophy,Humanities
S201700584,2017,1,F,0,White,GA,INST_02,State University B (Research),research,2.73,68,1999,Public Health,Health
S201700585,2017,0,M,0,White,OH,INST_04,Regional College D (Teaching),teaching,3.22,44,1999,Biomedical Engineering,STEM
S201700586,2017,1,M,0,Asian,TX,INST_02,State University B (Research),research,2.99,37,1999,Management,Business
S201700587,2017,0,M,1,Multi,MI,INST_02,State University B (Research),research,3.09,66,1999,Statistics,STEM
S201700588,2017,1,M,0,Hispanic,OH,INST_02,State University B (Research),research,3.77,79,1999,Political Science,Social Sciences
S201700589,2017,1,F,1,White,NY,INST_03,Regional College C (Teaching),teaching,2.1,50,1999,Kinesiology,Health
S201700590,2017,1,F,0,White,MI,INST_02,State University B (Research),research,3.64,70,1999,Electrical Engineering,STEM
S201700591,2017,0,M,0,Black,VA,INST_04,Regional College D (Teaching),teaching,3.87,87,1999,Art History,Humanities
S201700592,2017,0,F,0,White,MI,INST_02,State University B (Research),research,3.37,49,1999,Finance,Business
S201700593,2017,0,M,0,White,FL,INST_04,Regional College D (Teaching),teaching,2.85,40,1999,History,Humanities
S201700594,2017,0,F,0,Hispanic,NY,INST_01,State University A (Research),research,3.66,44,1999,Economics-Bus,Business
S201700595,2017,0,M,0,White,NJ,INST_02,State University B (Research),research,3.43,58,1999,General Studies,Other
S201700596,2017,0,M,0,White,PA,INST_01,State University A (Research),research,3.42,70,1999,Undeclared,Other
S201700597,2017,1,M,1,White,PA,INST_03,Regional College C (Teaching),teaching,3.41,17,1999,Finance,Business
S201700598,2017,0,F,0,White,NY,INST_01,State University A (Research),research,2.42,66,1999,Marketing,Business
S201700599,2017,0,M,0,Black,MI,INST_03,Regional College C (Teaching),teaching,2.87,15,1999,Art History,Humanities
S201700600,2017,0,M,0,White,NY,INST_03,Regional College C (Teaching),teaching,2.99,91,1999,Education,Other
S201700601,2017,0,M,0,Black,NJ,INST_01,State University A (Research),research,3.29,49,1999,Anthropology,Social Sciences
S201700602,2017,1,F,1,Asian,IL,INST_01,State University A (Research),research,2.48,35,1999,General Studies,Other
S201700603,2017,0,F,0,Hispanic,OH,INST_02,State University B (Research),research,3.13,70,1999,Kinesiology,Health
S201700604,2017,0,M,1,Hispanic,FL,INST_02,State University B (Research),research,3.09,36,1999,Anthropology,Social Sciences
S201700605,2017,1,M,0,White,CA,INST_01,State University A (Research),research,3.95,35,1999,Kinesiology,Health
S201700606,2017,0,F,1,Asian,IL,INST_04,Regional College D (Teaching),teaching,3.17,55,1999,Psychology,Social Sciences
S201700607,2017,0,F,1,Hispanic,FL,INST_05,Urban University E (Research),research,3.67,65,1999,Nursing,Health
S201700608,2017,0,F,1,White,TX,INST_04,Regional College D (Teaching),teaching,3.03,27,1999,Philosophy,Humanities
S201700609,2017,0,F,1,Asian,IL,INST_03,Regional College C (Teaching),teaching,2.9,76,1999,General Studies,Other
S201700610,2017,0,M,1,White,MI,INST_02,State University B (Research),research,3.33,65,1999,Sociology,Social Sciences
S201700611,2017,0,F,0,Black,VA,INST_03,Regional College C (Teaching),teaching,2.71,30,1999,General Studies,Other
S201700612,2017,0,F,0,Hispanic,OH,INST_05,Urban University E (Research),research,3.01,41,1998,Spanish,Humanities
S201700613,2017,1,M,1,Black,MI,INST_03,Regional College C (Teaching),teaching,2.47,60,1999,General Studies,Other
S201700614,2017,0,M,0,Hispanic,IL,INST_03,Regional College C (Teaching),teaching,3.32,46,1999,Mathematics,STEM
S201700615,2017,1,F,0,White,PA,INST_05,Urban University E (Research),research,3.19,57,1999,Electrical Engineering,STEM
S201700616,2017,0,F,0,White,NJ,INST_04,Regional College D (Teaching),teaching,3.47,85,1999,Pre-Med,Health
S201700617,2017,0,M,0,White,GA,INST_05,Urban University E (Research),research,3.08,57,1999,Anthropology,Social Sciences
S201700618,2017,0,F,0,White,NJ,INST_04,Regional College D (Teaching),teaching,3.05,37,1999,Psychology,Social Sciences
S201700619,2017,0,F,0,White,MI,INST_02,State University B (Research),research,2.97,40,1999,Public Health,Health
S201700620,2017,1,F,0,White,CA,INST_04,Regional College D (Teaching),teaching,3.81,48,1999,Art History,Humanities
S201700621,2017,0,M,1,Black,NY,INST_01,State University A (Research),research,2.96,54,1999,Public Health,Health
S201700622,2017,0,M,0,White,OH,INST_02,State University B (Research),research,3.27,31,1999,Physics,STEM
S201700623,2017,0,M,0,Black,GA,INST_01,State University A (Research),research,3.12,32,1999,Biology,STEM
S201700624,2017,0,M,0,White,NJ,INST_05,Urban University E (Research),research,3.24,55,1999,Marketing,Business
S201700625,2017,0,F,1,Hispanic,MI,INST_02,State University B (Research),research,2.77,69,1999,Philosophy,Humanities
S201700626,2017,1,M,0,White,NJ,INST_04,Regional College D (Teaching),teaching,3.25,79,1999,Art History,Humanities
S201700627,2017,0,F,1,White,GA,INST_02,State University B (Research),research,3.06,36,1999,Pre-Med,Health
S201700628,2017,1,M,0,White,CA,INST_05,Urban University E (Research),research,3.14,56,1999,Electrical Engineering,STEM
S201700629,2017,0,F,0,White,OH,INST_01,State University A (Research),research,2.75,60,1999,English,Humanities
S201700630,2017,0,F,1,White,FL,INST_03,Regional College C (Teaching),teaching,1.95,56,1999,Communications,Other
S201700631,2017,0,NB,1,Black,NJ,INST_05,Urban University E (Research),research,3.33,61,1998,Psychology,Social Sciences
S201700632,2017,0,M,0,Hispanic,NC,INST_04,Regional College D (Teaching),teaching,3.04,73,1999,Sociology,Social Sciences
S201700633,2017,0,M,0,Unknown,TX,INST_05,Urban University E (Research),research,3.67,53,1999,Anthropology,Social Sciences
S201700634,2017,1,F,0,White,OH,INST_05,Urban University E (Research),research,3.1,59,1999,Psychology,Social Sciences
S201700635,2017,0,M,1,White,NC,INST_01,State University A (Research),research,2.13,54,1999,Anthropology,Social Sciences
S201700636,2017,1,F,0,AIAN,NJ,INST_01,State University A (Research),research,2.62,78,1999,History,Humanities
S201700637,2017,1,M,0,Hispanic,PA,INST_05,Urban University E (Research),research,2.94,28,1999,Kinesiology,Health
S201700638,2017,0,F,0,Hispanic,NY,INST_02,State University B (Research),research,3.21,15,1999,Electrical Engineering,STEM
S201700639,2017,0,F,0,Hispanic,OH,INST_04,Regional College D (Teaching),teaching,3.11,47,1999,Nursing,Health
S201700640,2017,1,M,0,Hispanic,NY,INST_02,State University B (Research),research,3.6,34,1999,Civil Engineering,STEM
S201700641,2017,0,F,1,Black,OH,INST_01,State University A (Research),research,2.54,48,1999,General Studies,Other
S201700642,2017,0,F,0,White,CA,INST_05,Urban University E (Research),research,4.0,78,1999,Finance,Business
S201700643,2017,0,M,0,Hispanic,NY,INST_01,State University A (Research),research,3.76,44,1999,Finance,Business
S201700644,2017,1,F,0,Asian,PA,INST_03,Regional College C (Teaching),teaching,2.45,56,1999,Statistics,STEM
S201700645,2017,0,F,0,White,CA,INST_02,State University B (Research),research,3.4,41,1999,Chemistry,STEM
S201700646,2017,0,F,0,White,NY,INST_04,Regional College D (Teaching),teaching,2.6,67,1999,Anthropology,Social Sciences
S201700647,2017,0,M,0,Black,TX,INST_04,Regional College D (Teaching),teaching,3.4,54,1999,Sociology,Social Sciences
S201700648,2017,1,M,0,Multi,CA,INST_04,Regional College D (Teaching),teaching,3.67,43,1999,Mathematics,STEM
S201700649,2017,1,F,0,White,TX,INST_02,State University B (Research),research,2.77,28,1999,Nursing,Health
S201700650,2017,0,F,0,Hispanic,IL,INST_01,State University A (Research),research,3.22,24,1999,Economics,Social Sciences
S201700651,2017,0,M,0,Multi,NJ,INST_03,Regional College C (Teaching),teaching,3.11,34,1999,Public Health,Health
S201700652,2017,0,F,1,White,PA,INST_05,Urban University E (Research),research,3.42,70,1999,Art History,Humanities
S201700653,2017,1,M,0,Black,TX,INST_04,Regional College D (Teaching),teaching,2.99,79,1999,Computer Science,STEM
S201700654,2017,0,M,0,Hispanic,FL,INST_01,State University A (Research),research,3.05,72,1999,Philosophy,Humanities
S201700655,2017,0,F,0,Hispanic,NC,INST_04,Regional College D (Teaching),teaching,2.98,92,1999,Mathematics,STEM
S201700656,2017,0,F,0,White,NC,INST_03,Regional College C (Teaching),teaching,3.04,76,1999,Biology,STEM
S201700657,2017,0,M,1,White,OH,INST_03,Regional College C (Teaching),teaching,3.41,66,1999,Art History,Humanities
S201700658,2017,0,F,0,Black,CA,INST_02,State University B (Research),research,3.59,89,1999,Nursing,Health
S201700659,2017,0,M,0,White,CA,INST_05,Urban University E (Research),research,4.0,88,1999,Chemistry,STEM
S201700660,2017,0,F,1,White,PA,INST_03,Regional College C (Teaching),teaching,3.05,73,1999,Communications,Other
S201700661,2017,0,M,0,Black,NC,INST_05,Urban University E (Research),research,3.38,77,1999,Public Health,Health
S201700662,2017,0,M,0,White,GA,INST_05,Urban University E (Research),research,3.21,61,1999,Spanish,Humanities
S201700663,2017,0,F,0,White,NY,INST_03,Regional College C (Teaching),teaching,2.54,68,1999,Civil Engineering,STEM
S201700664,2017,0,M,0,Hispanic,CA,INST_05,Urban University E (Research),research,3.76,29,1999,Public Health,Health
S201700665,2017,0,F,0,White,TX,INST_05,Urban University E (Research),research,2.87,31,1999,Undeclared,Other
S201700666,2017,0,M,0,White,MI,INST_05,Urban University E (Research),research,2.43,69,1999,Kinesiology,Health
S201700667,2017,0,F,1,White,IL,INST_03,Regional College C (Teaching),teaching,3.69,58,1999,Marketing,Business
S201700668,2017,0,M,0,White,IL,INST_03,Regional College C (Teaching),teaching,2.49,67,1999,History,Humanities
S201700669,2017,1,F,1,White,NJ,INST_02,State University B (Research),research,3.02,30,1999,Communications,Other
S201700670,2017,0,M,0,Multi,OH,INST_01,State University A (Research),research,3.39,85,1999,Finance,Business
S201700671,2017,0,M,0,White,PA,INST_04,Regional College D (Teaching),teaching,3.46,47,1999,Psychology,Social Sciences
S201700672,2017,1,M,0,White,GA,INST_04,Regional College D (Teaching),teaching,2.81,74,1999,Undeclared,Other
S201700673,2017,0,M,0,White,TX,INST_02,State University B (Research),research,3.74,36,1999,Psychology,Social Sciences
S201700674,2017,0,F,0,White,MI,INST_05,Urban University E (Research),research,2.43,80,1999,Kinesiology,Health
S201700675,2017,0,M,0,Asian,NC,INST_03,Regional College C (Teaching),teaching,2.39,50,1999,Pre-Med,Health
S201700676,2017,1,F,0,Hispanic,GA,INST_02,State University B (Research),research,3.28,22,1999,Economics,Social Sciences
S201700677,2017,0,M,0,White,TX,INST_03,Regional College C (Teaching),teaching,3.04,53,1999,Psychology,Social Sciences
S201700678,2017,0,NB,0,Black,GA,INST_04,Regional College D (Teaching),teaching,3.13,47,1999,Statistics,STEM
S201700679,2017,1,M,0,Hispanic,NY,INST_05,Urban University E (Research),research,4.0,67,1999,Sociology,Social Sciences
S201700680,2017,0,M,0,White,MI,INST_05,Urban University E (Research),research,2.42,24,1999,Finance,Business
S201700681,2017,1,M,0,Black,VA,INST_01,State University A (Research),research,2.59,43,1999,Accounting,Business
S201700682,2017,1,M,1,Asian,PA,INST_05,Urban University E (Research),research,3.02,19,1999,Computer Science,STEM
S201700683,2017,1,F,0,Black,TX,INST_05,Urban University E (Research),research,3.17,80,1998,Marketing,Business
S201700684,2017,0,M,0,White,GA,INST_05,Urban University E (Research),research,3.15,47,1999,Kinesiology,Health
S201700685,2017,0,M,0,White,CA,INST_04,Regional College D (Teaching),teaching,2.9,48,1999,Civil Engineering,STEM
S201700686,2017,0,F,0,Hispanic,MI,INST_01,State University A (Research),research,2.53,46,1999,Communications,Other
S201700687,2017,0,F,1,Hispanic,CA,INST_02,State University B (Research),research,3.9,24,1999,Computer Science,STEM
S201700688,2017,1,F,0,Hispanic,MI,INST_02,State University B (Research),research,3.05,16,1999,Management,Business
S201700689,2017,1,M,1,Unknown,MI,INST_02,State University B (Research),research,4.0,84,1999,History,Humanities
S201700690,2017,1,F,0,AIAN,GA,INST_03,Regional College C (Teaching),teaching,2.29,70,1999,Nursing,Health
S201700691,2017,0,F,0,Black,TX,INST_01,State University A (Research),research,3.9,36,1999,Accounting,Business
S201700692,2017,0,M,1,White,NC,INST_04,Regional College D (Teaching),teaching,3.09,33,1999,Biology,STEM
S201700693,2017,0,M,1,Black,NC,INST_04,Regional College D (Teaching),teaching,2.84,63,1999,Marketing,Business
S201700694,2017,0,M,0,Multi,GA,INST_05,Urban University E (Research),research,3.81,39,1999,Electrical Engineering,STEM
S201700695,2017,1,F,0,Black,PA,INST_01,State University A (Research),research,2.77,47,1999,Kinesiology,Health
S201700696,2017,0,F,0,White,IL,INST_05,Urban University E (Research),research,2.68,42,1999,Sociology,Social Sciences
S201700697,2017,0,F,0,Multi,IL,INST_03,Regional College C (Teaching),teaching,2.73,56,1999,Anthropology,Social Sciences
S201700698,2017,0,M,0,Black,MI,INST_01,State University A (Research),research,3.02,59,1999,Psychology,Social Sciences
S201700699,2017,1,M,0,Hispanic,IL,INST_02,State University B (Research),research,3.48,76,1999,Nursing,Health
S201700700,2017,0,M,0,Multi,NC,INST_01,State University A (Research),research,3.42,51,1999,Pre-Med,Health
S201700701,2017,0,F,0,White,MI,INST_02,State University B (Research),research,3.17,7,1999,Political Science,Social Sciences
S201700702,2017,0,F,0,Asian,IL,INST_02,State University B (Research),research,3.31,65,1999,Mathematics,STEM
S201700703,2017,1,F,0,White,NJ,INST_01,State University A (Research),research,3.87,59,1999,Biology,STEM
S201700704,2017,0,F,1,White,TX,INST_02,State University B (Research),research,2.86,60,1999,Mathematics,STEM
S201700705,2017,0,F,0,White,IL,INST_05,Urban University E (Research),research,3.69,88,1999,Kinesiology,Health
S201700706,2017,0,M,1,White,IL,INST_05,Urban University E (Research),research,4.0,76,1999,Psychology,Social Sciences
S201700707,2017,0,F,0,White,IL,INST_03,Regional College C (Teaching),teaching,2.76,45,1999,Civil Engineering,STEM
S201700708,2017,1,F,0,White,GA,INST_01,State University A (Research),research,3.51,49,1999,Electrical Engineering,STEM
S201700709,2017,0,F,0,White,NY,INST_05,Urban University E (Research),research,3.1,45,1999,General Studies,Other
S201700710,2017,0,F,0,White,NJ,INST_04,Regional College D (Teaching),teaching,3.18,36,1999,Spanish,Humanities
S201700711,2017,1,M,0,White,NJ,INST_04,Regional College D (Teaching),teaching,3.16,61,1999,Finance,Business
S201700712,2017,0,M,0,AIAN,VA,INST_04,Regional College D (Teaching),teaching,3.89,49,1999,Civil Engineering,STEM
S201700713,2017,0,M,0,White,FL,INST_05,Urban University E (Research),research,3.95,63,1999,Education,Other
S201700714,2017,0,M,0,White,NY,INST_04,Regional College D (Teaching),teaching,3.19,53,1999,Marketing,Business
S201700715,2017,0,M,0,White,NC,INST_05,Urban University E (Research),research,3.14,36,1999,Finance,Business
S201700716,2017,0,F,0,White,NC,INST_03,Regional College C (Teaching),teaching,3.51,21,1998,Finance,Business
S201700717,2017,0,F,0,Hispanic,MI,INST_01,State University A (Research),research,4.0,36,1999,Electrical Engineering,STEM
S201700718,2017,0,M,0,White,TX,INST_05,Urban University E (Research),research,3.08,48,1999,General Studies,Other
S201700719,2017,1,M,0,White,NC,INST_02,State University B (Research),research,2.81,72,1999,Economics,Social Sciences
S201700720,2017,1,F,1,Black,NY,INST_01,State University A (Research),research,2.99,45,1999,Finance,Business
S201700721,2017,0,M,1,Hispanic,GA,INST_03,Regional College C (Teaching),teaching,3.53,72,1999,Chemistry,STEM
S201700722,2017,1,M,0,White,TX,INST_04,Regional College D (Teaching),teaching,3.13,27,1999,Mechanical Engineering,STEM
S201700723,2017,0,M,0,Black,CA,INST_04,Regional College D (Teaching),teaching,3.25,45,1999,Economics-Bus,Business
S201700724,2017,1,M,1,Black,NJ,INST_04,Regional College D (Teaching),teaching,3.32,51,1999,Philosophy,Humanities
S201700725,2017,1,F,1,White,MI,INST_03,Regional College C (Teaching),teaching,2.17,38,1999,Anthropology,Social Sciences
S201700726,2017,1,M,0,Black,MI,INST_02,State University B (Research),research,2.9,52,1999,Psychology,Social Sciences
S201700727,2017,0,M,0,White,NY,INST_05,Urban University E (Research),research,3.69,19,1999,Biomedical Engineering,STEM
S201700728,2017,1,M,0,Asian,VA,INST_01,State University A (Research),research,2.89,40,1999,History,Humanities
S201700729,2017,0,M,0,White,NC,INST_05,Urban University E (Research),research,3.07,99,1999,Electrical Engineering,STEM
S201700730,2017,1,M,1,Asian,MI,INST_05,Urban University E (Research),research,2.78,16,1999,Communications,Other
S201700731,2017,1,M,0,Asian,PA,INST_03,Regional College C (Teaching),teaching,4.0,45,1999,Civil Engineering,STEM
S201700732,2017,1,M,1,Unknown,FL,INST_03,Regional College C (Teaching),teaching,2.62,75,1999,Political Science,Social Sciences
S201700733,2017,0,F,1,Multi,NY,INST_05,Urban University E (Research),research,2.82,52,1999,General Studies,Other
S201700734,2017,0,M,0,Asian,FL,INST_05,Urban University E (Research),research,3.08,83,1999,Economics-Bus,Business
S201700735,2017,1,F,0,Multi,IL,INST_03,Regional College C (Teaching),teaching,3.71,66,1999,English,Humanities
S201700736,2017,0,F,0,Black,TX,INST_04,Regional College D (Teaching),teaching,2.69,65,1999,Economics,Social Sciences
S201700737,2017,0,F,0,White,MI,INST_01,State University A (Research),research,2.17,57,1999,Chemistry,STEM
S201700738,2017,1,F,1,Black,OH,INST_02,State University B (Research),research,3.83,48,1999,Undeclared,Other
S201700739,2017,1,M,0,Hispanic,MI,INST_05,Urban University E (Research),research,3.18,87,1999,Economics-Bus,Business
S201700740,2017,0,M,0,Hispanic,NJ,INST_05,Urban University E (Research),research,3.36,65,1999,Nursing,Health
S201700741,2017,1,F,0,Unknown,VA,INST_05,Urban University E (Research),research,4.0,73,1999,Psychology,Social Sciences
S201700742,2017,1,M,1,Black,PA,INST_02,State University B (Research),research,4.0,36,1999,English,Humanities
S201700743,2017,0,F,0,Hispanic,NC,INST_01,State University A (Research),research,2.86,67,1999,Psychology,Social Sciences
S201700744,2017,1,F,0,White,VA,INST_02,State University B (Research),research,3.49,79,1999,Economics-Bus,Business
S201700745,2017,0,M,1,White,IL,INST_04,Regional College D (Teaching),teaching,3.01,56,1999,Economics-Bus,Business
S201700746,2017,1,F,0,White,OH,INST_04,Regional College D (Teaching),teaching,3.34,41,1999,Marketing,Business
S201700747,2017,0,F,0,White,MI,INST_04,Regional College D (Teaching),teaching,3.85,71,1999,General Studies,Other
S201700748,2017,0,M,0,White,NJ,INST_01,State University A (Research),research,2.98,91,1999,Psychology,Social Sciences
S201700749,2017,0,F,0,White,GA,INST_03,Regional College C (Teaching),teaching,2.43,46,1999,Pre-Med,Health
S201700750,2017,1,F,0,Black,NC,INST_01,State University A (Research),research,3.46,73,1999,Psychology,Social Sciences
S201700751,2017,1,M,1,White,IL,INST_05,Urban University E (Research),research,3.1,59,1999,Biomedical Engineering,STEM
S201700752,2017,1,M,1,White,FL,INST_01,State University A (Research),research,2.13,75,1999,Marketing,Business
S201700753,2017,0,F,0,White,FL,INST_05,Urban University E (Research),research,3.9,61,1999,Statistics,STEM
S201700754,2017,0,M,1,Asian,NC,INST_04,Regional College D (Teaching),teaching,2.56,38,1999,Mechanical Engineering,STEM
S201700755,2017,0,M,0,White,IL,INST_03,Regional College C (Teaching),teaching,3.25,68,1999,Accounting,Business
S201700756,2017,0,M,0,Black,PA,INST_02,State University B (Research),research,3.38,44,1999,Mathematics,STEM
S201700757,2017,1,F,0,White,FL,INST_02,State University B (Research),research,2.55,63,1999,Economics,Social Sciences
S201700758,2017,0,M,0,Hispanic,PA,INST_02,State University B (Research),research,2.16,70,1999,Art History,Humanities
S201700759,2017,1,M,1,Hispanic,FL,INST_03,Regional College C (Teaching),teaching,4.0,60,1999,Civil Engineering,STEM
S201700760,2017,1,F,0,White,PA,INST_01,State University A (Research),research,2.41,76,1999,Civil Engineering,STEM
S201700761,2017,0,F,0,Hispanic,PA,INST_03,Regional College C (Teaching),teaching,3.0,17,1999,Public Health,Health
S201700762,2017,0,F,0,White,TX,INST_03,Regional College C (Teaching),teaching,2.79,88,1999,Economics,Social Sciences
S201700763,2017,0,F,1,Hispanic,PA,INST_02,State University B (Research),research,4.0,43,1999,Chemistry,STEM
S201700764,2017,1,M,1,Black,NC,INST_04,Regional College D (Teaching),teaching,3.19,56,1999,Mathematics,STEM
S201700765,2017,0,F,0,Black,NY,INST_02,State University B (Research),research,3.54,58,1999,General Studies,Other
S201700766,2017,0,M,0,Black,TX,INST_01,State University A (Research),research,3.14,40,1999,Economics,Social Sciences
S201700767,2017,1,F,0,Asian,TX,INST_03,Regional College C (Teaching),teaching,4.0,6,1999,Management,Business
S201700768,2017,0,F,0,White,NJ,INST_05,Urban University E (Research),research,3.42,25,1999,Management,Business
S201700769,2017,1,F,0,White,CA,INST_05,Urban University E (Research),research,2.15,27,1999,Chemistry,STEM
S201700770,2017,0,M,0,Black,VA,INST_01,State University A (Research),research,3.17,78,1999,History,Humanities
S201700771,2017,1,M,0,White,OH,INST_04,Regional College D (Teaching),teaching,3.53,25,1999,Civil Engineering,STEM
S201700772,2017,1,M,1,Black,GA,INST_02,State University B (Research),research,3.9,55,1999,Education,Other
S201700773,2017,0,M,0,Black,NJ,INST_04,Regional College D (Teaching),teaching,2.64,47,1999,General Studies,Other
S201700774,2017,1,M,1,White,NC,INST_05,Urban University E (Research),research,3.36,32,1999,Chemistry,STEM
S201700775,2017,0,M,0,White,IL,INST_05,Urban University E (Research),research,2.93,53,1999,Communications,Other
S201700776,2017,0,F,1,Hispanic,OH,INST_02,State University B (Research),research,3.36,59,1999,Physics,STEM
S201700777,2017,0,M,0,White,PA,INST_01,State University A (Research),research,2.65,58,1999,Mathematics,STEM
S201700778,2017,0,F,1,White,NJ,INST_03,Regional College C (Teaching),teaching,2.61,10,1999,Pre-Med,Health
S201700779,2017,0,F,1,Asian,VA,INST_05,Urban University E (Research),research,3.52,66,1999,Economics,Social Sciences
S201700780,2017,0,F,1,White,VA,INST_03,Regional College C (Teaching),teaching,3.52,66,1999,Public Health,Health
S201700781,2017,0,M,0,White,FL,INST_05,Urban University E (Research),research,3.62,90,1999,Pre-Med,Health
S201700782,2017,0,M,0,White,NY,INST_05,Urban University E (Research),research,3.73,41,1999,Physics,STEM
S201700783,2017,0,F,1,White,OH,INST_04,Regional College D (Teaching),teaching,4.0,48,1999,Finance,Business
S201700784,2017,0,F,0,Hispanic,IL,INST_05,Urban University E (Research),research,2.42,54,1999,Mathematics,STEM
S201700785,2017,0,M,0,Multi,IL,INST_01,State University A (Research),research,3.01,53,1999,Biology,STEM
S201700786,2017,0,F,1,White,FL,INST_01,State University A (Research),research,3.05,46,1999,Communications,Other
S201700787,2017,0,F,0,Black,IL,INST_01,State University A (Research),research,2.98,70,1999,Economics-Bus,Business
S201700788,2017,1,M,0,Hispanic,NJ,INST_04,Regional College D (Teaching),teaching,3.62,67,1999,Art History,Humanities
S201700789,2017,0,M,1,Unknown,TX,INST_01,State University A (Research),research,2.93,76,1999,Anthropology,Social Sciences
S201700790,2017,1,M,0,White,TX,INST_04,Regional College D (Teaching),teaching,3.21,67,1999,Marketing,Business
S201700791,2017,1,M,1,White,GA,INST_01,State University A (Research),research,3.72,52,1999,Public Health,Health
S201700792,2017,0,M,0,Hispanic,MI,INST_05,Urban University E (Research),research,2.99,71,1999,General Studies,Other
S201700793,2017,0,F,0,White,NJ,INST_01,State University A (Research),research,2.56,59,1999,Anthropology,Social Sciences
S201700794,2017,0,F,0,White,OH,INST_03,Regional College C (Teaching),teaching,2.76,52,1999,Computer Science,STEM
S201700795,2017,0,M,1,White,MI,INST_03,Regional College C (Teaching),teaching,3.14,40,1999,Anthropology,Social Sciences
S201700796,2017,0,F,0,Multi,VA,INST_02,State University B (Research),research,2.72,50,1999,Chemistry,STEM
S201700797,2017,0,F,1,White,FL,INST_01,State University A (Research),research,3.46,30,1999,Physics,STEM
S201700798,2017,0,F,1,Hispanic,VA,INST_01,State University A (Research),research,2.71,48,1999,Sociology,Social Sciences
S201700799,2017,0,M,0,White,PA,INST_05,Urban University E (Research),research,3.1,72,1999,Art History,Humanities
S201700800,2017,1,M,0,White,CA,INST_04,Regional College D (Teaching),teaching,2.79,56,1999,Accounting,Business
S201700801,2017,0,F,0,White,NY,INST_04,Regional College D (Teaching),teaching,2.91,75,1999,Undeclared,Other
S201700802,2017,0,F,1,Asian,NC,INST_02,State University B (Research),research,3.38,42,1999,Computer Science,STEM
S201700803,2017,1,M,0,White,OH,INST_04,Regional College D (Teaching),teaching,4.0,41,1999,Mathematics,STEM
S201700804,2017,0,M,0,White,IL,INST_03,Regional College C (Teaching),teaching,3.28,64,1999,Kinesiology,Health
S201700805,2017,1,F,0,White,TX,INST_01,State University A (Research),research,3.46,29,1999,Chemistry,STEM
S201700806,2017,0,F,1,White,NY,INST_05,Urban University E (Research),research,3.9,56,1999,Psychology,Social Sciences
S201700807,2017,0,M,1,Black,NC,INST_04,Regional College D (Teaching),teaching,3.23,62,1999,Physics,STEM
S201700808,2017,0,F,0,Hispanic,OH,INST_01,State University A (Research),research,3.53,81,1999,Civil Engineering,STEM
S201700809,2017,1,M,0,Hispanic,NC,INST_03,Regional College C (Teaching),teaching,2.87,68,1999,Pre-Med,Health
S201700810,2017,0,M,1,White,IL,INST_05,Urban University E (Research),research,2.79,19,1999,History,Humanities
S201700811,2017,1,M,0,White,MI,INST_01,State University A (Research),research,3.5,45,1999,Nursing,Health
S201700812,2017,0,M,0,Unknown,MI,INST_03,Regional College C (Teaching),teaching,3.12,41,1999,Art History,Humanities
S201700813,2017,0,M,0,White,NJ,INST_04,Regional College D (Teaching),teaching,2.91,28,1999,Psychology,Social Sciences
S201700814,2017,1,M,1,Black,NC,INST_03,Regional College C (Teaching),teaching,2.88,18,1999,Accounting,Business
S201700815,2017,0,F,0,White,GA,INST_05,Urban University E (Research),research,3.93,72,1999,Marketing,Business
S201700816,2017,0,F,0,White,NY,INST_02,State University B (Research),research,3.46,99,1999,Chemistry,STEM
S201700817,2017,0,M,0,White,VA,INST_02,State University B (Research),research,3.92,47,1999,Education,Other
S201700818,2017,1,M,0,Hispanic,NC,INST_01,State University A (Research),research,2.8,73,1999,Nursing,Health
S201700819,2017,1,F,0,Hispanic,NY,INST_03,Regional College C (Teaching),teaching,3.17,66,1999,Pre-Med,Health
S201700820,2017,0,M,0,White,CA,INST_02,State University B (Research),research,3.48,61,1999,Accounting,Business
S201700821,2017,1,F,1,White,CA,INST_03,Regional College C (Teaching),teaching,4.0,72,1999,Mathematics,STEM
S201700822,2017,1,F,0,Black,OH,INST_04,Regional College D (Teaching),teaching,3.61,86,1999,Pre-Med,Health
S201700823,2017,0,F,0,White,TX,INST_01,State University A (Research),research,2.82,49,1999,Psychology,Social Sciences
S201700824,2017,1,M,0,Hispanic,VA,INST_03,Regional College C (Teaching),teaching,2.38,31,1999,Economics,Social Sciences
S201700825,2017,1,M,1,White,TX,INST_02,State University B (Research),research,3.15,8,1999,Biology,STEM
S201700826,2017,0,M,0,White,NY,INST_03,Regional College C (Teaching),teaching,3.91,74,1999,Physics,STEM
S201700827,2017,0,M,0,White,PA,INST_03,Regional College C (Teaching),teaching,3.06,41,1999,Public Health,Health
S201700828,2017,1,M,0,Black,IL,INST_02,State University B (Research),research,2.77,83,1998,Psychology,Social Sciences
S201700829,2017,0,F,0,White,IL,INST_01,State University A (Research),research,3.6,79,1999,Communications,Other
S201700830,2017,1,F,0,Black,NC,INST_05,Urban University E (Research),research,3.12,52,1999,General Studies,Other
S201700831,2017,1,M,0,White,VA,INST_04,Regional College D (Teaching),teaching,2.92,83,1999,Electrical Engineering,STEM
S201700832,2017,0,M,0,Black,PA,INST_01,State University A (Research),research,3.27,90,1999,Management,Business
S201700833,2017,1,M,1,Hispanic,NJ,INST_02,State University B (Research),research,3.31,99,1999,History,Humanities
S201700834,2017,0,M,1,White,PA,INST_03,Regional College C (Teaching),teaching,3.41,49,1999,Marketing,Business
S201700835,2017,1,F,1,White,OH,INST_04,Regional College D (Teaching),teaching,3.62,62,1999,Electrical Engineering,STEM
S201700836,2017,1,F,0,White,VA,INST_01,State University A (Research),research,2.81,45,1999,Public Health,Health
S201700837,2017,0,M,1,White,IL,INST_04,Regional College D (Teaching),teaching,3.24,80,1999,Economics-Bus,Business
S201700838,2017,0,F,1,Asian,IL,INST_01,State University A (Research),research,3.21,92,1999,Chemistry,STEM
S201700839,2017,1,F,0,White,GA,INST_05,Urban University E (Research),research,2.86,27,1998,Pre-Med,Health
S201700840,2017,0,M,0,Asian,PA,INST_04,Regional College D (Teaching),teaching,3.9,72,1999,Sociology,Social Sciences
S201700841,2017,0,F,0,Hispanic,FL,INST_05,Urban University E (Research),research,3.88,44,1999,Finance,Business
S201700842,2017,0,M,1,White,TX,INST_05,Urban University E (Research),research,1.59,55,1999,Biology,STEM
S201700843,2017,1,F,0,Black,PA,INST_01,State University A (Research),research,3.02,50,1999,English,Humanities
S201700844,2017,0,F,1,White,VA,INST_03,Regional College C (Teaching),teaching,2.42,75,1999,Economics,Social Sciences
S201700845,2017,0,M,0,Multi,MI,INST_03,Regional College C (Teaching),teaching,2.37,45,1999,Civil Engineering,STEM
S201700846,2017,0,F,0,White,PA,INST_04,Regional College D (Teaching),teaching,3.76,55,1999,Marketing,Business
S201700847,2017,0,F,0,White,FL,INST_02,State University B (Research),research,4.0,52,1999,Economics,Social Sciences
S201700848,2017,0,F,0,White,NY,INST_03,Regional College C (Teaching),teaching,1.83,76,1999,Economics-Bus,Business
S201700849,2017,1,F,0,Hispanic,MI,INST_01,State University A (Research),research,3.29,49,1999,Chemistry,STEM
S201700850,2017,0,F,0,White,NC,INST_02,State University B (Research),research,3.27,47,1999,Political Science,Social Sciences
S201700851,2017,0,M,0,White,CA,INST_04,Regional College D (Teaching),teaching,2.63,56,1999,Chemistry,STEM
S201700852,2017,0,F,0,White,MI,INST_02,State University B (Research),research,3.87,45,1999,Pre-Med,Health
S201700853,2017,0,F,0,White,NY,INST_04,Regional College D (Teaching),teaching,4.0,47,1999,Management,Business
S201700854,2017,0,F,0,White,VA,INST_05,Urban University E (Research),research,3.07,42,1999,Finance,Business
S201700855,2017,1,F,0,White,OH,INST_03,Regional College C (Teaching),teaching,3.5,73,1999,Electrical Engineering,STEM
S201700856,2017,1,F,1,White,GA,INST_03,Regional College C (Teaching),teaching,3.58,38,1999,Biology,STEM
S201700857,2017,0,F,0,Hispanic,NY,INST_02,State University B (Research),research,3.11,62,1999,Public Health,Health
S201700858,2017,0,M,0,White,NY,INST_05,Urban University E (Research),research,3.83,20,1999,Biology,STEM
S201700859,2017,0,F,0,White,NC,INST_01,State University A (Research),research,3.39,48,1999,Anthropology,Social Sciences
S201700860,2017,0,F,1,Hispanic,IL,INST_05,Urban University E (Research),research,3.92,12,1999,Spanish,Humanities
S201700861,2017,0,F,1,White,NJ,INST_04,Regional College D (Teaching),teaching,2.57,57,1999,Philosophy,Humanities
S201700862,2017,0,M,0,White,MI,INST_04,Regional College D (Teaching),teaching,4.0,40,1999,Public Health,Health
S201700863,2017,0,F,0,White,NY,INST_04,Regional College D (Teaching),teaching,2.95,45,1999,Physics,STEM
S201700864,2017,0,F,0,Hispanic,PA,INST_04,Regional College D (Teaching),teaching,3.14,68,1999,Finance,Business
S201700865,2017,1,M,0,NHPI,GA,INST_05,Urban University E (Research),research,3.3,56,1999,Management,Business
S201700866,2017,0,F,0,White,TX,INST_04,Regional College D (Teaching),teaching,2.96,59,1999,Undeclared,Other
S201700867,2017,0,M,0,White,VA,INST_05,Urban University E (Research),research,3.83,67,1999,Communications,Other
S201700868,2017,1,F,1,Black,NC,INST_03,Regional College C (Teaching),teaching,3.74,51,1999,Political Science,Social Sciences
S201700869,2017,0,F,0,White,NY,INST_03,Regional College C (Teaching),teaching,3.42,49,1999,Nursing,Health
S201700870,2017,0,F,0,White,VA,INST_01,State University A (Research),research,3.19,52,1999,Electrical Engineering,STEM
S201700871,2017,0,M,1,Hispanic,MI,INST_05,Urban University E (Research),research,2.93,41,1999,Biomedical Engineering,STEM
S201700872,2017,1,M,1,Hispanic,VA,INST_03,Regional College C (Teaching),teaching,3.78,43,1999,Pre-Med,Health
S201700873,2017,0,F,0,White,OH,INST_03,Regional College C (Teaching),teaching,2.67,66,1999,Finance,Business
S201700874,2017,1,F,0,Multi,CA,INST_03,Regional College C (Teaching),teaching,3.46,39,1999,Art History,Humanities
S201700875,2017,0,M,0,Hispanic,IL,INST_03,Regional College C (Teaching),teaching,3.49,73,1999,Public Health,Health
S201700876,2017,0,M,0,Black,MI,INST_03,Regional College C (Teaching),teaching,3.34,71,1999,Political Science,Social Sciences
S201700877,2017,0,F,1,Asian,OH,INST_01,State University A (Research),research,3.65,22,1999,Pre-Med,Health
S201700878,2017,0,F,0,White,CA,INST_01,State University A (Research),research,2.82,78,1999,Economics-Bus,Business
S201700879,2017,0,M,0,White,TX,INST_01,State University A (Research),research,3.26,55,1999,Civil Engineering,STEM
S201700880,2017,0,F,0,Black,NY,INST_03,Regional College C (Teaching),teaching,3.74,80,1999,English,Humanities
S201700881,2017,0,M,0,White,NY,INST_04,Regional College D (Teaching),teaching,3.05,35,1999,Biomedical Engineering,STEM
S201700882,2017,0,M,0,Hispanic,VA,INST_04,Regional College D (Teaching),teaching,3.46,68,1999,Political Science,Social Sciences
S201700883,2017,0,F,0,White,TX,INST_02,State University B (Research),research,2.95,51,1999,Mechanical Engineering,STEM
S201700884,2017,1,F,0,Multi,VA,INST_01,State University A (Research),research,3.85,63,1999,Accounting,Business
S201700885,2017,0,F,0,Black,CA,INST_05,Urban University E (Research),research,3.88,12,1999,Communications,Other
S201700886,2017,0,F,0,White,PA,INST_03,Regional College C (Teaching),teaching,3.1,62,1999,Education,Other
S201700887,2017,0,M,0,White,OH,INST_02,State University B (Research),research,3.32,59,1999,General Studies,Other
S201700888,2017,0,M,0,White,FL,INST_05,Urban University E (Research),research,3.52,34,1999,Kinesiology,Health
S201700889,2017,1,F,0,Asian,IL,INST_01,State University A (Research),research,2.25,79,1999,Undeclared,Other
S201700890,2017,1,M,0,Multi,TX,INST_05,Urban University E (Research),research,3.88,17,1999,Economics,Social Sciences
S201700891,2017,0,M,0,Asian,IL,INST_01,State University A (Research),research,2.61,50,1999,Psychology,Social Sciences
S201700892,2017,1,F,0,White,NC,INST_04,Regional College D (Teaching),teaching,2.47,40,1999,Electrical Engineering,STEM
S201700893,2017,0,F,0,Multi,IL,INST_04,Regional College D (Teaching),teaching,4.0,25,1999,Physics,STEM
S201700894,2017,0,M,0,Hispanic,NJ,INST_01,State University A (Research),research,3.54,42,1999,Management,Business
S201700895,2017,0,F,0,Black,CA,INST_05,Urban University E (Research),research,3.08,64,1999,Electrical Engineering,STEM
S201700896,2017,1,F,0,Hispanic,NJ,INST_05,Urban University E (Research),research,2.78,73,1999,Pre-Med,Health
S201700897,2017,1,F,0,White,NJ,INST_02,State University B (Research),research,3.09,58,1999,Kinesiology,Health
S201700898,2017,0,M,0,Black,CA,INST_03,Regional College C (Teaching),teaching,3.59,55,1999,Undeclared,Other
S201700899,2017,0,F,0,White,CA,INST_01,State University A (Research),research,3.9,46,1999,Political Science,Social Sciences
S201700900,2017,0,F,0,White,NC,INST_03,Regional College C (Teaching),teaching,3.27,66,1999,Biomedical Engineering,STEM
S201700901,2017,1,F,0,White,NC,INST_03,Regional College C (Teaching),teaching,2.54,78,1999,Communications,Other
S201700902,2017,0,F,0,Hispanic,NJ,INST_04,Regional College D (Teaching),teaching,2.87,72,1999,Public Health,Health
S201700903,2017,0,M,1,Hispanic,MI,INST_01,State University A (Research),research,4.0,36,1999,Mathematics,STEM
S201700904,2017,0,M,0,White,NY,INST_02,State University B (Research),research,3.55,67,1999,Accounting,Business
S201700905,2017,1,F,0,White,VA,INST_01,State University A (Research),research,3.95,94,1999,Economics-Bus,Business
S201700906,2017,0,NB,0,White,CA,INST_05,Urban University E (Research),research,3.41,22,1999,Economics-Bus,Business
S201700907,2017,0,F,0,White,TX,INST_05,Urban University E (Research),research,2.7,69,1999,Biomedical Engineering,STEM
S201700908,2017,1,F,0,White,TX,INST_02,State University B (Research),research,3.32,36,1999,Economics,Social Sciences
S201700909,2017,0,M,1,White,MI,INST_05,Urban University E (Research),research,2.92,61,1999,Physics,STEM
S201700910,2017,0,F,0,White,FL,INST_04,Regional College D (Teaching),teaching,2.97,73,1999,Mechanical Engineering,STEM
S201700911,2017,1,F,0,White,TX,INST_01,State University A (Research),research,2.82,61,1999,Physics,STEM
S201700912,2017,1,F,1,White,NC,INST_02,State University B (Research),research,3.15,65,1999,Philosophy,Humanities
S201700913,2017,0,F,0,White,CA,INST_04,Regional College D (Teaching),teaching,3.07,51,1999,English,Humanities
S201700914,2017,1,F,0,White,PA,INST_03,Regional College C (Teaching),teaching,2.99,50,1999,Political Science,Social Sciences
S201700915,2017,0,M,1,Black,CA,INST_01,State University A (Research),research,3.22,61,1998,Electrical Engineering,STEM
S201700916,2017,0,F,0,White,TX,INST_01,State University A (Research),research,2.87,41,1999,Anthropology,Social Sciences
S201700917,2017,0,M,0,White,NY,INST_01,State University A (Research),research,2.79,41,1999,Marketing,Business
S201700918,2017,1,M,0,White,MI,INST_05,Urban University E (Research),research,3.3,58,1999,English,Humanities
S201700919,2017,0,M,0,Black,IL,INST_04,Regional College D (Teaching),teaching,2.63,54,1999,Political Science,Social Sciences
S201700920,2017,0,M,0,White,NJ,INST_03,Regional College C (Teaching),teaching,3.67,68,1999,Accounting,Business
S201700921,2017,1,F,0,White,TX,INST_04,Regional College D (Teaching),teaching,3.24,60,1999,Economics,Social Sciences
S201700922,2017,1,F,0,Black,NJ,INST_03,Regional College C (Teaching),teaching,3.16,42,1999,Chemistry,STEM
S201700923,2017,0,M,1,Black,NJ,INST_03,Regional College C (Teaching),teaching,3.44,29,1999,Statistics,STEM
S201700924,2017,1,M,1,Hispanic,NC,INST_02,State University B (Research),research,2.92,70,1999,Mechanical Engineering,STEM
S201700925,2017,1,M,1,Asian,FL,INST_05,Urban University E (Research),research,3.61,99,1999,Biology,STEM
S201700926,2017,0,F,0,Asian,FL,INST_03,Regional College C (Teaching),teaching,3.46,79,1999,Public Health,Health
S201700927,2017,0,M,0,White,FL,INST_03,Regional College C (Teaching),teaching,2.77,71,1999,Finance,Business
S201700928,2017,0,F,0,White,MI,INST_04,Regional College D (Teaching),teaching,4.0,66,1999,Pre-Med,Health
S201700929,2017,0,F,0,White,NC,INST_05,Urban University E (Research),research,3.11,58,1999,Economics,Social Sciences
S201700930,2017,0,F,0,Asian,FL,INST_02,State University B (Research),research,3.64,45,1999,Pre-Med,Health
S201700931,2017,1,M,1,Black,GA,INST_02,State University B (Research),research,3.12,69,1999,History,Humanities
S201700932,2017,0,F,0,White,TX,INST_02,State University B (Research),research,3.31,69,1999,Physics,STEM
S201700933,2017,0,F,0,White,MI,INST_03,Regional College C (Teaching),teaching,3.42,33,1999,Philosophy,Humanities
S201700934,2017,1,F,1,White,PA,INST_02,State University B (Research),research,3.68,33,1999,Kinesiology,Health
S201700935,2017,0,F,1,White,NJ,INST_03,Regional College C (Teaching),teaching,3.35,90,1999,Pre-Med,Health
S201700936,2017,1,M,1,Asian,IL,INST_03,Regional College C (Teaching),teaching,3.6,40,1999,Mechanical Engineering,STEM
S201700937,2017,0,F,0,White,CA,INST_04,Regional College D (Teaching),teaching,2.82,34,1999,History,Humanities
S201700938,2017,1,F,0,White,FL,INST_03,Regional College C (Teaching),teaching,2.88,37,1999,Biomedical Engineering,STEM
S201700939,2017,0,F,0,White,CA,INST_05,Urban University E (Research),research,3.1,65,1999,Psychology,Social Sciences
S201700940,2017,0,M,0,White,PA,INST_04,Regional College D (Teaching),teaching,3.73,23,1999,Electrical Engineering,STEM
S201700941,2017,1,F,0,Asian,FL,INST_03,Regional College C (Teaching),teaching,3.49,73,1999,Marketing,Business
S201700942,2017,0,M,1,White,IL,INST_05,Urban University E (Research),research,2.77,53,1999,Undeclared,Other
S201700943,2017,0,F,0,Black,MI,INST_05,Urban University E (Research),research,3.67,16,1999,Economics,Social Sciences
S201700944,2017,1,M,0,Black,VA,INST_05,Urban University E (Research),research,3.52,32,1999,Education,Other
S201700945,2017,0,M,1,White,VA,INST_01,State University A (Research),research,2.96,51,1999,Economics,Social Sciences
S201700946,2017,0,F,0,White,CA,INST_04,Regional College D (Teaching),teaching,3.14,72,1999,Public Health,Health
S201700947,2017,0,M,0,Hispanic,NY,INST_01,State University A (Research),research,4.0,62,1999,Computer Science,STEM
S201700948,2017,0,F,0,White,IL,INST_05,Urban University E (Research),research,3.25,59,1999,Political Science,Social Sciences
S201700949,2017,0,F,0,White,PA,INST_03,Regional College C (Teaching),teaching,3.62,63,1999,Philosophy,Humanities
S201700950,2017,0,F,0,White,IL,INST_05,Urban University E (Research),research,3.33,40,1999,Psychology,Social Sciences
S201700951,2017,0,M,1,White,GA,INST_01,State University A (Research),research,3.59,68,1999,Electrical Engineering,STEM
S201700952,2017,0,F,0,Multi,CA,INST_01,State University A (Research),research,3.29,44,1999,Physics,STEM
S201700953,2017,1,F,1,White,GA,INST_04,Regional College D (Teaching),teaching,3.82,38,1999,Psychology,Social Sciences
S201700954,2017,1,M,0,Black,CA,INST_01,State University A (Research),research,3.26,35,1999,General Studies,Other
S201700955,2017,1,NB,0,Asian,MI,INST_04,Regional College D (Teaching),teaching,3.62,85,1999,Pre-Med,Health
S201700956,2017,1,M,0,White,NJ,INST_04,Regional College D (Teaching),teaching,3.32,90,1999,Nursing,Health
S201700957,2017,1,M,0,Asian,VA,INST_01,State University A (Research),research,2.9,59,1999,Pre-Med,Health
S201700958,2017,0,M,1,Black,NJ,INST_04,Regional College D (Teaching),teaching,3.96,38,1999,Statistics,STEM
S201700959,2017,0,F,0,Asian,NC,INST_05,Urban University E (Research),research,3.73,41,1999,Biology,STEM
S201700960,2017,1,F,1,Hispanic,MI,INST_03,Regional College C (Teaching),teaching,2.71,66,1999,Computer Science,STEM
S201700961,2017,1,M,0,Multi,FL,INST_04,Regional College D (Teaching),teaching,3.73,32,1999,Marketing,Business
S201700962,2017,0,F,0,White,FL,INST_04,Regional College D (Teaching),teaching,3.34,70,1999,Political Science,Social Sciences
S201700963,2017,1,M,0,White,NY,INST_03,Regional College C (Teaching),teaching,2.1,72,1999,Marketing,Business
S201700964,2017,0,F,0,White,NJ,INST_03,Regional College C (Teaching),teaching,3.61,41,1998,Public Health,Health
S201700965,2017,0,M,0,White,NC,INST_01,State University A (Research),research,2.71,33,1999,Pre-Med,Health
S201700966,2017,0,F,1,White,FL,INST_02,State University B (Research),research,3.59,47,1999,Spanish,Humanities
S201700967,2017,1,F,0,White,IL,INST_04,Regional College D (Teaching),teaching,3.03,65,1999,Psychology,Social Sciences
S201700968,2017,1,F,1,Asian,OH,INST_01,State University A (Research),research,2.79,47,1999,Communications,Other
S201700969,2017,0,F,0,Asian,MI,INST_04,Regional College D (Teaching),teaching,3.73,88,1999,Education,Other
S201700970,2017,0,F,0,White,TX,INST_05,Urban University E (Research),research,3.41,50,1999,Nursing,Health
S201700971,2017,0,F,1,White,NC,INST_02,State University B (Research),research,3.17,61,1999,Biomedical Engineering,STEM
S201700972,2017,1,F,0,White,MI,INST_05,Urban University E (Research),research,3.35,48,1999,Management,Business
S201700973,2017,0,M,0,White,PA,INST_03,Regional College C (Teaching),teaching,3.41,19,1999,Physics,STEM
S201700974,2017,0,F,0,Hispanic,TX,INST_05,Urban University E (Research),research,3.22,99,1999,Psychology,Social Sciences
S201700975,2017,1,F,0,Hispanic,IL,INST_03,Regional College C (Teaching),teaching,2.8,56,1999,Biology,STEM
S201700976,2017,1,M,0,White,IL,INST_04,Regional College D (Teaching),teaching,3.8,39,1999,Mathematics,STEM
S201700977,2017,0,M,0,Hispanic,TX,INST_01,State University A (Research),research,3.1,79,1999,Communications,Other
S201700978,2017,1,M,0,Black,NJ,INST_05,Urban University E (Research),research,2.55,38,1999,Finance,Business
S201700979,2017,1,F,0,White,CA,INST_01,State University A (Research),research,3.9,27,1999,Pre-Med,Health
S201700980,2017,0,F,1,White,GA,INST_05,Urban University E (Research),research,4.0,69,1999,Economics-Bus,Business
S201700981,2017,1,F,0,Hispanic,FL,INST_01,State University A (Research),research,2.51,74,1999,Physics,STEM
S201700982,2017,0,M,1,White,NY,INST_01,State University A (Research),research,3.26,54,1999,Physics,STEM
S201700983,2017,0,M,1,White,NC,INST_03,Regional College C (Teaching),teaching,3.91,42,1999,Public Health,Health
S201700984,2017,0,M,1,White,MI,INST_04,Regional College D (Teaching),teaching,3.77,55,1999,Chemistry,STEM
S201700985,2017,1,F,1,Hispanic,FL,INST_01,State University A (Research),research,3.02,53,1999,Kinesiology,Health
S201700986,2017,0,M,0,White,IL,INST_04,Regional College D (Teaching),teaching,3.05,62,1999,Finance,Business
S201700987,2017,0,M,0,Multi,FL,INST_05,Urban University E (Research),research,3.25,57,1999,Management,Business
S201700988,2017,0,F,1,White,PA,INST_05,Urban University E (Research),research,3.42,66,1999,Economics,Social Sciences
S201700989,2017,0,M,0,Hispanic,TX,INST_03,Regional College C (Teaching),teaching,3.16,18,1999,Education,Other
S201700990,2017,1,F,0,Black,FL,INST_03,Regional College C (Teaching),teaching,4.0,72,1999,Political Science,Social Sciences
S201700991,2017,1,M,1,White,CA,INST_03,Regional College C (Teaching),teaching,2.55,45,1999,Electrical Engineering,STEM
S201700992,2017,0,M,0,Asian,OH,INST_04,Regional College D (Teaching),teaching,2.9,71,1999,Physics,STEM
S201700993,2017,0,M,0,Asian,OH,INST_03,Regional College C (Teaching),teaching,2.46,28,1999,Psychology,Social Sciences
S201700994,2017,0,F,1,Multi,CA,INST_05,Urban University E (Research),research,2.36,54,1999,Civil Engineering,STEM
S201700995,2017,0,M,0,White,MI,INST_05,Urban University E (Research),research,3.48,61,1999,Psychology,Social Sciences
S201700996,2017,0,F,0,Hispanic,VA,INST_02,State University B (Research),research,3.22,49,1999,Biology,STEM
S201700997,2017,0,F,1,White,MI,INST_03,Regional College C (Teaching),teaching,2.84,83,1999,Biology,STEM
S201700998,2017,1,M,0,Black,OH,INST_01,State University A (Research),research,3.15,74,1999,Anthropology,Social Sciences
S201700999,2017,0,M,0,Black,IL,INST_02,State University B (Research),research,3.22,39,1999,Undeclared,Other
S201701000,2017,0,F,0,White,OH,INST_04,Regional College D (Teaching),teaching,3.8,38,1999,Political Science,Social Sciences
S201701001,2017,0,F,1,White,OH,INST_03,Regional College C (Teaching),teaching,2.31,40,1998,Electrical Engineering,STEM
S201701002,2017,0,F,0,White,IL,INST_05,Urban University E (Research),research,2.58,66,1999,Chemistry,STEM
S201701003,2017,1,M,0,White,NJ,INST_01,State University A (Research),research,3.57,17,1999,Public Health,Health
S201701004,2017,0,F,0,Asian,PA,INST_01,State University A (Research),research,3.48,81,1999,Economics-Bus,Business
S201701005,2017,0,M,0,White,TX,INST_04,Regional College D (Teaching),teaching,3.8,72,1999,Nursing,Health
S201701006,2017,1,F,1,White,FL,INST_03,Regional College C (Teaching),teaching,3.21,49,1999,Biomedical Engineering,STEM
S201701007,2017,0,M,0,Hispanic,VA,INST_01,State University A (Research),research,3.5,51,1999,General Studies,Other
S201701008,2017,0,M,1,Hispanic,NY,INST_02,State University B (Research),research,3.17,54,1999,Management,Business
S201701009,2017,0,M,0,NHPI,FL,INST_01,State University A (Research),research,3.03,40,1999,Undeclared,Other
S201701010,2017,0,F,1,White,NY,INST_03,Regional College C (Teaching),teaching,3.89,77,1999,General Studies,Other
S201701011,2017,0,F,0,Hispanic,PA,INST_05,Urban University E (Research),research,3.09,38,1999,General Studies,Other
S201701012,2017,0,M,1,White,NJ,INST_03,Regional College C (Teaching),teaching,3.35,34,1999,Kinesiology,Health
S201701013,2017,1,F,0,Asian,MI,INST_05,Urban University E (Research),research,3.41,91,1999,Management,Business
S201701014,2017,0,F,0,Hispanic,GA,INST_02,State University B (Research),research,2.99,51,1999,Kinesiology,Health
S201701015,2017,1,M,0,Black,GA,INST_01,State University A (Research),research,2.73,73,1999,Finance,Business
S201701016,2017,0,M,0,Hispanic,NC,INST_01,State University A (Research),research,3.17,84,1999,Pre-Med,Health
S201701017,2017,0,M,0,Black,TX,INST_05,Urban University E (Research),research,3.0,27,1999,Economics-Bus,Business
S201701018,2017,0,M,0,White,MI,INST_05,Urban University E (Research),research,3.92,61,1999,Public Health,Health
S201701019,2017,1,F,1,White,IL,INST_04,Regional College D (Teaching),teaching,3.89,30,1999,General Studies,Other
S201701020,2017,0,M,1,Hispanic,CA,INST_04,Regional College D (Teaching),teaching,3.93,64,1999,Chemistry,STEM
S201701021,2017,1,M,1,Black,OH,INST_02,State University B (Research),research,4.0,30,1999,Sociology,Social Sciences
S201701022,2017,0,M,0,Asian,FL,INST_02,State University B (Research),research,3.09,47,1998,Nursing,Health
S201701023,2017,0,M,1,Black,FL,INST_01,State University A (Research),research,2.87,35,1999,Public Health,Health
S201701024,2017,0,M,0,White,CA,INST_01,State University A (Research),research,3.04,47,1999,Economics,Social Sciences
S201701025,2017,0,M,0,White,NJ,INST_04,Regional College D (Teaching),teaching,4.0,54,1999,Public Health,Health
S201701026,2017,0,M,0,White,FL,INST_01,State University A (Research),research,3.78,79,1999,General Studies,Other
S201701027,2017,1,F,0,White,IL,INST_01,State University A (Research),research,3.11,39,1999,Marketing,Business
S201701028,2017,1,M,0,Black,NY,INST_02,State University B (Research),research,3.38,43,1999,Kinesiology,Health
S201701029,2017,0,M,0,Asian,MI,INST_03,Regional College C (Teaching),teaching,2.96,60,1999,Physics,STEM
S201701030,2017,1,F,1,Hispanic,IL,INST_03,Regional College C (Teaching),teaching,3.95,74,1999,Biology,STEM
S201701031,2017,0,F,0,Hispanic,TX,INST_01,State University A (Research),research,3.13,74,1999,Philosophy,Humanities
S201701032,2017,0,F,0,White,PA,INST_05,Urban University E (Research),research,3.16,31,1999,Kinesiology,Health
S201701033,2017,0,F,1,White,CA,INST_02,State University B (Research),research,2.86,15,1999,Biology,STEM
S201701034,2017,1,F,0,Hispanic,NC,INST_02,State University B (Research),research,2.94,75,1999,Marketing,Business
S201701035,2017,0,F,0,Hispanic,TX,INST_03,Regional College C (Teaching),teaching,3.85,58,1999,Finance,Business
S201701036,2017,0,F,0,White,GA,INST_05,Urban University E (Research),research,3.49,45,1999,Biomedical Engineering,STEM
S201701037,2017,0,F,0,Black,VA,INST_04,Regional College D (Teaching),teaching,3.27,58,1999,Pre-Med,Health
S201701038,2017,0,F,0,White,MI,INST_04,Regional College D (Teaching),teaching,2.79,35,1999,Pre-Med,Health
S201701039,2017,1,M,0,Black,VA,INST_05,Urban University E (Research),research,3.07,63,1999,Undeclared,Other
S201701040,2017,1,F,1,Hispanic,MI,INST_03,Regional College C (Teaching),teaching,2.96,41,1999,Biomedical Engineering,STEM
S201701041,2017,0,M,0,Hispanic,MI,INST_04,Regional College D (Teaching),teaching,3.07,55,1999,Psychology,Social Sciences
S201701042,2017,0,F,0,White,NY,INST_01,State University A (Research),research,3.6,57,1999,Management,Business
S201701043,2017,0,F,1,Multi,VA,INST_03,Regional College C (Teaching),teaching,3.66,53,1999,General Studies,Other
S201701044,2017,0,M,0,Black,GA,INST_05,Urban University E (Research),research,2.73,77,1999,Communications,Other
S201701045,2017,0,M,0,Black,NC,INST_02,State University B (Research),research,2.91,67,1999,Psychology,Social Sciences
S201701046,2017,0,F,1,White,TX,INST_01,State University A (Research),research,3.3,35,1999,Computer Science,STEM
S201701047,2017,1,F,0,Black,OH,INST_04,Regional College D (Teaching),teaching,3.33,51,1999,Finance,Business
S201701048,2017,0,F,0,White,VA,INST_02,State University B (Research),research,2.38,59,1999,Public Health,Health
S201701049,2017,0,F,0,White,NC,INST_05,Urban University E (Research),research,3.68,59,1999,Civil Engineering,STEM
S201701050,2017,1,M,0,White,CA,INST_05,Urban University E (Research),research,2.66,32,1999,Mathematics,STEM
S201701051,2017,1,M,0,White,GA,INST_03,Regional College C (Teaching),teaching,3.29,37,1999,Public Health,Health
S201701052,2017,1,M,0,Black,VA,INST_01,State University A (Research),research,3.07,26,1999,Chemistry,STEM
S201701053,2017,0,M,1,White,VA,INST_03,Regional College C (Teaching),teaching,3.54,57,1999,Civil Engineering,STEM
S201701054,2017,1,F,0,Black,MI,INST_05,Urban University E (Research),research,3.34,67,1999,History,Humanities
S201701055,2017,1,M,0,Hispanic,VA,INST_05,Urban University E (Research),research,2.76,52,1999,Civil Engineering,STEM
S201701056,2017,0,F,0,Black,IL,INST_01,State University A (Research),research,3.31,73,1999,Sociology,Social Sciences
S201701057,2017,0,F,0,Asian,GA,INST_03,Regional College C (Teaching),teaching,2.79,52,1998,Statistics,STEM
S201701058,2017,0,M,1,White,TX,INST_01,State University A (Research),research,2.56,47,1998,Sociology,Social Sciences
S201701059,2017,0,F,1,White,TX,INST_03,Regional College C (Teaching),teaching,3.6,43,1999,Mathematics,STEM
S201701060,2017,0,F,0,White,IL,INST_05,Urban University E (Research),research,3.07,57,1999,Public Health,Health
S201701061,2017,1,M,0,White,NY,INST_02,State University B (Research),research,3.34,83,1999,Management,Business
S201701062,2017,0,F,0,White,GA,INST_02,State University B (Research),research,3.27,60,1999,Sociology,Social Sciences
S201701063,2017,0,F,1,White,NJ,INST_04,Regional College D (Teaching),teaching,3.46,60,1999,Spanish,Humanities
S201701064,2017,0,NB,0,Hispanic,NC,INST_03,Regional College C (Teaching),teaching,2.24,70,1999,Biology,STEM
S201701065,2017,0,F,0,Hispanic,NC,INST_05,Urban University E (Research),research,3.08,76,1999,Chemistry,STEM
S201701066,2017,0,F,0,White,FL,INST_03,Regional College C (Teaching),teaching,3.57,61,1999,Chemistry,STEM
S201701067,2017,0,F,0,White,FL,INST_04,Regional College D (Teaching),teaching,3.03,45,1999,Political Science,Social Sciences
S201701068,2017,0,M,0,White,NY,INST_04,Regional College D (Teaching),teaching,2.93,54,1999,Sociology,Social Sciences
S201701069,2017,1,M,0,Hispanic,OH,INST_03,Regional College C (Teaching),teaching,3.9,39,1999,Biology,STEM
S201701070,2017,0,M,0,White,IL,INST_04,Regional College D (Teaching),teaching,3.47,42,1999,Economics-Bus,Business
S201701071,2017,0,M,0,White,MI,INST_04,Regional College D (Teaching),teaching,3.08,48,1999,Biomedical Engineering,STEM
S201701072,2017,1,F,0,Black,OH,INST_03,Regional College C (Teaching),teaching,2.36,41,1999,Economics,Social Sciences
S201701073,2017,0,F,0,White,TX,INST_04,Regional College D (Teaching),teaching,3.23,62,1999,Marketing,Business
S201701074,2017,1,F,0,White,TX,INST_01,State University A (Research),research,2.17,61,1999,Sociology,Social Sciences
S201701075,2017,0,F,0,Black,OH,INST_05,Urban University E (Research),research,3.11,69,1999,Anthropology,Social Sciences
S201701076,2017,0,M,0,White,FL,INST_04,Regional College D (Teaching),teaching,3.95,37,1999,General Studies,Other
S201701077,2017,1,F,0,White,NC,INST_01,State University A (Research),research,2.98,84,1999,Education,Other
S201701078,2017,0,F,0,White,NC,INST_01,State University A (Research),research,3.15,55,1999,Nursing,Health
S201701079,2017,0,F,0,White,MI,INST_01,State University A (Research),research,2.91,59,1999,General Studies,Other
S201701080,2017,0,F,0,Black,NJ,INST_02,State University B (Research),research,2.91,61,1998,Physics,STEM
S201701081,2017,0,M,0,White,VA,INST_05,Urban University E (Research),research,3.56,51,1999,Finance,Business
S201701082,2017,0,NB,0,Black,TX,INST_04,Regional College D (Teaching),teaching,3.17,44,1999,Management,Business
S201701083,2017,1,F,0,Hispanic,NC,INST_05,Urban University E (Research),research,2.73,37,1999,Mechanical Engineering,STEM
S201701084,2017,0,M,0,Hispanic,OH,INST_05,Urban University E (Research),research,3.56,55,1999,Nursing,Health
S201701085,2017,0,F,1,Hispanic,OH,INST_04,Regional College D (Teaching),teaching,3.29,52,1999,Marketing,Business
S201701086,2017,1,F,1,White,NC,INST_02,State University B (Research),research,2.94,52,1999,Finance,Business
S201701087,2017,1,M,0,White,GA,INST_01,State University A (Research),research,3.77,42,1999,Education,Other
S201701088,2017,0,F,1,White,VA,INST_04,Regional College D (Teaching),teaching,3.77,76,1999,Civil Engineering,STEM
S201701089,2017,0,M,0,White,VA,INST_04,Regional College D (Teaching),teaching,2.54,73,1999,Sociology,Social Sciences
S201701090,2017,0,F,0,Black,NJ,INST_03,Regional College C (Teaching),teaching,3.45,61,1998,Biology,STEM
S201701091,2017,1,F,0,Hispanic,NC,INST_01,State University A (Research),research,2.69,42,1999,Economics,Social Sciences
S201701092,2017,0,F,0,White,VA,INST_03,Regional College C (Teaching),teaching,3.29,70,1999,Biomedical Engineering,STEM
S201701093,2017,0,F,0,White,IL,INST_03,Regional College C (Teaching),teaching,3.52,75,1999,Finance,Business
S201701094,2017,0,F,0,Hispanic,NC,INST_01,State University A (Research),research,3.07,65,1999,Accounting,Business
S201701095,2017,0,F,0,White,MI,INST_02,State University B (Research),research,3.61,99,1999,Psychology,Social Sciences
S201701096,2017,0,F,1,Black,TX,INST_03,Regional College C (Teaching),teaching,3.5,51,1999,Biology,STEM
S201701097,2017,1,M,0,White,NY,INST_01,State University A (Research),research,3.4,68,1999,Marketing,Business
S201701098,2017,1,F,0,White,NC,INST_05,Urban University E (Research),research,3.38,33,1999,Management,Business
S201701099,2017,1,M,0,Hispanic,MI,INST_02,State University B (Research),research,3.86,79,1999,Education,Other
S201701100,2017,0,F,0,White,OH,INST_02,State University B (Research),research,3.24,17,1999,Political Science,Social Sciences
S201701101,2017,1,F,0,Unknown,PA,INST_03,Regional College C (Teaching),teaching,2.68,54,1999,Biology,STEM
S201701102,2017,0,F,1,Asian,OH,INST_04,Regional College D (Teaching),teaching,3.06,53,1999,Computer Science,STEM
S201701103,2017,0,F,0,Black,VA,INST_02,State University B (Research),research,3.09,59,1999,Statistics,STEM
S201701104,2017,1,F,1,White,NY,INST_04,Regional College D (Teaching),teaching,2.79,44,1999,General Studies,Other
S201701105,2017,1,M,1,Hispanic,TX,INST_02,State University B (Research),research,2.51,66,1999,Sociology,Social Sciences
S201701106,2017,1,M,0,White,PA,INST_05,Urban University E (Research),research,3.37,82,1999,Civil Engineering,STEM
S201701107,2017,0,F,0,Multi,NJ,INST_02,State University B (Research),research,4.0,40,1999,Psychology,Social Sciences
S201701108,2017,0,F,0,White,GA,INST_05,Urban University E (Research),research,3.21,77,1999,Psychology,Social Sciences
S201701109,2017,1,F,0,White,IL,INST_04,Regional College D (Teaching),teaching,2.78,60,1999,Civil Engineering,STEM
S201701110,2017,1,F,0,Hispanic,PA,INST_03,Regional College C (Teaching),teaching,4.0,46,1999,Civil Engineering,STEM
S201701111,2017,1,F,0,White,CA,INST_01,State University A (Research),research,3.82,34,1999,Management,Business
S201701112,2017,0,F,0,AIAN,NC,INST_01,State University A (Research),research,2.9,64,1999,Nursing,Health
S201701113,2017,1,F,0,White,IL,INST_02,State University B (Research),research,3.71,46,1999,Undeclared,Other
S201701114,2017,0,F,0,Hispanic,NJ,INST_02,State University B (Research),research,3.74,61,1999,Psychology,Social Sciences
S201701115,2017,1,F,1,Hispanic,CA,INST_01,State University A (Research),research,2.4,41,1999,Education,Other
S201701116,2017,0,F,0,White,FL,INST_04,Regional College D (Teaching),teaching,3.03,68,1999,Kinesiology,Health
S201701117,2017,0,M,0,Hispanic,NJ,INST_04,Regional College D (Teaching),teaching,3.33,50,1999,Education,Other
S201701118,2017,1,F,0,Asian,CA,INST_04,Regional College D (Teaching),teaching,3.13,75,1999,Public Health,Health
S201701119,2017,1,M,1,White,NY,INST_02,State University B (Research),research,3.26,50,1999,Economics,Social Sciences
S201701120,2017,1,F,0,Asian,PA,INST_01,State University A (Research),research,3.66,64,1999,Spanish,Humanities
S201701121,2017,0,M,1,White,MI,INST_03,Regional College C (Teaching),teaching,2.99,65,1999,Statistics,STEM
S201701122,2017,0,F,1,White,OH,INST_04,Regional College D (Teaching),teaching,3.34,67,1999,Statistics,STEM
S201701123,2017,0,F,0,White,GA,INST_04,Regional College D (Teaching),teaching,3.04,40,1999,Biomedical Engineering,STEM
S201701124,2017,0,F,1,Asian,MI,INST_05,Urban University E (Research),research,3.42,60,1999,Biomedical Engineering,STEM
S201701125,2017,0,M,1,White,NC,INST_03,Regional College C (Teaching),teaching,4.0,56,1999,General Studies,Other
S201701126,2017,1,M,0,Multi,OH,INST_03,Regional College C (Teaching),teaching,3.21,60,1999,Accounting,Business
S201701127,2017,0,M,1,Black,IL,INST_04,Regional College D (Teaching),teaching,2.99,63,1999,Spanish,Humanities
S201701128,2017,1,M,0,Asian,NJ,INST_04,Regional College D (Teaching),teaching,3.18,33,1999,Pre-Med,Health
S201701129,2017,0,F,0,White,NY,INST_04,Regional College D (Teaching),teaching,2.76,20,1999,Management,Business
S201701130,2017,0,M,1,White,MI,INST_01,State University A (Research),research,2.88,95,1999,Marketing,Business
S201701131,2017,1,M,0,White,MI,INST_01,State University A (Research),research,2.8,56,1999,Kinesiology,Health
S201701132,2017,1,M,1,Multi,GA,INST_02,State University B (Research),research,3.58,48,1999,Management,Business
S201701133,2017,1,F,0,White,FL,INST_05,Urban University E (Research),research,3.34,49,1999,Management,Business
S201701134,2017,1,F,0,Black,VA,INST_02,State University B (Research),research,2.71,39,1999,Communications,Other
S201701135,2017,1,F,1,Black,NJ,INST_02,State University B (Research),research,2.86,23,1999,Pre-Med,Health
S201701136,2017,0,F,1,Hispanic,TX,INST_02,State University B (Research),research,3.43,36,1999,Management,Business
S201701137,2017,0,F,0,Hispanic,MI,INST_04,Regional College D (Teaching),teaching,3.89,58,1999,Economics,Social Sciences
S201701138,2017,0,M,0,Black,FL,INST_02,State University B (Research),research,3.46,73,1999,Biomedical Engineering,STEM
S201701139,2017,1,M,1,Hispanic,TX,INST_02,State University B (Research),research,3.92,30,1999,Finance,Business
S201701140,2017,0,F,0,Hispanic,IL,INST_02,State University B (Research),research,3.65,28,1999,Spanish,Humanities
S201701141,2017,1,F,0,White,MI,INST_04,Regional College D (Teaching),teaching,3.06,7,1999,Pre-Med,Health
S201701142,2017,1,F,0,Multi,CA,INST_04,Regional College D (Teaching),teaching,4.0,72,1999,Philosophy,Humanities
S201701143,2017,1,F,0,Asian,NJ,INST_05,Urban University E (Research),research,3.29,82,1999,Sociology,Social Sciences
S201701144,2017,0,F,0,White,FL,INST_04,Regional College D (Teaching),teaching,3.39,75,1999,Education,Other
S201701145,2017,0,M,0,Black,GA,INST_01,State University A (Research),research,4.0,71,1999,Public Health,Health
S201701146,2017,1,M,1,White,TX,INST_05,Urban University E (Research),research,2.53,46,1999,Mechanical Engineering,STEM
S201701147,2017,0,F,0,Black,OH,INST_01,State University A (Research),research,2.84,99,1999,Statistics,STEM
S201701148,2017,0,M,1,Asian,VA,INST_01,State University A (Research),research,3.18,94,1999,Mathematics,STEM
S201701149,2017,1,F,1,White,VA,INST_04,Regional College D (Teaching),teaching,3.17,21,1999,Anthropology,Social Sciences
S201701150,2017,0,F,0,Black,MI,INST_03,Regional College C (Teaching),teaching,3.35,58,1999,Finance,Business
S201701151,2017,1,M,0,Black,TX,INST_05,Urban University E (Research),research,2.88,48,1999,Psychology,Social Sciences
S201701152,2017,0,M,0,Asian,FL,INST_05,Urban University E (Research),research,2.96,45,1999,Management,Business
S201701153,2017,1,F,0,White,NC,INST_05,Urban University E (Research),research,2.75,33,1999,Civil Engineering,STEM
S201701154,2017,0,F,1,Black,NY,INST_05,Urban University E (Research),research,2.6,50,1999,Mathematics,STEM
S201701155,2017,0,M,0,Hispanic,PA,INST_03,Regional College C (Teaching),teaching,3.15,21,1999,Mechanical Engineering,STEM
S201701156,2017,0,F,0,White,OH,INST_04,Regional College D (Teaching),teaching,2.08,80,1999,Kinesiology,Health
S201701157,2017,1,F,1,Hispanic,OH,INST_02,State University B (Research),research,2.85,63,1999,Civil Engineering,STEM
S201701158,2017,0,F,0,White,OH,INST_01,State University A (Research),research,3.8,50,1999,Political Science,Social Sciences
S201701159,2017,0,M,0,White,IL,INST_01,State University A (Research),research,2.31,69,1999,Anthropology,Social Sciences
S201701160,2017,0,F,1,White,CA,INST_05,Urban University E (Research),research,2.89,79,1999,Accounting,Business
S201701161,2017,0,M,0,Hispanic,VA,INST_05,Urban University E (Research),research,2.59,18,1999,Management,Business
S201701162,2017,0,F,0,White,NJ,INST_02,State University B (Research),research,2.7,66,1999,Statistics,STEM
S201701163,2017,0,M,1,Hispanic,GA,INST_05,Urban University E (Research),research,2.46,45,1999,Computer Science,STEM
S201701164,2017,0,M,1,White,PA,INST_04,Regional College D (Teaching),teaching,3.86,52,1999,Computer Science,STEM
S201701165,2017,0,M,0,Multi,NJ,INST_04,Regional College D (Teaching),teaching,2.75,53,1999,Sociology,Social Sciences
S201701166,2017,1,F,1,Multi,IL,INST_03,Regional College C (Teaching),teaching,2.62,47,1999,Nursing,Health
S201701167,2017,0,F,1,White,NJ,INST_03,Regional College C (Teaching),teaching,3.32,51,1998,Pre-Med,Health
S201701168,2017,0,F,0,Multi,VA,INST_05,Urban University E (Research),research,4.0,52,1999,Mathematics,STEM
S201701169,2017,1,F,0,Hispanic,NJ,INST_01,State University A (Research),research,3.35,25,1999,Biomedical Engineering,STEM
S201701170,2017,0,F,0,White,NJ,INST_04,Regional College D (Teaching),teaching,2.14,57,1999,Management,Business
S201701171,2017,0,F,0,Black,NC,INST_02,State University B (Research),research,3.31,56,1999,Economics-Bus,Business
S201701172,2017,0,F,1,White,OH,INST_04,Regional College D (Teaching),teaching,3.02,64,1999,Civil Engineering,STEM
S201701173,2017,1,F,0,Black,NY,INST_02,State University B (Research),research,3.51,71,1999,Anthropology,Social Sciences
S201701174,2017,0,M,0,White,GA,INST_05,Urban University E (Research),research,2.52,31,1999,Computer Science,STEM
S201701175,2017,0,F,0,White,FL,INST_04,Regional College D (Teaching),teaching,2.68,65,1999,Spanish,Humanities
S201701176,2017,0,M,0,Multi,VA,INST_04,Regional College D (Teaching),teaching,3.7,39,1999,Pre-Med,Health
S201701177,2017,0,F,0,White,CA,INST_05,Urban University E (Research),research,3.21,64,1999,Education,Other
S201701178,2017,1,F,0,White,TX,INST_05,Urban University E (Research),research,3.51,26,1999,Undeclared,Other
S201701179,2017,0,F,1,White,IL,INST_05,Urban University E (Research),research,3.22,34,1999,Marketing,Business
S201701180,2017,0,M,0,Asian,MI,INST_01,State University A (Research),research,3.25,42,1999,Sociology,Social Sciences
S201701181,2017,1,F,0,Black,TX,INST_05,Urban University E (Research),research,3.38,99,1999,Kinesiology,Health
S201701182,2017,1,F,1,White,TX,INST_04,Regional College D (Teaching),teaching,3.35,65,1999,Spanish,Humanities
S201701183,2017,0,F,0,White,TX,INST_02,State University B (Research),research,3.66,34,1999,Nursing,Health
S201701184,2017,0,F,1,White,OH,INST_03,Regional College C (Teaching),teaching,3.57,47,1999,Public Health,Health
S201701185,2017,1,M,0,Asian,GA,INST_04,Regional College D (Teaching),teaching,1.99,31,1999,Marketing,Business
S201701186,2017,0,F,0,AIAN,PA,INST_05,Urban University E (Research),research,3.24,80,1999,Computer Science,STEM
S201701187,2017,0,M,0,White,IL,INST_05,Urban University E (Research),research,3.88,65,1999,Mechanical Engineering,STEM
S201701188,2017,0,M,0,AIAN,GA,INST_02,State University B (Research),research,4.0,62,1999,Electrical Engineering,STEM
S201701189,2017,1,F,0,White,PA,INST_02,State University B (Research),research,2.58,58,1999,Undeclared,Other
S201701190,2017,1,F,0,Black,PA,INST_04,Regional College D (Teaching),teaching,3.02,42,1999,Mathematics,STEM
S201701191,2017,1,M,1,White,MI,INST_04,Regional College D (Teaching),teaching,4.0,43,1999,Spanish,Humanities
S201701192,2017,0,F,1,White,MI,INST_02,State University B (Research),research,2.78,79,1999,Pre-Med,Health
S201701193,2017,0,M,0,Black,NC,INST_01,State University A (Research),research,3.89,49,1999,Accounting,Business
S201701194,2017,0,M,1,Unknown,CA,INST_02,State University B (Research),research,4.0,64,1999,Civil Engineering,STEM
S201701195,2017,0,M,1,Black,NC,INST_03,Regional College C (Teaching),teaching,3.83,32,1999,Anthropology,Social Sciences
S201701196,2017,0,M,0,Black,PA,INST_01,State University A (Research),research,3.83,61,1999,Communications,Other
S201701197,2017,0,F,0,Black,NC,INST_03,Regional College C (Teaching),teaching,3.3,70,1999,Accounting,Business
S201701198,2017,0,F,1,Black,MI,INST_02,State University B (Research),research,3.65,29,1999,Economics,Social Sciences
S201701199,2017,1,F,0,Hispanic,GA,INST_01,State University A (Research),research,3.68,61,1999,Spanish,Humanities
S201701200,2017,1,M,1,Black,NY,INST_01,State University A (Research),research,3.97,53,1999,Physics,STEM
S201701201,2017,1,M,0,White,FL,INST_04,Regional College D (Teaching),teaching,3.23,71,1999,Computer Science,STEM
S201701202,2017,0,F,1,Asian,FL,INST_04,Regional College D (Teaching),teaching,2.97,62,1999,Marketing,Business
S201701203,2017,0,M,0,Asian,IL,INST_01,State University A (Research),research,2.78,99,1999,Biomedical Engineering,STEM
S201701204,2017,0,F,1,Asian,NY,INST_03,Regional College C (Teaching),teaching,2.93,39,1999,English,Humanities
S201701205,2017,0,M,0,White,NY,INST_01,State University A (Research),research,3.26,61,1999,Education,Other
S201701206,2017,0,F,0,White,OH,INST_01,State University A (Research),research,2.68,79,1999,Kinesiology,Health
S201701207,2017,0,M,0,White,NY,INST_05,Urban University E (Research),research,3.96,33,1999,Nursing,Health
S201701208,2017,1,F,0,AIAN,VA,INST_04,Regional College D (Teaching),teaching,3.49,35,1999,Spanish,Humanities
S201701209,2017,0,F,0,Hispanic,GA,INST_04,Regional College D (Teaching),teaching,3.21,37,1998,History,Humanities
S201701210,2017,1,F,1,White,NY,INST_03,Regional College C (Teaching),teaching,3.81,78,1999,Mechanical Engineering,STEM
S201701211,2017,1,M,1,White,IL,INST_01,State University A (Research),research,3.01,61,1999,Electrical Engineering,STEM
S201701212,2017,1,M,0,White,MI,INST_04,Regional College D (Teaching),teaching,3.82,72,1999,Nursing,Health
S201701213,2017,0,M,0,Hispanic,PA,INST_02,State University B (Research),research,3.94,67,1999,Undeclared,Other
S201701214,2017,0,F,0,White,NC,INST_01,State University A (Research),research,3.85,42,1999,Pre-Med,Health
S201701215,2017,1,F,0,Black,MI,INST_02,State University B (Research),research,4.0,38,1999,Political Science,Social Sciences
S201701216,2017,1,F,1,Black,TX,INST_02,State University B (Research),research,3.21,72,1999,Pre-Med,Health
S201701217,2017,0,F,0,Black,IL,INST_04,Regional College D (Teaching),teaching,2.68,34,1999,General Studies,Other
S201701218,2017,0,F,0,White,TX,INST_05,Urban University E (Research),research,3.24,44,1999,Undeclared,Other
S201701219,2017,1,F,0,Multi,VA,INST_03,Regional College C (Teaching),teaching,3.2,77,1999,Communications,Other
S201701220,2017,1,F,0,White,MI,INST_01,State University A (Research),research,2.88,63,1999,Political Science,Social Sciences
S201701221,2017,0,F,0,Multi,NC,INST_05,Urban University E (Research),research,2.9,62,1999,Sociology,Social Sciences
S201701222,2017,0,F,1,Asian,PA,INST_04,Regional College D (Teaching),teaching,2.78,63,1999,Biology,STEM
S201701223,2017,1,F,0,Black,VA,INST_04,Regional College D (Teaching),teaching,3.05,15,1999,Biology,STEM
S201701224,2017,0,M,1,White,NY,INST_01,State University A (Research),research,3.89,67,1999,Communications,Other
S201701225,2017,0,M,0,Hispanic,CA,INST_05,Urban University E (Research),research,4.0,56,1999,Biology,STEM
S201701226,2017,1,M,0,White,VA,INST_02,State University B (Research),research,2.6,61,1999,Nursing,Health
S201701227,2017,1,M,1,White,FL,INST_02,State University B (Research),research,2.32,8,1999,Biology,STEM
S201701228,2017,0,F,0,Hispanic,OH,INST_02,State University B (Research),research,2.93,42,1999,Nursing,Health
S201701229,2017,0,M,0,Hispanic,NC,INST_04,Regional College D (Teaching),teaching,3.88,68,1999,Civil Engineering,STEM
S201701230,2017,1,M,0,White,NC,INST_03,Regional College C (Teaching),teaching,3.47,41,1999,Accounting,Business
S201701231,2017,0,M,0,White,NC,INST_05,Urban University E (Research),research,3.84,77,1999,Marketing,Business
S201701232,2017,0,F,0,White,IL,INST_01,State University A (Research),research,3.11,43,1999,Economics,Social Sciences
S201701233,2017,0,F,0,AIAN,CA,INST_04,Regional College D (Teaching),teaching,2.29,36,1999,Finance,Business
S201701234,2017,0,F,0,White,VA,INST_04,Regional College D (Teaching),teaching,2.84,19,1999,Pre-Med,Health
S201701235,2017,0,M,0,White,NJ,INST_04,Regional College D (Teaching),teaching,2.61,87,1999,Kinesiology,Health
S201701236,2017,0,M,0,White,NY,INST_01,State University A (Research),research,2.98,49,1999,Psychology,Social Sciences
S201701237,2017,0,F,0,Multi,CA,INST_01,State University A (Research),research,2.78,71,1999,Statistics,STEM
S201701238,2017,0,F,0,Black,PA,INST_01,State University A (Research),research,3.65,71,1999,Management,Business
S201701239,2017,0,F,1,Hispanic,TX,INST_04,Regional College D (Teaching),teaching,2.74,19,1999,Psychology,Social Sciences
S201701240,2017,0,F,1,White,OH,INST_05,Urban University E (Research),research,3.81,67,1999,Biology,STEM
S201701241,2017,0,F,0,White,NJ,INST_04,Regional College D (Teaching),teaching,3.26,21,1999,Kinesiology,Health
S201701242,2017,0,F,0,AIAN,NJ,INST_04,Regional College D (Teaching),teaching,2.67,48,1999,Accounting,Business
S201701243,2017,0,F,0,Black,NC,INST_01,State University A (Research),research,4.0,57,1999,Sociology,Social Sciences
S201701244,2017,0,M,1,Multi,MI,INST_03,Regional College C (Teaching),teaching,3.22,77,1999,Marketing,Business
S201701245,2017,0,F,1,White,TX,INST_01,State University A (Research),research,2.9,53,1999,Anthropology,Social Sciences
S201701246,2017,0,F,1,White,PA,INST_04,Regional College D (Teaching),teaching,3.94,42,1999,Computer Science,STEM
S201701247,2017,1,F,0,Hispanic,NC,INST_02,State University B (Research),research,3.26,69,1999,Psychology,Social Sciences
S201701248,2017,1,M,0,Black,NY,INST_04,Regional College D (Teaching),teaching,2.6,57,1999,Pre-Med,Health
S201701249,2017,1,M,1,NHPI,GA,INST_03,Regional College C (Teaching),teaching,2.79,15,1999,Mathematics,STEM
S201701250,2017,1,F,0,White,OH,INST_04,Regional College D (Teaching),teaching,3.35,64,1999,Pre-Med,Health
S201701251,2017,0,M,0,Black,OH,INST_03,Regional College C (Teaching),teaching,2.79,81,1999,Biomedical Engineering,STEM
S201701252,2017,0,M,0,Asian,CA,INST_01,State University A (Research),research,3.45,59,1999,Psychology,Social Sciences
S201701253,2017,0,F,0,White,IL,INST_04,Regional College D (Teaching),teaching,3.98,46,1999,Education,Other
S201701254,2017,0,F,0,Asian,GA,INST_02,State University B (Research),research,2.79,47,1999,Undeclared,Other
S201701255,2017,0,F,0,White,OH,INST_04,Regional College D (Teaching),teaching,2.74,50,1999,Spanish,Humanities
S201701256,2017,1,F,0,Multi,PA,INST_03,Regional College C (Teaching),teaching,3.19,53,1999,Physics,STEM
S201701257,2017,0,M,0,White,OH,INST_01,State University A (Research),research,3.52,43,1999,Chemistry,STEM
S201701258,2017,0,M,0,White,NC,INST_03,Regional College C (Teaching),teaching,2.58,37,1999,Kinesiology,Health
S201701259,2017,0,F,0,Black,CA,INST_05,Urban University E (Research),research,3.52,34,1999,Pre-Med,Health
S201701260,2017,1,M,0,Black,IL,INST_02,State University B (Research),research,3.19,54,1999,Education,Other
S201701261,2017,0,M,1,White,CA,INST_02,State University B (Research),research,3.61,25,1999,Nursing,Health
S201701262,2017,1,F,1,Asian,PA,INST_01,State University A (Research),research,3.84,61,1999,Statistics,STEM
S201701263,2017,0,M,0,Black,OH,INST_01,State University A (Research),research,3.42,44,1999,Philosophy,Humanities
S201701264,2017,0,F,0,Asian,NJ,INST_03,Regional College C (Teaching),teaching,2.89,84,1999,Kinesiology,Health
S201701265,2017,0,F,1,Black,MI,INST_05,Urban University E (Research),research,3.53,17,1999,Marketing,Business
S201701266,2017,0,F,0,Hispanic,MI,INST_02,State University B (Research),research,4.0,48,1999,Biomedical Engineering,STEM
S201701267,2017,0,F,1,Hispanic,FL,INST_02,State University B (Research),research,3.33,68,1999,Undeclared,Other
S201701268,2017,0,F,0,White,IL,INST_05,Urban University E (Research),research,2.62,43,1999,Management,Business
S201701269,2017,0,M,1,Hispanic,VA,INST_02,State University B (Research),research,3.03,70,1999,Kinesiology,Health
S201701270,2017,0,M,0,White,FL,INST_01,State University A (Research),research,2.69,42,1999,Civil Engineering,STEM
S201701271,2017,1,M,1,Hispanic,NY,INST_03,Regional College C (Teaching),teaching,2.53,53,1999,Civil Engineering,STEM
S201701272,2017,0,M,0,White,VA,INST_03,Regional College C (Teaching),teaching,2.84,65,1999,Physics,STEM
S201701273,2017,0,F,0,White,OH,INST_04,Regional College D (Teaching),teaching,2.49,10,1999,Education,Other
S201701274,2017,1,F,1,White,VA,INST_03,Regional College C (Teaching),teaching,2.89,75,1999,Kinesiology,Health
S201701275,2017,0,M,0,White,NY,INST_03,Regional College C (Teaching),teaching,4.0,41,1999,Undeclared,Other
S201701276,2017,1,F,0,Black,IL,INST_04,Regional College D (Teaching),teaching,3.61,61,1999,Biomedical Engineering,STEM
S201701277,2017,1,M,0,Black,FL,INST_01,State University A (Research),research,3.09,50,1999,Accounting,Business
S201701278,2017,1,F,1,White,NC,INST_04,Regional College D (Teaching),teaching,3.19,16,1999,Undeclared,Other
S201701279,2017,1,M,1,Black,IL,INST_03,Regional College C (Teaching),teaching,3.33,42,1999,Political Science,Social Sciences
S201701280,2017,0,M,1,AIAN,FL,INST_01,State University A (Research),research,3.79,44,1999,Accounting,Business
S201701281,2017,0,M,0,Hispanic,FL,INST_01,State University A (Research),research,3.2,50,1999,Management,Business
S201701282,2017,1,M,1,Hispanic,VA,INST_05,Urban University E (Research),research,3.42,67,1999,Nursing,Health
S201701283,2017,0,F,1,White,NJ,INST_04,Regional College D (Teaching),teaching,3.39,75,1999,Electrical Engineering,STEM
S201701284,2017,0,M,0,White,OH,INST_03,Regional College C (Teaching),teaching,2.9,33,1999,Mechanical Engineering,STEM
S201701285,2017,0,M,0,Asian,NC,INST_05,Urban University E (Research),research,2.8,54,1999,Nursing,Health
S201701286,2017,0,M,0,Hispanic,VA,INST_02,State University B (Research),research,2.97,76,1999,Marketing,Business
S201701287,2017,0,M,0,White,VA,INST_01,State University A (Research),research,2.37,77,1999,Management,Business
S201701288,2017,0,F,1,White,IL,INST_01,State University A (Research),research,4.0,37,1999,Statistics,STEM
S201701289,2017,0,F,0,Hispanic,VA,INST_03,Regional College C (Teaching),teaching,2.49,65,1999,Economics,Social Sciences
S201701290,2017,1,F,0,Multi,NC,INST_02,State University B (Research),research,3.31,34,1999,Communications,Other
S201701291,2017,1,F,1,White,OH,INST_03,Regional College C (Teaching),teaching,2.64,54,1999,Sociology,Social Sciences
S201701292,2017,0,F,0,White,MI,INST_04,Regional College D (Teaching),teaching,2.54,80,1999,Communications,Other
S201701293,2017,0,F,0,White,GA,INST_02,State University B (Research),research,3.2,60,1999,Finance,Business
S201701294,2017,0,M,0,Unknown,GA,INST_02,State University B (Research),research,4.0,67,1999,Communications,Other
S201701295,2017,1,M,0,White,FL,INST_05,Urban University E (Research),research,1.7,53,1999,Political Science,Social Sciences
S201701296,2017,1,F,0,Black,NJ,INST_04,Regional College D (Teaching),teaching,2.97,63,1999,Sociology,Social Sciences
S201701297,2017,0,M,0,White,OH,INST_01,State University A (Research),research,3.46,76,1999,Statistics,STEM
S201701298,2017,0,M,1,White,GA,INST_04,Regional College D (Teaching),teaching,4.0,44,1999,Political Science,Social Sciences
S201701299,2017,0,F,0,White,NC,INST_04,Regional College D (Teaching),teaching,2.86,46,1999,Kinesiology,Health
S201701300,2017,1,F,0,White,OH,INST_04,Regional College D (Teaching),teaching,3.07,23,1999,Psychology,Social Sciences
S201701301,2017,0,M,1,Hispanic,IL,INST_01,State University A (Research),research,3.22,62,1999,Accounting,Business
S201701302,2017,1,M,0,White,MI,INST_02,State University B (Research),research,2.87,99,1999,Computer Science,STEM
S201701303,2017,0,M,0,Asian,NJ,INST_02,State University B (Research),research,2.8,74,1999,Statistics,STEM
S201701304,2017,0,F,0,Unknown,GA,INST_04,Regional College D (Teaching),teaching,3.28,35,1999,Mathematics,STEM
S201701305,2017,1,M,0,Asian,GA,INST_05,Urban University E (Research),research,3.61,57,1999,Anthropology,Social Sciences
S201701306,2017,1,M,1,White,NJ,INST_05,Urban University E (Research),research,3.26,47,1999,Philosophy,Humanities
S201701307,2017,1,F,0,White,IL,INST_05,Urban University E (Research),research,2.71,47,1999,Physics,STEM
S201701308,2017,0,F,0,White,FL,INST_01,State University A (Research),research,3.13,65,1999,Mathematics,STEM
S201701309,2017,1,F,0,Hispanic,CA,INST_04,Regional College D (Teaching),teaching,3.98,89,1999,Kinesiology,Health
S201701310,2017,0,F,0,White,FL,INST_02,State University B (Research),research,3.12,33,1999,Pre-Med,Health
S201701311,2017,0,F,1,White,NJ,INST_04,Regional College D (Teaching),teaching,3.26,37,1999,Management,Business
S201701312,2017,1,F,1,Hispanic,GA,INST_01,State University A (Research),research,3.43,65,1999,Public Health,Health
S201701313,2017,0,F,0,Black,NC,INST_01,State University A (Research),research,3.66,31,1999,Psychology,Social Sciences
S201701314,2017,0,F,0,White,TX,INST_01,State University A (Research),research,3.19,40,1999,Computer Science,STEM
S201701315,2017,1,F,0,Asian,VA,INST_05,Urban University E (Research),research,3.56,34,1999,Psychology,Social Sciences
S201701316,2017,0,M,0,Asian,MI,INST_02,State University B (Research),research,3.03,70,1999,Mathematics,STEM
S201701317,2017,0,M,0,White,PA,INST_01,State University A (Research),research,3.25,63,1999,General Studies,Other
S201701318,2017,1,M,0,White,OH,INST_04,Regional College D (Teaching),teaching,2.62,32,1999,Electrical Engineering,STEM
S201701319,2017,1,M,0,White,NC,INST_05,Urban University E (Research),research,2.88,46,1998,Electrical Engineering,STEM
S201701320,2017,0,M,1,White,OH,INST_04,Regional College D (Teaching),teaching,1.94,37,1999,Economics-Bus,Business
S201701321,2017,0,F,0,Asian,TX,INST_05,Urban University E (Research),research,3.51,59,1998,English,Humanities
S201701322,2017,1,M,1,White,TX,INST_03,Regional College C (Teaching),teaching,3.35,49,1999,Public Health,Health
S201701323,2017,0,F,0,Asian,MI,INST_01,State University A (Research),research,3.23,38,1999,Civil Engineering,STEM
S201701324,2017,0,F,0,Hispanic,FL,INST_05,Urban University E (Research),research,3.54,63,1999,Finance,Business
S201701325,2017,0,M,0,White,NC,INST_02,State University B (Research),research,3.05,47,1999,Electrical Engineering,STEM
S201701326,2017,0,F,0,White,NJ,INST_01,State University A (Research),research,3.88,79,1999,Mathematics,STEM
S201701327,2017,0,F,1,Hispanic,NC,INST_04,Regional College D (Teaching),teaching,3.3,48,1999,Pre-Med,Health
S201701328,2017,1,F,1,Hispanic,NY,INST_02,State University B (Research),research,4.0,44,1999,Psychology,Social Sciences
S201701329,2017,1,F,0,Asian,CA,INST_02,State University B (Research),research,2.76,44,1999,Sociology,Social Sciences
S201701330,2017,1,M,1,Black,NY,INST_02,State University B (Research),research,3.4,57,1999,Economics,Social Sciences
S201701331,2017,1,F,1,Asian,IL,INST_02,State University B (Research),research,3.92,54,1999,History,Humanities
S201701332,2017,0,F,1,White,NC,INST_04,Regional College D (Teaching),teaching,3.15,44,1999,Physics,STEM
S201701333,2017,0,M,0,Multi,PA,INST_03,Regional College C (Teaching),teaching,2.59,54,1999,Finance,Business
S201701334,2017,0,M,1,Asian,VA,INST_01,State University A (Research),research,3.22,57,1998,Chemistry,STEM
S201701335,2017,0,F,0,White,VA,INST_05,Urban University E (Research),research,2.77,44,1999,Political Science,Social Sciences
S201701336,2017,0,M,1,Asian,GA,INST_01,State University A (Research),research,2.86,96,1999,Chemistry,STEM
S201701337,2017,1,M,1,Asian,NY,INST_02,State University B (Research),research,2.36,35,1999,Electrical Engineering,STEM
S201701338,2017,0,M,0,Black,CA,INST_01,State University A (Research),research,2.83,54,1999,Undeclared,Other
S201701339,2017,0,M,0,Hispanic,NJ,INST_01,State University A (Research),research,3.61,28,1999,Communications,Other
S201701340,2017,0,M,0,Black,NY,INST_04,Regional College D (Teaching),teaching,3.38,59,1999,Biology,STEM
S201701341,2017,0,F,0,Asian,PA,INST_04,Regional College D (Teaching),teaching,3.51,40,1999,Chemistry,STEM
S201701342,2017,1,F,0,Black,MI,INST_03,Regional College C (Teaching),teaching,3.63,64,1999,Nursing,Health
S201701343,2017,1,M,1,White,MI,INST_03,Regional College C (Teaching),teaching,3.69,58,1999,Marketing,Business
S201701344,2017,0,M,1,White,NY,INST_02,State University B (Research),research,3.15,44,1999,Biology,STEM
S201701345,2017,0,M,1,White,VA,INST_02,State University B (Research),research,3.85,59,1999,Public Health,Health
S201701346,2017,1,M,0,Asian,MI,INST_04,Regional College D (Teaching),teaching,3.06,42,1999,Chemistry,STEM
S201701347,2017,1,M,0,AIAN,GA,INST_03,Regional College C (Teaching),teaching,2.94,22,1998,Biomedical Engineering,STEM
S201701348,2017,1,M,0,White,NY,INST_02,State University B (Research),research,3.19,48,1999,Education,Other
S201701349,2017,0,M,0,Black,NY,INST_02,State University B (Research),research,3.2,39,1998,Communications,Other
S201701350,2017,0,F,0,White,VA,INST_05,Urban University E (Research),research,3.62,74,1999,Biology,STEM
S201701351,2017,0,M,0,Hispanic,NY,INST_04,Regional College D (Teaching),teaching,3.71,51,1999,Kinesiology,Health
S201701352,2017,0,F,0,White,OH,INST_03,Regional College C (Teaching),teaching,4.0,80,1999,Anthropology,Social Sciences
S201701353,2017,0,NB,0,Hispanic,CA,INST_03,Regional College C (Teaching),teaching,4.0,80,1999,Computer Science,STEM
S201701354,2017,0,M,0,Black,CA,INST_03,Regional College C (Teaching),teaching,3.22,44,1999,Accounting,Business
S201701355,2017,1,F,0,White,CA,INST_04,Regional College D (Teaching),teaching,3.77,65,1999,Economics-Bus,Business
S201701356,2017,1,F,1,Hispanic,IL,INST_02,State University B (Research),research,3.03,58,1999,Biomedical Engineering,STEM
S201701357,2017,1,M,0,White,FL,INST_01,State University A (Research),research,2.92,77,1999,Computer Science,STEM
S201701358,2017,1,F,0,Asian,TX,INST_01,State University A (Research),research,3.69,58,1999,Chemistry,STEM
S201701359,2017,0,M,1,Black,VA,INST_04,Regional College D (Teaching),teaching,3.76,60,1999,Public Health,Health
S201701360,2017,0,F,0,White,TX,INST_03,Regional College C (Teaching),teaching,2.71,50,1999,Education,Other
S201701361,2017,0,M,0,White,OH,INST_04,Regional College D (Teaching),teaching,4.0,68,1999,Physics,STEM
S201701362,2017,1,F,1,White,PA,INST_05,Urban University E (Research),research,3.22,58,1999,Education,Other
S201701363,2017,0,M,1,Asian,PA,INST_03,Regional College C (Teaching),teaching,2.62,39,1999,Civil Engineering,STEM
S201701364,2017,0,M,0,Hispanic,NJ,INST_01,State University A (Research),research,3.32,84,1999,Biology,STEM
S201701365,2017,0,F,0,Hispanic,CA,INST_05,Urban University E (Research),research,2.48,31,1999,Spanish,Humanities
S201701366,2017,1,M,0,White,FL,INST_02,State University B (Research),research,2.85,72,1998,Civil Engineering,STEM
S201701367,2017,0,M,0,White,IL,INST_04,Regional College D (Teaching),teaching,3.08,47,1999,Education,Other
S201701368,2017,0,M,0,Hispanic,VA,INST_05,Urban University E (Research),research,2.63,35,1999,Electrical Engineering,STEM
S201701369,2017,1,M,0,Hispanic,NC,INST_01,State University A (Research),research,3.25,38,1999,Communications,Other
S201701370,2017,0,F,0,Hispanic,GA,INST_04,Regional College D (Teaching),teaching,3.57,8,1999,General Studies,Other
S201701371,2017,0,M,0,Unknown,MI,INST_03,Regional College C (Teaching),teaching,3.73,61,1999,Mathematics,STEM
S201701372,2017,0,F,0,Hispanic,NC,INST_04,Regional College D (Teaching),teaching,2.72,67,1999,Physics,STEM
S201701373,2017,0,F,0,White,OH,INST_01,State University A (Research),research,3.67,99,1999,Biology,STEM
S201701374,2017,1,F,1,Black,VA,INST_05,Urban University E (Research),research,3.09,72,1999,Mathematics,STEM
S201701375,2017,0,F,0,Asian,VA,INST_03,Regional College C (Teaching),teaching,2.7,63,1999,Education,Other
S201701376,2017,0,F,0,Hispanic,VA,INST_01,State University A (Research),research,3.65,70,1999,Economics-Bus,Business
S201701377,2017,0,F,0,White,IL,INST_01,State University A (Research),research,3.12,81,1999,Physics,STEM
S201701378,2017,0,F,0,White,NC,INST_02,State University B (Research),research,3.81,86,1999,Economics,Social Sciences
S201701379,2017,0,F,1,White,CA,INST_03,Regional College C (Teaching),teaching,2.99,17,1999,Nursing,Health
S201701380,2017,0,F,1,White,GA,INST_05,Urban University E (Research),research,3.84,60,1999,Art History,Humanities
S201701381,2017,1,M,1,White,VA,INST_01,State University A (Research),research,3.67,64,1999,History,Humanities
S201701382,2017,0,F,0,White,PA,INST_01,State University A (Research),research,3.71,25,1999,Kinesiology,Health
S201701383,2017,0,M,0,White,IL,INST_03,Regional College C (Teaching),teaching,3.04,94,1999,Psychology,Social Sciences
S201701384,2017,1,M,1,Asian,FL,INST_05,Urban University E (Research),research,3.58,83,1999,Communications,Other
S201701385,2017,0,F,1,White,IL,INST_01,State University A (Research),research,3.44,94,1999,Education,Other
S201701386,2017,1,F,0,Black,IL,INST_04,Regional College D (Teaching),teaching,3.54,44,1999,Sociology,Social Sciences
S201701387,2017,1,M,1,Hispanic,IL,INST_04,Regional College D (Teaching),teaching,3.23,18,1999,Nursing,Health
S201701388,2017,1,M,0,Hispanic,PA,INST_03,Regional College C (Teaching),teaching,2.82,56,1999,Finance,Business
S201701389,2017,1,F,1,Asian,TX,INST_04,Regional College D (Teaching),teaching,3.62,72,1999,Mathematics,STEM
S201701390,2017,0,F,0,Black,GA,INST_05,Urban University E (Research),research,2.98,18,1999,Management,Business
S201701391,2017,0,F,1,White,IL,INST_04,Regional College D (Teaching),teaching,3.46,61,1999,Communications,Other
S201701392,2017,0,M,0,Multi,NY,INST_05,Urban University E (Research),research,3.28,62,1999,Anthropology,Social Sciences
S201701393,2017,0,F,0,White,OH,INST_03,Regional College C (Teaching),teaching,2.57,54,1999,Kinesiology,Health
S201701394,2017,1,F,0,White,MI,INST_05,Urban University E (Research),research,2.82,73,1999,Accounting,Business
S201701395,2017,1,F,1,Multi,TX,INST_03,Regional College C (Teaching),teaching,2.39,50,1999,Psychology,Social Sciences
S201701396,2017,0,M,0,Black,PA,INST_03,Regional College C (Teaching),teaching,2.84,86,1999,Finance,Business
S201701397,2017,0,F,0,White,VA,INST_03,Regional College C (Teaching),teaching,2.85,80,1999,Communications,Other
S201701398,2017,1,F,1,AIAN,FL,INST_01,State University A (Research),research,2.43,50,1999,Accounting,Business
S201701399,2017,1,M,0,Multi,NJ,INST_05,Urban University E (Research),research,2.84,62,1999,Nursing,Health
S201701400,2017,0,F,0,White,VA,INST_05,Urban University E (Research),research,3.18,83,1999,Physics,STEM
S201701401,2017,0,F,1,White,TX,INST_04,Regional College D (Teaching),teaching,2.38,41,1998,Physics,STEM
S201701402,2017,1,F,0,Asian,GA,INST_01,State University A (Research),research,3.08,64,1999,Civil Engineering,STEM
S201701403,2017,0,F,0,White,IL,INST_02,State University B (Research),research,2.58,80,1999,Anthropology,Social Sciences
S201701404,2017,1,F,0,White,NC,INST_05,Urban University E (Research),research,3.03,64,1999,Management,Business
S201701405,2017,1,F,0,Multi,OH,INST_03,Regional College C (Teaching),teaching,3.15,26,1999,Economics-Bus,Business
S201701406,2017,0,F,0,White,OH,INST_01,State University A (Research),research,2.79,3,1999,Biomedical Engineering,STEM
S201701407,2017,1,F,0,White,VA,INST_02,State University B (Research),research,3.48,73,1999,Pre-Med,Health
S201701408,2017,1,M,0,White,CA,INST_04,Regional College D (Teaching),teaching,2.91,51,1999,Marketing,Business
S201701409,2017,1,M,0,White,NJ,INST_02,State University B (Research),research,2.94,12,1999,Computer Science,STEM
S201701410,2017,0,F,0,White,TX,INST_02,State University B (Research),research,3.47,62,1999,Communications,Other
S201701411,2017,0,M,0,Black,CA,INST_02,State University B (Research),research,3.31,96,1999,Civil Engineering,STEM
S201701412,2017,0,M,1,Hispanic,NJ,INST_05,Urban University E (Research),research,3.7,39,1999,Computer Science,STEM
S201701413,2017,0,M,0,White,OH,INST_01,State University A (Research),research,3.62,16,1999,Art History,Humanities
S201701414,2017,1,F,1,White,PA,INST_04,Regional College D (Teaching),teaching,2.91,64,1999,Sociology,Social Sciences
S201701415,2017,0,M,0,Black,GA,INST_01,State University A (Research),research,3.33,76,1999,Undeclared,Other
S201701416,2017,0,F,0,Black,GA,INST_02,State University B (Research),research,3.19,76,1999,Communications,Other
S201701417,2017,0,M,0,White,NY,INST_01,State University A (Research),research,2.62,46,1999,Sociology,Social Sciences
S201701418,2017,0,F,1,White,MI,INST_01,State University A (Research),research,3.43,78,1999,Civil Engineering,STEM
S201701419,2017,1,F,0,White,GA,INST_04,Regional College D (Teaching),teaching,3.46,36,1999,Political Science,Social Sciences
S201701420,2017,0,M,0,White,GA,INST_01,State University A (Research),research,3.77,75,1999,Public Health,Health
S201701421,2017,1,M,0,White,GA,INST_01,State University A (Research),research,3.35,35,1999,General Studies,Other
S201701422,2017,0,F,1,Hispanic,NY,INST_04,Regional College D (Teaching),teaching,3.56,26,1999,Statistics,STEM
S201701423,2017,1,F,0,White,NC,INST_03,Regional College C (Teaching),teaching,3.34,55,1999,Pre-Med,Health
S201701424,2017,0,M,0,White,MI,INST_04,Regional College D (Teaching),teaching,2.52,66,1999,Economics,Social Sciences
S201701425,2017,0,F,1,Black,CA,INST_04,Regional College D (Teaching),teaching,2.75,30,1999,Political Science,Social Sciences
S201701426,2017,1,F,1,White,IL,INST_04,Regional College D (Teaching),teaching,3.5,51,1999,Anthropology,Social Sciences
S201701427,2017,1,F,0,White,PA,INST_05,Urban University E (Research),research,3.35,77,1999,Undeclared,Other
S201701428,2017,1,F,0,White,FL,INST_04,Regional College D (Teaching),teaching,3.13,57,1999,Economics,Social Sciences
S201701429,2017,1,F,0,Hispanic,NC,INST_01,State University A (Research),research,3.32,73,1999,Statistics,STEM
S201701430,2017,1,F,0,Black,IL,INST_05,Urban University E (Research),research,3.33,72,1999,Public Health,Health
S201701431,2017,0,M,0,Asian,IL,INST_02,State University B (Research),research,3.77,73,1999,Nursing,Health
S201701432,2017,0,F,0,White,TX,INST_01,State University A (Research),research,3.26,28,1999,Chemistry,STEM
S201701433,2017,0,F,0,White,NJ,INST_03,Regional College C (Teaching),teaching,3.85,42,1999,Nursing,Health
S201701434,2017,1,F,0,White,TX,INST_05,Urban University E (Research),research,3.53,18,1999,Economics,Social Sciences
S201701435,2017,0,F,0,White,MI,INST_05,Urban University E (Research),research,3.1,68,1999,Accounting,Business
S201701436,2017,0,M,0,White,OH,INST_02,State University B (Research),research,4.0,61,1999,Electrical Engineering,STEM
S201701437,2017,0,M,1,White,NJ,INST_04,Regional College D (Teaching),teaching,3.45,44,1999,Biology,STEM
S201701438,2017,1,M,1,Black,PA,INST_05,Urban University E (Research),research,4.0,53,1999,Nursing,Health
S201701439,2017,0,F,1,Hispanic,TX,INST_02,State University B (Research),research,2.8,45,1999,Civil Engineering,STEM
S201701440,2017,1,F,1,Hispanic,CA,INST_05,Urban University E (Research),research,3.38,36,1999,Public Health,Health
S201701441,2017,0,F,0,Asian,MI,INST_05,Urban University E (Research),research,2.91,70,1999,Computer Science,STEM
S201701442,2017,0,F,0,White,GA,INST_05,Urban University E (Research),research,3.64,58,1999,Economics-Bus,Business
S201701443,2017,0,M,1,Hispanic,TX,INST_04,Regional College D (Teaching),teaching,3.72,42,1999,Pre-Med,Health
S201701444,2017,1,NB,0,Hispanic,VA,INST_01,State University A (Research),research,3.58,71,1999,Communications,Other
S201701445,2017,0,F,1,Asian,NJ,INST_01,State University A (Research),research,3.21,51,1999,Statistics,STEM
S201701446,2017,0,M,0,Hispanic,NC,INST_01,State University A (Research),research,2.66,27,1999,Biomedical Engineering,STEM
S201701447,2017,0,M,0,Hispanic,NY,INST_05,Urban University E (Research),research,2.75,78,1999,Nursing,Health
S201701448,2017,0,F,0,Black,VA,INST_05,Urban University E (Research),research,3.42,50,1999,Nursing,Health
S201701449,2017,0,M,0,Black,GA,INST_04,Regional College D (Teaching),teaching,2.68,54,1999,Spanish,Humanities
S201701450,2017,0,F,1,White,CA,INST_02,State University B (Research),research,2.28,80,1999,Marketing,Business
S201701451,2017,1,F,0,White,CA,INST_01,State University A (Research),research,3.49,90,1999,English,Humanities
S201701452,2017,1,M,0,White,TX,INST_05,Urban University E (Research),research,2.38,70,1999,General Studies,Other
S201701453,2017,1,F,0,White,TX,INST_03,Regional College C (Teaching),teaching,3.13,72,1999,Sociology,Social Sciences
S201701454,2017,0,M,0,Hispanic,NJ,INST_03,Regional College C (Teaching),teaching,3.0,39,1999,Electrical Engineering,STEM
S201701455,2017,1,F,0,Hispanic,NY,INST_04,Regional College D (Teaching),teaching,2.56,50,1999,Pre-Med,Health
S201701456,2017,1,M,1,White,NJ,INST_01,State University A (Research),research,3.87,75,1999,Nursing,Health
S201701457,2017,0,F,0,White,NC,INST_03,Regional College C (Teaching),teaching,2.75,69,1999,English,Humanities
S201701458,2017,0,F,0,Black,CA,INST_05,Urban University E (Research),research,3.37,64,1999,Physics,STEM
S201701459,2017,0,M,1,White,FL,INST_01,State University A (Research),research,3.27,51,1999,Mechanical Engineering,STEM
S201701460,2017,1,F,0,Asian,GA,INST_01,State University A (Research),research,2.63,67,1999,Computer Science,STEM
S201701461,2017,0,F,0,White,MI,INST_04,Regional College D (Teaching),teaching,4.0,51,1999,Pre-Med,Health
S201701462,2017,0,M,0,Multi,IL,INST_01,State University A (Research),research,3.18,46,1999,Political Science,Social Sciences
S201701463,2017,0,M,0,White,FL,INST_05,Urban University E (Research),research,3.44,36,1999,Economics-Bus,Business
S201701464,2017,0,M,1,White,OH,INST_03,Regional College C (Teaching),teaching,3.03,85,1999,Computer Science,STEM
S201701465,2017,1,M,0,Hispanic,VA,INST_03,Regional College C (Teaching),teaching,3.07,28,1999,Sociology,Social Sciences
S201701466,2017,0,F,0,White,MI,INST_01,State University A (Research),research,3.07,51,1999,English,Humanities
S201701467,2017,1,M,0,Asian,NJ,INST_02,State University B (Research),research,3.47,64,1999,Economics-Bus,Business
S201701468,2017,0,F,1,Hispanic,OH,INST_03,Regional College C (Teaching),teaching,3.42,71,1999,Education,Other
S201701469,2017,1,F,0,Hispanic,NJ,INST_04,Regional College D (Teaching),teaching,2.67,41,1999,Public Health,Health
S201701470,2017,0,F,0,Multi,GA,INST_02,State University B (Research),research,3.3,34,1999,Mechanical Engineering,STEM
S201701471,2017,0,F,0,White,NC,INST_04,Regional College D (Teaching),teaching,2.95,61,1999,Economics,Social Sciences
S201701472,2017,1,M,0,White,OH,INST_04,Regional College D (Teaching),teaching,3.85,91,1999,Marketing,Business
S201701473,2017,0,M,0,White,IL,INST_01,State University A (Research),research,3.03,52,1999,Marketing,Business
S201701474,2017,1,M,0,White,TX,INST_04,Regional College D (Teaching),teaching,3.25,27,1999,Finance,Business
S201701475,2017,0,F,0,Black,GA,INST_05,Urban University E (Research),research,2.38,62,1999,Nursing,Health
S201701476,2017,0,F,0,Asian,PA,INST_02,State University B (Research),research,2.8,58,1999,Mathematics,STEM
S201701477,2017,0,F,1,Multi,GA,INST_01,State University A (Research),research,3.85,69,1999,Statistics,STEM
S201701478,2017,0,F,0,White,NJ,INST_02,State University B (Research),research,3.53,28,1999,Undeclared,Other
S201701479,2017,0,M,0,White,GA,INST_01,State University A (Research),research,2.11,60,1999,Marketing,Business
S201701480,2017,0,F,0,White,GA,INST_01,State University A (Research),research,3.72,33,1999,General Studies,Other
S201701481,2017,0,F,0,Hispanic,GA,INST_02,State University B (Research),research,3.54,66,1999,Sociology,Social Sciences
S201701482,2017,1,M,0,White,CA,INST_05,Urban University E (Research),research,2.87,38,1999,History,Humanities
S201701483,2017,0,F,0,White,TX,INST_04,Regional College D (Teaching),teaching,3.44,78,1999,Finance,Business
S201701484,2017,0,F,0,Hispanic,IL,INST_04,Regional College D (Teaching),teaching,2.95,99,1999,Pre-Med,Health
S201701485,2017,0,M,1,White,NC,INST_03,Regional College C (Teaching),teaching,3.41,57,1999,History,Humanities
S201701486,2017,0,M,0,White,VA,INST_03,Regional College C (Teaching),teaching,3.57,40,1999,Management,Business
S201701487,2017,0,M,0,White,PA,INST_05,Urban University E (Research),research,3.98,16,1999,English,Humanities
S201701488,2017,0,F,0,Hispanic,CA,INST_01,State University A (Research),research,2.36,94,1999,Political Science,Social Sciences
S201701489,2017,0,F,1,Black,MI,INST_02,State University B (Research),research,3.2,34,1999,Education,Other
S201701490,2017,0,M,1,White,PA,INST_04,Regional College D (Teaching),teaching,3.64,63,1999,Undeclared,Other
S201701491,2017,0,F,0,White,NY,INST_01,State University A (Research),research,3.07,32,1999,Undeclared,Other
S201701492,2017,0,M,0,Hispanic,OH,INST_05,Urban University E (Research),research,3.95,26,1999,Electrical Engineering,STEM
S201701493,2017,1,F,0,White,IL,INST_02,State University B (Research),research,4.0,75,1999,Psychology,Social Sciences
S201701494,2017,0,M,0,Black,PA,INST_01,State University A (Research),research,3.3,52,1999,Pre-Med,Health
S201701495,2017,1,M,0,White,GA,INST_02,State University B (Research),research,3.51,95,1999,Finance,Business
S201701496,2017,0,F,0,Black,CA,INST_05,Urban University E (Research),research,3.62,56,1999,Electrical Engineering,STEM
S201701497,2017,1,F,0,NHPI,OH,INST_05,Urban University E (Research),research,3.67,32,1999,Education,Other
S201701498,2017,1,M,0,White,CA,INST_01,State University A (Research),research,3.61,71,1999,Sociology,Social Sciences
S201701499,2017,0,F,1,Hispanic,IL,INST_02,State University B (Research),research,3.55,45,1999,Economics-Bus,Business
S201701500,2017,1,F,0,White,NY,INST_01,State University A (Research),research,2.88,8,1999,Communications,Other
S201701501,2017,0,F,1,White,NJ,INST_01,State University A (Research),research,3.48,18,1999,Economics-Bus,Business
S201701502,2017,0,F,1,White,OH,INST_05,Urban University E (Research),research,3.81,77,1999,English,Humanities
S201701503,2017,0,F,0,White,VA,INST_03,Regional College C (Teaching),teaching,3.43,61,1999,Civil Engineering,STEM
S201701504,2017,1,M,0,Unknown,OH,INST_05,Urban University E (Research),research,3.42,56,1999,Management,Business
S201701505,2017,0,F,0,White,NJ,INST_02,State University B (Research),research,2.84,35,1999,Education,Other
S201701506,2017,0,F,0,Asian,NC,INST_04,Regional College D (Teaching),teaching,3.01,58,1999,Electrical Engineering,STEM
S201701507,2017,0,F,1,Hispanic,PA,INST_04,Regional College D (Teaching),teaching,2.22,82,1999,Mechanical Engineering,STEM
S201701508,2017,0,F,1,White,CA,INST_04,Regional College D (Teaching),teaching,2.67,49,1999,Political Science,Social Sciences
S201701509,2017,1,F,1,White,GA,INST_02,State University B (Research),research,2.13,73,1999,Nursing,Health
S201701510,2017,0,M,1,White,IL,INST_02,State University B (Research),research,2.84,71,1999,Political Science,Social Sciences
S201701511,2017,0,F,0,White,NY,INST_05,Urban University E (Research),research,2.44,64,1999,Economics-Bus,Business
S201701512,2017,0,F,1,White,TX,INST_05,Urban University E (Research),research,2.88,69,1999,Physics,STEM
S201701513,2017,0,F,0,Black,VA,INST_05,Urban University E (Research),research,1.97,76,1999,Biology,STEM
S201701514,2017,1,F,0,White,OH,INST_02,State University B (Research),research,3.46,64,1999,Accounting,Business
S201701515,2017,0,F,1,White,GA,INST_03,Regional College C (Teaching),teaching,3.05,32,1999,Marketing,Business
S201701516,2017,1,F,0,Black,PA,INST_03,Regional College C (Teaching),teaching,3.83,69,1999,English,Humanities
S201701517,2017,0,M,1,White,NC,INST_02,State University B (Research),research,3.76,9,1999,Management,Business
S201701518,2017,0,M,0,White,CA,INST_05,Urban University E (Research),research,3.43,64,1999,Philosophy,Humanities
S201701519,2017,0,F,1,White,PA,INST_01,State University A (Research),research,3.07,22,1999,Biology,STEM
S201701520,2017,0,F,1,White,NY,INST_02,State University B (Research),research,3.18,32,1999,Electrical Engineering,STEM
S201701521,2017,0,M,0,White,OH,INST_03,Regional College C (Teaching),teaching,3.12,87,1999,Sociology,Social Sciences
S201701522,2017,0,F,0,Multi,TX,INST_01,State University A (Research),research,3.46,23,1999,Marketing,Business
S201701523,2017,0,M,0,Hispanic,CA,INST_03,Regional College C (Teaching),teaching,3.54,63,1999,Undeclared,Other
S201701524,2017,1,F,0,Multi,PA,INST_03,Regional College C (Teaching),teaching,3.55,38,1999,Electrical Engineering,STEM
S201701525,2017,0,F,1,White,TX,INST_02,State University B (Research),research,3.34,73,1999,General Studies,Other
S201701526,2017,1,F,0,White,IL,INST_01,State University A (Research),research,3.52,24,1999,Public Health,Health
S201701527,2017,1,F,0,Asian,VA,INST_04,Regional College D (Teaching),teaching,3.27,51,1999,Biology,STEM
S201701528,2017,1,F,1,White,NJ,INST_04,Regional College D (Teaching),teaching,3.32,32,1999,Finance,Business
S201701529,2017,0,F,0,White,MI,INST_03,Regional College C (Teaching),teaching,3.31,76,1999,Nursing,Health
S201701530,2017,0,M,1,White,OH,INST_05,Urban University E (Research),research,4.0,56,1999,Mathematics,STEM
S201701531,2017,1,F,0,White,CA,INST_01,State University A (Research),research,3.17,78,1999,Physics,STEM
S201701532,2017,0,F,0,Multi,IL,INST_04,Regional College D (Teaching),teaching,3.53,50,1999,Public Health,Health
S201701533,2017,0,M,0,Black,PA,INST_05,Urban University E (Research),research,3.03,79,1999,Economics,Social Sciences
S201701534,2017,0,F,0,White,TX,INST_02,State University B (Research),research,3.69,76,1999,Physics,STEM
S201701535,2017,1,F,0,Black,PA,INST_03,Regional College C (Teaching),teaching,2.17,64,1999,History,Humanities
S201701536,2017,1,F,0,White,OH,INST_04,Regional College D (Teaching),teaching,2.77,70,1999,Computer Science,STEM
S201701537,2017,0,F,1,White,FL,INST_01,State University A (Research),research,3.14,99,1999,General Studies,Other
S201701538,2017,0,F,0,White,VA,INST_01,State University A (Research),research,3.17,61,1999,Biology,STEM
S201701539,2017,0,M,0,Black,NC,INST_01,State University A (Research),research,3.51,99,1999,Marketing,Business
S201701540,2017,1,F,0,Hispanic,NC,INST_02,State University B (Research),research,2.1,47,1999,Biology,STEM
S201701541,2017,0,F,0,White,NJ,INST_01,State University A (Research),research,3.24,89,1999,Public Health,Health
S201701542,2017,1,M,1,White,NC,INST_01,State University A (Research),research,4.0,54,1999,Psychology,Social Sciences
S201701543,2017,1,M,1,White,CA,INST_01,State University A (Research),research,4.0,82,1999,Kinesiology,Health
S201701544,2017,1,M,0,White,GA,INST_01,State University A (Research),research,4.0,52,1999,Management,Business
S201701545,2017,0,M,1,White,NY,INST_04,Regional College D (Teaching),teaching,2.99,85,1999,Pre-Med,Health
S201701546,2017,1,F,0,White,CA,INST_02,State University B (Research),research,3.24,46,1999,Political Science,Social Sciences
S201701547,2017,0,M,0,Hispanic,PA,INST_05,Urban University E (Research),research,3.37,47,1999,History,Humanities
S201701548,2017,0,M,1,White,GA,INST_03,Regional College C (Teaching),teaching,2.82,69,1999,Political Science,Social Sciences
S201701549,2017,1,F,1,White,PA,INST_03,Regional College C (Teaching),teaching,3.41,49,1999,Chemistry,STEM
S201701550,2017,1,F,1,Black,NY,INST_04,Regional College D (Teaching),teaching,4.0,27,1999,Finance,Business
S201701551,2017,0,F,0,Asian,NY,INST_05,Urban University E (Research),research,2.22,76,1999,Psychology,Social Sciences
S201701552,2017,1,M,0,Hispanic,MI,INST_05,Urban University E (Research),research,3.48,57,1999,Computer Science,STEM
S201701553,2017,0,M,1,Black,TX,INST_03,Regional College C (Teaching),teaching,2.41,51,1999,Physics,STEM
S201701554,2017,0,F,0,Hispanic,VA,INST_02,State University B (Research),research,3.39,54,1999,General Studies,Other
S201701555,2017,0,M,0,Hispanic,MI,INST_01,State University A (Research),research,3.24,64,1999,Nursing,Health
S201701556,2017,0,M,0,Hispanic,FL,INST_03,Regional College C (Teaching),teaching,2.54,50,1999,Mathematics,STEM
S201701557,2017,0,M,0,Black,OH,INST_03,Regional College C (Teaching),teaching,3.8,34,1999,Political Science,Social Sciences
S201701558,2017,0,F,0,White,OH,INST_04,Regional College D (Teaching),teaching,3.91,28,1999,Marketing,Business
S201701559,2017,0,F,0,Asian,PA,INST_03,Regional College C (Teaching),teaching,3.52,38,1999,Economics-Bus,Business
S201701560,2017,0,M,0,White,NC,INST_05,Urban University E (Research),research,3.43,56,1999,Electrical Engineering,STEM
S201701561,2017,0,F,0,Black,FL,INST_05,Urban University E (Research),research,3.43,64,1999,Finance,Business
S201701562,2017,1,F,1,Hispanic,GA,INST_04,Regional College D (Teaching),teaching,2.61,67,1999,Public Health,Health
S201701563,2017,0,F,1,White,GA,INST_03,Regional College C (Teaching),teaching,3.15,37,1999,Civil Engineering,STEM
S201701564,2017,0,F,0,Asian,GA,INST_05,Urban University E (Research),research,3.76,37,1999,Statistics,STEM
S201701565,2017,1,M,0,Multi,FL,INST_02,State University B (Research),research,3.55,39,1999,Psychology,Social Sciences
S201701566,2017,0,F,1,White,NJ,INST_01,State University A (Research),research,3.7,70,1999,Philosophy,Humanities
S201701567,2017,0,M,0,Black,FL,INST_05,Urban University E (Research),research,3.46,41,1999,Management,Business
S201701568,2017,0,M,0,White,GA,INST_04,Regional College D (Teaching),teaching,3.51,34,1999,Economics,Social Sciences
S201701569,2017,0,F,0,Asian,VA,INST_05,Urban University E (Research),research,2.92,48,1999,Education,Other
S201701570,2017,0,F,1,White,NC,INST_02,State University B (Research),research,3.49,60,1999,Physics,STEM
S201701571,2017,1,F,1,Hispanic,NC,INST_03,Regional College C (Teaching),teaching,3.24,65,1999,Economics,Social Sciences
S201701572,2017,0,F,0,Black,OH,INST_03,Regional College C (Teaching),teaching,3.46,52,1999,Art History,Humanities
S201701573,2017,1,F,1,Black,GA,INST_04,Regional College D (Teaching),teaching,2.74,48,1999,Nursing,Health
S201701574,2017,1,F,0,Hispanic,MI,INST_03,Regional College C (Teaching),teaching,2.24,54,1999,Spanish,Humanities
S201701575,2017,0,F,1,AIAN,GA,INST_03,Regional College C (Teaching),teaching,3.64,48,1999,Accounting,Business
S201701576,2017,0,M,0,Hispanic,GA,INST_04,Regional College D (Teaching),teaching,3.3,28,1999,Sociology,Social Sciences
S201701577,2017,0,M,0,Asian,NJ,INST_05,Urban University E (Research),research,2.64,56,1999,Public Health,Health
S201701578,2017,0,M,0,Hispanic,NC,INST_04,Regional College D (Teaching),teaching,2.75,45,1999,Biology,STEM
S201701579,2017,0,F,0,White,TX,INST_03,Regional College C (Teaching),teaching,3.05,94,1999,Education,Other
S201701580,2017,0,M,0,Multi,GA,INST_02,State University B (Research),research,3.48,99,1999,Accounting,Business
S201701581,2017,1,F,0,Black,VA,INST_05,Urban University E (Research),research,3.13,40,1999,Communications,Other
S201701582,2017,0,F,1,White,MI,INST_03,Regional College C (Teaching),teaching,3.42,35,1999,Economics-Bus,Business
S201701583,2017,0,M,0,Asian,CA,INST_02,State University B (Research),research,3.42,28,1999,Education,Other
S201701584,2017,1,F,1,White,VA,INST_05,Urban University E (Research),research,2.66,54,1999,Physics,STEM
S201701585,2017,0,M,0,White,VA,INST_05,Urban University E (Research),research,2.87,47,1999,Accounting,Business
S201701586,2017,0,M,0,Black,MI,INST_03,Regional College C (Teaching),teaching,4.0,60,1999,English,Humanities
S201701587,2017,1,M,0,Black,PA,INST_04,Regional College D (Teaching),teaching,2.39,70,1999,Electrical Engineering,STEM
S201701588,2017,0,F,1,White,CA,INST_05,Urban University E (Research),research,2.83,88,1999,Education,Other
S201701589,2017,0,F,0,Hispanic,NY,INST_04,Regional College D (Teaching),teaching,3.25,60,1999,General Studies,Other
S201701590,2017,1,F,0,Hispanic,NJ,INST_01,State University A (Research),research,3.13,55,1999,General Studies,Other
S201701591,2017,0,M,1,Hispanic,CA,INST_05,Urban University E (Research),research,2.56,75,1999,Computer Science,STEM
S201701592,2017,0,F,0,Hispanic,NY,INST_05,Urban University E (Research),research,3.59,45,1999,General Studies,Other
S201701593,2017,0,F,0,White,MI,INST_05,Urban University E (Research),research,3.43,79,1999,Anthropology,Social Sciences
S201701594,2017,0,M,0,Black,NY,INST_05,Urban University E (Research),research,3.14,31,1999,Computer Science,STEM
S201701595,2017,0,F,0,White,TX,INST_03,Regional College C (Teaching),teaching,2.67,79,1999,Chemistry,STEM
S201701596,2017,0,F,0,Black,NC,INST_01,State University A (Research),research,3.38,55,1999,Psychology,Social Sciences
S201701597,2017,0,M,1,White,CA,INST_01,State University A (Research),research,2.83,38,1999,Biomedical Engineering,STEM
S201701598,2017,0,F,0,Hispanic,NJ,INST_01,State University A (Research),research,2.86,57,1999,General Studies,Other
S201701599,2017,0,F,1,Black,NJ,INST_04,Regional College D (Teaching),teaching,2.55,70,1999,Electrical Engineering,STEM
S201701600,2017,0,F,0,White,TX,INST_05,Urban University E (Research),research,3.06,38,1999,Mathematics,STEM
S201701601,2017,0,F,0,White,PA,INST_04,Regional College D (Teaching),teaching,2.95,62,1999,Mechanical Engineering,STEM
S201701602,2017,1,F,0,Hispanic,NY,INST_04,Regional College D (Teaching),teaching,3.7,3,1999,Anthropology,Social Sciences
S201701603,2017,0,M,0,White,NC,INST_01,State University A (Research),research,3.38,59,1999,Finance,Business
S201701604,2017,0,M,0,Multi,NJ,INST_01,State University A (Research),research,3.09,30,1999,Mathematics,STEM
S201701605,2017,1,M,0,Hispanic,FL,INST_04,Regional College D (Teaching),teaching,3.37,58,1999,Chemistry,STEM
S201701606,2017,0,F,1,Multi,VA,INST_05,Urban University E (Research),research,2.48,58,1999,Public Health,Health
S201701607,2017,1,F,0,White,CA,INST_03,Regional College C (Teaching),teaching,2.89,65,1999,Physics,STEM
S201701608,2017,1,F,0,White,OH,INST_03,Regional College C (Teaching),teaching,3.65,60,1999,Economics,Social Sciences
S201701609,2017,0,F,1,White,NC,INST_01,State University A (Research),research,3.02,44,1999,Philosophy,Humanities
S201701610,2017,1,F,0,Multi,PA,INST_05,Urban University E (Research),research,2.86,75,1999,Accounting,Business
S201701611,2017,0,F,0,White,NY,INST_04,Regional College D (Teaching),teaching,3.24,60,1999,Electrical Engineering,STEM
S201701612,2017,0,M,0,Asian,NY,INST_02,State University B (Research),research,3.18,51,1999,Marketing,Business
S201701613,2017,0,F,1,Black,NC,INST_01,State University A (Research),research,3.2,72,1999,Statistics,STEM
S201701614,2017,0,M,1,Black,CA,INST_01,State University A (Research),research,2.01,53,1999,Economics,Social Sciences
S201701615,2017,0,M,0,White,PA,INST_03,Regional College C (Teaching),teaching,2.99,38,1999,Nursing,Health
S201701616,2017,0,F,0,White,MI,INST_05,Urban University E (Research),research,3.86,49,1999,Physics,STEM
S201701617,2017,1,M,0,Unknown,CA,INST_01,State University A (Research),research,3.45,65,1999,Chemistry,STEM
S201701618,2017,1,M,0,Black,VA,INST_03,Regional College C (Teaching),teaching,2.51,44,1999,Spanish,Humanities
S201701619,2017,1,F,0,White,FL,INST_03,Regional College C (Teaching),teaching,2.99,53,1999,Computer Science,STEM
S201701620,2017,0,M,1,White,NC,INST_01,State University A (Research),research,2.85,40,1999,English,Humanities
S201701621,2017,0,M,1,Hispanic,NY,INST_01,State University A (Research),research,3.06,54,1999,Management,Business
S201701622,2017,0,F,0,White,MI,INST_02,State University B (Research),research,2.92,56,1999,Economics,Social Sciences
S201701623,2017,0,F,0,Hispanic,PA,INST_01,State University A (Research),research,2.86,3,1999,Accounting,Business
S201701624,2017,1,M,0,Hispanic,IL,INST_05,Urban University E (Research),research,2.56,33,1999,Biology,STEM
S201701625,2017,0,F,0,White,FL,INST_04,Regional College D (Teaching),teaching,2.82,56,1999,Finance,Business
S201701626,2017,1,F,0,White,NJ,INST_04,Regional College D (Teaching),teaching,1.69,40,1999,English,Humanities
S201701627,2017,1,F,0,NHPI,FL,INST_01,State University A (Research),research,3.1,37,1999,Biomedical Engineering,STEM
S201701628,2017,1,F,1,White,IL,INST_03,Regional College C (Teaching),teaching,3.19,29,1999,Biology,STEM
S201701629,2017,0,F,0,Hispanic,FL,INST_04,Regional College D (Teaching),teaching,3.91,19,1999,General Studies,Other
S201701630,2017,0,M,0,White,NC,INST_02,State University B (Research),research,2.96,89,1999,Chemistry,STEM
S201701631,2017,0,F,0,Asian,FL,INST_01,State University A (Research),research,2.86,85,1999,Marketing,Business
S201701632,2017,0,F,0,White,NC,INST_05,Urban University E (Research),research,3.84,46,1999,Psychology,Social Sciences
S201701633,2017,0,F,0,White,CA,INST_02,State University B (Research),research,2.7,57,1999,Management,Business
S201701634,2017,0,F,1,Asian,VA,INST_01,State University A (Research),research,3.54,64,1999,Mathematics,STEM
S201701635,2017,0,F,1,Hispanic,VA,INST_05,Urban University E (Research),research,3.54,36,1999,Civil Engineering,STEM
S201701636,2017,1,F,1,Black,IL,INST_02,State University B (Research),research,3.07,8,1999,Sociology,Social Sciences
S201701637,2017,0,M,1,White,NJ,INST_03,Regional College C (Teaching),teaching,2.99,44,1999,Philosophy,Humanities
S201701638,2017,0,F,0,White,VA,INST_02,State University B (Research),research,3.32,30,1999,Finance,Business
S201701639,2017,0,M,0,Black,GA,INST_01,State University A (Research),research,3.36,29,1999,Anthropology,Social Sciences
S201701640,2017,0,F,0,Hispanic,MI,INST_01,State University A (Research),research,3.48,62,1999,Pre-Med,Health
S201701641,2017,1,F,0,White,PA,INST_04,Regional College D (Teaching),teaching,2.99,75,1999,Management,Business
S201701642,2017,1,F,0,White,NC,INST_04,Regional College D (Teaching),teaching,2.47,74,1999,Economics,Social Sciences
S201701643,2017,1,F,0,Hispanic,FL,INST_01,State University A (Research),research,3.32,81,1999,Pre-Med,Health
S201701644,2017,0,F,1,Hispanic,VA,INST_01,State University A (Research),research,4.0,65,1999,Public Health,Health
S201701645,2017,0,F,0,Black,GA,INST_02,State University B (Research),research,2.75,74,1999,Sociology,Social Sciences
S201701646,2017,0,M,0,White,MI,INST_02,State University B (Research),research,3.56,70,1999,Management,Business
S201701647,2017,1,M,0,White,NY,INST_05,Urban University E (Research),research,2.37,60,1999,Sociology,Social Sciences
S201701648,2017,0,M,0,Asian,NC,INST_01,State University A (Research),research,3.08,64,1999,Mechanical Engineering,STEM
S201701649,2017,1,F,1,Hispanic,IL,INST_03,Regional College C (Teaching),teaching,2.77,62,1999,Electrical Engineering,STEM
S201701650,2017,0,F,0,White,PA,INST_05,Urban University E (Research),research,3.21,37,1999,Economics,Social Sciences
S201701651,2017,0,M,1,Black,NJ,INST_03,Regional College C (Teaching),teaching,3.15,97,1999,Finance,Business
S201701652,2017,0,F,0,Hispanic,CA,INST_02,State University B (Research),research,3.64,61,1999,Finance,Business
S201701653,2017,0,M,0,Hispanic,FL,INST_01,State University A (Research),research,3.77,83,1999,Statistics,STEM
S201701654,2017,0,M,1,Black,NC,INST_03,Regional College C (Teaching),teaching,3.53,75,1999,Electrical Engineering,STEM
S201701655,2017,0,M,1,Asian,GA,INST_01,State University A (Research),research,2.71,48,1999,Pre-Med,Health
S201701656,2017,1,M,0,Black,NJ,INST_03,Regional College C (Teaching),teaching,3.41,59,1999,History,Humanities
S201701657,2017,0,NB,0,White,VA,INST_05,Urban University E (Research),research,3.13,49,1999,Biology,STEM
S201701658,2017,1,M,0,Multi,VA,INST_03,Regional College C (Teaching),teaching,2.87,65,1999,Finance,Business
S201701659,2017,0,M,0,White,GA,INST_01,State University A (Research),research,3.62,90,1999,Economics,Social Sciences
S201701660,2017,0,M,0,White,OH,INST_03,Regional College C (Teaching),teaching,4.0,48,1999,Statistics,STEM
S201701661,2017,1,M,0,Hispanic,VA,INST_02,State University B (Research),research,3.07,72,1999,Management,Business
S201701662,2017,1,M,1,Asian,PA,INST_04,Regional College D (Teaching),teaching,2.8,32,1999,Sociology,Social Sciences
S201701663,2017,1,F,0,White,MI,INST_03,Regional College C (Teaching),teaching,3.95,54,1999,Psychology,Social Sciences
S201701664,2017,0,F,0,White,NY,INST_05,Urban University E (Research),research,2.55,58,1999,Public Health,Health
S201701665,2017,1,F,1,White,VA,INST_04,Regional College D (Teaching),teaching,3.51,49,1999,Political Science,Social Sciences
S201701666,2017,0,F,0,White,MI,INST_02,State University B (Research),research,3.0,74,1999,Economics,Social Sciences
S201701667,2017,0,M,0,Hispanic,NC,INST_05,Urban University E (Research),research,2.76,30,1999,Kinesiology,Health
S201701668,2017,1,M,0,Unknown,CA,INST_03,Regional College C (Teaching),teaching,3.64,63,1999,Economics,Social Sciences
S201701669,2017,0,F,1,White,VA,INST_01,State University A (Research),research,3.26,55,1999,English,Humanities
S201701670,2017,0,M,0,Asian,NJ,INST_03,Regional College C (Teaching),teaching,2.72,66,1999,Chemistry,STEM
S201701671,2017,1,F,1,Asian,MI,INST_04,Regional College D (Teaching),teaching,4.0,67,1999,Undeclared,Other
S201701672,2017,0,F,0,White,IL,INST_05,Urban University E (Research),research,3.61,76,1999,Political Science,Social Sciences
S201701673,2017,0,F,0,Hispanic,NC,INST_02,State University B (Research),research,3.73,78,1999,Civil Engineering,STEM
S201701674,2017,0,M,0,Hispanic,FL,INST_02,State University B (Research),research,3.2,58,1999,Physics,STEM
S201701675,2017,0,M,0,White,NY,INST_01,State University A (Research),research,3.2,63,1999,Education,Other
S201701676,2017,1,F,0,White,MI,INST_01,State University A (Research),research,3.13,50,1999,Sociology,Social Sciences
S201701677,2017,1,M,1,Black,MI,INST_02,State University B (Research),research,2.89,32,1999,Communications,Other
S201701678,2017,0,F,0,White,CA,INST_02,State University B (Research),research,4.0,40,1999,Computer Science,STEM
S201701679,2017,1,F,1,White,NY,INST_05,Urban University E (Research),research,3.78,32,1999,Finance,Business
S201701680,2017,1,F,0,Black,NY,INST_04,Regional College D (Teaching),teaching,2.44,72,1999,Sociology,Social Sciences
S201701681,2017,0,M,0,White,NY,INST_01,State University A (Research),research,3.47,37,1999,Chemistry,STEM
S201701682,2017,0,M,0,White,GA,INST_03,Regional College C (Teaching),teaching,3.53,26,1999,General Studies,Other
S201701683,2017,1,M,0,White,OH,INST_05,Urban University E (Research),research,2.8,56,1999,Education,Other
S201701684,2017,1,M,1,Hispanic,FL,INST_05,Urban University E (Research),research,2.52,68,1999,Biology,STEM
S201701685,2017,0,M,1,White,OH,INST_03,Regional College C (Teaching),teaching,2.98,73,1999,Mechanical Engineering,STEM
S201701686,2017,1,M,0,Multi,IL,INST_03,Regional College C (Teaching),teaching,3.94,33,1999,Physics,STEM
S201701687,2017,0,M,1,Black,PA,INST_05,Urban University E (Research),research,2.97,50,1999,Economics-Bus,Business
S201701688,2017,0,F,0,White,IL,INST_05,Urban University E (Research),research,2.76,42,1999,Political Science,Social Sciences
S201701689,2017,0,M,1,White,NJ,INST_03,Regional College C (Teaching),teaching,3.58,46,1999,Art History,Humanities
S201701690,2017,0,F,0,White,OH,INST_05,Urban University E (Research),research,3.25,56,1999,Political Science,Social Sciences
S201701691,2017,0,F,1,White,VA,INST_04,Regional College D (Teaching),teaching,3.35,62,1998,Undeclared,Other
S201701692,2017,0,F,0,White,NY,INST_04,Regional College D (Teaching),teaching,4.0,63,1999,Sociology,Social Sciences
S201701693,2017,0,F,0,White,FL,INST_04,Regional College D (Teaching),teaching,3.44,67,1999,Finance,Business
S201701694,2017,0,M,0,Black,NC,INST_01,State University A (Research),research,3.36,65,1999,Economics,Social Sciences
S201701695,2017,0,M,0,Asian,NJ,INST_02,State University B (Research),research,3.33,52,1999,General Studies,Other
S201701696,2017,0,M,0,Asian,GA,INST_03,Regional College C (Teaching),teaching,2.61,50,1999,Accounting,Business
S201701697,2017,0,F,0,White,MI,INST_04,Regional College D (Teaching),teaching,2.69,84,1999,Undeclared,Other
S201701698,2017,1,M,1,White,OH,INST_04,Regional College D (Teaching),teaching,3.39,70,1999,Education,Other
S201701699,2017,0,M,0,White,MI,INST_02,State University B (Research),research,2.64,12,1999,Mechanical Engineering,STEM
S201701700,2017,1,F,0,White,CA,INST_04,Regional College D (Teaching),teaching,3.73,79,1999,Nursing,Health
S201701701,2017,0,F,1,White,GA,INST_05,Urban University E (Research),research,3.14,84,1999,Statistics,STEM
S201701702,2017,0,F,0,Hispanic,GA,INST_03,Regional College C (Teaching),teaching,3.14,33,1999,Pre-Med,Health
S201701703,2017,1,M,0,Asian,VA,INST_04,Regional College D (Teaching),teaching,3.2,65,1999,Computer Science,STEM
S201701704,2017,1,M,0,White,NC,INST_02,State University B (Research),research,2.59,82,1999,Undeclared,Other
S201701705,2017,1,F,1,White,NY,INST_05,Urban University E (Research),research,3.69,46,1999,General Studies,Other
S201701706,2017,1,M,1,White,MI,INST_03,Regional College C (Teaching),teaching,3.81,48,1999,Sociology,Social Sciences
S201701707,2017,0,F,0,Black,NC,INST_03,Regional College C (Teaching),teaching,3.45,61,1999,Computer Science,STEM
S201701708,2017,1,NB,0,White,PA,INST_05,Urban University E (Research),research,3.33,20,1999,Pre-Med,Health
S201701709,2017,1,M,1,White,VA,INST_01,State University A (Research),research,3.1,42,1999,Physics,STEM
S201701710,2017,0,M,0,Black,OH,INST_04,Regional College D (Teaching),teaching,3.36,80,1999,Public Health,Health
S201701711,2017,1,M,0,White,GA,INST_02,State University B (Research),research,2.63,75,1999,Physics,STEM
S201701712,2017,0,M,0,White,NY,INST_03,Regional College C (Teaching),teaching,2.47,36,1999,General Studies,Other
S201701713,2017,1,M,0,White,TX,INST_01,State University A (Research),research,3.41,52,1999,Political Science,Social Sciences
S201701714,2017,0,F,0,White,CA,INST_02,State University B (Research),research,3.29,25,1999,Philosophy,Humanities
S201701715,2017,0,M,0,Hispanic,OH,INST_05,Urban University E (Research),research,2.42,39,1999,Pre-Med,Health
S201701716,2017,0,F,0,Hispanic,OH,INST_03,Regional College C (Teaching),teaching,3.37,53,1999,Pre-Med,Health
S201701717,2017,0,F,0,Hispanic,IL,INST_01,State University A (Research),research,3.6,66,1999,Management,Business
S201701718,2017,1,F,0,White,NJ,INST_03,Regional College C (Teaching),teaching,3.17,32,1999,Electrical Engineering,STEM
S201701719,2017,0,F,1,Black,NY,INST_02,State University B (Research),research,3.44,62,1999,Spanish,Humanities
S201701720,2017,0,F,0,Multi,NJ,INST_03,Regional College C (Teaching),teaching,3.33,81,1999,Biology,STEM
S201701721,2017,0,F,0,Asian,NJ,INST_03,Regional College C (Teaching),teaching,3.18,97,1999,Public Health,Health
S201701722,2017,0,F,0,White,TX,INST_02,State University B (Research),research,3.41,55,1999,Education,Other
S201701723,2017,1,NB,0,Black,NY,INST_02,State University B (Research),research,3.96,48,1999,Nursing,Health
S201701724,2017,0,F,1,White,IL,INST_04,Regional College D (Teaching),teaching,4.0,88,1999,Mechanical Engineering,STEM
S201701725,2017,0,M,1,White,IL,INST_01,State University A (Research),research,3.18,47,1999,Statistics,STEM
S201701726,2017,0,M,1,Black,NC,INST_02,State University B (Research),research,2.88,52,1999,Finance,Business
S201701727,2017,1,F,0,Asian,CA,INST_04,Regional College D (Teaching),teaching,3.28,39,1999,Finance,Business
S201701728,2017,1,F,1,Black,FL,INST_04,Regional College D (Teaching),teaching,2.93,65,1999,Anthropology,Social Sciences
S201701729,2017,0,M,0,White,NJ,INST_04,Regional College D (Teaching),teaching,3.4,64,1999,Education,Other
S201701730,2017,0,F,0,Hispanic,CA,INST_01,State University A (Research),research,3.87,61,1999,Accounting,Business
S201701731,2017,1,F,0,White,VA,INST_02,State University B (Research),research,2.66,50,1999,Statistics,STEM
S201701732,2017,0,M,0,White,TX,INST_02,State University B (Research),research,3.21,83,1999,Mechanical Engineering,STEM
S201701733,2017,1,M,0,Black,MI,INST_03,Regional College C (Teaching),teaching,3.05,58,1999,Sociology,Social Sciences
S201701734,2017,1,M,1,Hispanic,GA,INST_02,State University B (Research),research,2.38,56,1999,Electrical Engineering,STEM
S201701735,2017,0,M,0,Hispanic,OH,INST_01,State University A (Research),research,3.02,36,1999,Education,Other
S201701736,2017,0,M,0,White,PA,INST_04,Regional College D (Teaching),teaching,2.88,45,1999,Marketing,Business
S201701737,2017,0,F,1,Multi,CA,INST_05,Urban University E (Research),research,2.85,62,1999,Sociology,Social Sciences
S201701738,2017,0,F,0,Hispanic,NY,INST_05,Urban University E (Research),research,3.54,65,1999,Sociology,Social Sciences
S201701739,2017,0,F,1,Black,FL,INST_01,State University A (Research),research,3.62,51,1999,Electrical Engineering,STEM
S201701740,2017,1,M,0,White,NJ,INST_02,State University B (Research),research,2.9,53,1999,Economics,Social Sciences
S201701741,2017,1,M,0,White,OH,INST_04,Regional College D (Teaching),teaching,3.74,58,1999,Computer Science,STEM
S201701742,2017,0,M,0,Asian,CA,INST_04,Regional College D (Teaching),teaching,4.0,65,1999,Spanish,Humanities
S201701743,2017,0,F,0,Asian,NC,INST_01,State University A (Research),research,3.21,66,1999,General Studies,Other
S201701744,2017,0,M,0,White,GA,INST_03,Regional College C (Teaching),teaching,3.35,56,1999,Pre-Med,Health
S201701745,2017,0,F,1,White,FL,INST_03,Regional College C (Teaching),teaching,3.77,32,1999,Computer Science,STEM
S201701746,2017,1,M,1,Hispanic,NJ,INST_01,State University A (Research),research,3.34,43,1999,Management,Business
S201701747,2017,1,M,1,Hispanic,NC,INST_04,Regional College D (Teaching),teaching,2.76,81,1999,Communications,Other
S201701748,2017,1,M,0,Hispanic,OH,INST_03,Regional College C (Teaching),teaching,3.8,58,1999,Accounting,Business
S201701749,2017,1,M,0,White,VA,INST_05,Urban University E (Research),research,3.24,16,1999,Pre-Med,Health
S201701750,2017,1,M,0,Hispanic,CA,INST_02,State University B (Research),research,2.82,77,1999,Spanish,Humanities
S201701751,2017,1,F,1,White,FL,INST_04,Regional College D (Teaching),teaching,2.89,62,1999,Kinesiology,Health
S201701752,2017,1,F,0,White,CA,INST_03,Regional College C (Teaching),teaching,3.51,50,1999,Philosophy,Humanities
S201701753,2017,0,F,0,Hispanic,NC,INST_03,Regional College C (Teaching),teaching,3.56,73,1999,Biology,STEM
S201701754,2017,0,M,0,White,OH,INST_05,Urban University E (Research),research,3.11,37,1999,Biomedical Engineering,STEM
S201701755,2017,0,F,0,White,NY,INST_02,State University B (Research),research,2.77,34,1999,Undeclared,Other
S201701756,2017,0,F,0,White,NY,INST_05,Urban University E (Research),research,2.81,57,1999,Mathematics,STEM
S201701757,2017,0,M,0,White,MI,INST_05,Urban University E (Research),research,4.0,46,1999,Chemistry,STEM
S201701758,2017,0,F,0,White,TX,INST_01,State University A (Research),research,2.58,61,1999,Kinesiology,Health
S201701759,2017,1,M,0,Hispanic,MI,INST_03,Regional College C (Teaching),teaching,3.25,81,1999,Finance,Business
S201701760,2017,1,M,0,White,VA,INST_03,Regional College C (Teaching),teaching,2.35,50,1999,Public Health,Health
S201701761,2017,0,F,1,Hispanic,NY,INST_05,Urban University E (Research),research,3.52,89,1999,Mathematics,STEM
S201701762,2017,1,M,0,White,TX,INST_04,Regional College D (Teaching),teaching,3.54,35,1999,History,Humanities
S201701763,2017,1,F,0,White,IL,INST_04,Regional College D (Teaching),teaching,2.62,51,1999,Computer Science,STEM
S201701764,2017,0,M,1,White,VA,INST_04,Regional College D (Teaching),teaching,3.87,71,1998,Political Science,Social Sciences
S201701765,2017,0,F,0,White,CA,INST_01,State University A (Research),research,3.35,89,1999,Philosophy,Humanities
S201701766,2017,1,F,0,Hispanic,NJ,INST_04,Regional College D (Teaching),teaching,3.18,71,1999,Management,Business
S201701767,2017,0,M,0,White,FL,INST_04,Regional College D (Teaching),teaching,1.5,90,1999,Public Health,Health
S201701768,2017,1,F,0,White,OH,INST_04,Regional College D (Teaching),teaching,2.41,41,1999,Anthropology,Social Sciences
S201701769,2017,1,M,0,White,NC,INST_05,Urban University E (Research),research,2.23,51,1999,Sociology,Social Sciences
S201701770,2017,0,F,0,Unknown,VA,INST_05,Urban University E (Research),research,3.63,60,1999,Biology,STEM
S201701771,2017,0,M,0,White,TX,INST_02,State University B (Research),research,2.31,22,1999,Management,Business
S201701772,2017,0,M,0,Hispanic,CA,INST_05,Urban University E (Research),research,3.37,64,1999,Computer Science,STEM
S201701773,2017,0,M,0,Asian,NJ,INST_04,Regional College D (Teaching),teaching,2.85,96,1999,Art History,Humanities
S201701774,2017,0,F,0,Black,TX,INST_03,Regional College C (Teaching),teaching,4.0,54,1999,Statistics,STEM
S201701775,2017,1,F,1,Asian,CA,INST_03,Regional College C (Teaching),teaching,3.34,50,1999,Economics,Social Sciences
S201701776,2017,0,M,0,Hispanic,CA,INST_03,Regional College C (Teaching),teaching,3.5,82,1999,Education,Other
S201701777,2017,0,F,1,Hispanic,VA,INST_05,Urban University E (Research),research,2.75,51,1999,Biology,STEM
S201701778,2017,0,M,0,Black,MI,INST_01,State University A (Research),research,2.88,99,1999,Chemistry,STEM
S201701779,2017,0,F,0,Multi,VA,INST_01,State University A (Research),research,3.64,54,1999,Nursing,Health
S201701780,2017,0,F,1,White,IL,INST_01,State University A (Research),research,3.84,62,1999,Electrical Engineering,STEM
S201701781,2017,1,F,0,Black,NJ,INST_03,Regional College C (Teaching),teaching,3.71,81,1999,Art History,Humanities
S201701782,2017,1,M,0,White,NC,INST_04,Regional College D (Teaching),teaching,2.77,74,1999,Economics,Social Sciences
S201701783,2017,0,F,0,Multi,VA,INST_04,Regional College D (Teaching),teaching,3.2,59,1999,Finance,Business
S201701784,2017,0,NB,0,Hispanic,FL,INST_04,Regional College D (Teaching),teaching,3.65,52,1999,Physics,STEM
S201701785,2017,1,F,1,Black,NY,INST_03,Regional College C (Teaching),teaching,3.76,6,1999,Pre-Med,Health
S201701786,2017,0,F,0,White,MI,INST_03,Regional College C (Teaching),teaching,3.61,96,1999,Spanish,Humanities
S201701787,2017,0,F,0,White,NC,INST_04,Regional College D (Teaching),teaching,2.67,68,1999,Economics-Bus,Business
S201701788,2017,1,F,0,White,FL,INST_04,Regional College D (Teaching),teaching,2.95,74,1998,Kinesiology,Health
S201701789,2017,0,F,1,White,CA,INST_04,Regional College D (Teaching),teaching,2.9,71,1999,Mathematics,STEM
S201701790,2017,1,F,0,Black,NJ,INST_01,State University A (Research),research,3.68,58,1999,Electrical Engineering,STEM
S201701791,2017,1,M,0,NHPI,TX,INST_02,State University B (Research),research,2.6,75,1999,General Studies,Other
S201701792,2017,1,F,0,Black,NJ,INST_02,State University B (Research),research,3.48,51,1999,Accounting,Business
S201701793,2017,1,M,1,White,NJ,INST_01,State University A (Research),research,3.04,65,1999,Economics-Bus,Business
S201701794,2017,1,M,0,Black,FL,INST_02,State University B (Research),research,3.16,51,1999,Electrical Engineering,STEM
S201701795,2017,1,F,1,White,MI,INST_01,State University A (Research),research,3.01,27,1999,Economics,Social Sciences
S201701796,2017,0,F,1,White,NC,INST_03,Regional College C (Teaching),teaching,3.04,30,1999,Pre-Med,Health
S201701797,2017,1,M,0,Black,OH,INST_03,Regional College C (Teaching),teaching,3.96,41,1999,Economics,Social Sciences
S201701798,2017,0,F,0,Asian,MI,INST_05,Urban University E (Research),research,3.03,62,1999,Undeclared,Other
S201701799,2017,0,F,0,White,FL,INST_01,State University A (Research),research,3.28,59,1999,Pre-Med,Health
S201701800,2017,1,F,0,Asian,IL,INST_03,Regional College C (Teaching),teaching,3.26,61,1999,History,Humanities
S201701801,2017,0,M,1,Hispanic,CA,INST_04,Regional College D (Teaching),teaching,2.89,44,1999,Statistics,STEM
S201701802,2017,1,F,0,Asian,NC,INST_01,State University A (Research),research,3.84,57,1999,Computer Science,STEM
S201701803,2017,1,F,0,Hispanic,MI,INST_05,Urban University E (Research),research,2.76,39,1999,Pre-Med,Health
S201701804,2017,0,F,1,Hispanic,FL,INST_05,Urban University E (Research),research,2.93,22,1999,Anthropology,Social Sciences
S201701805,2017,1,M,0,White,PA,INST_05,Urban University E (Research),research,2.8,42,1999,Anthropology,Social Sciences
S201701806,2017,1,M,0,White,NJ,INST_04,Regional College D (Teaching),teaching,3.42,58,1999,Biomedical Engineering,STEM
S201701807,2017,1,M,0,White,IL,INST_04,Regional College D (Teaching),teaching,2.46,59,1999,Spanish,Humanities
S201701808,2017,0,M,0,White,GA,INST_04,Regional College D (Teaching),teaching,3.33,64,1999,Nursing,Health
S201701809,2017,1,M,0,Hispanic,NJ,INST_01,State University A (Research),research,3.54,37,1999,Political Science,Social Sciences
S201701810,2017,0,M,1,AIAN,NC,INST_03,Regional College C (Teaching),teaching,3.41,29,1999,Economics,Social Sciences
S201701811,2017,1,F,0,White,MI,INST_03,Regional College C (Teaching),teaching,2.53,33,1999,Political Science,Social Sciences
S201701812,2017,0,F,0,Hispanic,FL,INST_05,Urban University E (Research),research,3.38,42,1999,Art History,Humanities
S201701813,2017,0,M,1,Hispanic,NJ,INST_04,Regional College D (Teaching),teaching,3.31,67,1999,English,Humanities
S201701814,2017,0,F,0,White,OH,INST_03,Regional College C (Teaching),teaching,3.16,74,1999,Education,Other
S201701815,2017,0,F,0,White,GA,INST_01,State University A (Research),research,3.71,43,1999,Kinesiology,Health
S201701816,2017,0,F,1,Asian,GA,INST_02,State University B (Research),research,3.28,21,1999,Marketing,Business
S201701817,2017,1,F,1,Black,NY,INST_01,State University A (Research),research,3.71,39,1999,Political Science,Social Sciences
S201701818,2017,0,F,1,White,OH,INST_05,Urban University E (Research),research,3.45,12,1999,Sociology,Social Sciences
S201701819,2017,0,F,0,White,GA,INST_02,State University B (Research),research,3.04,20,1999,Sociology,Social Sciences
S201701820,2017,1,M,1,White,CA,INST_05,Urban University E (Research),research,3.6,55,1999,Economics,Social Sciences
S201701821,2017,1,M,0,Black,GA,INST_02,State University B (Research),research,3.32,48,1999,Education,Other
S201701822,2017,0,M,0,White,NC,INST_01,State University A (Research),research,3.21,67,1999,Physics,STEM
S201701823,2017,1,M,1,White,IL,INST_02,State University B (Research),research,3.98,82,1999,Marketing,Business
S201701824,2017,0,F,0,Black,TX,INST_04,Regional College D (Teaching),teaching,2.76,38,1999,History,Humanities
S201701825,2017,1,M,0,White,NY,INST_04,Regional College D (Teaching),teaching,2.74,57,1999,Physics,STEM
S201701826,2017,0,F,1,White,TX,INST_01,State University A (Research),research,2.83,56,1999,Anthropology,Social Sciences
S201701827,2017,0,F,0,White,CA,INST_05,Urban University E (Research),research,3.36,70,1999,Nursing,Health
S201701828,2017,0,M,0,White,NC,INST_05,Urban University E (Research),research,3.48,64,1999,Computer Science,STEM
S201701829,2017,0,M,0,White,IL,INST_05,Urban University E (Research),research,3.73,30,1999,Electrical Engineering,STEM
S201701830,2017,1,F,0,Hispanic,IL,INST_03,Regional College C (Teaching),teaching,3.16,50,1999,Management,Business
S201701831,2017,1,F,0,Hispanic,TX,INST_04,Regional College D (Teaching),teaching,3.31,73,1999,Marketing,Business
S201701832,2017,1,M,0,White,NC,INST_04,Regional College D (Teaching),teaching,3.04,68,1999,Marketing,Business
S201701833,2017,0,F,1,Asian,TX,INST_02,State University B (Research),research,2.99,67,1999,Economics-Bus,Business
S201701834,2017,0,M,1,Hispanic,PA,INST_01,State University A (Research),research,3.25,70,1999,Political Science,Social Sciences
S201701835,2017,1,F,0,Black,NY,INST_04,Regional College D (Teaching),teaching,3.81,68,1999,Mechanical Engineering,STEM
S201701836,2017,0,F,0,Multi,PA,INST_04,Regional College D (Teaching),teaching,2.66,86,1999,Communications,Other
S201701837,2017,0,M,0,Multi,FL,INST_01,State University A (Research),research,3.65,64,1999,Undeclared,Other
S201701838,2017,1,F,0,Black,GA,INST_05,Urban University E (Research),research,3.35,69,1999,Computer Science,STEM
S201701839,2017,0,M,1,White,VA,INST_04,Regional College D (Teaching),teaching,2.99,84,1999,Economics,Social Sciences
S201701840,2017,0,F,0,Hispanic,NC,INST_01,State University A (Research),research,3.37,67,1999,Mathematics,STEM
S201701841,2017,1,M,0,White,CA,INST_03,Regional College C (Teaching),teaching,3.16,33,1999,Undeclared,Other
S201701842,2017,0,F,0,Multi,GA,INST_01,State University A (Research),research,3.08,46,1999,Management,Business
S201701843,2017,0,M,1,White,FL,INST_04,Regional College D (Teaching),teaching,2.99,67,1999,Management,Business
S201701844,2017,1,F,1,White,NJ,INST_01,State University A (Research),research,2.61,38,1999,Marketing,Business
S201701845,2017,0,F,0,White,NY,INST_05,Urban University E (Research),research,4.0,38,1999,Economics-Bus,Business
S201701846,2017,0,M,0,Hispanic,FL,INST_05,Urban University E (Research),research,2.57,38,1999,Biology,STEM
S201701847,2017,1,M,0,Black,IL,INST_05,Urban University E (Research),research,4.0,99,1999,Art History,Humanities
S201701848,2017,0,M,0,White,MI,INST_04,Regional College D (Teaching),teaching,3.15,63,1999,Psychology,Social Sciences
S201701849,2017,0,F,0,White,MI,INST_05,Urban University E (Research),research,2.59,42,1999,Management,Business
S201701850,2017,1,F,0,White,NC,INST_01,State University A (Research),research,2.62,25,1999,Management,Business
S201701851,2017,0,F,0,Hispanic,NY,INST_04,Regional College D (Teaching),teaching,2.75,44,1999,Anthropology,Social Sciences
S201701852,2017,0,NB,0,NHPI,OH,INST_05,Urban University E (Research),research,2.44,58,1999,Education,Other
S201701853,2017,0,F,1,Hispanic,VA,INST_02,State University B (Research),research,3.36,85,1999,Nursing,Health
S201701854,2017,0,F,1,Hispanic,IL,INST_02,State University B (Research),research,3.66,60,1999,Psychology,Social Sciences
S201701855,2017,0,M,1,White,NC,INST_03,Regional College C (Teaching),teaching,3.78,38,1999,Marketing,Business
S201701856,2017,0,F,0,White,IL,INST_03,Regional College C (Teaching),teaching,3.56,56,1999,Communications,Other
S201701857,2017,1,M,1,White,NC,INST_03,Regional College C (Teaching),teaching,2.89,80,1999,Computer Science,STEM
S201701858,2017,0,M,0,Black,TX,INST_01,State University A (Research),research,3.51,57,1999,Philosophy,Humanities
S201701859,2017,1,F,0,White,CA,INST_01,State University A (Research),research,3.05,62,1999,Biology,STEM
S201701860,2017,0,M,0,White,PA,INST_02,State University B (Research),research,2.28,24,1999,Computer Science,STEM
S201701861,2017,0,M,0,White,NY,INST_04,Regional College D (Teaching),teaching,3.56,15,1999,Nursing,Health
S201701862,2017,0,M,0,Black,IL,INST_01,State University A (Research),research,3.49,96,1999,Statistics,STEM
S201701863,2017,0,F,0,Hispanic,CA,INST_03,Regional College C (Teaching),teaching,2.37,60,1999,Finance,Business
S201701864,2017,0,M,0,Hispanic,TX,INST_02,State University B (Research),research,3.07,52,1999,Finance,Business
S201701865,2017,0,M,0,White,OH,INST_03,Regional College C (Teaching),teaching,3.15,67,1999,Economics-Bus,Business
S201701866,2017,0,F,0,White,NC,INST_05,Urban University E (Research),research,2.86,81,1999,Civil Engineering,STEM
S201701867,2017,1,M,0,White,NC,INST_03,Regional College C (Teaching),teaching,2.95,55,1999,Mechanical Engineering,STEM
S201701868,2017,1,M,0,Multi,PA,INST_03,Regional College C (Teaching),teaching,3.31,44,1999,Pre-Med,Health
S201701869,2017,0,F,0,Asian,NJ,INST_04,Regional College D (Teaching),teaching,3.58,45,1999,Kinesiology,Health
S201701870,2017,0,M,0,White,VA,INST_01,State University A (Research),research,3.04,62,1999,Biology,STEM
S201701871,2017,0,F,0,Black,NJ,INST_04,Regional College D (Teaching),teaching,3.0,63,1999,Kinesiology,Health
S201701872,2017,0,F,1,White,CA,INST_01,State University A (Research),research,3.09,58,1999,Sociology,Social Sciences
S201701873,2017,0,F,0,Asian,CA,INST_01,State University A (Research),research,3.19,60,1999,Public Health,Health
S201701874,2017,0,F,0,Black,GA,INST_04,Regional College D (Teaching),teaching,2.09,45,1999,Civil Engineering,STEM
S201701875,2017,1,F,0,White,TX,INST_05,Urban University E (Research),research,2.6,20,1999,Undeclared,Other
S201701876,2017,1,M,0,White,PA,INST_04,Regional College D (Teaching),teaching,3.68,48,1999,Mathematics,STEM
S201701877,2017,0,M,0,Asian,TX,INST_05,Urban University E (Research),research,2.4,53,1999,Undeclared,Other
S201701878,2017,1,M,0,White,PA,INST_03,Regional College C (Teaching),teaching,3.1,56,1999,Marketing,Business
S201701879,2017,0,F,0,Black,OH,INST_04,Regional College D (Teaching),teaching,2.8,81,1999,Management,Business
S201701880,2017,1,F,1,White,PA,INST_04,Regional College D (Teaching),teaching,3.66,36,1999,Civil Engineering,STEM
S201701881,2017,0,F,1,Hispanic,NJ,INST_02,State University B (Research),research,2.88,52,1998,Marketing,Business
S201701882,2017,1,M,0,White,CA,INST_01,State University A (Research),research,2.93,39,1999,Management,Business
S201701883,2017,0,M,0,Hispanic,OH,INST_03,Regional College C (Teaching),teaching,2.99,45,1999,Management,Business
S201701884,2017,1,F,0,Black,NJ,INST_04,Regional College D (Teaching),teaching,3.22,65,1999,Biology,STEM
S201701885,2017,1,M,1,White,VA,INST_01,State University A (Research),research,3.45,77,1999,Computer Science,STEM
S201701886,2017,0,M,0,Hispanic,PA,INST_04,Regional College D (Teaching),teaching,2.48,38,1999,Management,Business
S201701887,2017,1,M,0,White,PA,INST_05,Urban University E (Research),research,3.3,71,1999,Finance,Business
S201701888,2017,0,M,0,White,PA,INST_04,Regional College D (Teaching),teaching,3.11,38,1999,Communications,Other
S201701889,2017,0,M,0,Asian,CA,INST_01,State University A (Research),research,3.43,33,1999,Public Health,Health
S201701890,2017,0,F,0,Asian,NY,INST_02,State University B (Research),research,3.71,51,1999,General Studies,Other
S201701891,2017,1,M,1,Multi,PA,INST_04,Regional College D (Teaching),teaching,3.0,61,1999,Public Health,Health
S201701892,2017,0,M,1,Black,NY,INST_05,Urban University E (Research),research,3.83,30,1999,Psychology,Social Sciences
S201701893,2017,0,F,1,White,CA,INST_03,Regional College C (Teaching),teaching,4.0,70,1999,Management,Business
S201701894,2017,0,M,0,Black,PA,INST_05,Urban University E (Research),research,2.99,80,1999,Undeclared,Other
S201701895,2017,0,M,1,Hispanic,GA,INST_01,State University A (Research),research,3.22,74,1999,Sociology,Social Sciences
S201701896,2017,0,M,0,Multi,VA,INST_01,State University A (Research),research,2.81,99,1999,Finance,Business
S201701897,2017,0,F,0,White,IL,INST_03,Regional College C (Teaching),teaching,2.88,52,1999,Economics-Bus,Business
S201701898,2017,0,F,1,White,OH,INST_04,Regional College D (Teaching),teaching,3.05,53,1999,Communications,Other
S201701899,2017,1,F,0,Unknown,GA,INST_05,Urban University E (Research),research,3.48,54,1999,Chemistry,STEM
S201701900,2017,0,M,0,White,IL,INST_04,Regional College D (Teaching),teaching,3.15,26,1999,Management,Business
S201701901,2017,0,M,0,Hispanic,OH,INST_02,State University B (Research),research,2.98,64,1999,Economics-Bus,Business
S201701902,2017,1,F,0,Hispanic,CA,INST_05,Urban University E (Research),research,3.41,57,1999,Nursing,Health
S201701903,2017,1,F,0,Hispanic,TX,INST_01,State University A (Research),research,2.7,60,1999,Marketing,Business
S201701904,2017,0,F,1,White,FL,INST_04,Regional College D (Teaching),teaching,2.92,43,1999,Education,Other
S201701905,2017,0,F,0,White,FL,INST_03,Regional College C (Teaching),teaching,3.2,54,1999,Mathematics,STEM
S201701906,2017,0,M,0,White,NY,INST_03,Regional College C (Teaching),teaching,3.62,32,1999,Art History,Humanities
S201701907,2017,0,F,0,Hispanic,IL,INST_02,State University B (Research),research,2.42,36,1999,Art History,Humanities
S201701908,2017,1,F,0,White,FL,INST_05,Urban University E (Research),research,3.61,56,1999,Electrical Engineering,STEM
S201701909,2017,0,F,0,White,MI,INST_05,Urban University E (Research),research,2.43,72,1999,Kinesiology,Health
S201701910,2017,1,NB,0,White,CA,INST_01,State University A (Research),research,3.11,14,1999,Mechanical Engineering,STEM
S201701911,2017,1,F,1,Hispanic,NJ,INST_03,Regional College C (Teaching),teaching,3.69,57,1999,Accounting,Business
S201701912,2017,0,F,0,Hispanic,IL,INST_02,State University B (Research),research,3.5,20,1999,Biology,STEM
S201701913,2017,0,F,0,Black,NC,INST_03,Regional College C (Teaching),teaching,3.88,76,1999,Finance,Business
S201701914,2017,1,M,0,White,IL,INST_05,Urban University E (Research),research,2.78,34,1998,Undeclared,Other
S201701915,2017,0,F,0,White,TX,INST_02,State University B (Research),research,3.47,66,1999,Psychology,Social Sciences
S201701916,2017,0,M,0,White,NY,INST_03,Regional College C (Teaching),teaching,3.13,47,1999,Anthropology,Social Sciences
S201701917,2017,0,F,1,Hispanic,NC,INST_05,Urban University E (Research),research,3.48,64,1999,Electrical Engineering,STEM
S201701918,2017,1,M,0,Black,IL,INST_03,Regional College C (Teaching),teaching,3.06,55,1999,Biomedical Engineering,STEM
S201701919,2017,0,F,1,White,NJ,INST_04,Regional College D (Teaching),teaching,3.07,70,1999,Electrical Engineering,STEM
S201701920,2017,0,M,0,Black,NY,INST_04,Regional College D (Teaching),teaching,3.58,60,1999,Statistics,STEM
S201701921,2017,0,NB,0,Asian,NY,INST_04,Regional College D (Teaching),teaching,3.54,99,1999,Art History,Humanities
S201701922,2017,0,F,0,Black,FL,INST_03,Regional College C (Teaching),teaching,3.23,39,1999,Chemistry,STEM
S201701923,2017,0,M,0,White,GA,INST_01,State University A (Research),research,2.39,77,1999,Pre-Med,Health
S201701924,2017,0,M,1,Hispanic,IL,INST_02,State University B (Research),research,3.04,97,1999,Kinesiology,Health
S201701925,2017,1,F,0,White,OH,INST_01,State University A (Research),research,4.0,37,1999,Kinesiology,Health
S201701926,2017,0,F,0,Black,GA,INST_02,State University B (Research),research,3.55,74,1999,Pre-Med,Health
S201701927,2017,0,F,1,Asian,GA,INST_05,Urban University E (Research),research,3.6,36,1999,Undeclared,Other
S201701928,2017,1,M,0,Black,NJ,INST_01,State University A (Research),research,3.47,48,1999,Communications,Other
S201701929,2017,0,M,0,Black,NY,INST_03,Regional College C (Teaching),teaching,3.47,58,1999,Management,Business
S201701930,2017,1,M,1,Multi,CA,INST_05,Urban University E (Research),research,3.07,71,1999,Kinesiology,Health
S201701931,2017,1,F,0,Hispanic,TX,INST_04,Regional College D (Teaching),teaching,2.98,77,1999,Kinesiology,Health
S201701932,2017,1,M,0,Asian,NJ,INST_03,Regional College C (Teaching),teaching,2.86,45,1999,Psychology,Social Sciences
S201701933,2017,0,M,0,White,OH,INST_01,State University A (Research),research,3.81,40,1999,Biology,STEM
S201701934,2017,1,M,0,White,NJ,INST_04,Regional College D (Teaching),teaching,3.67,46,1999,Mechanical Engineering,STEM
S201701935,2017,0,M,1,Hispanic,NY,INST_01,State University A (Research),research,2.79,99,1999,Marketing,Business
S201701936,2017,0,M,0,Hispanic,IL,INST_05,Urban University E (Research),research,3.38,78,1999,Anthropology,Social Sciences
S201701937,2017,0,F,0,White,IL,INST_02,State University B (Research),research,3.04,48,1999,Economics,Social Sciences
S201701938,2017,0,F,1,White,NC,INST_03,Regional College C (Teaching),teaching,3.07,70,1999,Management,Business
S201701939,2017,1,F,0,Hispanic,OH,INST_05,Urban University E (Research),research,3.57,82,1999,Economics,Social Sciences
S201701940,2017,1,M,1,White,VA,INST_04,Regional College D (Teaching),teaching,2.73,57,1999,Art History,Humanities
S201701941,2017,1,F,1,White,FL,INST_05,Urban University E (Research),research,3.24,31,1999,Computer Science,STEM
S201701942,2017,1,F,1,White,PA,INST_02,State University B (Research),research,3.23,58,1999,Mathematics,STEM
S201701943,2017,0,M,1,White,PA,INST_03,Regional College C (Teaching),teaching,3.09,58,1999,Mathematics,STEM
S201701944,2017,1,M,1,White,NY,INST_01,State University A (Research),research,3.77,41,1999,Mechanical Engineering,STEM
S201701945,2017,1,M,0,White,IL,INST_02,State University B (Research),research,3.38,73,1998,Economics,Social Sciences
S201701946,2017,0,F,1,Multi,TX,INST_03,Regional College C (Teaching),teaching,3.3,44,1999,Pre-Med,Health
S201701947,2017,1,M,1,Asian,FL,INST_03,Regional College C (Teaching),teaching,2.84,36,1999,Civil Engineering,STEM
S201701948,2017,0,F,0,Hispanic,PA,INST_04,Regional College D (Teaching),teaching,3.71,34,1999,General Studies,Other
S201701949,2017,0,F,1,Hispanic,OH,INST_01,State University A (Research),research,2.23,80,1999,Economics-Bus,Business
S201701950,2017,1,M,1,White,IL,INST_02,State University B (Research),research,3.52,36,1999,Electrical Engineering,STEM
S201701951,2017,0,M,0,White,CA,INST_05,Urban University E (Research),research,3.02,59,1999,Chemistry,STEM
S201701952,2017,0,F,0,Black,FL,INST_04,Regional College D (Teaching),teaching,2.9,73,1999,Civil Engineering,STEM
S201701953,2017,0,M,0,Black,VA,INST_02,State University B (Research),research,3.31,36,1999,Philosophy,Humanities
S201701954,2017,0,M,0,White,FL,INST_02,State University B (Research),research,3.73,29,1999,Undeclared,Other
S201701955,2017,0,F,0,White,IL,INST_01,State University A (Research),research,3.44,61,1999,Electrical Engineering,STEM
S201701956,2017,0,NB,1,Hispanic,MI,INST_05,Urban University E (Research),research,2.66,40,1999,Economics,Social Sciences
S201701957,2017,1,F,0,Hispanic,GA,INST_01,State University A (Research),research,3.97,22,1999,General Studies,Other
S201701958,2017,0,F,1,White,TX,INST_04,Regional College D (Teaching),teaching,3.98,39,1999,Pre-Med,Health
S201701959,2017,1,F,0,Hispanic,VA,INST_05,Urban University E (Research),research,3.69,44,1999,Biomedical Engineering,STEM
S201701960,2017,0,M,1,Multi,NJ,INST_01,State University A (Research),research,3.14,75,1999,Education,Other
S201701961,2017,0,F,0,Multi,OH,INST_01,State University A (Research),research,2.57,36,1999,Political Science,Social Sciences
S201701962,2017,1,M,1,White,GA,INST_03,Regional College C (Teaching),teaching,2.75,72,1999,Biomedical Engineering,STEM
S201701963,2017,0,F,0,Hispanic,IL,INST_01,State University A (Research),research,3.94,53,1999,Civil Engineering,STEM
S201701964,2017,0,M,1,White,TX,INST_04,Regional College D (Teaching),teaching,2.46,33,1999,Management,Business
S201701965,2017,1,F,0,Multi,TX,INST_02,State University B (Research),research,3.19,28,1999,Education,Other
S201701966,2017,0,M,1,White,FL,INST_04,Regional College D (Teaching),teaching,3.6,60,1999,Sociology,Social Sciences
S201701967,2017,1,F,1,Multi,GA,INST_01,State University A (Research),research,3.43,53,1999,Finance,Business
S201701968,2017,0,M,0,Black,NC,INST_02,State University B (Research),research,3.6,40,1999,Political Science,Social Sciences
S201701969,2017,1,M,0,Black,PA,INST_04,Regional College D (Teaching),teaching,3.02,24,1998,Sociology,Social Sciences
S201701970,2017,0,F,0,White,CA,INST_03,Regional College C (Teaching),teaching,3.38,33,1999,Chemistry,STEM
S201701971,2017,1,M,1,White,TX,INST_01,State University A (Research),research,3.53,45,1999,Chemistry,STEM
S201701972,2017,0,M,0,White,NJ,INST_01,State University A (Research),research,3.11,47,1999,Sociology,Social Sciences
S201701973,2017,0,F,1,White,GA,INST_02,State University B (Research),research,2.6,41,1999,Art History,Humanities
S201701974,2017,0,M,0,White,GA,INST_05,Urban University E (Research),research,3.32,60,1999,Biology,STEM
S201701975,2017,1,F,0,White,NC,INST_05,Urban University E (Research),research,2.66,88,1999,Mechanical Engineering,STEM
S201701976,2017,1,M,1,Asian,NC,INST_01,State University A (Research),research,3.39,34,1999,Economics,Social Sciences
S201701977,2017,0,F,0,Multi,OH,INST_04,Regional College D (Teaching),teaching,2.95,55,1999,History,Humanities
S201701978,2017,0,F,0,Hispanic,PA,INST_03,Regional College C (Teaching),teaching,3.51,50,1999,Anthropology,Social Sciences
S201701979,2017,0,F,0,White,GA,INST_03,Regional College C (Teaching),teaching,2.77,51,1999,Undeclared,Other
S201701980,2017,0,F,0,Asian,PA,INST_05,Urban University E (Research),research,2.68,51,1999,Nursing,Health
S201701981,2017,0,F,0,White,PA,INST_02,State University B (Research),research,3.22,34,1999,Biology,STEM
S201701982,2017,0,F,1,Hispanic,MI,INST_02,State University B (Research),research,2.67,54,1999,Statistics,STEM
S201701983,2017,1,M,1,Multi,CA,INST_05,Urban University E (Research),research,3.26,55,1999,Psychology,Social Sciences
S201701984,2017,0,M,0,Black,OH,INST_01,State University A (Research),research,3.3,49,1999,Public Health,Health
S201701985,2017,0,M,1,White,MI,INST_05,Urban University E (Research),research,1.94,52,1999,Electrical Engineering,STEM
S201701986,2017,1,M,0,Hispanic,NC,INST_04,Regional College D (Teaching),teaching,3.34,26,1999,Marketing,Business
S201701987,2017,1,F,1,Asian,VA,INST_01,State University A (Research),research,3.58,74,1999,Biology,STEM
S201701988,2017,1,F,0,Black,CA,INST_01,State University A (Research),research,3.19,69,1999,Computer Science,STEM
S201701989,2017,0,F,0,White,NC,INST_01,State University A (Research),research,3.34,64,1999,Civil Engineering,STEM
S201701990,2017,0,M,0,Hispanic,VA,INST_03,Regional College C (Teaching),teaching,3.62,40,1999,Anthropology,Social Sciences
S201701991,2017,0,F,0,White,NJ,INST_03,Regional College C (Teaching),teaching,3.67,64,1999,Communications,Other
S201701992,2017,0,M,1,White,GA,INST_04,Regional College D (Teaching),teaching,2.47,79,1999,Art History,Humanities
S201701993,2017,0,M,0,White,OH,INST_05,Urban University E (Research),research,3.44,78,1999,History,Humanities
S201701994,2017,0,M,1,Hispanic,MI,INST_01,State University A (Research),research,3.08,80,1999,Communications,Other
S201701995,2017,1,F,1,Hispanic,NJ,INST_04,Regional College D (Teaching),teaching,3.44,45,1999,Undeclared,Other
S201701996,2017,1,F,0,White,NJ,INST_02,State University B (Research),research,2.82,33,1999,Computer Science,STEM
S201701997,2017,0,F,1,AIAN,VA,INST_04,Regional College D (Teaching),teaching,3.99,34,1999,Philosophy,Humanities
S201701998,2017,0,F,0,White,TX,INST_03,Regional College C (Teaching),teaching,3.9,37,1999,Anthropology,Social Sciences
S201701999,2017,0,M,0,White,CA,INST_04,Regional College D (Teaching),teaching,3.67,78,1999,Mathematics,STEM
S201702000,2017,1,M,0,White,MI,INST_05,Urban University E (Research),research,3.64,52,1999,Pre-Med,Health
S201702001,2017,0,M,0,Black,NY,INST_02,State University B (Research),research,3.9,57,1999,Computer Science,STEM
S201702002,2017,0,M,1,White,VA,INST_01,State University A (Research),research,3.62,53,1999,Public Health,Health
S201702003,2017,0,F,0,Hispanic,NY,INST_05,Urban University E (Research),research,2.24,56,1998,Economics,Social Sciences
S201702004,2017,0,F,0,White,GA,INST_04,Regional College D (Teaching),teaching,3.24,21,1999,Undeclared,Other
S201702005,2017,0,M,1,Asian,TX,INST_01,State University A (Research),research,2.83,65,1999,Anthropology,Social Sciences
S201702006,2017,0,M,1,Hispanic,NY,INST_05,Urban University E (Research),research,3.51,28,1999,Economics,Social Sciences
S201702007,2017,1,M,1,White,NY,INST_02,State University B (Research),research,2.98,59,1999,History,Humanities
S201702008,2017,0,F,0,Hispanic,NY,INST_04,Regional College D (Teaching),teaching,3.74,67,1999,Spanish,Humanities
S201702009,2017,0,F,0,White,OH,INST_04,Regional College D (Teaching),teaching,3.17,49,1999,English,Humanities
S201702010,2017,1,F,1,Hispanic,TX,INST_03,Regional College C (Teaching),teaching,3.38,37,1999,Civil Engineering,STEM
S201702011,2017,0,F,0,White,VA,INST_01,State University A (Research),research,3.61,81,1999,Nursing,Health
S201702012,2017,1,M,1,White,TX,INST_05,Urban University E (Research),research,3.14,80,1999,Biomedical Engineering,STEM
S201702013,2017,1,F,0,White,GA,INST_05,Urban University E (Research),research,3.69,68,1999,Chemistry,STEM
S201702014,2017,0,F,1,Black,OH,INST_04,Regional College D (Teaching),teaching,3.51,33,1999,Electrical Engineering,STEM
S201702015,2017,0,M,0,White,NY,INST_05,Urban University E (Research),research,3.49,40,1999,Accounting,Business
S201702016,2017,0,M,1,White,MI,INST_01,State University A (Research),research,2.97,75,1999,Nursing,Health
S201702017,2017,0,M,0,White,GA,INST_03,Regional College C (Teaching),teaching,2.54,67,1999,Statistics,STEM
S201702018,2017,1,M,0,White,PA,INST_05,Urban University E (Research),research,3.15,43,1999,Finance,Business
S201702019,2017,0,M,1,White,VA,INST_01,State University A (Research),research,3.64,58,1999,Economics-Bus,Business
S201702020,2017,0,M,0,Black,CA,INST_02,State University B (Research),research,2.72,77,1999,Economics,Social Sciences
S201702021,2017,1,M,1,AIAN,VA,INST_03,Regional College C (Teaching),teaching,2.96,36,1999,Biology,STEM
S201702022,2017,0,M,1,White,NJ,INST_04,Regional College D (Teaching),teaching,3.71,67,1999,Philosophy,Humanities
S201702023,2017,0,F,1,White,NC,INST_04,Regional College D (Teaching),teaching,3.58,45,1999,Political Science,Social Sciences
S201702024,2017,0,F,1,White,GA,INST_03,Regional College C (Teaching),teaching,3.34,17,1999,Art History,Humanities
S201702025,2017,0,F,1,Black,IL,INST_03,Regional College C (Teaching),teaching,3.11,55,1999,English,Humanities
S201702026,2017,0,F,0,White,CA,INST_05,Urban University E (Research),research,3.86,34,1999,Mechanical Engineering,STEM
S201702027,2017,0,F,0,White,VA,INST_02,State University B (Research),research,2.4,55,1999,Chemistry,STEM
S201702028,2017,1,F,0,White,IL,INST_02,State University B (Research),research,2.52,41,1999,Education,Other
S201702029,2017,0,F,0,White,NC,INST_04,Regional College D (Teaching),teaching,3.36,81,1999,Physics,STEM
S201702030,2017,0,M,0,White,MI,INST_05,Urban University E (Research),research,3.19,40,1999,Mathematics,STEM
S201702031,2017,1,M,1,White,FL,INST_02,State University B (Research),research,3.14,60,1999,Sociology,Social Sciences
S201702032,2017,1,F,1,White,CA,INST_04,Regional College D (Teaching),teaching,2.06,32,1999,Public Health,Health
S201702033,2017,0,F,0,White,NC,INST_05,Urban University E (Research),research,3.46,82,1999,General Studies,Other
S201702034,2017,0,F,0,Hispanic,NJ,INST_05,Urban University E (Research),research,3.24,45,1999,Biology,STEM
S201702035,2017,0,F,1,White,CA,INST_01,State University A (Research),research,4.0,25,1999,Electrical Engineering,STEM
S201702036,2017,0,F,0,White,GA,INST_01,State University A (Research),research,2.87,49,1999,Management,Business
S201702037,2017,0,F,0,White,MI,INST_03,Regional College C (Teaching),teaching,2.89,54,1999,Statistics,STEM
S201702038,2017,0,F,0,Asian,CA,INST_03,Regional College C (Teaching),teaching,3.94,55,1999,Biology,STEM
S201702039,2017,0,M,0,NHPI,PA,INST_03,Regional College C (Teaching),teaching,3.3,97,1999,Psychology,Social Sciences
S201702040,2017,0,M,0,White,GA,INST_03,Regional College C (Teaching),teaching,3.37,71,1999,Physics,STEM
S201702041,2017,0,M,1,Black,NC,INST_01,State University A (Research),research,2.98,92,1999,Communications,Other
S201702042,2017,0,F,1,White,NC,INST_03,Regional College C (Teaching),teaching,2.73,43,1998,Management,Business
S201702043,2017,0,M,1,Unknown,CA,INST_01,State University A (Research),research,3.67,86,1999,Nursing,Health
S201702044,2017,1,M,1,Hispanic,PA,INST_05,Urban University E (Research),research,2.96,82,1999,Sociology,Social Sciences
S201702045,2017,0,F,1,Hispanic,NC,INST_05,Urban University E (Research),research,3.34,51,1999,Psychology,Social Sciences
S201702046,2017,0,F,0,White,GA,INST_04,Regional College D (Teaching),teaching,2.25,60,1999,Civil Engineering,STEM
S201702047,2017,1,M,0,White,CA,INST_03,Regional College C (Teaching),teaching,3.01,91,1999,Art History,Humanities
S201702048,2017,0,M,1,Hispanic,MI,INST_02,State University B (Research),research,2.59,56,1999,Economics,Social Sciences
S201702049,2017,0,M,0,White,NC,INST_01,State University A (Research),research,3.01,19,1999,Economics,Social Sciences
S201702050,2017,1,F,0,Multi,OH,INST_02,State University B (Research),research,3.28,34,1999,Marketing,Business
S201702051,2017,0,M,0,White,OH,INST_04,Regional College D (Teaching),teaching,2.04,61,1999,Nursing,Health
S201702052,2017,1,M,0,Hispanic,NJ,INST_04,Regional College D (Teaching),teaching,3.89,75,1999,Mathematics,STEM
S201702053,2017,0,F,0,Hispanic,NJ,INST_04,Regional College D (Teaching),teaching,2.48,50,1999,Finance,Business
S201702054,2017,0,M,0,Black,NY,INST_03,Regional College C (Teaching),teaching,3.74,96,1999,Electrical Engineering,STEM
S201702055,2017,1,M,0,Asian,OH,INST_03,Regional College C (Teaching),teaching,1.88,41,1999,Marketing,Business
S201702056,2017,1,M,0,White,FL,INST_02,State University B (Research),research,2.92,54,1999,Spanish,Humanities
S201702057,2017,0,M,0,White,TX,INST_03,Regional College C (Teaching),teaching,3.3,34,1999,Marketing,Business
S201702058,2017,0,M,0,White,VA,INST_01,State University A (Research),research,3.32,46,1999,Education,Other
S201702059,2017,0,M,0,Asian,TX,INST_03,Regional College C (Teaching),teaching,3.34,62,1999,Computer Science,STEM
S201702060,2017,1,M,1,Asian,NC,INST_02,State University B (Research),research,3.02,46,1999,Public Health,Health
S201702061,2017,0,F,0,Hispanic,NC,INST_01,State University A (Research),research,3.69,43,1999,Management,Business
S201702062,2017,0,M,1,Asian,NC,INST_02,State University B (Research),research,3.71,66,1999,Biomedical Engineering,STEM
S201702063,2017,0,M,0,White,OH,INST_05,Urban University E (Research),research,3.0,54,1999,Anthropology,Social Sciences
S201702064,2017,1,M,0,White,TX,INST_01,State University A (Research),research,2.15,19,1999,Biology,STEM
S201702065,2017,0,M,0,White,IL,INST_05,Urban University E (Research),research,3.36,77,1999,Chemistry,STEM
S201702066,2017,1,M,0,White,CA,INST_03,Regional College C (Teaching),teaching,3.84,38,1999,Political Science,Social Sciences
S201702067,2017,1,M,1,Asian,NJ,INST_05,Urban University E (Research),research,3.66,83,1999,Electrical Engineering,STEM
S201702068,2017,0,F,0,Hispanic,PA,INST_04,Regional College D (Teaching),teaching,3.38,92,1999,Nursing,Health
S201702069,2017,0,M,0,Hispanic,GA,INST_02,State University B (Research),research,3.5,43,1999,Management,Business
S201702070,2017,1,F,0,White,NC,INST_03,Regional College C (Teaching),teaching,3.09,48,1999,Biomedical Engineering,STEM
S201702071,2017,0,M,1,Black,OH,INST_01,State University A (Research),research,2.83,62,1999,Spanish,Humanities
S201702072,2017,1,F,0,Multi,MI,INST_04,Regional College D (Teaching),teaching,2.35,67,1999,Psychology,Social Sciences
S201702073,2017,0,F,0,Hispanic,GA,INST_05,Urban University E (Research),research,3.58,83,1999,Anthropology,Social Sciences
S201702074,2017,1,F,0,White,NJ,INST_04,Regional College D (Teaching),teaching,3.02,23,1999,Communications,Other
S201702075,2017,0,M,0,White,CA,INST_03,Regional College C (Teaching),teaching,3.02,58,1999,Economics,Social Sciences
S201702076,2017,0,F,0,White,MI,INST_01,State University A (Research),research,2.26,63,1999,Finance,Business
S201702077,2017,0,F,0,White,TX,INST_03,Regional College C (Teaching),teaching,2.8,61,1999,Finance,Business
S201702078,2017,1,F,0,Hispanic,TX,INST_01,State University A (Research),research,2.84,78,1999,Political Science,Social Sciences
S201702079,2017,0,F,1,White,NC,INST_01,State University A (Research),research,2.98,86,1999,Finance,Business
S201702080,2017,0,M,0,White,NC,INST_05,Urban University E (Research),research,2.85,79,1999,General Studies,Other
S201702081,2017,0,F,0,White,MI,INST_02,State University B (Research),research,3.81,64,1998,Nursing,Health
S201702082,2017,0,F,0,Black,TX,INST_01,State University A (Research),research,3.86,51,1999,English,Humanities
S201702083,2017,0,F,1,White,CA,INST_05,Urban University E (Research),research,2.9,60,1999,Pre-Med,Health
S201702084,2017,0,F,0,White,PA,INST_04,Regional College D (Teaching),teaching,2.81,46,1999,Biomedical Engineering,STEM
S201702085,2017,0,F,0,Hispanic,GA,INST_03,Regional College C (Teaching),teaching,3.68,56,1999,Political Science,Social Sciences
S201702086,2017,0,F,0,White,IL,INST_01,State University A (Research),research,2.64,29,1999,Management,Business
S201702087,2017,0,M,0,White,CA,INST_04,Regional College D (Teaching),teaching,3.53,64,1999,Communications,Other
S201702088,2017,1,M,0,White,VA,INST_03,Regional College C (Teaching),teaching,4.0,48,1999,Finance,Business
S201702089,2017,0,M,0,White,NY,INST_01,State University A (Research),research,2.87,63,1999,Chemistry,STEM
S201702090,2017,0,F,1,White,GA,INST_05,Urban University E (Research),research,2.64,38,1999,Psychology,Social Sciences
S201702091,2017,0,F,1,Black,NY,INST_05,Urban University E (Research),research,2.53,71,1999,General Studies,Other
S201702092,2017,0,M,0,White,FL,INST_04,Regional College D (Teaching),teaching,3.49,43,1999,Political Science,Social Sciences
S201702093,2017,0,F,1,White,NC,INST_02,State University B (Research),research,2.36,61,1999,Mechanical Engineering,STEM
S201702094,2017,1,F,0,White,NJ,INST_01,State University A (Research),research,2.6,72,1999,Public Health,Health
S201702095,2017,0,M,0,White,GA,INST_01,State University A (Research),research,3.35,40,1999,Finance,Business
S201702096,2017,1,M,1,White,PA,INST_04,Regional College D (Teaching),teaching,3.12,88,1999,Biomedical Engineering,STEM
S201702097,2017,1,M,1,Asian,VA,INST_03,Regional College C (Teaching),teaching,2.96,88,1999,Political Science,Social Sciences
S201702098,2017,1,M,1,White,GA,INST_05,Urban University E (Research),research,2.99,40,1999,Accounting,Business
S201702099,2017,0,F,0,Black,NJ,INST_03,Regional College C (Teaching),teaching,2.9,75,1999,Computer Science,STEM
S201702100,2017,0,F,0,White,PA,INST_04,Regional College D (Teaching),teaching,2.5,61,1998,Biology,STEM
S201702101,2017,0,M,0,White,MI,INST_02,State University B (Research),research,2.81,72,1999,Public Health,Health
S201702102,2017,0,M,0,White,NC,INST_01,State University A (Research),research,3.91,47,1999,Political Science,Social Sciences
S201702103,2017,1,F,0,White,OH,INST_03,Regional College C (Teaching),teaching,3.05,60,1999,Pre-Med,Health
S201702104,2017,0,F,1,White,NY,INST_05,Urban University E (Research),research,2.5,70,1999,Statistics,STEM
S201702105,2017,0,F,0,White,GA,INST_03,Regional College C (Teaching),teaching,3.26,78,1999,English,Humanities
S201702106,2017,0,F,0,AIAN,CA,INST_05,Urban University E (Research),research,3.25,24,1999,Mechanical Engineering,STEM
S201702107,2017,1,M,0,White,PA,INST_04,Regional College D (Teaching),teaching,3.36,64,1999,Mathematics,STEM
S201702108,2017,0,M,1,White,MI,INST_05,Urban University E (Research),research,3.11,47,1999,Political Science,Social Sciences
S201702109,2017,0,F,0,White,CA,INST_05,Urban University E (Research),research,2.76,57,1999,Electrical Engineering,STEM
S201702110,2017,0,M,1,White,MI,INST_05,Urban University E (Research),research,3.6,34,1999,Marketing,Business
S201702111,2017,1,F,0,Black,IL,INST_02,State University B (Research),research,2.75,59,1999,Pre-Med,Health
S201702112,2017,0,F,0,White,NC,INST_04,Regional College D (Teaching),teaching,4.0,63,1999,General Studies,Other
S201702113,2017,0,F,0,White,GA,INST_04,Regional College D (Teaching),teaching,3.34,81,1999,Economics,Social Sciences
S201702114,2017,0,M,0,White,NY,INST_05,Urban University E (Research),research,3.15,47,1999,Biology,STEM
S201702115,2017,1,M,1,White,OH,INST_04,Regional College D (Teaching),teaching,3.11,16,1999,Nursing,Health
S201702116,2017,1,M,0,White,TX,INST_03,Regional College C (Teaching),teaching,3.77,48,1999,Civil Engineering,STEM
S201702117,2017,0,M,1,Black,FL,INST_01,State University A (Research),research,2.25,67,1999,Physics,STEM
S201702118,2017,0,M,0,Hispanic,NJ,INST_01,State University A (Research),research,3.39,42,1999,Mathematics,STEM
S201702119,2017,1,F,0,White,GA,INST_05,Urban University E (Research),research,2.79,47,1999,Economics-Bus,Business
S201702120,2017,1,F,1,White,MI,INST_04,Regional College D (Teaching),teaching,3.28,37,1999,Economics-Bus,Business
S201702121,2017,0,F,0,Hispanic,FL,INST_05,Urban University E (Research),research,3.12,73,1999,Undeclared,Other
S201702122,2017,0,F,0,Asian,NJ,INST_05,Urban University E (Research),research,2.7,41,1999,Anthropology,Social Sciences
S201702123,2017,1,M,0,White,CA,INST_01,State University A (Research),research,3.16,61,1999,Civil Engineering,STEM
S201702124,2017,1,F,0,Asian,OH,INST_01,State University A (Research),research,3.08,50,1999,Kinesiology,Health
S201702125,2017,1,M,0,Hispanic,VA,INST_05,Urban University E (Research),research,2.87,51,1999,Marketing,Business
S201702126,2017,0,F,0,White,OH,INST_04,Regional College D (Teaching),teaching,3.89,65,1999,Marketing,Business
S201702127,2017,1,F,0,Hispanic,NC,INST_02,State University B (Research),research,3.23,81,1999,Mechanical Engineering,STEM
S201702128,2017,1,F,0,White,GA,INST_04,Regional College D (Teaching),teaching,3.11,25,1999,Education,Other
S201702129,2017,0,M,1,Asian,OH,INST_04,Regional College D (Teaching),teaching,3.47,74,1999,Electrical Engineering,STEM
S201702130,2017,0,F,1,Black,OH,INST_05,Urban University E (Research),research,3.51,77,1999,Mechanical Engineering,STEM
S201702131,2017,0,M,0,White,CA,INST_01,State University A (Research),research,3.35,67,1999,Mathematics,STEM
S201702132,2017,0,F,0,White,VA,INST_01,State University A (Research),research,3.21,67,1999,Computer Science,STEM
S201702133,2017,0,F,1,Black,CA,INST_04,Regional College D (Teaching),teaching,3.08,45,1999,Management,Business
S201702134,2017,1,F,0,White,NJ,INST_05,Urban University E (Research),research,2.47,36,1999,Kinesiology,Health
S201702135,2017,0,M,1,White,OH,INST_04,Regional College D (Teaching),teaching,3.19,62,1999,Public Health,Health
S201702136,2017,1,M,0,White,CA,INST_02,State University B (Research),research,3.85,63,1999,Accounting,Business
S201702137,2017,1,F,0,Hispanic,CA,INST_04,Regional College D (Teaching),teaching,3.2,73,1999,Biology,STEM
S201702138,2017,0,F,0,White,PA,INST_03,Regional College C (Teaching),teaching,3.27,29,1999,Economics-Bus,Business
S201702139,2017,0,F,1,White,FL,INST_05,Urban University E (Research),research,3.65,51,1999,Accounting,Business
S201702140,2017,0,M,0,White,NC,INST_03,Regional College C (Teaching),teaching,3.15,51,1999,Electrical Engineering,STEM
S201702141,2017,1,F,1,White,TX,INST_05,Urban University E (Research),research,3.79,30,1999,Computer Science,STEM
S201702142,2017,1,M,0,Hispanic,NC,INST_04,Regional College D (Teaching),teaching,3.07,71,1999,Pre-Med,Health
S201702143,2017,1,F,0,Hispanic,PA,INST_04,Regional College D (Teaching),teaching,3.46,58,1999,Civil Engineering,STEM
S201702144,2017,0,F,0,White,NY,INST_01,State University A (Research),research,2.6,52,1999,Spanish,Humanities
S201702145,2017,1,F,0,White,OH,INST_05,Urban University E (Research),research,3.78,36,1999,Nursing,Health
S201702146,2017,0,F,0,Multi,OH,INST_01,State University A (Research),research,3.1,36,1999,Political Science,Social Sciences
S201702147,2017,0,M,1,White,IL,INST_03,Regional College C (Teaching),teaching,2.93,44,1999,Nursing,Health
S201702148,2017,0,M,1,AIAN,PA,INST_04,Regional College D (Teaching),teaching,3.09,35,1999,Electrical Engineering,STEM
S201702149,2017,0,M,0,White,CA,INST_04,Regional College D (Teaching),teaching,3.47,15,1999,Civil Engineering,STEM
S201702150,2017,1,M,0,White,VA,INST_01,State University A (Research),research,2.79,62,1999,Electrical Engineering,STEM
S201702151,2017,0,F,0,Multi,MI,INST_05,Urban University E (Research),research,3.85,33,1999,General Studies,Other
S201702152,2017,0,F,0,Hispanic,VA,INST_02,State University B (Research),research,3.06,39,1998,General Studies,Other
S201702153,2017,0,M,1,Black,FL,INST_05,Urban University E (Research),research,2.0,54,1999,Biomedical Engineering,STEM
S201702154,2017,0,F,1,White,OH,INST_03,Regional College C (Teaching),teaching,3.28,29,1999,General Studies,Other
S201702155,2017,0,M,0,White,IL,INST_01,State University A (Research),research,3.34,70,1999,Political Science,Social Sciences
S201702156,2017,1,M,1,White,OH,INST_01,State University A (Research),research,3.18,75,1999,Biomedical Engineering,STEM
S201702157,2017,1,M,0,Black,VA,INST_05,Urban University E (Research),research,2.62,45,1999,English,Humanities
S201702158,2017,0,F,0,Black,NC,INST_03,Regional College C (Teaching),teaching,3.59,51,1999,Marketing,Business
S201702159,2017,0,M,0,White,PA,INST_01,State University A (Research),research,3.65,73,1999,Civil Engineering,STEM
S201702160,2017,0,M,0,NHPI,PA,INST_04,Regional College D (Teaching),teaching,3.66,24,1999,Management,Business
S201702161,2017,1,M,0,Asian,PA,INST_05,Urban University E (Research),research,3.5,47,1999,Pre-Med,Health
S201702162,2017,0,F,0,White,NC,INST_04,Regional College D (Teaching),teaching,3.69,67,1999,English,Humanities
S201702163,2017,0,M,0,Unknown,IL,INST_01,State University A (Research),research,3.25,40,1999,Chemistry,STEM
S201702164,2017,0,M,1,White,FL,INST_03,Regional College C (Teaching),teaching,3.08,67,1999,Statistics,STEM
S201702165,2017,0,M,0,Hispanic,NC,INST_04,Regional College D (Teaching),teaching,3.29,64,1999,Mechanical Engineering,STEM
S201702166,2017,1,NB,1,Hispanic,NJ,INST_03,Regional College C (Teaching),teaching,3.29,11,1999,Kinesiology,Health
S201702167,2017,1,F,1,White,IL,INST_04,Regional College D (Teaching),teaching,2.99,64,1999,Nursing,Health
S201702168,2017,1,M,1,Multi,PA,INST_03,Regional College C (Teaching),teaching,3.18,62,1999,Education,Other
S201702169,2017,1,F,0,Unknown,MI,INST_01,State University A (Research),research,3.57,48,1999,Computer Science,STEM
S201702170,2017,1,M,0,White,FL,INST_02,State University B (Research),research,2.81,45,1999,Accounting,Business
S201702171,2017,0,M,0,Asian,OH,INST_01,State University A (Research),research,2.97,56,1999,Public Health,Health
S201702172,2017,0,F,0,White,TX,INST_04,Regional College D (Teaching),teaching,3.23,80,1999,Physics,STEM
S201702173,2017,1,M,0,White,FL,INST_04,Regional College D (Teaching),teaching,3.56,43,1999,Computer Science,STEM
S201702174,2017,1,M,1,Hispanic,NJ,INST_03,Regional College C (Teaching),teaching,2.98,74,1999,Biology,STEM
S201702175,2017,0,M,0,White,GA,INST_03,Regional College C (Teaching),teaching,3.54,59,1999,Art History,Humanities
S201702176,2017,0,F,0,Hispanic,NJ,INST_03,Regional College C (Teaching),teaching,3.49,38,1999,Sociology,Social Sciences
S201702177,2017,0,F,0,White,MI,INST_02,State University B (Research),research,3.27,43,1999,Finance,Business
S201702178,2017,1,F,0,White,FL,INST_05,Urban University E (Research),research,3.1,63,1999,Mathematics,STEM
S201702179,2017,0,F,1,White,NY,INST_01,State University A (Research),research,3.01,47,1999,Political Science,Social Sciences
S201702180,2017,0,F,1,White,OH,INST_05,Urban University E (Research),research,3.42,54,1999,Communications,Other
S201702181,2017,0,M,1,White,OH,INST_03,Regional College C (Teaching),teaching,2.63,42,1999,Management,Business
S201702182,2017,1,F,0,Hispanic,MI,INST_03,Regional College C (Teaching),teaching,3.49,25,1998,Kinesiology,Health
S201702183,2017,0,F,1,White,MI,INST_04,Regional College D (Teaching),teaching,3.31,53,1999,Communications,Other
S201702184,2017,1,M,1,Black,TX,INST_02,State University B (Research),research,3.88,10,1999,Philosophy,Humanities
S201702185,2017,1,F,1,Asian,GA,INST_01,State University A (Research),research,3.58,56,1999,Finance,Business
S201702186,2017,1,F,0,Asian,NJ,INST_03,Regional College C (Teaching),teaching,3.12,43,1999,Marketing,Business
S201702187,2017,0,M,0,Black,OH,INST_01,State University A (Research),research,3.19,45,1999,Public Health,Health
S201702188,2017,0,F,0,White,PA,INST_04,Regional College D (Teaching),teaching,2.58,61,1999,Management,Business
S201702189,2017,0,F,0,White,NJ,INST_03,Regional College C (Teaching),teaching,3.63,67,1999,Undeclared,Other
S201702190,2017,0,F,1,White,IL,INST_01,State University A (Research),research,2.81,67,1999,Economics,Social Sciences
S201702191,2017,1,F,0,Black,OH,INST_03,Regional College C (Teaching),teaching,2.93,58,1999,Finance,Business
S201702192,2017,0,F,0,White,MI,INST_02,State University B (Research),research,3.23,28,1999,Management,Business
S201702193,2017,0,M,1,Black,IL,INST_05,Urban University E (Research),research,4.0,57,1999,Management,Business
S201702194,2017,1,F,0,White,OH,INST_02,State University B (Research),research,3.15,81,1999,Biology,STEM
S201702195,2017,0,M,0,Unknown,PA,INST_01,State University A (Research),research,3.28,25,1999,Management,Business
S201702196,2017,0,M,1,Multi,GA,INST_01,State University A (Research),research,3.78,61,1999,Biomedical Engineering,STEM
S201702197,2017,0,M,0,Asian,FL,INST_03,Regional College C (Teaching),teaching,2.98,84,1999,Management,Business
S201702198,2017,1,M,0,White,NC,INST_02,State University B (Research),research,3.05,48,1999,Civil Engineering,STEM
S201702199,2017,0,M,1,White,MI,INST_03,Regional College C (Teaching),teaching,3.21,31,1999,Education,Other
S201702200,2017,1,M,0,Hispanic,VA,INST_03,Regional College C (Teaching),teaching,3.18,57,1999,Management,Business
S201702201,2017,0,F,0,White,FL,INST_01,State University A (Research),research,3.18,51,1999,Accounting,Business
S201702202,2017,1,F,1,White,IL,INST_04,Regional College D (Teaching),teaching,3.06,36,1999,Sociology,Social Sciences
S201702203,2017,1,M,0,White,NC,INST_04,Regional College D (Teaching),teaching,3.07,47,1999,Mathematics,STEM
S201702204,2017,0,M,1,White,MI,INST_03,Regional College C (Teaching),teaching,3.33,69,1999,Mathematics,STEM
S201702205,2017,0,F,0,Hispanic,NY,INST_01,State University A (Research),research,2.78,55,1999,Economics,Social Sciences
S201702206,2017,1,F,0,White,CA,INST_03,Regional College C (Teaching),teaching,3.62,49,1999,Public Health,Health
S201702207,2017,0,F,1,White,IL,INST_02,State University B (Research),research,3.5,50,1998,Kinesiology,Health
S201702208,2017,0,F,0,White,NY,INST_02,State University B (Research),research,3.23,26,1999,Public Health,Health
S201702209,2017,0,M,1,Multi,CA,INST_03,Regional College C (Teaching),teaching,4.0,15,1999,Electrical Engineering,STEM
S201702210,2017,0,M,0,White,FL,INST_03,Regional College C (Teaching),teaching,2.99,6,1999,Philosophy,Humanities
S201702211,2017,1,F,0,White,MI,INST_05,Urban University E (Research),research,3.35,33,1999,Finance,Business
S201702212,2017,1,M,1,Hispanic,NJ,INST_02,State University B (Research),research,2.99,79,1999,Chemistry,STEM
S201702213,2017,0,M,1,Unknown,GA,INST_01,State University A (Research),research,3.36,54,1999,Education,Other
S201702214,2017,1,M,0,White,NC,INST_05,Urban University E (Research),research,2.56,38,1999,Mathematics,STEM
S201702215,2017,1,F,0,Hispanic,PA,INST_04,Regional College D (Teaching),teaching,2.66,67,1999,Spanish,Humanities
S201702216,2017,0,M,0,White,MI,INST_01,State University A (Research),research,3.58,63,1999,Economics-Bus,Business
S201702217,2017,0,F,0,Black,NJ,INST_02,State University B (Research),research,3.79,83,1999,Political Science,Social Sciences
S201702218,2017,0,F,0,White,OH,INST_02,State University B (Research),research,3.02,59,1999,Accounting,Business
S201702219,2017,0,F,0,Asian,NC,INST_01,State University A (Research),research,3.27,11,1999,Pre-Med,Health
S201702220,2017,0,F,0,Asian,VA,INST_04,Regional College D (Teaching),teaching,3.14,89,1999,Civil Engineering,STEM
S201702221,2017,1,F,0,Black,GA,INST_02,State University B (Research),research,3.7,39,1999,Political Science,Social Sciences
S201702222,2017,0,M,1,Asian,GA,INST_04,Regional College D (Teaching),teaching,2.82,60,1999,Mathematics,STEM
S201702223,2017,0,M,0,White,VA,INST_02,State University B (Research),research,2.92,60,1999,Public Health,Health
S201702224,2017,1,F,0,White,OH,INST_04,Regional College D (Teaching),teaching,2.84,58,1999,Electrical Engineering,STEM
S201702225,2017,0,F,0,Multi,FL,INST_01,State University A (Research),research,2.29,41,1999,Biology,STEM
S201702226,2017,0,F,0,White,VA,INST_04,Regional College D (Teaching),teaching,2.86,46,1999,Psychology,Social Sciences
S201702227,2017,1,F,0,Asian,CA,INST_02,State University B (Research),research,3.13,60,1999,Biomedical Engineering,STEM
S201702228,2017,0,M,0,White,MI,INST_04,Regional College D (Teaching),teaching,3.61,86,1999,Marketing,Business
S201702229,2017,1,M,0,Asian,VA,INST_04,Regional College D (Teaching),teaching,2.83,92,1999,Anthropology,Social Sciences
S201702230,2017,0,M,1,White,OH,INST_01,State University A (Research),research,2.78,57,1999,Mechanical Engineering,STEM
S201702231,2017,1,M,0,Multi,NY,INST_02,State University B (Research),research,3.91,54,1999,Economics,Social Sciences
S201702232,2017,0,M,0,Asian,FL,INST_03,Regional College C (Teaching),teaching,3.27,43,1999,Marketing,Business
S201702233,2017,0,M,0,White,CA,INST_05,Urban University E (Research),research,4.0,24,1999,Civil Engineering,STEM
S201702234,2017,0,F,1,Black,FL,INST_01,State University A (Research),research,2.48,12,1999,Statistics,STEM
S201702235,2017,0,M,0,Black,TX,INST_01,State University A (Research),research,2.61,63,1999,Nursing,Health
S201702236,2017,1,F,1,White,FL,INST_04,Regional College D (Teaching),teaching,2.92,49,1999,Kinesiology,Health
S201702237,2017,1,M,1,White,GA,INST_05,Urban University E (Research),research,2.75,68,1999,Sociology,Social Sciences
S201702238,2017,1,M,0,White,MI,INST_05,Urban University E (Research),research,3.42,69,1999,Nursing,Health
S201702239,2017,0,F,1,Black,PA,INST_02,State University B (Research),research,3.01,70,1999,Electrical Engineering,STEM
S201702240,2017,1,F,1,White,FL,INST_05,Urban University E (Research),research,2.82,31,1999,Political Science,Social Sciences
S201702241,2017,1,M,0,Asian,CA,INST_04,Regional College D (Teaching),teaching,3.23,87,1999,Education,Other
S201702242,2017,1,M,1,Black,GA,INST_05,Urban University E (Research),research,4.0,36,1999,Communications,Other
S201702243,2017,1,F,0,Asian,CA,INST_05,Urban University E (Research),research,2.96,63,1999,Civil Engineering,STEM
S201702244,2017,0,F,0,Multi,VA,INST_02,State University B (Research),research,3.65,59,1999,Computer Science,STEM
S201702245,2017,0,F,0,Hispanic,IL,INST_05,Urban University E (Research),research,3.46,47,1999,History,Humanities
S201702246,2017,0,F,1,Hispanic,IL,INST_05,Urban University E (Research),research,2.37,60,1999,Management,Business
S201702247,2017,1,F,0,Hispanic,IL,INST_04,Regional College D (Teaching),teaching,3.73,69,1999,Sociology,Social Sciences
S201702248,2017,0,F,1,White,MI,INST_01,State University A (Research),research,3.54,82,1999,Art History,Humanities
S201702249,2017,1,F,1,White,IL,INST_02,State University B (Research),research,3.84,73,1999,Statistics,STEM
S201702250,2017,0,M,0,Hispanic,MI,INST_05,Urban University E (Research),research,3.44,52,1999,Accounting,Business
S201702251,2017,0,M,0,White,CA,INST_02,State University B (Research),research,3.64,45,1999,Nursing,Health
S201702252,2017,0,F,0,White,FL,INST_04,Regional College D (Teaching),teaching,3.03,90,1999,Civil Engineering,STEM
S201702253,2017,1,M,1,White,MI,INST_05,Urban University E (Research),research,3.41,87,1999,Philosophy,Humanities
S201702254,2017,0,F,1,Black,NJ,INST_04,Regional College D (Teaching),teaching,3.67,95,1999,Nursing,Health
S201702255,2017,1,F,1,Hispanic,GA,INST_04,Regional College D (Teaching),teaching,2.71,50,1999,Philosophy,Humanities
S201702256,2017,1,F,0,White,FL,INST_04,Regional College D (Teaching),teaching,3.35,87,1999,Finance,Business
S201702257,2017,0,M,1,Hispanic,MI,INST_04,Regional College D (Teaching),teaching,3.35,59,1999,Anthropology,Social Sciences
S201702258,2017,0,M,0,Black,CA,INST_01,State University A (Research),research,2.88,49,1999,Art History,Humanities
S201702259,2017,1,F,0,Asian,NJ,INST_02,State University B (Research),research,3.7,48,1999,Sociology,Social Sciences
S201702260,2017,1,M,1,Hispanic,VA,INST_04,Regional College D (Teaching),teaching,3.31,68,1999,General Studies,Other
S201702261,2017,1,F,0,White,CA,INST_02,State University B (Research),research,3.1,78,1999,Public Health,Health
S201702262,2017,0,M,0,White,IL,INST_02,State University B (Research),research,3.78,28,1999,Education,Other
S201702263,2017,0,M,1,White,NJ,INST_01,State University A (Research),research,3.41,60,1999,Marketing,Business
S201702264,2017,0,M,0,Unknown,NC,INST_02,State University B (Research),research,3.08,24,1999,Electrical Engineering,STEM
S201702265,2017,1,F,1,White,PA,INST_03,Regional College C (Teaching),teaching,4.0,55,1999,Mathematics,STEM
S201702266,2017,0,M,0,White,CA,INST_03,Regional College C (Teaching),teaching,3.22,47,1999,Electrical Engineering,STEM
S201702267,2017,0,M,0,White,NC,INST_02,State University B (Research),research,2.95,65,1999,Economics,Social Sciences
S201702268,2017,1,M,0,White,GA,INST_03,Regional College C (Teaching),teaching,2.93,45,1999,Economics-Bus,Business
S201702269,2017,1,F,0,White,NC,INST_02,State University B (Research),research,3.6,51,1999,Art History,Humanities
S201702270,2017,0,NB,0,White,VA,INST_05,Urban University E (Research),research,3.18,63,1999,Mechanical Engineering,STEM
S201702271,2017,0,M,1,Hispanic,NC,INST_03,Regional College C (Teaching),teaching,3.31,41,1999,Economics,Social Sciences
S201702272,2017,0,M,0,Multi,PA,INST_05,Urban University E (Research),research,3.92,59,1999,History,Humanities
S201702273,2017,0,M,1,White,CA,INST_01,State University A (Research),research,3.13,72,1999,Political Science,Social Sciences
S201702274,2017,1,F,0,Black,TX,INST_05,Urban University E (Research),research,3.64,46,1999,Chemistry,STEM
S201702275,2017,1,F,0,Hispanic,NC,INST_01,State University A (Research),research,3.73,76,1999,Computer Science,STEM
S201702276,2017,0,M,0,White,NY,INST_02,State University B (Research),research,3.1,44,1999,Kinesiology,Health
S201702277,2017,0,M,0,White,NC,INST_05,Urban University E (Research),research,3.91,39,1999,Sociology,Social Sciences
S201702278,2017,1,M,0,White,VA,INST_04,Regional College D (Teaching),teaching,3.46,61,1999,Communications,Other
S201702279,2017,0,M,0,White,NJ,INST_01,State University A (Research),research,2.55,78,1999,Public Health,Health
S201702280,2017,0,M,0,Black,NC,INST_03,Regional College C (Teaching),teaching,2.97,41,1999,Pre-Med,Health
S201702281,2017,0,M,1,White,NC,INST_05,Urban University E (Research),research,2.94,72,1999,Statistics,STEM
S201702282,2017,1,M,0,White,CA,INST_04,Regional College D (Teaching),teaching,3.09,89,1999,Biomedical Engineering,STEM
S201702283,2017,0,F,0,Hispanic,FL,INST_04,Regional College D (Teaching),teaching,2.92,63,1999,Mathematics,STEM
S201702284,2017,0,F,0,White,NJ,INST_02,State University B (Research),research,2.84,3,1999,Marketing,Business
S201702285,2017,0,M,1,Black,NJ,INST_05,Urban University E (Research),research,2.54,54,1999,Sociology,Social Sciences
S201702286,2017,0,M,0,White,NC,INST_03,Regional College C (Teaching),teaching,3.5,40,1999,Psychology,Social Sciences
S201702287,2017,1,M,1,White,FL,INST_02,State University B (Research),research,3.13,23,1999,Nursing,Health
S201702288,2017,0,F,0,Asian,NY,INST_03,Regional College C (Teaching),teaching,2.02,65,1999,Management,Business
S201702289,2017,1,M,0,White,NC,INST_02,State University B (Research),research,3.27,55,1999,Electrical Engineering,STEM
S201702290,2017,1,F,0,White,IL,INST_04,Regional College D (Teaching),teaching,3.64,90,1999,Nursing,Health
S201702291,2017,0,M,0,White,MI,INST_01,State University A (Research),research,3.01,59,1999,Kinesiology,Health
S201702292,2017,1,F,1,White,NY,INST_01,State University A (Research),research,3.81,99,1999,Physics,STEM
S201702293,2017,0,M,0,White,NJ,INST_01,State University A (Research),research,3.02,50,1999,Statistics,STEM
S201702294,2017,0,F,0,Black,TX,INST_01,State University A (Research),research,3.0,68,1999,Communications,Other
S201702295,2017,0,F,1,White,OH,INST_03,Regional College C (Teaching),teaching,2.97,73,1999,Electrical Engineering,STEM
S201702296,2017,1,F,0,White,TX,INST_03,Regional College C (Teaching),teaching,3.16,29,1999,Electrical Engineering,STEM
S201702297,2017,0,M,0,White,MI,INST_02,State University B (Research),research,3.13,54,1999,General Studies,Other
S201702298,2017,0,F,1,White,GA,INST_01,State University A (Research),research,3.04,22,1999,Marketing,Business
S201702299,2017,1,F,0,Asian,PA,INST_04,Regional College D (Teaching),teaching,2.88,52,1998,Biology,STEM
S201702300,2017,1,F,1,White,PA,INST_03,Regional College C (Teaching),teaching,2.87,21,1999,Kinesiology,Health
S201702301,2017,0,F,0,White,NJ,INST_04,Regional College D (Teaching),teaching,3.15,37,1999,Economics-Bus,Business
S201702302,2017,0,M,0,White,FL,INST_01,State University A (Research),research,2.61,51,1999,Nursing,Health
S201702303,2017,1,M,1,Asian,PA,INST_04,Regional College D (Teaching),teaching,3.73,19,1999,Communications,Other
S201702304,2017,0,F,0,Black,IL,INST_01,State University A (Research),research,3.41,92,1999,Economics,Social Sciences
S201702305,2017,1,F,1,White,CA,INST_03,Regional College C (Teaching),teaching,4.0,70,1999,Chemistry,STEM
S201702306,2017,0,F,1,White,FL,INST_04,Regional College D (Teaching),teaching,3.88,54,1999,Marketing,Business
S201702307,2017,1,F,0,White,NC,INST_02,State University B (Research),research,2.8,62,1999,Anthropology,Social Sciences
S201702308,2017,0,F,0,Hispanic,VA,INST_04,Regional College D (Teaching),teaching,3.44,76,1999,Anthropology,Social Sciences
S201702309,2017,0,F,0,White,GA,INST_02,State University B (Research),research,3.91,64,1999,Economics,Social Sciences
S201702310,2017,0,F,0,White,TX,INST_01,State University A (Research),research,3.67,61,1999,Biology,STEM
S201702311,2017,1,F,1,White,FL,INST_05,Urban University E (Research),research,3.09,71,1999,Finance,Business
S201702312,2017,0,M,0,Asian,GA,INST_02,State University B (Research),research,2.83,35,1999,Chemistry,STEM
S201702313,2017,0,F,0,White,MI,INST_01,State University A (Research),research,2.72,44,1999,Biomedical Engineering,STEM
S201702314,2017,0,M,0,Hispanic,NY,INST_02,State University B (Research),research,4.0,59,1999,General Studies,Other
S201702315,2017,0,F,0,Unknown,IL,INST_03,Regional College C (Teaching),teaching,3.89,69,1999,Physics,STEM
S201702316,2017,1,M,0,Hispanic,PA,INST_03,Regional College C (Teaching),teaching,2.77,58,1999,Biomedical Engineering,STEM
S201702317,2017,1,M,0,Black,NJ,INST_02,State University B (Research),research,3.39,69,1998,Marketing,Business
S201702318,2017,0,F,0,White,IL,INST_02,State University B (Research),research,3.52,44,1999,General Studies,Other
S201702319,2017,0,F,0,White,CA,INST_04,Regional College D (Teaching),teaching,2.95,64,1999,Nursing,Health
S201702320,2017,0,F,0,White,CA,INST_01,State University A (Research),research,3.42,41,1999,Nursing,Health
S201702321,2017,0,M,0,Hispanic,VA,INST_05,Urban University E (Research),research,3.35,70,1999,Undeclared,Other
S201702322,2017,0,M,0,White,TX,INST_03,Regional College C (Teaching),teaching,3.3,60,1999,Biomedical Engineering,STEM
S201702323,2017,0,F,0,White,NJ,INST_05,Urban University E (Research),research,2.95,68,1999,Political Science,Social Sciences
S201702324,2017,0,F,0,White,PA,INST_02,State University B (Research),research,3.14,60,1999,Political Science,Social Sciences
S201702325,2017,0,F,0,Black,NY,INST_01,State University A (Research),research,2.48,43,1999,Psychology,Social Sciences
S201702326,2017,0,M,1,White,NJ,INST_02,State University B (Research),research,3.34,28,1998,Art History,Humanities
S201702327,2017,0,F,0,White,TX,INST_04,Regional College D (Teaching),teaching,3.24,51,1999,Accounting,Business
S201702328,2017,1,F,1,White,IL,INST_04,Regional College D (Teaching),teaching,2.93,68,1999,Management,Business
S201702329,2017,0,F,1,Multi,VA,INST_05,Urban University E (Research),research,2.55,58,1999,Economics-Bus,Business
S201702330,2017,1,F,0,White,PA,INST_03,Regional College C (Teaching),teaching,2.57,73,1999,Public Health,Health
S201702331,2017,0,F,0,White,NJ,INST_04,Regional College D (Teaching),teaching,2.9,47,1999,Communications,Other
S201702332,2017,0,M,0,White,OH,INST_05,Urban University E (Research),research,3.09,99,1999,Undeclared,Other
S201702333,2017,0,M,0,White,NJ,INST_01,State University A (Research),research,2.93,63,1999,Marketing,Business
S201702334,2017,1,F,0,NHPI,MI,INST_02,State University B (Research),research,3.14,72,1999,Electrical Engineering,STEM
S201702335,2017,1,M,0,Hispanic,NY,INST_05,Urban University E (Research),research,2.45,58,1999,Finance,Business
S201702336,2017,0,M,1,Black,NY,INST_01,State University A (Research),research,3.09,33,1999,Finance,Business
S201702337,2017,0,F,0,White,CA,INST_03,Regional College C (Teaching),teaching,3.71,29,1999,Accounting,Business
S201702338,2017,0,M,0,Multi,TX,INST_04,Regional College D (Teaching),teaching,3.45,55,1999,Finance,Business
S201702339,2017,1,M,0,Black,PA,INST_03,Regional College C (Teaching),teaching,3.42,36,1998,Biology,STEM
S201702340,2017,1,F,0,Hispanic,MI,INST_03,Regional College C (Teaching),teaching,3.05,49,1999,Statistics,STEM
S201702341,2017,1,M,1,Asian,GA,INST_01,State University A (Research),research,4.0,55,1999,Mechanical Engineering,STEM
S201702342,2017,0,F,1,Hispanic,FL,INST_01,State University A (Research),research,4.0,67,1999,Economics-Bus,Business
S201702343,2017,0,M,0,Black,NJ,INST_01,State University A (Research),research,3.43,51,1999,Biomedical Engineering,STEM
S201702344,2017,0,M,0,White,GA,INST_02,State University B (Research),research,3.28,52,1999,Biology,STEM
S201702345,2017,0,F,0,Asian,NC,INST_05,Urban University E (Research),research,2.89,3,1999,English,Humanities
S201702346,2017,0,F,0,White,OH,INST_03,Regional College C (Teaching),teaching,3.0,83,1998,General Studies,Other
S201702347,2017,0,F,1,Hispanic,TX,INST_02,State University B (Research),research,3.39,61,1999,Psychology,Social Sciences
S201702348,2017,0,F,0,White,IL,INST_04,Regional College D (Teaching),teaching,2.84,59,1999,Psychology,Social Sciences
S201702349,2017,0,F,0,White,GA,INST_04,Regional College D (Teaching),teaching,2.73,79,1999,Finance,Business
S201702350,2017,1,M,1,Hispanic,CA,INST_05,Urban University E (Research),research,3.28,76,1999,Mathematics,STEM
S201702351,2017,0,F,0,Hispanic,OH,INST_01,State University A (Research),research,2.85,63,1999,Art History,Humanities
S201702352,2017,1,M,0,White,VA,INST_03,Regional College C (Teaching),teaching,2.48,67,1999,Sociology,Social Sciences
S201702353,2017,1,F,0,Asian,MI,INST_03,Regional College C (Teaching),teaching,3.69,44,1999,Psychology,Social Sciences
S201702354,2017,0,F,0,Multi,VA,INST_03,Regional College C (Teaching),teaching,3.87,10,1999,Accounting,Business
S201702355,2017,0,F,1,White,VA,INST_03,Regional College C (Teaching),teaching,4.0,62,1999,Undeclared,Other
S201702356,2017,0,M,1,Black,GA,INST_01,State University A (Research),research,2.98,41,1999,Economics-Bus,Business
S201702357,2017,1,F,0,Multi,CA,INST_04,Regional College D (Teaching),teaching,3.09,50,1999,Economics,Social Sciences
S201702358,2017,1,F,0,Black,NJ,INST_04,Regional College D (Teaching),teaching,3.04,70,1999,Spanish,Humanities
S201702359,2017,0,M,0,White,NJ,INST_05,Urban University E (Research),research,2.72,26,1999,Computer Science,STEM
S201702360,2017,1,M,0,White,GA,INST_02,State University B (Research),research,2.63,63,1998,Economics,Social Sciences
S201702361,2017,1,M,1,Black,IL,INST_02,State University B (Research),research,1.83,75,1999,Spanish,Humanities
S201702362,2017,0,F,1,Multi,FL,INST_05,Urban University E (Research),research,3.41,59,1999,Public Health,Health
S201702363,2017,0,M,0,White,MI,INST_04,Regional College D (Teaching),teaching,3.76,35,1999,English,Humanities
S201702364,2017,0,F,0,Hispanic,MI,INST_04,Regional College D (Teaching),teaching,3.13,80,1999,Statistics,STEM
S201702365,2017,1,F,0,White,NJ,INST_04,Regional College D (Teaching),teaching,2.52,59,1999,Accounting,Business
S201702366,2017,1,F,0,White,NJ,INST_01,State University A (Research),research,2.67,39,1999,Chemistry,STEM
S201702367,2017,0,M,0,White,VA,INST_03,Regional College C (Teaching),teaching,3.75,56,1999,Spanish,Humanities
S201702368,2017,0,F,0,White,IL,INST_01,State University A (Research),research,2.55,71,1999,Computer Science,STEM
S201702369,2017,1,M,0,Hispanic,OH,INST_04,Regional College D (Teaching),teaching,3.07,79,1999,Mechanical Engineering,STEM
S201702370,2017,1,F,0,Black,OH,INST_03,Regional College C (Teaching),teaching,3.27,66,1999,Civil Engineering,STEM
S201702371,2017,1,M,1,White,TX,INST_01,State University A (Research),research,3.63,26,1999,Management,Business
S201702372,2017,1,M,0,White,FL,INST_04,Regional College D (Teaching),teaching,3.65,79,1999,Chemistry,STEM
S201702373,2017,0,F,0,White,FL,INST_02,State University B (Research),research,2.81,47,1999,Economics-Bus,Business
S201702374,2017,0,F,0,Asian,FL,INST_05,Urban University E (Research),research,2.96,19,1999,Public Health,Health
S201702375,2017,0,F,0,White,FL,INST_04,Regional College D (Teaching),teaching,2.92,45,1999,Pre-Med,Health
S201702376,2017,1,F,0,White,IL,INST_04,Regional College D (Teaching),teaching,3.35,20,1999,Nursing,Health
S201702377,2017,0,F,0,White,CA,INST_03,Regional College C (Teaching),teaching,2.23,47,1998,Pre-Med,Health
S201702378,2017,0,M,0,Hispanic,NJ,INST_02,State University B (Research),research,2.77,50,1999,Economics,Social Sciences
S201702379,2017,0,F,0,White,NC,INST_04,Regional College D (Teaching),teaching,3.56,36,1999,Psychology,Social Sciences
S201702380,2017,0,F,1,White,NC,INST_03,Regional College C (Teaching),teaching,3.02,61,1999,Marketing,Business
S201702381,2017,1,F,1,Black,NY,INST_05,Urban University E (Research),research,3.29,46,1999,Statistics,STEM
S201702382,2017,1,F,0,White,IL,INST_05,Urban University E (Research),research,3.98,41,1999,Economics,Social Sciences
S201702383,2017,0,M,1,White,VA,INST_04,Regional College D (Teaching),teaching,3.49,65,1999,English,Humanities
S201702384,2017,0,M,0,Hispanic,TX,INST_03,Regional College C (Teaching),teaching,3.58,3,1999,Undeclared,Other
S201702385,2017,0,M,0,Hispanic,NY,INST_05,Urban University E (Research),research,3.66,11,1999,Public Health,Health
S201702386,2017,1,M,0,Hispanic,MI,INST_01,State University A (Research),research,3.76,67,1999,Kinesiology,Health
S201702387,2017,0,M,1,Black,MI,INST_01,State University A (Research),research,3.26,27,1999,Economics-Bus,Business
S201702388,2017,0,M,0,Hispanic,OH,INST_04,Regional College D (Teaching),teaching,3.04,40,1999,English,Humanities
S201702389,2017,0,M,0,Multi,IL,INST_03,Regional College C (Teaching),teaching,3.28,38,1999,History,Humanities
S201702390,2017,0,M,0,AIAN,NJ,INST_03,Regional College C (Teaching),teaching,3.42,49,1999,Physics,STEM
S201702391,2017,1,F,0,White,OH,INST_02,State University B (Research),research,3.55,27,1999,Chemistry,STEM
S201702392,2017,0,F,1,White,VA,INST_03,Regional College C (Teaching),teaching,3.18,76,1999,Political Science,Social Sciences
S201702393,2017,0,F,0,White,CA,INST_01,State University A (Research),research,3.38,73,1999,Philosophy,Humanities
S201702394,2017,0,F,0,Hispanic,NJ,INST_05,Urban University E (Research),research,2.39,62,1999,Communications,Other
S201702395,2017,0,M,0,Black,TX,INST_02,State University B (Research),research,3.35,89,1999,Kinesiology,Health
S201702396,2017,1,F,0,White,MI,INST_04,Regional College D (Teaching),teaching,3.15,28,1999,English,Humanities
S201702397,2017,0,F,0,Black,GA,INST_05,Urban University E (Research),research,3.49,52,1999,Nursing,Health
S201702398,2017,1,M,0,Hispanic,TX,INST_01,State University A (Research),research,3.08,81,1999,Pre-Med,Health
S201702399,2017,1,M,0,White,OH,INST_01,State University A (Research),research,3.93,48,1999,Economics,Social Sciences
S201702400,2017,0,F,0,Hispanic,NC,INST_05,Urban University E (Research),research,3.76,53,1999,Kinesiology,Health
S201702401,2017,0,M,0,White,FL,INST_02,State University B (Research),research,2.66,73,1999,General Studies,Other
S201702402,2017,1,F,1,Black,PA,INST_02,State University B (Research),research,2.51,39,1999,Pre-Med,Health
S201702403,2017,0,F,1,Hispanic,NY,INST_04,Regional College D (Teaching),teaching,3.38,43,1999,Spanish,Humanities
S201702404,2017,1,M,0,Black,NJ,INST_04,Regional College D (Teaching),teaching,3.12,99,1999,Communications,Other
S201702405,2017,1,F,0,White,NC,INST_04,Regional College D (Teaching),teaching,2.8,34,1998,Accounting,Business
S201702406,2017,0,M,1,Black,NJ,INST_03,Regional College C (Teaching),teaching,3.25,56,1999,Finance,Business
S201702407,2017,0,M,0,Black,MI,INST_02,State University B (Research),research,2.45,53,1999,Marketing,Business
S201702408,2017,0,M,0,Black,VA,INST_02,State University B (Research),research,3.33,47,1999,Management,Business
S201702409,2017,0,M,0,White,NJ,INST_04,Regional College D (Teaching),teaching,2.7,77,1999,Kinesiology,Health
S201702410,2017,0,M,0,Asian,IL,INST_03,Regional College C (Teaching),teaching,3.96,53,1999,Public Health,Health
S201702411,2017,0,M,0,Black,PA,INST_04,Regional College D (Teaching),teaching,3.35,43,1999,Kinesiology,Health
S201702412,2017,0,F,0,White,CA,INST_01,State University A (Research),research,3.16,37,1999,Public Health,Health
S201702413,2017,0,M,0,Black,NJ,INST_03,Regional College C (Teaching),teaching,2.71,57,1999,Electrical Engineering,STEM
S201702414,2017,1,F,0,Multi,VA,INST_01,State University A (Research),research,3.01,58,1999,Nursing,Health
S201702415,2017,1,M,0,White,OH,INST_03,Regional College C (Teaching),teaching,2.97,73,1999,Undeclared,Other
S201702416,2017,1,F,0,White,OH,INST_04,Regional College D (Teaching),teaching,3.25,65,1999,Computer Science,STEM
S201702417,2017,0,M,0,White,NJ,INST_03,Regional College C (Teaching),teaching,3.07,48,1999,Economics,Social Sciences
S201702418,2017,0,F,1,White,NJ,INST_03,Regional College C (Teaching),teaching,3.65,50,1999,Mathematics,STEM
S201702419,2017,1,M,1,White,CA,INST_02,State University B (Research),research,3.31,74,1999,Psychology,Social Sciences
S201702420,2017,0,F,0,White,NY,INST_03,Regional College C (Teaching),teaching,3.11,49,1999,Kinesiology,Health
S201702421,2017,0,F,1,White,NC,INST_01,State University A (Research),research,3.33,43,1999,Economics-Bus,Business
S201702422,2017,0,F,1,Hispanic,GA,INST_05,Urban University E (Research),research,3.14,48,1999,Kinesiology,Health
S201702423,2017,0,F,0,Asian,GA,INST_03,Regional College C (Teaching),teaching,3.44,78,1999,Psychology,Social Sciences
S201702424,2017,0,F,0,White,PA,INST_01,State University A (Research),research,2.59,70,1999,Psychology,Social Sciences
S201702425,2017,0,M,0,Asian,IL,INST_02,State University B (Research),research,2.21,45,1999,Public Health,Health
S201702426,2017,1,F,1,White,NC,INST_03,Regional College C (Teaching),teaching,3.32,60,1999,History,Humanities
S201702427,2017,0,M,0,Hispanic,MI,INST_03,Regional College C (Teaching),teaching,2.97,42,1999,Biology,STEM
S201702428,2017,1,F,0,White,IL,INST_03,Regional College C (Teaching),teaching,2.77,33,1999,Undeclared,Other
S201702429,2017,1,NB,1,White,NC,INST_02,State University B (Research),research,3.58,86,1999,Statistics,STEM
S201702430,2017,1,F,0,Hispanic,PA,INST_04,Regional College D (Teaching),teaching,3.73,48,1999,Psychology,Social Sciences
S201702431,2017,1,M,0,Hispanic,NJ,INST_03,Regional College C (Teaching),teaching,3.64,84,1999,Biomedical Engineering,STEM
S201702432,2017,0,F,0,White,TX,INST_03,Regional College C (Teaching),teaching,3.4,30,1999,Nursing,Health
S201702433,2017,1,F,0,White,FL,INST_02,State University B (Research),research,2.82,73,1999,Computer Science,STEM
S201702434,2017,0,NB,0,White,TX,INST_04,Regional College D (Teaching),teaching,3.2,54,1999,Civil Engineering,STEM
S201702435,2017,0,F,0,White,MI,INST_04,Regional College D (Teaching),teaching,3.93,53,1999,Economics-Bus,Business
S201702436,2017,0,M,0,White,NY,INST_03,Regional College C (Teaching),teaching,3.69,61,1999,Pre-Med,Health
S201702437,2017,1,F,0,NHPI,NY,INST_03,Regional College C (Teaching),teaching,3.65,90,1999,Marketing,Business
S201702438,2017,1,NB,0,Hispanic,GA,INST_02,State University B (Research),research,3.4,95,1999,Marketing,Business
S201702439,2017,0,F,0,Hispanic,NC,INST_05,Urban University E (Research),research,3.79,56,1999,Civil Engineering,STEM
S201702440,2017,1,M,0,Black,NY,INST_04,Regional College D (Teaching),teaching,3.1,49,1999,Biology,STEM
S201702441,2017,0,F,1,White,OH,INST_03,Regional College C (Teaching),teaching,3.86,39,1999,Communications,Other
S201702442,2017,1,M,0,White,FL,INST_05,Urban University E (Research),research,3.17,63,1999,Biology,STEM
S201702443,2017,0,F,0,AIAN,FL,INST_05,Urban University E (Research),research,2.99,53,1999,Physics,STEM
S201702444,2017,1,F,1,Hispanic,NJ,INST_01,State University A (Research),research,4.0,41,1999,Computer Science,STEM
S201702445,2017,0,M,0,White,IL,INST_05,Urban University E (Research),research,3.62,15,1999,Biomedical Engineering,STEM
S201702446,2017,1,F,0,White,GA,INST_03,Regional College C (Teaching),teaching,3.65,69,1999,Nursing,Health
S201702447,2017,0,F,0,White,NC,INST_05,Urban University E (Research),research,3.89,41,1999,Education,Other
S201702448,2017,0,F,1,White,CA,INST_01,State University A (Research),research,2.9,59,1999,Biology,STEM
S201702449,2017,0,M,0,White,VA,INST_03,Regional College C (Teaching),teaching,3.64,47,1999,Accounting,Business
S201702450,2017,1,M,1,Multi,OH,INST_02,State University B (Research),research,3.37,3,1999,Communications,Other
S201702451,2017,0,M,1,White,FL,INST_02,State University B (Research),research,3.18,27,1999,Physics,STEM
S201702452,2017,0,M,0,Black,TX,INST_02,State University B (Research),research,3.97,48,1999,English,Humanities
S201702453,2017,0,F,1,Black,IL,INST_02,State University B (Research),research,3.74,39,1999,Public Health,Health
S201702454,2017,1,M,1,White,IL,INST_04,Regional College D (Teaching),teaching,2.78,32,1999,Chemistry,STEM
S201702455,2017,1,M,0,White,TX,INST_05,Urban University E (Research),research,4.0,55,1999,Mathematics,STEM
S201702456,2017,0,F,0,Hispanic,FL,INST_03,Regional College C (Teaching),teaching,2.75,73,1999,Pre-Med,Health
S201702457,2017,0,F,0,White,OH,INST_04,Regional College D (Teaching),teaching,3.11,48,1999,Anthropology,Social Sciences
S201702458,2017,0,F,0,White,IL,INST_04,Regional College D (Teaching),teaching,2.96,66,1999,Finance,Business
S201702459,2017,1,M,0,White,VA,INST_01,State University A (Research),research,3.12,45,1999,Education,Other
S201702460,2017,0,F,0,Hispanic,NY,INST_03,Regional College C (Teaching),teaching,2.54,50,1999,Education,Other
S201702461,2017,0,M,1,Asian,GA,INST_01,State University A (Research),research,3.54,58,1999,Statistics,STEM
S201702462,2017,0,M,0,White,NJ,INST_01,State University A (Research),research,3.74,72,1999,Nursing,Health
S201702463,2017,0,M,1,Black,GA,INST_05,Urban University E (Research),research,3.41,51,1999,Psychology,Social Sciences
S201702464,2017,1,M,0,White,MI,INST_05,Urban University E (Research),research,3.32,65,1999,Communications,Other
S201702465,2017,1,NB,0,White,FL,INST_03,Regional College C (Teaching),teaching,2.67,58,1999,Statistics,STEM
S201702466,2017,0,F,1,Hispanic,PA,INST_02,State University B (Research),research,2.99,41,1999,Undeclared,Other
S201702467,2017,1,M,0,Asian,CA,INST_02,State University B (Research),research,2.64,67,1999,Physics,STEM
S201702468,2017,1,M,1,Asian,VA,INST_04,Regional College D (Teaching),teaching,2.59,52,1999,Economics-Bus,Business
S201702469,2017,0,M,0,Hispanic,NC,INST_04,Regional College D (Teaching),teaching,3.77,85,1999,Civil Engineering,STEM
S201702470,2017,1,F,0,Hispanic,NJ,INST_04,Regional College D (Teaching),teaching,2.87,29,1999,Communications,Other
S201702471,2017,0,M,0,Hispanic,VA,INST_02,State University B (Research),research,2.98,39,1999,Psychology,Social Sciences
S201702472,2017,1,F,1,White,MI,INST_01,State University A (Research),research,2.9,44,1999,Biology,STEM
S201702473,2017,0,F,0,Multi,VA,INST_05,Urban University E (Research),research,3.24,87,1999,Economics,Social Sciences
S201702474,2017,0,F,0,White,TX,INST_02,State University B (Research),research,2.74,41,1999,General Studies,Other
S201702475,2017,0,M,0,Hispanic,NY,INST_02,State University B (Research),research,3.16,32,1999,Marketing,Business
S201702476,2017,0,M,0,White,TX,INST_01,State University A (Research),research,3.9,59,1999,Chemistry,STEM
S201702477,2017,0,M,0,Black,NY,INST_01,State University A (Research),research,2.85,53,1999,Accounting,Business
S201702478,2017,1,F,0,Hispanic,MI,INST_03,Regional College C (Teaching),teaching,2.83,69,1999,Pre-Med,Health
S201702479,2017,0,M,0,White,NY,INST_05,Urban University E (Research),research,2.66,22,1999,Psychology,Social Sciences
S201702480,2017,0,M,1,White,TX,INST_04,Regional College D (Teaching),teaching,3.02,72,1999,Marketing,Business
S201702481,2017,0,F,1,Hispanic,NC,INST_03,Regional College C (Teaching),teaching,3.18,9,1999,History,Humanities
S201702482,2017,0,M,0,Multi,MI,INST_03,Regional College C (Teaching),teaching,4.0,59,1999,Economics-Bus,Business
S201702483,2017,0,F,1,White,GA,INST_05,Urban University E (Research),research,3.26,94,1999,Kinesiology,Health
S201702484,2017,0,F,0,White,TX,INST_01,State University A (Research),research,3.22,60,1999,Anthropology,Social Sciences
S201702485,2017,0,F,0,White,FL,INST_04,Regional College D (Teaching),teaching,3.16,43,1999,Computer Science,STEM
S201702486,2017,0,F,0,Unknown,NC,INST_05,Urban University E (Research),research,4.0,31,1999,Statistics,STEM
S201702487,2017,0,F,1,White,OH,INST_03,Regional College C (Teaching),teaching,3.1,77,1999,History,Humanities
S201702488,2017,0,M,0,Asian,FL,INST_04,Regional College D (Teaching),teaching,3.49,44,1999,Philosophy,Humanities
S201702489,2017,0,M,0,Black,GA,INST_05,Urban University E (Research),research,2.6,57,1999,History,Humanities
S201702490,2017,0,F,1,White,PA,INST_03,Regional College C (Teaching),teaching,2.79,62,1999,Biomedical Engineering,STEM
S201702491,2017,0,M,0,AIAN,IL,INST_02,State University B (Research),research,3.46,53,1999,English,Humanities
S201702492,2017,1,M,0,Black,MI,INST_02,State University B (Research),research,3.06,70,1999,Nursing,Health
S201702493,2017,0,F,0,White,FL,INST_02,State University B (Research),research,3.27,71,1999,Kinesiology,Health
S201702494,2017,1,M,0,White,MI,INST_05,Urban University E (Research),research,2.9,59,1999,Sociology,Social Sciences
S201702495,2017,0,F,0,White,GA,INST_04,Regional College D (Teaching),teaching,2.82,47,1999,Management,Business
S201702496,2017,1,M,1,Asian,IL,INST_02,State University B (Research),research,3.09,79,1999,Civil Engineering,STEM
S201702497,2017,0,F,0,White,IL,INST_03,Regional College C (Teaching),teaching,3.4,60,1999,Chemistry,STEM
S201702498,2017,1,F,0,White,IL,INST_04,Regional College D (Teaching),teaching,2.47,44,1999,Sociology,Social Sciences
S201702499,2017,0,M,0,White,OH,INST_05,Urban University E (Research),research,3.47,65,1999,Psychology,Social Sciences
S201702500,2017,0,M,1,Hispanic,OH,INST_02,State University B (Research),research,2.65,68,1999,Management,Business
S201702501,2017,0,M,0,Hispanic,VA,INST_04,Regional College D (Teaching),teaching,3.33,60,1999,General Studies,Other
S201702502,2017,0,M,0,White,TX,INST_03,Regional College C (Teaching),teaching,3.25,41,1999,History,Humanities
S201702503,2017,0,M,1,Black,NC,INST_04,Regional College D (Teaching),teaching,3.37,43,1999,Spanish,Humanities
S201702504,2017,0,F,1,White,FL,INST_05,Urban University E (Research),research,3.39,22,1999,Economics-Bus,Business
S201702505,2017,0,F,1,Hispanic,OH,INST_02,State University B (Research),research,2.92,31,1999,Kinesiology,Health
S201702506,2017,1,F,0,Hispanic,PA,INST_05,Urban University E (Research),research,3.28,73,1999,Management,Business
S201702507,2017,1,F,1,Hispanic,TX,INST_03,Regional College C (Teaching),teaching,4.0,52,1999,Psychology,Social Sciences
S201702508,2017,1,M,0,White,NC,INST_03,Regional College C (Teaching),teaching,3.75,57,1999,English,Humanities
S201702509,2017,0,M,0,White,VA,INST_04,Regional College D (Teaching),teaching,3.4,66,1999,Mathematics,STEM
S201702510,2017,0,M,0,Black,TX,INST_04,Regional College D (Teaching),teaching,3.98,60,1999,Biomedical Engineering,STEM
S201702511,2017,1,M,1,Black,TX,INST_05,Urban University E (Research),research,2.83,72,1999,Psychology,Social Sciences
S201702512,2017,1,F,0,Hispanic,FL,INST_01,State University A (Research),research,3.12,37,1999,Biomedical Engineering,STEM
S201702513,2017,0,F,0,Multi,MI,INST_04,Regional College D (Teaching),teaching,3.67,40,1999,Management,Business
S201702514,2017,0,F,0,Multi,VA,INST_01,State University A (Research),research,3.16,45,1999,General Studies,Other
S201702515,2017,0,M,0,Hispanic,FL,INST_02,State University B (Research),research,2.75,57,1999,Education,Other
S201702516,2017,0,M,0,White,NY,INST_03,Regional College C (Teaching),teaching,3.59,56,1999,Accounting,Business
S201702517,2017,1,M,0,White,CA,INST_05,Urban University E (Research),research,3.34,54,1999,Public Health,Health
S201702518,2017,0,F,1,Hispanic,TX,INST_03,Regional College C (Teaching),teaching,2.77,24,1999,English,Humanities
S201702519,2017,0,F,0,Multi,NC,INST_04,Regional College D (Teaching),teaching,3.02,58,1999,Finance,Business
S201702520,2017,1,F,1,White,CA,INST_01,State University A (Research),research,3.73,41,1999,Statistics,STEM
S201702521,2017,0,F,0,Hispanic,VA,INST_03,Regional College C (Teaching),teaching,3.4,30,1999,Pre-Med,Health
S201702522,2017,0,M,0,Hispanic,FL,INST_01,State University A (Research),research,3.01,38,1999,Mathematics,STEM
S201702523,2017,0,M,1,Hispanic,IL,INST_02,State University B (Research),research,3.26,40,1999,Finance,Business
S201702524,2017,0,M,0,Asian,VA,INST_01,State University A (Research),research,2.8,65,1999,History,Humanities
S201702525,2017,1,M,0,Black,CA,INST_04,Regional College D (Teaching),teaching,2.58,60,1999,Sociology,Social Sciences
S201702526,2017,1,M,1,White,MI,INST_02,State University B (Research),research,3.97,36,1999,Education,Other
S201702527,2017,0,M,0,White,TX,INST_01,State University A (Research),research,2.37,62,1999,Accounting,Business
S201702528,2017,0,M,0,White,VA,INST_02,State University B (Research),research,3.15,74,1999,Public Health,Health
S201702529,2017,0,M,1,White,CA,INST_05,Urban University E (Research),research,2.37,81,1999,Communications,Other
S201702530,2017,1,M,1,White,VA,INST_01,State University A (Research),research,2.61,71,1999,Education,Other
S201702531,2017,0,F,0,Hispanic,MI,INST_01,State University A (Research),research,2.29,45,1999,Economics,Social Sciences
S201702532,2017,0,F,1,White,MI,INST_01,State University A (Research),research,2.43,62,1999,Nursing,Health
S201702533,2017,1,M,0,Multi,VA,INST_03,Regional College C (Teaching),teaching,3.3,74,1999,Political Science,Social Sciences
S201702534,2017,0,M,0,White,TX,INST_02,State University B (Research),research,3.84,68,1999,Computer Science,STEM
S201702535,2017,0,M,0,White,NJ,INST_05,Urban University E (Research),research,3.49,61,1999,Mechanical Engineering,STEM
S201702536,2017,0,F,0,White,IL,INST_04,Regional College D (Teaching),teaching,3.36,47,1999,Statistics,STEM
S201702537,2017,0,F,0,Asian,CA,INST_05,Urban University E (Research),research,3.71,25,1999,Chemistry,STEM
S201702538,2017,0,F,0,Hispanic,MI,INST_01,State University A (Research),research,3.06,52,1999,Art History,Humanities
S201702539,2017,0,F,1,White,NY,INST_04,Regional College D (Teaching),teaching,3.62,56,1999,Psychology,Social Sciences
S201702540,2017,0,M,0,Hispanic,MI,INST_05,Urban University E (Research),research,3.35,74,1999,Pre-Med,Health
S201702541,2017,0,M,0,White,NJ,INST_01,State University A (Research),research,3.53,44,1999,Sociology,Social Sciences
S201702542,2017,1,F,0,White,CA,INST_04,Regional College D (Teaching),teaching,2.74,50,1999,Marketing,Business
S201702543,2017,0,F,0,Hispanic,FL,INST_01,State University A (Research),research,3.11,35,1999,Pre-Med,Health
S201702544,2017,0,F,0,White,NC,INST_05,Urban University E (Research),research,2.96,73,1999,Public Health,Health
S201702545,2017,0,F,0,Asian,NJ,INST_04,Regional College D (Teaching),teaching,3.03,95,1999,Chemistry,STEM
S201702546,2017,0,F,0,White,FL,INST_04,Regional College D (Teaching),teaching,3.24,46,1999,Biology,STEM
S201702547,2017,1,F,0,Black,MI,INST_04,Regional College D (Teaching),teaching,3.09,65,1999,Biology,STEM
S201702548,2017,0,F,0,White,TX,INST_02,State University B (Research),research,3.5,44,1999,Undeclared,Other
S201702549,2017,0,F,1,Asian,NC,INST_03,Regional College C (Teaching),teaching,3.64,60,1999,Marketing,Business
S201702550,2017,0,M,1,White,NY,INST_02,State University B (Research),research,2.96,38,1999,Education,Other
S201702551,2017,1,M,1,White,FL,INST_04,Regional College D (Teaching),teaching,3.53,47,1999,Kinesiology,Health
S201702552,2017,0,F,0,Black,NY,INST_01,State University A (Research),research,3.29,62,1999,Education,Other
S201702553,2017,0,F,0,Black,MI,INST_02,State University B (Research),research,3.6,32,1999,Biology,STEM
S201702554,2017,0,F,0,Unknown,CA,INST_02,State University B (Research),research,4.0,53,1998,Management,Business
S201702555,2017,1,M,1,Black,OH,INST_02,State University B (Research),research,3.98,95,1999,Biomedical Engineering,STEM
S201702556,2017,1,M,0,Asian,PA,INST_01,State University A (Research),research,3.63,29,1999,Physics,STEM
S201702557,2017,0,F,1,Black,NY,INST_05,Urban University E (Research),research,3.18,91,1999,Political Science,Social Sciences
S201702558,2017,0,F,1,Black,TX,INST_03,Regional College C (Teaching),teaching,3.64,69,1999,Economics,Social Sciences
S201702559,2017,0,M,0,Hispanic,GA,INST_02,State University B (Research),research,3.45,45,1999,Biology,STEM
S201702560,2017,0,F,0,White,OH,INST_02,State University B (Research),research,3.36,41,1999,Mechanical Engineering,STEM
S201702561,2017,0,F,1,Asian,PA,INST_04,Regional College D (Teaching),teaching,3.17,3,1998,Marketing,Business
S201702562,2017,0,M,0,Asian,VA,INST_01,State University A (Research),research,3.22,43,1999,Finance,Business
S201702563,2017,0,F,0,Hispanic,IL,INST_04,Regional College D (Teaching),teaching,2.72,34,1999,Physics,STEM
S201702564,2017,0,M,0,White,NC,INST_01,State University A (Research),research,3.26,29,1999,Mechanical Engineering,STEM
S201702565,2017,0,F,0,White,TX,INST_02,State University B (Research),research,3.41,62,1999,General Studies,Other
S201702566,2017,1,M,1,White,GA,INST_02,State University B (Research),research,3.3,88,1999,Sociology,Social Sciences
S201702567,2017,0,F,0,White,NJ,INST_03,Regional College C (Teaching),teaching,4.0,46,1999,Nursing,Health
S201702568,2017,0,F,0,White,MI,INST_05,Urban University E (Research),research,3.31,45,1999,Nursing,Health
S201702569,2017,0,M,0,White,PA,INST_02,State University B (Research),research,2.15,42,1999,Political Science,Social Sciences
S201702570,2017,0,M,1,White,NY,INST_01,State University A (Research),research,3.08,70,1999,Mechanical Engineering,STEM
S201702571,2017,0,F,0,Asian,OH,INST_01,State University A (Research),research,2.85,25,1999,Pre-Med,Health
S201702572,2017,0,M,0,Black,NJ,INST_04,Regional College D (Teaching),teaching,3.36,57,1999,Nursing,Health
S201702573,2017,1,F,1,White,NJ,INST_01,State University A (Research),research,2.69,56,1999,Economics,Social Sciences
S201702574,2017,1,M,0,Hispanic,NY,INST_04,Regional College D (Teaching),teaching,2.92,72,1999,Kinesiology,Health
S201702575,2017,0,F,0,Asian,NC,INST_02,State University B (Research),research,2.5,62,1999,Marketing,Business
S201702576,2017,0,M,0,Hispanic,OH,INST_04,Regional College D (Teaching),teaching,3.81,42,1999,Electrical Engineering,STEM
S201702577,2017,0,M,0,White,IL,INST_04,Regional College D (Teaching),teaching,3.37,92,1999,Sociology,Social Sciences
S201702578,2017,1,F,1,Hispanic,MI,INST_03,Regional College C (Teaching),teaching,3.09,40,1999,Communications,Other
S201702579,2017,0,F,0,White,TX,INST_05,Urban University E (Research),research,2.77,63,1998,Education,Other
S201702580,2017,0,F,1,Black,VA,INST_04,Regional College D (Teaching),teaching,3.07,42,1998,Economics-Bus,Business
S201702581,2017,0,F,0,Black,MI,INST_03,Regional College C (Teaching),teaching,3.79,73,1999,General Studies,Other
S201702582,2017,0,M,0,Multi,NY,INST_04,Regional College D (Teaching),teaching,3.1,35,1999,Civil Engineering,STEM
S201702583,2017,0,M,0,Asian,NJ,INST_04,Regional College D (Teaching),teaching,2.29,65,1999,Biomedical Engineering,STEM
S201702584,2017,1,F,1,Black,GA,INST_05,Urban University E (Research),research,3.12,81,1999,Civil Engineering,STEM
S201702585,2017,1,M,0,Black,PA,INST_03,Regional College C (Teaching),teaching,2.8,73,1999,Management,Business
S201702586,2017,0,M,0,White,TX,INST_05,Urban University E (Research),research,2.81,84,1999,Civil Engineering,STEM
S201702587,2017,0,F,0,White,NJ,INST_03,Regional College C (Teaching),teaching,3.35,75,1999,Civil Engineering,STEM
S201702588,2017,0,F,0,White,NJ,INST_01,State University A (Research),research,3.17,61,1999,Kinesiology,Health
S201702589,2017,0,M,0,Black,CA,INST_05,Urban University E (Research),research,3.19,49,1999,Physics,STEM
S201702590,2017,1,F,0,White,OH,INST_04,Regional College D (Teaching),teaching,2.74,67,1999,Accounting,Business
S201702591,2017,1,M,0,White,TX,INST_01,State University A (Research),research,3.04,46,1999,Finance,Business
S201702592,2017,1,M,0,White,MI,INST_03,Regional College C (Teaching),teaching,2.14,31,1999,Economics,Social Sciences
S201702593,2017,0,M,1,White,NJ,INST_04,Regional College D (Teaching),teaching,2.91,36,1999,Management,Business
S201702594,2017,0,F,0,White,VA,INST_04,Regional College D (Teaching),teaching,3.67,49,1999,English,Humanities
S201702595,2017,0,M,0,Hispanic,PA,INST_05,Urban University E (Research),research,3.6,61,1998,Art History,Humanities
S201702596,2017,1,M,1,White,OH,INST_04,Regional College D (Teaching),teaching,3.03,26,1999,Marketing,Business
S201702597,2017,0,F,0,Black,OH,INST_02,State University B (Research),research,3.0,79,1999,Marketing,Business
S201702598,2017,0,M,0,Multi,VA,INST_04,Regional College D (Teaching),teaching,3.09,51,1999,General Studies,Other
S201702599,2017,1,F,0,White,TX,INST_02,State University B (Research),research,3.05,41,1999,Marketing,Business
S201702600,2017,0,F,0,White,TX,INST_01,State University A (Research),research,2.5,32,1999,Pre-Med,Health
S201702601,2017,0,F,0,White,NC,INST_01,State University A (Research),research,3.12,47,1999,Chemistry,STEM
S201702602,2017,0,M,0,White,NC,INST_04,Regional College D (Teaching),teaching,2.38,71,1999,General Studies,Other
S201702603,2017,0,F,0,Hispanic,PA,INST_04,Regional College D (Teaching),teaching,2.53,49,1999,Biology,STEM
S201702604,2017,1,M,0,Black,OH,INST_03,Regional College C (Teaching),teaching,3.05,74,1999,Physics,STEM
S201702605,2017,0,M,0,White,MI,INST_01,State University A (Research),research,3.34,44,1999,Accounting,Business
S201702606,2017,0,M,0,Asian,MI,INST_05,Urban University E (Research),research,2.61,22,1999,Statistics,STEM
S201702607,2017,1,M,1,Asian,NJ,INST_04,Regional College D (Teaching),teaching,3.74,87,1999,Electrical Engineering,STEM
S201702608,2017,0,F,0,White,VA,INST_01,State University A (Research),research,4.0,37,1999,Marketing,Business
S201702609,2017,0,M,1,Black,CA,INST_02,State University B (Research),research,2.54,52,1999,Mechanical Engineering,STEM
S201702610,2017,1,F,0,Asian,MI,INST_03,Regional College C (Teaching),teaching,2.13,83,1999,Management,Business
S201702611,2017,0,M,0,Hispanic,PA,INST_05,Urban University E (Research),research,3.2,35,1999,Art History,Humanities
S201702612,2017,0,F,1,Multi,CA,INST_05,Urban University E (Research),research,2.86,73,1999,Undeclared,Other
S201702613,2017,0,M,0,White,TX,INST_01,State University A (Research),research,3.25,62,1999,Marketing,Business
S201702614,2017,0,M,1,White,CA,INST_03,Regional College C (Teaching),teaching,3.2,56,1999,Political Science,Social Sciences
S201702615,2017,1,M,0,White,FL,INST_01,State University A (Research),research,3.15,25,1999,Physics,STEM
S201702616,2017,0,F,0,Black,IL,INST_04,Regional College D (Teaching),teaching,3.03,77,1998,Economics,Social Sciences
S201702617,2017,0,F,1,White,FL,INST_03,Regional College C (Teaching),teaching,2.58,74,1999,Kinesiology,Health
S201702618,2017,1,M,0,White,GA,INST_04,Regional College D (Teaching),teaching,2.49,94,1999,Public Health,Health
S201702619,2017,1,F,0,Hispanic,GA,INST_05,Urban University E (Research),research,3.23,71,1999,Mathematics,STEM
S201702620,2017,0,F,0,White,FL,INST_01,State University A (Research),research,3.48,99,1999,Psychology,Social Sciences
S201702621,2017,0,M,1,Hispanic,NJ,INST_01,State University A (Research),research,3.14,31,1999,Chemistry,STEM
S201702622,2017,1,F,1,Black,NJ,INST_03,Regional College C (Teaching),teaching,3.65,52,1999,Electrical Engineering,STEM
S201702623,2017,1,F,0,White,GA,INST_05,Urban University E (Research),research,4.0,8,1999,Biology,STEM
S201702624,2017,0,F,0,White,VA,INST_03,Regional College C (Teaching),teaching,3.18,68,1999,Nursing,Health
S201702625,2017,0,F,0,Hispanic,PA,INST_04,Regional College D (Teaching),teaching,3.4,71,1999,Education,Other
S201702626,2017,0,M,0,Unknown,IL,INST_05,Urban University E (Research),research,3.08,50,1999,Kinesiology,Health
S201702627,2017,1,F,0,White,NC,INST_05,Urban University E (Research),research,3.82,28,1999,Anthropology,Social Sciences
S201702628,2017,0,F,0,Hispanic,VA,INST_03,Regional College C (Teaching),teaching,3.66,57,1999,Spanish,Humanities
S201702629,2017,0,F,1,White,CA,INST_04,Regional College D (Teaching),teaching,3.14,18,1999,Finance,Business
S201702630,2017,0,F,0,White,MI,INST_04,Regional College D (Teaching),teaching,2.97,62,1999,Economics-Bus,Business
S201702631,2017,0,F,1,Black,FL,INST_01,State University A (Research),research,3.4,67,1999,Mechanical Engineering,STEM
S201702632,2017,0,M,0,Black,GA,INST_01,State University A (Research),research,2.58,64,1999,Management,Business
S201702633,2017,0,F,0,Asian,VA,INST_02,State University B (Research),research,2.62,64,1999,Nursing,Health
S201702634,2017,0,F,0,White,FL,INST_03,Regional College C (Teaching),teaching,2.8,28,1999,Mechanical Engineering,STEM
S201702635,2017,0,M,0,White,IL,INST_01,State University A (Research),research,2.5,52,1999,Education,Other
S201702636,2017,0,F,0,Asian,PA,INST_03,Regional College C (Teaching),teaching,2.6,97,1999,Statistics,STEM
S201702637,2017,0,F,0,White,NY,INST_05,Urban University E (Research),research,4.0,83,1999,Pre-Med,Health
S201702638,2017,0,F,1,Hispanic,TX,INST_03,Regional College C (Teaching),teaching,4.0,70,1999,Statistics,STEM
S201702639,2017,0,F,0,White,IL,INST_04,Regional College D (Teaching),teaching,3.32,43,1999,Biomedical Engineering,STEM
S201702640,2017,0,M,1,White,NY,INST_03,Regional College C (Teaching),teaching,2.81,69,1999,Communications,Other
S201702641,2017,0,M,0,Hispanic,VA,INST_05,Urban University E (Research),research,2.92,83,1999,Electrical Engineering,STEM
S201702642,2017,1,M,0,White,MI,INST_04,Regional College D (Teaching),teaching,4.0,65,1999,Communications,Other
S201702643,2017,0,M,1,White,IL,INST_05,Urban University E (Research),research,2.95,54,1999,Political Science,Social Sciences
S201702644,2017,0,F,1,Black,PA,INST_04,Regional College D (Teaching),teaching,2.95,47,1999,Political Science,Social Sciences
S201702645,2017,0,F,1,Hispanic,CA,INST_04,Regional College D (Teaching),teaching,3.62,58,1999,Mechanical Engineering,STEM
S201702646,2017,1,M,0,White,NC,INST_01,State University A (Research),research,3.16,52,1999,Spanish,Humanities
S201702647,2017,0,M,0,White,MI,INST_01,State University A (Research),research,3.47,62,1999,Kinesiology,Health
S201702648,2017,0,F,1,Multi,NJ,INST_01,State University A (Research),research,3.32,31,1999,Pre-Med,Health
S201702649,2017,1,M,0,Hispanic,NY,INST_01,State University A (Research),research,3.35,45,1999,Psychology,Social Sciences
S201702650,2017,0,M,1,White,CA,INST_01,State University A (Research),research,2.67,39,1999,Civil Engineering,STEM
S201702651,2017,1,M,0,White,OH,INST_03,Regional College C (Teaching),teaching,3.57,40,1999,Undeclared,Other
S201702652,2017,0,M,0,Multi,NY,INST_05,Urban University E (Research),research,3.48,42,1999,Biology,STEM
S201702653,2017,1,M,0,White,MI,INST_01,State University A (Research),research,3.1,46,1999,Economics-Bus,Business
S201702654,2017,0,M,0,White,FL,INST_05,Urban University E (Research),research,3.0,80,1999,Spanish,Humanities
S201702655,2017,0,M,0,White,CA,INST_04,Regional College D (Teaching),teaching,2.65,43,1999,Biology,STEM
S201702656,2017,0,F,0,White,NY,INST_04,Regional College D (Teaching),teaching,2.22,82,1999,Management,Business
S201702657,2017,0,M,0,White,NJ,INST_01,State University A (Research),research,4.0,56,1999,Kinesiology,Health
S201702658,2017,0,M,0,White,CA,INST_04,Regional College D (Teaching),teaching,3.19,55,1999,Finance,Business
S201702659,2017,0,F,0,Hispanic,NJ,INST_03,Regional College C (Teaching),teaching,3.09,74,1999,Finance,Business
S201702660,2017,1,M,0,Black,VA,INST_04,Regional College D (Teaching),teaching,2.96,60,1999,Economics-Bus,Business
S201702661,2017,1,F,0,White,IL,INST_05,Urban University E (Research),research,4.0,64,1999,Computer Science,STEM
S201702662,2017,1,F,0,Black,MI,INST_05,Urban University E (Research),research,2.84,61,1999,Biomedical Engineering,STEM
S201702663,2017,0,M,0,White,OH,INST_04,Regional College D (Teaching),teaching,3.59,27,1999,Accounting,Business
S201702664,2017,0,F,1,White,PA,INST_05,Urban University E (Research),research,3.12,22,1999,Mechanical Engineering,STEM
S201702665,2017,0,M,0,Hispanic,MI,INST_01,State University A (Research),research,3.43,65,1999,Political Science,Social Sciences
S201702666,2017,0,M,0,White,NC,INST_01,State University A (Research),research,2.8,30,1999,Statistics,STEM
S201702667,2017,1,F,1,White,IL,INST_05,Urban University E (Research),research,2.97,58,1999,Management,Business
S201702668,2017,1,M,1,White,CA,INST_01,State University A (Research),research,3.09,70,1999,Physics,STEM
S201702669,2017,1,F,0,White,NJ,INST_03,Regional College C (Teaching),teaching,3.03,69,1999,Kinesiology,Health
S201702670,2017,1,F,0,Asian,NC,INST_05,Urban University E (Research),research,2.88,50,1999,Education,Other
S201702671,2017,0,M,0,Asian,PA,INST_02,State University B (Research),research,2.96,63,1999,Undeclared,Other
S201702672,2017,1,F,0,White,OH,INST_05,Urban University E (Research),research,2.77,70,1999,Marketing,Business
S201702673,2017,0,F,0,White,OH,INST_03,Regional College C (Teaching),teaching,2.79,46,1999,General Studies,Other
S201702674,2017,0,M,1,White,NJ,INST_01,State University A (Research),research,3.68,60,1999,Sociology,Social Sciences
S201702675,2017,0,M,1,Hispanic,MI,INST_03,Regional College C (Teaching),teaching,2.98,47,1999,Education,Other
S201702676,2017,1,M,1,White,IL,INST_04,Regional College D (Teaching),teaching,2.4,68,1999,Pre-Med,Health
S201702677,2017,1,M,0,White,NY,INST_02,State University B (Research),research,3.46,80,1999,Political Science,Social Sciences
S201702678,2017,0,F,0,White,VA,INST_04,Regional College D (Teaching),teaching,2.96,71,1999,Accounting,Business
S201702679,2017,1,F,0,White,NC,INST_04,Regional College D (Teaching),teaching,3.16,34,1999,Management,Business
S201702680,2017,0,F,0,Asian,NC,INST_05,Urban University E (Research),research,2.65,69,1999,Pre-Med,Health
S201702681,2017,1,M,0,White,TX,INST_04,Regional College D (Teaching),teaching,3.06,50,1999,Sociology,Social Sciences
S201702682,2017,1,F,0,White,PA,INST_03,Regional College C (Teaching),teaching,3.09,82,1999,Civil Engineering,STEM
S201702683,2017,0,M,1,White,IL,INST_01,State University A (Research),research,2.74,41,1999,Biomedical Engineering,STEM
S201702684,2017,0,F,0,White,IL,INST_02,State University B (Research),research,3.27,35,1999,Economics-Bus,Business
S201702685,2017,1,F,1,Hispanic,OH,INST_03,Regional College C (Teaching),teaching,3.82,62,1999,Electrical Engineering,STEM
S201702686,2017,0,F,0,Hispanic,FL,INST_02,State University B (Research),research,3.45,65,1999,Electrical Engineering,STEM
S201702687,2017,0,M,0,White,PA,INST_03,Regional College C (Teaching),teaching,2.83,50,1999,Education,Other
S201702688,2017,1,M,0,Black,GA,INST_02,State University B (Research),research,4.0,34,1999,Public Health,Health
S201702689,2017,1,F,0,Hispanic,TX,INST_04,Regional College D (Teaching),teaching,3.43,49,1999,Kinesiology,Health
S201702690,2017,1,M,0,Asian,OH,INST_02,State University B (Research),research,3.51,61,1999,Anthropology,Social Sciences
S201702691,2017,0,F,1,Hispanic,FL,INST_01,State University A (Research),research,3.6,67,1999,Statistics,STEM
S201702692,2017,1,F,0,Asian,CA,INST_01,State University A (Research),research,2.08,84,1999,Mechanical Engineering,STEM
S201702693,2017,0,M,1,Asian,FL,INST_05,Urban University E (Research),research,3.18,39,1999,Chemistry,STEM
S201702694,2017,1,F,0,White,OH,INST_01,State University A (Research),research,3.84,54,1999,Public Health,Health
S201702695,2017,1,F,1,White,NC,INST_04,Regional College D (Teaching),teaching,2.68,52,1999,Sociology,Social Sciences
S201702696,2017,1,F,0,Black,TX,INST_01,State University A (Research),research,2.6,68,1999,Accounting,Business
S201702697,2017,1,F,1,White,FL,INST_01,State University A (Research),research,2.56,69,1999,Statistics,STEM
S201702698,2017,0,M,0,Black,NJ,INST_04,Regional College D (Teaching),teaching,3.56,94,1999,Economics-Bus,Business
S201702699,2017,0,M,1,Hispanic,NJ,INST_02,State University B (Research),research,2.64,45,1999,Biomedical Engineering,STEM
S201702700,2017,0,M,0,White,NJ,INST_01,State University A (Research),research,3.3,64,1999,Mathematics,STEM
S201702701,2017,1,F,1,White,TX,INST_04,Regional College D (Teaching),teaching,3.24,48,1999,Pre-Med,Health
S201702702,2017,0,M,0,Black,CA,INST_03,Regional College C (Teaching),teaching,3.6,19,1999,Public Health,Health
S201702703,2017,1,F,0,White,GA,INST_01,State University A (Research),research,3.38,60,1999,History,Humanities
S201702704,2017,1,M,0,Multi,NY,INST_02,State University B (Research),research,3.19,60,1999,Civil Engineering,STEM
S201702705,2017,0,M,0,Black,NJ,INST_02,State University B (Research),research,3.2,34,1999,Civil Engineering,STEM
S201702706,2017,0,M,0,Black,FL,INST_04,Regional College D (Teaching),teaching,2.87,60,1999,Management,Business
S201702707,2017,0,F,0,White,OH,INST_04,Regional College D (Teaching),teaching,3.18,69,1999,Management,Business
S201702708,2017,1,F,0,Asian,FL,INST_04,Regional College D (Teaching),teaching,2.81,53,1999,Computer Science,STEM
S201702709,2017,1,F,0,White,MI,INST_01,State University A (Research),research,3.32,56,1999,Political Science,Social Sciences
S201702710,2017,1,F,1,White,NJ,INST_03,Regional College C (Teaching),teaching,2.72,15,1999,Spanish,Humanities
S201702711,2017,0,M,0,White,IL,INST_02,State University B (Research),research,3.41,70,1999,Management,Business
S201702712,2017,1,M,0,White,NC,INST_01,State University A (Research),research,3.79,45,1998,Mathematics,STEM
S201702713,2017,0,M,1,Asian,OH,INST_05,Urban University E (Research),research,2.98,44,1999,English,Humanities
S201702714,2017,0,F,1,White,NC,INST_01,State University A (Research),research,3.49,55,1999,Psychology,Social Sciences
S201702715,2017,0,M,1,Asian,TX,INST_05,Urban University E (Research),research,3.5,48,1999,Biology,STEM
S201702716,2017,1,F,1,White,GA,INST_02,State University B (Research),research,3.24,46,1999,Education,Other
S201702717,2017,0,M,1,White,CA,INST_04,Regional College D (Teaching),teaching,3.88,40,1999,Pre-Med,Health
S201702718,2017,0,F,0,White,PA,INST_03,Regional College C (Teaching),teaching,3.74,31,1999,Marketing,Business
S201702719,2017,0,F,1,Asian,OH,INST_05,Urban University E (Research),research,2.83,99,1998,Economics,Social Sciences
S201702720,2017,0,F,1,Asian,NJ,INST_01,State University A (Research),research,3.14,51,1999,Finance,Business
S201702721,2017,1,M,1,White,TX,INST_02,State University B (Research),research,3.52,70,1999,Biology,STEM
S201702722,2017,1,F,1,White,PA,INST_02,State University B (Research),research,2.98,62,1999,Kinesiology,Health
S201702723,2017,0,F,1,Hispanic,CA,INST_02,State University B (Research),research,3.83,24,1999,Pre-Med,Health
S201702724,2017,0,F,0,Hispanic,PA,INST_04,Regional College D (Teaching),teaching,3.01,81,1999,Public Health,Health
S201702725,2017,1,F,0,White,CA,INST_04,Regional College D (Teaching),teaching,3.33,43,1999,Nursing,Health
S201702726,2017,0,F,1,White,NY,INST_02,State University B (Research),research,3.14,74,1999,Economics-Bus,Business
S201702727,2017,0,M,0,White,PA,INST_03,Regional College C (Teaching),teaching,2.84,77,1999,Philosophy,Humanities
S201702728,2017,0,F,1,White,TX,INST_02,State University B (Research),research,2.59,70,1999,General Studies,Other
S201702729,2017,0,F,0,White,MI,INST_05,Urban University E (Research),research,2.84,29,1999,Art History,Humanities
S201702730,2017,1,M,0,Hispanic,TX,INST_02,State University B (Research),research,3.49,82,1999,Mechanical Engineering,STEM
S201702731,2017,0,F,1,Hispanic,OH,INST_03,Regional College C (Teaching),teaching,3.24,53,1999,Public Health,Health
S201702732,2017,0,F,0,White,FL,INST_02,State University B (Research),research,3.73,7,1999,Mathematics,STEM
S201702733,2017,1,F,0,Multi,NC,INST_02,State University B (Research),research,3.76,45,1999,Chemistry,STEM
S201702734,2017,0,M,0,White,NY,INST_03,Regional College C (Teaching),teaching,3.68,78,1999,Electrical Engineering,STEM
S201702735,2017,0,F,0,Hispanic,NC,INST_01,State University A (Research),research,3.68,73,1999,Management,Business
S201702736,2017,1,M,0,Black,VA,INST_01,State University A (Research),research,3.29,55,1999,Psychology,Social Sciences
S201702737,2017,1,F,1,White,MI,INST_04,Regional College D (Teaching),teaching,3.03,44,1999,Undeclared,Other
S201702738,2017,0,M,0,White,GA,INST_03,Regional College C (Teaching),teaching,3.66,71,1999,Civil Engineering,STEM
S201702739,2017,0,M,1,White,NC,INST_03,Regional College C (Teaching),teaching,3.33,3,1998,Education,Other
S201702740,2017,0,M,1,White,VA,INST_02,State University B (Research),research,3.22,47,1999,Political Science,Social Sciences
S201702741,2017,0,M,0,Hispanic,FL,INST_02,State University B (Research),research,3.02,63,1999,Anthropology,Social Sciences
S201702742,2017,1,M,0,White,IL,INST_03,Regional College C (Teaching),teaching,3.82,45,1999,Management,Business
S201702743,2017,0,F,0,Hispanic,NC,INST_03,Regional College C (Teaching),teaching,2.67,62,1999,Biomedical Engineering,STEM
S201702744,2017,1,F,0,Black,TX,INST_01,State University A (Research),research,2.77,69,1999,Computer Science,STEM
S201702745,2017,1,F,0,White,MI,INST_05,Urban University E (Research),research,3.71,3,1999,Psychology,Social Sciences
S201702746,2017,1,F,0,Black,NJ,INST_01,State University A (Research),research,3.13,68,1999,Biology,STEM
S201702747,2017,0,M,1,White,PA,INST_03,Regional College C (Teaching),teaching,2.38,70,1999,Nursing,Health
S201702748,2017,0,F,0,Asian,NY,INST_01,State University A (Research),research,3.68,50,1999,Communications,Other
S201702749,2017,1,F,0,Hispanic,GA,INST_03,Regional College C (Teaching),teaching,3.13,32,1999,Marketing,Business
S201702750,2017,0,M,1,White,OH,INST_02,State University B (Research),research,3.28,40,1999,Statistics,STEM
S201702751,2017,0,F,0,White,NC,INST_05,Urban University E (Research),research,3.47,47,1999,Mechanical Engineering,STEM
S201702752,2017,0,F,1,Multi,NC,INST_02,State University B (Research),research,3.09,56,1999,Education,Other
S201702753,2017,0,F,0,White,CA,INST_05,Urban University E (Research),research,3.09,73,1999,Management,Business
S201702754,2017,0,F,1,Black,VA,INST_03,Regional College C (Teaching),teaching,3.35,86,1999,Civil Engineering,STEM
S201702755,2017,1,F,0,White,MI,INST_02,State University B (Research),research,2.77,67,1999,History,Humanities
S201702756,2017,1,M,0,Multi,FL,INST_04,Regional College D (Teaching),teaching,3.73,47,1998,Nursing,Health
S201702757,2017,0,F,0,Black,NJ,INST_04,Regional College D (Teaching),teaching,3.48,52,1999,Sociology,Social Sciences
S201702758,2017,0,F,0,Unknown,NC,INST_05,Urban University E (Research),research,3.29,35,1999,Pre-Med,Health
S201702759,2017,1,M,0,White,OH,INST_03,Regional College C (Teaching),teaching,3.05,48,1999,Psychology,Social Sciences
S201702760,2017,0,F,0,Hispanic,TX,INST_02,State University B (Research),research,3.69,62,1999,Computer Science,STEM
S201702761,2017,1,F,0,White,GA,INST_01,State University A (Research),research,2.93,60,1999,Mathematics,STEM
S201702762,2017,1,F,1,Asian,FL,INST_01,State University A (Research),research,2.74,37,1999,Civil Engineering,STEM
S201702763,2017,0,M,1,White,FL,INST_02,State University B (Research),research,2.57,43,1999,Economics-Bus,Business
S201702764,2017,0,F,0,White,PA,INST_01,State University A (Research),research,2.26,46,1999,Physics,STEM
S201702765,2017,0,F,1,Black,CA,INST_02,State University B (Research),research,3.16,21,1999,Economics,Social Sciences
S201702766,2017,0,F,0,White,CA,INST_02,State University B (Research),research,3.05,53,1999,Finance,Business
S201702767,2017,0,F,0,White,CA,INST_03,Regional College C (Teaching),teaching,4.0,48,1999,Public Health,Health
S201702768,2017,0,M,1,Black,NY,INST_02,State University B (Research),research,3.25,60,1999,Mathematics,STEM
S201702769,2017,0,F,1,White,NJ,INST_03,Regional College C (Teaching),teaching,3.35,35,1999,General Studies,Other
S201702770,2017,0,M,1,White,OH,INST_05,Urban University E (Research),research,3.78,63,1999,Finance,Business
S201702771,2017,0,M,0,Multi,NC,INST_04,Regional College D (Teaching),teaching,3.54,76,1999,Philosophy,Humanities
S201702772,2017,0,M,0,Asian,OH,INST_01,State University A (Research),research,2.94,65,1999,Electrical Engineering,STEM
S201702773,2017,0,NB,0,White,CA,INST_01,State University A (Research),research,3.41,60,1999,English,Humanities
S201702774,2017,0,F,0,White,IL,INST_03,Regional College C (Teaching),teaching,2.93,66,1999,Management,Business
S201702775,2017,1,M,1,White,PA,INST_05,Urban University E (Research),research,2.86,66,1999,Statistics,STEM
S201702776,2017,0,M,0,Black,VA,INST_01,State University A (Research),research,2.5,22,1999,Biomedical Engineering,STEM
S201702777,2017,0,M,0,Hispanic,GA,INST_04,Regional College D (Teaching),teaching,2.52,55,1999,Chemistry,STEM
S201702778,2017,0,F,0,Asian,MI,INST_04,Regional College D (Teaching),teaching,2.89,74,1999,Education,Other
S201702779,2017,0,M,0,White,FL,INST_05,Urban University E (Research),research,3.04,44,1999,Biomedical Engineering,STEM
S201702780,2017,0,F,0,White,NJ,INST_01,State University A (Research),research,3.03,72,1999,Mechanical Engineering,STEM
S201702781,2017,1,M,0,Asian,CA,INST_02,State University B (Research),research,3.93,54,1999,Biology,STEM
S201702782,2017,0,M,0,Black,GA,INST_05,Urban University E (Research),research,3.14,62,1999,Accounting,Business
S201702783,2017,1,M,0,Black,IL,INST_02,State University B (Research),research,3.76,53,1999,Electrical Engineering,STEM
S201702784,2017,0,M,0,Unknown,OH,INST_01,State University A (Research),research,3.96,38,1999,Political Science,Social Sciences
S201702785,2017,0,F,0,Hispanic,PA,INST_04,Regional College D (Teaching),teaching,2.91,79,1999,Anthropology,Social Sciences
S201702786,2017,1,M,1,Hispanic,FL,INST_05,Urban University E (Research),research,3.09,61,1999,Electrical Engineering,STEM
S201702787,2017,0,F,1,Hispanic,MI,INST_03,Regional College C (Teaching),teaching,2.59,26,1999,Undeclared,Other
S201702788,2017,0,M,0,White,MI,INST_02,State University B (Research),research,3.04,43,1999,Anthropology,Social Sciences
S201702789,2017,0,F,0,Hispanic,NY,INST_05,Urban University E (Research),research,3.1,64,1999,Pre-Med,Health
S201702790,2017,0,F,1,Hispanic,OH,INST_05,Urban University E (Research),research,3.36,31,1999,Sociology,Social Sciences
S201702791,2017,1,M,0,Black,TX,INST_03,Regional College C (Teaching),teaching,2.29,47,1999,Physics,STEM
S201702792,2017,1,F,0,White,NC,INST_04,Regional College D (Teaching),teaching,2.2,50,1999,Finance,Business
S201702793,2017,0,F,0,White,PA,INST_03,Regional College C (Teaching),teaching,2.13,95,1999,Civil Engineering,STEM
S201702794,2017,0,F,0,White,MI,INST_05,Urban University E (Research),research,3.27,52,1999,Management,Business
S201702795,2017,0,F,0,Black,VA,INST_04,Regional College D (Teaching),teaching,3.91,44,1999,Accounting,Business
S201702796,2017,0,M,0,Hispanic,MI,INST_01,State University A (Research),research,3.11,54,1999,English,Humanities
S201702797,2017,0,F,1,White,GA,INST_01,State University A (Research),research,2.85,48,1999,History,Humanities
S201702798,2017,1,F,1,White,NC,INST_03,Regional College C (Teaching),teaching,3.16,31,1999,Biomedical Engineering,STEM
S201702799,2017,1,M,0,Asian,CA,INST_05,Urban University E (Research),research,2.79,84,1999,Pre-Med,Health
S201702800,2017,1,M,1,White,PA,INST_04,Regional College D (Teaching),teaching,2.41,50,1999,Marketing,Business
S201702801,2017,0,F,1,Black,NC,INST_03,Regional College C (Teaching),teaching,3.48,68,1999,Electrical Engineering,STEM
S201702802,2017,0,M,0,Hispanic,PA,INST_01,State University A (Research),research,3.23,48,1999,Pre-Med,Health
S201702803,2017,0,M,0,Asian,FL,INST_05,Urban University E (Research),research,4.0,60,1999,Pre-Med,Health
S201702804,2017,0,M,0,Hispanic,OH,INST_03,Regional College C (Teaching),teaching,3.23,65,1999,Biology,STEM
S201702805,2017,0,M,0,Multi,VA,INST_05,Urban University E (Research),research,2.93,59,1999,Anthropology,Social Sciences
S201702806,2017,1,F,1,Black,TX,INST_02,State University B (Research),research,3.45,92,1999,Computer Science,STEM
S201702807,2017,0,F,0,White,IL,INST_02,State University B (Research),research,3.71,66,1999,Economics-Bus,Business
S201702808,2017,0,M,0,White,IL,INST_05,Urban University E (Research),research,2.67,75,1999,Finance,Business
S201702809,2017,1,F,0,Asian,FL,INST_05,Urban University E (Research),research,3.2,40,1999,Kinesiology,Health
S201702810,2017,0,M,1,White,FL,INST_01,State University A (Research),research,4.0,63,1998,Education,Other
S201702811,2017,1,F,0,White,NY,INST_05,Urban University E (Research),research,2.92,77,1999,Communications,Other
S201702812,2017,0,F,0,White,TX,INST_01,State University A (Research),research,3.77,55,1999,Management,Business
S201702813,2017,0,F,0,White,FL,INST_01,State University A (Research),research,2.35,42,1999,Sociology,Social Sciences
S201702814,2017,1,M,0,Black,IL,INST_04,Regional College D (Teaching),teaching,3.33,61,1999,Undeclared,Other
S201702815,2017,0,F,1,White,MI,INST_03,Regional College C (Teaching),teaching,2.94,99,1999,Mechanical Engineering,STEM
S201702816,2017,0,F,1,White,MI,INST_04,Regional College D (Teaching),teaching,3.13,50,1999,Biology,STEM
S201702817,2017,1,F,0,Asian,FL,INST_04,Regional College D (Teaching),teaching,2.96,88,1999,Marketing,Business
S201702818,2017,0,F,0,Multi,FL,INST_03,Regional College C (Teaching),teaching,3.56,55,1999,Economics,Social Sciences
S201702819,2017,1,M,0,Hispanic,NC,INST_03,Regional College C (Teaching),teaching,3.39,78,1999,Mathematics,STEM
S201702820,2017,1,F,0,White,CA,INST_03,Regional College C (Teaching),teaching,4.0,33,1999,Political Science,Social Sciences
S201702821,2017,0,M,1,Asian,FL,INST_04,Regional College D (Teaching),teaching,3.68,96,1999,Kinesiology,Health
S201702822,2017,0,M,1,Asian,NJ,INST_01,State University A (Research),research,3.93,69,1999,Marketing,Business
S201702823,2017,1,M,0,White,FL,INST_04,Regional College D (Teaching),teaching,4.0,51,1999,Management,Business
S201702824,2017,0,F,0,Multi,IL,INST_01,State University A (Research),research,3.06,87,1999,Anthropology,Social Sciences
S201702825,2017,1,F,0,White,GA,INST_02,State University B (Research),research,3.79,66,1999,Chemistry,STEM
S201702826,2017,0,M,0,White,MI,INST_03,Regional College C (Teaching),teaching,2.49,49,1999,Finance,Business
S201702827,2017,0,F,1,White,OH,INST_05,Urban University E (Research),research,2.79,58,1999,Chemistry,STEM
S201702828,2017,1,M,0,Hispanic,TX,INST_05,Urban University E (Research),research,3.65,71,1998,General Studies,Other
S201702829,2017,0,F,0,Asian,PA,INST_05,Urban University E (Research),research,3.05,54,1999,Civil Engineering,STEM
S201702830,2017,0,F,0,Hispanic,IL,INST_05,Urban University E (Research),research,2.98,56,1999,Biology,STEM
S201702831,2017,0,M,0,White,CA,INST_02,State University B (Research),research,2.96,57,1998,Pre-Med,Health
S201702832,2017,0,F,0,White,NC,INST_04,Regional College D (Teaching),teaching,3.69,30,1999,Mathematics,STEM
S201702833,2017,1,F,1,Black,FL,INST_02,State University B (Research),research,3.91,79,1999,Finance,Business
S201702834,2017,1,F,0,Hispanic,FL,INST_02,State University B (Research),research,3.72,27,1999,General Studies,Other
S201702835,2017,1,F,0,White,GA,INST_01,State University A (Research),research,2.7,46,1999,Biology,STEM
S201702836,2017,0,M,1,Hispanic,CA,INST_02,State University B (Research),research,3.18,45,1999,Civil Engineering,STEM
S201702837,2017,1,M,0,Black,NC,INST_01,State University A (Research),research,2.94,33,1999,Economics-Bus,Business
S201702838,2017,0,M,0,Asian,NY,INST_02,State University B (Research),research,4.0,48,1999,Accounting,Business
S201702839,2017,1,M,0,Asian,VA,INST_01,State University A (Research),research,3.63,63,1999,Kinesiology,Health
S201702840,2017,1,F,0,Multi,FL,INST_04,Regional College D (Teaching),teaching,4.0,76,1999,Marketing,Business
S201702841,2017,1,F,1,White,NC,INST_05,Urban University E (Research),research,3.99,42,1999,Accounting,Business
S201702842,2017,0,M,1,Black,TX,INST_05,Urban University E (Research),research,3.87,60,1999,Chemistry,STEM
S201702843,2017,1,F,0,White,MI,INST_01,State University A (Research),research,4.0,73,1999,Physics,STEM
S201702844,2017,1,M,1,White,MI,INST_01,State University A (Research),research,3.2,46,1999,Anthropology,Social Sciences
S201702845,2017,0,F,1,Black,PA,INST_03,Regional College C (Teaching),teaching,2.84,51,1999,Education,Other
S201702846,2017,1,F,0,White,TX,INST_05,Urban University E (Research),research,3.13,52,1999,Finance,Business
S201702847,2017,1,F,0,White,NJ,INST_03,Regional College C (Teaching),teaching,2.87,68,1999,Statistics,STEM
S201702848,2017,1,M,1,White,GA,INST_02,State University B (Research),research,3.32,72,1999,Economics,Social Sciences
S201702849,2017,0,F,0,White,TX,INST_01,State University A (Research),research,3.52,51,1999,Accounting,Business
S201702850,2017,0,F,0,Asian,VA,INST_01,State University A (Research),research,2.97,40,1998,Marketing,Business
S201702851,2017,1,F,1,White,GA,INST_03,Regional College C (Teaching),teaching,2.72,34,1999,Education,Other
S201702852,2017,0,M,1,White,NC,INST_05,Urban University E (Research),research,3.24,54,1999,Anthropology,Social Sciences
S201702853,2017,0,F,0,White,OH,INST_02,State University B (Research),research,2.97,51,1999,Undeclared,Other
S201702854,2017,1,M,0,AIAN,MI,INST_05,Urban University E (Research),research,2.57,53,1999,General Studies,Other
S201702855,2017,0,F,1,Asian,TX,INST_03,Regional College C (Teaching),teaching,3.1,80,1999,Physics,STEM
S201702856,2017,1,M,1,Hispanic,CA,INST_01,State University A (Research),research,3.49,44,1999,Finance,Business
S201702857,2017,0,M,1,White,NJ,INST_04,Regional College D (Teaching),teaching,2.91,34,1999,Public Health,Health
S201702858,2017,1,M,0,Asian,CA,INST_05,Urban University E (Research),research,3.33,77,1999,Communications,Other
S201702859,2017,0,NB,1,Hispanic,TX,INST_05,Urban University E (Research),research,2.75,41,1999,Nursing,Health
S201702860,2017,1,F,0,White,FL,INST_03,Regional College C (Teaching),teaching,3.15,96,1999,Biology,STEM
S201702861,2017,1,M,1,Black,NJ,INST_02,State University B (Research),research,3.31,26,1999,Accounting,Business
S201702862,2017,0,M,1,White,NC,INST_04,Regional College D (Teaching),teaching,2.99,61,1999,Statistics,STEM
S201702863,2017,0,F,0,White,MI,INST_05,Urban University E (Research),research,2.81,67,1999,Psychology,Social Sciences
S201702864,2017,0,M,1,White,MI,INST_01,State University A (Research),research,2.97,56,1999,General Studies,Other
S201702865,2017,0,M,0,White,GA,INST_05,Urban University E (Research),research,2.65,58,1999,Public Health,Health
S201702866,2017,1,F,0,Black,CA,INST_05,Urban University E (Research),research,2.96,77,1999,English,Humanities
S201702867,2017,0,F,0,White,IL,INST_01,State University A (Research),research,3.39,65,1999,Political Science,Social Sciences
S201702868,2017,0,F,0,White,MI,INST_04,Regional College D (Teaching),teaching,2.91,40,1999,General Studies,Other
S201702869,2017,1,M,0,Asian,NC,INST_01,State University A (Research),research,3.19,54,1999,Undeclared,Other
S201702870,2017,1,M,0,Black,VA,INST_02,State University B (Research),research,4.0,41,1999,Kinesiology,Health
S201702871,2017,0,M,0,White,GA,INST_01,State University A (Research),research,3.4,34,1999,Sociology,Social Sciences
S201702872,2017,0,F,0,White,IL,INST_05,Urban University E (Research),research,2.94,65,1999,Management,Business
S201702873,2017,0,F,0,White,NJ,INST_05,Urban University E (Research),research,3.26,55,1999,Statistics,STEM
S201702874,2017,0,M,0,White,CA,INST_05,Urban University E (Research),research,3.73,58,1999,Economics-Bus,Business
S201702875,2017,0,F,1,Asian,NC,INST_03,Regional College C (Teaching),teaching,3.78,67,1999,Economics,Social Sciences
S201702876,2017,0,M,0,Multi,NC,INST_01,State University A (Research),research,3.52,29,1999,Mathematics,STEM
S201702877,2017,1,M,0,Hispanic,VA,INST_04,Regional College D (Teaching),teaching,3.66,51,1999,Civil Engineering,STEM
S201702878,2017,0,F,1,White,FL,INST_05,Urban University E (Research),research,2.76,33,1999,Anthropology,Social Sciences
S201702879,2017,0,M,1,Black,OH,INST_05,Urban University E (Research),research,3.96,68,1999,Computer Science,STEM
S201702880,2017,1,F,0,White,GA,INST_01,State University A (Research),research,3.19,63,1999,Psychology,Social Sciences
S201702881,2017,0,M,0,Hispanic,CA,INST_05,Urban University E (Research),research,2.88,47,1999,Biomedical Engineering,STEM
S201702882,2017,1,M,0,Hispanic,TX,INST_05,Urban University E (Research),research,2.88,50,1999,Psychology,Social Sciences
S201702883,2017,1,F,0,White,TX,INST_04,Regional College D (Teaching),teaching,3.76,35,1999,Management,Business
S201702884,2017,0,F,0,Hispanic,NC,INST_01,State University A (Research),research,2.98,57,1999,Nursing,Health
S201702885,2017,1,NB,0,White,PA,INST_05,Urban University E (Research),research,3.37,64,1999,Philosophy,Humanities
S201702886,2017,0,M,1,White,IL,INST_01,State University A (Research),research,3.8,54,1999,Economics,Social Sciences
S201702887,2017,0,F,0,Black,CA,INST_05,Urban University E (Research),research,3.46,46,1999,Biomedical Engineering,STEM
S201702888,2017,0,M,1,Hispanic,GA,INST_02,State University B (Research),research,3.07,37,1999,Economics,Social Sciences
S201702889,2017,1,M,0,Hispanic,NY,INST_04,Regional College D (Teaching),teaching,3.45,32,1999,Psychology,Social Sciences
S201702890,2017,0,F,1,White,FL,INST_05,Urban University E (Research),research,3.19,53,1999,Biomedical Engineering,STEM
S201702891,2017,1,M,0,White,TX,INST_05,Urban University E (Research),research,3.29,39,1999,Management,Business
S201702892,2017,0,M,0,Asian,MI,INST_05,Urban University E (Research),research,4.0,34,1999,Statistics,STEM
S201702893,2017,0,M,1,White,IL,INST_04,Regional College D (Teaching),teaching,3.74,20,1999,Public Health,Health
S201702894,2017,0,F,0,Black,GA,INST_04,Regional College D (Teaching),teaching,3.83,63,1999,Statistics,STEM
S201702895,2017,0,M,0,White,NY,INST_03,Regional College C (Teaching),teaching,2.98,45,1999,Civil Engineering,STEM
S201702896,2017,0,M,0,White,GA,INST_04,Regional College D (Teaching),teaching,4.0,57,1999,Pre-Med,Health
S201702897,2017,0,F,1,White,NY,INST_02,State University B (Research),research,3.48,72,1999,Economics-Bus,Business
S201702898,2017,1,M,0,Black,PA,INST_04,Regional College D (Teaching),teaching,3.88,76,1999,Undeclared,Other
S201702899,2017,1,M,1,White,NY,INST_01,State University A (Research),research,2.27,35,1999,Accounting,Business
S201702900,2017,0,F,1,White,GA,INST_02,State University B (Research),research,2.52,41,1999,Political Science,Social Sciences
S201702901,2017,0,F,1,White,OH,INST_03,Regional College C (Teaching),teaching,2.8,49,1999,General Studies,Other
S201702902,2017,1,M,0,White,NJ,INST_02,State University B (Research),research,3.4,72,1999,Finance,Business
S201702903,2017,0,F,0,White,TX,INST_02,State University B (Research),research,3.99,99,1999,Pre-Med,Health
S201702904,2017,0,F,1,White,CA,INST_02,State University B (Research),research,3.55,37,1999,Education,Other
S201702905,2017,0,M,0,Black,NJ,INST_05,Urban University E (Research),research,3.28,41,1999,Political Science,Social Sciences
S201702906,2017,0,F,0,White,OH,INST_02,State University B (Research),research,2.94,44,1999,Sociology,Social Sciences
S201702907,2017,0,F,1,Hispanic,NY,INST_05,Urban University E (Research),research,2.93,72,1999,Nursing,Health
S201702908,2017,1,F,1,Multi,VA,INST_01,State University A (Research),research,3.71,42,1999,Chemistry,STEM
S201702909,2017,0,F,0,Hispanic,NY,INST_01,State University A (Research),research,3.62,69,1999,Art History,Humanities
S201702910,2017,0,M,0,Asian,CA,INST_01,State University A (Research),research,2.76,71,1999,Civil Engineering,STEM
S201702911,2017,0,M,0,White,OH,INST_02,State University B (Research),research,2.74,36,1999,Biomedical Engineering,STEM
S201702912,2017,0,M,0,White,NC,INST_02,State University B (Research),research,3.44,69,1999,Political Science,Social Sciences
S201702913,2017,1,F,0,Black,MI,INST_03,Regional College C (Teaching),teaching,3.16,86,1999,Biology,STEM
S201702914,2017,0,F,1,Multi,VA,INST_01,State University A (Research),research,3.03,40,1999,Mathematics,STEM
S201702915,2017,0,F,0,White,NY,INST_04,Regional College D (Teaching),teaching,3.08,47,1999,Electrical Engineering,STEM
S201702916,2017,1,F,0,White,NJ,INST_03,Regional College C (Teaching),teaching,3.43,27,1999,Statistics,STEM
S201702917,2017,0,F,1,White,NY,INST_02,State University B (Research),research,2.65,54,1999,Mathematics,STEM
S201702918,2017,1,F,1,Black,NJ,INST_05,Urban University E (Research),research,3.59,36,1999,General Studies,Other
S201702919,2017,0,F,0,White,OH,INST_03,Regional College C (Teaching),teaching,4.0,61,1999,Management,Business
S201702920,2017,1,F,0,Hispanic,NC,INST_05,Urban University E (Research),research,3.35,17,1999,Finance,Business
S201702921,2017,0,F,0,White,VA,INST_05,Urban University E (Research),research,2.57,89,1999,Biology,STEM
S201702922,2017,0,M,0,White,NC,INST_05,Urban University E (Research),research,3.33,39,1999,Anthropology,Social Sciences
S201702923,2017,1,M,0,Hispanic,PA,INST_01,State University A (Research),research,3.03,78,1999,Public Health,Health
S201702924,2017,1,M,0,White,NC,INST_05,Urban University E (Research),research,3.36,43,1999,Pre-Med,Health
S201702925,2017,1,F,0,Hispanic,PA,INST_01,State University A (Research),research,3.3,57,1999,Psychology,Social Sciences
S201702926,2017,1,F,0,White,IL,INST_05,Urban University E (Research),research,2.81,69,1999,Education,Other
S201702927,2017,0,F,1,White,IL,INST_01,State University A (Research),research,2.81,36,1999,Psychology,Social Sciences
S201702928,2017,0,M,0,White,FL,INST_05,Urban University E (Research),research,2.49,38,1999,Management,Business
S201702929,2017,1,M,0,White,PA,INST_03,Regional College C (Teaching),teaching,4.0,37,1999,Nursing,Health
S201702930,2017,1,M,0,White,OH,INST_05,Urban University E (Research),research,3.34,50,1999,Sociology,Social Sciences
S201702931,2017,1,M,0,Asian,FL,INST_03,Regional College C (Teaching),teaching,2.92,79,1999,Biology,STEM
S201702932,2017,1,F,1,Black,FL,INST_05,Urban University E (Research),research,3.77,62,1999,Management,Business
S201702933,2017,0,F,0,Hispanic,NY,INST_05,Urban University E (Research),research,3.53,79,1999,Communications,Other
S201702934,2017,0,F,0,White,NY,INST_01,State University A (Research),research,3.08,37,1999,Art History,Humanities
S201702935,2017,0,M,0,White,NJ,INST_02,State University B (Research),research,3.26,46,1999,Mechanical Engineering,STEM
S201702936,2017,1,F,0,White,IL,INST_02,State University B (Research),research,2.83,35,1999,Kinesiology,Health
S201702937,2017,0,F,1,Black,NY,INST_04,Regional College D (Teaching),teaching,3.27,44,1999,Economics,Social Sciences
S201702938,2017,0,M,0,White,IL,INST_05,Urban University E (Research),research,3.86,29,1999,Pre-Med,Health
S201702939,2017,0,F,0,White,OH,INST_04,Regional College D (Teaching),teaching,3.35,65,1999,History,Humanities
S201702940,2017,0,F,0,Asian,NY,INST_05,Urban University E (Research),research,2.9,22,1999,Pre-Med,Health
S201702941,2017,1,M,1,White,MI,INST_03,Regional College C (Teaching),teaching,2.74,36,1999,Anthropology,Social Sciences
S201702942,2017,0,M,0,White,GA,INST_01,State University A (Research),research,2.22,41,1999,Sociology,Social Sciences
S201702943,2017,0,F,0,White,IL,INST_02,State University B (Research),research,2.87,44,1999,Chemistry,STEM
S201702944,2017,0,M,0,White,CA,INST_04,Regional College D (Teaching),teaching,3.43,72,1999,Spanish,Humanities
S201702945,2017,0,F,0,White,MI,INST_03,Regional College C (Teaching),teaching,3.9,27,1999,Anthropology,Social Sciences
S201702946,2017,1,F,0,Hispanic,GA,INST_05,Urban University E (Research),research,3.29,45,1999,Art History,Humanities
S201702947,2017,1,F,0,White,TX,INST_04,Regional College D (Teaching),teaching,3.13,67,1999,Psychology,Social Sciences
S201702948,2017,1,M,1,Black,CA,INST_03,Regional College C (Teaching),teaching,3.28,65,1999,Public Health,Health
S201702949,2017,1,M,1,Black,PA,INST_02,State University B (Research),research,4.0,35,1999,Management,Business
S201702950,2017,0,F,1,Hispanic,FL,INST_04,Regional College D (Teaching),teaching,2.3,36,1999,Pre-Med,Health
S201702951,2017,0,F,0,White,NY,INST_01,State University A (Research),research,4.0,70,1999,Management,Business
S201702952,2017,0,M,0,Black,VA,INST_03,Regional College C (Teaching),teaching,3.25,49,1999,Anthropology,Social Sciences
S201702953,2017,0,M,1,Hispanic,NY,INST_05,Urban University E (Research),research,3.02,41,1999,Economics,Social Sciences
S201702954,2017,1,F,1,Black,PA,INST_04,Regional College D (Teaching),teaching,2.55,73,1999,Philosophy,Humanities
S201702955,2017,0,F,1,Hispanic,OH,INST_02,State University B (Research),research,3.66,65,1999,Economics,Social Sciences
S201702956,2017,0,F,0,White,FL,INST_01,State University A (Research),research,3.14,71,1998,Undeclared,Other
S201702957,2017,0,F,0,Black,MI,INST_04,Regional College D (Teaching),teaching,3.23,45,1999,Electrical Engineering,STEM
S201702958,2017,1,F,0,White,GA,INST_05,Urban University E (Research),research,3.0,68,1999,Mechanical Engineering,STEM
S201702959,2017,0,F,0,White,FL,INST_02,State University B (Research),research,3.21,29,1999,Political Science,Social Sciences
S201702960,2017,0,F,1,White,MI,INST_03,Regional College C (Teaching),teaching,2.38,57,1999,Economics-Bus,Business
S201702961,2017,1,F,0,Hispanic,FL,INST_02,State University B (Research),research,3.12,58,1999,Civil Engineering,STEM
S201702962,2017,0,NB,0,Multi,TX,INST_04,Regional College D (Teaching),teaching,3.37,55,1999,Political Science,Social Sciences
S201702963,2017,1,M,0,White,OH,INST_05,Urban University E (Research),research,2.38,53,1999,Finance,Business
S201702964,2017,0,F,0,Multi,CA,INST_02,State University B (Research),research,2.96,35,1999,Pre-Med,Health
S201702965,2017,1,F,0,White,TX,INST_01,State University A (Research),research,3.07,12,1999,Mechanical Engineering,STEM
S201702966,2017,0,M,0,White,VA,INST_04,Regional College D (Teaching),teaching,3.51,33,1999,Statistics,STEM
S201702967,2017,1,F,0,White,NC,INST_04,Regional College D (Teaching),teaching,2.8,68,1999,Pre-Med,Health
S201702968,2017,0,M,1,Multi,IL,INST_01,State University A (Research),research,3.56,83,1999,Economics,Social Sciences
S201702969,2017,1,F,0,White,FL,INST_01,State University A (Research),research,3.82,84,1999,Management,Business
S201702970,2017,0,M,0,White,NJ,INST_04,Regional College D (Teaching),teaching,2.72,60,1999,Education,Other
S201702971,2017,1,M,1,Black,CA,INST_05,Urban University E (Research),research,3.12,44,1999,Accounting,Business
S201702972,2017,0,M,0,White,GA,INST_01,State University A (Research),research,3.03,78,1999,Education,Other
S201702973,2017,0,F,1,Hispanic,IL,INST_04,Regional College D (Teaching),teaching,2.98,86,1999,Public Health,Health
S201702974,2017,0,F,0,Multi,TX,INST_05,Urban University E (Research),research,3.26,42,1999,Education,Other
S201702975,2017,0,M,0,Black,IL,INST_05,Urban University E (Research),research,3.44,40,1999,Education,Other
S201702976,2017,1,F,1,White,NY,INST_02,State University B (Research),research,3.28,54,1999,Kinesiology,Health
S201702977,2017,1,M,0,Hispanic,GA,INST_02,State University B (Research),research,3.13,82,1999,Civil Engineering,STEM
S201702978,2017,0,M,0,White,PA,INST_01,State University A (Research),research,3.46,54,1999,Public Health,Health
S201702979,2017,0,M,0,Hispanic,IL,INST_03,Regional College C (Teaching),teaching,3.23,49,1999,Kinesiology,Health
S201702980,2017,0,F,1,Hispanic,NC,INST_04,Regional College D (Teaching),teaching,2.87,22,1999,Art History,Humanities
S201702981,2017,0,F,0,White,VA,INST_05,Urban University E (Research),research,3.86,52,1999,Kinesiology,Health
S201702982,2017,0,M,0,Unknown,NC,INST_03,Regional College C (Teaching),teaching,3.19,69,1999,Nursing,Health
S201702983,2017,0,M,0,White,VA,INST_02,State University B (Research),research,3.0,69,1999,Public Health,Health
S201702984,2017,0,M,0,White,IL,INST_05,Urban University E (Research),research,3.1,72,1999,History,Humanities
S201702985,2017,0,M,0,Hispanic,PA,INST_01,State University A (Research),research,3.14,57,1999,Management,Business
S201702986,2017,0,F,0,White,NJ,INST_03,Regional College C (Teaching),teaching,3.4,36,1999,Economics,Social Sciences
S201702987,2017,1,F,0,White,GA,INST_05,Urban University E (Research),research,2.92,52,1999,Kinesiology,Health
S201702988,2017,0,F,0,White,GA,INST_03,Regional College C (Teaching),teaching,3.02,33,1999,Sociology,Social Sciences
S201702989,2017,0,F,0,Unknown,OH,INST_03,Regional College C (Teaching),teaching,3.51,38,1999,Statistics,STEM
S201702990,2017,1,F,0,Asian,IL,INST_02,State University B (Research),research,2.37,56,1999,Communications,Other
S201702991,2017,0,F,0,Black,IL,INST_01,State University A (Research),research,3.53,43,1999,Computer Science,STEM
S201702992,2017,1,F,1,Black,IL,INST_05,Urban University E (Research),research,2.15,50,1999,Anthropology,Social Sciences
S201702993,2017,0,M,1,White,IL,INST_04,Regional College D (Teaching),teaching,4.0,61,1999,History,Humanities
S201702994,2017,0,M,0,Hispanic,GA,INST_05,Urban University E (Research),research,2.73,54,1999,Philosophy,Humanities
S201702995,2017,1,M,0,Black,IL,INST_03,Regional College C (Teaching),teaching,2.58,50,1999,Undeclared,Other
S201702996,2017,0,M,1,White,IL,INST_04,Regional College D (Teaching),teaching,2.89,87,1999,Management,Business
S201702997,2017,0,M,0,White,CA,INST_05,Urban University E (Research),research,3.13,52,1999,Statistics,STEM
S201702998,2017,0,M,0,White,OH,INST_01,State University A (Research),research,3.54,50,1999,Economics-Bus,Business
S201702999,2017,0,M,0,White,IL,INST_03,Regional College C (Teaching),teaching,3.49,71,1999,Physics,STEM
S201703000,2017,1,M,0,White,PA,INST_01,State University A (Research),research,2.11,99,1999,Physics,STEM
S201703001,2017,0,M,1,White,CA,INST_01,State University A (Research),research,3.64,71,1999,Marketing,Business
S201703002,2017,0,F,0,White,CA,INST_03,Regional College C (Teaching),teaching,3.5,24,1999,Undeclared,Other
S201703003,2017,0,F,0,Hispanic,IL,INST_05,Urban University E (Research),research,3.18,63,1999,Economics-Bus,Business
S201703004,2017,0,M,1,White,NY,INST_01,State University A (Research),research,3.15,37,1999,Marketing,Business
S201703005,2017,0,M,0,Hispanic,NC,INST_02,State University B (Research),research,3.81,72,1999,Computer Science,STEM
S201703006,2017,0,M,0,AIAN,FL,INST_02,State University B (Research),research,3.19,69,1999,Computer Science,STEM
S201703007,2017,1,F,0,White,OH,INST_02,State University B (Research),research,3.17,74,1999,Pre-Med,Health
S201703008,2017,0,F,1,White,FL,INST_05,Urban University E (Research),research,4.0,65,1999,Civil Engineering,STEM
S201703009,2017,0,M,0,Black,NY,INST_02,State University B (Research),research,3.36,64,1999,Chemistry,STEM
S201703010,2017,0,F,0,AIAN,NY,INST_05,Urban University E (Research),research,2.34,43,1999,Finance,Business
S201703011,2017,0,F,0,Hispanic,IL,INST_04,Regional College D (Teaching),teaching,3.35,46,1999,General Studies,Other
S201703012,2017,1,M,1,White,OH,INST_05,Urban University E (Research),research,3.95,61,1999,Biology,STEM
S201703013,2017,0,F,0,Asian,NY,INST_01,State University A (Research),research,3.48,41,1999,Finance,Business
S201703014,2017,0,F,0,White,NC,INST_04,Regional College D (Teaching),teaching,3.6,75,1999,Political Science,Social Sciences
S201703015,2017,0,F,1,White,CA,INST_01,State University A (Research),research,3.07,51,1999,Undeclared,Other
S201703016,2017,0,F,0,White,IL,INST_03,Regional College C (Teaching),teaching,4.0,78,1999,Mechanical Engineering,STEM
S201703017,2017,0,M,1,Asian,FL,INST_05,Urban University E (Research),research,3.15,81,1999,Political Science,Social Sciences
S201703018,2017,0,F,1,White,GA,INST_03,Regional College C (Teaching),teaching,2.81,58,1999,Art History,Humanities
S201703019,2017,0,F,0,Black,IL,INST_02,State University B (Research),research,3.45,74,1999,Biomedical Engineering,STEM
S201703020,2017,1,M,1,White,MI,INST_03,Regional College C (Teaching),teaching,3.35,65,1999,Undeclared,Other
S201703021,2017,1,F,0,White,CA,INST_04,Regional College D (Teaching),teaching,3.77,83,1999,Pre-Med,Health
S201703022,2017,0,F,0,Black,OH,INST_04,Regional College D (Teaching),teaching,3.45,57,1999,Computer Science,STEM
S201703023,2017,1,F,0,Asian,TX,INST_01,State University A (Research),research,3.99,97,1999,Physics,STEM
S201703024,2017,1,F,0,White,NY,INST_02,State University B (Research),research,2.95,41,1999,Pre-Med,Health
S201703025,2017,1,M,0,White,MI,INST_05,Urban University E (Research),research,2.24,45,1999,Art History,Humanities
S201703026,2017,0,M,1,Black,NJ,INST_03,Regional College C (Teaching),teaching,3.68,43,1999,Public Health,Health
S201703027,2017,1,M,0,White,TX,INST_05,Urban University E (Research),research,3.5,60,1999,Civil Engineering,STEM
S201703028,2017,1,F,0,Hispanic,IL,INST_02,State University B (Research),research,3.8,78,1999,Political Science,Social Sciences
S201703029,2017,1,F,0,Multi,OH,INST_01,State University A (Research),research,2.69,41,1999,Economics,Social Sciences
S201703030,2017,1,F,0,Asian,NC,INST_05,Urban University E (Research),research,1.84,34,1999,Electrical Engineering,STEM
S201703031,2017,0,M,0,White,PA,INST_03,Regional College C (Teaching),teaching,3.1,38,1999,General Studies,Other
S201703032,2017,0,F,0,White,NY,INST_05,Urban University E (Research),research,3.13,77,1999,Economics-Bus,Business
S201703033,2017,0,M,1,White,NJ,INST_03,Regional College C (Teaching),teaching,2.83,60,1999,Electrical Engineering,STEM
S201703034,2017,0,M,1,White,VA,INST_03,Regional College C (Teaching),teaching,1.97,76,1999,Statistics,STEM
S201703035,2017,0,M,1,Hispanic,IL,INST_04,Regional College D (Teaching),teaching,2.43,73,1999,Economics-Bus,Business
S201703036,2017,1,M,0,White,VA,INST_04,Regional College D (Teaching),teaching,3.48,25,1999,Mechanical Engineering,STEM
S201703037,2017,0,M,1,Multi,TX,INST_04,Regional College D (Teaching),teaching,3.41,56,1999,Accounting,Business
S201703038,2017,0,F,0,White,NC,INST_02,State University B (Research),research,2.99,48,1999,Kinesiology,Health
S201703039,2017,1,F,1,Unknown,NJ,INST_04,Regional College D (Teaching),teaching,3.18,44,1999,Biomedical Engineering,STEM
S201703040,2017,1,F,1,White,CA,INST_05,Urban University E (Research),research,3.53,71,1999,Management,Business
S201703041,2017,0,F,1,Hispanic,MI,INST_01,State University A (Research),research,4.0,44,1999,Civil Engineering,STEM
S201703042,2017,0,M,0,White,CA,INST_02,State University B (Research),research,3.33,52,1999,Nursing,Health
S201703043,2017,0,M,0,Asian,OH,INST_03,Regional College C (Teaching),teaching,3.5,71,1999,Economics,Social Sciences
S201703044,2017,0,F,0,Multi,VA,INST_05,Urban University E (Research),research,3.27,40,1999,Finance,Business
S201703045,2017,0,F,1,White,TX,INST_03,Regional College C (Teaching),teaching,2.02,53,1999,Psychology,Social Sciences
S201703046,2017,0,M,0,Asian,NJ,INST_03,Regional College C (Teaching),teaching,2.71,47,1999,Public Health,Health
S201703047,2017,0,F,0,White,NY,INST_01,State University A (Research),research,2.98,35,1999,Mechanical Engineering,STEM
S201703048,2017,0,M,0,White,FL,INST_03,Regional College C (Teaching),teaching,2.79,50,1999,Economics-Bus,Business
S201703049,2017,0,M,0,White,NJ,INST_02,State University B (Research),research,3.52,78,1999,Anthropology,Social Sciences
S201703050,2017,0,M,1,Hispanic,MI,INST_03,Regional College C (Teaching),teaching,3.07,63,1999,Management,Business
S201703051,2017,1,M,0,Hispanic,GA,INST_03,Regional College C (Teaching),teaching,3.11,44,1999,Biomedical Engineering,STEM
S201703052,2017,1,M,0,Hispanic,CA,INST_03,Regional College C (Teaching),teaching,2.9,43,1999,Pre-Med,Health
S201703053,2017,0,F,0,Hispanic,IL,INST_05,Urban University E (Research),research,3.78,38,1999,Education,Other
S201703054,2017,0,M,0,Asian,CA,INST_04,Regional College D (Teaching),teaching,2.15,35,1999,Marketing,Business
S201703055,2017,1,F,0,White,PA,INST_02,State University B (Research),research,3.35,48,1999,Pre-Med,Health
S201703056,2017,0,M,0,White,TX,INST_04,Regional College D (Teaching),teaching,2.92,61,1999,Marketing,Business
S201703057,2017,1,M,1,White,VA,INST_01,State University A (Research),research,3.14,52,1999,Management,Business
S201703058,2017,0,M,0,White,PA,INST_05,Urban University E (Research),research,2.86,16,1999,Education,Other
S201703059,2017,0,F,0,White,GA,INST_04,Regional College D (Teaching),teaching,3.19,42,1999,Pre-Med,Health
S201703060,2017,0,F,0,Hispanic,VA,INST_03,Regional College C (Teaching),teaching,3.66,32,1999,Computer Science,STEM
