run_id,model_version,scored_at,n_features_used,feature_drift_psi,auroc_holdout,calibration_brier,decision_threshold,flagged_count,override_count
RSC-2024-00000,v2.2.0,2024-06-26 06:10:13,44,0.0471,0.8078,0.1494,0.5094,1281,25
RSC-2024-00001,v2.1.4,2024-08-17 21:13:49,49,0.0253,0.7965,0.1503,0.499,876,118
RSC-2024-00002,v2.2.0,2024-05-01 17:44:20,50,0.0032,0.8193,0.146,0.5094,1561,126
RSC-2024-00003,v2.1.3,2024-01-17 08:11:50,52,0.0732,0.8052,0.1494,0.5182,1154,97
RSC-2024-00004,v2.1.3,2024-04-02 10:27:05,49,0.0036,0.7914,0.1483,0.5148,1048,117
RSC-2024-00005,v2.2.0,2024-04-07 22:10:24,40,0.0888,0.8186,0.1579,0.5038,872,65
RSC-2024-00006,v2.2.1,2024-09-08 02:19:51,56,0.0504,0.787,0.1417,0.5114,1541,42
RSC-2024-00007,v2.2.0,2024-02-12 03:26:51,52,0.0754,0.786,0.1693,0.4935,1220,86
RSC-2024-00008,v2.1.4,2024-09-13 11:14:59,46,0.0625,0.8001,0.1438,0.5104,1590,88
RSC-2024-00009,v2.3.0,2024-07-31 11:11:44,55,0.0174,0.8218,0.1378,0.5146,1426,109
RSC-2024-00010,v2.3.0,2024-01-20 13:08:44,47,0.012,0.7779,0.1294,0.5535,946,95
RSC-2024-00011,v2.2.1,2024-05-28 00:59:55,42,0.0321,0.7921,0.1336,0.5163,1291,55
RSC-2024-00012,v2.2.0,2024-08-07 06:05:02,38,0.0637,0.8033,0.1496,0.4969,1237,126
RSC-2024-00013,v2.1.3,2024-04-14 02:57:06,45,0.0219,0.7909,0.1739,0.5087,1060,111
RSC-2024-00014,v2.2.1,2024-11-04 20:36:46,38,0.0612,0.7719,0.1573,0.5389,866,106
RSC-2024-00015,v2.3.0,2024-07-30 03:22:18,57,0.0264,0.8011,0.1605,0.4988,1137,48
RSC-2024-00016,v2.1.3,2024-07-12 21:02:38,56,0.0585,0.8239,0.1629,0.5041,949,76
RSC-2024-00017,v2.2.0,2024-06-25 21:20:51,43,0.0462,0.8152,0.1368,0.4894,1076,40
RSC-2024-00018,v2.2.1,2024-12-02 20:37:11,55,0.0235,0.812,0.1424,0.5039,1356,27
RSC-2024-00019,v2.2.0,2024-05-13 20:41:41,37,0.0329,0.7938,0.1635,0.4727,1243,114
RSC-2024-00020,v2.3.0,2024-03-03 03:50:54,39,0.066,0.8169,0.1453,0.5125,1252,36
RSC-2024-00021,v2.2.1,2024-11-22 00:34:03,41,0.0079,0.8006,0.1281,0.51,1276,67
RSC-2024-00022,v2.1.4,2024-02-05 21:43:12,40,0.0489,0.8524,0.1449,0.5092,1083,81
RSC-2024-00023,v2.1.3,2024-01-10 13:46:30,39,0.07,0.7724,0.1328,0.4818,1103,64
RSC-2024-00024,v2.2.0,2024-05-15 12:40:33,45,0.0197,0.7987,0.1647,0.5195,1476,139
RSC-2024-00025,v2.2.0,2024-02-16 05:51:52,57,0.0171,0.797,0.1403,0.5141,1462,103
RSC-2024-00026,v2.3.0,2024-04-04 05:04:15,51,0.0296,0.8103,0.1295,0.4984,1514,60
RSC-2024-00027,v2.1.3,2024-04-05 10:49:23,35,0.0282,0.7969,0.1687,0.5561,1314,115
RSC-2024-00028,v2.1.4,2024-03-04 12:21:05,56,0.0271,0.8266,0.1409,0.5152,1039,105
RSC-2024-00029,v2.2.1,2024-11-01 11:27:58,35,0.0644,0.8482,0.1275,0.5226,912,53
RSC-2024-00030,v2.1.3,2024-12-28 10:20:56,56,0.0082,0.8327,0.1487,0.5366,1355,53
RSC-2024-00031,v2.2.0,2024-06-16 02:54:26,49,0.0283,0.8039,0.1334,0.5046,894,76
RSC-2024-00032,v2.2.1,2024-08-04 21:19:06,44,0.023,0.8156,0.153,0.5351,956,91
RSC-2024-00033,v2.1.3,2024-09-12 13:32:14,51,0.0271,0.8231,0.1259,0.5329,1331,69
RSC-2024-00034,v2.2.1,2024-11-16 08:10:49,38,0.0186,0.7991,0.1544,0.4992,999,43
RSC-2024-00035,v2.1.3,2024-02-06 13:59:16,53,0.0135,0.7921,0.1384,0.5007,1377,55
RSC-2024-00036,v2.2.0,2024-11-27 06:50:53,38,0.0361,0.8315,0.1346,0.5154,1546,132
RSC-2024-00037,v2.2.1,2024-10-11 23:32:43,53,0.0118,0.8202,0.146,0.4929,972,127
RSC-2024-00038,v2.1.3,2024-09-06 08:38:11,56,0.0271,0.8426,0.1255,0.4803,1136,128
RSC-2024-00039,v2.1.4,2024-11-24 02:59:37,56,0.1178,0.8178,0.1478,0.5172,1028,122
RSC-2024-00040,v2.3.0,2024-06-24 21:23:30,36,0.0116,0.828,0.1325,0.5525,1289,92
RSC-2024-00041,v2.2.1,2024-10-11 02:27:16,45,0.0041,0.7646,0.114,0.5299,1314,48
RSC-2024-00042,v2.1.3,2024-04-07 21:06:57,52,0.1033,0.8132,0.1584,0.5229,1579,134
RSC-2024-00043,v2.3.0,2024-08-15 11:25:29,44,0.1036,0.8008,0.1326,0.4909,1101,135
RSC-2024-00044,v2.1.3,2024-07-13 02:39:58,50,0.1015,0.824,0.1434,0.4963,1001,113
RSC-2024-00045,v2.2.0,2024-06-12 01:34:13,34,0.0267,0.7873,0.1409,0.5066,1374,25
RSC-2024-00046,v2.2.0,2024-01-27 13:35:26,40,0.0115,0.8224,0.1502,0.516,890,122
RSC-2024-00047,v2.1.4,2024-05-03 20:52:33,49,0.0287,0.8276,0.1048,0.4792,1112,38
RSC-2024-00048,v2.3.0,2024-06-17 10:49:03,38,0.0069,0.7834,0.1508,0.4793,1550,24
RSC-2024-00049,v2.2.1,2024-11-18 18:52:04,57,0.0784,0.8117,0.1541,0.5145,1452,137
RSC-2024-00050,v2.2.1,2024-08-27 00:17:55,38,0.0653,0.8173,0.151,0.5144,1518,42
RSC-2024-00051,v2.2.1,2024-08-17 07:45:31,43,0.0364,0.8118,0.1365,0.5073,1466,55
RSC-2024-00052,v2.1.4,2024-12-05 00:02:52,36,0.0304,0.8339,0.1359,0.4977,990,88
RSC-2024-00053,v2.1.3,2024-03-05 19:21:14,50,0.0231,0.804,0.1471,0.5372,1304,126
RSC-2024-00054,v2.1.4,2024-04-12 04:48:18,53,0.025,0.8058,0.1508,0.4826,1256,106
RSC-2024-00055,v2.2.1,2024-11-18 05:38:19,42,0.0195,0.8189,0.1379,0.489,1085,118
RSC-2024-00056,v2.3.0,2024-08-20 18:00:41,50,0.0492,0.8289,0.1502,0.4744,1071,33
RSC-2024-00057,v2.1.4,2024-11-02 00:07:39,49,0.0321,0.8182,0.1324,0.5246,1466,119
RSC-2024-00058,v2.2.1,2024-08-28 14:11:57,40,0.058,0.7952,0.1419,0.5126,1108,54
RSC-2024-00059,v2.2.0,2024-12-07 04:36:19,41,0.0289,0.8092,0.1528,0.5227,1208,93
RSC-2024-00060,v2.3.0,2024-11-06 04:08:11,41,0.0289,0.7925,0.1637,0.555,1560,29
RSC-2024-00061,v2.1.4,2024-02-01 18:09:18,44,0.0373,0.8275,0.1563,0.516,1072,35
RSC-2024-00062,v2.2.1,2024-02-26 16:22:42,35,0.0369,0.8328,0.1546,0.527,1091,60
RSC-2024-00063,v2.1.4,2024-02-22 19:23:40,42,0.0159,0.8016,0.1518,0.5088,971,71
RSC-2024-00064,v2.1.4,2024-03-23 09:49:11,55,0.0143,0.844,0.1489,0.505,1070,125
RSC-2024-00065,v2.1.3,2024-01-14 17:21:35,40,0.0281,0.8114,0.1611,0.5233,1146,119
RSC-2024-00066,v2.2.0,2024-03-23 21:15:37,53,0.0896,0.801,0.1291,0.5394,1390,93
RSC-2024-00067,v2.2.1,2024-03-03 09:06:56,34,0.0327,0.7981,0.1505,0.5063,1456,124
RSC-2024-00068,v2.3.0,2024-11-21 03:21:29,42,0.0275,0.8016,0.122,0.5362,1109,68
RSC-2024-00069,v2.1.4,2024-05-10 19:22:58,55,0.0454,0.7912,0.1536,0.5127,1025,102
RSC-2024-00070,v2.2.1,2024-01-16 23:08:02,34,0.0717,0.818,0.1308,0.5187,859,34
RSC-2024-00071,v2.1.4,2024-03-31 23:51:21,38,0.0593,0.8018,0.1422,0.5068,1220,60
RSC-2024-00072,v2.2.1,2024-10-29 14:34:41,38,0.0119,0.8334,0.1534,0.5047,964,128
RSC-2024-00073,v2.1.3,2024-03-24 00:49:51,47,0.0822,0.8011,0.1544,0.5046,1183,39
RSC-2024-00074,v2.3.0,2024-06-11 20:55:56,56,0.0399,0.8157,0.1455,0.4908,969,88
RSC-2024-00075,v2.2.1,2024-03-10 07:34:38,57,0.0238,0.8211,0.1487,0.5028,1491,128
RSC-2024-00076,v2.3.0,2024-08-02 06:23:09,39,0.0438,0.8091,0.1252,0.5211,1490,69
RSC-2024-00077,v2.2.0,2024-07-21 14:50:13,35,0.0415,0.8104,0.1262,0.5143,1094,105
RSC-2024-00078,v2.2.0,2024-09-02 17:58:52,42,0.0159,0.7813,0.1289,0.5218,1575,133
RSC-2024-00079,v2.3.0,2024-05-15 19:45:06,43,0.0015,0.8144,0.158,0.5085,1201,36
RSC-2024-00080,v2.1.4,2024-12-04 10:27:11,36,0.0519,0.8336,0.1533,0.5138,1513,66
RSC-2024-00081,v2.1.3,2024-03-19 13:32:11,51,0.0069,0.8277,0.1518,0.5404,867,46
RSC-2024-00082,v2.1.4,2024-09-04 01:43:03,53,0.0136,0.8164,0.144,0.5265,924,91
RSC-2024-00083,v2.2.1,2024-03-16 00:21:35,40,0.0282,0.8137,0.1361,0.5087,973,75
RSC-2024-00084,v2.1.4,2024-02-14 03:53:27,34,0.0241,0.809,0.1444,0.5293,1463,74
RSC-2024-00085,v2.3.0,2024-02-12 01:14:54,52,0.0701,0.8327,0.1491,0.5375,1464,49
RSC-2024-00086,v2.2.0,2024-07-27 04:08:38,47,0.0357,0.7674,0.1683,0.4656,1562,35
RSC-2024-00087,v2.3.0,2024-08-12 05:35:59,51,0.0324,0.7927,0.1685,0.5061,835,84
RSC-2024-00088,v2.2.0,2024-09-08 13:17:31,47,0.036,0.8214,0.1584,0.5134,1506,67
RSC-2024-00089,v2.1.4,2024-01-14 00:24:05,53,0.0059,0.8133,0.1269,0.5119,871,114
RSC-2024-00090,v2.1.4,2024-10-20 10:34:56,53,0.0385,0.8194,0.1458,0.5367,1402,50
RSC-2024-00091,v2.2.1,2024-01-02 00:05:35,51,0.0124,0.815,0.1448,0.5121,1384,101
RSC-2024-00092,v2.1.3,2024-09-15 09:27:18,35,0.0205,0.8176,0.1484,0.509,1187,73
RSC-2024-00093,v2.3.0,2024-02-24 12:16:04,52,0.0199,0.7852,0.1404,0.5115,985,24
RSC-2024-00094,v2.3.0,2024-06-03 05:45:50,34,0.0287,0.7631,0.1445,0.5064,1433,132
RSC-2024-00095,v2.1.4,2024-09-07 00:59:30,43,0.0584,0.83,0.1337,0.511,1138,100
RSC-2024-00096,v2.1.3,2024-03-28 05:49:33,48,0.0341,0.7885,0.1583,0.5301,1410,111
RSC-2024-00097,v2.3.0,2024-11-21 17:10:33,36,0.0395,0.8145,0.1451,0.5017,1213,106
RSC-2024-00098,v2.3.0,2024-03-05 19:34:47,48,0.0205,0.8295,0.1464,0.5315,1148,34
RSC-2024-00099,v2.2.1,2024-03-30 02:20:22,47,0.0219,0.7996,0.1423,0.5037,925,25
RSC-2024-00100,v2.1.3,2024-01-20 03:36:37,36,0.0182,0.819,0.1369,0.5329,1076,126
RSC-2024-00101,v2.2.0,2024-11-15 18:12:37,56,0.0123,0.79,0.1465,0.5394,886,97
RSC-2024-00102,v2.1.4,2024-04-24 10:56:12,46,0.0464,0.8247,0.1467,0.5044,971,53
RSC-2024-00103,v2.1.4,2024-07-29 02:48:36,53,0.0113,0.8121,0.1709,0.5446,1249,99
RSC-2024-00104,v2.2.0,2024-12-29 20:30:19,44,0.0098,0.8364,0.1222,0.5467,888,102
RSC-2024-00105,v2.1.3,2024-05-14 21:51:51,49,0.0528,0.7934,0.143,0.5356,1555,58
RSC-2024-00106,v2.2.1,2024-06-03 15:20:15,49,0.1013,0.7679,0.1523,0.5125,868,38
RSC-2024-00107,v2.2.1,2024-08-16 09:35:42,50,0.0185,0.802,0.1283,0.5021,902,83
RSC-2024-00108,v2.1.3,2024-07-25 01:52:00,38,0.0057,0.8352,0.1535,0.4807,1027,74
RSC-2024-00109,v2.1.4,2024-04-16 04:09:14,57,0.0274,0.8198,0.1528,0.549,1131,64
RSC-2024-00110,v2.3.0,2024-12-09 21:50:36,52,0.0497,0.8049,0.1502,0.5469,1520,131
RSC-2024-00111,v2.3.0,2024-06-03 23:36:25,53,0.0274,0.8417,0.1213,0.5474,926,122
RSC-2024-00112,v2.2.1,2024-08-13 20:22:06,42,0.0705,0.7975,0.1704,0.5224,1511,138
RSC-2024-00113,v2.1.4,2024-04-16 19:16:27,34,0.0191,0.7919,0.1595,0.523,1405,69
RSC-2024-00114,v2.2.1,2024-11-12 00:13:05,40,0.0083,0.7947,0.1424,0.5357,1323,89
RSC-2024-00115,v2.3.0,2024-12-07 20:46:57,47,0.0529,0.8187,0.1484,0.4949,1584,137
RSC-2024-00116,v2.1.3,2024-11-17 04:45:54,53,0.026,0.8397,0.1342,0.4946,965,76
RSC-2024-00117,v2.1.3,2024-08-05 05:52:54,47,0.0198,0.807,0.1187,0.5463,1106,60
RSC-2024-00118,v2.2.0,2024-06-07 04:13:56,38,0.0501,0.8096,0.1345,0.482,1140,49
RSC-2024-00119,v2.2.1,2024-12-17 23:14:47,54,0.0575,0.808,0.1291,0.4936,1202,31
RSC-2024-00120,v2.2.1,2024-10-10 08:08:56,40,0.0362,0.7528,0.1404,0.5191,859,45
RSC-2024-00121,v2.3.0,2024-10-05 12:13:56,53,0.0423,0.8229,0.1401,0.5206,1221,28
RSC-2024-00122,v2.2.0,2024-06-27 15:36:08,44,0.0546,0.8124,0.1538,0.5242,1532,49
RSC-2024-00123,v2.2.0,2024-01-02 13:27:05,44,0.0775,0.8317,0.1272,0.5232,835,89
RSC-2024-00124,v2.2.0,2024-06-19 16:46:26,44,0.0284,0.8249,0.1387,0.5009,1370,64
RSC-2024-00125,v2.1.4,2024-02-17 23:57:59,47,0.0933,0.7945,0.1324,0.4925,1513,71
RSC-2024-00126,v2.1.3,2024-02-03 13:18:36,35,0.0452,0.8156,0.1358,0.4966,838,20
RSC-2024-00127,v2.1.4,2024-03-19 09:22:16,44,0.0643,0.8249,0.1581,0.5421,946,29
RSC-2024-00128,v2.2.0,2024-06-13 00:32:51,56,0.0181,0.8052,0.1522,0.544,895,53
RSC-2024-00129,v2.3.0,2024-07-23 10:34:34,51,0.1369,0.7895,0.1453,0.5582,864,81
RSC-2024-00130,v2.3.0,2024-10-31 09:55:50,50,0.0095,0.7991,0.1322,0.529,1179,106
RSC-2024-00131,v2.3.0,2024-09-10 03:53:04,39,0.0123,0.8143,0.1595,0.512,1573,70
RSC-2024-00132,v2.1.3,2024-09-08 11:13:51,52,0.0308,0.818,0.1514,0.5039,876,101
RSC-2024-00133,v2.2.0,2024-02-25 12:53:48,54,0.0377,0.7876,0.1397,0.502,1096,109
RSC-2024-00134,v2.2.1,2024-07-26 09:31:08,39,0.0651,0.8053,0.1494,0.5277,933,42
RSC-2024-00135,v2.2.0,2024-01-12 22:57:21,41,0.0289,0.8217,0.1474,0.5146,1394,37
RSC-2024-00136,v2.2.0,2024-02-22 04:21:06,56,0.0367,0.7981,0.1357,0.5312,1281,126
RSC-2024-00137,v2.1.4,2024-04-12 07:39:55,35,0.0619,0.7926,0.1407,0.5492,1493,27
RSC-2024-00138,v2.1.3,2024-06-28 15:47:13,49,0.0289,0.8179,0.1441,0.4833,1478,98
RSC-2024-00139,v2.2.1,2024-08-06 21:57:01,42,0.0692,0.8233,0.1479,0.5337,1029,56
RSC-2024-00140,v2.3.0,2024-07-07 23:14:28,38,0.0124,0.8076,0.1442,0.5097,1598,31
RSC-2024-00141,v2.3.0,2024-06-04 19:21:22,43,0.0375,0.8225,0.1413,0.5183,1277,102
RSC-2024-00142,v2.1.4,2024-05-19 16:30:46,39,0.0601,0.796,0.147,0.5273,1045,29
RSC-2024-00143,v2.2.0,2024-04-04 10:21:24,53,0.0962,0.8282,0.1453,0.5218,1001,124
RSC-2024-00144,v2.2.0,2024-11-01 18:40:48,40,0.0723,0.8006,0.1374,0.4862,1332,107
RSC-2024-00145,v2.3.0,2024-11-23 11:16:54,53,0.0199,0.8181,0.1444,0.4759,1543,26
RSC-2024-00146,v2.2.0,2024-04-09 11:32:33,41,0.0431,0.8371,0.1495,0.5062,1414,24
RSC-2024-00147,v2.1.3,2024-02-05 09:20:20,37,0.02,0.784,0.1477,0.5279,1303,63
RSC-2024-00148,v2.2.1,2024-02-22 20:02:27,41,0.0526,0.8325,0.1239,0.5451,1102,49
RSC-2024-00149,v2.1.3,2024-08-18 20:00:01,50,0.0906,0.834,0.1339,0.5425,1350,59
RSC-2024-00150,v2.1.4,2024-04-06 23:58:29,55,0.022,0.7707,0.1507,0.5527,1584,20
RSC-2024-00151,v2.1.3,2024-08-08 22:03:57,47,0.0489,0.8138,0.1464,0.5448,1020,29
RSC-2024-00152,v2.3.0,2024-04-27 17:22:47,40,0.0065,0.8324,0.1497,0.5207,816,50
RSC-2024-00153,v2.1.3,2024-01-25 23:01:24,40,0.015,0.8434,0.1542,0.5342,841,56
RSC-2024-00154,v2.2.0,2024-03-29 10:42:00,38,0.0704,0.8485,0.1353,0.526,1487,50
RSC-2024-00155,v2.2.1,2024-02-29 16:34:32,40,0.0686,0.8199,0.1481,0.4944,943,78
RSC-2024-00156,v2.2.1,2024-03-04 22:46:20,41,0.1043,0.8191,0.1373,0.5027,931,68
RSC-2024-00157,v2.1.4,2024-12-21 00:31:14,48,0.0523,0.8041,0.151,0.4903,1098,70
RSC-2024-00158,v2.1.4,2024-08-19 01:31:30,54,0.0194,0.8255,0.1429,0.4969,879,122
RSC-2024-00159,v2.1.3,2024-02-14 10:47:25,52,0.0552,0.829,0.1368,0.4978,1358,118
RSC-2024-00160,v2.2.1,2024-02-21 10:19:33,51,0.0209,0.7714,0.1508,0.5002,822,48
RSC-2024-00161,v2.1.4,2024-09-23 01:14:49,52,0.0439,0.8082,0.1494,0.5221,1548,127
RSC-2024-00162,v2.2.0,2024-05-16 03:22:09,54,0.0017,0.8056,0.136,0.4816,1127,74
RSC-2024-00163,v2.2.1,2024-05-16 09:53:44,35,0.0226,0.8172,0.1319,0.5182,1224,125
RSC-2024-00164,v2.2.0,2024-03-26 19:35:09,38,0.0514,0.8258,0.1394,0.5028,975,123
RSC-2024-00165,v2.2.1,2024-12-24 18:18:01,34,0.0117,0.8397,0.1488,0.4984,981,89
RSC-2024-00166,v2.1.3,2024-11-04 03:08:27,47,0.0219,0.8082,0.1561,0.4997,1368,137
RSC-2024-00167,v2.2.1,2024-12-05 18:57:29,50,0.0536,0.811,0.1441,0.4886,1291,74
RSC-2024-00168,v2.1.3,2024-01-22 12:07:46,51,0.0628,0.8093,0.1369,0.4984,1189,109
RSC-2024-00169,v2.1.3,2024-01-01 21:36:21,35,0.0309,0.7969,0.1457,0.495,1535,99
RSC-2024-00170,v2.3.0,2024-02-10 10:30:06,53,0.0426,0.8273,0.1463,0.5355,963,92
RSC-2024-00171,v2.2.1,2024-03-03 13:32:15,35,0.016,0.8389,0.1541,0.4885,1043,74
RSC-2024-00172,v2.2.1,2024-09-16 23:21:54,53,0.0161,0.7934,0.1263,0.5107,825,96
RSC-2024-00173,v2.2.1,2024-06-19 00:55:47,53,0.027,0.8008,0.122,0.4931,1255,117
RSC-2024-00174,v2.2.1,2024-11-24 01:29:00,43,0.0521,0.7946,0.1393,0.5387,1025,65
RSC-2024-00175,v2.3.0,2024-07-28 00:39:54,44,0.0644,0.7935,0.1561,0.5221,1310,136
RSC-2024-00176,v2.1.4,2024-06-23 08:28:06,46,0.0174,0.8043,0.1382,0.5303,996,124
RSC-2024-00177,v2.3.0,2024-12-17 12:47:29,36,0.0583,0.8182,0.1451,0.5298,1248,119
RSC-2024-00178,v2.2.0,2024-07-07 19:24:29,38,0.0386,0.819,0.1419,0.5099,1500,58
RSC-2024-00179,v2.3.0,2024-01-15 17:08:42,43,0.0307,0.8104,0.1251,0.5144,991,53
RSC-2024-00180,v2.2.0,2024-10-18 08:35:40,38,0.0362,0.8165,0.1617,0.5063,1573,66
RSC-2024-00181,v2.3.0,2024-09-30 08:46:15,56,0.0528,0.822,0.139,0.5113,1537,95
RSC-2024-00182,v2.2.0,2024-12-28 05:56:28,52,0.0446,0.7986,0.1303,0.534,1456,94
RSC-2024-00183,v2.2.1,2024-05-25 05:21:06,57,0.0058,0.8336,0.14,0.5019,1583,122
RSC-2024-00184,v2.2.0,2024-10-12 01:10:20,47,0.0512,0.804,0.1444,0.4969,1080,54
RSC-2024-00185,v2.2.0,2024-08-15 18:15:39,52,0.0441,0.8022,0.1431,0.5395,1298,67
RSC-2024-00186,v2.1.3,2024-07-14 16:48:58,47,0.0386,0.8014,0.153,0.5418,1283,70
RSC-2024-00187,v2.1.4,2024-09-09 06:29:47,44,0.0421,0.802,0.1836,0.5267,1412,114
RSC-2024-00188,v2.3.0,2024-09-23 16:37:03,52,0.0738,0.8336,0.1518,0.5103,1114,121
RSC-2024-00189,v2.1.4,2024-05-20 04:39:18,53,0.0078,0.8285,0.1492,0.5189,1385,38
RSC-2024-00190,v2.2.0,2024-11-10 22:18:31,56,0.0479,0.7882,0.1464,0.4967,985,58
RSC-2024-00191,v2.1.4,2024-03-02 09:28:22,47,0.0289,0.7843,0.1534,0.5093,836,130
RSC-2024-00192,v2.1.3,2024-05-12 03:34:50,35,0.0361,0.809,0.1535,0.5229,1226,121
RSC-2024-00193,v2.1.4,2024-11-18 19:18:48,35,0.0323,0.8454,0.1441,0.5006,1177,72
RSC-2024-00194,v2.2.1,2024-12-03 05:12:10,43,0.0466,0.823,0.1433,0.4978,1010,94
RSC-2024-00195,v2.2.0,2024-05-27 16:38:46,45,0.0404,0.769,0.1441,0.5269,1319,128
RSC-2024-00196,v2.2.0,2024-11-12 14:45:56,35,0.0216,0.8212,0.1568,0.5082,1307,133
RSC-2024-00197,v2.1.3,2024-11-05 14:48:09,41,0.0351,0.8068,0.1348,0.5546,1389,65
RSC-2024-00198,v2.3.0,2024-08-17 02:36:51,36,0.0495,0.8278,0.138,0.5227,1444,112
RSC-2024-00199,v2.2.1,2024-08-28 17:01:27,38,0.025,0.8155,0.1106,0.4755,1307,90
RSC-2024-00200,v2.1.3,2024-10-16 09:51:15,44,0.0483,0.8042,0.1721,0.5033,1114,96
RSC-2024-00201,v2.2.1,2024-12-15 15:50:42,52,0.0218,0.8225,0.145,0.5211,1146,61
RSC-2024-00202,v2.3.0,2024-07-28 05:08:36,42,0.0669,0.8089,0.1595,0.5551,1083,112
RSC-2024-00203,v2.2.1,2024-01-08 01:38:45,46,0.0801,0.8212,0.128,0.5074,1307,125
RSC-2024-00204,v2.3.0,2024-02-04 00:12:18,54,0.0033,0.811,0.1476,0.5049,859,82
RSC-2024-00205,v2.3.0,2024-07-03 04:58:36,57,0.0609,0.8285,0.1539,0.4946,1477,60
RSC-2024-00206,v2.1.3,2024-03-23 12:32:09,57,0.0285,0.8565,0.1314,0.5145,946,53
RSC-2024-00207,v2.1.4,2024-11-14 16:07:10,39,0.0371,0.812,0.1368,0.5418,1021,58
RSC-2024-00208,v2.3.0,2024-06-14 23:44:42,55,0.0397,0.7972,0.1566,0.5235,838,38
RSC-2024-00209,v2.2.1,2024-01-09 19:23:44,55,0.0899,0.8294,0.1476,0.512,1228,122
RSC-2024-00210,v2.1.3,2024-08-08 17:57:39,46,0.012,0.8248,0.1344,0.5065,880,123
RSC-2024-00211,v2.2.1,2024-01-27 07:04:21,36,0.0533,0.7834,0.1513,0.5048,1250,55
RSC-2024-00212,v2.1.4,2024-12-23 02:45:58,55,0.0614,0.8103,0.1453,0.4774,1346,119
RSC-2024-00213,v2.2.0,2024-04-12 03:31:17,34,0.0081,0.8117,0.1527,0.5103,951,33
RSC-2024-00214,v2.3.0,2024-07-19 04:21:29,42,0.0582,0.8244,0.1508,0.5434,1206,39
RSC-2024-00215,v2.3.0,2024-07-02 23:18:11,35,0.0511,0.8138,0.1449,0.4856,1561,39
RSC-2024-00216,v2.1.4,2024-05-19 03:04:42,43,0.0333,0.8191,0.1439,0.5206,1385,28
RSC-2024-00217,v2.1.3,2024-11-06 09:40:29,50,0.0192,0.8135,0.1522,0.5114,1057,55
RSC-2024-00218,v2.2.0,2024-06-09 02:38:11,56,0.0392,0.79,0.1416,0.4858,1258,30
RSC-2024-00219,v2.3.0,2024-05-12 04:37:31,52,0.0225,0.8169,0.1502,0.477,1127,55
RSC-2024-00220,v2.2.0,2024-02-01 13:37:41,52,0.0363,0.8377,0.1401,0.5144,1241,134
RSC-2024-00221,v2.2.1,2024-10-07 14:54:16,43,0.0381,0.8219,0.1233,0.5089,927,138
RSC-2024-00222,v2.3.0,2024-02-24 03:05:19,56,0.021,0.7996,0.1406,0.4984,1400,122
RSC-2024-00223,v2.1.4,2024-01-24 00:03:44,37,0.0362,0.8141,0.1551,0.5527,907,131
RSC-2024-00224,v2.2.0,2024-12-29 09:49:52,52,0.0351,0.8065,0.1479,0.5206,1585,29
RSC-2024-00225,v2.1.3,2024-03-20 03:26:09,57,0.0145,0.7936,0.1499,0.4802,1337,137
RSC-2024-00226,v2.2.0,2024-04-16 19:43:40,41,0.0349,0.855,0.151,0.5194,896,93
RSC-2024-00227,v2.3.0,2024-05-23 06:04:28,38,0.0507,0.8163,0.1408,0.5107,856,132
RSC-2024-00228,v2.2.0,2024-02-25 18:16:57,52,0.0733,0.8135,0.1323,0.4915,1542,30
RSC-2024-00229,v2.2.0,2024-04-07 09:24:40,54,0.0375,0.8471,0.1478,0.4966,1108,52
RSC-2024-00230,v2.1.4,2024-06-12 06:45:42,38,0.0092,0.7971,0.1297,0.5081,841,117
RSC-2024-00231,v2.1.3,2024-01-03 12:18:51,55,0.0068,0.8206,0.1174,0.5072,1449,53
RSC-2024-00232,v2.1.3,2024-03-31 05:11:35,57,0.0427,0.8121,0.1502,0.4839,1202,84
RSC-2024-00233,v2.2.0,2024-06-21 21:28:45,39,0.0084,0.8183,0.1209,0.5101,1306,128
RSC-2024-00234,v2.3.0,2024-02-29 08:33:56,38,0.0753,0.8174,0.1409,0.4809,1296,47
RSC-2024-00235,v2.3.0,2024-10-28 22:50:44,51,0.0497,0.7821,0.1303,0.5237,889,41
RSC-2024-00236,v2.2.1,2024-11-20 08:14:52,44,0.0411,0.8151,0.152,0.563,823,48
RSC-2024-00237,v2.2.1,2024-08-27 06:24:50,44,0.0402,0.8248,0.1417,0.4854,1220,125
RSC-2024-00238,v2.3.0,2024-01-21 01:10:10,46,0.011,0.8078,0.1582,0.541,1012,51
RSC-2024-00239,v2.2.0,2024-11-02 06:38:55,48,0.0164,0.8313,0.1469,0.5208,1598,109
RSC-2024-00240,v2.2.0,2024-11-23 19:57:31,51,0.077,0.7933,0.1596,0.5138,1046,30
RSC-2024-00241,v2.1.4,2024-05-06 14:13:54,47,0.034,0.8451,0.1595,0.4924,1201,121
RSC-2024-00242,v2.2.0,2024-07-24 11:39:01,41,0.024,0.7999,0.1341,0.4958,1027,54
RSC-2024-00243,v2.2.0,2024-06-02 18:58:17,52,0.0255,0.8437,0.1343,0.5351,1373,29
RSC-2024-00244,v2.2.1,2024-02-27 11:43:39,56,0.0621,0.7814,0.151,0.4991,1265,120
RSC-2024-00245,v2.1.3,2024-09-06 23:36:20,44,0.0409,0.7854,0.1369,0.5155,1027,107
RSC-2024-00246,v2.1.4,2024-03-28 10:52:25,51,0.0657,0.8372,0.1486,0.4843,1314,24
RSC-2024-00247,v2.3.0,2024-11-25 02:01:56,50,0.0367,0.8036,0.149,0.5001,1055,85
RSC-2024-00248,v2.1.4,2024-08-01 13:52:21,50,0.0359,0.8192,0.1487,0.5338,1028,121
RSC-2024-00249,v2.2.0,2024-01-11 13:47:39,45,0.0286,0.8082,0.1489,0.5212,1502,92
RSC-2024-00250,v2.1.4,2024-08-04 06:14:08,50,0.0333,0.8281,0.1305,0.4876,1445,68
RSC-2024-00251,v2.1.3,2024-11-10 03:25:32,43,0.0451,0.8115,0.1462,0.4998,1256,93
RSC-2024-00252,v2.3.0,2024-09-13 04:44:25,45,0.0307,0.8343,0.1446,0.5142,1516,38
RSC-2024-00253,v2.1.4,2024-01-16 20:05:55,40,0.0699,0.8119,0.1405,0.5137,1596,97
RSC-2024-00254,v2.1.4,2024-04-15 10:07:40,35,0.0108,0.8184,0.1377,0.5166,1271,117
RSC-2024-00255,v2.1.4,2024-09-13 01:23:05,52,0.0235,0.796,0.1645,0.5594,1133,89
RSC-2024-00256,v2.2.0,2024-06-17 05:46:02,50,0.0183,0.8313,0.136,0.5244,1477,34
RSC-2024-00257,v2.2.0,2024-05-07 01:59:07,41,0.0336,0.847,0.1422,0.515,1528,107
RSC-2024-00258,v2.1.3,2024-11-06 19:53:43,40,0.0634,0.8121,0.1416,0.5108,1293,109
RSC-2024-00259,v2.3.0,2024-04-22 00:02:59,42,0.0706,0.8198,0.1568,0.5535,945,126
RSC-2024-00260,v2.2.1,2024-12-24 12:37:00,40,0.0047,0.8242,0.1439,0.4917,859,137
RSC-2024-00261,v2.1.4,2024-09-20 10:39:21,35,0.0206,0.7982,0.1539,0.5421,1585,33
RSC-2024-00262,v2.2.1,2024-05-30 04:34:05,43,0.0617,0.8171,0.1568,0.5236,1272,129
RSC-2024-00263,v2.2.0,2024-12-28 01:35:56,46,0.0344,0.8113,0.1341,0.5078,1061,75
RSC-2024-00264,v2.2.0,2024-03-25 20:37:59,44,0.0322,0.767,0.1419,0.5059,1554,30
RSC-2024-00265,v2.1.3,2024-03-22 06:10:31,36,0.0248,0.8128,0.1461,0.518,1524,118
RSC-2024-00266,v2.1.3,2024-05-16 22:17:18,43,0.0252,0.7989,0.1495,0.5415,995,48
RSC-2024-00267,v2.2.0,2024-12-17 23:54:27,36,0.033,0.7974,0.1371,0.5097,1478,81
RSC-2024-00268,v2.3.0,2024-03-27 11:23:44,35,0.0485,0.7877,0.1413,0.5141,1150,106
RSC-2024-00269,v2.1.4,2024-08-12 08:09:13,43,0.0343,0.7814,0.109,0.5275,1487,119
RSC-2024-00270,v2.2.0,2024-10-21 02:47:38,54,0.0303,0.8205,0.1368,0.4904,1189,41
RSC-2024-00271,v2.3.0,2024-02-10 15:41:04,57,0.0616,0.8155,0.1453,0.5033,899,116
RSC-2024-00272,v2.2.1,2024-03-25 18:56:39,57,0.0544,0.8029,0.1625,0.5327,1301,129
RSC-2024-00273,v2.2.0,2024-05-14 06:35:24,49,0.0243,0.843,0.1306,0.5113,1029,94
RSC-2024-00274,v2.2.1,2024-10-07 01:50:34,39,0.0152,0.7916,0.1672,0.4831,931,96
RSC-2024-00275,v2.2.1,2024-04-02 21:17:39,49,0.0287,0.838,0.1394,0.519,1507,90
RSC-2024-00276,v2.2.0,2024-01-18 17:13:14,46,0.0265,0.8316,0.1412,0.5259,1318,28
RSC-2024-00277,v2.2.0,2024-01-18 10:09:36,56,0.0384,0.8151,0.1398,0.5304,911,26
RSC-2024-00278,v2.2.0,2024-12-21 01:01:57,50,0.0219,0.8007,0.1586,0.5114,1505,43
RSC-2024-00279,v2.2.1,2024-12-01 00:00:00,38,0.0185,0.8279,0.132,0.517,847,103
RSC-2024-00280,v2.2.1,2024-04-12 05:54:05,53,0.0118,0.8327,0.1503,0.5009,1337,135
RSC-2024-00281,v2.1.4,2024-06-13 05:57:01,39,0.0255,0.8143,0.1213,0.524,1386,119
RSC-2024-00282,v2.1.4,2024-05-30 20:10:35,55,0.005,0.8106,0.1524,0.5126,1490,40
RSC-2024-00283,v2.1.4,2024-03-01 04:44:23,51,0.0617,0.8331,0.1273,0.5108,1007,31
RSC-2024-00284,v2.1.3,2024-08-27 18:51:29,38,0.0649,0.8099,0.1419,0.5219,1578,96
RSC-2024-00285,v2.2.1,2024-06-27 06:54:15,43,0.0222,0.7912,0.1412,0.5087,1199,50
RSC-2024-00286,v2.1.3,2024-01-15 04:59:33,49,0.0269,0.8276,0.1398,0.5229,1348,33
RSC-2024-00287,v2.1.4,2024-04-29 09:12:32,36,0.0101,0.8073,0.1463,0.5115,1374,85
RSC-2024-00288,v2.1.4,2024-09-05 13:58:07,52,0.0632,0.8121,0.1508,0.4677,1438,71
RSC-2024-00289,v2.2.0,2024-08-21 22:48:08,57,0.024,0.8082,0.1457,0.5098,1403,75
RSC-2024-00290,v2.1.3,2024-05-01 04:57:55,53,0.0122,0.8325,0.1503,0.4932,1304,120
RSC-2024-00291,v2.1.3,2024-12-11 11:58:43,34,0.093,0.7992,0.1431,0.495,1499,67
RSC-2024-00292,v2.2.1,2024-05-29 04:58:28,34,0.0577,0.819,0.1218,0.5357,1437,109
RSC-2024-00293,v2.3.0,2024-12-10 12:20:44,53,0.0524,0.8173,0.1436,0.5204,1555,94
RSC-2024-00294,v2.1.4,2024-06-27 11:37:03,52,0.0342,0.8164,0.1296,0.4871,1234,52
RSC-2024-00295,v2.2.0,2024-08-12 13:13:20,48,0.0122,0.8282,0.1275,0.5345,1033,128
RSC-2024-00296,v2.1.3,2024-02-01 20:57:50,54,0.0359,0.7894,0.1451,0.5283,1319,126
RSC-2024-00297,v2.1.4,2024-08-12 13:09:41,44,0.0616,0.828,0.1634,0.5122,1571,129
RSC-2024-00298,v2.1.4,2024-03-02 00:42:38,49,0.0663,0.7882,0.1515,0.5479,1480,102
RSC-2024-00299,v2.2.1,2024-06-30 01:26:31,56,0.0671,0.8208,0.1228,0.5049,1009,97
RSC-2024-00300,v2.2.0,2024-07-27 06:27:35,53,0.1025,0.8108,0.1302,0.5173,1103,99
RSC-2024-00301,v2.2.1,2024-06-02 23:23:52,43,0.0299,0.8031,0.1265,0.5005,965,80
RSC-2024-00302,v2.1.4,2024-08-21 13:08:08,37,0.0064,0.8111,0.1562,0.488,1019,109
RSC-2024-00303,v2.1.4,2024-01-13 09:33:20,45,0.0134,0.817,0.1382,0.489,1243,102
RSC-2024-00304,v2.3.0,2024-02-10 08:01:29,56,0.0853,0.7948,0.1281,0.4981,953,99
RSC-2024-00305,v2.1.3,2024-10-31 18:37:33,48,0.0361,0.8168,0.1443,0.5111,1307,30
RSC-2024-00306,v2.1.3,2024-01-15 21:51:20,50,0.0565,0.8061,0.1471,0.5094,1080,101
RSC-2024-00307,v2.1.3,2024-04-18 10:47:09,35,0.0264,0.8188,0.1441,0.541,1010,39
RSC-2024-00308,v2.3.0,2024-02-17 18:31:00,53,0.0186,0.8085,0.1336,0.5369,1498,124
RSC-2024-00309,v2.1.4,2024-10-26 04:22:07,34,0.0511,0.8197,0.145,0.5176,995,139
RSC-2024-00310,v2.1.3,2024-07-03 03:59:59,49,0.0785,0.8161,0.1315,0.5222,947,114
RSC-2024-00311,v2.3.0,2024-12-27 21:10:27,50,0.048,0.8155,0.1591,0.4942,1114,105
RSC-2024-00312,v2.1.4,2024-02-29 21:36:00,47,0.0544,0.8287,0.1514,0.5189,1412,132
RSC-2024-00313,v2.1.3,2024-03-02 11:30:39,41,0.0504,0.7986,0.1617,0.5372,1078,21
RSC-2024-00314,v2.2.1,2024-10-16 02:29:37,49,0.0424,0.8254,0.135,0.5232,1499,99
RSC-2024-00315,v2.2.1,2024-09-23 14:18:59,37,0.0302,0.7957,0.1588,0.539,1449,96
RSC-2024-00316,v2.2.1,2024-12-03 21:44:42,43,0.0232,0.811,0.1483,0.5251,1214,132
RSC-2024-00317,v2.3.0,2024-07-25 08:54:30,57,0.0332,0.8135,0.1464,0.5519,843,36
RSC-2024-00318,v2.3.0,2024-07-13 15:15:03,54,0.0304,0.8028,0.155,0.5295,1186,90
RSC-2024-00319,v2.1.3,2024-11-09 04:37:11,40,0.0205,0.8108,0.1677,0.4829,1004,100
RSC-2024-00320,v2.2.0,2024-08-01 12:34:06,44,0.0367,0.8208,0.146,0.4786,886,74
RSC-2024-00321,v2.1.4,2024-06-01 19:27:23,52,0.0228,0.8229,0.1413,0.5145,1414,85
RSC-2024-00322,v2.1.3,2024-04-06 02:23:12,34,0.0644,0.8122,0.1333,0.5321,918,41
RSC-2024-00323,v2.3.0,2024-04-04 18:32:45,40,0.0342,0.8428,0.1521,0.518,1529,64
RSC-2024-00324,v2.2.0,2024-11-20 14:32:32,47,0.0249,0.7974,0.166,0.5371,1267,130
RSC-2024-00325,v2.2.1,2024-06-29 10:56:53,45,0.049,0.8139,0.1553,0.5347,1127,92
RSC-2024-00326,v2.1.4,2024-03-15 03:14:13,44,0.0589,0.8265,0.1318,0.52,905,64
RSC-2024-00327,v2.2.1,2024-08-03 20:52:13,48,0.0208,0.8134,0.1394,0.5528,1558,67
RSC-2024-00328,v2.1.4,2024-11-26 08:54:29,47,0.0151,0.8175,0.1463,0.4941,956,62
RSC-2024-00329,v2.3.0,2024-04-09 10:57:32,57,0.0407,0.8348,0.1408,0.5215,1284,65
RSC-2024-00330,v2.2.0,2024-07-03 02:13:31,51,0.0087,0.8191,0.1351,0.4736,1072,42
RSC-2024-00331,v2.3.0,2024-03-27 21:05:16,43,0.0112,0.8157,0.1458,0.5291,1591,127
RSC-2024-00332,v2.3.0,2024-02-12 05:03:25,39,0.0582,0.8036,0.1433,0.5212,985,123
RSC-2024-00333,v2.1.4,2024-09-03 10:02:11,46,0.0593,0.7925,0.1397,0.4741,1315,21
RSC-2024-00334,v2.3.0,2024-06-24 20:44:17,49,0.0201,0.8142,0.1439,0.4822,1136,47
RSC-2024-00335,v2.2.0,2024-05-11 14:58:14,47,0.0266,0.8183,0.1451,0.5077,1430,45
RSC-2024-00336,v2.2.1,2024-07-08 23:34:49,50,0.0537,0.8007,0.1622,0.4948,1082,42
RSC-2024-00337,v2.3.0,2024-01-16 05:34:39,37,0.0356,0.807,0.1556,0.5658,1462,101
RSC-2024-00338,v2.3.0,2024-04-17 22:11:29,38,0.0152,0.823,0.14,0.5013,1164,79
RSC-2024-00339,v2.3.0,2024-09-29 07:28:37,36,0.0926,0.8234,0.141,0.5248,931,46
RSC-2024-00340,v2.2.0,2024-07-06 00:40:02,50,0.028,0.8116,0.1686,0.503,1007,58
RSC-2024-00341,v2.1.3,2024-05-25 16:55:53,55,0.027,0.7984,0.1295,0.4766,1316,98
RSC-2024-00342,v2.2.1,2024-08-10 12:00:26,36,0.0069,0.8473,0.1287,0.5287,1070,129
RSC-2024-00343,v2.2.1,2024-02-24 17:13:29,53,0.0783,0.8198,0.1275,0.4689,1146,57
RSC-2024-00344,v2.1.3,2024-05-17 03:22:36,36,0.0125,0.8314,0.1295,0.5232,1401,62
RSC-2024-00345,v2.2.0,2024-03-11 02:28:46,45,0.0376,0.8096,0.1433,0.4992,955,103
RSC-2024-00346,v2.1.4,2024-09-10 07:45:58,39,0.0305,0.8067,0.1539,0.5522,1137,53
RSC-2024-00347,v2.2.1,2024-01-13 18:49:37,43,0.0128,0.8439,0.1455,0.5089,972,124
RSC-2024-00348,v2.2.0,2024-07-23 17:21:50,45,0.0262,0.7773,0.1107,0.5349,1100,66
RSC-2024-00349,v2.3.0,2024-02-25 00:35:48,50,0.0446,0.7916,0.1496,0.5173,1256,121
RSC-2024-00350,v2.2.1,2024-06-06 17:03:02,38,0.0325,0.8258,0.1141,0.4933,949,58
RSC-2024-00351,v2.1.3,2024-06-30 16:59:49,34,0.0148,0.8051,0.123,0.5475,900,42
RSC-2024-00352,v2.2.0,2024-11-19 06:25:26,42,0.0304,0.8218,0.142,0.49,1382,66
RSC-2024-00353,v2.3.0,2024-10-24 22:18:29,36,0.0569,0.8126,0.1444,0.5171,1158,127
RSC-2024-00354,v2.3.0,2024-04-01 08:10:54,47,0.0255,0.7948,0.146,0.5031,975,91
RSC-2024-00355,v2.2.0,2024-03-16 15:47:41,55,0.0037,0.8114,0.1536,0.501,850,118
RSC-2024-00356,v2.2.1,2024-12-16 02:47:29,43,0.0529,0.8049,0.1582,0.5453,1511,134
RSC-2024-00357,v2.2.0,2024-11-01 03:42:40,48,0.0118,0.7846,0.1597,0.5167,1188,20
RSC-2024-00358,v2.3.0,2024-08-20 20:41:57,40,0.0556,0.8333,0.1374,0.5374,1500,90
RSC-2024-00359,v2.1.3,2024-07-05 03:35:59,39,0.0888,0.8407,0.1462,0.5177,1576,82
RSC-2024-00360,v2.1.4,2024-09-03 21:10:33,46,0.0494,0.787,0.1377,0.5065,1549,26
RSC-2024-00361,v2.1.3,2024-01-21 20:59:50,52,0.0524,0.7973,0.1451,0.5091,1340,74
RSC-2024-00362,v2.1.4,2024-12-22 08:12:38,44,0.0615,0.8312,0.1373,0.4756,1510,91
RSC-2024-00363,v2.3.0,2024-10-19 18:36:35,37,0.0238,0.8495,0.1539,0.5264,1422,81
RSC-2024-00364,v2.2.1,2024-07-16 05:02:46,51,0.0173,0.8427,0.1507,0.5102,1146,99
RSC-2024-00365,v2.1.4,2024-10-28 00:48:17,57,0.0254,0.7735,0.1431,0.4872,965,80
RSC-2024-00366,v2.1.3,2024-01-09 10:48:56,39,0.0605,0.8186,0.1639,0.5196,1225,114
RSC-2024-00367,v2.1.3,2024-02-04 21:31:45,44,0.0272,0.8177,0.1377,0.4796,875,53
RSC-2024-00368,v2.2.1,2024-10-18 09:55:20,52,0.0469,0.8093,0.1223,0.5216,1376,131
RSC-2024-00369,v2.1.4,2024-02-27 22:18:12,49,0.03,0.8237,0.1343,0.4659,1220,46
RSC-2024-00370,v2.1.4,2024-10-25 16:23:16,46,0.0303,0.8465,0.1334,0.4592,941,97
RSC-2024-00371,v2.2.1,2024-10-01 09:53:37,38,0.0679,0.8163,0.1389,0.527,1479,139
RSC-2024-00372,v2.2.1,2024-08-17 15:05:05,41,0.0121,0.7975,0.1563,0.5115,1195,53
RSC-2024-00373,v2.2.0,2024-04-25 11:33:30,46,0.0141,0.8356,0.1182,0.5148,964,75
RSC-2024-00374,v2.2.0,2024-05-14 03:26:18,34,0.0172,0.782,0.1482,0.5196,900,41
RSC-2024-00375,v2.2.1,2024-03-29 17:21:24,56,0.0114,0.7997,0.149,0.514,1479,20
RSC-2024-00376,v2.2.1,2024-05-15 21:33:34,57,0.0271,0.8427,0.1404,0.53,934,61
RSC-2024-00377,v2.3.0,2024-12-11 13:37:12,43,0.0413,0.8116,0.1461,0.5134,1420,83
RSC-2024-00378,v2.2.1,2024-07-16 21:10:47,39,0.0392,0.7987,0.1627,0.4779,1017,26
RSC-2024-00379,v2.2.0,2024-09-04 09:42:27,48,0.0007,0.8276,0.1383,0.5271,1379,125
RSC-2024-00380,v2.3.0,2024-05-30 05:43:05,46,0.0289,0.8244,0.1452,0.4978,1529,36
RSC-2024-00381,v2.2.0,2024-10-25 17:26:13,44,0.0967,0.8026,0.1228,0.5274,1491,28
RSC-2024-00382,v2.2.0,2024-03-01 17:26:23,45,0.0146,0.8226,0.1361,0.5398,1105,24
RSC-2024-00383,v2.2.0,2024-03-20 09:41:49,52,0.0044,0.8085,0.1419,0.5071,1472,119
RSC-2024-00384,v2.3.0,2024-01-18 18:20:14,45,0.0159,0.8288,0.1613,0.5343,1373,42
RSC-2024-00385,v2.2.1,2024-07-11 18:35:14,38,0.0185,0.7994,0.1422,0.4938,1393,138
RSC-2024-00386,v2.1.3,2024-09-17 07:24:01,34,0.0134,0.7926,0.1356,0.4965,1043,74
RSC-2024-00387,v2.1.3,2024-08-02 08:52:40,38,0.0186,0.7834,0.1517,0.5072,1508,59
RSC-2024-00388,v2.1.4,2024-10-14 08:11:25,57,0.0086,0.8179,0.1365,0.5096,1292,88
RSC-2024-00389,v2.1.3,2024-03-10 21:00:11,54,0.0377,0.8123,0.1486,0.5152,907,65
RSC-2024-00390,v2.1.4,2024-12-10 20:00:37,45,0.0396,0.8236,0.131,0.5101,908,96
RSC-2024-00391,v2.2.1,2024-01-17 13:02:41,38,0.0156,0.8213,0.1381,0.5228,1065,27
RSC-2024-00392,v2.1.3,2024-05-25 18:21:07,54,0.0242,0.8311,0.1383,0.4629,1277,64
RSC-2024-00393,v2.2.1,2024-07-13 21:42:26,49,0.0513,0.8683,0.1441,0.5257,834,81
RSC-2024-00394,v2.2.0,2024-08-22 13:37:51,36,0.0277,0.8333,0.1356,0.5148,1488,134
RSC-2024-00395,v2.1.3,2024-04-22 03:06:05,54,0.0316,0.8085,0.1496,0.5149,836,48
RSC-2024-00396,v2.1.3,2024-10-28 20:25:45,35,0.002,0.8478,0.1684,0.5113,1253,117
RSC-2024-00397,v2.2.1,2024-06-23 12:24:00,38,0.0253,0.8135,0.1195,0.508,1507,113
RSC-2024-00398,v2.1.4,2024-08-10 03:09:31,51,0.0319,0.8351,0.1328,0.53,937,63
RSC-2024-00399,v2.3.0,2024-04-09 18:49:16,43,0.0597,0.8105,0.1351,0.4951,1287,123
RSC-2024-00400,v2.2.1,2024-11-13 00:21:16,49,0.0126,0.8063,0.1537,0.5016,1167,119
RSC-2024-00401,v2.2.1,2024-01-04 20:40:19,55,0.0155,0.8195,0.1293,0.4868,1106,38
RSC-2024-00402,v2.2.0,2024-11-21 22:20:57,35,0.0098,0.8245,0.1401,0.501,1317,92
RSC-2024-00403,v2.1.4,2024-03-28 05:01:42,35,0.0677,0.8142,0.1461,0.496,1137,102
RSC-2024-00404,v2.1.4,2024-05-01 12:16:37,43,0.0611,0.782,0.1253,0.5128,1133,44
RSC-2024-00405,v2.3.0,2024-10-23 12:47:15,49,0.0582,0.794,0.1316,0.4986,1127,75
RSC-2024-00406,v2.2.1,2024-07-07 19:56:38,54,0.0319,0.8044,0.1455,0.5326,1275,81
RSC-2024-00407,v2.1.3,2024-03-17 17:34:52,44,0.0334,0.8495,0.147,0.5259,1071,27
RSC-2024-00408,v2.3.0,2024-10-19 02:43:48,50,0.0521,0.7659,0.1606,0.5142,831,111
RSC-2024-00409,v2.2.1,2024-03-02 13:57:29,51,0.0254,0.8097,0.1362,0.5146,1446,21
RSC-2024-00410,v2.2.1,2024-05-09 13:44:19,39,0.0163,0.813,0.1454,0.5325,1062,83
RSC-2024-00411,v2.2.1,2024-06-01 12:32:44,43,0.022,0.8261,0.1441,0.487,1434,47
RSC-2024-00412,v2.1.4,2024-05-19 08:41:42,47,0.0276,0.8314,0.1195,0.5154,1025,101
RSC-2024-00413,v2.2.1,2024-06-17 20:58:33,34,0.0084,0.7993,0.1404,0.4977,1437,50
RSC-2024-00414,v2.3.0,2024-01-15 00:29:03,49,0.0349,0.8398,0.1255,0.487,1240,66
RSC-2024-00415,v2.1.3,2024-03-10 11:58:22,53,0.0251,0.7996,0.1442,0.5107,889,67
RSC-2024-00416,v2.2.1,2024-02-09 07:40:13,41,0.0407,0.7772,0.1369,0.5042,987,86
RSC-2024-00417,v2.2.1,2024-03-10 03:51:22,46,0.0404,0.8193,0.1536,0.5079,891,68
RSC-2024-00418,v2.2.1,2024-12-27 00:09:31,40,0.0273,0.8187,0.1586,0.5079,801,110
RSC-2024-00419,v2.3.0,2024-09-22 22:13:12,41,0.0573,0.8309,0.1496,0.5042,1259,72
RSC-2024-00420,v2.2.1,2024-06-23 20:38:35,50,0.0269,0.8205,0.1545,0.5175,1541,64
RSC-2024-00421,v2.1.4,2024-05-29 01:43:45,46,0.0299,0.842,0.1774,0.5078,1184,85
RSC-2024-00422,v2.3.0,2024-08-16 03:38:04,45,0.0275,0.8048,0.1536,0.5067,1168,59
RSC-2024-00423,v2.1.4,2024-04-23 15:19:14,47,0.0506,0.8375,0.1572,0.4989,1220,50
RSC-2024-00424,v2.1.4,2024-07-30 18:37:13,37,0.009,0.7998,0.1488,0.4986,1442,84
RSC-2024-00425,v2.2.0,2024-03-29 16:27:47,57,0.023,0.8328,0.1496,0.5239,1560,78
RSC-2024-00426,v2.2.1,2024-09-20 00:08:52,39,0.0258,0.7988,0.1358,0.4994,1030,25
RSC-2024-00427,v2.2.1,2024-07-28 18:29:14,35,0.0038,0.8047,0.1104,0.5461,822,124
RSC-2024-00428,v2.3.0,2024-12-01 00:43:42,43,0.0321,0.8043,0.1502,0.4908,1316,30
RSC-2024-00429,v2.2.0,2024-05-19 23:57:28,49,0.0146,0.8155,0.1549,0.5206,1129,59
RSC-2024-00430,v2.2.1,2024-02-03 09:23:55,46,0.0542,0.8088,0.1534,0.4901,948,68
RSC-2024-00431,v2.1.4,2024-05-04 10:46:52,43,0.0719,0.851,0.1518,0.5105,1446,75
RSC-2024-00432,v2.1.3,2024-10-27 20:00:54,42,0.0072,0.807,0.147,0.5043,1082,56
RSC-2024-00433,v2.1.3,2024-12-06 11:18:39,54,0.071,0.8086,0.1327,0.4891,1147,91
RSC-2024-00434,v2.1.4,2024-09-20 15:22:55,56,0.0142,0.8061,0.1436,0.5185,1179,53
RSC-2024-00435,v2.3.0,2024-09-09 01:00:52,37,0.0164,0.7961,0.1413,0.5143,889,103
RSC-2024-00436,v2.2.0,2024-08-20 22:14:22,42,0.0736,0.8301,0.1456,0.533,1515,83
RSC-2024-00437,v2.2.1,2024-06-11 04:15:51,49,0.0117,0.792,0.1437,0.518,1029,93
RSC-2024-00438,v2.1.3,2024-10-12 23:05:37,34,0.0487,0.8002,0.1373,0.5179,1521,139
RSC-2024-00439,v2.1.4,2024-08-23 20:18:35,47,0.0287,0.8212,0.1354,0.5152,1405,102
RSC-2024-00440,v2.1.4,2024-12-28 06:05:12,57,0.1,0.7879,0.132,0.5021,1341,116
RSC-2024-00441,v2.1.4,2024-08-28 01:58:52,55,0.0196,0.8154,0.141,0.4825,1454,24
RSC-2024-00442,v2.3.0,2024-10-08 02:54:38,50,0.0175,0.814,0.1181,0.5043,1434,62
RSC-2024-00443,v2.3.0,2024-04-25 14:32:35,37,0.0291,0.7837,0.1418,0.5192,1581,24
RSC-2024-00444,v2.3.0,2024-03-18 03:14:21,54,0.0252,0.8107,0.1575,0.5403,1050,34
RSC-2024-00445,v2.1.4,2024-08-15 16:07:35,51,0.0307,0.8011,0.1493,0.4963,1207,22
RSC-2024-00446,v2.3.0,2024-01-03 19:59:31,40,0.1085,0.834,0.1364,0.5132,1024,107
RSC-2024-00447,v2.2.1,2024-07-10 22:05:22,52,0.0368,0.8343,0.1567,0.4973,857,106
RSC-2024-00448,v2.3.0,2024-10-19 02:55:20,47,0.0418,0.808,0.145,0.5056,1421,92
RSC-2024-00449,v2.3.0,2024-10-20 09:31:03,38,0.03,0.8473,0.1269,0.4939,1100,129
RSC-2024-00450,v2.2.1,2024-10-07 09:51:21,52,0.031,0.8016,0.1459,0.5185,981,49
RSC-2024-00451,v2.1.4,2024-09-16 20:09:34,45,0.0202,0.8264,0.1501,0.5318,1546,84
RSC-2024-00452,v2.2.0,2024-10-30 21:55:26,39,0.0416,0.8318,0.1671,0.4855,1486,31
RSC-2024-00453,v2.1.4,2024-08-11 12:44:35,46,0.0087,0.803,0.1286,0.4831,1308,137
RSC-2024-00454,v2.1.4,2024-10-08 11:28:28,52,0.0616,0.8245,0.1387,0.5323,891,92
RSC-2024-00455,v2.1.4,2024-09-06 02:31:05,49,0.019,0.802,0.1488,0.5237,1187,23
RSC-2024-00456,v2.2.1,2024-05-26 13:41:29,48,0.0194,0.7886,0.1483,0.5519,1435,83
RSC-2024-00457,v2.2.1,2024-03-30 00:38:50,34,0.1021,0.8341,0.1566,0.5418,1545,129
RSC-2024-00458,v2.1.3,2024-07-29 22:15:55,45,0.0083,0.8095,0.1314,0.4904,1057,23
RSC-2024-00459,v2.3.0,2024-09-23 22:57:56,57,0.0534,0.8072,0.135,0.5072,1106,129
RSC-2024-00460,v2.1.4,2024-03-10 12:42:45,49,0.0486,0.8413,0.1496,0.5521,1404,56
RSC-2024-00461,v2.1.4,2024-05-11 14:25:30,44,0.026,0.7896,0.1503,0.5166,1032,32
RSC-2024-00462,v2.1.4,2024-03-28 10:42:56,42,0.0077,0.8513,0.1468,0.5093,1318,26
RSC-2024-00463,v2.1.3,2024-07-12 03:56:45,41,0.012,0.8119,0.1515,0.5254,1316,114
RSC-2024-00464,v2.2.1,2024-04-16 23:34:02,34,0.0611,0.7909,0.1384,0.5088,1558,22
RSC-2024-00465,v2.3.0,2024-07-19 08:11:57,56,0.0312,0.806,0.136,0.5004,1210,94
RSC-2024-00466,v2.3.0,2024-09-29 02:34:14,39,0.056,0.7952,0.177,0.5215,821,27
RSC-2024-00467,v2.1.4,2024-06-16 01:02:27,43,0.0616,0.7801,0.1065,0.5317,1414,83
RSC-2024-00468,v2.1.4,2024-04-06 09:51:25,36,0.0474,0.7742,0.1404,0.5392,1351,51
RSC-2024-00469,v2.1.3,2024-04-21 22:13:07,34,0.0782,0.8107,0.1276,0.4847,1155,109
RSC-2024-00470,v2.3.0,2024-08-29 21:34:46,36,0.0133,0.7883,0.1401,0.5297,1091,48
RSC-2024-00471,v2.2.0,2024-01-02 22:38:28,50,0.0313,0.7692,0.1481,0.4789,1296,60
RSC-2024-00472,v2.2.1,2024-01-17 01:10:03,35,0.0588,0.815,0.1556,0.4957,1165,38
RSC-2024-00473,v2.1.3,2024-09-30 14:32:10,42,0.0432,0.8366,0.1595,0.4923,1564,61
RSC-2024-00474,v2.3.0,2024-10-31 12:22:53,57,0.0279,0.8293,0.1113,0.5503,1171,102
RSC-2024-00475,v2.2.0,2024-06-21 00:18:05,36,0.0166,0.8215,0.1565,0.5013,1017,78
RSC-2024-00476,v2.1.4,2024-06-22 13:19:14,55,0.0418,0.8103,0.1634,0.482,850,53
RSC-2024-00477,v2.1.3,2024-04-28 15:09:53,48,0.0266,0.8128,0.1278,0.4861,1163,82
RSC-2024-00478,v2.3.0,2024-06-27 16:38:41,43,0.0281,0.8489,0.1384,0.5251,1322,56
RSC-2024-00479,v2.3.0,2024-10-06 06:03:19,50,0.0338,0.808,0.1328,0.4786,831,118
RSC-2024-00480,v2.1.4,2024-08-29 04:40:10,51,0.0196,0.8135,0.109,0.5186,1339,84
RSC-2024-00481,v2.1.3,2024-11-08 19:05:27,40,0.0219,0.7821,0.1485,0.5216,1311,61
RSC-2024-00482,v2.2.1,2024-10-16 23:13:36,55,0.0157,0.8065,0.1456,0.5487,1565,129
RSC-2024-00483,v2.1.3,2024-12-26 22:19:36,50,0.0411,0.8202,0.1559,0.5118,1262,107
RSC-2024-00484,v2.1.3,2024-07-13 04:13:36,49,0.039,0.78,0.149,0.5012,1527,48
RSC-2024-00485,v2.1.4,2024-10-17 23:58:05,38,0.0348,0.8357,0.1669,0.516,1282,123
RSC-2024-00486,v2.2.0,2024-10-08 18:09:12,54,0.0143,0.8173,0.1271,0.5448,898,32
RSC-2024-00487,v2.2.1,2024-11-14 02:26:28,42,0.0374,0.815,0.1549,0.5164,1588,50
RSC-2024-00488,v2.2.0,2024-11-27 13:47:40,44,0.042,0.8084,0.1285,0.5361,1439,135
RSC-2024-00489,v2.2.0,2024-03-30 20:59:44,52,0.0183,0.8145,0.1405,0.5229,1370,120
RSC-2024-00490,v2.3.0,2024-08-14 23:11:41,43,0.0703,0.8071,0.1427,0.4849,840,139
RSC-2024-00491,v2.2.0,2024-08-03 01:12:53,40,0.0781,0.7829,0.1472,0.5261,1005,59
RSC-2024-00492,v2.3.0,2024-08-24 00:04:36,42,0.016,0.8058,0.1533,0.489,1322,54
RSC-2024-00493,v2.1.4,2024-09-18 10:47:03,46,0.0266,0.7857,0.1481,0.5229,1367,119
RSC-2024-00494,v2.2.1,2024-09-30 17:57:23,44,0.0728,0.8193,0.1604,0.5137,941,130
RSC-2024-00495,v2.2.1,2024-04-11 20:08:45,52,0.0381,0.7962,0.1255,0.5445,1296,135
RSC-2024-00496,v2.2.0,2024-09-10 09:32:13,43,0.0299,0.8033,0.1548,0.4847,1057,120
RSC-2024-00497,v2.1.4,2024-08-15 09:56:30,54,0.0447,0.8142,0.1321,0.5385,879,66
RSC-2024-00498,v2.3.0,2024-07-05 19:50:46,43,0.0204,0.8147,0.1323,0.5033,856,103
RSC-2024-00499,v2.1.3,2024-11-09 16:59:12,47,0.0154,0.7796,0.1369,0.4759,991,80
RSC-2024-00500,v2.1.4,2024-06-12 00:50:20,45,0.0213,0.8253,0.1547,0.542,836,92
RSC-2024-00501,v2.3.0,2024-11-09 23:55:46,43,0.0121,0.7914,0.1307,0.5206,1455,23
RSC-2024-00502,v2.2.1,2024-08-02 11:14:06,46,0.0259,0.7673,0.1323,0.5149,1044,71
RSC-2024-00503,v2.2.1,2024-05-27 16:04:19,37,0.037,0.8342,0.1502,0.5125,1246,34
RSC-2024-00504,v2.2.1,2024-02-29 00:10:48,56,0.0163,0.8088,0.1363,0.5234,917,65
RSC-2024-00505,v2.1.3,2024-01-09 13:15:27,48,0.0302,0.83,0.1249,0.5218,1305,82
RSC-2024-00506,v2.1.4,2024-01-28 11:15:41,41,0.0271,0.8254,0.1437,0.5048,1325,130
RSC-2024-00507,v2.2.0,2024-11-17 11:45:35,36,0.0378,0.7991,0.1496,0.5791,1149,67
RSC-2024-00508,v2.1.4,2024-10-16 00:18:06,52,0.0563,0.8103,0.1477,0.4989,817,113
RSC-2024-00509,v2.2.1,2024-02-13 00:50:31,55,0.0334,0.8423,0.1432,0.4991,809,90
RSC-2024-00510,v2.1.4,2024-04-05 07:16:20,56,0.044,0.7625,0.1458,0.536,1045,43
RSC-2024-00511,v2.1.3,2024-05-27 13:34:07,55,0.052,0.8164,0.1483,0.5357,1465,77
RSC-2024-00512,v2.1.4,2024-01-31 16:55:18,51,0.0228,0.8069,0.1374,0.495,1425,33
RSC-2024-00513,v2.2.0,2024-08-12 15:18:28,46,0.058,0.8062,0.1413,0.5298,1301,92
RSC-2024-00514,v2.1.4,2024-10-18 21:02:50,53,0.0223,0.8357,0.1647,0.5391,1453,99
RSC-2024-00515,v2.1.3,2024-05-27 06:27:22,47,0.0815,0.8012,0.1501,0.5082,1267,21
RSC-2024-00516,v2.1.4,2024-05-05 08:54:42,38,0.0155,0.8096,0.1435,0.5533,1529,61
RSC-2024-00517,v2.2.1,2024-08-04 07:41:01,55,0.0323,0.7917,0.1514,0.5298,1209,36
RSC-2024-00518,v2.2.1,2024-12-09 13:15:38,45,0.0232,0.8154,0.1374,0.5185,1169,60
RSC-2024-00519,v2.2.1,2024-06-15 04:51:23,54,0.0377,0.8105,0.1529,0.5261,1140,41
RSC-2024-00520,v2.3.0,2024-01-30 00:01:17,48,0.0401,0.8249,0.1417,0.4929,1174,40
RSC-2024-00521,v2.3.0,2024-04-20 22:51:28,50,0.0802,0.7961,0.1642,0.5059,1433,25
RSC-2024-00522,v2.1.4,2024-06-14 01:49:38,48,0.0457,0.793,0.1365,0.5176,1003,31
RSC-2024-00523,v2.1.4,2024-10-21 00:06:21,50,0.0593,0.7993,0.1422,0.5094,819,58
RSC-2024-00524,v2.1.4,2024-11-04 22:50:33,56,0.0301,0.8167,0.1479,0.4953,937,35
RSC-2024-00525,v2.2.0,2024-04-05 09:09:15,35,0.0143,0.8075,0.1425,0.4833,1357,97
RSC-2024-00526,v2.3.0,2024-07-13 13:08:12,44,0.0705,0.8245,0.1418,0.5114,1478,121
RSC-2024-00527,v2.2.1,2024-10-23 20:56:24,45,0.0524,0.8215,0.1798,0.5294,1122,27
RSC-2024-00528,v2.3.0,2024-08-26 20:31:36,46,0.0208,0.845,0.15,0.4799,1384,93
RSC-2024-00529,v2.2.1,2024-03-09 05:34:33,36,0.0517,0.8082,0.1446,0.5192,1264,120
RSC-2024-00530,v2.2.0,2024-03-13 04:46:02,34,0.0055,0.8232,0.1391,0.5299,1379,66
RSC-2024-00531,v2.2.0,2024-04-23 15:36:51,34,0.0761,0.8229,0.1384,0.5111,1320,138
RSC-2024-00532,v2.1.3,2024-08-25 21:29:47,36,0.0291,0.788,0.1392,0.4998,830,138
RSC-2024-00533,v2.2.1,2024-12-05 03:20:29,44,0.0661,0.8233,0.1346,0.5096,859,53
RSC-2024-00534,v2.2.1,2024-12-15 23:55:21,50,0.1127,0.8165,0.139,0.5505,1053,30
RSC-2024-00535,v2.3.0,2024-09-06 01:57:28,44,0.1375,0.8016,0.1335,0.4975,816,34
RSC-2024-00536,v2.1.4,2024-08-06 23:57:26,55,0.0117,0.8238,0.1449,0.4981,1371,27
RSC-2024-00537,v2.1.3,2024-03-19 16:45:25,53,0.0214,0.837,0.151,0.5162,1581,49
RSC-2024-00538,v2.3.0,2024-02-27 06:24:08,46,0.0153,0.8123,0.1557,0.5126,830,73
RSC-2024-00539,v2.3.0,2024-01-22 10:20:24,47,0.0171,0.8176,0.1413,0.5615,1356,137
RSC-2024-00540,v2.1.4,2024-12-18 06:34:30,48,0.028,0.8304,0.1348,0.5336,1335,55
RSC-2024-00541,v2.3.0,2024-09-10 15:06:45,39,0.0067,0.8343,0.1466,0.5545,1049,133
RSC-2024-00542,v2.1.3,2024-06-17 23:55:29,34,0.0293,0.811,0.1515,0.5279,1307,21
RSC-2024-00543,v2.3.0,2024-10-08 16:24:58,43,0.0214,0.817,0.1299,0.5468,816,51
RSC-2024-00544,v2.1.4,2024-07-28 13:26:11,52,0.0441,0.8332,0.149,0.4821,1581,37
RSC-2024-00545,v2.1.4,2024-03-12 08:00:26,53,0.0572,0.8368,0.1607,0.5123,1491,64
RSC-2024-00546,v2.1.4,2024-10-20 03:50:17,41,0.018,0.8248,0.152,0.5284,1416,39
RSC-2024-00547,v2.2.0,2024-11-14 21:50:03,54,0.0522,0.8407,0.1466,0.4985,1527,139
RSC-2024-00548,v2.3.0,2024-10-13 05:47:04,45,0.004,0.8062,0.156,0.5155,1408,70
RSC-2024-00549,v2.1.3,2024-06-21 05:58:48,41,0.1192,0.8503,0.133,0.4934,1489,84
RSC-2024-00550,v2.2.0,2024-12-28 00:07:59,39,0.0673,0.8235,0.1407,0.5266,917,28
RSC-2024-00551,v2.2.1,2024-02-22 10:13:45,35,0.0279,0.8236,0.1591,0.5429,1394,88
RSC-2024-00552,v2.3.0,2024-07-01 10:15:34,42,0.0138,0.8125,0.1394,0.5221,1315,30
RSC-2024-00553,v2.2.1,2024-05-31 04:40:17,48,0.0254,0.8107,0.1596,0.4848,1527,136
RSC-2024-00554,v2.2.0,2024-10-13 10:20:09,52,0.0362,0.8079,0.1269,0.4893,1436,66
RSC-2024-00555,v2.1.3,2024-06-04 05:33:23,47,0.0717,0.795,0.1214,0.4978,1594,23
RSC-2024-00556,v2.2.0,2024-01-30 06:41:41,44,0.0343,0.8031,0.1594,0.5134,1279,138
RSC-2024-00557,v2.3.0,2024-08-09 04:37:11,35,0.0502,0.871,0.1375,0.5261,1464,139
RSC-2024-00558,v2.1.4,2024-06-20 17:34:38,50,0.1078,0.8065,0.1352,0.4969,1525,88
RSC-2024-00559,v2.1.4,2024-12-22 22:48:15,48,0.052,0.8511,0.1439,0.5159,1383,133
RSC-2024-00560,v2.2.1,2024-11-10 12:25:55,34,0.0495,0.7845,0.149,0.5044,1155,65
RSC-2024-00561,v2.2.0,2024-03-18 06:55:04,42,0.0245,0.8151,0.1634,0.535,942,99
RSC-2024-00562,v2.1.3,2024-12-27 17:12:10,38,0.0643,0.7674,0.1387,0.4959,854,125
RSC-2024-00563,v2.2.0,2024-09-19 16:39:40,45,0.0827,0.7958,0.1491,0.5109,1335,45
RSC-2024-00564,v2.1.4,2024-01-07 20:30:07,39,0.0203,0.8286,0.1519,0.506,1212,72
RSC-2024-00565,v2.1.4,2024-07-20 23:55:32,50,0.0339,0.7994,0.1524,0.4782,1496,138
RSC-2024-00566,v2.1.3,2024-10-16 07:49:52,57,0.0359,0.8136,0.1418,0.4965,1399,34
RSC-2024-00567,v2.2.1,2024-06-24 23:13:30,37,0.0216,0.8209,0.1753,0.5152,1105,110
RSC-2024-00568,v2.1.4,2024-06-12 08:16:22,54,0.0384,0.8405,0.1257,0.5517,1024,43
RSC-2024-00569,v2.2.0,2024-11-07 11:07:09,49,0.0481,0.8126,0.1546,0.5503,895,132
RSC-2024-00570,v2.2.1,2024-05-07 23:55:59,45,0.052,0.8126,0.1258,0.5066,866,33
RSC-2024-00571,v2.1.3,2024-12-28 02:41:35,52,0.0463,0.8378,0.1503,0.5067,1155,61
RSC-2024-00572,v2.2.1,2024-06-21 00:45:57,49,0.0444,0.8314,0.1549,0.5111,831,66
RSC-2024-00573,v2.2.1,2024-07-14 11:09:37,48,0.0233,0.8303,0.1564,0.5011,1404,103
RSC-2024-00574,v2.3.0,2024-01-21 19:55:37,45,0.0508,0.8011,0.1232,0.5234,1473,60
RSC-2024-00575,v2.2.1,2024-07-07 08:52:08,39,0.1074,0.8125,0.1368,0.5434,1549,138
RSC-2024-00576,v2.2.0,2024-05-02 00:06:37,54,0.0283,0.8325,0.1543,0.4542,1475,61
RSC-2024-00577,v2.2.0,2024-02-17 14:48:19,48,0.0358,0.7802,0.1224,0.4855,1527,103
RSC-2024-00578,v2.1.3,2024-09-09 09:25:19,41,0.0064,0.8382,0.1409,0.467,922,121
RSC-2024-00579,v2.1.3,2024-08-16 13:17:22,50,0.039,0.7699,0.1277,0.5398,1389,47
RSC-2024-00580,v2.1.3,2024-06-14 10:08:35,57,0.0712,0.8085,0.141,0.4833,1109,43
RSC-2024-00581,v2.3.0,2024-12-08 07:21:49,47,0.0499,0.7985,0.1386,0.5261,1441,21
RSC-2024-00582,v2.2.0,2024-10-30 04:12:21,50,0.0244,0.8038,0.1359,0.5071,1410,73
RSC-2024-00583,v2.1.3,2024-09-08 20:35:52,34,0.0355,0.8028,0.1337,0.522,1338,126
RSC-2024-00584,v2.2.0,2024-02-13 19:22:06,53,0.0057,0.8013,0.1346,0.499,1257,79
RSC-2024-00585,v2.2.0,2024-12-01 22:11:56,51,0.0825,0.8106,0.1587,0.5347,1308,105
RSC-2024-00586,v2.1.3,2024-08-09 01:32:04,48,0.0309,0.7888,0.1228,0.5147,1275,119
RSC-2024-00587,v2.2.0,2024-09-09 04:27:30,34,0.056,0.7855,0.1505,0.4985,1047,55
RSC-2024-00588,v2.1.4,2024-08-13 19:21:49,37,0.0829,0.8414,0.1431,0.4817,1120,139
RSC-2024-00589,v2.1.4,2024-08-21 01:54:11,39,0.0527,0.8278,0.1322,0.4993,1072,50
RSC-2024-00590,v2.1.4,2024-05-14 22:15:10,44,0.0335,0.858,0.1546,0.4974,1545,32
RSC-2024-00591,v2.1.4,2024-09-16 00:52:18,44,0.0231,0.8112,0.1395,0.5316,908,65
RSC-2024-00592,v2.1.3,2024-09-13 10:47:30,41,0.0104,0.8211,0.1473,0.4956,1443,40
RSC-2024-00593,v2.2.1,2024-03-04 05:37:27,52,0.0319,0.7843,0.1579,0.5113,1476,43
RSC-2024-00594,v2.3.0,2024-01-31 07:28:55,48,0.0269,0.7856,0.1375,0.5259,841,74
RSC-2024-00595,v2.1.4,2024-03-15 16:18:46,52,0.0315,0.8175,0.1394,0.518,1437,129
RSC-2024-00596,v2.1.3,2024-05-11 11:54:23,56,0.0359,0.7986,0.1598,0.5314,927,50
RSC-2024-00597,v2.1.4,2024-06-29 14:50:55,52,0.046,0.805,0.1374,0.4985,1460,77
RSC-2024-00598,v2.3.0,2024-09-01 03:32:35,49,0.0267,0.7982,0.1412,0.4847,1406,78
RSC-2024-00599,v2.1.4,2024-07-11 08:16:50,43,0.0416,0.7973,0.1474,0.5232,1403,122
RSC-2024-00600,v2.2.0,2024-12-13 09:42:25,38,0.0022,0.8099,0.1516,0.5564,1533,111
RSC-2024-00601,v2.1.3,2024-06-27 15:27:54,40,0.0373,0.8189,0.1398,0.5129,895,56
RSC-2024-00602,v2.2.1,2024-03-30 07:18:24,50,0.0656,0.8121,0.145,0.5073,957,56
RSC-2024-00603,v2.1.3,2024-12-05 15:13:03,42,0.0274,0.8274,0.1528,0.5051,1086,91
RSC-2024-00604,v2.1.3,2024-02-14 13:03:42,52,0.0468,0.7926,0.141,0.512,951,30
RSC-2024-00605,v2.3.0,2024-01-05 18:11:25,43,0.0092,0.8362,0.1404,0.5094,1031,119
RSC-2024-00606,v2.2.1,2024-10-25 13:20:18,40,0.0966,0.7839,0.1443,0.489,903,80
RSC-2024-00607,v2.1.4,2024-10-15 16:08:07,49,0.0162,0.8246,0.1395,0.5173,970,22
RSC-2024-00608,v2.2.1,2024-11-08 10:59:22,48,0.0256,0.7882,0.1451,0.4755,1033,62
RSC-2024-00609,v2.3.0,2024-04-09 15:34:44,52,0.0068,0.8271,0.1197,0.5017,1051,63
RSC-2024-00610,v2.1.3,2024-02-27 21:19:46,40,0.0357,0.8256,0.1698,0.5239,1084,49
RSC-2024-00611,v2.2.1,2024-01-25 09:51:30,43,0.0291,0.7941,0.1489,0.5295,909,29
RSC-2024-00612,v2.1.4,2024-11-14 19:25:08,48,0.0538,0.8017,0.1503,0.486,1358,134
RSC-2024-00613,v2.2.1,2024-05-26 13:06:21,45,0.0456,0.8193,0.1476,0.4715,972,51
RSC-2024-00614,v2.3.0,2024-10-05 22:23:14,55,0.0339,0.7996,0.1477,0.5113,1030,120
RSC-2024-00615,v2.2.0,2024-06-16 03:44:21,47,0.0173,0.8242,0.1364,0.5207,1408,125
RSC-2024-00616,v2.2.0,2024-05-13 20:36:44,43,0.0124,0.8155,0.1469,0.51,1039,76
RSC-2024-00617,v2.3.0,2024-08-08 16:59:42,41,0.028,0.8132,0.1415,0.5146,1025,136
RSC-2024-00618,v2.1.4,2024-09-18 13:35:25,45,0.0205,0.8427,0.1407,0.5153,1338,27
RSC-2024-00619,v2.2.0,2024-08-13 09:38:58,38,0.0222,0.8483,0.1294,0.5045,1514,81
RSC-2024-00620,v2.3.0,2024-08-17 14:01:59,37,0.0502,0.7986,0.1344,0.5037,860,43
RSC-2024-00621,v2.1.4,2024-08-25 05:10:32,48,0.0596,0.7915,0.1276,0.5255,829,119
RSC-2024-00622,v2.2.1,2024-08-09 05:41:31,55,0.0049,0.8217,0.1475,0.5017,1083,128
RSC-2024-00623,v2.2.0,2024-11-20 04:20:48,57,0.0658,0.7712,0.1649,0.5006,857,63
RSC-2024-00624,v2.2.1,2024-02-05 11:16:00,39,0.0535,0.7821,0.1558,0.5213,957,27
RSC-2024-00625,v2.3.0,2024-08-04 14:28:57,47,0.1097,0.8272,0.1234,0.5015,1435,122
RSC-2024-00626,v2.2.0,2024-10-28 22:59:56,43,0.0337,0.822,0.1477,0.5303,954,57
RSC-2024-00627,v2.2.1,2024-07-12 17:02:36,53,0.1271,0.7923,0.1461,0.5255,1120,100
RSC-2024-00628,v2.1.3,2024-11-10 06:30:45,39,0.0898,0.8257,0.1558,0.5367,1485,67
RSC-2024-00629,v2.1.4,2024-08-20 01:57:00,36,0.0586,0.8369,0.1447,0.5385,1000,125
RSC-2024-00630,v2.1.4,2024-08-11 06:50:15,50,0.037,0.8411,0.1216,0.4908,935,70
RSC-2024-00631,v2.3.0,2024-01-16 19:08:13,36,0.0078,0.8143,0.1361,0.5533,1015,23
RSC-2024-00632,v2.3.0,2024-04-12 12:17:38,34,0.0091,0.8165,0.162,0.5049,865,80
RSC-2024-00633,v2.3.0,2024-07-13 10:50:39,36,0.0197,0.8144,0.138,0.5285,1039,85
RSC-2024-00634,v2.1.4,2024-07-20 10:24:44,55,0.0326,0.794,0.1464,0.5307,1372,122
RSC-2024-00635,v2.2.1,2024-04-28 10:02:30,47,0.0413,0.8053,0.1322,0.543,1528,55
RSC-2024-00636,v2.2.1,2024-10-25 00:02:09,54,0.0246,0.831,0.1463,0.5108,1495,35
RSC-2024-00637,v2.3.0,2024-06-11 19:21:01,36,0.0228,0.8325,0.1545,0.4733,977,49
RSC-2024-00638,v2.1.3,2024-06-12 07:31:43,41,0.0397,0.7787,0.141,0.5003,1525,104
RSC-2024-00639,v2.1.4,2024-07-10 12:55:18,37,0.0943,0.8124,0.1637,0.5019,963,121
RSC-2024-00640,v2.3.0,2024-02-14 11:11:42,46,0.0678,0.8169,0.133,0.5178,1157,30
RSC-2024-00641,v2.3.0,2024-01-01 11:36:41,54,0.0273,0.8031,0.13,0.4855,966,36
RSC-2024-00642,v2.2.1,2024-03-19 04:00:42,37,0.0258,0.7877,0.1485,0.5063,1514,101
RSC-2024-00643,v2.1.4,2024-09-07 15:37:59,47,0.0431,0.8243,0.1488,0.4992,1245,26
RSC-2024-00644,v2.1.3,2024-06-11 07:50:48,39,0.0536,0.804,0.1403,0.5532,1027,30
RSC-2024-00645,v2.1.3,2024-11-26 04:55:53,48,0.0564,0.8228,0.1481,0.4978,1215,106
RSC-2024-00646,v2.2.0,2024-06-27 00:11:18,54,0.0115,0.8229,0.1389,0.5212,1581,49
RSC-2024-00647,v2.2.0,2024-10-12 07:22:20,52,0.061,0.7895,0.154,0.5367,833,45
RSC-2024-00648,v2.1.3,2024-02-24 03:46:56,50,0.0339,0.8127,0.1438,0.5054,1320,98
RSC-2024-00649,v2.3.0,2024-08-01 10:09:03,53,0.0374,0.811,0.1364,0.5103,1007,88
RSC-2024-00650,v2.1.3,2024-11-12 02:29:16,36,0.1011,0.786,0.1488,0.4983,1211,59
RSC-2024-00651,v2.3.0,2024-10-02 15:23:28,43,0.021,0.8071,0.153,0.5177,1589,41
RSC-2024-00652,v2.3.0,2024-02-09 03:03:22,45,0.0131,0.8319,0.115,0.4982,995,51
RSC-2024-00653,v2.1.4,2024-06-25 17:04:22,42,0.0452,0.7842,0.1267,0.5108,1590,133
RSC-2024-00654,v2.3.0,2024-04-30 13:08:57,48,0.0077,0.8092,0.1228,0.4934,827,130
RSC-2024-00655,v2.1.4,2024-11-01 12:36:50,43,0.0298,0.8069,0.1374,0.5317,1263,116
RSC-2024-00656,v2.2.1,2024-07-11 21:19:42,51,0.0388,0.7788,0.151,0.5101,1045,137
RSC-2024-00657,v2.3.0,2024-02-14 14:05:41,44,0.0438,0.7944,0.1539,0.4975,971,122
RSC-2024-00658,v2.2.0,2024-08-26 16:59:21,57,0.0068,0.8233,0.1384,0.5432,1520,58
RSC-2024-00659,v2.2.0,2024-12-26 11:08:42,46,0.024,0.8004,0.15,0.4995,1084,63
RSC-2024-00660,v2.2.0,2024-07-08 14:44:40,46,0.0218,0.816,0.1383,0.4626,975,47
RSC-2024-00661,v2.2.0,2024-01-31 09:38:40,48,0.0714,0.7908,0.1338,0.4903,1317,56
RSC-2024-00662,v2.2.0,2024-07-12 22:16:37,38,0.1126,0.8172,0.1587,0.4849,1534,101
RSC-2024-00663,v2.1.3,2024-10-09 22:46:44,36,0.0484,0.8199,0.1347,0.5287,1204,80
RSC-2024-00664,v2.2.0,2024-02-09 15:33:49,50,0.0675,0.7992,0.1578,0.5156,1434,43
RSC-2024-00665,v2.3.0,2024-04-12 13:13:52,48,0.1077,0.8276,0.1542,0.5314,950,31
RSC-2024-00666,v2.3.0,2024-06-26 11:08:45,35,0.0189,0.7942,0.1461,0.5014,1220,123
RSC-2024-00667,v2.3.0,2024-05-13 13:53:47,36,0.0198,0.7699,0.1579,0.4841,1525,133
RSC-2024-00668,v2.1.4,2024-01-06 07:01:37,55,0.0242,0.8036,0.1383,0.4757,1580,37
RSC-2024-00669,v2.3.0,2024-03-03 01:31:10,38,0.0209,0.7883,0.1355,0.4898,1421,115
RSC-2024-00670,v2.2.1,2024-02-04 10:41:40,37,0.0164,0.8068,0.1451,0.5054,1421,52
RSC-2024-00671,v2.2.0,2024-01-17 14:07:40,47,0.0106,0.8165,0.1747,0.5278,1357,73
RSC-2024-00672,v2.2.1,2024-12-06 20:23:48,42,0.0153,0.8303,0.1285,0.4814,1476,70
RSC-2024-00673,v2.2.0,2024-03-11 22:31:56,42,0.0328,0.8104,0.1587,0.5218,1102,70
RSC-2024-00674,v2.3.0,2024-07-29 13:57:22,52,0.0469,0.8034,0.1522,0.5374,839,52
RSC-2024-00675,v2.1.4,2024-06-25 05:44:27,42,0.0644,0.8266,0.1364,0.5217,1378,124
RSC-2024-00676,v2.3.0,2024-06-12 08:24:06,54,0.0264,0.822,0.1558,0.5057,1466,129
RSC-2024-00677,v2.2.0,2024-01-29 20:00:41,57,0.0388,0.8137,0.1772,0.5804,904,45
RSC-2024-00678,v2.2.0,2024-05-01 04:05:08,35,0.0154,0.8316,0.1376,0.5184,1384,121
RSC-2024-00679,v2.2.0,2024-05-09 14:56:21,37,0.1131,0.8181,0.152,0.5148,833,36
RSC-2024-00680,v2.1.4,2024-04-21 21:27:04,51,0.0158,0.8065,0.1527,0.4921,960,26
RSC-2024-00681,v2.2.0,2024-05-04 19:12:40,38,0.0144,0.8039,0.1354,0.5336,1293,95
RSC-2024-00682,v2.1.4,2024-03-24 22:47:08,39,0.0398,0.8048,0.1286,0.4985,919,100
RSC-2024-00683,v2.2.1,2024-09-11 12:14:48,51,0.0058,0.8204,0.1484,0.4773,1034,22
RSC-2024-00684,v2.1.3,2024-09-27 21:35:47,40,0.026,0.7712,0.1283,0.4894,1260,66
RSC-2024-00685,v2.1.3,2024-10-02 15:24:54,39,0.0774,0.8212,0.1641,0.5063,841,33
RSC-2024-00686,v2.1.4,2024-01-14 15:18:24,45,0.0278,0.8196,0.131,0.5095,1380,106
RSC-2024-00687,v2.1.4,2024-05-16 18:38:03,48,0.0616,0.7801,0.1472,0.5053,1393,114
RSC-2024-00688,v2.1.4,2024-07-14 05:08:01,39,0.0194,0.8572,0.146,0.4929,961,109
RSC-2024-00689,v2.1.3,2024-02-06 07:55:24,35,0.0147,0.7985,0.1449,0.5054,1107,84
RSC-2024-00690,v2.2.0,2024-02-08 01:40:59,47,0.0365,0.8001,0.1545,0.5041,1009,103
RSC-2024-00691,v2.3.0,2024-01-29 06:27:57,47,0.0536,0.8233,0.1427,0.5061,1120,78
RSC-2024-00692,v2.1.3,2024-11-09 06:32:41,47,0.0211,0.8254,0.1226,0.5086,1209,42
RSC-2024-00693,v2.1.4,2024-09-12 17:08:19,37,0.0697,0.8207,0.1458,0.5048,1420,103
RSC-2024-00694,v2.1.3,2024-08-03 11:15:16,34,0.0076,0.826,0.1322,0.4903,1260,93
RSC-2024-00695,v2.1.4,2024-06-08 16:17:24,45,0.0508,0.8128,0.1289,0.5456,1478,26
RSC-2024-00696,v2.1.4,2024-04-17 22:28:31,35,0.046,0.8011,0.1426,0.5421,1106,102
RSC-2024-00697,v2.2.0,2024-09-09 17:36:21,36,0.0465,0.8317,0.1457,0.49,1146,117
RSC-2024-00698,v2.1.3,2024-03-27 01:29:06,47,0.0435,0.8282,0.1623,0.4876,1589,60
RSC-2024-00699,v2.3.0,2024-03-30 08:48:39,46,0.0109,0.8226,0.1408,0.5198,1217,100
RSC-2024-00700,v2.2.0,2024-09-15 13:56:47,34,0.0424,0.8103,0.1235,0.4849,1392,52
RSC-2024-00701,v2.1.4,2024-01-19 15:30:29,37,0.0691,0.7806,0.1563,0.5172,1012,35
RSC-2024-00702,v2.3.0,2024-11-03 09:34:17,46,0.0527,0.8311,0.1265,0.5271,1033,63
RSC-2024-00703,v2.1.4,2024-12-29 03:19:02,55,0.0246,0.8129,0.1591,0.4917,1380,24
RSC-2024-00704,v2.1.4,2024-05-24 15:15:56,49,0.0373,0.8306,0.1532,0.4924,1464,129
RSC-2024-00705,v2.2.1,2024-06-25 04:19:02,45,0.0234,0.7997,0.1486,0.4774,1350,111
RSC-2024-00706,v2.1.3,2024-03-25 20:58:42,52,0.0492,0.8136,0.1479,0.5409,833,103
RSC-2024-00707,v2.1.3,2024-11-30 16:54:35,44,0.0808,0.8285,0.1366,0.5051,883,104
RSC-2024-00708,v2.1.3,2024-08-09 00:21:48,56,0.0624,0.8448,0.1581,0.5083,1595,119
RSC-2024-00709,v2.2.0,2024-05-01 21:13:17,54,0.0119,0.8161,0.1202,0.5325,1452,77
RSC-2024-00710,v2.2.0,2024-05-14 03:17:03,53,0.0311,0.8187,0.1261,0.4793,879,115
RSC-2024-00711,v2.2.1,2024-08-12 12:29:57,48,0.0205,0.8135,0.1511,0.5196,883,108
RSC-2024-00712,v2.3.0,2024-06-05 01:44:25,48,0.0103,0.8049,0.1304,0.5476,1379,70
RSC-2024-00713,v2.1.4,2024-07-27 21:08:03,42,0.0268,0.7783,0.146,0.5087,1377,23
RSC-2024-00714,v2.3.0,2024-11-07 08:04:10,53,0.0607,0.8335,0.1475,0.508,816,66
RSC-2024-00715,v2.2.0,2024-07-26 10:36:12,48,0.0298,0.8203,0.1538,0.5025,1065,112
RSC-2024-00716,v2.2.1,2024-04-05 09:56:09,42,0.0252,0.8179,0.1631,0.4918,1304,76
RSC-2024-00717,v2.2.0,2024-08-11 10:27:16,35,0.0529,0.8184,0.1546,0.4954,1061,30
RSC-2024-00718,v2.1.3,2024-01-10 20:52:50,49,0.0717,0.805,0.1564,0.4739,1489,95
RSC-2024-00719,v2.1.4,2024-12-18 06:42:35,40,0.0188,0.8074,0.147,0.5319,807,105
RSC-2024-00720,v2.3.0,2024-05-31 16:34:55,56,0.0814,0.8386,0.1193,0.5205,1277,130
RSC-2024-00721,v2.3.0,2024-08-24 14:59:46,43,0.0242,0.7831,0.1241,0.5275,1091,20
RSC-2024-00722,v2.2.1,2024-02-13 22:10:38,34,0.0582,0.8122,0.1386,0.537,1063,47
RSC-2024-00723,v2.3.0,2024-04-09 17:17:32,49,0.0211,0.7736,0.1336,0.5149,889,78
RSC-2024-00724,v2.1.4,2024-10-04 07:25:22,47,0.0282,0.804,0.177,0.4968,1082,57
RSC-2024-00725,v2.1.4,2024-09-09 11:38:19,51,0.0425,0.8171,0.1513,0.4775,836,60
RSC-2024-00726,v2.1.4,2024-09-09 08:03:56,37,0.0565,0.8198,0.1395,0.5618,1124,128
RSC-2024-00727,v2.1.4,2024-09-29 03:06:30,54,0.057,0.8116,0.1502,0.513,1128,91
RSC-2024-00728,v2.3.0,2024-07-22 02:18:09,50,0.045,0.8053,0.1522,0.5018,1376,83
RSC-2024-00729,v2.2.1,2024-07-30 16:56:01,38,0.0165,0.8478,0.1374,0.5139,947,90
RSC-2024-00730,v2.2.0,2024-04-14 17:17:26,45,0.0344,0.8098,0.1315,0.5147,808,114
RSC-2024-00731,v2.2.0,2024-09-08 15:18:38,38,0.0732,0.825,0.1522,0.5068,946,78
RSC-2024-00732,v2.3.0,2024-06-05 12:11:35,52,0.0252,0.8032,0.1548,0.5346,1127,122
RSC-2024-00733,v2.3.0,2024-01-28 20:16:26,57,0.0067,0.8008,0.1588,0.5203,945,79
RSC-2024-00734,v2.2.1,2024-09-03 19:23:51,40,0.0228,0.7741,0.13,0.5522,888,42
RSC-2024-00735,v2.3.0,2024-02-07 22:05:10,57,0.104,0.8234,0.1277,0.5133,1563,102
RSC-2024-00736,v2.3.0,2024-10-23 12:58:26,36,0.0749,0.7911,0.1292,0.4973,1599,64
RSC-2024-00737,v2.3.0,2024-12-28 09:00:37,53,0.032,0.8104,0.1281,0.4966,944,105
RSC-2024-00738,v2.2.1,2024-10-31 18:39:39,53,0.0232,0.8116,0.1437,0.5479,1264,69
RSC-2024-00739,v2.2.0,2024-01-27 09:25:36,53,0.0347,0.7911,0.1475,0.5063,820,28
RSC-2024-00740,v2.2.1,2024-09-16 08:14:31,56,0.0611,0.8277,0.1495,0.4889,1129,34
RSC-2024-00741,v2.1.4,2024-11-13 19:27:57,45,0.0512,0.7995,0.1539,0.5063,953,33
RSC-2024-00742,v2.3.0,2024-09-05 15:06:37,38,0.063,0.7968,0.1405,0.5344,946,115
RSC-2024-00743,v2.1.4,2024-10-21 20:06:48,35,0.0473,0.821,0.1542,0.4918,1356,126
RSC-2024-00744,v2.1.3,2024-09-26 05:06:37,52,0.0175,0.8249,0.1472,0.5033,1418,124
RSC-2024-00745,v2.1.3,2024-04-19 12:09:27,40,0.0469,0.822,0.1614,0.5506,1244,131
RSC-2024-00746,v2.1.4,2024-11-10 03:17:12,39,0.0383,0.8338,0.1201,0.5483,1478,105
RSC-2024-00747,v2.2.0,2024-01-15 13:30:07,41,0.0576,0.7978,0.1351,0.5113,1483,68
RSC-2024-00748,v2.2.1,2024-06-08 00:30:16,55,0.0071,0.8391,0.1277,0.5241,1557,91
RSC-2024-00749,v2.3.0,2024-01-31 05:40:19,57,0.0524,0.7795,0.1401,0.498,928,43
RSC-2024-00750,v2.2.1,2024-02-10 13:33:54,49,0.0258,0.8142,0.1323,0.5244,953,99
RSC-2024-00751,v2.2.1,2024-04-02 10:03:16,35,0.0188,0.8073,0.1659,0.5382,1055,28
RSC-2024-00752,v2.2.1,2024-06-23 21:48:51,36,0.0196,0.8015,0.1605,0.5099,1591,74
RSC-2024-00753,v2.1.3,2024-07-16 00:22:28,55,0.1462,0.8342,0.1145,0.5121,1140,40
RSC-2024-00754,v2.3.0,2024-12-09 12:09:41,35,0.0191,0.8283,0.1346,0.5039,1240,135
RSC-2024-00755,v2.1.4,2024-05-28 21:23:54,41,0.0152,0.7917,0.1516,0.5257,1132,130
RSC-2024-00756,v2.2.0,2024-01-24 16:41:40,54,0.0243,0.7992,0.1507,0.5185,923,113
RSC-2024-00757,v2.1.4,2024-09-30 18:18:55,37,0.0511,0.8393,0.1355,0.506,1167,49
RSC-2024-00758,v2.3.0,2024-04-21 10:15:51,46,0.1146,0.8099,0.1464,0.5444,1024,79
RSC-2024-00759,v2.2.0,2024-03-22 00:49:17,38,0.0108,0.799,0.1433,0.5112,949,90
RSC-2024-00760,v2.2.0,2024-06-03 02:07:38,34,0.0203,0.8017,0.1337,0.5041,1511,30
RSC-2024-00761,v2.2.1,2024-02-29 01:56:11,45,0.0376,0.8005,0.1525,0.5116,1477,91
RSC-2024-00762,v2.1.3,2024-09-19 21:37:05,55,0.079,0.8391,0.153,0.5201,1537,64
RSC-2024-00763,v2.2.0,2024-10-04 12:21:36,44,0.0833,0.8135,0.1283,0.516,1295,131
RSC-2024-00764,v2.1.4,2024-04-29 22:27:04,51,0.0265,0.8043,0.1467,0.5243,943,46
RSC-2024-00765,v2.1.3,2024-03-24 17:30:17,52,0.0187,0.7895,0.1322,0.5216,1006,74
RSC-2024-00766,v2.3.0,2024-03-09 18:30:50,52,0.0586,0.8009,0.1752,0.5208,917,43
RSC-2024-00767,v2.2.0,2024-07-14 02:07:38,40,0.0165,0.8321,0.1342,0.5258,1298,117
RSC-2024-00768,v2.2.0,2024-11-23 05:09:01,55,0.0277,0.805,0.1382,0.5065,830,31
RSC-2024-00769,v2.1.3,2024-07-19 13:55:17,48,0.0811,0.8305,0.153,0.5001,925,136
RSC-2024-00770,v2.3.0,2024-11-19 09:15:22,44,0.0654,0.8405,0.1382,0.4923,912,26
RSC-2024-00771,v2.1.3,2024-06-29 06:00:50,47,0.0496,0.7948,0.1257,0.5076,1241,121
RSC-2024-00772,v2.1.4,2024-09-01 03:53:21,52,0.0772,0.7808,0.161,0.5533,1063,131
RSC-2024-00773,v2.2.1,2024-02-06 19:04:52,40,0.0568,0.8294,0.1431,0.5208,1497,42
RSC-2024-00774,v2.2.0,2024-07-11 06:29:14,36,0.0392,0.8356,0.1407,0.5276,1206,70
RSC-2024-00775,v2.1.3,2024-10-29 20:16:24,41,0.0183,0.8066,0.1695,0.5322,1079,122
RSC-2024-00776,v2.2.0,2024-02-01 10:45:25,41,0.0312,0.8114,0.1667,0.4992,1027,30
RSC-2024-00777,v2.1.3,2024-05-31 14:26:36,40,0.0467,0.8086,0.1624,0.5053,1473,110
RSC-2024-00778,v2.2.1,2024-03-01 12:52:38,53,0.069,0.826,0.1327,0.5028,1400,52
RSC-2024-00779,v2.3.0,2024-03-23 14:47:06,57,0.0149,0.7883,0.1485,0.4869,1565,27
RSC-2024-00780,v2.1.3,2024-09-01 04:12:39,34,0.0154,0.8444,0.1641,0.5355,1402,95
RSC-2024-00781,v2.2.0,2024-09-26 15:18:21,51,0.014,0.8033,0.1403,0.5331,813,121
RSC-2024-00782,v2.3.0,2024-05-19 07:10:00,43,0.061,0.8413,0.1234,0.4879,1557,51
RSC-2024-00783,v2.2.0,2024-10-29 04:54:35,37,0.0043,0.7832,0.1407,0.5179,1136,54
RSC-2024-00784,v2.1.3,2024-06-19 01:44:02,47,0.1353,0.8071,0.1273,0.5063,1308,102
RSC-2024-00785,v2.3.0,2024-12-27 05:54:28,41,0.0339,0.789,0.1428,0.48,1179,58
RSC-2024-00786,v2.1.3,2024-11-25 08:46:49,54,0.0106,0.8058,0.1509,0.5191,1019,110
RSC-2024-00787,v2.1.3,2024-06-21 05:00:14,36,0.0097,0.8336,0.1268,0.5051,1440,55
RSC-2024-00788,v2.2.1,2024-05-30 09:27:38,34,0.0838,0.853,0.1389,0.5237,862,94
RSC-2024-00789,v2.1.3,2024-11-19 11:34:49,57,0.0898,0.8274,0.1476,0.51,929,121
RSC-2024-00790,v2.1.3,2024-06-02 22:17:03,53,0.0156,0.8046,0.144,0.4622,945,122
RSC-2024-00791,v2.3.0,2024-12-01 18:15:20,43,0.0348,0.8514,0.1733,0.5512,1134,83
RSC-2024-00792,v2.1.4,2024-09-04 11:24:56,39,0.0205,0.8177,0.129,0.5171,1371,117
RSC-2024-00793,v2.1.4,2024-04-15 05:47:42,55,0.0158,0.7923,0.1508,0.5183,994,51
RSC-2024-00794,v2.1.3,2024-02-14 12:04:47,36,0.0303,0.8056,0.1302,0.5167,907,136
RSC-2024-00795,v2.3.0,2024-05-13 01:12:30,52,0.0642,0.8135,0.1329,0.4826,1220,93
RSC-2024-00796,v2.3.0,2024-12-03 06:30:32,49,0.0587,0.8,0.1423,0.5435,1396,41
RSC-2024-00797,v2.1.3,2024-01-31 17:58:41,56,0.0333,0.8129,0.1436,0.5215,1261,30
RSC-2024-00798,v2.3.0,2024-11-20 05:55:13,40,0.0246,0.8127,0.1493,0.5161,1013,124
RSC-2024-00799,v2.2.1,2024-11-07 00:30:54,42,0.0178,0.8359,0.1542,0.4904,1538,111
RSC-2024-00800,v2.2.1,2024-06-29 22:05:19,57,0.0227,0.8173,0.1571,0.5185,1039,123
RSC-2024-00801,v2.1.3,2024-04-29 19:35:14,47,0.0252,0.8094,0.1421,0.5116,876,29
RSC-2024-00802,v2.2.1,2024-01-04 18:20:26,53,0.0686,0.8365,0.1387,0.4996,1143,133
RSC-2024-00803,v2.1.3,2024-10-09 15:38:32,45,0.0547,0.779,0.1747,0.4725,981,88
RSC-2024-00804,v2.2.1,2024-05-23 07:00:16,55,0.0371,0.7892,0.1521,0.4849,1585,136
RSC-2024-00805,v2.1.3,2024-10-21 15:49:23,38,0.135,0.8192,0.1265,0.5524,1472,118
RSC-2024-00806,v2.1.3,2024-09-02 13:38:51,49,0.0275,0.7805,0.1335,0.5114,1045,107
RSC-2024-00807,v2.1.4,2024-10-18 23:41:22,56,0.0606,0.7948,0.1596,0.5244,806,116
RSC-2024-00808,v2.2.1,2024-05-24 18:32:19,45,0.0886,0.83,0.1638,0.51,1461,47
RSC-2024-00809,v2.2.1,2024-04-01 07:58:57,39,0.0524,0.8163,0.1435,0.4987,1204,133
RSC-2024-00810,v2.2.0,2024-02-11 14:46:53,40,0.0492,0.7824,0.1444,0.5096,812,85
RSC-2024-00811,v2.1.4,2024-05-25 17:01:56,49,0.0184,0.8321,0.1453,0.5375,965,99
RSC-2024-00812,v2.2.1,2024-05-10 05:40:17,39,0.0546,0.8225,0.1234,0.4894,928,36
RSC-2024-00813,v2.3.0,2024-03-11 04:55:55,38,0.0276,0.7913,0.1318,0.5203,1144,42
RSC-2024-00814,v2.2.1,2024-08-15 06:10:56,54,0.0584,0.8126,0.1242,0.5166,847,40
RSC-2024-00815,v2.1.3,2024-12-17 02:40:53,43,0.0378,0.8419,0.1453,0.4888,1556,110
RSC-2024-00816,v2.2.1,2024-04-24 07:15:05,47,0.005,0.8319,0.1562,0.4849,1328,31
RSC-2024-00817,v2.2.1,2024-03-01 14:52:57,35,0.0219,0.8068,0.1188,0.5039,1306,125
RSC-2024-00818,v2.3.0,2024-09-21 06:47:51,39,0.0318,0.7974,0.1403,0.5391,1171,128
RSC-2024-00819,v2.1.4,2024-11-17 14:00:20,40,0.0388,0.8495,0.1421,0.4914,1466,85
RSC-2024-00820,v2.1.3,2024-11-29 20:20:39,47,0.0261,0.8359,0.1375,0.4742,966,117
RSC-2024-00821,v2.2.0,2024-11-15 14:16:05,56,0.012,0.8438,0.1278,0.5011,991,39
RSC-2024-00822,v2.1.4,2024-06-24 17:32:05,36,0.0649,0.8076,0.137,0.4891,1009,42
RSC-2024-00823,v2.2.0,2024-09-29 01:00:39,52,0.07,0.8243,0.1555,0.5296,1369,29
RSC-2024-00824,v2.1.3,2024-10-16 16:32:31,52,0.0066,0.7948,0.1289,0.4855,1529,54
RSC-2024-00825,v2.3.0,2024-01-26 08:31:37,44,0.0138,0.8125,0.1539,0.4822,1159,62
RSC-2024-00826,v2.1.4,2024-10-22 11:01:59,48,0.0338,0.8293,0.16,0.4839,1283,97
RSC-2024-00827,v2.1.3,2024-11-26 04:40:34,52,0.031,0.8214,0.126,0.4815,1055,21
RSC-2024-00828,v2.1.4,2024-04-16 10:24:37,50,0.0164,0.8008,0.1322,0.5668,1188,85
RSC-2024-00829,v2.2.0,2024-02-12 15:40:51,57,0.0184,0.8314,0.164,0.5035,871,128
RSC-2024-00830,v2.1.3,2024-08-26 05:55:31,55,0.0414,0.8144,0.1208,0.4848,1020,36
RSC-2024-00831,v2.1.4,2024-04-17 15:37:27,47,0.0274,0.809,0.1393,0.4903,900,32
RSC-2024-00832,v2.2.0,2024-01-04 09:09:09,57,0.0386,0.8147,0.1484,0.5105,1083,104
RSC-2024-00833,v2.1.4,2024-03-19 08:52:36,37,0.0202,0.8271,0.1601,0.5442,878,130
RSC-2024-00834,v2.2.0,2024-04-25 15:14:00,55,0.0741,0.8372,0.1481,0.5105,983,111
RSC-2024-00835,v2.3.0,2024-09-13 14:00:52,47,0.0591,0.7989,0.1411,0.5122,1222,58
RSC-2024-00836,v2.2.1,2024-03-11 19:59:11,34,0.0213,0.7767,0.1443,0.5461,1486,82
RSC-2024-00837,v2.1.4,2024-10-09 12:30:30,56,0.0247,0.7654,0.1501,0.4979,940,111
RSC-2024-00838,v2.3.0,2024-05-30 13:42:08,51,0.0319,0.8149,0.1451,0.5117,1302,55
RSC-2024-00839,v2.2.0,2024-06-04 01:42:36,43,0.065,0.8493,0.1504,0.5189,906,91
RSC-2024-00840,v2.2.0,2024-10-08 11:57:49,55,0.0123,0.8175,0.1564,0.5046,1499,47
RSC-2024-00841,v2.2.1,2024-01-06 10:19:47,38,0.094,0.8318,0.1337,0.5169,1545,66
RSC-2024-00842,v2.2.0,2024-01-16 02:59:41,54,0.079,0.8266,0.15,0.5374,1213,72
RSC-2024-00843,v2.2.1,2024-08-10 18:05:49,54,0.0695,0.8161,0.1444,0.5422,1213,51
RSC-2024-00844,v2.1.4,2024-05-08 15:43:28,52,0.0115,0.8396,0.1301,0.5024,1278,55
RSC-2024-00845,v2.1.4,2024-11-25 10:19:50,54,0.0343,0.8077,0.1222,0.5297,1551,57
RSC-2024-00846,v2.1.4,2024-12-21 15:46:17,40,0.0721,0.8139,0.1291,0.5219,1046,70
RSC-2024-00847,v2.2.1,2024-07-18 05:08:26,47,0.0112,0.7777,0.151,0.5343,1137,73
RSC-2024-00848,v2.2.1,2024-03-09 20:17:05,48,0.0343,0.7986,0.1397,0.5166,1159,56
RSC-2024-00849,v2.1.3,2024-01-28 20:11:51,55,0.0891,0.7996,0.149,0.4701,1267,89
RSC-2024-00850,v2.1.4,2024-12-13 13:50:17,34,0.023,0.8222,0.1233,0.5196,859,60
RSC-2024-00851,v2.3.0,2024-06-25 17:09:27,49,0.0353,0.806,0.1469,0.5393,974,76
RSC-2024-00852,v2.3.0,2024-10-31 08:26:23,51,0.0485,0.8128,0.1293,0.5193,1557,71
RSC-2024-00853,v2.3.0,2024-10-27 06:25:24,39,0.0216,0.8156,0.1281,0.5472,1238,128
RSC-2024-00854,v2.2.1,2024-10-03 09:40:34,57,0.0339,0.8119,0.1413,0.5273,926,72
RSC-2024-00855,v2.3.0,2024-05-10 08:28:33,38,0.0502,0.8106,0.1652,0.5135,1177,78
RSC-2024-00856,v2.2.0,2024-11-18 13:58:17,54,0.0091,0.8072,0.1238,0.5094,1584,55
RSC-2024-00857,v2.2.0,2024-09-10 11:14:45,42,0.0351,0.7935,0.1421,0.4822,895,87
RSC-2024-00858,v2.3.0,2024-10-11 13:30:57,55,0.0175,0.7982,0.1483,0.5316,817,89
RSC-2024-00859,v2.1.4,2024-08-03 15:49:16,36,0.0468,0.816,0.1301,0.5069,1448,137
RSC-2024-00860,v2.2.0,2024-10-27 06:27:42,37,0.0127,0.8028,0.1375,0.513,1483,61
RSC-2024-00861,v2.1.3,2024-06-05 00:44:09,48,0.0533,0.7909,0.1563,0.553,1385,58
RSC-2024-00862,v2.2.1,2024-05-20 07:49:26,52,0.0229,0.8113,0.1474,0.4934,1039,62
RSC-2024-00863,v2.3.0,2024-03-29 15:36:31,47,0.0712,0.8095,0.1565,0.506,1590,66
RSC-2024-00864,v2.1.3,2024-09-02 22:35:20,45,0.0398,0.7683,0.1477,0.5339,1029,66
RSC-2024-00865,v2.1.3,2024-05-02 02:10:56,52,0.0605,0.7874,0.1543,0.5253,1023,36
RSC-2024-00866,v2.2.1,2024-03-01 18:08:56,42,0.0355,0.7963,0.1374,0.5178,800,89
RSC-2024-00867,v2.1.4,2024-05-19 19:03:35,40,0.0708,0.816,0.1567,0.5071,1027,63
RSC-2024-00868,v2.2.1,2024-01-12 12:24:29,55,0.083,0.812,0.1528,0.5169,905,84
RSC-2024-00869,v2.3.0,2024-06-22 15:57:13,47,0.0066,0.8226,0.1346,0.5266,1368,29
RSC-2024-00870,v2.2.0,2024-07-12 15:32:19,50,0.0267,0.7867,0.1614,0.526,1216,33
RSC-2024-00871,v2.1.4,2024-10-08 08:51:34,41,0.0731,0.8492,0.1255,0.5331,1191,75
RSC-2024-00872,v2.1.3,2024-06-17 14:20:38,44,0.0074,0.819,0.1397,0.5285,858,46
RSC-2024-00873,v2.1.4,2024-12-15 05:21:27,50,0.0233,0.8061,0.1513,0.508,1307,90
RSC-2024-00874,v2.1.3,2024-11-25 22:23:52,57,0.0751,0.8178,0.1291,0.4958,854,137
RSC-2024-00875,v2.1.4,2024-10-15 17:10:57,40,0.0459,0.8097,0.1189,0.4852,1264,127
RSC-2024-00876,v2.2.1,2024-08-25 00:10:09,35,0.0301,0.8052,0.1711,0.5322,872,98
RSC-2024-00877,v2.3.0,2024-11-11 19:59:15,49,0.0071,0.7954,0.1402,0.5347,1190,103
RSC-2024-00878,v2.1.4,2024-10-18 12:42:17,50,0.0183,0.811,0.1532,0.4914,836,32
RSC-2024-00879,v2.2.0,2024-11-17 08:56:11,40,0.039,0.8139,0.1366,0.5318,1483,38
RSC-2024-00880,v2.3.0,2024-06-12 14:59:51,50,0.0234,0.8079,0.1362,0.4809,1293,27
RSC-2024-00881,v2.3.0,2024-03-11 19:40:03,46,0.0651,0.8029,0.1636,0.5397,1370,50
RSC-2024-00882,v2.1.3,2024-03-22 08:19:07,34,0.0551,0.825,0.1205,0.5145,1039,35
RSC-2024-00883,v2.1.4,2024-01-14 15:29:28,41,0.0324,0.8358,0.1422,0.5263,1004,120
RSC-2024-00884,v2.3.0,2024-12-04 02:49:58,38,0.0563,0.851,0.1285,0.5201,1164,132
RSC-2024-00885,v2.3.0,2024-08-09 19:51:55,34,0.0487,0.805,0.1257,0.5134,1421,53
RSC-2024-00886,v2.3.0,2024-12-17 10:17:44,35,0.0231,0.804,0.1365,0.4721,1126,35
RSC-2024-00887,v2.1.3,2024-11-20 22:01:39,52,0.0975,0.8269,0.1581,0.5282,1185,138
RSC-2024-00888,v2.3.0,2024-09-28 23:29:26,35,0.0186,0.8024,0.1456,0.5281,1114,68
RSC-2024-00889,v2.2.0,2024-08-18 04:28:40,47,0.0197,0.8426,0.1472,0.511,1352,67
RSC-2024-00890,v2.2.0,2024-11-17 06:57:24,46,0.1194,0.8302,0.1548,0.5276,1342,66
RSC-2024-00891,v2.1.4,2024-11-15 21:17:16,34,0.0404,0.7966,0.1537,0.5371,1039,109
RSC-2024-00892,v2.2.1,2024-08-07 06:47:39,50,0.0151,0.8105,0.1417,0.4735,1422,133
RSC-2024-00893,v2.1.4,2024-11-14 12:35:08,57,0.0631,0.7756,0.1385,0.4849,889,54
RSC-2024-00894,v2.1.4,2024-10-17 06:25:20,53,0.021,0.8019,0.1318,0.5262,818,91
RSC-2024-00895,v2.2.0,2024-01-01 20:11:17,50,0.0264,0.8276,0.1322,0.5107,1407,72
RSC-2024-00896,v2.2.1,2024-01-31 20:46:09,52,0.1216,0.823,0.1486,0.5042,1560,72
RSC-2024-00897,v2.1.3,2024-02-14 19:30:51,54,0.0851,0.8125,0.1428,0.5305,1102,62
RSC-2024-00898,v2.1.4,2024-09-27 18:19:15,42,0.0266,0.8079,0.1367,0.538,1423,96
RSC-2024-00899,v2.2.1,2024-07-31 00:18:31,51,0.0554,0.8038,0.1588,0.4894,1107,69
RSC-2024-00900,v2.2.1,2024-11-24 08:39:50,43,0.009,0.7916,0.1424,0.5256,1218,99
RSC-2024-00901,v2.1.4,2024-04-21 03:41:59,52,0.0341,0.8133,0.1353,0.5029,1227,66
RSC-2024-00902,v2.2.0,2024-01-01 14:56:56,48,0.0396,0.7948,0.1381,0.5089,1165,85
RSC-2024-00903,v2.2.1,2024-06-09 23:02:19,47,0.0329,0.7899,0.1263,0.5097,922,96
RSC-2024-00904,v2.1.4,2024-08-17 05:55:14,39,0.0393,0.821,0.1568,0.4723,1159,99
RSC-2024-00905,v2.1.3,2024-05-07 01:42:12,48,0.0136,0.7958,0.1203,0.5241,1541,131
RSC-2024-00906,v2.2.0,2024-01-31 05:12:54,52,0.0847,0.7867,0.1229,0.5259,1258,97
RSC-2024-00907,v2.2.0,2024-05-21 13:06:10,34,0.0081,0.7957,0.1372,0.5358,1069,52
RSC-2024-00908,v2.2.0,2024-10-12 16:04:46,40,0.0183,0.8393,0.1349,0.5078,1072,88
RSC-2024-00909,v2.1.3,2024-07-26 08:25:05,42,0.0343,0.7978,0.1529,0.5064,1485,20
RSC-2024-00910,v2.2.0,2024-01-29 19:51:51,45,0.0701,0.8131,0.1555,0.5157,1338,118
RSC-2024-00911,v2.1.3,2024-01-21 14:27:10,54,0.0282,0.8164,0.1491,0.5195,1257,71
RSC-2024-00912,v2.3.0,2024-03-29 14:40:09,42,0.0089,0.844,0.1328,0.5312,1308,52
RSC-2024-00913,v2.2.0,2024-06-26 23:42:29,40,0.0326,0.811,0.1448,0.4965,1589,124
RSC-2024-00914,v2.2.1,2024-06-22 10:37:56,53,0.0426,0.8041,0.1443,0.5127,1310,102
RSC-2024-00915,v2.3.0,2024-07-14 03:24:56,47,0.0402,0.8372,0.1389,0.5168,854,58
RSC-2024-00916,v2.1.4,2024-10-16 07:01:00,38,0.0451,0.8063,0.1448,0.4812,1482,117
RSC-2024-00917,v2.1.4,2024-01-26 19:35:19,38,0.0609,0.8234,0.157,0.4906,1412,81
RSC-2024-00918,v2.3.0,2024-11-25 22:44:30,43,0.0232,0.844,0.1351,0.5435,940,59
RSC-2024-00919,v2.1.4,2024-05-02 14:48:41,49,0.0298,0.8227,0.1544,0.524,1088,125
RSC-2024-00920,v2.2.1,2024-05-29 04:53:41,45,0.069,0.7884,0.1472,0.5029,1166,138
RSC-2024-00921,v2.3.0,2024-03-02 01:08:59,46,0.003,0.7727,0.1567,0.4868,1562,79
RSC-2024-00922,v2.2.0,2024-12-12 21:53:55,55,0.0274,0.8146,0.1385,0.5057,827,75
RSC-2024-00923,v2.3.0,2024-03-13 06:27:23,49,0.0337,0.8118,0.1703,0.5136,1352,74
RSC-2024-00924,v2.2.1,2024-10-29 16:53:21,35,0.0414,0.7905,0.1629,0.533,1158,24
RSC-2024-00925,v2.1.3,2024-07-04 09:17:30,48,0.0776,0.8207,0.1524,0.494,895,71
RSC-2024-00926,v2.2.1,2024-04-14 01:58:26,52,0.0265,0.8102,0.1277,0.5367,1291,88
RSC-2024-00927,v2.1.3,2024-04-08 07:12:00,45,0.023,0.8399,0.1475,0.5267,1062,90
RSC-2024-00928,v2.3.0,2024-02-23 18:27:12,56,0.0527,0.8302,0.1301,0.5241,1388,35
RSC-2024-00929,v2.2.0,2024-11-02 18:02:59,51,0.0049,0.7991,0.1426,0.5134,1528,42
RSC-2024-00930,v2.2.1,2024-10-03 01:36:11,48,0.0366,0.7812,0.1576,0.4999,983,25
RSC-2024-00931,v2.2.1,2024-02-09 15:24:39,49,0.0603,0.83,0.1453,0.5396,1294,62
RSC-2024-00932,v2.1.3,2024-01-14 23:21:13,55,0.0436,0.8084,0.15,0.5046,1378,105
RSC-2024-00933,v2.3.0,2024-09-24 09:09:12,38,0.0288,0.8252,0.1445,0.5198,1263,110
RSC-2024-00934,v2.2.0,2024-07-27 16:32:59,56,0.0296,0.8265,0.1419,0.4672,1231,92
RSC-2024-00935,v2.3.0,2024-08-21 19:56:46,37,0.032,0.8346,0.1452,0.514,848,134
RSC-2024-00936,v2.3.0,2024-06-15 23:55:51,44,0.0393,0.8389,0.1459,0.4716,1480,51
RSC-2024-00937,v2.1.4,2024-06-15 09:19:35,57,0.0817,0.78,0.1306,0.5019,1441,39
RSC-2024-00938,v2.2.1,2024-09-10 17:56:03,57,0.0189,0.79,0.1308,0.4891,1123,136
RSC-2024-00939,v2.2.1,2024-04-16 05:52:42,36,0.0374,0.8202,0.139,0.489,1276,76
RSC-2024-00940,v2.1.3,2024-07-11 06:56:49,39,0.0086,0.8006,0.1703,0.5612,1424,96
RSC-2024-00941,v2.2.0,2024-11-14 11:34:06,39,0.066,0.8087,0.1445,0.5013,1585,84
RSC-2024-00942,v2.1.3,2024-04-09 10:32:59,48,0.0347,0.8134,0.115,0.5415,834,44
RSC-2024-00943,v2.2.1,2024-05-02 05:01:55,54,0.0324,0.8182,0.1349,0.5007,942,59
RSC-2024-00944,v2.2.0,2024-01-01 11:34:53,44,0.071,0.8029,0.1534,0.5273,1207,95
RSC-2024-00945,v2.3.0,2024-06-19 03:22:30,45,0.0198,0.7886,0.1461,0.5224,1233,101
RSC-2024-00946,v2.1.3,2024-07-05 09:01:29,41,0.0475,0.8321,0.1551,0.5304,1341,96
RSC-2024-00947,v2.2.1,2024-04-15 02:19:22,49,0.0047,0.806,0.1491,0.5282,1549,86
RSC-2024-00948,v2.3.0,2024-04-17 03:14:21,45,0.0245,0.813,0.1753,0.5412,951,67
RSC-2024-00949,v2.1.4,2024-03-28 01:14:26,42,0.0192,0.803,0.1397,0.5046,1463,63
RSC-2024-00950,v2.3.0,2024-06-07 18:38:35,53,0.0699,0.8413,0.138,0.5308,838,94
RSC-2024-00951,v2.1.3,2024-06-10 15:06:13,56,0.0268,0.821,0.1286,0.4927,1213,28
RSC-2024-00952,v2.2.0,2024-07-30 22:22:45,40,0.0181,0.8084,0.1381,0.5335,1123,89
RSC-2024-00953,v2.1.3,2024-06-08 11:10:03,44,0.0418,0.8116,0.125,0.5052,1352,61
RSC-2024-00954,v2.3.0,2024-04-14 22:33:50,47,0.0173,0.783,0.141,0.5062,901,75
RSC-2024-00955,v2.3.0,2024-08-03 19:50:49,49,0.029,0.7826,0.1422,0.5077,1367,53
RSC-2024-00956,v2.2.1,2024-08-06 01:32:39,38,0.0217,0.8201,0.1556,0.5218,1004,127
RSC-2024-00957,v2.3.0,2024-04-04 06:40:36,50,0.0254,0.82,0.1429,0.5188,1406,37
RSC-2024-00958,v2.1.4,2024-05-17 12:58:39,34,0.0773,0.8313,0.1183,0.5641,1586,126
RSC-2024-00959,v2.2.0,2024-01-10 17:14:39,57,0.0253,0.8133,0.1684,0.5116,1287,119
RSC-2024-00960,v2.2.0,2024-03-19 08:59:59,56,0.0124,0.822,0.1342,0.5028,1058,77
RSC-2024-00961,v2.1.4,2024-09-30 05:32:10,39,0.0542,0.816,0.1254,0.5157,1382,129
RSC-2024-00962,v2.3.0,2024-05-15 10:25:00,35,0.032,0.7961,0.1326,0.5393,1211,49
RSC-2024-00963,v2.1.3,2024-06-22 02:45:31,48,0.0397,0.8275,0.1498,0.5037,1058,74
RSC-2024-00964,v2.2.1,2024-03-30 22:15:52,47,0.0108,0.8368,0.1425,0.484,1134,139
RSC-2024-00965,v2.2.1,2024-05-24 17:06:22,52,0.01,0.8054,0.1358,0.5138,959,69
RSC-2024-00966,v2.2.0,2024-08-08 17:49:55,48,0.0456,0.8315,0.1459,0.501,1040,51
RSC-2024-00967,v2.2.1,2024-07-18 15:04:00,34,0.0547,0.8048,0.1247,0.5331,1533,52
RSC-2024-00968,v2.1.3,2024-04-05 01:46:13,38,0.039,0.816,0.1618,0.5101,1132,101
RSC-2024-00969,v2.2.0,2024-08-29 04:02:08,41,0.0053,0.7864,0.1337,0.5413,877,109
RSC-2024-00970,v2.2.1,2024-12-16 09:30:50,54,0.0414,0.7781,0.1303,0.5038,1506,51
RSC-2024-00971,v2.1.4,2024-10-19 10:34:38,51,0.0307,0.8291,0.1591,0.539,1476,69
RSC-2024-00972,v2.2.0,2024-11-06 05:47:50,35,0.0308,0.785,0.1463,0.5154,1235,115
RSC-2024-00973,v2.1.4,2024-06-23 19:08:29,39,0.0295,0.8047,0.1495,0.5332,1481,49
RSC-2024-00974,v2.2.0,2024-03-04 02:18:49,46,0.0612,0.8247,0.136,0.5159,877,62
RSC-2024-00975,v2.2.0,2024-08-04 10:43:49,55,0.0662,0.8041,0.1267,0.5227,1314,122
RSC-2024-00976,v2.1.4,2024-02-03 12:58:46,39,0.0234,0.8393,0.1443,0.5349,1489,117
RSC-2024-00977,v2.2.1,2024-11-19 23:32:38,53,0.0157,0.7973,0.1396,0.4883,1018,67
RSC-2024-00978,v2.1.4,2024-10-28 09:56:18,38,0.1166,0.797,0.1266,0.5029,1537,30
RSC-2024-00979,v2.2.1,2024-01-29 22:23:11,37,0.032,0.8447,0.1338,0.5026,1478,127
RSC-2024-00980,v2.3.0,2024-11-16 03:35:28,34,0.0278,0.8349,0.1455,0.5151,1514,111
RSC-2024-00981,v2.1.3,2024-06-19 14:06:00,56,0.0903,0.8129,0.1516,0.544,1019,57
RSC-2024-00982,v2.2.0,2024-11-27 17:32:41,53,0.0031,0.821,0.1407,0.5339,1049,79
RSC-2024-00983,v2.2.1,2024-06-19 00:37:30,34,0.0284,0.7873,0.1371,0.5113,881,70
RSC-2024-00984,v2.2.1,2024-12-12 09:40:35,44,0.0281,0.7839,0.1252,0.496,959,86
RSC-2024-00985,v2.1.3,2024-08-16 14:54:12,37,0.0105,0.8219,0.1355,0.483,919,33
RSC-2024-00986,v2.1.3,2024-09-24 08:10:28,40,0.0405,0.8142,0.1546,0.5116,1483,83
RSC-2024-00987,v2.3.0,2024-07-13 22:03:05,57,0.0149,0.822,0.1339,0.4997,1095,44
RSC-2024-00988,v2.2.0,2024-03-29 09:20:36,45,0.0311,0.8331,0.1407,0.5093,1099,135
RSC-2024-00989,v2.2.0,2024-01-18 14:15:07,57,0.0127,0.8078,0.1394,0.5136,1356,96
RSC-2024-00990,v2.1.3,2024-03-20 11:35:19,46,0.0153,0.8463,0.1623,0.5079,1284,130
RSC-2024-00991,v2.2.1,2024-12-30 02:57:11,56,0.0327,0.8307,0.1415,0.532,1019,49
RSC-2024-00992,v2.2.1,2024-02-21 16:03:19,45,0.0192,0.8188,0.1258,0.5642,1330,119
RSC-2024-00993,v2.3.0,2024-10-18 19:12:37,49,0.0536,0.8052,0.1413,0.4787,1289,33
RSC-2024-00994,v2.1.4,2024-12-26 18:26:13,49,0.0114,0.7971,0.1497,0.4993,1317,30
RSC-2024-00995,v2.2.0,2024-05-26 21:58:29,37,0.0117,0.8191,0.1594,0.5261,1159,34
RSC-2024-00996,v2.1.4,2024-12-24 13:18:22,56,0.0086,0.8251,0.1494,0.519,1512,65
RSC-2024-00997,v2.1.3,2024-11-08 10:30:12,45,0.0323,0.8106,0.133,0.4876,1591,106
RSC-2024-00998,v2.3.0,2024-02-21 06:50:23,56,0.1405,0.7988,0.1505,0.5174,1364,57
RSC-2024-00999,v2.1.3,2024-04-19 07:01:52,35,0.0266,0.7994,0.1741,0.4887,946,107
RSC-2024-01000,v2.2.0,2024-01-25 21:06:34,42,0.007,0.809,0.1525,0.4924,1437,117
RSC-2024-01001,v2.3.0,2024-06-12 11:54:14,38,0.072,0.8324,0.128,0.5011,907,107
RSC-2024-01002,v2.2.0,2024-04-24 21:20:46,35,0.0552,0.8106,0.1488,0.5012,1549,26
RSC-2024-01003,v2.3.0,2024-07-21 17:41:51,39,0.0008,0.7681,0.1492,0.5601,1529,126
RSC-2024-01004,v2.2.0,2024-10-28 18:02:33,52,0.043,0.8152,0.1473,0.5152,1029,70
RSC-2024-01005,v2.1.4,2024-06-08 18:47:08,46,0.0109,0.824,0.1608,0.5348,1420,49
RSC-2024-01006,v2.1.4,2024-03-09 15:02:56,39,0.0542,0.7984,0.1218,0.5139,1181,137
RSC-2024-01007,v2.2.1,2024-06-04 03:16:32,57,0.0042,0.804,0.157,0.4932,1470,93
RSC-2024-01008,v2.2.1,2024-08-16 12:36:24,40,0.041,0.8107,0.1518,0.5157,986,77
RSC-2024-01009,v2.1.4,2024-07-23 10:45:21,46,0.0376,0.8036,0.1521,0.5128,944,64
RSC-2024-01010,v2.1.3,2024-06-24 11:39:41,55,0.0143,0.7909,0.1173,0.505,1294,80
RSC-2024-01011,v2.1.4,2024-05-06 21:24:56,34,0.0968,0.7869,0.1204,0.4967,1020,111
RSC-2024-01012,v2.2.1,2024-06-20 18:07:22,49,0.0667,0.7979,0.1476,0.5159,842,94
RSC-2024-01013,v2.2.1,2024-10-06 15:48:48,49,0.0368,0.7914,0.1259,0.5189,1096,131
RSC-2024-01014,v2.3.0,2024-08-02 14:49:07,56,0.0538,0.7886,0.1456,0.5108,899,39
RSC-2024-01015,v2.1.3,2024-01-29 01:39:13,48,0.0494,0.8162,0.1519,0.5205,974,123
RSC-2024-01016,v2.2.0,2024-08-03 22:18:08,50,0.0713,0.8134,0.1474,0.5246,1503,24
RSC-2024-01017,v2.3.0,2024-05-05 23:21:36,51,0.0537,0.8201,0.1551,0.5367,1213,138
RSC-2024-01018,v2.1.3,2024-09-16 20:09:16,56,0.063,0.8362,0.1421,0.5331,1325,77
RSC-2024-01019,v2.1.3,2024-10-04 02:18:47,40,0.0283,0.8119,0.1654,0.4712,1335,129
RSC-2024-01020,v2.2.0,2024-09-20 06:45:56,45,0.0728,0.8459,0.1526,0.5125,1376,138
RSC-2024-01021,v2.1.3,2024-12-07 18:31:11,49,0.022,0.8258,0.1641,0.5317,1579,69
RSC-2024-01022,v2.1.3,2024-05-25 11:43:11,36,0.0431,0.8115,0.1234,0.531,1024,128
RSC-2024-01023,v2.1.3,2024-06-28 22:02:23,52,0.0107,0.8216,0.1156,0.5128,1425,138
RSC-2024-01024,v2.3.0,2024-05-01 15:46:56,44,0.0104,0.7927,0.1695,0.5174,1203,43
RSC-2024-01025,v2.1.4,2024-04-24 04:59:36,54,0.0226,0.8275,0.1216,0.5278,1591,96
RSC-2024-01026,v2.2.1,2024-01-16 17:19:22,34,0.0062,0.8098,0.1386,0.5023,983,54
RSC-2024-01027,v2.1.3,2024-09-13 18:20:31,36,0.032,0.8078,0.1378,0.5284,1599,97
RSC-2024-01028,v2.2.0,2024-03-06 19:19:16,37,0.0222,0.8151,0.1536,0.5296,1214,109
RSC-2024-01029,v2.1.3,2024-06-25 18:35:43,43,0.0597,0.8245,0.1371,0.4912,884,41
RSC-2024-01030,v2.1.4,2024-08-15 12:10:01,34,0.0195,0.8048,0.1433,0.5117,1047,115
RSC-2024-01031,v2.1.3,2024-09-10 04:48:36,46,0.0092,0.7912,0.1448,0.5188,968,26
RSC-2024-01032,v2.3.0,2024-10-17 19:35:29,57,0.0347,0.7991,0.14,0.5008,1466,127
RSC-2024-01033,v2.1.4,2024-02-28 15:03:21,49,0.1098,0.8274,0.1435,0.4938,805,87
RSC-2024-01034,v2.2.1,2024-08-31 15:22:35,38,0.0159,0.7836,0.1512,0.5438,891,38
RSC-2024-01035,v2.1.3,2024-04-28 19:29:19,43,0.0413,0.8049,0.1387,0.5024,1470,95
RSC-2024-01036,v2.1.4,2024-09-07 09:41:37,54,0.0094,0.7875,0.1399,0.5455,1072,44
RSC-2024-01037,v2.1.4,2024-12-22 03:11:38,42,0.0129,0.8157,0.1471,0.4994,1081,38
RSC-2024-01038,v2.2.1,2024-01-29 04:45:53,42,0.0266,0.8235,0.1456,0.5582,1363,69
RSC-2024-01039,v2.3.0,2024-07-21 12:46:00,53,0.0371,0.791,0.153,0.5092,881,32
RSC-2024-01040,v2.1.4,2024-07-19 08:11:45,49,0.0303,0.8287,0.1405,0.5021,1558,21
RSC-2024-01041,v2.1.3,2024-08-17 01:19:50,57,0.0695,0.8131,0.1499,0.5031,1304,59
RSC-2024-01042,v2.1.4,2024-08-12 20:39:48,57,0.0532,0.7872,0.1242,0.5034,857,36
RSC-2024-01043,v2.3.0,2024-11-11 05:26:21,56,0.0236,0.8026,0.1376,0.5299,1175,37
RSC-2024-01044,v2.2.0,2024-08-04 08:13:06,53,0.0134,0.8073,0.1521,0.5244,1128,63
RSC-2024-01045,v2.2.1,2024-04-01 10:52:12,42,0.0549,0.8068,0.1391,0.5075,1342,133
RSC-2024-01046,v2.1.3,2024-09-16 09:24:16,48,0.0456,0.8046,0.1536,0.5278,1568,50
RSC-2024-01047,v2.1.3,2024-09-09 05:00:05,41,0.0084,0.8126,0.1441,0.5122,1183,113
RSC-2024-01048,v2.2.1,2024-04-14 06:33:16,46,0.0024,0.8089,0.1348,0.5186,888,67
RSC-2024-01049,v2.2.1,2024-05-23 12:54:46,57,0.0416,0.7963,0.1477,0.531,1276,61
RSC-2024-01050,v2.2.0,2024-04-02 11:14:48,50,0.0481,0.8145,0.1538,0.5201,1053,95
RSC-2024-01051,v2.3.0,2024-02-05 07:12:29,51,0.021,0.851,0.1459,0.4943,1221,111
RSC-2024-01052,v2.1.3,2024-10-04 23:10:50,39,0.014,0.8034,0.1574,0.5357,867,120
RSC-2024-01053,v2.2.0,2024-02-21 14:40:08,53,0.0459,0.8029,0.1399,0.5074,1170,91
RSC-2024-01054,v2.1.4,2024-04-08 05:42:35,36,0.0249,0.7928,0.1413,0.5046,1074,59
RSC-2024-01055,v2.2.0,2024-03-19 12:45:25,48,0.0417,0.7992,0.1478,0.5224,1291,71
RSC-2024-01056,v2.2.0,2024-12-04 07:50:04,54,0.061,0.8151,0.129,0.5188,960,58
RSC-2024-01057,v2.2.1,2024-12-05 22:15:23,44,0.0175,0.8439,0.1503,0.5147,1214,44
RSC-2024-01058,v2.1.4,2024-06-21 14:59:18,37,0.0219,0.8535,0.1366,0.5063,1279,109
RSC-2024-01059,v2.1.3,2024-07-03 10:43:49,43,0.0451,0.8178,0.1467,0.4958,1205,95
RSC-2024-01060,v2.1.4,2024-11-05 11:51:49,38,0.0493,0.79,0.1509,0.5576,880,76
RSC-2024-01061,v2.3.0,2024-04-27 07:03:44,42,0.018,0.8013,0.1707,0.482,1280,45
RSC-2024-01062,v2.2.0,2024-10-24 13:15:02,37,0.0667,0.8093,0.139,0.4958,932,76
RSC-2024-01063,v2.2.1,2024-06-13 11:23:27,56,0.0721,0.8256,0.1353,0.5051,853,36
RSC-2024-01064,v2.2.0,2024-01-25 12:00:06,51,0.0377,0.8207,0.1366,0.523,1588,112
RSC-2024-01065,v2.1.3,2024-10-26 02:59:31,45,0.051,0.8004,0.1292,0.503,1057,115
RSC-2024-01066,v2.1.3,2024-04-28 07:31:47,35,0.0383,0.8161,0.1639,0.5215,803,107
RSC-2024-01067,v2.1.3,2024-01-27 00:57:03,42,0.0161,0.805,0.1384,0.4922,982,35
RSC-2024-01068,v2.3.0,2024-07-17 13:44:33,47,0.0035,0.8048,0.1442,0.4831,941,105
RSC-2024-01069,v2.3.0,2024-07-22 14:43:33,49,0.0417,0.81,0.1433,0.5383,1142,127
RSC-2024-01070,v2.2.1,2024-10-19 22:55:11,46,0.0329,0.8372,0.1555,0.5041,1518,132
RSC-2024-01071,v2.2.0,2024-12-15 18:36:25,35,0.0624,0.8088,0.1313,0.5316,1029,80
RSC-2024-01072,v2.3.0,2024-05-21 09:02:31,49,0.039,0.7953,0.1612,0.5222,1176,22
RSC-2024-01073,v2.1.4,2024-07-12 03:20:47,40,0.0144,0.8197,0.1199,0.5163,1252,36
RSC-2024-01074,v2.1.3,2024-08-26 16:04:19,47,0.009,0.8181,0.1288,0.5254,1108,32
RSC-2024-01075,v2.2.1,2024-01-09 09:53:03,46,0.0277,0.7992,0.165,0.5027,1193,110
RSC-2024-01076,v2.3.0,2024-05-07 06:29:57,34,0.0382,0.7958,0.15,0.4972,819,132
RSC-2024-01077,v2.1.3,2024-04-28 18:30:19,55,0.0109,0.7712,0.1591,0.4795,978,53
RSC-2024-01078,v2.1.4,2024-01-06 13:11:23,45,0.0487,0.7667,0.1394,0.5199,1112,135
RSC-2024-01079,v2.3.0,2024-06-08 23:51:24,43,0.0102,0.8266,0.1511,0.4983,1040,95
RSC-2024-01080,v2.1.3,2024-05-29 15:51:48,40,0.0395,0.8199,0.147,0.534,1324,29
RSC-2024-01081,v2.2.1,2024-09-15 02:10:02,39,0.011,0.8343,0.1285,0.4783,823,109
RSC-2024-01082,v2.3.0,2024-04-13 18:11:11,41,0.0191,0.8193,0.1515,0.5016,1211,70
RSC-2024-01083,v2.1.3,2024-06-03 02:40:15,44,0.0353,0.7977,0.1499,0.5067,1186,121
RSC-2024-01084,v2.2.0,2024-10-22 16:41:52,53,0.0229,0.8373,0.1538,0.5101,816,36
RSC-2024-01085,v2.3.0,2024-11-11 04:26:40,50,0.0192,0.8252,0.1336,0.4816,1011,55
RSC-2024-01086,v2.2.0,2024-12-05 15:56:54,55,0.0497,0.8,0.1467,0.4933,1258,39
RSC-2024-01087,v2.2.1,2024-09-04 08:44:56,37,0.0263,0.7963,0.1426,0.5256,1414,74
RSC-2024-01088,v2.2.0,2024-06-10 02:33:53,41,0.0739,0.7952,0.1078,0.5089,1257,128
RSC-2024-01089,v2.1.4,2024-04-27 12:06:49,56,0.07,0.7895,0.1437,0.5153,1574,134
RSC-2024-01090,v2.1.3,2024-04-29 18:31:59,54,0.0869,0.8771,0.137,0.5319,1097,110
RSC-2024-01091,v2.1.4,2024-02-03 23:28:42,45,0.058,0.7949,0.1579,0.5296,1347,29
RSC-2024-01092,v2.1.3,2024-03-30 06:51:55,56,0.0253,0.806,0.1355,0.5049,1043,95
RSC-2024-01093,v2.2.0,2024-11-25 10:30:21,37,0.0271,0.8247,0.1353,0.5351,1108,28
RSC-2024-01094,v2.2.0,2024-02-26 23:31:35,37,0.0278,0.798,0.138,0.4942,886,32
RSC-2024-01095,v2.2.1,2024-12-20 19:47:10,49,0.0429,0.8313,0.1305,0.533,1049,32
RSC-2024-01096,v2.1.3,2024-04-24 08:12:51,55,0.0315,0.8297,0.1465,0.5188,1294,91
RSC-2024-01097,v2.3.0,2024-05-31 23:15:21,40,0.0034,0.8003,0.1434,0.5127,954,32
RSC-2024-01098,v2.3.0,2024-04-09 04:37:47,54,0.0615,0.8048,0.121,0.4979,1482,64
RSC-2024-01099,v2.1.3,2024-02-08 02:14:26,38,0.0804,0.8115,0.15,0.5041,1146,102
RSC-2024-01100,v2.2.0,2024-04-11 18:25:14,41,0.0884,0.8321,0.153,0.5178,808,117
RSC-2024-01101,v2.1.4,2024-03-10 22:25:56,41,0.0069,0.7844,0.1306,0.5262,1194,31
RSC-2024-01102,v2.1.4,2024-06-04 10:01:49,50,0.09,0.8138,0.1404,0.5138,1049,42
RSC-2024-01103,v2.1.3,2024-07-27 04:22:30,36,0.0612,0.7772,0.1434,0.5295,976,46
RSC-2024-01104,v2.3.0,2024-08-26 07:15:08,45,0.0093,0.806,0.1447,0.4657,1398,25
RSC-2024-01105,v2.2.0,2024-09-29 17:36:04,44,0.0342,0.807,0.141,0.4636,1123,88
RSC-2024-01106,v2.3.0,2024-10-24 10:52:24,50,0.0431,0.7969,0.1388,0.521,1366,28
RSC-2024-01107,v2.2.1,2024-08-09 01:59:43,43,0.0344,0.7932,0.1266,0.5307,1475,43
RSC-2024-01108,v2.2.1,2024-03-13 11:36:42,51,0.127,0.8186,0.1445,0.5029,816,109
RSC-2024-01109,v2.2.1,2024-09-08 21:08:19,53,0.0157,0.7574,0.159,0.4883,1278,102
RSC-2024-01110,v2.2.1,2024-12-19 03:16:55,50,0.0211,0.8307,0.1364,0.5229,1470,27
RSC-2024-01111,v2.1.3,2024-03-06 08:35:45,34,0.075,0.7792,0.1613,0.5182,1282,22
RSC-2024-01112,v2.2.0,2024-02-25 16:17:29,54,0.0241,0.8219,0.1436,0.4857,1275,82
RSC-2024-01113,v2.2.1,2024-08-08 05:25:24,40,0.0322,0.8246,0.1557,0.4994,1193,89
RSC-2024-01114,v2.3.0,2024-12-29 04:24:13,52,0.028,0.8435,0.1654,0.4934,1113,107
RSC-2024-01115,v2.1.3,2024-01-10 11:36:30,55,0.029,0.8319,0.1436,0.491,1374,108
RSC-2024-01116,v2.1.4,2024-07-25 15:15:48,46,0.0814,0.7901,0.1429,0.509,1423,55
RSC-2024-01117,v2.1.4,2024-07-30 05:05:27,50,0.0466,0.8079,0.1201,0.5124,1038,29
RSC-2024-01118,v2.2.0,2024-07-03 21:52:47,42,0.0127,0.8206,0.1196,0.5149,1234,99
RSC-2024-01119,v2.1.4,2024-10-26 22:38:04,47,0.0666,0.8022,0.136,0.555,1402,77
RSC-2024-01120,v2.2.0,2024-12-08 21:17:46,34,0.0046,0.8329,0.1588,0.5079,858,44
RSC-2024-01121,v2.1.3,2024-10-24 20:53:17,46,0.0173,0.8094,0.1509,0.5241,1117,92
RSC-2024-01122,v2.2.1,2024-03-28 21:18:17,37,0.0139,0.7829,0.1431,0.502,907,73
RSC-2024-01123,v2.3.0,2024-02-04 04:53:40,45,0.025,0.8244,0.1361,0.4996,853,47
RSC-2024-01124,v2.1.4,2024-01-06 07:46:24,42,0.0263,0.8069,0.133,0.4957,1379,50
RSC-2024-01125,v2.1.3,2024-04-02 18:21:00,56,0.0429,0.8101,0.1335,0.5221,1460,33
RSC-2024-01126,v2.2.0,2024-05-15 23:22:50,41,0.0151,0.7894,0.1436,0.511,1194,84
RSC-2024-01127,v2.3.0,2024-06-11 19:24:42,50,0.0206,0.8325,0.1487,0.5043,970,91
RSC-2024-01128,v2.2.0,2024-01-12 14:08:18,36,0.0112,0.8004,0.1429,0.492,904,80
RSC-2024-01129,v2.2.1,2024-12-26 12:03:23,53,0.0198,0.7875,0.1306,0.4665,1057,136
RSC-2024-01130,v2.1.4,2024-10-09 21:46:15,39,0.0174,0.8181,0.1356,0.5321,954,113
RSC-2024-01131,v2.1.4,2024-01-17 09:22:45,45,0.0151,0.8102,0.1316,0.497,1400,116
RSC-2024-01132,v2.3.0,2024-02-08 18:18:10,56,0.0211,0.7928,0.1472,0.5401,1039,78
RSC-2024-01133,v2.2.0,2024-08-13 20:21:53,45,0.0105,0.7932,0.1219,0.511,834,78
RSC-2024-01134,v2.2.0,2024-05-04 22:01:24,48,0.0264,0.8429,0.135,0.5255,858,25
RSC-2024-01135,v2.1.4,2024-12-15 02:32:21,34,0.093,0.8065,0.1369,0.5036,1319,133
RSC-2024-01136,v2.2.0,2024-11-14 10:49:05,35,0.0358,0.8251,0.1401,0.5091,829,98
RSC-2024-01137,v2.2.1,2024-06-21 01:33:18,56,0.0403,0.8075,0.1381,0.5022,889,100
RSC-2024-01138,v2.1.4,2024-12-17 06:41:50,56,0.0122,0.8292,0.1499,0.5193,827,115
RSC-2024-01139,v2.2.1,2024-09-30 17:29:56,57,0.0736,0.8206,0.1294,0.5147,998,112
RSC-2024-01140,v2.2.0,2024-09-28 03:41:48,36,0.0708,0.8216,0.1543,0.5203,1185,78
RSC-2024-01141,v2.1.3,2024-10-18 12:01:07,49,0.0347,0.757,0.1319,0.4749,818,28
RSC-2024-01142,v2.2.0,2024-07-29 06:56:51,41,0.0102,0.8382,0.1476,0.4703,1047,58
RSC-2024-01143,v2.1.4,2024-01-12 10:51:58,42,0.0657,0.7832,0.1438,0.5324,1063,60
RSC-2024-01144,v2.3.0,2024-03-01 16:39:14,41,0.0254,0.8406,0.1239,0.5292,1124,80
RSC-2024-01145,v2.3.0,2024-12-13 05:46:21,46,0.0505,0.8346,0.1695,0.5203,871,111
RSC-2024-01146,v2.2.1,2024-08-06 15:54:12,36,0.0055,0.8144,0.1321,0.524,974,70
RSC-2024-01147,v2.2.0,2024-12-16 06:34:22,44,0.0717,0.7859,0.1515,0.5021,1487,101
RSC-2024-01148,v2.2.1,2024-04-13 17:42:35,36,0.0235,0.7847,0.1571,0.5124,894,94
RSC-2024-01149,v2.2.0,2024-05-06 19:36:47,57,0.0339,0.8209,0.1307,0.4702,1055,139
RSC-2024-01150,v2.1.3,2024-01-26 10:43:47,54,0.0005,0.7726,0.1597,0.5364,1293,63
RSC-2024-01151,v2.2.0,2024-04-30 14:31:58,51,0.0056,0.8165,0.1417,0.535,874,119
RSC-2024-01152,v2.2.0,2024-11-20 15:38:21,55,0.0513,0.7852,0.1169,0.527,1125,128
RSC-2024-01153,v2.2.1,2024-03-26 22:15:48,38,0.1338,0.8016,0.1294,0.524,839,135
RSC-2024-01154,v2.1.3,2024-02-18 13:49:29,46,0.0739,0.8023,0.1454,0.4911,1030,118
RSC-2024-01155,v2.2.0,2024-03-27 07:34:27,44,0.0173,0.8254,0.129,0.4999,1493,94
RSC-2024-01156,v2.1.3,2024-01-16 20:44:31,36,0.0036,0.8038,0.1619,0.5263,1330,39
RSC-2024-01157,v2.2.0,2024-06-13 13:13:49,44,0.0834,0.8258,0.1394,0.4898,1576,52
RSC-2024-01158,v2.2.1,2024-05-24 10:53:30,35,0.0221,0.8176,0.1367,0.538,901,58
RSC-2024-01159,v2.2.0,2024-07-08 13:25:38,57,0.0115,0.8256,0.1341,0.5093,1438,56
RSC-2024-01160,v2.1.4,2024-10-03 05:41:52,42,0.0849,0.8255,0.1649,0.4943,1564,46
RSC-2024-01161,v2.2.0,2024-08-31 21:43:44,47,0.038,0.8015,0.1326,0.5242,1089,67
RSC-2024-01162,v2.1.3,2024-07-26 13:47:21,39,0.0205,0.8086,0.1287,0.5333,1585,102
RSC-2024-01163,v2.2.1,2024-03-06 08:01:48,48,0.033,0.8383,0.1445,0.5169,1598,129
RSC-2024-01164,v2.2.0,2024-06-12 12:36:48,48,0.0197,0.8275,0.1493,0.4804,1263,109
RSC-2024-01165,v2.1.3,2024-12-05 12:54:01,39,0.0899,0.8238,0.133,0.5083,1101,24
RSC-2024-01166,v2.2.0,2024-03-17 14:57:17,53,0.0092,0.8078,0.1406,0.5085,1091,58
RSC-2024-01167,v2.3.0,2024-07-19 12:54:08,48,0.0228,0.8218,0.148,0.5061,1031,55
RSC-2024-01168,v2.2.0,2024-01-20 14:04:41,45,0.0081,0.8215,0.162,0.4828,1030,72
RSC-2024-01169,v2.2.1,2024-01-02 05:25:56,35,0.0919,0.8073,0.1458,0.5002,1536,86
RSC-2024-01170,v2.1.3,2024-03-04 07:29:19,34,0.0349,0.8281,0.1399,0.497,1240,115
RSC-2024-01171,v2.3.0,2024-06-06 02:23:50,34,0.0375,0.7866,0.1363,0.5138,1410,139
RSC-2024-01172,v2.3.0,2024-12-30 08:22:34,48,0.0758,0.8077,0.1509,0.5016,957,133
RSC-2024-01173,v2.1.4,2024-02-14 20:52:50,55,0.0485,0.8146,0.1384,0.5193,1011,89
RSC-2024-01174,v2.1.3,2024-09-29 18:44:35,51,0.0293,0.8056,0.1585,0.5065,1370,61
RSC-2024-01175,v2.2.0,2024-01-16 18:49:24,36,0.0543,0.8104,0.1499,0.5236,803,80
RSC-2024-01176,v2.1.3,2024-10-20 17:16:46,50,0.0283,0.8171,0.1469,0.5747,1580,64
RSC-2024-01177,v2.1.3,2024-04-03 23:39:52,35,0.0467,0.8004,0.1481,0.4785,820,125
RSC-2024-01178,v2.3.0,2024-02-24 21:11:50,53,0.0379,0.7945,0.1482,0.4984,905,112
RSC-2024-01179,v2.2.1,2024-06-26 08:34:11,48,0.0053,0.8264,0.1485,0.5325,1563,20
RSC-2024-01180,v2.2.0,2024-04-02 20:32:57,40,0.0627,0.7979,0.1286,0.5196,957,39
RSC-2024-01181,v2.1.4,2024-09-28 20:49:38,41,0.0366,0.8375,0.172,0.4962,1450,96
RSC-2024-01182,v2.2.0,2024-02-05 10:20:47,53,0.0489,0.7752,0.1638,0.51,1474,27
RSC-2024-01183,v2.2.0,2024-01-15 02:28:58,52,0.0399,0.831,0.1527,0.5519,1441,88
RSC-2024-01184,v2.3.0,2024-01-14 11:32:13,56,0.0309,0.7935,0.145,0.5083,920,94
RSC-2024-01185,v2.2.0,2024-08-23 22:35:57,45,0.018,0.7765,0.1401,0.5578,1367,57
RSC-2024-01186,v2.1.4,2024-06-03 01:24:48,56,0.0221,0.7971,0.1172,0.4869,1102,32
RSC-2024-01187,v2.1.3,2024-11-10 07:18:42,49,0.0569,0.8228,0.1217,0.5064,1453,52
RSC-2024-01188,v2.3.0,2024-01-31 02:39:11,47,0.0447,0.8009,0.1384,0.4889,1249,28
RSC-2024-01189,v2.2.1,2024-10-02 19:05:23,56,0.0261,0.8057,0.1615,0.5146,1190,94
RSC-2024-01190,v2.1.3,2024-04-23 17:14:31,38,0.0256,0.83,0.1365,0.5304,1555,27
RSC-2024-01191,v2.2.0,2024-03-08 08:57:40,47,0.034,0.8224,0.143,0.5309,1075,25
RSC-2024-01192,v2.1.4,2024-09-05 14:40:16,49,0.0301,0.8086,0.1367,0.5024,1490,57
RSC-2024-01193,v2.2.0,2024-01-21 07:39:34,48,0.0132,0.8073,0.1544,0.5159,964,81
RSC-2024-01194,v2.1.4,2024-07-18 16:26:14,57,0.0777,0.804,0.1139,0.5355,926,31
RSC-2024-01195,v2.1.3,2024-03-21 13:21:18,53,0.0167,0.8151,0.147,0.5198,1366,137
RSC-2024-01196,v2.3.0,2024-04-11 16:29:20,47,0.0594,0.8114,0.1348,0.5169,1561,131
RSC-2024-01197,v2.1.3,2024-12-24 07:09:36,38,0.0199,0.8241,0.1215,0.5019,1421,38
RSC-2024-01198,v2.2.1,2024-04-14 19:45:11,57,0.0449,0.8385,0.1284,0.4791,1124,131
RSC-2024-01199,v2.2.1,2024-10-10 22:55:53,35,0.0497,0.8079,0.157,0.5133,1080,96
RSC-2024-01200,v2.3.0,2024-07-10 13:23:29,56,0.0236,0.7997,0.1559,0.5067,925,107
RSC-2024-01201,v2.1.4,2024-03-27 08:21:23,45,0.113,0.8494,0.134,0.5108,857,129
RSC-2024-01202,v2.2.0,2024-07-15 05:16:17,52,0.0375,0.829,0.1335,0.5187,1309,84
RSC-2024-01203,v2.1.4,2024-05-24 21:33:14,52,0.0227,0.819,0.1444,0.5208,1424,111
RSC-2024-01204,v2.2.0,2024-03-01 18:23:58,50,0.0457,0.8143,0.1539,0.4746,1295,102
RSC-2024-01205,v2.2.1,2024-03-06 03:10:10,53,0.0224,0.7792,0.1229,0.495,1102,107
RSC-2024-01206,v2.3.0,2024-10-10 19:29:21,54,0.0295,0.79,0.1387,0.5211,1226,98
RSC-2024-01207,v2.1.3,2024-01-20 06:16:06,57,0.0349,0.7886,0.1498,0.5128,1451,123
RSC-2024-01208,v2.3.0,2024-11-18 16:44:47,57,0.1205,0.805,0.1431,0.5392,937,115
RSC-2024-01209,v2.2.0,2024-02-25 04:27:03,53,0.0437,0.8087,0.1333,0.49,1449,120
RSC-2024-01210,v2.3.0,2024-04-24 05:31:09,34,0.0265,0.8217,0.1543,0.4676,1157,61
RSC-2024-01211,v2.1.4,2024-09-04 01:12:34,56,0.0204,0.8096,0.1593,0.5285,1149,45
RSC-2024-01212,v2.2.0,2024-06-06 17:04:24,56,0.0289,0.8269,0.1419,0.505,1178,108
RSC-2024-01213,v2.2.0,2024-06-07 05:01:56,44,0.0154,0.8087,0.1519,0.5421,1127,65
RSC-2024-01214,v2.2.0,2024-05-05 12:12:56,55,0.0303,0.7989,0.1422,0.5023,1202,33
RSC-2024-01215,v2.1.3,2024-02-24 06:57:49,54,0.0289,0.7728,0.156,0.4974,1289,74
RSC-2024-01216,v2.1.4,2024-11-03 06:48:13,57,0.0119,0.8253,0.1495,0.5034,1133,42
RSC-2024-01217,v2.3.0,2024-07-01 16:08:43,45,0.0444,0.7993,0.141,0.4869,1516,74
RSC-2024-01218,v2.2.0,2024-01-12 09:17:16,41,0.0263,0.8171,0.1459,0.5177,1151,75
RSC-2024-01219,v2.2.1,2024-02-28 20:51:34,55,0.0465,0.8228,0.1288,0.5277,871,25
RSC-2024-01220,v2.3.0,2024-04-17 01:23:49,39,0.029,0.798,0.1431,0.5116,1487,71
RSC-2024-01221,v2.1.4,2024-02-11 07:24:53,42,0.0786,0.8091,0.1498,0.5146,1112,85
RSC-2024-01222,v2.2.0,2024-08-02 14:28:23,42,0.0215,0.8253,0.1302,0.4647,1138,117
RSC-2024-01223,v2.1.3,2024-03-25 02:09:16,39,0.045,0.8059,0.1238,0.5228,1245,47
RSC-2024-01224,v2.1.3,2024-10-03 14:11:17,46,0.0624,0.8051,0.1406,0.506,1534,66
RSC-2024-01225,v2.1.3,2024-09-30 17:03:49,51,0.0373,0.8072,0.1672,0.5483,1412,127
RSC-2024-01226,v2.3.0,2024-10-14 10:28:32,47,0.016,0.8075,0.1489,0.5069,1159,84
RSC-2024-01227,v2.1.3,2024-10-18 08:54:07,46,0.0165,0.767,0.1521,0.4813,1548,63
RSC-2024-01228,v2.2.0,2024-08-12 00:17:35,54,0.0884,0.8069,0.1437,0.5056,1353,40
RSC-2024-01229,v2.1.4,2024-11-28 07:08:38,35,0.0461,0.8481,0.1428,0.5057,1327,128
RSC-2024-01230,v2.3.0,2024-04-23 10:27:09,42,0.0048,0.8269,0.1426,0.5369,1451,121
RSC-2024-01231,v2.2.0,2024-04-01 01:13:14,46,0.0253,0.8362,0.1565,0.5104,1364,58
RSC-2024-01232,v2.2.0,2024-07-13 02:51:15,44,0.024,0.7806,0.1349,0.5524,1388,28
RSC-2024-01233,v2.1.3,2024-07-11 07:26:16,55,0.0527,0.8068,0.1532,0.5157,1276,98
RSC-2024-01234,v2.3.0,2024-04-03 22:30:42,48,0.0652,0.8196,0.1393,0.4993,1181,25
RSC-2024-01235,v2.1.4,2024-05-30 21:40:09,52,0.0266,0.8212,0.1507,0.5293,1176,56
RSC-2024-01236,v2.2.1,2024-03-07 21:12:43,41,0.0805,0.7904,0.1303,0.5345,849,131
RSC-2024-01237,v2.2.1,2024-02-18 19:52:44,36,0.0764,0.8145,0.125,0.4501,858,75
RSC-2024-01238,v2.2.0,2024-02-04 14:03:50,43,0.0998,0.8136,0.1179,0.4961,1288,42
RSC-2024-01239,v2.1.4,2024-06-13 15:30:10,55,0.0702,0.7928,0.1248,0.5013,1497,24
RSC-2024-01240,v2.2.0,2024-05-26 11:50:27,46,0.0417,0.8119,0.1448,0.4928,1173,125
RSC-2024-01241,v2.2.1,2024-03-01 12:06:19,41,0.0571,0.831,0.1329,0.5305,1253,134
RSC-2024-01242,v2.2.0,2024-10-11 08:03:09,34,0.0366,0.7827,0.1529,0.541,1343,92
RSC-2024-01243,v2.1.4,2024-05-14 02:59:10,44,0.0171,0.8102,0.1411,0.5259,899,113
RSC-2024-01244,v2.3.0,2024-07-08 21:55:34,48,0.0324,0.8121,0.1304,0.5308,1283,70
RSC-2024-01245,v2.2.0,2024-01-26 19:50:51,55,0.063,0.8372,0.144,0.5201,1421,65
RSC-2024-01246,v2.2.1,2024-03-18 23:00:11,40,0.0151,0.7941,0.1368,0.5137,1145,102
RSC-2024-01247,v2.2.1,2024-07-10 14:37:28,34,0.0401,0.794,0.1474,0.5207,1307,107
RSC-2024-01248,v2.3.0,2024-04-04 22:53:28,38,0.0254,0.7917,0.1402,0.488,1437,96
RSC-2024-01249,v2.2.1,2024-07-08 08:06:19,56,0.1057,0.8094,0.1451,0.5251,1005,87
RSC-2024-01250,v2.2.1,2024-07-25 20:04:28,54,0.054,0.7993,0.1333,0.5095,901,126
RSC-2024-01251,v2.1.4,2024-11-01 13:36:36,48,0.0615,0.8301,0.1334,0.5306,895,32
RSC-2024-01252,v2.3.0,2024-06-22 07:43:51,40,0.028,0.808,0.1657,0.5088,1109,136
RSC-2024-01253,v2.2.1,2024-11-27 13:36:56,42,0.0067,0.7912,0.1438,0.4767,804,90
RSC-2024-01254,v2.2.0,2024-01-07 08:52:10,50,0.0371,0.7919,0.1515,0.5307,809,61
RSC-2024-01255,v2.1.4,2024-02-14 12:55:03,57,0.0388,0.7991,0.1661,0.5123,968,139
RSC-2024-01256,v2.2.0,2024-12-06 05:56:34,38,0.0279,0.8022,0.1426,0.4761,1416,55
RSC-2024-01257,v2.2.0,2024-03-22 11:57:31,55,0.0644,0.8003,0.1493,0.4999,1448,100
RSC-2024-01258,v2.1.3,2024-11-08 12:46:07,40,0.024,0.8226,0.1386,0.5224,1074,119
RSC-2024-01259,v2.1.3,2024-04-26 00:54:37,55,0.0893,0.829,0.1461,0.5355,921,42
RSC-2024-01260,v2.1.4,2024-09-12 16:12:57,52,0.0265,0.7744,0.156,0.4994,830,84
RSC-2024-01261,v2.3.0,2024-08-14 04:34:49,36,0.0472,0.8078,0.1491,0.4827,1152,32
RSC-2024-01262,v2.2.0,2024-02-22 02:25:47,48,0.0382,0.8181,0.1417,0.5418,1506,117
RSC-2024-01263,v2.2.1,2024-04-21 02:35:27,55,0.0514,0.8225,0.1351,0.5119,979,99
RSC-2024-01264,v2.2.0,2024-01-02 10:06:39,54,0.0791,0.8577,0.1453,0.5321,1101,78
RSC-2024-01265,v2.2.1,2024-02-08 19:56:19,56,0.0262,0.8122,0.1285,0.515,1547,130
RSC-2024-01266,v2.1.4,2024-09-24 09:45:32,42,0.0385,0.8114,0.1434,0.496,966,68
RSC-2024-01267,v2.3.0,2024-08-26 14:17:39,45,0.0138,0.8304,0.1294,0.491,991,49
RSC-2024-01268,v2.2.1,2024-05-03 05:40:33,48,0.0562,0.7868,0.1386,0.534,1097,70
RSC-2024-01269,v2.2.1,2024-09-30 14:15:14,37,0.0224,0.8245,0.1192,0.517,1098,49
RSC-2024-01270,v2.2.0,2024-03-05 05:43:22,42,0.0235,0.7999,0.1288,0.4973,1388,22
RSC-2024-01271,v2.2.1,2024-06-24 10:42:04,53,0.0834,0.8257,0.1378,0.4661,845,48
RSC-2024-01272,v2.2.1,2024-11-11 01:08:22,41,0.0305,0.8423,0.1417,0.5371,1107,23
RSC-2024-01273,v2.1.4,2024-05-15 10:27:47,44,0.0542,0.8049,0.1464,0.5059,1366,93
RSC-2024-01274,v2.1.4,2024-06-11 08:54:43,36,0.0123,0.8048,0.1479,0.5373,1394,64
RSC-2024-01275,v2.1.3,2024-10-14 19:49:25,48,0.0708,0.836,0.1589,0.5439,815,80
RSC-2024-01276,v2.1.3,2024-06-19 09:35:19,37,0.0432,0.8192,0.1465,0.5349,1141,118
RSC-2024-01277,v2.2.0,2024-02-26 11:54:56,47,0.02,0.783,0.1219,0.5222,1055,28
RSC-2024-01278,v2.1.3,2024-12-14 05:23:09,49,0.0099,0.8128,0.1366,0.5218,1180,21
RSC-2024-01279,v2.1.3,2024-09-23 12:19:02,52,0.0137,0.807,0.1537,0.4704,916,81
RSC-2024-01280,v2.2.0,2024-10-23 14:09:59,38,0.0045,0.803,0.146,0.5188,1184,132
RSC-2024-01281,v2.2.1,2024-09-10 21:37:48,50,0.0251,0.8444,0.1828,0.4975,1266,36
RSC-2024-01282,v2.1.4,2024-09-17 07:35:18,38,0.0334,0.7985,0.1412,0.4939,1592,35
RSC-2024-01283,v2.2.0,2024-10-21 14:32:42,36,0.0702,0.8059,0.1681,0.5328,971,31
RSC-2024-01284,v2.2.1,2024-10-01 01:43:26,42,0.0335,0.8514,0.1454,0.5332,818,22
RSC-2024-01285,v2.1.4,2024-08-25 21:35:02,46,0.1279,0.8173,0.146,0.5229,812,58
RSC-2024-01286,v2.2.0,2024-09-15 04:02:20,41,0.045,0.8459,0.133,0.5155,969,34
RSC-2024-01287,v2.2.1,2024-01-18 08:46:29,41,0.0434,0.8561,0.158,0.5274,1512,96
RSC-2024-01288,v2.2.1,2024-07-27 08:33:48,38,0.0426,0.8135,0.1276,0.4946,1080,45
RSC-2024-01289,v2.2.1,2024-05-15 16:27:33,53,0.0486,0.7979,0.1465,0.5372,1428,86
RSC-2024-01290,v2.1.3,2024-05-21 04:50:58,47,0.0627,0.7644,0.132,0.551,1012,109
RSC-2024-01291,v2.3.0,2024-12-13 10:57:48,34,0.0098,0.8024,0.1318,0.532,1591,104
RSC-2024-01292,v2.2.0,2024-10-31 14:18:36,53,0.0522,0.812,0.152,0.4877,1187,110
RSC-2024-01293,v2.2.1,2024-04-29 18:45:20,57,0.0579,0.8287,0.1354,0.4947,1411,138
RSC-2024-01294,v2.2.1,2024-12-29 10:12:53,51,0.05,0.8069,0.1282,0.4819,867,117
RSC-2024-01295,v2.1.4,2024-07-03 08:15:58,43,0.0132,0.789,0.1277,0.495,1556,106
RSC-2024-01296,v2.1.3,2024-09-02 07:29:49,44,0.0157,0.8084,0.1685,0.545,949,138
RSC-2024-01297,v2.2.0,2024-06-09 20:20:06,49,0.0484,0.7943,0.132,0.5452,1292,113
RSC-2024-01298,v2.3.0,2024-06-14 07:21:13,44,0.0234,0.8175,0.1527,0.4684,1500,71
RSC-2024-01299,v2.3.0,2024-10-03 19:10:47,56,0.0546,0.8056,0.147,0.4853,1541,122
RSC-2024-01300,v2.2.0,2024-10-03 05:34:47,55,0.0336,0.7924,0.1533,0.5335,1349,103
RSC-2024-01301,v2.3.0,2024-05-31 10:47:43,54,0.0078,0.808,0.1299,0.4873,1406,118
RSC-2024-01302,v2.2.0,2024-10-29 11:14:03,41,0.0069,0.7956,0.1357,0.5251,959,58
RSC-2024-01303,v2.3.0,2024-03-07 04:12:07,56,0.0265,0.8253,0.1354,0.5106,1123,84
RSC-2024-01304,v2.2.1,2024-03-01 04:04:55,38,0.0194,0.7917,0.1342,0.5235,1086,132
RSC-2024-01305,v2.2.1,2024-06-11 08:51:45,46,0.0285,0.8183,0.1581,0.5307,1330,115
RSC-2024-01306,v2.1.4,2024-04-26 00:58:56,53,0.0505,0.7945,0.1562,0.5011,836,57
RSC-2024-01307,v2.2.0,2024-09-03 06:43:46,47,0.0318,0.8297,0.1394,0.5077,1365,79
RSC-2024-01308,v2.1.3,2024-09-09 13:48:45,34,0.034,0.7944,0.1394,0.5219,1014,24
RSC-2024-01309,v2.2.0,2024-08-25 06:45:32,52,0.0368,0.7863,0.146,0.523,1061,63
RSC-2024-01310,v2.2.1,2024-04-17 09:01:25,38,0.0113,0.8376,0.1402,0.5006,930,22
RSC-2024-01311,v2.1.3,2024-11-08 21:49:40,46,0.089,0.8122,0.1296,0.4955,997,31
RSC-2024-01312,v2.1.3,2024-10-11 18:59:39,50,0.0713,0.8385,0.1593,0.5206,1254,56
RSC-2024-01313,v2.2.1,2024-04-05 21:10:29,53,0.0552,0.8155,0.1412,0.4897,1116,105
RSC-2024-01314,v2.1.4,2024-11-16 03:59:44,38,0.0809,0.8071,0.1576,0.5089,1594,44
RSC-2024-01315,v2.2.1,2024-10-03 04:56:58,37,0.0384,0.8136,0.1295,0.4891,1182,111
RSC-2024-01316,v2.1.3,2024-03-11 02:25:12,47,0.0279,0.8517,0.1392,0.553,1367,58
RSC-2024-01317,v2.2.0,2024-03-13 21:38:20,40,0.0605,0.8291,0.1454,0.563,1419,50
RSC-2024-01318,v2.1.4,2024-05-14 01:40:29,44,0.0133,0.7852,0.1512,0.5215,1460,81
RSC-2024-01319,v2.3.0,2024-12-26 12:47:18,57,0.0804,0.7874,0.1189,0.5084,1063,105
RSC-2024-01320,v2.1.4,2024-01-12 18:48:27,35,0.0684,0.8047,0.1273,0.53,1505,125
RSC-2024-01321,v2.2.1,2024-04-02 00:24:24,53,0.023,0.7948,0.1421,0.5394,1533,92
RSC-2024-01322,v2.2.1,2024-09-15 12:02:42,56,0.0759,0.8118,0.133,0.4872,1197,42
RSC-2024-01323,v2.2.0,2024-06-15 23:05:46,54,0.0254,0.8325,0.1521,0.4981,1088,30
RSC-2024-01324,v2.3.0,2024-07-23 22:36:07,40,0.0454,0.8164,0.1372,0.5398,1102,65
RSC-2024-01325,v2.1.3,2024-04-16 02:46:21,53,0.0408,0.8284,0.1447,0.5221,978,51
RSC-2024-01326,v2.2.0,2024-10-25 11:10:07,42,0.026,0.776,0.1326,0.5409,1196,92
RSC-2024-01327,v2.3.0,2024-11-01 20:11:45,43,0.1429,0.8212,0.1262,0.5037,942,86
RSC-2024-01328,v2.1.4,2024-06-28 18:45:17,46,0.049,0.8275,0.1374,0.5657,1291,102
RSC-2024-01329,v2.1.3,2024-12-06 10:45:43,39,0.0051,0.8313,0.1447,0.5393,1260,104
RSC-2024-01330,v2.1.4,2024-08-18 18:48:28,45,0.0385,0.8204,0.1534,0.4943,1360,36
RSC-2024-01331,v2.2.1,2024-08-09 21:53:11,34,0.0119,0.8236,0.1528,0.5112,1358,119
RSC-2024-01332,v2.2.0,2024-03-31 11:34:40,43,0.0667,0.8297,0.1307,0.517,832,40
RSC-2024-01333,v2.3.0,2024-06-27 00:22:32,43,0.0162,0.8176,0.1563,0.5083,1486,138
RSC-2024-01334,v2.3.0,2024-04-27 05:23:44,48,0.0166,0.7987,0.1337,0.4923,1318,65
RSC-2024-01335,v2.3.0,2024-03-25 18:00:41,35,0.0507,0.8154,0.1482,0.5188,1121,73
RSC-2024-01336,v2.2.1,2024-05-16 06:01:44,50,0.0244,0.8084,0.1564,0.5047,939,38
RSC-2024-01337,v2.2.0,2024-11-26 01:58:52,39,0.0352,0.8102,0.1498,0.4778,1570,30
RSC-2024-01338,v2.2.0,2024-11-12 02:51:12,57,0.0445,0.798,0.1167,0.4916,1216,137
RSC-2024-01339,v2.1.4,2024-09-28 07:24:14,34,0.0908,0.7988,0.1499,0.4873,952,69
RSC-2024-01340,v2.1.3,2024-07-15 23:54:34,34,0.1264,0.8359,0.1593,0.4851,1154,121
RSC-2024-01341,v2.1.4,2024-04-25 23:55:31,37,0.0578,0.8117,0.1234,0.5044,1244,53
RSC-2024-01342,v2.2.1,2024-08-12 11:29:14,43,0.0259,0.8239,0.1577,0.5027,1189,56
RSC-2024-01343,v2.2.1,2024-02-18 04:56:53,38,0.0238,0.8151,0.1585,0.4815,824,74
RSC-2024-01344,v2.1.4,2024-08-05 14:16:31,55,0.0296,0.8235,0.1354,0.5226,1456,110
RSC-2024-01345,v2.3.0,2024-01-26 15:56:29,50,0.0022,0.8013,0.1409,0.5157,1052,43
RSC-2024-01346,v2.2.1,2024-04-23 17:24:05,40,0.0452,0.8353,0.1512,0.5065,943,127
RSC-2024-01347,v2.1.4,2024-03-26 09:39:36,38,0.0183,0.7779,0.1128,0.507,1285,98
RSC-2024-01348,v2.1.4,2024-11-18 08:56:27,38,0.023,0.7985,0.1468,0.5193,1576,36
RSC-2024-01349,v2.2.0,2024-06-24 12:29:31,46,0.0374,0.8329,0.1579,0.5039,1280,94
RSC-2024-01350,v2.2.0,2024-06-27 21:05:29,52,0.031,0.8333,0.1557,0.49,1395,120
RSC-2024-01351,v2.2.1,2024-04-11 05:44:49,56,0.0056,0.7772,0.1423,0.4963,1163,108
RSC-2024-01352,v2.1.3,2024-12-03 07:58:27,44,0.0314,0.7924,0.1377,0.5252,1081,122
RSC-2024-01353,v2.2.0,2024-01-25 23:36:57,39,0.0276,0.827,0.1204,0.5106,1496,46
RSC-2024-01354,v2.3.0,2024-02-15 23:53:40,44,0.0635,0.8129,0.1639,0.5225,1170,73
RSC-2024-01355,v2.2.1,2024-02-04 21:23:17,48,0.0149,0.816,0.1317,0.4947,1323,70
RSC-2024-01356,v2.1.4,2024-07-15 20:51:12,54,0.06,0.8222,0.1391,0.495,1103,51
RSC-2024-01357,v2.3.0,2024-07-27 03:21:43,52,0.0051,0.8466,0.1379,0.5081,1109,73
RSC-2024-01358,v2.2.1,2024-11-06 19:25:51,42,0.0867,0.8231,0.1438,0.5516,1474,107
RSC-2024-01359,v2.3.0,2024-01-29 22:55:37,38,0.0559,0.7932,0.1376,0.5361,1369,86
RSC-2024-01360,v2.2.0,2024-08-24 07:09:09,57,0.0191,0.809,0.1381,0.5271,1161,104
RSC-2024-01361,v2.3.0,2024-05-30 16:03:03,57,0.0544,0.8192,0.1596,0.5266,1027,49
RSC-2024-01362,v2.1.4,2024-05-15 10:49:07,39,0.0234,0.8394,0.1433,0.4936,1153,77
RSC-2024-01363,v2.2.1,2024-09-19 19:30:14,44,0.0509,0.8059,0.1426,0.5113,1298,42
RSC-2024-01364,v2.2.1,2024-01-04 06:30:58,56,0.0375,0.8087,0.1437,0.5081,866,41
RSC-2024-01365,v2.1.4,2024-07-23 15:27:40,53,0.076,0.8267,0.1371,0.5447,1282,139
RSC-2024-01366,v2.2.0,2024-09-29 13:53:14,43,0.0304,0.8313,0.1371,0.5272,1333,126
RSC-2024-01367,v2.1.3,2024-09-24 20:47:43,57,0.0716,0.794,0.1151,0.5432,1133,46
RSC-2024-01368,v2.1.4,2024-09-25 22:37:55,37,0.0171,0.7982,0.1402,0.4825,1052,111
RSC-2024-01369,v2.2.1,2024-02-19 18:52:00,54,0.0286,0.7971,0.1433,0.4846,880,97
RSC-2024-01370,v2.1.4,2024-10-10 17:43:49,41,0.0469,0.8291,0.1686,0.4828,1469,76
RSC-2024-01371,v2.1.4,2024-01-18 11:26:16,49,0.0201,0.8488,0.1564,0.4753,1119,77
RSC-2024-01372,v2.3.0,2024-06-04 00:47:30,55,0.0187,0.7995,0.1364,0.5098,1493,132
RSC-2024-01373,v2.2.0,2024-09-19 23:10:04,37,0.0174,0.8316,0.1532,0.5091,1483,60
RSC-2024-01374,v2.3.0,2024-06-23 11:23:56,57,0.077,0.8227,0.1404,0.508,946,51
RSC-2024-01375,v2.3.0,2024-08-05 09:26:34,51,0.0347,0.8066,0.1511,0.5283,1326,119
RSC-2024-01376,v2.1.4,2024-02-25 18:50:04,36,0.045,0.8109,0.133,0.4991,1559,134
RSC-2024-01377,v2.1.3,2024-05-10 00:21:54,34,0.0464,0.8203,0.1679,0.5171,1054,63
RSC-2024-01378,v2.2.0,2024-12-05 04:17:42,57,0.0273,0.8086,0.141,0.5298,1226,59
RSC-2024-01379,v2.1.3,2024-03-30 07:12:05,51,0.036,0.8229,0.1451,0.5116,1090,25
RSC-2024-01380,v2.1.3,2024-05-12 10:32:47,40,0.0678,0.8089,0.1083,0.5255,1143,125
RSC-2024-01381,v2.2.1,2024-06-04 12:25:50,35,0.0795,0.8008,0.1134,0.5334,1157,89
RSC-2024-01382,v2.2.1,2024-04-22 13:01:17,57,0.1001,0.7878,0.1405,0.5118,1192,104
RSC-2024-01383,v2.3.0,2024-06-30 23:03:01,36,0.0446,0.8061,0.1306,0.5165,1129,67
RSC-2024-01384,v2.2.1,2024-06-30 17:44:34,45,0.0715,0.8095,0.1327,0.5182,805,121
RSC-2024-01385,v2.2.0,2024-07-01 00:14:03,54,0.0665,0.7957,0.1527,0.4928,1515,104
RSC-2024-01386,v2.2.0,2024-12-24 10:20:09,47,0.0175,0.7966,0.134,0.5071,901,111
RSC-2024-01387,v2.1.3,2024-05-12 08:09:11,40,0.0112,0.8058,0.1151,0.4826,1233,39
RSC-2024-01388,v2.2.1,2024-09-30 03:58:44,35,0.0681,0.8255,0.1383,0.5261,1218,38
RSC-2024-01389,v2.2.1,2024-10-25 08:28:26,44,0.0445,0.7863,0.1265,0.5216,1038,104
RSC-2024-01390,v2.1.4,2024-05-22 13:01:04,49,0.0083,0.8172,0.1333,0.4998,1344,80
RSC-2024-01391,v2.1.3,2024-10-12 06:04:27,55,0.0063,0.7822,0.1294,0.494,1174,89
RSC-2024-01392,v2.1.4,2024-05-22 14:09:59,50,0.0243,0.8096,0.1621,0.5294,1435,133
RSC-2024-01393,v2.1.3,2024-08-03 01:17:53,40,0.079,0.8362,0.1356,0.5176,900,118
RSC-2024-01394,v2.3.0,2024-05-03 16:54:43,34,0.0179,0.8192,0.1551,0.5055,1386,57
RSC-2024-01395,v2.2.1,2024-08-09 23:01:58,53,0.0149,0.8215,0.1445,0.526,1000,42
RSC-2024-01396,v2.3.0,2024-01-28 00:46:08,44,0.0176,0.8085,0.1558,0.4909,1047,80
RSC-2024-01397,v2.1.3,2024-07-13 06:09:08,39,0.0726,0.7912,0.1511,0.5017,1182,42
RSC-2024-01398,v2.1.3,2024-01-04 17:06:05,51,0.1219,0.7983,0.1428,0.5374,1037,134
RSC-2024-01399,v2.1.4,2024-10-12 14:05:18,57,0.0358,0.7929,0.1423,0.5276,1159,119
RSC-2024-01400,v2.1.3,2024-12-02 00:56:00,53,0.0107,0.8694,0.1338,0.5056,983,132
RSC-2024-01401,v2.1.4,2024-08-23 02:56:36,53,0.0118,0.8065,0.1441,0.5009,1193,53
RSC-2024-01402,v2.3.0,2024-11-09 14:59:28,35,0.0308,0.789,0.1314,0.5047,943,112
RSC-2024-01403,v2.3.0,2024-12-22 13:53:54,37,0.0098,0.8099,0.1293,0.5183,1098,128
RSC-2024-01404,v2.2.0,2024-04-05 12:44:19,56,0.0422,0.8309,0.146,0.5246,1206,53
RSC-2024-01405,v2.1.3,2024-09-05 20:42:14,38,0.0244,0.827,0.1537,0.5178,1236,74
RSC-2024-01406,v2.2.0,2024-09-21 00:48:26,48,0.0496,0.7985,0.1398,0.5598,1340,124
RSC-2024-01407,v2.2.1,2024-04-18 16:44:43,44,0.03,0.8046,0.133,0.5102,1556,99
RSC-2024-01408,v2.1.4,2024-08-05 14:04:55,43,0.0642,0.7928,0.1258,0.525,875,115
RSC-2024-01409,v2.2.1,2024-01-13 01:55:35,48,0.0545,0.8157,0.1366,0.5375,1158,88
RSC-2024-01410,v2.2.1,2024-09-16 07:06:44,41,0.0898,0.8059,0.1604,0.5434,1331,93
RSC-2024-01411,v2.1.3,2024-01-12 00:41:21,46,0.0405,0.7927,0.1279,0.4716,1341,132
RSC-2024-01412,v2.2.0,2024-10-04 08:20:58,56,0.056,0.8183,0.1645,0.5021,1492,31
RSC-2024-01413,v2.3.0,2024-12-11 10:27:12,48,0.0215,0.8141,0.1431,0.5339,902,85
RSC-2024-01414,v2.2.0,2024-11-08 05:54:37,46,0.0587,0.8101,0.1405,0.5153,1510,53
RSC-2024-01415,v2.1.4,2024-12-22 18:16:44,56,0.0205,0.813,0.1286,0.4808,1016,129
RSC-2024-01416,v2.3.0,2024-10-08 18:03:55,44,0.0804,0.7952,0.148,0.5277,1238,109
RSC-2024-01417,v2.3.0,2024-07-09 12:32:07,40,0.0489,0.8271,0.1411,0.4847,1278,23
RSC-2024-01418,v2.2.0,2024-06-26 20:51:34,48,0.0522,0.8388,0.1576,0.5116,1411,24
RSC-2024-01419,v2.2.0,2024-05-06 12:39:44,54,0.0408,0.8456,0.1263,0.5178,1182,61
RSC-2024-01420,v2.2.0,2024-07-09 15:50:08,44,0.0629,0.8487,0.1383,0.5166,811,124
RSC-2024-01421,v2.1.3,2024-02-07 10:36:46,40,0.0238,0.8179,0.1487,0.512,1232,81
RSC-2024-01422,v2.1.4,2024-02-18 23:44:02,43,0.0694,0.7917,0.1464,0.5086,1516,21
RSC-2024-01423,v2.3.0,2024-03-04 16:37:32,48,0.0249,0.7879,0.1523,0.4883,1046,104
RSC-2024-01424,v2.1.4,2024-12-17 20:08:25,40,0.0225,0.7936,0.1347,0.5385,823,85
RSC-2024-01425,v2.2.0,2024-10-26 22:46:53,54,0.0544,0.8116,0.1386,0.5221,1201,81
RSC-2024-01426,v2.1.4,2024-08-26 12:03:46,36,0.006,0.7834,0.158,0.5382,1009,133
RSC-2024-01427,v2.1.4,2024-09-01 09:57:29,46,0.0619,0.8121,0.1574,0.5015,862,75
RSC-2024-01428,v2.2.0,2024-02-13 14:43:34,46,0.0657,0.8388,0.1545,0.5023,1366,38
RSC-2024-01429,v2.2.0,2024-10-07 05:48:49,41,0.0283,0.8129,0.1471,0.5145,1400,77
RSC-2024-01430,v2.1.4,2024-12-08 11:24:46,39,0.0752,0.8398,0.1381,0.5075,981,90
RSC-2024-01431,v2.2.0,2024-12-25 13:29:39,45,0.0244,0.812,0.1491,0.5146,849,38
RSC-2024-01432,v2.3.0,2024-03-24 08:18:18,36,0.0581,0.7996,0.1514,0.4959,869,41
RSC-2024-01433,v2.1.4,2024-01-28 07:34:07,53,0.0331,0.8155,0.1489,0.5205,1096,99
RSC-2024-01434,v2.1.4,2024-04-13 16:26:51,35,0.0232,0.8169,0.1403,0.4994,834,33
RSC-2024-01435,v2.1.4,2024-11-06 10:58:38,45,0.0368,0.8357,0.1595,0.4963,1386,77
RSC-2024-01436,v2.1.3,2024-05-22 07:31:22,54,0.1147,0.812,0.1436,0.5634,1308,116
RSC-2024-01437,v2.2.0,2024-01-09 04:31:22,37,0.0189,0.7997,0.1314,0.5307,975,61
RSC-2024-01438,v2.1.3,2024-03-21 19:28:24,45,0.0913,0.8131,0.1452,0.4985,904,126
RSC-2024-01439,v2.1.3,2024-05-06 17:10:08,39,0.0387,0.7876,0.1396,0.5174,956,55
RSC-2024-01440,v2.1.3,2024-02-28 21:28:11,47,0.0671,0.8156,0.1535,0.525,924,58
RSC-2024-01441,v2.3.0,2024-08-30 08:05:24,34,0.0199,0.8305,0.1376,0.4945,1349,86
RSC-2024-01442,v2.3.0,2024-03-27 17:55:29,46,0.0166,0.8101,0.1429,0.53,861,62
RSC-2024-01443,v2.2.0,2024-11-16 20:27:47,48,0.029,0.7809,0.1363,0.5191,1050,30
RSC-2024-01444,v2.1.3,2024-05-17 12:43:18,44,0.076,0.8396,0.1385,0.5276,1054,139
RSC-2024-01445,v2.3.0,2024-03-23 00:39:15,38,0.0462,0.7936,0.1391,0.5272,975,51
RSC-2024-01446,v2.1.3,2024-12-25 03:24:27,54,0.0239,0.8128,0.1638,0.4855,1396,111
RSC-2024-01447,v2.3.0,2024-07-02 18:28:02,37,0.0422,0.821,0.1564,0.5384,1175,138
RSC-2024-01448,v2.1.4,2024-11-24 04:46:41,49,0.0267,0.7946,0.1633,0.5486,859,49
RSC-2024-01449,v2.1.3,2024-05-15 10:24:16,56,0.0092,0.8109,0.147,0.4869,850,44
RSC-2024-01450,v2.2.0,2024-03-04 00:53:22,56,0.0375,0.8351,0.137,0.5374,1594,75
RSC-2024-01451,v2.1.4,2024-03-09 00:02:24,48,0.0283,0.8651,0.1216,0.5207,1293,22
RSC-2024-01452,v2.2.0,2024-03-01 15:31:08,40,0.0463,0.7985,0.1218,0.4991,1388,48
RSC-2024-01453,v2.2.0,2024-03-30 07:21:24,50,0.1293,0.7801,0.1477,0.4985,1227,26
RSC-2024-01454,v2.1.4,2024-07-18 16:10:32,43,0.0187,0.821,0.147,0.5276,983,103
RSC-2024-01455,v2.3.0,2024-09-10 01:20:00,40,0.0184,0.8247,0.1368,0.5103,1468,125
RSC-2024-01456,v2.2.1,2024-12-04 01:58:18,37,0.0427,0.8068,0.1296,0.5199,1341,87
RSC-2024-01457,v2.2.0,2024-10-08 14:14:02,35,0.1041,0.8258,0.1423,0.5172,1091,45
RSC-2024-01458,v2.3.0,2024-12-20 03:16:12,53,0.0326,0.7865,0.1488,0.5284,843,131
RSC-2024-01459,v2.2.0,2024-08-15 00:31:00,55,0.0363,0.8316,0.1405,0.509,1333,53
RSC-2024-01460,v2.3.0,2024-06-27 04:39:47,46,0.0717,0.7992,0.1312,0.5212,935,54
RSC-2024-01461,v2.2.1,2024-04-23 00:53:49,47,0.0316,0.7758,0.1365,0.4965,897,67
RSC-2024-01462,v2.2.1,2024-07-10 10:15:17,47,0.0522,0.8168,0.1116,0.5332,1546,21
RSC-2024-01463,v2.1.4,2024-07-30 09:52:41,57,0.1738,0.8004,0.1522,0.5151,1191,104
RSC-2024-01464,v2.1.3,2024-06-25 22:15:52,53,0.0623,0.8265,0.1301,0.4972,1023,87
RSC-2024-01465,v2.2.1,2024-02-09 17:12:01,47,0.0125,0.8337,0.1418,0.5065,861,53
RSC-2024-01466,v2.2.1,2024-10-16 10:39:45,44,0.0464,0.8136,0.1521,0.5323,1450,55
RSC-2024-01467,v2.3.0,2024-07-01 23:23:27,45,0.1484,0.8525,0.1547,0.5126,953,122
RSC-2024-01468,v2.2.0,2024-02-03 20:11:03,53,0.0465,0.8082,0.164,0.5154,1547,112
RSC-2024-01469,v2.2.1,2024-04-11 15:11:41,46,0.0518,0.8091,0.1432,0.5234,956,73
RSC-2024-01470,v2.1.3,2024-08-22 16:01:40,57,0.0114,0.774,0.1364,0.5029,813,83
RSC-2024-01471,v2.2.1,2024-03-08 02:29:53,47,0.0055,0.8326,0.1216,0.5038,946,137
RSC-2024-01472,v2.3.0,2024-06-21 00:54:20,34,0.0435,0.8332,0.143,0.4997,1033,50
RSC-2024-01473,v2.3.0,2024-11-16 17:05:57,48,0.0434,0.8202,0.145,0.5304,1476,94
RSC-2024-01474,v2.2.1,2024-02-07 11:01:59,44,0.0928,0.8194,0.1506,0.5217,1175,94
RSC-2024-01475,v2.2.0,2024-02-05 06:19:31,37,0.0082,0.7993,0.1426,0.5253,993,27
RSC-2024-01476,v2.1.4,2024-07-13 16:20:18,52,0.0437,0.8094,0.1391,0.5307,1019,106
RSC-2024-01477,v2.3.0,2024-06-16 08:00:19,45,0.0417,0.8273,0.136,0.4796,1437,89
RSC-2024-01478,v2.2.1,2024-06-08 16:57:59,52,0.0283,0.7951,0.1482,0.5212,968,42
RSC-2024-01479,v2.3.0,2024-03-26 01:14:19,34,0.0242,0.833,0.1296,0.5213,1505,30
RSC-2024-01480,v2.1.3,2024-05-15 06:59:59,44,0.0104,0.8147,0.146,0.486,956,66
RSC-2024-01481,v2.2.0,2024-12-18 05:22:39,45,0.0586,0.8253,0.124,0.5282,1260,40
RSC-2024-01482,v2.2.0,2024-05-25 22:29:54,34,0.0424,0.7939,0.1432,0.5012,1458,88
RSC-2024-01483,v2.1.4,2024-07-16 13:35:51,34,0.0024,0.806,0.1711,0.537,1408,122
RSC-2024-01484,v2.1.4,2024-08-20 05:22:43,46,0.0239,0.8208,0.1452,0.4489,1444,104
RSC-2024-01485,v2.2.0,2024-01-15 11:33:03,54,0.0371,0.8019,0.1418,0.533,1506,109
RSC-2024-01486,v2.3.0,2024-01-26 06:27:39,45,0.0117,0.8487,0.129,0.5333,1155,45
RSC-2024-01487,v2.2.0,2024-05-28 17:31:34,48,0.0153,0.8007,0.1386,0.5076,969,47
RSC-2024-01488,v2.3.0,2024-09-28 08:32:20,45,0.0644,0.8395,0.135,0.5006,1596,22
RSC-2024-01489,v2.1.3,2024-04-07 19:38:41,35,0.0289,0.8593,0.1382,0.5098,1031,35
RSC-2024-01490,v2.1.4,2024-11-07 07:32:43,35,0.0555,0.7954,0.1239,0.4788,1475,58
RSC-2024-01491,v2.1.3,2024-03-12 10:01:46,48,0.0411,0.7926,0.1526,0.5208,976,33
RSC-2024-01492,v2.1.3,2024-08-02 11:11:18,50,0.0228,0.8084,0.1511,0.4845,915,27
RSC-2024-01493,v2.3.0,2024-11-21 01:30:28,43,0.1042,0.8428,0.14,0.5377,1188,29
RSC-2024-01494,v2.1.4,2024-11-05 16:37:16,40,0.0233,0.7955,0.1389,0.5119,948,25
RSC-2024-01495,v2.1.4,2024-08-02 20:27:58,41,0.0722,0.8124,0.1138,0.5101,1466,78
RSC-2024-01496,v2.1.3,2024-05-21 03:35:48,48,0.0451,0.7961,0.1363,0.5081,1275,86
RSC-2024-01497,v2.2.1,2024-10-31 03:27:51,38,0.0081,0.7705,0.1539,0.5356,1034,55
RSC-2024-01498,v2.2.0,2024-03-09 18:12:20,48,0.0163,0.84,0.1236,0.5078,1145,76
RSC-2024-01499,v2.2.1,2024-08-20 17:48:50,34,0.0757,0.8355,0.1418,0.4927,1532,138
RSC-2024-01500,v2.1.4,2024-01-09 17:12:36,55,0.0305,0.7826,0.1529,0.4916,1253,82
RSC-2024-01501,v2.2.1,2024-06-13 06:17:16,50,0.0253,0.8182,0.1329,0.4827,853,63
RSC-2024-01502,v2.1.3,2024-08-07 07:32:14,45,0.0298,0.8147,0.134,0.5281,1213,127
RSC-2024-01503,v2.2.1,2024-03-13 08:03:11,45,0.0799,0.8026,0.1482,0.5357,825,111
RSC-2024-01504,v2.1.4,2024-02-01 15:48:54,48,0.1233,0.8131,0.1283,0.479,1524,121
RSC-2024-01505,v2.3.0,2024-05-01 12:52:07,57,0.0197,0.8479,0.1517,0.5138,1471,59
RSC-2024-01506,v2.1.3,2024-09-23 16:48:09,55,0.1077,0.8199,0.156,0.4656,1404,84
RSC-2024-01507,v2.2.0,2024-08-22 12:14:05,43,0.0667,0.7959,0.1323,0.5389,1484,59
RSC-2024-01508,v2.3.0,2024-10-11 00:20:42,39,0.0229,0.822,0.14,0.5222,1303,113
RSC-2024-01509,v2.3.0,2024-01-25 18:27:14,37,0.0224,0.8108,0.1215,0.5135,1320,29
RSC-2024-01510,v2.1.4,2024-02-20 13:10:45,45,0.0087,0.8006,0.1427,0.4916,923,36
RSC-2024-01511,v2.2.1,2024-03-17 17:47:33,52,0.0474,0.8427,0.1555,0.5403,1249,62
RSC-2024-01512,v2.2.1,2024-06-23 21:33:52,41,0.0396,0.8134,0.1354,0.5253,1419,136
RSC-2024-01513,v2.1.4,2024-01-05 13:28:06,53,0.0409,0.8061,0.1333,0.499,1314,28
RSC-2024-01514,v2.1.4,2024-08-13 20:53:23,37,0.0705,0.7934,0.1269,0.5067,1261,136
RSC-2024-01515,v2.1.3,2024-11-20 17:27:50,40,0.0425,0.8164,0.132,0.5074,1252,85
RSC-2024-01516,v2.1.3,2024-09-05 02:39:25,57,0.014,0.8045,0.1333,0.5152,1309,83
RSC-2024-01517,v2.1.4,2024-08-14 01:24:41,47,0.0113,0.8173,0.1532,0.5043,965,36
RSC-2024-01518,v2.1.4,2024-05-24 02:00:01,36,0.0972,0.7826,0.1362,0.5167,1187,104
RSC-2024-01519,v2.1.4,2024-07-26 16:16:54,51,0.0342,0.8335,0.1432,0.5141,1529,134
RSC-2024-01520,v2.1.3,2024-03-15 21:44:34,55,0.0225,0.8167,0.1337,0.4932,1041,138
RSC-2024-01521,v2.1.3,2024-12-12 21:30:10,35,0.0205,0.8105,0.1425,0.4902,960,136
RSC-2024-01522,v2.2.0,2024-11-06 17:57:58,50,0.107,0.794,0.1416,0.548,1368,60
RSC-2024-01523,v2.2.1,2024-06-03 11:43:08,53,0.0543,0.87,0.1309,0.4988,1545,32
RSC-2024-01524,v2.1.4,2024-09-08 02:59:58,40,0.0117,0.8165,0.1184,0.533,1517,67
RSC-2024-01525,v2.1.4,2024-07-25 12:22:27,45,0.068,0.798,0.1395,0.5436,1298,130
RSC-2024-01526,v2.1.4,2024-12-09 02:22:21,34,0.0439,0.7783,0.1367,0.5279,1299,36
RSC-2024-01527,v2.2.0,2024-06-08 19:29:28,44,0.0132,0.8202,0.1312,0.5056,1476,137
RSC-2024-01528,v2.1.4,2024-08-26 15:56:22,42,0.0527,0.8098,0.1323,0.5065,1556,132
RSC-2024-01529,v2.2.1,2024-07-31 17:53:59,40,0.0195,0.8201,0.1186,0.5025,1274,127
RSC-2024-01530,v2.3.0,2024-11-15 14:38:37,54,0.0186,0.835,0.1281,0.4663,1070,111
RSC-2024-01531,v2.2.0,2024-04-21 18:42:51,41,0.0159,0.8466,0.16,0.5029,807,102
RSC-2024-01532,v2.1.3,2024-06-29 23:38:04,56,0.0776,0.8037,0.1459,0.5082,1308,41
RSC-2024-01533,v2.1.3,2024-12-13 05:58:24,41,0.0613,0.8193,0.1341,0.525,1082,81
RSC-2024-01534,v2.3.0,2024-11-20 05:14:34,50,0.0751,0.7681,0.1487,0.5036,1457,134
RSC-2024-01535,v2.2.1,2024-05-23 12:15:38,48,0.0493,0.8187,0.1322,0.5215,914,56
RSC-2024-01536,v2.2.1,2024-11-08 22:07:13,45,0.0556,0.7852,0.143,0.5308,1250,69
RSC-2024-01537,v2.1.4,2024-09-17 15:15:05,40,0.1494,0.844,0.142,0.4993,1117,133
RSC-2024-01538,v2.3.0,2024-03-25 12:44:32,42,0.0205,0.831,0.1383,0.4806,1346,129
RSC-2024-01539,v2.2.0,2024-02-16 22:51:51,46,0.021,0.8085,0.1448,0.4968,1316,56
RSC-2024-01540,v2.1.3,2024-11-17 06:12:25,36,0.0387,0.8023,0.1493,0.5252,1534,112
RSC-2024-01541,v2.2.0,2024-12-08 17:06:43,34,0.0415,0.809,0.1373,0.5292,1142,63
RSC-2024-01542,v2.1.4,2024-06-11 13:15:20,52,0.057,0.8027,0.1272,0.5028,802,79
RSC-2024-01543,v2.2.1,2024-01-19 12:02:36,46,0.0594,0.8354,0.1483,0.5104,829,65
RSC-2024-01544,v2.2.1,2024-02-10 16:11:28,41,0.0682,0.7985,0.1614,0.5328,1257,35
RSC-2024-01545,v2.2.1,2024-03-24 12:24:07,52,0.0293,0.8247,0.1275,0.4931,922,61
RSC-2024-01546,v2.2.0,2024-11-06 07:06:56,37,0.0441,0.8058,0.141,0.523,1157,48
RSC-2024-01547,v2.1.4,2024-12-18 23:41:00,35,0.0687,0.837,0.1464,0.4996,1551,119
RSC-2024-01548,v2.3.0,2024-11-02 10:37:05,38,0.0473,0.7996,0.1531,0.4833,863,136
RSC-2024-01549,v2.1.4,2024-06-10 07:34:15,35,0.0803,0.8064,0.1491,0.5316,902,62
RSC-2024-01550,v2.2.0,2024-05-19 11:50:54,36,0.0247,0.8337,0.1243,0.5313,997,53
RSC-2024-01551,v2.2.1,2024-01-10 00:00:57,43,0.0275,0.7691,0.1543,0.5328,1062,69
RSC-2024-01552,v2.3.0,2024-12-27 13:30:06,57,0.0837,0.8169,0.1381,0.5292,960,132
RSC-2024-01553,v2.2.0,2024-06-13 17:35:28,43,0.0466,0.7951,0.1655,0.5395,1218,33
RSC-2024-01554,v2.2.1,2024-04-29 10:09:40,52,0.0349,0.8003,0.1503,0.5537,1450,83
RSC-2024-01555,v2.1.3,2024-05-18 18:43:22,43,0.015,0.7957,0.1591,0.5348,801,65
RSC-2024-01556,v2.1.4,2024-09-25 10:35:30,51,0.0102,0.7997,0.1021,0.536,1396,111
RSC-2024-01557,v2.3.0,2024-07-14 12:44:22,34,0.1132,0.8086,0.1327,0.5005,963,109
RSC-2024-01558,v2.3.0,2024-12-04 12:26:47,51,0.0282,0.7965,0.1543,0.514,963,86
RSC-2024-01559,v2.1.4,2024-06-21 12:54:17,44,0.0366,0.8012,0.1265,0.5018,832,37
RSC-2024-01560,v2.3.0,2024-08-23 15:17:42,51,0.0433,0.8112,0.1445,0.4889,821,104
RSC-2024-01561,v2.2.0,2024-10-21 12:01:37,43,0.0578,0.7997,0.1198,0.4832,1503,42
RSC-2024-01562,v2.1.4,2024-04-13 17:31:51,38,0.024,0.7959,0.1382,0.5591,1593,73
RSC-2024-01563,v2.2.0,2024-04-29 11:40:25,37,0.0206,0.8198,0.1507,0.5066,1390,91
RSC-2024-01564,v2.1.4,2024-03-14 00:07:22,44,0.0416,0.8004,0.1317,0.529,1512,83
RSC-2024-01565,v2.2.1,2024-04-22 10:19:38,40,0.0977,0.8357,0.1279,0.5333,1494,69
RSC-2024-01566,v2.1.4,2024-04-18 19:15:40,44,0.0137,0.7625,0.1401,0.5131,1384,42
RSC-2024-01567,v2.1.4,2024-02-27 16:52:57,50,0.0156,0.7896,0.1415,0.523,1411,103
RSC-2024-01568,v2.2.0,2024-11-15 21:11:06,40,0.1073,0.8124,0.1605,0.5026,891,84
RSC-2024-01569,v2.1.4,2024-07-04 13:52:51,48,0.0752,0.7902,0.1453,0.4847,1106,24
RSC-2024-01570,v2.2.1,2024-10-04 21:19:23,45,0.0444,0.8437,0.127,0.5211,1254,99
RSC-2024-01571,v2.2.1,2024-11-07 18:28:23,54,0.0552,0.8086,0.1395,0.4925,1121,132
RSC-2024-01572,v2.2.0,2024-11-03 06:39:17,41,0.0341,0.8178,0.1652,0.5162,1586,129
RSC-2024-01573,v2.2.0,2024-04-24 21:43:33,38,0.0736,0.8167,0.1418,0.5052,1336,44
RSC-2024-01574,v2.1.4,2024-07-13 12:53:56,57,0.0816,0.8136,0.122,0.5422,859,127
RSC-2024-01575,v2.1.3,2024-07-10 12:06:51,34,0.0204,0.8138,0.1368,0.5089,1417,21
RSC-2024-01576,v2.2.1,2024-10-04 22:58:21,56,0.0155,0.8112,0.127,0.5248,1540,130
RSC-2024-01577,v2.2.0,2024-05-31 02:05:48,36,0.0815,0.8442,0.1445,0.4706,1024,87
RSC-2024-01578,v2.3.0,2024-07-01 15:49:14,52,0.0307,0.8011,0.1329,0.5149,1453,107
RSC-2024-01579,v2.2.0,2024-01-04 09:13:46,48,0.0163,0.8336,0.1356,0.4878,1158,105
RSC-2024-01580,v2.2.0,2024-11-07 10:22:29,51,0.0184,0.7807,0.1518,0.4977,1498,33
RSC-2024-01581,v2.2.1,2024-03-17 11:52:15,39,0.0303,0.8109,0.1565,0.5109,907,95
RSC-2024-01582,v2.2.0,2024-05-16 21:00:31,40,0.0596,0.8416,0.1422,0.545,1224,98
RSC-2024-01583,v2.3.0,2024-09-10 08:14:52,43,0.0395,0.7931,0.1251,0.5642,1016,136
RSC-2024-01584,v2.3.0,2024-08-04 23:39:36,55,0.0734,0.8153,0.1393,0.4947,979,53
RSC-2024-01585,v2.2.0,2024-05-31 22:24:36,35,0.0676,0.7875,0.1479,0.5229,1291,46
RSC-2024-01586,v2.3.0,2024-08-11 00:29:03,37,0.0336,0.7995,0.1263,0.4762,1475,137
RSC-2024-01587,v2.2.1,2024-11-03 20:50:32,41,0.0121,0.821,0.1535,0.5269,1126,82
RSC-2024-01588,v2.3.0,2024-05-10 20:05:52,50,0.0186,0.799,0.1514,0.5171,1445,103
RSC-2024-01589,v2.1.4,2024-11-24 20:30:48,55,0.0419,0.8183,0.1241,0.5212,1424,28
RSC-2024-01590,v2.2.0,2024-03-27 02:29:40,39,0.0152,0.8277,0.1291,0.4924,1326,98
RSC-2024-01591,v2.1.3,2024-04-29 11:05:19,38,0.0301,0.8014,0.1392,0.5187,1165,41
RSC-2024-01592,v2.2.0,2024-07-11 00:33:08,44,0.0434,0.8032,0.1335,0.5293,876,60
RSC-2024-01593,v2.2.1,2024-04-22 23:39:40,43,0.041,0.8151,0.1428,0.528,1493,21
RSC-2024-01594,v2.3.0,2024-08-09 09:34:04,42,0.1179,0.8155,0.121,0.5197,1571,116
RSC-2024-01595,v2.1.3,2024-09-15 11:14:58,35,0.0752,0.8248,0.1401,0.5254,1030,61
RSC-2024-01596,v2.2.0,2024-10-03 23:24:17,45,0.0209,0.7988,0.1452,0.478,1520,94
RSC-2024-01597,v2.2.0,2024-06-12 06:38:53,36,0.0247,0.8323,0.1562,0.5113,1209,51
RSC-2024-01598,v2.1.3,2024-06-18 21:16:21,44,0.0413,0.823,0.1191,0.5207,1533,101
RSC-2024-01599,v2.3.0,2024-11-24 09:10:24,42,0.0296,0.7852,0.143,0.4839,956,74
RSC-2024-01600,v2.1.3,2024-07-30 11:10:44,37,0.1706,0.8194,0.1337,0.5371,1471,131
RSC-2024-01601,v2.1.4,2024-12-03 11:54:19,55,0.0395,0.7954,0.1453,0.5486,1020,71
RSC-2024-01602,v2.2.0,2024-09-15 23:09:10,37,0.0394,0.8218,0.1378,0.4975,1388,22
RSC-2024-01603,v2.3.0,2024-11-24 06:08:41,54,0.0716,0.846,0.1523,0.4972,1485,55
RSC-2024-01604,v2.3.0,2024-07-08 10:10:54,51,0.0286,0.8134,0.1545,0.5296,872,139
RSC-2024-01605,v2.2.1,2024-02-17 22:26:59,46,0.0712,0.8237,0.1268,0.5456,1481,52
RSC-2024-01606,v2.3.0,2024-12-28 21:40:08,57,0.0356,0.8307,0.1469,0.5084,1388,111
RSC-2024-01607,v2.1.3,2024-04-18 13:36:26,39,0.0074,0.811,0.1435,0.5309,1045,21
RSC-2024-01608,v2.2.1,2024-01-22 13:03:15,36,0.0186,0.8108,0.1278,0.5099,1474,128
RSC-2024-01609,v2.2.0,2024-11-27 09:21:54,50,0.0201,0.807,0.1344,0.487,1251,62
RSC-2024-01610,v2.1.4,2024-05-27 23:01:01,45,0.0602,0.8289,0.1518,0.4929,1355,58
RSC-2024-01611,v2.2.0,2024-04-20 10:06:41,53,0.069,0.8213,0.147,0.5337,1551,52
RSC-2024-01612,v2.2.1,2024-05-04 15:18:02,49,0.024,0.8328,0.1391,0.5061,1230,125
RSC-2024-01613,v2.1.3,2024-01-09 13:32:16,45,0.0421,0.7681,0.1497,0.5054,1134,112
RSC-2024-01614,v2.1.4,2024-01-30 00:10:32,35,0.039,0.8071,0.1366,0.4965,820,60
RSC-2024-01615,v2.2.1,2024-12-21 14:12:43,50,0.1119,0.8259,0.1299,0.5296,1591,85
RSC-2024-01616,v2.2.0,2024-03-25 02:37:53,40,0.0634,0.8216,0.1367,0.5222,1477,73
RSC-2024-01617,v2.1.3,2024-08-27 23:30:22,47,0.0695,0.8065,0.141,0.5306,1135,65
RSC-2024-01618,v2.1.4,2024-03-26 21:35:48,50,0.0386,0.8437,0.1534,0.502,1160,62
RSC-2024-01619,v2.2.0,2024-07-12 10:59:52,45,0.0081,0.8036,0.1627,0.5229,1143,51
RSC-2024-01620,v2.1.4,2024-06-04 14:44:36,44,0.0179,0.8322,0.1617,0.4946,902,55
RSC-2024-01621,v2.1.3,2024-05-15 14:36:53,43,0.0639,0.8343,0.1431,0.5323,1138,111
RSC-2024-01622,v2.1.4,2024-04-03 19:05:00,45,0.0065,0.7815,0.1404,0.5033,965,110
RSC-2024-01623,v2.3.0,2024-07-08 22:22:56,57,0.0512,0.775,0.1306,0.5468,1400,104
RSC-2024-01624,v2.1.4,2024-10-05 12:04:34,41,0.0438,0.8301,0.1411,0.5655,1257,80
RSC-2024-01625,v2.2.0,2024-11-17 11:33:50,35,0.0258,0.7894,0.1502,0.5041,1217,22
RSC-2024-01626,v2.1.3,2024-06-07 07:16:39,48,0.0144,0.7964,0.1273,0.4915,833,76
RSC-2024-01627,v2.1.3,2024-09-04 09:59:53,35,0.0151,0.8202,0.1177,0.4971,890,95
RSC-2024-01628,v2.1.3,2024-08-11 00:13:32,41,0.0136,0.7978,0.1428,0.4977,1129,132
RSC-2024-01629,v2.1.4,2024-08-29 15:43:45,52,0.0982,0.8045,0.1303,0.5097,1032,64
RSC-2024-01630,v2.2.0,2024-10-26 01:04:25,40,0.062,0.8229,0.1463,0.5137,1250,21
RSC-2024-01631,v2.2.0,2024-04-11 08:07:58,48,0.0184,0.8201,0.137,0.5312,840,99
RSC-2024-01632,v2.1.3,2024-07-23 13:17:35,49,0.0091,0.8059,0.1372,0.5038,1579,24
RSC-2024-01633,v2.2.0,2024-11-12 09:46:27,41,0.0874,0.7735,0.1469,0.504,959,100
RSC-2024-01634,v2.2.0,2024-07-07 02:22:57,51,0.0329,0.8097,0.1548,0.5141,959,136
RSC-2024-01635,v2.2.0,2024-12-28 05:35:12,51,0.0083,0.7903,0.133,0.4857,811,24
RSC-2024-01636,v2.1.4,2024-10-01 03:32:31,54,0.051,0.8202,0.1633,0.4931,851,62
RSC-2024-01637,v2.1.3,2024-11-23 14:02:35,36,0.0228,0.7982,0.145,0.5,1535,86
RSC-2024-01638,v2.2.0,2024-09-22 23:05:00,48,0.0097,0.8311,0.1248,0.5416,1354,59
RSC-2024-01639,v2.1.4,2024-03-31 23:58:42,38,0.0542,0.8272,0.1301,0.5203,1158,113
RSC-2024-01640,v2.2.1,2024-03-29 03:43:05,51,0.0269,0.8051,0.145,0.5548,847,96
RSC-2024-01641,v2.2.0,2024-05-04 22:51:42,50,0.0177,0.8061,0.1291,0.49,952,47
RSC-2024-01642,v2.3.0,2024-06-09 12:17:37,35,0.0457,0.7889,0.1497,0.5218,1460,111
RSC-2024-01643,v2.2.0,2024-08-29 19:20:48,53,0.0692,0.8022,0.1224,0.5244,914,136
RSC-2024-01644,v2.1.3,2024-02-11 23:19:45,42,0.0252,0.7754,0.149,0.5505,1404,121
RSC-2024-01645,v2.1.3,2024-05-23 04:18:53,56,0.0179,0.814,0.1286,0.5168,1081,135
RSC-2024-01646,v2.2.0,2024-09-02 01:41:47,43,0.0176,0.8345,0.1305,0.4998,853,123
RSC-2024-01647,v2.2.0,2024-03-02 12:13:26,47,0.022,0.8152,0.1448,0.4711,1556,41
RSC-2024-01648,v2.3.0,2024-01-25 17:34:59,38,0.0291,0.8118,0.1443,0.527,1165,101
RSC-2024-01649,v2.2.0,2024-06-10 07:51:54,40,0.0096,0.8288,0.1374,0.4892,1277,40
RSC-2024-01650,v2.2.0,2024-10-10 01:40:15,45,0.059,0.797,0.129,0.491,1393,62
RSC-2024-01651,v2.1.3,2024-12-25 16:09:30,40,0.0063,0.804,0.1651,0.522,1392,137
RSC-2024-01652,v2.1.3,2024-08-18 17:21:07,39,0.0449,0.7989,0.1508,0.4672,1455,35
RSC-2024-01653,v2.3.0,2024-03-05 19:24:24,52,0.0558,0.8382,0.1404,0.5409,1542,80
RSC-2024-01654,v2.1.3,2024-06-23 10:01:22,40,0.0165,0.8337,0.1573,0.5131,819,138
RSC-2024-01655,v2.1.4,2024-07-25 09:52:11,45,0.0386,0.7943,0.1433,0.5439,1562,139
RSC-2024-01656,v2.3.0,2024-12-12 13:28:18,57,0.0168,0.8408,0.1427,0.5194,1235,70
RSC-2024-01657,v2.3.0,2024-07-02 15:44:11,52,0.0234,0.8196,0.1676,0.5055,1329,108
RSC-2024-01658,v2.3.0,2024-08-27 20:30:19,38,0.0597,0.7935,0.157,0.5051,1023,30
RSC-2024-01659,v2.1.4,2024-11-20 13:27:10,47,0.0068,0.8136,0.1492,0.4865,1589,59
RSC-2024-01660,v2.3.0,2024-10-11 09:54:39,37,0.0207,0.7812,0.1294,0.5324,1334,61
RSC-2024-01661,v2.2.1,2024-05-21 16:53:33,34,0.0297,0.7974,0.1543,0.5112,1580,94
RSC-2024-01662,v2.1.3,2024-03-29 10:46:32,42,0.037,0.8301,0.1413,0.5001,1295,123
RSC-2024-01663,v2.1.4,2024-09-22 04:49:21,37,0.0522,0.8244,0.1411,0.5046,1277,47
RSC-2024-01664,v2.3.0,2024-11-24 20:58:02,40,0.0594,0.7933,0.158,0.5147,1400,21
RSC-2024-01665,v2.2.0,2024-10-26 03:33:32,46,0.0442,0.7822,0.1353,0.4975,1157,126
RSC-2024-01666,v2.1.3,2024-10-21 12:45:54,37,0.0275,0.8241,0.1614,0.4713,953,70
RSC-2024-01667,v2.1.3,2024-01-31 23:24:36,52,0.1069,0.8099,0.1413,0.5068,813,29
RSC-2024-01668,v2.3.0,2024-08-18 12:55:41,50,0.0067,0.8283,0.1428,0.5014,1255,86
RSC-2024-01669,v2.1.3,2024-03-12 06:30:19,52,0.089,0.8272,0.1558,0.4826,971,22
RSC-2024-01670,v2.1.3,2024-10-08 09:37:22,38,0.0246,0.8227,0.1595,0.5161,1037,87
RSC-2024-01671,v2.1.3,2024-10-16 23:03:36,48,0.0883,0.8025,0.134,0.5135,1227,139
RSC-2024-01672,v2.3.0,2024-06-13 08:58:38,52,0.0483,0.8122,0.1512,0.537,1373,38
RSC-2024-01673,v2.2.1,2024-02-08 03:38:55,37,0.0634,0.839,0.1286,0.5141,883,120
RSC-2024-01674,v2.1.4,2024-08-21 15:39:29,43,0.049,0.8278,0.1398,0.5213,1084,67
RSC-2024-01675,v2.2.0,2024-12-25 13:10:30,49,0.0509,0.7865,0.1586,0.4958,1008,138
RSC-2024-01676,v2.3.0,2024-10-10 23:18:27,53,0.0829,0.8013,0.1454,0.5148,928,98
RSC-2024-01677,v2.2.0,2024-08-23 01:42:56,37,0.0309,0.8406,0.1373,0.5305,1155,65
RSC-2024-01678,v2.1.3,2024-07-08 11:21:12,45,0.0326,0.7915,0.136,0.4927,1306,22
RSC-2024-01679,v2.1.3,2024-10-23 06:34:43,43,0.0362,0.837,0.1561,0.5016,1561,79
RSC-2024-01680,v2.1.4,2024-03-25 16:38:34,40,0.0408,0.7805,0.1452,0.5271,1231,68
RSC-2024-01681,v2.2.1,2024-03-17 03:48:10,53,0.0468,0.8122,0.1432,0.4899,1105,27
RSC-2024-01682,v2.3.0,2024-10-04 04:06:45,38,0.0188,0.8031,0.1668,0.4841,939,68
RSC-2024-01683,v2.2.1,2024-12-07 19:22:00,55,0.0412,0.7979,0.1128,0.543,943,55
RSC-2024-01684,v2.1.4,2024-08-13 15:50:30,46,0.0309,0.8226,0.1267,0.5042,1483,65
RSC-2024-01685,v2.2.1,2024-09-12 10:55:29,47,0.0168,0.8177,0.1426,0.5081,843,39
RSC-2024-01686,v2.1.3,2024-11-13 18:49:44,51,0.0734,0.8134,0.1535,0.5087,1425,87
RSC-2024-01687,v2.1.3,2024-03-29 22:57:35,37,0.019,0.8202,0.1536,0.475,1039,85
RSC-2024-01688,v2.3.0,2024-12-03 01:42:38,50,0.0311,0.8007,0.1479,0.5241,1482,51
RSC-2024-01689,v2.3.0,2024-02-04 15:13:43,57,0.0286,0.8291,0.1487,0.5234,1457,31
RSC-2024-01690,v2.2.1,2024-12-24 04:25:25,49,0.0313,0.7895,0.1196,0.5125,1543,29
RSC-2024-01691,v2.2.0,2024-09-05 11:51:20,49,0.0258,0.8069,0.1424,0.5172,994,102
RSC-2024-01692,v2.1.4,2024-06-07 15:34:12,49,0.0475,0.7976,0.1416,0.502,899,115
RSC-2024-01693,v2.3.0,2024-07-07 14:08:03,35,0.0369,0.8091,0.1378,0.5225,1258,103
RSC-2024-01694,v2.1.3,2024-12-27 09:03:43,54,0.0607,0.7991,0.1412,0.5236,922,49
RSC-2024-01695,v2.1.3,2024-05-03 19:06:58,35,0.0436,0.8194,0.1379,0.4928,1079,130
RSC-2024-01696,v2.1.4,2024-10-31 14:28:34,34,0.0445,0.8215,0.1565,0.4735,1163,77
RSC-2024-01697,v2.1.3,2024-06-01 21:14:13,43,0.0983,0.7867,0.1574,0.5016,1465,117
RSC-2024-01698,v2.1.3,2024-10-05 22:26:01,40,0.0764,0.8402,0.136,0.519,1200,51
RSC-2024-01699,v2.3.0,2024-09-22 18:59:46,35,0.0243,0.8172,0.1467,0.4992,1403,95
RSC-2024-01700,v2.1.3,2024-05-24 11:01:27,43,0.0242,0.8095,0.154,0.5235,1326,45
RSC-2024-01701,v2.1.3,2024-09-21 10:39:35,42,0.0091,0.8178,0.1407,0.4707,1217,76
RSC-2024-01702,v2.2.1,2024-08-01 12:18:20,42,0.0211,0.8098,0.1343,0.5352,1121,38
RSC-2024-01703,v2.2.0,2024-10-05 03:06:33,40,0.0078,0.8075,0.1343,0.5131,931,32
RSC-2024-01704,v2.1.4,2024-11-10 21:42:16,48,0.0604,0.8238,0.1454,0.5304,1194,84
RSC-2024-01705,v2.1.4,2024-01-10 01:26:57,38,0.0323,0.8123,0.1366,0.5032,1507,79
RSC-2024-01706,v2.1.3,2024-05-21 11:37:56,53,0.0084,0.849,0.1569,0.4832,923,86
RSC-2024-01707,v2.2.1,2024-04-29 11:00:21,55,0.0186,0.815,0.1458,0.4928,1220,131
RSC-2024-01708,v2.1.3,2024-04-01 17:55:22,52,0.041,0.8224,0.1269,0.516,1564,71
RSC-2024-01709,v2.1.3,2024-03-03 11:36:33,41,0.0284,0.7778,0.131,0.5461,1160,116
RSC-2024-01710,v2.1.3,2024-10-08 20:02:18,49,0.032,0.8156,0.1404,0.4908,1418,26
RSC-2024-01711,v2.2.1,2024-12-11 12:39:48,46,0.0053,0.8121,0.1183,0.5216,1270,136
RSC-2024-01712,v2.1.3,2024-12-24 19:42:01,39,0.0287,0.8187,0.1393,0.5163,1002,110
RSC-2024-01713,v2.1.4,2024-10-14 19:33:11,51,0.0636,0.8204,0.1481,0.4912,1046,68
RSC-2024-01714,v2.3.0,2024-08-21 14:42:22,41,0.0319,0.8392,0.1396,0.5203,1070,33
RSC-2024-01715,v2.2.0,2024-10-29 18:53:03,42,0.1053,0.7894,0.1302,0.4803,1592,74
RSC-2024-01716,v2.1.3,2024-10-31 16:13:33,37,0.0899,0.7983,0.1438,0.5129,926,126
RSC-2024-01717,v2.2.1,2024-05-13 10:21:30,47,0.0082,0.7967,0.1257,0.5167,1408,97
RSC-2024-01718,v2.1.4,2024-11-13 19:14:24,46,0.024,0.8505,0.1464,0.5244,1412,33
RSC-2024-01719,v2.2.0,2024-12-12 09:01:41,38,0.1217,0.806,0.1598,0.4898,1390,76
RSC-2024-01720,v2.1.4,2024-08-11 13:52:24,44,0.0148,0.792,0.1135,0.5152,1165,128
RSC-2024-01721,v2.1.4,2024-06-03 06:07:02,42,0.0631,0.8072,0.1533,0.5167,1222,67
RSC-2024-01722,v2.2.0,2024-03-04 05:32:33,36,0.0373,0.8187,0.1523,0.5011,1138,27
RSC-2024-01723,v2.2.0,2024-06-28 14:55:31,49,0.015,0.8192,0.1622,0.5303,804,87
RSC-2024-01724,v2.1.3,2024-08-09 09:48:58,45,0.0278,0.8135,0.1616,0.5215,968,57
RSC-2024-01725,v2.1.4,2024-05-06 20:08:30,36,0.0724,0.7836,0.1514,0.4925,880,39
RSC-2024-01726,v2.2.1,2024-10-27 16:55:50,55,0.0235,0.8712,0.1429,0.5167,1438,114
RSC-2024-01727,v2.2.1,2024-01-13 14:20:42,57,0.056,0.8074,0.1576,0.5202,1124,129
RSC-2024-01728,v2.1.3,2024-10-22 07:52:47,42,0.0216,0.7869,0.1595,0.5101,1447,77
RSC-2024-01729,v2.3.0,2024-01-21 09:24:35,36,0.0718,0.7911,0.1451,0.5007,1348,49
RSC-2024-01730,v2.1.3,2024-01-13 07:53:09,49,0.1025,0.7951,0.1528,0.4986,837,34
RSC-2024-01731,v2.3.0,2024-07-01 19:35:06,57,0.0115,0.7926,0.1367,0.5035,930,105
RSC-2024-01732,v2.1.3,2024-09-27 04:14:38,43,0.0287,0.8322,0.1379,0.5264,1384,139
RSC-2024-01733,v2.1.4,2024-07-29 04:31:03,36,0.1264,0.8285,0.1538,0.5042,812,97
RSC-2024-01734,v2.2.1,2024-05-21 00:29:47,48,0.003,0.8086,0.1306,0.5379,1007,63
RSC-2024-01735,v2.1.4,2024-09-13 23:36:34,51,0.0316,0.8035,0.1424,0.5396,1437,98
RSC-2024-01736,v2.1.3,2024-11-02 03:37:54,42,0.005,0.7954,0.1631,0.5322,1384,52
RSC-2024-01737,v2.1.3,2024-07-13 09:30:06,53,0.0327,0.7986,0.1311,0.5454,1353,51
RSC-2024-01738,v2.1.4,2024-06-09 20:50:47,54,0.0373,0.7981,0.1325,0.5119,941,61
RSC-2024-01739,v2.2.0,2024-08-14 20:29:16,47,0.0176,0.806,0.1342,0.5253,1558,54
RSC-2024-01740,v2.2.0,2024-12-25 05:22:30,56,0.035,0.7853,0.1482,0.5297,1592,119
RSC-2024-01741,v2.1.4,2024-05-05 16:02:05,39,0.0081,0.8174,0.1381,0.4778,895,81
RSC-2024-01742,v2.2.0,2024-01-15 01:20:25,57,0.0181,0.8445,0.1375,0.5187,1576,59
RSC-2024-01743,v2.2.1,2024-03-13 07:49:29,47,0.02,0.8223,0.1536,0.4982,1006,126
RSC-2024-01744,v2.1.4,2024-01-25 15:32:37,49,0.0406,0.8281,0.1408,0.4982,1452,104
RSC-2024-01745,v2.2.0,2024-04-29 23:24:49,55,0.0286,0.8444,0.1561,0.4927,1270,127
RSC-2024-01746,v2.2.0,2024-07-03 18:32:58,53,0.0165,0.7853,0.1303,0.502,1144,134
RSC-2024-01747,v2.1.4,2024-03-08 13:34:48,55,0.0319,0.8215,0.1574,0.5109,1040,58
RSC-2024-01748,v2.1.3,2024-09-07 23:18:55,37,0.0099,0.8208,0.1505,0.5058,985,66
RSC-2024-01749,v2.1.3,2024-10-22 02:47:31,35,0.0174,0.8285,0.1449,0.5106,1464,65
RSC-2024-01750,v2.3.0,2024-05-06 09:16:26,55,0.0101,0.813,0.1419,0.5162,1097,85
RSC-2024-01751,v2.2.0,2024-01-27 15:15:52,53,0.0328,0.8291,0.1377,0.4901,1083,24
RSC-2024-01752,v2.2.1,2024-11-15 00:03:26,42,0.0457,0.8078,0.1343,0.4573,1356,73
RSC-2024-01753,v2.1.3,2024-03-31 12:36:57,46,0.0859,0.7837,0.1492,0.5157,841,111
RSC-2024-01754,v2.1.3,2024-05-24 00:30:54,45,0.0306,0.806,0.1545,0.4928,1519,63
RSC-2024-01755,v2.1.4,2024-03-30 04:03:57,40,0.0176,0.8262,0.1512,0.5095,877,119
RSC-2024-01756,v2.1.3,2024-04-27 21:30:16,54,0.0149,0.8157,0.1215,0.4637,1514,99
RSC-2024-01757,v2.2.0,2024-03-20 02:09:20,38,0.06,0.8137,0.1441,0.4867,1266,84
RSC-2024-01758,v2.2.0,2024-12-27 15:21:59,39,0.0958,0.8208,0.1471,0.5374,1285,72
RSC-2024-01759,v2.2.1,2024-08-19 16:33:24,54,0.0813,0.8385,0.1561,0.5017,838,134
RSC-2024-01760,v2.1.4,2024-06-18 15:59:35,57,0.0435,0.815,0.1567,0.5029,1549,46
RSC-2024-01761,v2.1.4,2024-05-19 11:41:47,39,0.045,0.7807,0.1464,0.5334,1174,83
RSC-2024-01762,v2.2.1,2024-11-29 05:21:30,43,0.051,0.815,0.136,0.5188,1097,51
RSC-2024-01763,v2.1.4,2024-10-12 21:21:21,42,0.0144,0.833,0.1528,0.5502,1487,67
RSC-2024-01764,v2.1.3,2024-09-05 23:07:47,36,0.0419,0.8491,0.1522,0.5021,1551,74
RSC-2024-01765,v2.3.0,2024-07-19 20:38:38,48,0.0611,0.81,0.1497,0.5423,1450,83
RSC-2024-01766,v2.1.3,2024-02-19 05:30:31,38,0.0474,0.7934,0.122,0.5056,808,48
RSC-2024-01767,v2.3.0,2024-10-16 21:41:30,53,0.0124,0.8103,0.1493,0.5405,1132,127
RSC-2024-01768,v2.1.4,2024-04-22 19:47:59,49,0.0669,0.8097,0.128,0.4867,1438,125
RSC-2024-01769,v2.2.0,2024-04-21 09:01:18,37,0.0566,0.7889,0.1459,0.504,1226,98
RSC-2024-01770,v2.2.1,2024-06-11 21:19:40,39,0.0482,0.7973,0.1497,0.5232,1355,76
RSC-2024-01771,v2.1.3,2024-11-05 22:18:37,48,0.0415,0.7962,0.1246,0.5069,1322,114
RSC-2024-01772,v2.2.0,2024-01-06 19:25:52,54,0.0632,0.8263,0.1535,0.5105,969,127
RSC-2024-01773,v2.1.4,2024-03-21 23:32:30,42,0.0451,0.7827,0.1605,0.5393,825,86
RSC-2024-01774,v2.2.0,2024-06-05 22:02:52,57,0.0224,0.7832,0.1586,0.5063,981,126
RSC-2024-01775,v2.2.1,2024-08-07 22:19:36,42,0.0199,0.8042,0.1384,0.4978,823,127
RSC-2024-01776,v2.1.4,2024-08-25 19:14:54,49,0.0323,0.7973,0.1485,0.5223,1428,69
RSC-2024-01777,v2.3.0,2024-12-30 02:58:08,44,0.0284,0.8143,0.121,0.5142,1259,130
RSC-2024-01778,v2.1.4,2024-09-25 20:06:59,35,0.029,0.8174,0.1496,0.4898,1018,37
RSC-2024-01779,v2.3.0,2024-01-25 21:50:59,55,0.0066,0.7984,0.1558,0.5045,1402,41
RSC-2024-01780,v2.1.4,2024-01-13 20:55:56,43,0.0262,0.8255,0.138,0.5393,1550,54
RSC-2024-01781,v2.3.0,2024-01-20 18:40:20,54,0.0371,0.7907,0.1575,0.4948,953,58
RSC-2024-01782,v2.2.1,2024-08-08 23:55:11,40,0.012,0.7967,0.1417,0.5422,812,91
RSC-2024-01783,v2.1.4,2024-07-05 20:39:17,41,0.0612,0.8066,0.1496,0.5209,1143,75
RSC-2024-01784,v2.1.4,2024-05-20 21:54:46,57,0.0307,0.8023,0.1414,0.5325,1104,138
RSC-2024-01785,v2.1.3,2024-10-16 16:29:11,47,0.0035,0.8411,0.1425,0.523,1400,49
RSC-2024-01786,v2.3.0,2024-05-26 05:00:23,44,0.0138,0.8031,0.1518,0.4994,1494,135
RSC-2024-01787,v2.3.0,2024-07-11 07:33:28,52,0.0407,0.7874,0.1332,0.4734,1301,82
RSC-2024-01788,v2.1.3,2024-05-24 09:01:19,36,0.0341,0.8017,0.1273,0.4945,973,66
RSC-2024-01789,v2.1.3,2024-08-27 13:52:18,45,0.0049,0.8187,0.1584,0.5153,836,92
RSC-2024-01790,v2.3.0,2024-03-14 13:22:28,50,0.0149,0.815,0.1454,0.544,1521,134
RSC-2024-01791,v2.2.1,2024-11-05 21:37:44,56,0.0347,0.8396,0.1473,0.5288,891,52
RSC-2024-01792,v2.3.0,2024-11-13 19:39:59,41,0.0098,0.8455,0.1208,0.5029,861,77
RSC-2024-01793,v2.3.0,2024-07-22 21:59:40,34,0.0279,0.8124,0.169,0.5175,1480,75
RSC-2024-01794,v2.3.0,2024-08-06 13:16:56,35,0.0176,0.7746,0.134,0.5439,1435,46
RSC-2024-01795,v2.1.4,2024-05-16 01:27:59,55,0.0259,0.8275,0.1425,0.5098,1531,65
RSC-2024-01796,v2.1.4,2024-02-16 09:25:24,45,0.0821,0.8071,0.1478,0.5341,1070,112
RSC-2024-01797,v2.2.1,2024-07-27 00:09:34,35,0.0118,0.8173,0.1511,0.4831,1578,130
RSC-2024-01798,v2.3.0,2024-03-01 05:23:20,54,0.0637,0.8306,0.1425,0.487,1421,35
RSC-2024-01799,v2.1.4,2024-05-11 21:59:53,42,0.0339,0.8072,0.1289,0.5178,1470,54
RSC-2024-01800,v2.3.0,2024-10-25 20:42:13,41,0.0129,0.783,0.142,0.5195,1070,67
RSC-2024-01801,v2.1.3,2024-09-29 11:35:55,40,0.0183,0.8004,0.1518,0.5143,1036,27
RSC-2024-01802,v2.1.4,2024-11-24 16:20:49,41,0.0388,0.8093,0.1582,0.4917,1242,139
RSC-2024-01803,v2.3.0,2024-11-03 18:27:51,37,0.0854,0.798,0.1409,0.519,1383,92
RSC-2024-01804,v2.3.0,2024-09-05 18:37:27,53,0.0454,0.7955,0.1414,0.5184,825,82
RSC-2024-01805,v2.3.0,2024-08-02 20:15:45,47,0.0276,0.7905,0.1617,0.5181,960,117
RSC-2024-01806,v2.2.1,2024-02-17 23:35:35,46,0.0261,0.7862,0.1492,0.4851,1369,122
RSC-2024-01807,v2.3.0,2024-07-18 07:51:52,54,0.0047,0.7906,0.1599,0.5411,945,74
RSC-2024-01808,v2.2.0,2024-01-08 19:28:13,51,0.0082,0.8125,0.1422,0.5304,1067,118
RSC-2024-01809,v2.1.3,2024-04-01 15:12:42,52,0.0203,0.8398,0.1477,0.5632,1019,91
RSC-2024-01810,v2.3.0,2024-10-10 15:28:20,41,0.0583,0.7911,0.1429,0.5234,1491,125
RSC-2024-01811,v2.1.4,2024-09-09 00:18:05,57,0.0435,0.7538,0.1445,0.5396,1333,65
RSC-2024-01812,v2.2.0,2024-10-24 02:08:10,36,0.0216,0.8528,0.1567,0.5335,1091,131
RSC-2024-01813,v2.1.4,2024-09-19 20:47:23,37,0.0228,0.8099,0.1509,0.5289,817,61
RSC-2024-01814,v2.1.4,2024-12-22 06:22:51,41,0.001,0.8143,0.1464,0.5358,1220,95
RSC-2024-01815,v2.1.3,2024-04-20 08:21:39,46,0.0338,0.8267,0.157,0.5231,1466,128
RSC-2024-01816,v2.1.3,2024-07-16 14:08:41,42,0.0146,0.8277,0.1629,0.49,1375,77
RSC-2024-01817,v2.3.0,2024-02-20 11:30:39,51,0.0377,0.8125,0.1543,0.5118,1132,27
RSC-2024-01818,v2.2.1,2024-03-13 03:17:36,53,0.0386,0.8215,0.134,0.4974,1422,95
RSC-2024-01819,v2.2.0,2024-03-24 04:56:19,50,0.0154,0.7929,0.1321,0.5571,1064,51
RSC-2024-01820,v2.1.4,2024-01-30 12:55:56,42,0.0087,0.811,0.1363,0.4968,1576,107
RSC-2024-01821,v2.1.4,2024-11-12 10:59:09,53,0.0375,0.7846,0.1324,0.5182,992,123
RSC-2024-01822,v2.3.0,2024-01-12 16:16:37,38,0.0418,0.7793,0.1578,0.4997,1522,43
RSC-2024-01823,v2.3.0,2024-04-22 08:23:02,34,0.0169,0.8479,0.144,0.4831,885,21
RSC-2024-01824,v2.1.4,2024-09-15 02:34:45,41,0.0335,0.792,0.153,0.5187,1526,22
RSC-2024-01825,v2.1.3,2024-03-19 01:52:24,55,0.0788,0.8282,0.1104,0.5234,1440,23
RSC-2024-01826,v2.1.4,2024-03-26 22:51:16,34,0.0476,0.8342,0.1442,0.4966,934,113
RSC-2024-01827,v2.2.1,2024-03-09 06:38:28,40,0.0097,0.8302,0.1699,0.515,1191,139
RSC-2024-01828,v2.2.0,2024-03-28 10:58:30,36,0.0352,0.847,0.1531,0.5034,1247,86
RSC-2024-01829,v2.2.1,2024-10-18 09:59:08,46,0.0778,0.824,0.1421,0.4785,1008,56
RSC-2024-01830,v2.2.0,2024-09-01 19:53:55,56,0.039,0.8107,0.1438,0.5153,1515,99
RSC-2024-01831,v2.1.3,2024-08-03 11:57:01,57,0.0103,0.8141,0.1507,0.5413,1499,98
RSC-2024-01832,v2.1.4,2024-05-03 00:46:35,42,0.0516,0.8492,0.1244,0.5109,887,55
RSC-2024-01833,v2.1.4,2024-01-05 07:36:50,53,0.0398,0.8048,0.1466,0.5166,931,129
RSC-2024-01834,v2.2.0,2024-07-25 00:13:41,35,0.0504,0.8016,0.1381,0.4843,1314,86
RSC-2024-01835,v2.2.1,2024-05-09 16:21:14,38,0.0262,0.8144,0.1616,0.5414,1096,57
RSC-2024-01836,v2.1.3,2024-11-12 11:35:38,57,0.0833,0.855,0.1341,0.5035,1189,86
RSC-2024-01837,v2.2.1,2024-06-02 15:52:21,53,0.0203,0.8339,0.1603,0.5529,803,24
RSC-2024-01838,v2.1.4,2024-01-20 15:20:49,57,0.0351,0.8266,0.1263,0.4812,1253,131
RSC-2024-01839,v2.1.3,2024-04-14 15:58:57,34,0.039,0.7688,0.1535,0.5108,1305,34
RSC-2024-01840,v2.3.0,2024-06-25 03:16:06,35,0.0603,0.8278,0.1284,0.4855,1285,91
RSC-2024-01841,v2.3.0,2024-09-11 18:22:24,52,0.0359,0.8498,0.146,0.5031,957,77
RSC-2024-01842,v2.3.0,2024-02-15 00:38:03,50,0.0225,0.8346,0.1382,0.4484,1364,48
RSC-2024-01843,v2.1.4,2024-06-14 15:35:19,51,0.0414,0.8117,0.129,0.5196,845,23
RSC-2024-01844,v2.3.0,2024-07-08 16:00:41,50,0.0501,0.8635,0.1229,0.4878,1398,87
RSC-2024-01845,v2.1.4,2024-02-05 14:13:13,44,0.0142,0.8111,0.1463,0.5016,1289,57
RSC-2024-01846,v2.2.1,2024-08-15 14:35:17,51,0.032,0.805,0.1462,0.5369,1539,24
RSC-2024-01847,v2.1.4,2024-03-16 12:58:06,57,0.0177,0.8025,0.1535,0.496,1381,26
RSC-2024-01848,v2.3.0,2024-09-25 10:04:53,34,0.0449,0.7971,0.1598,0.5561,933,77
RSC-2024-01849,v2.1.4,2024-06-12 02:29:45,53,0.0059,0.772,0.1338,0.4878,1248,74
RSC-2024-01850,v2.1.3,2024-06-02 03:45:56,39,0.035,0.8141,0.1362,0.4764,1059,45
RSC-2024-01851,v2.1.4,2024-02-07 04:21:59,54,0.0645,0.8265,0.1383,0.5409,1543,101
RSC-2024-01852,v2.3.0,2024-03-17 23:02:28,50,0.0329,0.7916,0.1448,0.5153,1342,67
RSC-2024-01853,v2.1.4,2024-03-25 22:01:58,53,0.0372,0.8074,0.13,0.5008,851,132
RSC-2024-01854,v2.1.3,2024-03-11 04:23:39,52,0.0183,0.8192,0.1605,0.4867,1300,127
RSC-2024-01855,v2.3.0,2024-07-15 12:53:27,37,0.0122,0.83,0.1533,0.5219,1085,105
RSC-2024-01856,v2.1.3,2024-01-08 08:39:52,54,0.0307,0.8205,0.1189,0.527,1067,69
RSC-2024-01857,v2.2.0,2024-12-29 16:53:23,43,0.0667,0.7967,0.1368,0.5262,1566,33
RSC-2024-01858,v2.1.3,2024-10-22 19:09:36,50,0.0405,0.8321,0.138,0.5063,840,74
RSC-2024-01859,v2.1.4,2024-07-05 23:30:05,36,0.0256,0.8345,0.1672,0.5431,1548,138
RSC-2024-01860,v2.2.0,2024-02-02 14:54:02,57,0.0329,0.8058,0.146,0.5495,1018,35
RSC-2024-01861,v2.1.4,2024-04-19 16:13:11,43,0.0281,0.8124,0.1519,0.5123,1409,106
RSC-2024-01862,v2.3.0,2024-03-14 21:15:24,40,0.0071,0.8182,0.1613,0.5326,1478,21
RSC-2024-01863,v2.3.0,2024-12-18 11:09:37,51,0.0238,0.8202,0.1672,0.5265,1242,69
RSC-2024-01864,v2.2.0,2024-10-11 19:55:49,46,0.0676,0.8002,0.1381,0.5438,1291,41
RSC-2024-01865,v2.2.1,2024-09-11 16:18:58,55,0.0379,0.8177,0.1508,0.4657,1560,131
RSC-2024-01866,v2.3.0,2024-07-02 02:28:47,40,0.0169,0.7878,0.1521,0.5119,1235,31
RSC-2024-01867,v2.2.1,2024-12-24 06:58:42,39,0.0288,0.8279,0.1628,0.5194,971,62
RSC-2024-01868,v2.3.0,2024-12-05 22:57:50,42,0.0316,0.8036,0.1383,0.4872,1194,102
RSC-2024-01869,v2.1.3,2024-12-11 15:14:39,52,0.0082,0.8044,0.1405,0.5307,964,34
RSC-2024-01870,v2.1.4,2024-01-11 02:33:48,43,0.0276,0.8166,0.151,0.5382,924,115
RSC-2024-01871,v2.1.4,2024-03-30 09:37:38,48,0.0276,0.8109,0.1227,0.5119,1477,43
RSC-2024-01872,v2.3.0,2024-11-29 22:06:31,35,0.1011,0.7888,0.1432,0.5199,1399,117
RSC-2024-01873,v2.2.0,2024-08-30 17:15:34,52,0.0549,0.8003,0.1603,0.4964,851,67
RSC-2024-01874,v2.2.0,2024-03-09 02:48:54,35,0.0245,0.8446,0.1305,0.5474,1565,139
RSC-2024-01875,v2.2.1,2024-12-13 01:46:26,44,0.02,0.8391,0.1491,0.5356,912,113
RSC-2024-01876,v2.1.4,2024-07-21 21:23:12,50,0.042,0.8154,0.1426,0.4874,1581,69
RSC-2024-01877,v2.2.1,2024-09-11 13:49:09,43,0.0317,0.811,0.1465,0.5239,1493,83
RSC-2024-01878,v2.1.3,2024-05-14 13:05:30,44,0.0207,0.7954,0.148,0.5405,1568,114
RSC-2024-01879,v2.2.0,2024-02-28 21:02:01,37,0.0124,0.809,0.1345,0.4869,1184,47
RSC-2024-01880,v2.3.0,2024-02-22 11:21:47,41,0.0686,0.8377,0.1243,0.5201,1568,109
RSC-2024-01881,v2.2.1,2024-09-08 10:51:45,47,0.0176,0.8256,0.1444,0.5186,1408,88
RSC-2024-01882,v2.1.3,2024-05-20 14:55:54,40,0.0249,0.8023,0.1497,0.5076,1003,57
RSC-2024-01883,v2.3.0,2024-04-28 00:11:55,50,0.1108,0.8041,0.1243,0.4993,922,47
RSC-2024-01884,v2.1.4,2024-05-14 21:09:26,40,0.0103,0.8297,0.1442,0.5154,1434,63
RSC-2024-01885,v2.2.0,2024-03-09 18:21:33,48,0.095,0.8154,0.1223,0.5229,1296,59
RSC-2024-01886,v2.2.0,2024-10-16 10:40:31,35,0.0145,0.8053,0.133,0.4727,1588,77
RSC-2024-01887,v2.2.1,2024-05-14 06:24:30,40,0.0197,0.8115,0.1326,0.511,1210,137
RSC-2024-01888,v2.1.3,2024-04-12 02:07:15,43,0.0439,0.8058,0.13,0.5447,1484,85
RSC-2024-01889,v2.2.1,2024-10-28 05:37:02,38,0.02,0.7867,0.1445,0.5355,1531,25
RSC-2024-01890,v2.3.0,2024-02-19 08:56:33,51,0.0851,0.7982,0.1575,0.5194,1387,86
RSC-2024-01891,v2.1.4,2024-07-18 09:42:07,51,0.0348,0.8412,0.1152,0.5343,810,121
RSC-2024-01892,v2.2.1,2024-10-04 02:14:42,56,0.0788,0.7999,0.1577,0.5444,1181,57
RSC-2024-01893,v2.3.0,2024-07-17 22:23:20,38,0.0178,0.8082,0.1443,0.5111,1274,102
RSC-2024-01894,v2.3.0,2024-10-18 09:00:47,53,0.0289,0.7983,0.1463,0.4918,1026,45
RSC-2024-01895,v2.2.1,2024-05-10 15:35:33,37,0.0331,0.8318,0.1493,0.4833,1548,124
RSC-2024-01896,v2.3.0,2024-12-27 06:58:57,38,0.064,0.8072,0.1384,0.4889,1409,20
RSC-2024-01897,v2.1.4,2024-04-05 22:38:41,43,0.0343,0.8258,0.129,0.4818,852,118
RSC-2024-01898,v2.1.3,2024-05-26 16:58:12,47,0.0286,0.7774,0.1596,0.5065,1181,116
RSC-2024-01899,v2.2.0,2024-12-01 19:33:28,42,0.0981,0.811,0.1713,0.4917,1533,115
RSC-2024-01900,v2.3.0,2024-09-14 23:33:38,52,0.0539,0.8242,0.1311,0.5527,959,54
RSC-2024-01901,v2.1.3,2024-04-10 09:29:52,46,0.1513,0.8018,0.1301,0.5352,1417,123
RSC-2024-01902,v2.3.0,2024-08-02 18:31:47,38,0.0202,0.827,0.1607,0.5007,1450,130
RSC-2024-01903,v2.1.3,2024-04-06 11:47:56,48,0.0559,0.8103,0.1514,0.4998,1096,68
RSC-2024-01904,v2.1.3,2024-02-17 03:53:11,42,0.0336,0.8488,0.1501,0.5177,1311,68
RSC-2024-01905,v2.2.0,2024-04-30 16:47:40,47,0.0623,0.805,0.1344,0.5259,1436,61
RSC-2024-01906,v2.1.3,2024-11-24 15:29:46,48,0.0326,0.7868,0.1558,0.5185,966,101
RSC-2024-01907,v2.2.1,2024-07-28 15:49:19,55,0.0189,0.8082,0.151,0.5485,820,82
RSC-2024-01908,v2.2.0,2024-03-13 12:03:46,34,0.0585,0.7936,0.147,0.5411,1079,31
RSC-2024-01909,v2.2.1,2024-03-09 08:32:56,50,0.0158,0.8162,0.1391,0.4923,800,57
RSC-2024-01910,v2.2.0,2024-10-08 15:18:46,35,0.0352,0.8408,0.1347,0.5009,1280,116
RSC-2024-01911,v2.3.0,2024-01-01 19:36:44,53,0.0706,0.7902,0.146,0.5173,1428,66
RSC-2024-01912,v2.3.0,2024-05-26 15:53:58,47,0.0336,0.8091,0.1578,0.5351,996,80
RSC-2024-01913,v2.3.0,2024-03-15 12:23:43,55,0.0407,0.8069,0.139,0.5086,808,54
RSC-2024-01914,v2.1.3,2024-05-09 19:04:54,39,0.0273,0.841,0.1407,0.4899,1537,49
RSC-2024-01915,v2.2.0,2024-05-01 21:53:49,47,0.0399,0.8086,0.1298,0.5032,1101,78
RSC-2024-01916,v2.1.4,2024-05-04 07:52:14,41,0.0106,0.8034,0.1317,0.5164,861,98
RSC-2024-01917,v2.1.3,2024-11-08 10:52:17,46,0.0249,0.8522,0.14,0.5286,1513,58
RSC-2024-01918,v2.3.0,2024-10-31 16:49:47,40,0.0197,0.8439,0.1253,0.5207,1110,32
RSC-2024-01919,v2.1.4,2024-07-03 04:56:35,36,0.0436,0.8046,0.1156,0.5268,1058,51
RSC-2024-01920,v2.3.0,2024-05-28 07:32:00,48,0.0458,0.792,0.1658,0.5219,977,99
RSC-2024-01921,v2.2.1,2024-04-23 06:59:08,47,0.0192,0.7804,0.14,0.5374,1543,64
RSC-2024-01922,v2.2.0,2024-10-27 23:27:30,47,0.0496,0.8397,0.15,0.5425,1179,56
RSC-2024-01923,v2.2.0,2024-08-20 06:41:32,41,0.0648,0.7814,0.1591,0.4803,859,115
RSC-2024-01924,v2.1.3,2024-01-25 17:26:00,41,0.0215,0.8556,0.1605,0.4877,1440,112
RSC-2024-01925,v2.1.3,2024-10-20 20:47:12,49,0.0123,0.8084,0.1595,0.5021,1587,30
RSC-2024-01926,v2.1.3,2024-12-26 12:14:17,49,0.0087,0.7901,0.1314,0.5352,1474,106
RSC-2024-01927,v2.1.4,2024-06-25 13:29:46,54,0.0904,0.7896,0.159,0.4924,865,96
RSC-2024-01928,v2.2.0,2024-04-20 12:11:20,51,0.0321,0.8593,0.1324,0.5153,1057,139
RSC-2024-01929,v2.1.4,2024-11-06 18:24:24,43,0.0145,0.8267,0.1476,0.4983,1113,46
RSC-2024-01930,v2.2.0,2024-05-22 05:49:43,48,0.137,0.8099,0.1476,0.4932,1554,43
RSC-2024-01931,v2.2.0,2024-12-30 03:04:52,55,0.0067,0.815,0.1568,0.5037,1100,132
RSC-2024-01932,v2.1.3,2024-02-03 05:58:14,34,0.0182,0.8228,0.1384,0.5062,1449,27
RSC-2024-01933,v2.2.0,2024-05-19 18:15:17,37,0.0209,0.8427,0.1532,0.5084,956,117
RSC-2024-01934,v2.1.4,2024-05-03 16:22:08,38,0.105,0.8162,0.1539,0.4669,1528,118
RSC-2024-01935,v2.2.0,2024-08-29 07:01:29,39,0.0107,0.7809,0.135,0.4835,1329,38
RSC-2024-01936,v2.1.3,2024-08-16 21:26:21,36,0.0248,0.7955,0.1445,0.5211,1141,37
RSC-2024-01937,v2.1.4,2024-09-23 14:19:44,46,0.0735,0.8289,0.1388,0.5286,1230,97
RSC-2024-01938,v2.1.3,2024-08-13 02:18:27,34,0.0349,0.8229,0.1424,0.5095,1328,59
RSC-2024-01939,v2.1.3,2024-08-13 01:48:05,48,0.0274,0.8146,0.1534,0.4868,1025,132
RSC-2024-01940,v2.2.1,2024-03-26 09:39:59,55,0.0221,0.8149,0.1645,0.5225,1418,118
RSC-2024-01941,v2.1.4,2024-06-02 07:21:08,37,0.0532,0.8028,0.1379,0.4694,942,116
RSC-2024-01942,v2.2.1,2024-11-15 08:22:41,51,0.0209,0.8144,0.1484,0.5234,1025,34
RSC-2024-01943,v2.3.0,2024-05-13 00:58:44,37,0.0449,0.8201,0.1214,0.527,1111,91
RSC-2024-01944,v2.2.0,2024-05-23 19:16:24,35,0.1008,0.8206,0.1463,0.5113,1230,62
RSC-2024-01945,v2.3.0,2024-11-25 03:19:44,52,0.0103,0.799,0.1303,0.5045,1488,72
RSC-2024-01946,v2.2.0,2024-10-31 16:10:30,52,0.0484,0.8232,0.1337,0.5103,1218,41
RSC-2024-01947,v2.2.1,2024-10-11 02:48:14,43,0.0359,0.7993,0.129,0.4847,996,24
RSC-2024-01948,v2.1.4,2024-01-29 08:46:16,55,0.0313,0.8383,0.1497,0.5265,1046,62
RSC-2024-01949,v2.2.1,2024-04-06 11:06:32,49,0.045,0.8191,0.1518,0.4954,1433,32
RSC-2024-01950,v2.3.0,2024-08-23 22:16:59,43,0.018,0.836,0.1613,0.5324,1599,50
RSC-2024-01951,v2.1.4,2024-07-05 11:35:01,43,0.0177,0.8229,0.1647,0.4972,1525,21
RSC-2024-01952,v2.1.3,2024-02-09 09:33:57,46,0.0084,0.8154,0.146,0.5294,899,42
RSC-2024-01953,v2.2.1,2024-10-15 04:42:02,55,0.0026,0.7905,0.1342,0.5428,1445,133
RSC-2024-01954,v2.1.4,2024-08-16 14:11:49,34,0.0551,0.801,0.1457,0.5268,1294,113
RSC-2024-01955,v2.2.0,2024-06-09 19:49:29,54,0.0218,0.8343,0.1249,0.478,1570,25
RSC-2024-01956,v2.3.0,2024-06-18 06:14:24,38,0.0646,0.823,0.1408,0.5414,1496,25
RSC-2024-01957,v2.1.3,2024-02-28 08:04:17,57,0.0314,0.8113,0.147,0.5038,1419,33
RSC-2024-01958,v2.1.4,2024-05-06 09:33:36,45,0.0285,0.7866,0.1282,0.5063,1523,41
RSC-2024-01959,v2.3.0,2024-02-24 04:03:54,38,0.0514,0.799,0.1408,0.5398,1156,71
RSC-2024-01960,v2.1.3,2024-07-02 12:53:36,42,0.032,0.82,0.1575,0.4907,1071,83
RSC-2024-01961,v2.3.0,2024-02-24 14:14:48,36,0.0468,0.8133,0.1501,0.5456,1114,36
RSC-2024-01962,v2.1.4,2024-10-01 01:25:43,48,0.0833,0.8165,0.15,0.5359,1052,93
RSC-2024-01963,v2.1.4,2024-09-26 02:43:25,37,0.0545,0.7554,0.1551,0.4912,1058,93
RSC-2024-01964,v2.2.1,2024-07-04 03:46:47,47,0.0528,0.7869,0.1137,0.5233,1062,117
RSC-2024-01965,v2.2.0,2024-08-20 20:00:24,54,0.0066,0.7869,0.1428,0.4932,1446,47
RSC-2024-01966,v2.1.4,2024-04-08 21:59:29,44,0.0092,0.8272,0.1436,0.507,1129,82
RSC-2024-01967,v2.2.1,2024-11-13 00:09:09,44,0.013,0.8022,0.1341,0.543,1337,78
RSC-2024-01968,v2.2.0,2024-01-03 02:51:45,49,0.0309,0.7942,0.1487,0.5032,1078,60
RSC-2024-01969,v2.1.3,2024-10-29 23:19:58,45,0.0457,0.8345,0.1262,0.4955,1177,86
RSC-2024-01970,v2.2.0,2024-06-02 03:37:08,57,0.0362,0.8106,0.1325,0.5078,968,126
RSC-2024-01971,v2.1.4,2024-11-24 12:02:20,42,0.0295,0.7993,0.1467,0.468,1566,38
RSC-2024-01972,v2.1.3,2024-08-07 22:26:30,39,0.0174,0.8309,0.1533,0.472,1430,24
RSC-2024-01973,v2.2.0,2024-09-12 22:24:07,51,0.0095,0.8219,0.1317,0.5242,1124,34
RSC-2024-01974,v2.2.0,2024-09-10 05:27:32,37,0.0572,0.7628,0.1497,0.5245,948,92
RSC-2024-01975,v2.1.4,2024-09-19 12:58:48,40,0.0646,0.7773,0.1485,0.5067,1458,127
RSC-2024-01976,v2.2.1,2024-08-03 20:21:16,40,0.0081,0.8255,0.1487,0.513,872,85
RSC-2024-01977,v2.1.4,2024-03-15 18:01:37,49,0.0453,0.806,0.1645,0.4874,825,138
RSC-2024-01978,v2.3.0,2024-05-04 08:28:44,50,0.1251,0.8019,0.1524,0.497,1218,71
RSC-2024-01979,v2.1.3,2024-05-25 14:57:18,39,0.0509,0.8048,0.1357,0.496,1022,94
RSC-2024-01980,v2.2.0,2024-07-22 01:11:01,55,0.0253,0.8063,0.157,0.5438,1405,23
RSC-2024-01981,v2.2.1,2024-02-02 00:20:31,52,0.0115,0.8437,0.1341,0.5262,1445,104
RSC-2024-01982,v2.2.0,2024-09-10 07:43:48,39,0.04,0.8606,0.1435,0.5431,1405,115
RSC-2024-01983,v2.2.1,2024-10-21 14:54:45,50,0.0467,0.8119,0.1593,0.5204,1051,95
RSC-2024-01984,v2.3.0,2024-07-11 22:36:36,50,0.0174,0.7957,0.1602,0.5337,1464,112
RSC-2024-01985,v2.1.4,2024-07-31 17:11:20,53,0.0597,0.8187,0.1384,0.4951,1265,128
RSC-2024-01986,v2.3.0,2024-04-03 00:43:45,49,0.031,0.8087,0.1345,0.5204,1478,128
RSC-2024-01987,v2.3.0,2024-05-06 19:24:08,39,0.0203,0.7931,0.1468,0.492,1371,56
RSC-2024-01988,v2.1.3,2024-03-25 17:25:54,55,0.0805,0.8048,0.113,0.5377,1385,27
RSC-2024-01989,v2.1.4,2024-08-16 09:12:39,46,0.0615,0.7641,0.1621,0.5035,938,85
RSC-2024-01990,v2.1.4,2024-08-27 08:59:58,37,0.0014,0.7928,0.1593,0.5393,1152,57
RSC-2024-01991,v2.1.4,2024-03-13 04:12:04,39,0.0302,0.8313,0.129,0.4915,1464,129
RSC-2024-01992,v2.2.0,2024-03-01 07:19:05,54,0.0584,0.7945,0.1243,0.5003,834,66
RSC-2024-01993,v2.3.0,2024-10-27 23:06:23,46,0.0111,0.7975,0.1278,0.5126,952,106
RSC-2024-01994,v2.3.0,2024-10-29 13:12:51,54,0.0202,0.8041,0.1496,0.5247,930,97
RSC-2024-01995,v2.2.1,2024-07-28 04:38:32,49,0.0293,0.7698,0.149,0.4969,994,39
RSC-2024-01996,v2.1.3,2024-06-02 19:12:05,42,0.0146,0.8242,0.161,0.4985,1223,47
RSC-2024-01997,v2.2.0,2024-09-26 16:25:52,54,0.0207,0.8089,0.1373,0.4883,1594,123
RSC-2024-01998,v2.2.1,2024-01-19 14:49:56,34,0.0266,0.8234,0.1489,0.5472,1244,106
RSC-2024-01999,v2.2.1,2024-07-28 20:18:36,45,0.0105,0.8263,0.1293,0.5231,921,48
RSC-2024-02000,v2.3.0,2024-09-06 21:01:31,53,0.0407,0.8014,0.1164,0.4797,1551,35
RSC-2024-02001,v2.3.0,2024-06-30 19:45:22,48,0.0642,0.801,0.1344,0.5228,1444,98
RSC-2024-02002,v2.1.3,2024-09-28 08:31:51,49,0.0145,0.7988,0.1356,0.5218,882,97
RSC-2024-02003,v2.2.0,2024-06-05 07:05:50,34,0.0473,0.7965,0.1245,0.5027,1198,119
RSC-2024-02004,v2.1.4,2024-05-09 00:46:34,40,0.03,0.8259,0.1598,0.4821,963,58
RSC-2024-02005,v2.1.3,2024-03-01 07:42:13,34,0.048,0.7882,0.1619,0.5045,1358,43
RSC-2024-02006,v2.2.1,2024-06-05 05:18:26,34,0.0805,0.8371,0.1393,0.4941,1000,128
RSC-2024-02007,v2.1.3,2024-04-08 10:33:43,57,0.0241,0.8022,0.1475,0.5229,1401,20
RSC-2024-02008,v2.1.3,2024-05-13 01:44:43,55,0.0151,0.8109,0.1501,0.49,842,107
RSC-2024-02009,v2.1.3,2024-10-18 04:14:55,52,0.0436,0.8402,0.1559,0.4982,926,132
RSC-2024-02010,v2.2.1,2024-07-30 04:29:24,45,0.0141,0.8276,0.1564,0.4944,1551,31
RSC-2024-02011,v2.3.0,2024-02-25 20:01:40,50,0.0235,0.8084,0.1453,0.5132,1441,124
RSC-2024-02012,v2.1.3,2024-03-22 17:29:22,53,0.0114,0.8412,0.1514,0.5261,1221,103
RSC-2024-02013,v2.2.0,2024-01-28 21:29:26,34,0.048,0.7712,0.1374,0.5446,850,33
RSC-2024-02014,v2.2.0,2024-10-28 16:30:09,45,0.0025,0.8057,0.1344,0.5639,1421,27
RSC-2024-02015,v2.1.3,2024-05-15 16:40:55,34,0.0158,0.785,0.1483,0.5076,1179,36
RSC-2024-02016,v2.2.0,2024-12-03 14:56:43,39,0.0504,0.7932,0.1305,0.5061,807,60
RSC-2024-02017,v2.2.0,2024-08-08 16:42:11,42,0.0329,0.8085,0.1418,0.5267,973,107
RSC-2024-02018,v2.2.0,2024-06-18 02:37:10,57,0.0585,0.8144,0.156,0.5256,1133,40
RSC-2024-02019,v2.3.0,2024-04-08 18:13:16,37,0.0567,0.8212,0.1411,0.5407,1361,96
RSC-2024-02020,v2.1.4,2024-06-26 09:27:40,52,0.0332,0.8052,0.1382,0.5005,1366,35
RSC-2024-02021,v2.1.4,2024-03-18 20:30:42,55,0.0252,0.8002,0.1833,0.5329,1405,38
RSC-2024-02022,v2.3.0,2024-05-13 08:43:31,53,0.0293,0.8016,0.1155,0.4865,1091,35
RSC-2024-02023,v2.3.0,2024-02-16 12:20:56,52,0.0391,0.8244,0.1238,0.5134,1399,46
RSC-2024-02024,v2.2.0,2024-06-29 01:02:27,36,0.0261,0.7946,0.1474,0.4987,861,131
RSC-2024-02025,v2.1.3,2024-12-25 09:52:01,45,0.0308,0.8075,0.133,0.506,1128,31
RSC-2024-02026,v2.2.0,2024-03-19 15:12:15,36,0.0368,0.8256,0.1426,0.4882,1068,49
RSC-2024-02027,v2.2.0,2024-03-11 22:44:28,46,0.0568,0.7932,0.1364,0.5395,1151,129
RSC-2024-02028,v2.2.1,2024-06-20 14:59:10,44,0.023,0.82,0.148,0.4986,867,124
RSC-2024-02029,v2.1.4,2024-01-29 08:04:06,48,0.0172,0.7773,0.1399,0.506,845,113
RSC-2024-02030,v2.3.0,2024-02-12 07:32:49,55,0.0305,0.8339,0.1596,0.5033,897,40
RSC-2024-02031,v2.1.3,2024-09-20 00:46:05,51,0.0775,0.8087,0.1538,0.533,1120,138
RSC-2024-02032,v2.3.0,2024-08-20 19:58:22,50,0.0079,0.8094,0.1412,0.4943,1443,28
RSC-2024-02033,v2.1.3,2024-06-18 05:37:20,38,0.0291,0.8093,0.152,0.4997,1280,55
RSC-2024-02034,v2.1.3,2024-09-23 03:37:57,37,0.0273,0.8156,0.1404,0.5071,1243,65
RSC-2024-02035,v2.2.1,2024-05-04 12:25:01,50,0.0117,0.8119,0.1436,0.5068,1174,96
RSC-2024-02036,v2.1.3,2024-05-02 21:29:43,56,0.0545,0.8304,0.15,0.5339,1594,43
RSC-2024-02037,v2.2.0,2024-09-13 04:31:26,39,0.0336,0.7991,0.1171,0.4926,881,110
RSC-2024-02038,v2.1.3,2024-07-28 07:48:48,38,0.0319,0.8267,0.1374,0.5186,1380,40
RSC-2024-02039,v2.1.4,2024-09-13 06:11:32,50,0.0324,0.806,0.147,0.4865,863,99
RSC-2024-02040,v2.1.4,2024-11-02 23:05:59,57,0.0735,0.8204,0.1427,0.4683,1389,24
RSC-2024-02041,v2.1.4,2024-03-27 19:49:16,50,0.108,0.8229,0.1477,0.4793,1271,30
RSC-2024-02042,v2.2.0,2024-10-14 04:21:36,37,0.0149,0.7664,0.1544,0.5352,1256,111
RSC-2024-02043,v2.3.0,2024-11-10 00:46:00,36,0.033,0.8306,0.1369,0.5217,1112,66
RSC-2024-02044,v2.1.3,2024-04-01 03:10:56,56,0.0143,0.818,0.1404,0.5198,822,47
RSC-2024-02045,v2.1.3,2024-05-09 20:49:21,54,0.0114,0.8308,0.1309,0.5134,1380,24
RSC-2024-02046,v2.2.0,2024-02-14 05:33:03,54,0.0413,0.7924,0.1472,0.508,1577,133
RSC-2024-02047,v2.3.0,2024-08-23 07:27:49,45,0.0544,0.7871,0.147,0.518,1169,88
RSC-2024-02048,v2.1.4,2024-09-09 21:50:02,48,0.0284,0.8071,0.1445,0.5116,1506,137
RSC-2024-02049,v2.1.3,2024-11-10 09:40:44,37,0.0509,0.8212,0.1348,0.5129,1007,62
RSC-2024-02050,v2.3.0,2024-06-12 06:26:12,47,0.0856,0.8072,0.1255,0.501,1579,34
RSC-2024-02051,v2.3.0,2024-04-20 03:37:07,54,0.0258,0.8052,0.1379,0.5013,1269,119
RSC-2024-02052,v2.1.3,2024-04-15 07:35:00,54,0.0844,0.8273,0.144,0.5359,857,58
RSC-2024-02053,v2.2.0,2024-02-28 01:03:36,50,0.0323,0.8227,0.1292,0.5577,1515,106
RSC-2024-02054,v2.2.0,2024-02-11 09:01:28,37,0.0566,0.8018,0.1487,0.5155,1049,71
RSC-2024-02055,v2.2.0,2024-08-27 22:40:57,35,0.016,0.8308,0.1451,0.516,1525,73
RSC-2024-02056,v2.1.3,2024-01-28 11:36:20,48,0.0472,0.8432,0.1329,0.4845,845,42
RSC-2024-02057,v2.1.4,2024-02-29 04:35:14,34,0.0267,0.7955,0.144,0.5257,1587,40
RSC-2024-02058,v2.1.4,2024-09-07 15:28:47,43,0.0348,0.8361,0.1364,0.4938,1558,24
RSC-2024-02059,v2.3.0,2024-03-01 18:51:00,43,0.0635,0.8316,0.1326,0.5092,842,45
RSC-2024-02060,v2.2.1,2024-09-15 01:47:38,44,0.0307,0.8172,0.1525,0.4973,1581,113
RSC-2024-02061,v2.1.4,2024-01-26 20:52:43,43,0.0196,0.8328,0.1209,0.5179,833,123
RSC-2024-02062,v2.2.1,2024-10-06 00:58:14,47,0.0689,0.8161,0.14,0.487,879,87
RSC-2024-02063,v2.1.4,2024-08-12 10:44:14,37,0.0282,0.8174,0.1472,0.545,1576,71
RSC-2024-02064,v2.1.3,2024-12-27 05:24:10,42,0.0308,0.8217,0.1358,0.5053,890,39
RSC-2024-02065,v2.1.3,2024-11-18 04:49:27,47,0.0427,0.8174,0.1511,0.5376,1466,44
RSC-2024-02066,v2.2.1,2024-09-27 23:58:13,36,0.0104,0.7849,0.1539,0.5072,862,139
RSC-2024-02067,v2.1.3,2024-10-24 21:22:14,51,0.0104,0.8094,0.1368,0.5024,1314,102
RSC-2024-02068,v2.1.4,2024-03-10 09:33:53,56,0.028,0.7969,0.1501,0.5225,1004,94
RSC-2024-02069,v2.1.3,2024-04-24 06:55:30,37,0.0338,0.816,0.142,0.5034,1519,43
RSC-2024-02070,v2.2.1,2024-01-31 22:58:25,46,0.0159,0.8205,0.1549,0.5139,1429,88
RSC-2024-02071,v2.2.0,2024-12-24 23:16:45,39,0.0769,0.8291,0.1428,0.5342,831,37
RSC-2024-02072,v2.3.0,2024-09-07 21:25:05,38,0.0208,0.8126,0.136,0.5084,1472,63
RSC-2024-02073,v2.2.0,2024-03-13 00:55:24,34,0.0076,0.8266,0.1375,0.5029,1281,25
RSC-2024-02074,v2.3.0,2024-08-03 21:23:26,46,0.0275,0.8037,0.1483,0.5484,960,20
RSC-2024-02075,v2.3.0,2024-02-13 08:33:34,42,0.0998,0.7885,0.1338,0.5133,1083,55
RSC-2024-02076,v2.1.4,2024-06-12 10:20:57,43,0.0128,0.8248,0.1412,0.5064,845,54
RSC-2024-02077,v2.3.0,2024-05-22 08:46:21,46,0.0155,0.7862,0.134,0.5131,808,25
RSC-2024-02078,v2.2.1,2024-03-25 01:23:47,45,0.0299,0.8135,0.1465,0.5339,1558,92
RSC-2024-02079,v2.2.1,2024-11-21 06:06:53,36,0.0058,0.7802,0.1395,0.4689,960,136
RSC-2024-02080,v2.3.0,2024-12-15 07:06:36,47,0.0566,0.8292,0.1396,0.5134,1489,33
RSC-2024-02081,v2.1.3,2024-10-30 04:28:16,47,0.0212,0.7962,0.1635,0.5134,911,65
RSC-2024-02082,v2.1.3,2024-08-02 21:23:51,46,0.0463,0.8316,0.1586,0.4913,1057,99
RSC-2024-02083,v2.2.0,2024-08-09 13:12:34,53,0.045,0.8102,0.1552,0.5592,1597,109
RSC-2024-02084,v2.2.1,2024-07-05 16:31:55,47,0.0422,0.8007,0.1166,0.5396,1119,106
RSC-2024-02085,v2.2.0,2024-03-14 11:58:43,52,0.0808,0.7898,0.1287,0.5091,933,43
RSC-2024-02086,v2.1.4,2024-02-08 16:00:18,48,0.0117,0.8306,0.1339,0.4739,1315,44
RSC-2024-02087,v2.2.0,2024-10-22 03:19:21,52,0.0973,0.8153,0.1473,0.5142,1278,139
RSC-2024-02088,v2.1.4,2024-11-17 21:20:11,45,0.0331,0.7813,0.1313,0.4822,1377,87
RSC-2024-02089,v2.1.4,2024-09-17 16:06:23,41,0.032,0.7872,0.1318,0.5022,926,124
RSC-2024-02090,v2.2.1,2024-08-06 07:10:31,37,0.0575,0.7964,0.1389,0.5223,1017,50
RSC-2024-02091,v2.2.1,2024-12-22 14:15:20,57,0.0502,0.7944,0.1248,0.5331,893,131
RSC-2024-02092,v2.2.1,2024-12-28 13:19:29,46,0.0196,0.8261,0.1398,0.5019,1262,41
RSC-2024-02093,v2.1.4,2024-02-07 19:52:19,52,0.0262,0.8321,0.1303,0.5285,1514,44
RSC-2024-02094,v2.3.0,2024-05-30 22:19:44,55,0.0366,0.8045,0.1442,0.5012,1142,44
RSC-2024-02095,v2.2.1,2024-07-13 21:31:03,48,0.0334,0.8224,0.113,0.4803,852,112
RSC-2024-02096,v2.1.3,2024-09-10 08:03:59,50,0.0411,0.831,0.1237,0.4957,1296,109
RSC-2024-02097,v2.2.1,2024-06-11 04:37:55,45,0.0326,0.8203,0.1384,0.5072,992,49
RSC-2024-02098,v2.1.3,2024-03-13 14:03:08,51,0.0252,0.8201,0.1573,0.5071,1397,110
RSC-2024-02099,v2.2.0,2024-12-27 02:28:04,46,0.0626,0.8082,0.1528,0.536,1128,91
RSC-2024-02100,v2.1.3,2024-01-09 14:24:38,50,0.0147,0.8253,0.1547,0.5278,1118,29
RSC-2024-02101,v2.1.3,2024-12-05 03:24:11,50,0.0429,0.8256,0.1513,0.4958,1488,138
RSC-2024-02102,v2.2.1,2024-11-28 17:41:23,48,0.0223,0.7838,0.1475,0.4978,1399,137
RSC-2024-02103,v2.1.3,2024-06-09 19:08:46,41,0.0834,0.8096,0.1314,0.4981,1437,37
RSC-2024-02104,v2.1.3,2024-01-22 22:13:11,52,0.0348,0.803,0.164,0.5141,1334,81
RSC-2024-02105,v2.2.0,2024-03-31 01:53:31,48,0.1108,0.7935,0.1522,0.488,1150,105
RSC-2024-02106,v2.1.4,2024-09-27 00:03:51,41,0.0278,0.7891,0.1369,0.515,1183,137
RSC-2024-02107,v2.1.3,2024-08-14 10:47:33,40,0.0365,0.7974,0.1487,0.5399,1407,47
RSC-2024-02108,v2.1.4,2024-12-22 13:25:17,45,0.0193,0.8171,0.1573,0.511,1545,126
RSC-2024-02109,v2.1.4,2024-10-15 04:22:42,46,0.1052,0.8048,0.1363,0.5096,1050,66
RSC-2024-02110,v2.1.3,2024-04-05 12:26:14,41,0.0485,0.7852,0.1378,0.5325,1009,132
RSC-2024-02111,v2.2.1,2024-01-05 01:09:13,35,0.0445,0.8541,0.1489,0.5303,1426,87
RSC-2024-02112,v2.3.0,2024-11-02 16:27:06,44,0.0188,0.8314,0.1299,0.4924,1133,21
RSC-2024-02113,v2.3.0,2024-04-27 13:10:29,51,0.0339,0.8055,0.1551,0.5512,831,63
RSC-2024-02114,v2.3.0,2024-01-21 23:59:08,51,0.0592,0.7876,0.1363,0.5109,1174,70
RSC-2024-02115,v2.1.3,2024-06-16 21:08:59,45,0.0683,0.8024,0.1406,0.4765,1336,53
RSC-2024-02116,v2.1.4,2024-08-29 04:10:47,57,0.0219,0.8138,0.1347,0.4869,893,55
RSC-2024-02117,v2.2.1,2024-06-25 10:19:25,35,0.0333,0.8217,0.1561,0.5374,927,54
RSC-2024-02118,v2.1.3,2024-09-30 11:26:38,45,0.0753,0.8332,0.1371,0.5063,1200,85
RSC-2024-02119,v2.2.1,2024-02-27 00:15:17,40,0.064,0.8173,0.1212,0.5012,1232,79
RSC-2024-02120,v2.3.0,2024-12-20 08:25:54,34,0.0735,0.7973,0.118,0.5123,1393,112
RSC-2024-02121,v2.2.0,2024-04-16 17:31:49,56,0.0909,0.7877,0.1341,0.519,961,63
RSC-2024-02122,v2.3.0,2024-12-27 02:11:56,47,0.0373,0.8117,0.1291,0.513,1296,43
RSC-2024-02123,v2.3.0,2024-08-15 23:23:33,52,0.0621,0.8042,0.1344,0.5008,829,71
RSC-2024-02124,v2.2.1,2024-12-19 21:40:10,46,0.0332,0.7911,0.126,0.5263,1040,28
RSC-2024-02125,v2.1.4,2024-02-02 03:23:16,51,0.013,0.8082,0.1437,0.4979,1369,122
RSC-2024-02126,v2.3.0,2024-08-03 19:14:30,55,0.0327,0.8037,0.1455,0.519,1390,24
RSC-2024-02127,v2.2.0,2024-01-22 01:03:49,45,0.0499,0.8182,0.142,0.481,1559,33
RSC-2024-02128,v2.2.1,2024-01-29 16:28:47,46,0.0149,0.8012,0.1585,0.5002,1317,105
RSC-2024-02129,v2.1.3,2024-10-31 03:52:24,43,0.0373,0.8061,0.136,0.4657,1130,98
RSC-2024-02130,v2.3.0,2024-06-11 14:32:47,46,0.0037,0.7887,0.1584,0.4852,1226,57
RSC-2024-02131,v2.3.0,2024-12-24 21:26:40,49,0.0395,0.7912,0.1292,0.4939,1308,111
RSC-2024-02132,v2.2.1,2024-09-28 03:56:04,42,0.0147,0.7969,0.1436,0.4532,1052,120
RSC-2024-02133,v2.1.4,2024-06-07 00:02:34,36,0.0282,0.8305,0.1488,0.463,1333,121
RSC-2024-02134,v2.1.4,2024-11-16 12:16:36,36,0.0374,0.8218,0.1386,0.5031,1034,99
RSC-2024-02135,v2.2.0,2024-06-07 07:08:10,34,0.0544,0.8197,0.1228,0.4992,1192,139
RSC-2024-02136,v2.2.1,2024-03-17 20:00:50,43,0.0131,0.8006,0.1297,0.5257,1515,33
RSC-2024-02137,v2.1.3,2024-11-25 04:22:53,48,0.0758,0.839,0.1388,0.5148,1404,134
RSC-2024-02138,v2.1.3,2024-08-23 12:34:08,43,0.0297,0.7959,0.1523,0.5242,1062,101
RSC-2024-02139,v2.1.4,2024-01-21 09:48:27,57,0.1088,0.8159,0.1737,0.5037,1258,101
RSC-2024-02140,v2.2.0,2024-10-18 14:16:42,49,0.0178,0.8091,0.1289,0.5229,1189,47
RSC-2024-02141,v2.2.1,2024-10-12 09:17:17,54,0.0111,0.8158,0.1312,0.5446,1375,94
RSC-2024-02142,v2.1.3,2024-03-09 11:59:05,54,0.0095,0.8132,0.1412,0.524,1344,125
RSC-2024-02143,v2.1.3,2024-08-23 17:13:52,55,0.041,0.8299,0.153,0.5295,835,124
RSC-2024-02144,v2.1.3,2024-09-15 08:35:21,51,0.0725,0.8272,0.1488,0.4988,1455,75
RSC-2024-02145,v2.1.3,2024-01-31 07:02:49,49,0.0241,0.8389,0.1427,0.4844,1384,87
RSC-2024-02146,v2.2.0,2024-08-13 07:03:58,54,0.038,0.8124,0.1482,0.5047,916,49
RSC-2024-02147,v2.2.0,2024-08-25 13:54:54,37,0.0842,0.8126,0.1443,0.5219,829,109
RSC-2024-02148,v2.1.3,2024-06-23 18:37:10,52,0.0224,0.8105,0.143,0.5034,1196,129
RSC-2024-02149,v2.2.0,2024-06-04 18:00:22,52,0.0143,0.7923,0.1454,0.5415,815,81
RSC-2024-02150,v2.3.0,2024-01-03 22:50:55,51,0.0181,0.7939,0.1206,0.5186,915,26
RSC-2024-02151,v2.1.3,2024-12-15 12:08:59,54,0.05,0.8548,0.1212,0.5202,1271,42
RSC-2024-02152,v2.1.4,2024-09-26 10:47:04,35,0.0419,0.7838,0.1441,0.5053,1090,94
RSC-2024-02153,v2.2.0,2024-07-10 05:29:34,41,0.0203,0.8191,0.1477,0.5123,1508,96
RSC-2024-02154,v2.2.1,2024-12-28 18:38:30,36,0.0597,0.8438,0.137,0.5295,1019,116
RSC-2024-02155,v2.2.1,2024-12-08 10:01:35,55,0.0266,0.8198,0.1415,0.5221,891,64
RSC-2024-02156,v2.1.3,2024-04-23 03:10:55,41,0.0179,0.8049,0.1316,0.5021,1514,107
RSC-2024-02157,v2.1.3,2024-05-01 03:40:51,39,0.067,0.7992,0.1419,0.5214,1570,133
RSC-2024-02158,v2.2.1,2024-04-28 10:15:21,50,0.0281,0.8156,0.1421,0.5482,1100,110
RSC-2024-02159,v2.2.0,2024-05-06 03:40:56,54,0.015,0.8055,0.1572,0.5119,944,104
RSC-2024-02160,v2.2.0,2024-11-03 00:10:34,35,0.0476,0.7825,0.1155,0.5223,1529,95
RSC-2024-02161,v2.3.0,2024-01-10 23:07:30,49,0.0451,0.8304,0.1345,0.5148,1437,125
RSC-2024-02162,v2.2.1,2024-02-16 15:03:46,55,0.047,0.8097,0.1242,0.5204,1269,20
RSC-2024-02163,v2.1.4,2024-04-20 23:54:29,40,0.0521,0.8217,0.1436,0.562,828,48
RSC-2024-02164,v2.1.4,2024-07-03 10:26:27,51,0.0055,0.8005,0.1441,0.488,936,34
RSC-2024-02165,v2.1.3,2024-01-27 11:04:47,51,0.0581,0.8054,0.1428,0.5119,1122,96
RSC-2024-02166,v2.1.3,2024-08-02 19:32:46,41,0.0285,0.8303,0.1514,0.5231,1423,79
RSC-2024-02167,v2.1.4,2024-09-18 00:59:37,55,0.0478,0.7938,0.1354,0.4943,1156,65
RSC-2024-02168,v2.1.3,2024-12-15 14:18:30,48,0.0079,0.8002,0.1518,0.5524,1553,118
RSC-2024-02169,v2.1.3,2024-06-06 20:13:25,54,0.0164,0.8028,0.154,0.4952,1234,39
RSC-2024-02170,v2.2.0,2024-12-24 23:05:45,42,0.065,0.8371,0.139,0.5291,1157,55
RSC-2024-02171,v2.3.0,2024-02-23 00:44:45,44,0.0204,0.8234,0.131,0.504,1531,101
RSC-2024-02172,v2.2.1,2024-09-23 13:19:20,55,0.0247,0.806,0.1452,0.5213,1518,74
RSC-2024-02173,v2.3.0,2024-08-24 04:36:57,56,0.0349,0.8295,0.1514,0.5236,1444,94
RSC-2024-02174,v2.3.0,2024-10-16 08:06:34,36,0.0538,0.785,0.1337,0.506,1092,24
RSC-2024-02175,v2.1.3,2024-08-10 14:48:15,51,0.0545,0.8188,0.1383,0.5401,1266,63
RSC-2024-02176,v2.1.4,2024-06-09 05:51:30,48,0.0119,0.8483,0.146,0.5073,1593,26
RSC-2024-02177,v2.2.1,2024-02-18 11:01:23,54,0.0453,0.8092,0.1319,0.5231,1198,102
RSC-2024-02178,v2.1.4,2024-05-25 04:52:33,52,0.0182,0.7992,0.1228,0.5174,895,55
RSC-2024-02179,v2.1.4,2024-01-31 10:55:27,50,0.0802,0.8071,0.1406,0.4837,1273,96
RSC-2024-02180,v2.1.4,2024-04-19 03:44:05,40,0.0322,0.8152,0.127,0.5311,1053,21
RSC-2024-02181,v2.2.1,2024-02-05 10:59:48,39,0.0718,0.8081,0.157,0.5135,1143,124
RSC-2024-02182,v2.2.1,2024-09-16 19:01:06,49,0.0514,0.8258,0.1366,0.4986,953,101
RSC-2024-02183,v2.2.1,2024-05-26 06:45:30,55,0.1032,0.8071,0.1458,0.4736,1555,130
RSC-2024-02184,v2.1.4,2024-03-14 09:59:53,37,0.0799,0.7928,0.1601,0.4972,1536,55
RSC-2024-02185,v2.2.0,2024-12-14 15:19:12,48,0.0438,0.8278,0.153,0.5263,1344,103
RSC-2024-02186,v2.2.1,2024-07-27 23:58:27,50,0.0463,0.8085,0.1564,0.5292,1460,93
RSC-2024-02187,v2.2.0,2024-07-31 03:41:55,44,0.0426,0.7617,0.1308,0.5264,1189,125
RSC-2024-02188,v2.1.3,2024-10-18 13:57:57,55,0.0269,0.8335,0.1495,0.4614,1187,127
RSC-2024-02189,v2.2.1,2024-05-05 06:34:31,39,0.0054,0.8143,0.1431,0.4981,849,59
RSC-2024-02190,v2.3.0,2024-01-03 20:06:47,50,0.0478,0.7955,0.1394,0.5398,1246,44
RSC-2024-02191,v2.2.1,2024-08-20 00:24:37,45,0.0314,0.8282,0.1482,0.4987,1202,104
RSC-2024-02192,v2.2.0,2024-09-15 23:15:48,45,0.0294,0.8131,0.1548,0.5236,989,120
RSC-2024-02193,v2.1.3,2024-11-16 13:54:36,44,0.0205,0.8183,0.148,0.5042,1259,123
RSC-2024-02194,v2.2.0,2024-02-16 22:58:04,54,0.0299,0.8085,0.1455,0.4884,800,104
RSC-2024-02195,v2.1.4,2024-07-02 09:39:26,38,0.0423,0.8021,0.1264,0.5172,1591,51
RSC-2024-02196,v2.2.1,2024-06-20 19:51:51,47,0.0362,0.8204,0.1522,0.4878,1285,56
RSC-2024-02197,v2.3.0,2024-11-08 05:15:33,39,0.0299,0.7891,0.1299,0.4936,1381,114
RSC-2024-02198,v2.2.1,2024-08-27 18:04:28,51,0.1265,0.8099,0.154,0.4862,1437,108
RSC-2024-02199,v2.3.0,2024-10-31 10:51:49,47,0.026,0.814,0.1408,0.5195,1249,96
RSC-2024-02200,v2.3.0,2024-08-17 18:37:07,51,0.024,0.7949,0.1448,0.5214,812,123
RSC-2024-02201,v2.2.0,2024-07-14 10:46:52,49,0.0183,0.8509,0.1343,0.4595,928,103
RSC-2024-02202,v2.1.3,2024-12-17 18:37:43,48,0.0129,0.8236,0.1195,0.4783,1419,32
RSC-2024-02203,v2.2.1,2024-05-13 16:34:25,54,0.0289,0.7972,0.1447,0.4741,999,20
RSC-2024-02204,v2.1.4,2024-09-28 09:21:56,44,0.0486,0.7999,0.1456,0.4981,882,112
RSC-2024-02205,v2.2.1,2024-04-04 16:28:54,40,0.0314,0.802,0.1346,0.5298,1546,42
RSC-2024-02206,v2.1.3,2024-12-11 19:44:50,41,0.0485,0.7767,0.1563,0.5197,1369,40
RSC-2024-02207,v2.1.4,2024-03-11 11:14:27,53,0.043,0.8405,0.1522,0.5406,1527,122
RSC-2024-02208,v2.2.0,2024-07-22 02:50:47,38,0.0244,0.8026,0.1459,0.507,899,96
RSC-2024-02209,v2.3.0,2024-02-28 05:12:02,35,0.0663,0.769,0.1417,0.5508,1072,43
RSC-2024-02210,v2.1.3,2024-08-10 22:54:44,47,0.0429,0.805,0.1389,0.5214,1364,33
RSC-2024-02211,v2.2.0,2024-03-09 10:57:41,54,0.0412,0.8532,0.1569,0.5294,1406,40
RSC-2024-02212,v2.1.4,2024-10-06 05:30:49,48,0.0171,0.7981,0.1506,0.5296,1330,91
RSC-2024-02213,v2.2.1,2024-12-25 16:56:57,37,0.0309,0.8212,0.1393,0.509,1352,51
RSC-2024-02214,v2.2.1,2024-02-16 00:56:15,41,0.053,0.8116,0.1376,0.4826,846,47
RSC-2024-02215,v2.3.0,2024-08-18 19:47:54,34,0.0831,0.8102,0.1588,0.5292,869,47
RSC-2024-02216,v2.2.1,2024-08-30 12:34:25,41,0.0124,0.81,0.1331,0.5557,1033,101
RSC-2024-02217,v2.3.0,2024-12-10 16:26:15,50,0.0342,0.7887,0.1204,0.5178,1446,55
RSC-2024-02218,v2.1.4,2024-03-29 02:14:10,56,0.0274,0.8322,0.1489,0.4963,1402,98
RSC-2024-02219,v2.2.1,2024-10-05 22:33:36,53,0.021,0.8319,0.128,0.5126,1484,65
RSC-2024-02220,v2.1.4,2024-04-03 06:21:41,38,0.0309,0.8306,0.1442,0.5295,807,60
RSC-2024-02221,v2.1.3,2024-09-07 08:45:35,50,0.0926,0.8002,0.129,0.4874,866,137
RSC-2024-02222,v2.2.1,2024-09-14 02:18:03,50,0.0156,0.7941,0.132,0.525,1227,112
RSC-2024-02223,v2.1.4,2024-09-05 14:23:30,53,0.031,0.8338,0.1383,0.4721,988,39
RSC-2024-02224,v2.2.0,2024-10-13 05:38:53,48,0.0474,0.8158,0.1305,0.4982,1263,109
RSC-2024-02225,v2.3.0,2024-06-06 01:35:09,44,0.0605,0.795,0.1364,0.4977,1178,39
RSC-2024-02226,v2.1.4,2024-04-18 09:41:21,39,0.0225,0.8254,0.1369,0.5459,841,27
RSC-2024-02227,v2.1.3,2024-08-10 18:16:40,51,0.0851,0.8211,0.146,0.5091,1143,115
RSC-2024-02228,v2.2.1,2024-05-09 18:39:34,56,0.0829,0.8401,0.1468,0.4922,1560,99
RSC-2024-02229,v2.1.4,2024-02-27 01:52:57,51,0.0196,0.7916,0.1548,0.4883,919,118
RSC-2024-02230,v2.2.1,2024-07-14 04:33:42,42,0.0443,0.7962,0.1591,0.5154,1048,61
RSC-2024-02231,v2.1.4,2024-04-19 12:28:05,47,0.0747,0.8331,0.1645,0.5452,1565,45
RSC-2024-02232,v2.3.0,2024-01-07 08:31:48,39,0.0639,0.7915,0.1363,0.5302,1188,114
RSC-2024-02233,v2.1.4,2024-05-01 05:16:16,50,0.0073,0.8027,0.1447,0.5285,1164,22
RSC-2024-02234,v2.1.3,2024-07-16 22:22:30,39,0.022,0.7931,0.1513,0.5252,1357,41
RSC-2024-02235,v2.2.0,2024-10-20 13:27:42,52,0.0445,0.7744,0.1481,0.506,1557,82
RSC-2024-02236,v2.3.0,2024-10-24 19:04:54,49,0.0164,0.8186,0.16,0.5225,829,121
RSC-2024-02237,v2.2.0,2024-12-09 16:26:20,44,0.0165,0.8127,0.1536,0.5133,1218,41
RSC-2024-02238,v2.2.0,2024-12-02 14:06:48,35,0.0266,0.801,0.1383,0.495,1039,94
RSC-2024-02239,v2.3.0,2024-01-01 23:35:55,45,0.035,0.841,0.1506,0.4946,1174,38
RSC-2024-02240,v2.3.0,2024-09-10 08:37:39,34,0.0527,0.8352,0.1479,0.5059,1476,27
RSC-2024-02241,v2.3.0,2024-12-10 10:52:49,36,0.0376,0.8135,0.1433,0.4747,1547,52
RSC-2024-02242,v2.2.1,2024-09-05 07:33:21,48,0.0063,0.8022,0.1299,0.4831,1013,138
RSC-2024-02243,v2.1.3,2024-02-03 13:17:54,46,0.0141,0.8463,0.1517,0.5271,930,125
RSC-2024-02244,v2.2.0,2024-10-25 17:25:03,41,0.0736,0.8004,0.1539,0.5263,1330,37
RSC-2024-02245,v2.3.0,2024-05-02 11:21:44,45,0.0079,0.8269,0.1403,0.497,1104,41
RSC-2024-02246,v2.1.4,2024-11-08 05:11:24,42,0.0636,0.8083,0.1229,0.5075,843,110
RSC-2024-02247,v2.3.0,2024-07-28 21:41:12,44,0.0134,0.7696,0.1405,0.4945,1353,43
RSC-2024-02248,v2.3.0,2024-06-21 12:32:47,55,0.0202,0.7783,0.1402,0.4926,875,75
RSC-2024-02249,v2.2.0,2024-09-23 20:30:35,57,0.0186,0.7922,0.1379,0.5086,1278,133
RSC-2024-02250,v2.2.1,2024-03-15 06:05:51,36,0.0354,0.8234,0.1279,0.5327,930,123
RSC-2024-02251,v2.3.0,2024-06-01 06:48:51,49,0.0201,0.7986,0.1432,0.4834,1086,45
RSC-2024-02252,v2.1.3,2024-02-13 02:46:40,53,0.0229,0.8226,0.1459,0.4807,1532,40
RSC-2024-02253,v2.2.0,2024-02-06 02:56:30,40,0.0305,0.794,0.1421,0.4988,1008,24
RSC-2024-02254,v2.2.1,2024-07-19 20:31:41,49,0.0272,0.8112,0.1415,0.4598,1517,102
RSC-2024-02255,v2.3.0,2024-10-08 22:46:07,56,0.0237,0.8337,0.1612,0.52,1308,129
RSC-2024-02256,v2.1.4,2024-01-19 06:51:07,46,0.0147,0.7923,0.1568,0.4997,1311,135
RSC-2024-02257,v2.1.3,2024-07-16 15:05:13,38,0.022,0.8292,0.1541,0.5015,1269,120
RSC-2024-02258,v2.2.0,2024-06-05 21:33:05,35,0.0061,0.8529,0.163,0.4852,1128,85
RSC-2024-02259,v2.1.4,2024-02-11 16:07:55,50,0.019,0.7998,0.13,0.5097,924,83
RSC-2024-02260,v2.2.1,2024-06-26 04:38:54,36,0.0241,0.8201,0.1533,0.5228,1410,125
RSC-2024-02261,v2.2.0,2024-03-21 03:39:10,34,0.0223,0.8183,0.1567,0.4911,1553,54
RSC-2024-02262,v2.2.1,2024-01-06 03:57:33,47,0.0172,0.8426,0.1259,0.4901,1172,111
RSC-2024-02263,v2.2.1,2024-09-02 17:35:45,54,0.037,0.7902,0.153,0.5727,949,113
RSC-2024-02264,v2.1.4,2024-01-24 23:59:20,35,0.0549,0.8159,0.1413,0.5425,956,133
RSC-2024-02265,v2.3.0,2024-10-20 20:00:40,51,0.1399,0.8063,0.1295,0.4879,1165,86
RSC-2024-02266,v2.1.4,2024-06-12 04:58:46,36,0.0512,0.8052,0.1563,0.5323,1390,50
RSC-2024-02267,v2.2.0,2024-01-19 11:01:40,56,0.033,0.8346,0.144,0.543,1524,99
RSC-2024-02268,v2.2.0,2024-03-18 14:41:29,52,0.0429,0.8231,0.1428,0.5349,972,65
RSC-2024-02269,v2.2.0,2024-06-27 21:17:03,48,0.0404,0.8069,0.1553,0.5481,1337,126
RSC-2024-02270,v2.2.1,2024-10-13 09:39:05,48,0.0146,0.8244,0.1337,0.486,1592,98
RSC-2024-02271,v2.2.1,2024-07-11 20:01:19,37,0.0033,0.8179,0.147,0.5101,907,110
RSC-2024-02272,v2.2.1,2024-02-06 02:40:52,53,0.0192,0.812,0.1547,0.5059,1149,125
RSC-2024-02273,v2.3.0,2024-04-28 17:03:21,39,0.0559,0.7922,0.1368,0.5095,1323,65
RSC-2024-02274,v2.2.0,2024-03-13 08:09:05,51,0.0215,0.8179,0.1512,0.5107,1207,118
RSC-2024-02275,v2.2.0,2024-10-23 11:55:35,35,0.0166,0.8158,0.1295,0.5468,1484,127
RSC-2024-02276,v2.3.0,2024-07-18 13:21:57,49,0.0435,0.7841,0.1341,0.4806,1429,72
RSC-2024-02277,v2.2.1,2024-08-03 03:47:02,34,0.0532,0.8149,0.1644,0.5141,806,62
RSC-2024-02278,v2.1.4,2024-10-04 20:14:33,35,0.0381,0.8174,0.1593,0.5146,868,107
RSC-2024-02279,v2.1.3,2024-02-28 10:07:10,40,0.0329,0.8038,0.1463,0.5099,828,41
RSC-2024-02280,v2.2.1,2024-12-26 15:22:05,42,0.0479,0.8223,0.1566,0.4927,1161,133
RSC-2024-02281,v2.2.0,2024-11-20 23:11:03,55,0.0231,0.8088,0.138,0.5261,1464,57
RSC-2024-02282,v2.1.4,2024-07-16 05:24:18,35,0.0267,0.8089,0.1468,0.5155,1426,72
RSC-2024-02283,v2.3.0,2024-10-01 01:36:38,41,0.0377,0.8198,0.1609,0.5068,1358,50
RSC-2024-02284,v2.1.3,2024-07-04 00:13:26,39,0.0371,0.7913,0.1214,0.5143,1458,37
RSC-2024-02285,v2.2.1,2024-10-29 05:33:16,41,0.0911,0.8044,0.1384,0.4898,1233,73
RSC-2024-02286,v2.1.3,2024-11-24 15:58:43,41,0.0137,0.8192,0.1436,0.5082,993,109
RSC-2024-02287,v2.2.1,2024-03-03 01:37:05,41,0.0104,0.8147,0.1622,0.5174,978,103
RSC-2024-02288,v2.1.4,2024-01-29 19:35:26,47,0.014,0.7928,0.1497,0.477,949,57
RSC-2024-02289,v2.2.1,2024-03-14 23:54:32,44,0.0351,0.7965,0.1503,0.5194,1206,25
RSC-2024-02290,v2.3.0,2024-05-17 23:48:33,34,0.036,0.7962,0.1432,0.5215,1579,120
RSC-2024-02291,v2.1.4,2024-07-14 18:13:39,44,0.0689,0.8212,0.1807,0.4953,1486,23
RSC-2024-02292,v2.1.3,2024-06-05 20:22:52,35,0.0831,0.8479,0.1382,0.4903,1039,87
RSC-2024-02293,v2.3.0,2024-04-11 00:40:10,38,0.0848,0.789,0.1501,0.5152,1199,54
RSC-2024-02294,v2.1.3,2024-09-03 19:22:41,43,0.0051,0.8331,0.1209,0.536,872,63
RSC-2024-02295,v2.1.4,2024-09-28 09:09:19,44,0.0247,0.8018,0.1614,0.4864,1420,32
RSC-2024-02296,v2.2.0,2024-01-18 12:57:18,35,0.0673,0.821,0.1188,0.5048,1012,124
RSC-2024-02297,v2.1.4,2024-07-26 21:44:40,51,0.041,0.8262,0.1337,0.4774,1023,20
RSC-2024-02298,v2.3.0,2024-02-22 04:21:56,41,0.054,0.8417,0.1379,0.5018,925,71
RSC-2024-02299,v2.3.0,2024-02-24 23:51:00,39,0.016,0.795,0.148,0.475,1472,70
RSC-2024-02300,v2.2.1,2024-02-21 16:36:43,40,0.0101,0.8206,0.1543,0.4993,1168,87
RSC-2024-02301,v2.3.0,2024-03-05 15:35:31,51,0.0218,0.8025,0.1379,0.4859,1247,25
RSC-2024-02302,v2.2.1,2024-11-25 18:49:21,55,0.0182,0.7951,0.1429,0.512,1129,122
RSC-2024-02303,v2.1.3,2024-03-02 22:54:20,51,0.0154,0.7912,0.1534,0.4954,1532,46
RSC-2024-02304,v2.2.1,2024-05-25 19:04:31,45,0.0747,0.8004,0.1523,0.5262,843,90
RSC-2024-02305,v2.2.1,2024-01-09 06:22:27,54,0.0491,0.7845,0.1466,0.5099,827,131
RSC-2024-02306,v2.2.1,2024-01-09 17:07:29,55,0.0794,0.7774,0.1357,0.5095,1249,61
RSC-2024-02307,v2.1.3,2024-08-28 00:30:13,55,0.0816,0.8067,0.1528,0.5263,1542,106
RSC-2024-02308,v2.2.0,2024-08-14 09:55:16,57,0.0261,0.8099,0.1338,0.4976,1432,31
RSC-2024-02309,v2.1.3,2024-08-17 00:12:32,56,0.0896,0.8138,0.1448,0.526,1427,30
RSC-2024-02310,v2.2.0,2024-02-29 06:26:28,52,0.0159,0.78,0.1479,0.504,1322,118
RSC-2024-02311,v2.1.3,2024-11-12 21:13:08,40,0.068,0.8084,0.1312,0.5172,937,42
RSC-2024-02312,v2.1.3,2024-12-18 00:54:09,40,0.0544,0.7922,0.1332,0.503,1443,31
RSC-2024-02313,v2.1.4,2024-05-25 17:56:15,42,0.1536,0.8264,0.1377,0.4962,1468,30
RSC-2024-02314,v2.2.0,2024-10-13 18:00:01,39,0.0555,0.7799,0.1332,0.4918,1314,36
RSC-2024-02315,v2.1.3,2024-01-05 16:00:40,50,0.0243,0.8406,0.1612,0.5138,1080,88
RSC-2024-02316,v2.1.3,2024-09-06 07:08:38,38,0.036,0.8106,0.1564,0.5288,843,130
RSC-2024-02317,v2.2.1,2024-01-31 09:55:45,54,0.0072,0.7798,0.1592,0.5035,1445,110
RSC-2024-02318,v2.3.0,2024-12-29 09:14:20,52,0.0256,0.81,0.1355,0.5194,1260,72
RSC-2024-02319,v2.2.1,2024-04-16 00:21:36,39,0.0102,0.8304,0.1297,0.5304,862,117
RSC-2024-02320,v2.1.4,2024-04-30 19:54:46,38,0.0346,0.8011,0.143,0.5111,1113,48
RSC-2024-02321,v2.1.3,2024-01-09 02:32:46,57,0.0167,0.803,0.1496,0.5127,1409,47
RSC-2024-02322,v2.3.0,2024-04-14 09:48:41,48,0.0287,0.8208,0.1467,0.5165,1151,87
RSC-2024-02323,v2.3.0,2024-09-27 22:30:43,35,0.0853,0.8332,0.158,0.5259,1290,112
RSC-2024-02324,v2.1.3,2024-06-19 16:21:20,54,0.0478,0.84,0.1299,0.5056,1066,117
RSC-2024-02325,v2.3.0,2024-03-06 00:59:31,37,0.0331,0.8221,0.1569,0.5322,1328,93
RSC-2024-02326,v2.2.1,2024-05-06 00:27:13,55,0.0127,0.8288,0.1421,0.4654,1157,40
RSC-2024-02327,v2.2.0,2024-02-28 02:36:17,36,0.0238,0.8311,0.1479,0.4996,949,75
RSC-2024-02328,v2.1.4,2024-09-27 04:02:19,47,0.0556,0.8225,0.1389,0.4693,1030,137
RSC-2024-02329,v2.3.0,2024-05-10 20:13:51,56,0.049,0.7967,0.1462,0.5312,1024,53
RSC-2024-02330,v2.1.4,2024-08-13 05:04:41,41,0.0465,0.8188,0.1505,0.5059,1383,121
RSC-2024-02331,v2.3.0,2024-11-10 07:57:11,50,0.0567,0.81,0.1511,0.5032,819,120
RSC-2024-02332,v2.3.0,2024-07-18 18:56:03,48,0.0514,0.7864,0.149,0.5025,1536,25
RSC-2024-02333,v2.1.3,2024-02-28 06:51:12,39,0.0252,0.7986,0.1302,0.5385,1234,30
RSC-2024-02334,v2.2.0,2024-07-30 10:11:09,38,0.028,0.8142,0.13,0.5326,1018,57
RSC-2024-02335,v2.1.4,2024-01-05 22:16:38,36,0.0392,0.8256,0.1463,0.5249,961,90
RSC-2024-02336,v2.1.3,2024-01-28 14:26:07,57,0.0363,0.8088,0.123,0.5378,1289,80
RSC-2024-02337,v2.1.4,2024-11-05 15:27:38,53,0.0474,0.8136,0.1434,0.5239,960,34
RSC-2024-02338,v2.2.1,2024-04-20 07:06:30,47,0.0169,0.8176,0.1393,0.5399,1500,74
RSC-2024-02339,v2.2.0,2024-10-05 18:12:02,37,0.0501,0.7996,0.1282,0.4864,1006,31
RSC-2024-02340,v2.3.0,2024-02-11 11:51:53,49,0.0463,0.8036,0.1337,0.5118,1008,113
RSC-2024-02341,v2.1.3,2024-11-08 00:20:50,39,0.0394,0.8265,0.1447,0.4858,1167,21
RSC-2024-02342,v2.1.4,2024-12-18 01:57:24,49,0.0352,0.8221,0.1826,0.5112,1015,37
RSC-2024-02343,v2.2.0,2024-07-19 06:47:16,46,0.0152,0.8218,0.1561,0.4785,1252,132
RSC-2024-02344,v2.3.0,2024-12-19 02:40:42,47,0.1007,0.854,0.1603,0.5196,1337,111
RSC-2024-02345,v2.2.1,2024-06-01 15:33:58,49,0.0786,0.7846,0.1622,0.5108,1148,59
RSC-2024-02346,v2.2.0,2024-12-30 00:59:06,47,0.0124,0.8216,0.1275,0.5435,866,118
RSC-2024-02347,v2.3.0,2024-03-24 13:04:59,44,0.0608,0.8129,0.1553,0.4853,1295,56
RSC-2024-02348,v2.3.0,2024-08-19 23:18:15,49,0.0176,0.8249,0.1193,0.5364,919,73
RSC-2024-02349,v2.2.1,2024-04-12 01:00:33,36,0.0186,0.8104,0.141,0.5193,1318,66
RSC-2024-02350,v2.1.3,2024-06-29 21:23:17,57,0.0142,0.8455,0.138,0.5127,1123,22
RSC-2024-02351,v2.1.4,2024-11-15 21:58:20,44,0.0174,0.8125,0.1269,0.5339,1050,23
RSC-2024-02352,v2.2.0,2024-02-19 10:21:13,46,0.0167,0.8143,0.151,0.501,1468,53
RSC-2024-02353,v2.1.4,2024-02-26 12:17:05,44,0.0403,0.8099,0.1426,0.5402,1396,120
RSC-2024-02354,v2.2.1,2024-08-14 23:59:57,53,0.0745,0.8163,0.141,0.5376,1502,117
RSC-2024-02355,v2.3.0,2024-12-07 00:50:03,56,0.0736,0.7898,0.146,0.4863,1166,46
RSC-2024-02356,v2.1.4,2024-07-19 20:06:46,38,0.0797,0.8095,0.1213,0.4765,1485,93
RSC-2024-02357,v2.1.3,2024-08-23 06:21:54,54,0.0027,0.8135,0.1499,0.5612,1002,123
RSC-2024-02358,v2.3.0,2024-04-03 07:58:02,52,0.0592,0.8056,0.1498,0.5307,979,124
RSC-2024-02359,v2.2.0,2024-11-07 10:37:19,46,0.0331,0.8009,0.1588,0.5134,1255,117
RSC-2024-02360,v2.2.1,2024-12-08 07:02:32,46,0.0087,0.8125,0.1411,0.5055,1426,108
RSC-2024-02361,v2.1.3,2024-01-10 05:47:18,50,0.0327,0.8206,0.1492,0.5141,1443,115
RSC-2024-02362,v2.2.1,2024-04-18 00:57:56,47,0.0047,0.7868,0.1179,0.5356,1384,49
RSC-2024-02363,v2.3.0,2024-08-12 13:23:42,38,0.0402,0.8025,0.1377,0.4814,944,126
RSC-2024-02364,v2.3.0,2024-04-03 03:05:54,53,0.0221,0.8326,0.1478,0.5473,1374,100
RSC-2024-02365,v2.2.0,2024-09-08 15:37:50,41,0.0621,0.7991,0.1363,0.5063,1550,64
RSC-2024-02366,v2.1.3,2024-12-13 03:21:44,48,0.0717,0.8289,0.1403,0.5276,1458,94
RSC-2024-02367,v2.1.3,2024-02-02 05:54:07,35,0.1203,0.8154,0.1552,0.5625,1100,130
RSC-2024-02368,v2.1.4,2024-01-20 07:07:34,40,0.0425,0.7881,0.1528,0.4717,1309,67
RSC-2024-02369,v2.1.3,2024-02-12 02:36:29,48,0.0259,0.8172,0.1569,0.5154,1599,114
RSC-2024-02370,v2.1.4,2024-01-19 01:01:01,36,0.0813,0.8084,0.1466,0.4919,882,66
RSC-2024-02371,v2.2.1,2024-03-11 12:02:36,39,0.0433,0.8094,0.1302,0.491,1395,44
RSC-2024-02372,v2.3.0,2024-10-19 07:43:04,48,0.0325,0.8103,0.139,0.5041,1268,80
RSC-2024-02373,v2.3.0,2024-02-19 20:38:21,36,0.0369,0.8468,0.1415,0.5002,1083,62
RSC-2024-02374,v2.1.3,2024-08-02 15:40:14,35,0.0863,0.8133,0.1595,0.5143,1050,65
RSC-2024-02375,v2.1.3,2024-10-17 07:35:58,57,0.0479,0.814,0.1516,0.5108,1425,115
RSC-2024-02376,v2.2.0,2024-02-06 16:07:32,41,0.0533,0.8112,0.139,0.5163,1384,80
RSC-2024-02377,v2.1.4,2024-09-10 00:01:40,42,0.0176,0.8064,0.1528,0.4905,830,135
RSC-2024-02378,v2.1.4,2024-11-18 06:21:38,39,0.0191,0.8343,0.1423,0.5279,1461,64
RSC-2024-02379,v2.2.0,2024-01-03 21:51:38,52,0.0289,0.7946,0.145,0.5033,903,41
RSC-2024-02380,v2.1.4,2024-03-16 12:34:45,34,0.0296,0.8358,0.1603,0.51,1083,82
RSC-2024-02381,v2.2.1,2024-04-02 04:06:40,34,0.0357,0.8125,0.1506,0.4827,870,91
RSC-2024-02382,v2.1.3,2024-08-17 21:42:31,52,0.016,0.833,0.1293,0.508,1168,45
RSC-2024-02383,v2.1.3,2024-12-02 15:22:44,44,0.0652,0.7917,0.1215,0.516,1370,58
RSC-2024-02384,v2.2.0,2024-11-20 04:47:43,53,0.0876,0.8004,0.144,0.5009,1297,75
RSC-2024-02385,v2.2.1,2024-03-06 10:02:17,49,0.0347,0.7894,0.1372,0.5143,839,134
RSC-2024-02386,v2.1.4,2024-06-14 18:25:18,52,0.0146,0.8301,0.1449,0.4728,1334,36
RSC-2024-02387,v2.2.0,2024-06-13 11:45:12,36,0.0543,0.806,0.1532,0.5017,939,71
RSC-2024-02388,v2.2.1,2024-06-27 13:36:35,41,0.0578,0.8013,0.1421,0.5414,1290,77
RSC-2024-02389,v2.2.1,2024-01-23 00:26:34,55,0.0543,0.8154,0.1272,0.5205,1433,28
RSC-2024-02390,v2.1.4,2024-10-09 02:40:44,34,0.037,0.8626,0.145,0.5203,958,24
RSC-2024-02391,v2.2.0,2024-04-27 04:52:50,48,0.0275,0.7857,0.1779,0.5031,1203,69
RSC-2024-02392,v2.3.0,2024-05-11 06:07:11,45,0.0817,0.8045,0.1426,0.5181,1081,55
RSC-2024-02393,v2.1.4,2024-10-23 01:42:00,34,0.0759,0.8268,0.156,0.4886,1432,121
RSC-2024-02394,v2.1.3,2024-08-31 00:18:10,46,0.0261,0.8059,0.175,0.5154,1437,136
RSC-2024-02395,v2.2.0,2024-02-07 04:22:31,46,0.0582,0.8083,0.1522,0.5395,1495,60
RSC-2024-02396,v2.1.3,2024-09-09 19:44:17,45,0.0612,0.8356,0.1299,0.5317,844,129
RSC-2024-02397,v2.3.0,2024-12-18 01:56:54,47,0.0351,0.8338,0.1459,0.5353,1165,44
RSC-2024-02398,v2.2.1,2024-05-07 10:06:17,44,0.0448,0.8095,0.1232,0.5091,1334,36
RSC-2024-02399,v2.1.3,2024-01-29 18:07:09,53,0.0524,0.8106,0.1527,0.5333,1201,113
RSC-2024-02400,v2.3.0,2024-06-22 17:24:19,51,0.0057,0.8064,0.1477,0.5438,1249,88
RSC-2024-02401,v2.2.0,2024-02-06 02:04:08,48,0.023,0.7936,0.1351,0.5338,1066,100
RSC-2024-02402,v2.1.3,2024-07-19 02:05:40,36,0.0681,0.7975,0.1235,0.4711,1315,97
RSC-2024-02403,v2.2.0,2024-07-16 08:30:13,50,0.0149,0.8289,0.1258,0.54,827,107
RSC-2024-02404,v2.2.1,2024-03-22 09:28:25,51,0.0318,0.7965,0.1399,0.5049,1577,85
RSC-2024-02405,v2.1.4,2024-02-14 23:26:52,49,0.0433,0.8091,0.1402,0.5234,1425,65
RSC-2024-02406,v2.1.4,2024-08-05 21:45:33,54,0.0498,0.7953,0.1576,0.5017,1409,48
RSC-2024-02407,v2.2.1,2024-10-16 03:38:39,53,0.0388,0.821,0.1282,0.5449,986,122
RSC-2024-02408,v2.3.0,2024-07-04 06:44:44,50,0.0237,0.7894,0.1452,0.5304,1038,87
RSC-2024-02409,v2.1.3,2024-01-12 14:45:15,36,0.0642,0.8206,0.1374,0.5044,1282,112
RSC-2024-02410,v2.3.0,2024-06-10 01:48:25,45,0.0456,0.8125,0.1411,0.4747,1585,68
RSC-2024-02411,v2.1.3,2024-11-30 11:04:25,40,0.0337,0.8344,0.1564,0.5207,1593,81
RSC-2024-02412,v2.2.0,2024-10-25 02:31:32,34,0.0118,0.8056,0.1433,0.5126,880,22
RSC-2024-02413,v2.2.0,2024-03-23 11:46:42,34,0.0509,0.8136,0.1395,0.507,1448,93
RSC-2024-02414,v2.2.1,2024-12-05 13:11:50,44,0.0066,0.7775,0.1459,0.5223,941,137
RSC-2024-02415,v2.1.3,2024-03-20 02:12:54,41,0.0269,0.7988,0.1293,0.5162,1278,99
RSC-2024-02416,v2.2.0,2024-11-03 07:29:13,37,0.0171,0.8161,0.1433,0.5152,809,31
RSC-2024-02417,v2.2.0,2024-04-29 23:18:16,46,0.0409,0.8247,0.1415,0.5273,1413,50
RSC-2024-02418,v2.1.3,2024-10-08 11:58:57,42,0.0125,0.8142,0.1454,0.5134,1323,84
RSC-2024-02419,v2.2.0,2024-05-10 08:06:06,46,0.0276,0.799,0.1293,0.485,940,137
RSC-2024-02420,v2.2.0,2024-10-16 12:16:50,43,0.0538,0.8193,0.1445,0.5526,1491,131
RSC-2024-02421,v2.2.1,2024-05-17 00:36:33,53,0.0197,0.7739,0.1238,0.4752,959,38
RSC-2024-02422,v2.1.3,2024-04-21 01:33:16,51,0.0935,0.819,0.1448,0.5035,838,83
RSC-2024-02423,v2.1.3,2024-08-20 05:13:23,51,0.0875,0.8589,0.1494,0.4994,1293,29
RSC-2024-02424,v2.1.3,2024-07-16 13:12:50,34,0.0552,0.8294,0.1626,0.4757,1243,24
RSC-2024-02425,v2.3.0,2024-08-03 13:16:06,36,0.0211,0.8229,0.1341,0.5316,1493,91
RSC-2024-02426,v2.2.1,2024-04-12 03:14:52,38,0.0334,0.806,0.1566,0.5346,1133,37
RSC-2024-02427,v2.1.3,2024-07-26 14:09:49,57,0.0971,0.8038,0.1593,0.5271,907,31
RSC-2024-02428,v2.2.1,2024-03-10 03:12:58,46,0.0134,0.8369,0.1272,0.5136,1383,98
RSC-2024-02429,v2.2.1,2024-11-03 00:44:54,34,0.0679,0.7948,0.1555,0.5657,1405,78
RSC-2024-02430,v2.2.0,2024-01-27 04:51:42,52,0.0449,0.7772,0.1278,0.5475,1552,134
RSC-2024-02431,v2.3.0,2024-10-30 09:47:31,47,0.0172,0.7995,0.1378,0.5165,1497,35
RSC-2024-02432,v2.2.0,2024-07-22 00:43:15,56,0.0467,0.8066,0.1345,0.4952,1283,112
RSC-2024-02433,v2.1.3,2024-08-17 17:04:37,54,0.0504,0.8048,0.127,0.5321,959,58
RSC-2024-02434,v2.1.4,2024-11-11 03:32:18,47,0.0762,0.814,0.1387,0.5164,1477,27
RSC-2024-02435,v2.3.0,2024-03-03 04:09:56,39,0.0435,0.8086,0.1499,0.492,1303,110
RSC-2024-02436,v2.1.3,2024-01-08 15:48:28,43,0.0973,0.8096,0.1503,0.5142,989,132
RSC-2024-02437,v2.1.4,2024-10-07 05:30:44,48,0.0006,0.7615,0.1495,0.4915,1039,77
RSC-2024-02438,v2.2.1,2024-02-06 00:44:01,36,0.0793,0.8386,0.1467,0.5265,827,110
RSC-2024-02439,v2.2.0,2024-10-02 09:17:31,55,0.0576,0.7921,0.129,0.5193,1085,74
RSC-2024-02440,v2.2.0,2024-11-29 13:53:19,56,0.0492,0.8244,0.1273,0.4681,1188,132
RSC-2024-02441,v2.1.3,2024-08-10 19:51:57,36,0.0566,0.8043,0.1668,0.4886,1035,89
RSC-2024-02442,v2.2.1,2024-04-16 04:26:44,49,0.0134,0.8294,0.1172,0.5162,824,27
RSC-2024-02443,v2.2.1,2024-08-08 00:40:26,55,0.0139,0.8002,0.138,0.5181,1250,132
RSC-2024-02444,v2.2.0,2024-05-03 17:23:12,36,0.0411,0.7915,0.1478,0.5142,1563,107
RSC-2024-02445,v2.1.4,2024-12-15 11:23:55,42,0.019,0.8114,0.1417,0.5359,1425,44
RSC-2024-02446,v2.1.4,2024-10-25 09:51:07,54,0.0876,0.8011,0.1584,0.5027,887,69
RSC-2024-02447,v2.1.4,2024-06-01 14:20:40,57,0.0069,0.8549,0.1497,0.5444,896,89
RSC-2024-02448,v2.1.4,2024-05-16 13:19:10,34,0.04,0.8317,0.1454,0.5052,1068,21
RSC-2024-02449,v2.2.0,2024-03-12 10:49:51,53,0.0355,0.811,0.1433,0.4982,851,94
RSC-2024-02450,v2.2.0,2024-06-22 18:40:30,35,0.0594,0.7803,0.1626,0.5033,1350,138
RSC-2024-02451,v2.2.1,2024-08-27 12:46:14,54,0.0792,0.7929,0.1659,0.5016,1419,86
RSC-2024-02452,v2.3.0,2024-09-08 21:27:54,48,0.1149,0.8081,0.1577,0.4855,1523,61
RSC-2024-02453,v2.1.4,2024-11-15 07:37:41,44,0.0769,0.7924,0.1286,0.5242,1001,104
RSC-2024-02454,v2.1.4,2024-10-30 16:47:44,47,0.0685,0.8021,0.1357,0.5048,833,127
RSC-2024-02455,v2.3.0,2024-10-25 17:45:18,55,0.0114,0.8116,0.1579,0.5226,1190,92
RSC-2024-02456,v2.2.1,2024-11-10 06:42:11,57,0.0448,0.8236,0.1425,0.4994,817,96
RSC-2024-02457,v2.2.0,2024-08-10 04:00:04,55,0.0535,0.8128,0.1435,0.5109,1463,33
RSC-2024-02458,v2.1.4,2024-03-07 20:50:00,54,0.0521,0.8499,0.1612,0.5052,1219,64
RSC-2024-02459,v2.2.1,2024-08-25 06:26:16,56,0.0079,0.8046,0.1334,0.5204,1225,22
RSC-2024-02460,v2.2.1,2024-05-18 16:05:23,46,0.0201,0.7968,0.1272,0.5073,1408,115
RSC-2024-02461,v2.1.4,2024-12-08 22:59:02,35,0.0163,0.8204,0.1126,0.5285,1218,118
RSC-2024-02462,v2.1.4,2024-08-30 03:54:44,47,0.0391,0.8247,0.1446,0.5208,1576,49
RSC-2024-02463,v2.1.3,2024-09-07 13:08:21,45,0.0908,0.8272,0.1368,0.5168,1466,75
RSC-2024-02464,v2.2.1,2024-07-23 09:16:14,56,0.0777,0.8446,0.1508,0.5299,975,43
RSC-2024-02465,v2.1.3,2024-10-26 01:07:47,38,0.0084,0.8271,0.1228,0.54,1112,120
RSC-2024-02466,v2.3.0,2024-07-06 06:12:03,46,0.0368,0.8121,0.1439,0.5358,976,76
RSC-2024-02467,v2.1.4,2024-07-29 16:01:04,53,0.0354,0.8444,0.166,0.4877,1033,94
RSC-2024-02468,v2.2.0,2024-11-13 19:51:21,49,0.0638,0.7973,0.1656,0.4853,1004,21
RSC-2024-02469,v2.2.0,2024-03-14 04:55:38,36,0.0293,0.806,0.1238,0.5308,887,79
RSC-2024-02470,v2.3.0,2024-08-09 10:55:07,40,0.0831,0.7996,0.1444,0.4905,1014,22
RSC-2024-02471,v2.1.4,2024-07-09 04:56:12,35,0.041,0.7995,0.1413,0.4953,806,139
RSC-2024-02472,v2.2.1,2024-05-08 01:27:40,54,0.0445,0.7898,0.1357,0.5057,809,122
RSC-2024-02473,v2.1.3,2024-09-04 21:08:12,39,0.0374,0.8111,0.1327,0.5491,1119,55
RSC-2024-02474,v2.2.0,2024-09-29 07:49:24,37,0.0551,0.8278,0.1455,0.5075,1107,135
RSC-2024-02475,v2.3.0,2024-09-30 13:52:54,49,0.0486,0.8036,0.1438,0.4831,1556,79
RSC-2024-02476,v2.2.0,2024-07-14 06:57:21,47,0.0429,0.8031,0.1423,0.4579,1289,96
RSC-2024-02477,v2.1.3,2024-02-28 19:02:12,44,0.0193,0.7845,0.1539,0.5229,1102,122
RSC-2024-02478,v2.1.3,2024-09-05 10:20:29,39,0.0411,0.8202,0.1463,0.5449,1404,73
RSC-2024-02479,v2.1.3,2024-10-30 00:01:22,54,0.0131,0.7973,0.1506,0.5215,1499,35
RSC-2024-02480,v2.3.0,2024-05-03 03:21:01,35,0.0715,0.7978,0.1437,0.5128,1049,100
RSC-2024-02481,v2.1.4,2024-07-20 22:34:01,45,0.0119,0.8135,0.156,0.5094,1087,60
RSC-2024-02482,v2.3.0,2024-05-21 03:53:36,35,0.0238,0.8084,0.1413,0.5564,1588,102
RSC-2024-02483,v2.1.3,2024-10-24 04:31:34,37,0.0744,0.8058,0.1544,0.524,1374,135
RSC-2024-02484,v2.1.3,2024-12-17 17:13:05,37,0.0166,0.8425,0.1456,0.511,1566,68
RSC-2024-02485,v2.3.0,2024-04-27 06:05:36,43,0.0087,0.8172,0.1072,0.5091,1251,120
RSC-2024-02486,v2.1.4,2024-06-19 18:36:30,37,0.038,0.8476,0.1253,0.5281,1542,55
RSC-2024-02487,v2.3.0,2024-04-22 05:20:44,44,0.0401,0.8153,0.1428,0.5255,1460,85
RSC-2024-02488,v2.3.0,2024-02-16 13:26:16,43,0.0119,0.7974,0.1616,0.5151,955,31
RSC-2024-02489,v2.2.0,2024-12-28 17:31:05,57,0.0465,0.7987,0.1466,0.517,936,111
RSC-2024-02490,v2.2.1,2024-07-23 08:02:05,43,0.0655,0.796,0.1419,0.5058,1259,126
RSC-2024-02491,v2.3.0,2024-06-04 14:08:04,37,0.074,0.8269,0.1343,0.5187,1208,84
RSC-2024-02492,v2.3.0,2024-03-14 16:31:47,44,0.0324,0.84,0.1509,0.5121,1362,95
RSC-2024-02493,v2.3.0,2024-12-26 03:02:59,40,0.0442,0.809,0.1627,0.4956,1411,79
RSC-2024-02494,v2.2.1,2024-09-05 10:13:54,39,0.0667,0.7948,0.1327,0.4646,874,101
RSC-2024-02495,v2.3.0,2024-06-08 21:52:55,56,0.0065,0.8062,0.1434,0.4955,1503,61
RSC-2024-02496,v2.2.0,2024-05-31 07:18:35,42,0.0103,0.8381,0.128,0.4927,1210,111
RSC-2024-02497,v2.3.0,2024-09-09 21:59:38,55,0.0339,0.8076,0.1444,0.5163,980,94
RSC-2024-02498,v2.1.3,2024-02-11 11:47:03,36,0.0463,0.8315,0.1356,0.5059,801,56
RSC-2024-02499,v2.3.0,2024-01-29 19:05:09,42,0.0481,0.8212,0.1487,0.4809,1177,75
RSC-2024-02500,v2.2.0,2024-02-12 10:25:21,56,0.0099,0.7641,0.1372,0.4804,1118,78
RSC-2024-02501,v2.1.3,2024-08-28 02:20:56,35,0.0347,0.8138,0.1533,0.4955,824,20
RSC-2024-02502,v2.3.0,2024-06-07 15:10:16,44,0.0651,0.7948,0.1429,0.5069,1081,76
RSC-2024-02503,v2.3.0,2024-12-25 05:16:43,48,0.0225,0.8134,0.1482,0.5318,1312,105
RSC-2024-02504,v2.2.0,2024-04-22 19:08:45,56,0.0022,0.8043,0.157,0.4965,1194,30
RSC-2024-02505,v2.2.1,2024-06-22 20:24:48,46,0.032,0.8084,0.1445,0.4948,921,138
RSC-2024-02506,v2.1.3,2024-03-27 01:00:20,47,0.0599,0.8114,0.1255,0.5328,1363,78
RSC-2024-02507,v2.1.4,2024-04-15 09:38:09,40,0.0447,0.8228,0.1336,0.5212,889,52
RSC-2024-02508,v2.1.4,2024-05-18 22:57:24,47,0.0495,0.8062,0.142,0.4964,865,135
RSC-2024-02509,v2.1.4,2024-05-17 21:09:26,48,0.0849,0.8068,0.1269,0.4975,1230,27
RSC-2024-02510,v2.2.0,2024-07-07 14:59:54,49,0.0411,0.8307,0.1476,0.4917,1320,124
RSC-2024-02511,v2.2.0,2024-07-19 13:29:07,38,0.0077,0.8102,0.1575,0.5221,1575,72
RSC-2024-02512,v2.1.3,2024-07-16 22:11:42,52,0.0216,0.8002,0.147,0.5177,1391,95
RSC-2024-02513,v2.3.0,2024-02-04 22:53:41,48,0.0505,0.8093,0.1401,0.5044,1488,29
RSC-2024-02514,v2.1.3,2024-06-28 02:30:28,48,0.082,0.7795,0.151,0.5233,1445,82
RSC-2024-02515,v2.2.0,2024-03-13 02:37:20,39,0.0222,0.8163,0.1167,0.5222,862,121
RSC-2024-02516,v2.1.4,2024-08-30 03:53:46,56,0.0539,0.7977,0.1695,0.4869,1089,55
RSC-2024-02517,v2.2.1,2024-05-26 03:33:33,34,0.089,0.802,0.149,0.5409,1366,31
RSC-2024-02518,v2.1.3,2024-04-17 04:48:41,43,0.0547,0.833,0.1332,0.5182,1259,88
RSC-2024-02519,v2.1.4,2024-07-04 06:04:37,44,0.0341,0.8226,0.1252,0.5489,1514,126
RSC-2024-02520,v2.1.3,2024-02-20 06:23:39,35,0.022,0.8003,0.1426,0.4907,975,69
RSC-2024-02521,v2.1.4,2024-09-02 03:06:50,53,0.0381,0.8008,0.1221,0.5176,934,32
RSC-2024-02522,v2.2.1,2024-04-04 04:19:51,37,0.0251,0.7841,0.154,0.5023,1131,72
RSC-2024-02523,v2.3.0,2024-04-13 03:01:07,49,0.0122,0.7952,0.1609,0.5465,1364,120
RSC-2024-02524,v2.3.0,2024-05-06 17:08:08,51,0.0436,0.824,0.1405,0.5071,1518,137
RSC-2024-02525,v2.3.0,2024-03-18 01:50:20,41,0.055,0.8206,0.1405,0.5293,1363,115
RSC-2024-02526,v2.2.1,2024-02-04 16:59:48,35,0.0212,0.8309,0.1642,0.4967,827,111
RSC-2024-02527,v2.1.3,2024-02-29 19:03:12,50,0.0397,0.7855,0.1207,0.5008,1124,81
RSC-2024-02528,v2.1.3,2024-08-25 20:46:28,49,0.0217,0.8113,0.1531,0.5234,1229,139
RSC-2024-02529,v2.1.3,2024-11-01 06:05:21,40,0.0609,0.8217,0.1354,0.5194,1004,21
RSC-2024-02530,v2.1.4,2024-10-02 00:04:03,51,0.072,0.8047,0.129,0.5056,856,74
RSC-2024-02531,v2.2.0,2024-03-23 15:12:21,45,0.0249,0.8013,0.1503,0.4979,1133,20
RSC-2024-02532,v2.2.0,2024-11-19 07:56:56,53,0.0106,0.8109,0.1496,0.5018,856,111
RSC-2024-02533,v2.2.0,2024-12-08 23:18:23,40,0.0247,0.8218,0.1447,0.5316,1581,60
RSC-2024-02534,v2.1.4,2024-02-28 09:49:40,41,0.0106,0.7931,0.1326,0.4886,1156,84
RSC-2024-02535,v2.2.0,2024-05-30 20:51:40,43,0.0879,0.8409,0.123,0.4902,1562,98
RSC-2024-02536,v2.2.1,2024-12-23 06:43:26,42,0.0526,0.8131,0.1292,0.4896,975,74
RSC-2024-02537,v2.1.4,2024-07-29 04:05:07,36,0.0316,0.8011,0.174,0.506,1554,76
RSC-2024-02538,v2.3.0,2024-11-14 23:48:36,47,0.0293,0.829,0.1603,0.5375,1125,74
RSC-2024-02539,v2.2.1,2024-08-22 06:55:12,47,0.0274,0.8158,0.1524,0.4973,1597,40
RSC-2024-02540,v2.2.1,2024-08-26 02:27:37,37,0.0566,0.8482,0.1327,0.5186,1286,22
RSC-2024-02541,v2.1.4,2024-04-23 17:57:30,46,0.0838,0.8209,0.1451,0.5194,1107,124
RSC-2024-02542,v2.2.0,2024-12-14 04:39:15,51,0.0491,0.7704,0.1438,0.5061,1055,72
RSC-2024-02543,v2.2.1,2024-07-31 22:46:51,36,0.0254,0.7998,0.1319,0.5031,1368,137
RSC-2024-02544,v2.1.3,2024-01-06 13:43:53,44,0.055,0.8129,0.1698,0.5089,915,23
RSC-2024-02545,v2.2.1,2024-08-14 09:35:43,56,0.0031,0.804,0.1716,0.4988,1134,124
RSC-2024-02546,v2.2.1,2024-01-07 10:23:13,57,0.0567,0.7942,0.1319,0.457,1545,49
RSC-2024-02547,v2.2.0,2024-04-16 19:29:22,38,0.0896,0.8315,0.1421,0.478,1590,66
RSC-2024-02548,v2.2.0,2024-12-24 23:17:05,40,0.1034,0.8029,0.1258,0.5219,929,32
RSC-2024-02549,v2.1.3,2024-06-20 07:26:00,37,0.0475,0.8189,0.1104,0.5116,1574,74
RSC-2024-02550,v2.3.0,2024-09-25 13:09:30,52,0.0126,0.7845,0.1597,0.5339,1365,110
RSC-2024-02551,v2.3.0,2024-04-04 19:55:49,36,0.0438,0.8146,0.1482,0.5175,1352,43
RSC-2024-02552,v2.1.3,2024-02-27 17:49:11,43,0.0433,0.8169,0.1432,0.5213,888,56
RSC-2024-02553,v2.3.0,2024-02-19 15:31:51,41,0.0239,0.8118,0.1369,0.4879,1446,95
RSC-2024-02554,v2.1.3,2024-03-08 06:04:37,57,0.0353,0.8316,0.1551,0.4788,1363,116
RSC-2024-02555,v2.2.0,2024-12-11 14:47:58,55,0.0126,0.8331,0.1352,0.5101,1435,99
RSC-2024-02556,v2.2.1,2024-04-26 23:47:15,36,0.0452,0.809,0.1509,0.5291,1149,71
RSC-2024-02557,v2.1.3,2024-12-13 00:10:17,41,0.0121,0.794,0.1521,0.5134,1231,67
RSC-2024-02558,v2.2.0,2024-06-10 21:06:22,38,0.0411,0.8097,0.1464,0.4804,881,102
RSC-2024-02559,v2.3.0,2024-07-31 14:57:20,53,0.026,0.8171,0.137,0.5327,1423,89
RSC-2024-02560,v2.2.0,2024-07-14 21:33:04,43,0.015,0.8021,0.156,0.5243,1085,41
RSC-2024-02561,v2.2.1,2024-07-27 06:42:24,53,0.0382,0.7953,0.1634,0.5134,1123,29
RSC-2024-02562,v2.2.1,2024-11-16 06:18:09,40,0.0264,0.7959,0.1332,0.5379,1551,55
RSC-2024-02563,v2.3.0,2024-03-15 18:44:15,52,0.025,0.8001,0.1501,0.5212,995,58
RSC-2024-02564,v2.3.0,2024-05-08 12:39:08,39,0.0132,0.8351,0.1187,0.5048,1143,89
RSC-2024-02565,v2.1.3,2024-10-05 04:01:10,50,0.0246,0.8246,0.1525,0.5168,1031,133
RSC-2024-02566,v2.3.0,2024-10-07 12:01:31,57,0.0339,0.8367,0.149,0.5194,1522,86
RSC-2024-02567,v2.3.0,2024-03-12 12:53:45,55,0.0593,0.8293,0.149,0.4929,998,115
RSC-2024-02568,v2.1.3,2024-04-30 18:23:50,41,0.035,0.7727,0.1052,0.5382,1314,131
RSC-2024-02569,v2.2.0,2024-11-15 13:16:01,51,0.0206,0.799,0.1371,0.5061,1490,105
RSC-2024-02570,v2.2.0,2024-10-23 12:29:44,46,0.0244,0.8124,0.1408,0.4957,934,109
RSC-2024-02571,v2.2.0,2024-07-09 19:06:07,54,0.0329,0.792,0.1524,0.4896,1543,97
RSC-2024-02572,v2.2.1,2024-09-21 06:47:40,43,0.1283,0.8162,0.1528,0.4831,1088,59
RSC-2024-02573,v2.2.0,2024-07-03 14:27:18,44,0.0637,0.8064,0.1635,0.511,1219,38
RSC-2024-02574,v2.2.0,2024-10-25 09:11:29,51,0.076,0.7941,0.1264,0.4955,1171,24
RSC-2024-02575,v2.2.1,2024-09-20 16:31:46,42,0.0659,0.825,0.1216,0.5204,980,52
RSC-2024-02576,v2.3.0,2024-07-02 05:09:14,35,0.0209,0.7982,0.1473,0.5324,975,45
RSC-2024-02577,v2.2.0,2024-06-14 03:41:35,57,0.0544,0.811,0.1485,0.5146,1203,52
RSC-2024-02578,v2.2.0,2024-09-09 18:15:25,46,0.1031,0.8281,0.1615,0.5303,1398,38
RSC-2024-02579,v2.2.1,2024-10-17 00:43:35,51,0.0899,0.8264,0.1645,0.53,1301,21
RSC-2024-02580,v2.2.1,2024-11-25 11:32:11,48,0.0113,0.8157,0.1482,0.5357,1455,109
RSC-2024-02581,v2.1.3,2024-10-03 08:58:43,42,0.0329,0.7931,0.1235,0.542,860,61
RSC-2024-02582,v2.2.1,2024-08-19 19:25:24,42,0.0131,0.8008,0.1239,0.5002,1373,78
RSC-2024-02583,v2.2.0,2024-11-06 04:09:12,38,0.0419,0.8124,0.1321,0.5003,1312,40
RSC-2024-02584,v2.2.0,2024-04-10 14:05:21,56,0.0218,0.7945,0.1508,0.5227,1147,55
RSC-2024-02585,v2.2.1,2024-02-11 04:10:59,35,0.0088,0.7945,0.1499,0.4804,1037,40
RSC-2024-02586,v2.1.3,2024-10-01 16:23:05,57,0.0291,0.8042,0.1629,0.5311,980,111
RSC-2024-02587,v2.2.0,2024-10-10 22:16:08,56,0.0303,0.8249,0.1452,0.5236,1218,97
RSC-2024-02588,v2.2.1,2024-04-11 05:46:36,34,0.0351,0.8153,0.1547,0.5013,999,120
RSC-2024-02589,v2.3.0,2024-05-05 06:03:18,37,0.005,0.8085,0.1347,0.5003,1071,135
RSC-2024-02590,v2.1.4,2024-01-21 16:32:52,56,0.0117,0.7997,0.1502,0.5249,958,85
RSC-2024-02591,v2.1.4,2024-08-08 00:20:01,51,0.1122,0.7902,0.1383,0.4974,858,70
RSC-2024-02592,v2.1.4,2024-07-06 07:38:05,47,0.0382,0.8216,0.1553,0.5156,1108,43
RSC-2024-02593,v2.2.0,2024-10-20 04:33:47,42,0.0343,0.8308,0.1338,0.5449,1187,122
RSC-2024-02594,v2.2.1,2024-05-17 11:58:58,51,0.0342,0.823,0.1393,0.487,857,46
RSC-2024-02595,v2.1.3,2024-10-23 17:28:20,46,0.037,0.8124,0.1291,0.4955,938,85
RSC-2024-02596,v2.3.0,2024-06-09 14:35:12,42,0.0559,0.8065,0.1415,0.5379,957,28
RSC-2024-02597,v2.3.0,2024-11-20 00:08:21,44,0.0532,0.8512,0.1486,0.5536,1396,61
RSC-2024-02598,v2.2.1,2024-01-15 19:56:28,41,0.0194,0.8187,0.1439,0.4815,1524,35
RSC-2024-02599,v2.3.0,2024-07-12 09:20:56,44,0.0232,0.831,0.1508,0.5228,1076,20
RSC-2024-02600,v2.1.4,2024-06-07 18:56:16,41,0.0228,0.8129,0.1475,0.5028,1110,86
RSC-2024-02601,v2.2.0,2024-03-03 21:06:04,54,0.0256,0.8091,0.1203,0.5303,1290,91
RSC-2024-02602,v2.1.3,2024-05-12 14:53:56,46,0.0944,0.8058,0.1538,0.4819,1175,53
RSC-2024-02603,v2.2.1,2024-11-22 16:59:07,50,0.0477,0.797,0.136,0.4724,1278,77
RSC-2024-02604,v2.1.4,2024-11-23 13:56:40,48,0.031,0.798,0.1459,0.5052,1391,22
RSC-2024-02605,v2.1.3,2024-12-21 05:18:25,40,0.022,0.8219,0.1387,0.5106,1112,81
RSC-2024-02606,v2.2.1,2024-04-25 13:12:02,45,0.0316,0.7832,0.1517,0.5359,1562,59
RSC-2024-02607,v2.2.0,2024-08-19 05:55:03,40,0.0403,0.8513,0.1451,0.5016,805,89
RSC-2024-02608,v2.1.3,2024-04-21 20:46:35,52,0.0359,0.8038,0.14,0.5378,848,62
RSC-2024-02609,v2.1.3,2024-08-08 07:26:41,52,0.0356,0.793,0.1224,0.5394,1132,135
RSC-2024-02610,v2.2.1,2024-06-23 04:38:18,51,0.0027,0.854,0.1454,0.545,1442,65
RSC-2024-02611,v2.3.0,2024-08-28 15:58:10,47,0.0474,0.8185,0.1646,0.5298,1415,99
RSC-2024-02612,v2.2.1,2024-09-28 05:04:28,41,0.0308,0.8402,0.1382,0.5369,1505,136
RSC-2024-02613,v2.3.0,2024-01-06 05:00:49,46,0.0309,0.8076,0.1266,0.5213,1031,47
RSC-2024-02614,v2.2.0,2024-01-20 09:15:16,57,0.1359,0.8411,0.1635,0.5229,1311,53
RSC-2024-02615,v2.1.4,2024-01-09 10:03:55,36,0.0202,0.7826,0.1493,0.5065,1219,30
RSC-2024-02616,v2.2.0,2024-07-19 15:13:22,49,0.0765,0.8563,0.1504,0.506,1440,67
RSC-2024-02617,v2.1.3,2024-01-18 00:44:10,47,0.0646,0.7799,0.1261,0.4844,1561,47
RSC-2024-02618,v2.1.4,2024-06-11 18:24:59,54,0.0593,0.8147,0.1366,0.5047,1287,100
RSC-2024-02619,v2.2.1,2024-07-11 06:17:56,42,0.0665,0.8227,0.1412,0.5187,1245,48
RSC-2024-02620,v2.1.4,2024-09-05 18:45:41,37,0.0104,0.821,0.1415,0.4981,800,52
RSC-2024-02621,v2.3.0,2024-09-03 09:32:09,41,0.0196,0.8121,0.145,0.5293,1034,95
RSC-2024-02622,v2.1.3,2024-04-30 23:02:56,39,0.111,0.822,0.1694,0.4826,836,80
RSC-2024-02623,v2.3.0,2024-07-26 02:01:13,41,0.0428,0.8011,0.1473,0.5092,1390,31
RSC-2024-02624,v2.2.0,2024-08-13 13:19:00,37,0.0462,0.8332,0.1537,0.5115,1338,87
RSC-2024-02625,v2.2.0,2024-10-14 03:07:23,46,0.0809,0.7926,0.1549,0.5182,855,35
RSC-2024-02626,v2.1.4,2024-07-18 00:12:24,56,0.0271,0.8094,0.1366,0.5162,1077,114
RSC-2024-02627,v2.2.1,2024-12-06 00:54:25,49,0.0042,0.7802,0.1467,0.5025,1176,46
RSC-2024-02628,v2.1.4,2024-06-24 08:47:03,34,0.0237,0.8099,0.1523,0.4909,1200,115
RSC-2024-02629,v2.1.3,2024-10-04 18:36:44,40,0.0167,0.8217,0.1438,0.5267,1122,41
RSC-2024-02630,v2.1.4,2024-08-29 16:29:34,57,0.031,0.7941,0.1401,0.5495,1135,106
RSC-2024-02631,v2.1.4,2024-04-07 20:37:31,39,0.0857,0.8136,0.1716,0.4944,1027,133
RSC-2024-02632,v2.1.3,2024-03-18 00:11:29,39,0.0191,0.8285,0.1505,0.5037,1051,67
RSC-2024-02633,v2.1.3,2024-11-25 00:44:11,37,0.0489,0.7922,0.1379,0.5243,1263,115
RSC-2024-02634,v2.2.1,2024-08-20 11:32:44,34,0.0646,0.7975,0.138,0.5192,813,54
RSC-2024-02635,v2.1.4,2024-11-28 13:56:54,55,0.0378,0.7834,0.1603,0.5188,1384,94
RSC-2024-02636,v2.2.0,2024-05-16 14:26:40,42,0.015,0.8236,0.1301,0.5127,1233,74
RSC-2024-02637,v2.1.4,2024-12-21 08:55:19,41,0.0364,0.7979,0.1425,0.507,1398,135
RSC-2024-02638,v2.1.4,2024-04-26 02:13:26,44,0.0534,0.8063,0.1503,0.5146,904,136
RSC-2024-02639,v2.2.1,2024-10-27 22:09:17,37,0.1068,0.8264,0.1475,0.5009,913,47
RSC-2024-02640,v2.1.4,2024-07-11 03:13:31,53,0.1088,0.767,0.1308,0.4911,1096,108
RSC-2024-02641,v2.1.3,2024-01-10 13:47:55,49,0.0081,0.8152,0.1538,0.4654,857,119
RSC-2024-02642,v2.1.4,2024-06-19 05:39:20,36,0.0468,0.8184,0.1431,0.5225,1407,34
RSC-2024-02643,v2.2.0,2024-08-27 02:21:39,42,0.0106,0.8017,0.157,0.5116,1095,138
RSC-2024-02644,v2.2.1,2024-07-20 14:47:07,39,0.0322,0.8231,0.1477,0.539,1417,64
RSC-2024-02645,v2.2.1,2024-12-29 05:57:38,51,0.0141,0.7899,0.1433,0.5233,918,25
RSC-2024-02646,v2.3.0,2024-01-03 16:23:16,42,0.0092,0.804,0.1409,0.515,1553,116
RSC-2024-02647,v2.2.0,2024-04-05 20:16:57,43,0.0404,0.8188,0.1416,0.5055,846,38
RSC-2024-02648,v2.2.0,2024-12-01 06:11:29,53,0.0455,0.7703,0.1339,0.4712,1423,43
RSC-2024-02649,v2.3.0,2024-02-09 13:19:34,49,0.0629,0.8257,0.1618,0.4971,1073,70
RSC-2024-02650,v2.2.0,2024-06-25 21:23:20,47,0.0762,0.8269,0.132,0.5416,1211,21
RSC-2024-02651,v2.1.4,2024-01-07 17:41:38,43,0.0399,0.8159,0.149,0.5345,952,81
RSC-2024-02652,v2.1.3,2024-12-18 05:15:08,43,0.0427,0.8201,0.1619,0.4959,1597,103
RSC-2024-02653,v2.1.3,2024-10-16 14:31:13,36,0.0396,0.816,0.1434,0.5188,1115,138
RSC-2024-02654,v2.2.1,2024-04-08 04:40:29,52,0.0429,0.8184,0.1505,0.4988,979,84
RSC-2024-02655,v2.1.3,2024-06-16 18:46:11,38,0.0256,0.8241,0.1733,0.5052,1179,61
RSC-2024-02656,v2.3.0,2024-09-16 06:32:58,55,0.0162,0.8222,0.1396,0.5229,1384,80
RSC-2024-02657,v2.2.0,2024-10-14 12:43:23,43,0.0247,0.8509,0.1388,0.5029,1473,66
RSC-2024-02658,v2.1.4,2024-06-13 00:01:55,57,0.0294,0.8116,0.1523,0.5028,1175,36
RSC-2024-02659,v2.2.0,2024-02-06 01:24:33,41,0.0157,0.8312,0.1399,0.5161,1341,124
RSC-2024-02660,v2.2.1,2024-07-17 22:24:03,49,0.0095,0.7839,0.1356,0.4819,1259,36
RSC-2024-02661,v2.2.1,2024-07-06 11:22:16,46,0.0555,0.8388,0.1365,0.5241,1057,20
RSC-2024-02662,v2.2.1,2024-08-06 00:33:18,39,0.0561,0.824,0.1481,0.5108,1377,132
RSC-2024-02663,v2.1.3,2024-07-13 02:59:26,45,0.031,0.7916,0.1363,0.5117,1197,100
RSC-2024-02664,v2.1.4,2024-02-02 19:58:23,47,0.0786,0.8222,0.1577,0.5151,1148,76
RSC-2024-02665,v2.1.3,2024-02-05 19:44:25,53,0.0258,0.8182,0.1454,0.5233,826,48
RSC-2024-02666,v2.2.1,2024-07-28 07:55:09,53,0.0645,0.7803,0.1566,0.4854,913,58
RSC-2024-02667,v2.2.0,2024-10-03 20:45:49,37,0.0451,0.8322,0.141,0.4983,1304,21
RSC-2024-02668,v2.2.0,2024-10-24 01:12:37,39,0.0182,0.8477,0.1169,0.5329,1018,80
RSC-2024-02669,v2.1.3,2024-01-08 18:18:28,54,0.0587,0.8369,0.165,0.4955,1003,134
RSC-2024-02670,v2.1.4,2024-03-21 04:31:34,36,0.0563,0.8165,0.1572,0.5227,1315,68
RSC-2024-02671,v2.3.0,2024-01-18 11:54:25,54,0.0609,0.8292,0.128,0.5157,1119,137
RSC-2024-02672,v2.3.0,2024-03-02 22:34:32,48,0.0333,0.8242,0.1452,0.4967,1100,77
RSC-2024-02673,v2.3.0,2024-09-29 02:52:15,47,0.0377,0.7854,0.1403,0.4946,1252,103
RSC-2024-02674,v2.3.0,2024-06-22 00:40:57,46,0.0394,0.829,0.1489,0.4972,1457,56
RSC-2024-02675,v2.1.3,2024-02-13 05:56:44,52,0.0293,0.7841,0.1486,0.5451,1057,84
RSC-2024-02676,v2.2.0,2024-04-26 10:41:19,56,0.0423,0.8011,0.1381,0.5336,1057,116
RSC-2024-02677,v2.3.0,2024-08-07 06:49:54,56,0.0302,0.794,0.1549,0.5248,1541,76
RSC-2024-02678,v2.2.0,2024-04-24 20:33:20,35,0.0429,0.8121,0.1406,0.5407,1450,108
RSC-2024-02679,v2.2.0,2024-12-24 08:01:40,53,0.0267,0.7879,0.1405,0.5112,1593,25
RSC-2024-02680,v2.1.4,2024-05-17 05:26:36,38,0.0462,0.8421,0.1411,0.5184,1494,100
RSC-2024-02681,v2.3.0,2024-02-13 23:59:52,45,0.0262,0.8033,0.1543,0.5019,1241,97
RSC-2024-02682,v2.1.4,2024-02-03 03:03:55,49,0.0368,0.8044,0.1433,0.5344,1573,96
RSC-2024-02683,v2.2.0,2024-04-09 22:05:46,40,0.0485,0.8253,0.1515,0.5255,1428,31
RSC-2024-02684,v2.2.1,2024-02-17 09:10:06,50,0.0282,0.8002,0.1474,0.5118,1314,35
RSC-2024-02685,v2.1.3,2024-07-29 10:46:00,43,0.0112,0.8336,0.13,0.4966,888,100
RSC-2024-02686,v2.1.4,2024-11-10 22:59:42,35,0.0292,0.7795,0.14,0.5154,1364,123
RSC-2024-02687,v2.1.3,2024-05-19 17:20:02,52,0.0794,0.7921,0.1635,0.4913,1178,21
RSC-2024-02688,v2.2.1,2024-06-13 09:16:51,56,0.0618,0.8054,0.1308,0.5027,841,62
RSC-2024-02689,v2.2.0,2024-05-04 09:34:13,42,0.0604,0.8179,0.1527,0.5031,1573,59
RSC-2024-02690,v2.1.3,2024-03-11 06:04:49,46,0.0844,0.7961,0.1657,0.488,889,115
RSC-2024-02691,v2.1.4,2024-03-01 21:10:12,49,0.0861,0.8297,0.1468,0.5307,1479,93
RSC-2024-02692,v2.1.3,2024-12-16 14:10:07,42,0.0862,0.8178,0.1492,0.5329,1460,123
RSC-2024-02693,v2.1.4,2024-11-25 00:08:46,52,0.0527,0.8394,0.1288,0.5312,1216,39
RSC-2024-02694,v2.3.0,2024-02-20 00:33:25,45,0.0447,0.8095,0.1387,0.5081,1425,134
RSC-2024-02695,v2.1.4,2024-04-05 14:32:56,38,0.0449,0.8286,0.1381,0.5234,1090,79
RSC-2024-02696,v2.1.3,2024-10-13 13:20:27,40,0.0367,0.8235,0.1368,0.4746,1164,79
RSC-2024-02697,v2.1.4,2024-02-03 20:35:49,50,0.0562,0.7876,0.1362,0.5146,1508,43
RSC-2024-02698,v2.1.3,2024-12-12 21:53:57,52,0.018,0.833,0.1394,0.525,1487,22
RSC-2024-02699,v2.1.3,2024-05-07 22:44:58,51,0.0059,0.7988,0.1266,0.5211,1576,29
RSC-2024-02700,v2.1.3,2024-09-28 05:16:33,38,0.016,0.8502,0.1651,0.495,1433,54
RSC-2024-02701,v2.2.1,2024-06-22 05:07:35,39,0.0352,0.81,0.1427,0.5083,1247,84
RSC-2024-02702,v2.2.1,2024-10-10 13:21:23,57,0.0061,0.8271,0.1381,0.5128,1295,54
RSC-2024-02703,v2.2.1,2024-06-19 05:02:53,51,0.0347,0.8019,0.1428,0.5222,910,31
RSC-2024-02704,v2.1.3,2024-02-06 11:30:00,45,0.011,0.8033,0.1529,0.5042,1464,111
RSC-2024-02705,v2.1.3,2024-07-24 00:10:09,34,0.0117,0.8218,0.1518,0.5281,1438,94
RSC-2024-02706,v2.1.3,2024-06-29 16:42:54,55,0.0628,0.832,0.1519,0.5048,1466,36
RSC-2024-02707,v2.2.1,2024-04-29 10:31:28,38,0.0093,0.8365,0.1254,0.4793,1260,47
RSC-2024-02708,v2.1.4,2024-02-17 14:35:16,50,0.0198,0.8062,0.1161,0.5391,1521,101
RSC-2024-02709,v2.1.3,2024-07-13 09:15:02,40,0.0334,0.8419,0.1253,0.488,863,122
RSC-2024-02710,v2.2.0,2024-10-19 21:20:54,38,0.0857,0.8111,0.1561,0.5384,953,98
RSC-2024-02711,v2.2.1,2024-03-17 07:21:22,48,0.0473,0.828,0.1591,0.5381,1020,61
RSC-2024-02712,v2.2.1,2024-04-01 10:12:27,37,0.0317,0.7878,0.1599,0.5286,1160,136
RSC-2024-02713,v2.1.4,2024-06-14 03:31:44,46,0.039,0.8277,0.1482,0.511,1046,86
RSC-2024-02714,v2.1.4,2024-03-03 23:21:50,55,0.0796,0.7935,0.1684,0.4937,1191,81
RSC-2024-02715,v2.2.1,2024-01-21 09:45:51,39,0.0243,0.7955,0.1454,0.5253,1523,55
RSC-2024-02716,v2.3.0,2024-10-30 23:14:57,38,0.0282,0.8104,0.146,0.5263,930,113
RSC-2024-02717,v2.3.0,2024-01-23 23:34:43,50,0.0034,0.8184,0.1512,0.5134,942,94
RSC-2024-02718,v2.1.4,2024-03-06 16:31:22,47,0.0307,0.8298,0.1394,0.4979,1302,25
RSC-2024-02719,v2.2.1,2024-07-31 21:48:38,56,0.0666,0.8417,0.1313,0.4807,1288,43
RSC-2024-02720,v2.2.0,2024-09-25 09:54:36,36,0.0752,0.8028,0.1485,0.5116,822,59
RSC-2024-02721,v2.2.1,2024-01-16 17:25:00,47,0.0671,0.7976,0.139,0.4992,970,27
RSC-2024-02722,v2.2.0,2024-02-04 09:55:40,37,0.0177,0.8261,0.1538,0.525,974,136
RSC-2024-02723,v2.1.3,2024-09-28 21:05:45,41,0.0188,0.823,0.1598,0.5174,1552,138
RSC-2024-02724,v2.1.4,2024-11-26 22:12:48,34,0.014,0.8054,0.1449,0.5346,1484,132
RSC-2024-02725,v2.2.0,2024-07-28 11:29:34,41,0.0541,0.8028,0.1408,0.5485,1448,88
RSC-2024-02726,v2.2.1,2024-10-22 00:53:47,55,0.0245,0.8448,0.1418,0.5333,1370,117
RSC-2024-02727,v2.1.4,2024-05-10 01:11:31,45,0.0465,0.7857,0.1105,0.5067,1432,81
RSC-2024-02728,v2.2.1,2024-03-27 07:15:29,56,0.0115,0.7894,0.1673,0.5322,1053,86
RSC-2024-02729,v2.2.1,2024-04-30 14:31:26,39,0.0064,0.807,0.129,0.53,1191,126
RSC-2024-02730,v2.1.3,2024-10-21 13:06:53,43,0.0264,0.8047,0.132,0.5179,1125,97
RSC-2024-02731,v2.1.4,2024-07-28 13:41:03,36,0.0781,0.8196,0.1328,0.5012,897,94
RSC-2024-02732,v2.3.0,2024-10-29 07:24:17,57,0.0392,0.809,0.1551,0.4966,1435,68
RSC-2024-02733,v2.2.0,2024-10-25 05:23:13,45,0.0107,0.8166,0.1443,0.5295,1367,31
RSC-2024-02734,v2.3.0,2024-03-29 12:26:40,51,0.0398,0.8151,0.1465,0.5342,1178,71
RSC-2024-02735,v2.1.4,2024-10-23 03:08:31,51,0.0218,0.8061,0.1623,0.5385,920,65
RSC-2024-02736,v2.3.0,2024-05-20 07:13:02,34,0.0418,0.8259,0.1234,0.5033,1077,87
RSC-2024-02737,v2.3.0,2024-07-28 20:52:30,49,0.0981,0.8209,0.1607,0.5412,1330,50
RSC-2024-02738,v2.1.4,2024-06-26 04:50:04,44,0.0461,0.8206,0.1519,0.4838,1362,89
RSC-2024-02739,v2.1.3,2024-06-21 08:20:58,53,0.0402,0.7977,0.1393,0.5487,1293,83
RSC-2024-02740,v2.3.0,2024-03-15 15:33:14,53,0.0119,0.8403,0.1433,0.4736,985,107
RSC-2024-02741,v2.1.3,2024-03-20 18:34:15,43,0.0182,0.8201,0.1505,0.5273,1405,116
RSC-2024-02742,v2.2.0,2024-01-09 21:32:41,51,0.0263,0.8023,0.1364,0.4895,1167,77
RSC-2024-02743,v2.3.0,2024-01-25 15:01:43,44,0.043,0.8224,0.1301,0.4876,1426,51
RSC-2024-02744,v2.3.0,2024-09-27 10:38:52,53,0.0151,0.7855,0.1442,0.4936,1045,99
RSC-2024-02745,v2.1.4,2024-06-21 15:30:18,54,0.0828,0.7811,0.1382,0.499,812,30
RSC-2024-02746,v2.1.4,2024-01-12 17:29:59,54,0.0379,0.8302,0.1271,0.5156,1428,23
RSC-2024-02747,v2.2.1,2024-10-22 00:05:03,34,0.0241,0.7912,0.1212,0.4919,836,20
RSC-2024-02748,v2.1.4,2024-04-03 02:04:54,34,0.0159,0.8359,0.1311,0.509,887,110
RSC-2024-02749,v2.2.0,2024-10-02 09:31:12,36,0.0179,0.8346,0.1369,0.5134,842,99
RSC-2024-02750,v2.1.3,2024-02-18 04:53:48,55,0.1162,0.8206,0.1418,0.4883,1577,118
RSC-2024-02751,v2.2.0,2024-04-28 18:26:50,53,0.0235,0.8346,0.1242,0.5075,1538,53
RSC-2024-02752,v2.2.0,2024-09-18 09:10:08,38,0.0272,0.8191,0.1595,0.5204,903,136
RSC-2024-02753,v2.2.0,2024-04-10 08:49:16,47,0.046,0.803,0.155,0.4865,1583,65
RSC-2024-02754,v2.2.0,2024-11-27 12:06:18,37,0.0453,0.8205,0.1383,0.5271,1052,120
RSC-2024-02755,v2.1.3,2024-03-03 14:16:43,42,0.1523,0.8152,0.1575,0.5047,1430,135
RSC-2024-02756,v2.2.1,2024-06-20 20:44:41,38,0.063,0.8361,0.1391,0.4972,1329,52
RSC-2024-02757,v2.1.3,2024-06-30 07:34:32,45,0.0421,0.803,0.1403,0.5215,1223,74
RSC-2024-02758,v2.1.3,2024-02-24 05:35:11,50,0.0888,0.8336,0.1506,0.5079,842,94
RSC-2024-02759,v2.1.4,2024-09-01 00:21:29,34,0.0209,0.8015,0.1237,0.551,1353,127
RSC-2024-02760,v2.2.0,2024-03-22 15:40:35,55,0.0298,0.8076,0.112,0.4945,1407,138
RSC-2024-02761,v2.3.0,2024-03-22 23:35:05,46,0.0611,0.8371,0.1461,0.5304,954,60
RSC-2024-02762,v2.1.4,2024-11-23 04:49:33,43,0.0234,0.8249,0.1496,0.5213,825,86
RSC-2024-02763,v2.1.3,2024-06-01 10:35:59,51,0.014,0.7971,0.1402,0.5088,1416,67
RSC-2024-02764,v2.2.0,2024-03-23 03:58:40,40,0.0446,0.8129,0.1277,0.5018,1079,51
RSC-2024-02765,v2.1.3,2024-05-23 01:21:12,46,0.0375,0.7886,0.1475,0.5334,1515,104
RSC-2024-02766,v2.1.4,2024-12-06 12:31:41,34,0.0406,0.8081,0.1481,0.4985,1059,79
RSC-2024-02767,v2.3.0,2024-02-18 10:33:28,38,0.072,0.8062,0.1518,0.4827,857,122
RSC-2024-02768,v2.3.0,2024-12-12 00:00:55,54,0.0475,0.7906,0.1178,0.5164,1409,93
RSC-2024-02769,v2.3.0,2024-02-10 12:23:05,50,0.0272,0.8001,0.1237,0.51,1383,70
RSC-2024-02770,v2.3.0,2024-12-09 17:25:01,39,0.0122,0.8267,0.1377,0.5035,1316,101
RSC-2024-02771,v2.2.0,2024-01-05 00:44:33,55,0.0563,0.8095,0.1151,0.5262,1127,33
RSC-2024-02772,v2.2.1,2024-04-24 15:12:19,34,0.0268,0.8122,0.1488,0.4862,1193,22
RSC-2024-02773,v2.2.1,2024-12-23 06:08:15,37,0.0142,0.8363,0.1356,0.507,896,30
RSC-2024-02774,v2.3.0,2024-01-08 05:13:07,40,0.0132,0.8017,0.1495,0.5124,836,106
RSC-2024-02775,v2.2.1,2024-06-12 11:21:14,39,0.0277,0.7898,0.1514,0.5083,1052,100
RSC-2024-02776,v2.2.1,2024-01-15 22:12:24,54,0.0124,0.8038,0.1499,0.5315,1407,92
RSC-2024-02777,v2.1.4,2024-08-18 14:26:34,39,0.0426,0.8232,0.1545,0.4958,1288,98
RSC-2024-02778,v2.2.0,2024-10-04 07:37:58,52,0.0333,0.7969,0.1469,0.5136,1391,30
RSC-2024-02779,v2.3.0,2024-06-22 09:12:12,36,0.0127,0.7998,0.1553,0.5203,1013,26
RSC-2024-02780,v2.2.1,2024-05-28 02:36:18,55,0.0166,0.8192,0.1429,0.5087,1402,122
RSC-2024-02781,v2.1.3,2024-02-22 19:17:22,52,0.0074,0.787,0.1303,0.4781,1583,91
RSC-2024-02782,v2.2.0,2024-09-21 07:41:13,56,0.0381,0.8018,0.139,0.5051,996,54
RSC-2024-02783,v2.3.0,2024-03-25 11:15:10,55,0.0213,0.8138,0.1507,0.5085,1109,36
RSC-2024-02784,v2.2.1,2024-04-16 04:31:01,57,0.0267,0.7862,0.1499,0.488,1049,109
RSC-2024-02785,v2.2.1,2024-11-11 15:02:33,34,0.0499,0.7989,0.1488,0.5426,1333,83
RSC-2024-02786,v2.1.3,2024-02-10 09:02:38,54,0.071,0.8239,0.1611,0.5103,1503,41
RSC-2024-02787,v2.2.1,2024-06-05 18:30:11,50,0.0765,0.81,0.1298,0.4936,1172,64
RSC-2024-02788,v2.2.0,2024-05-09 15:27:30,40,0.0762,0.8265,0.1387,0.5289,1595,99
RSC-2024-02789,v2.1.3,2024-01-31 21:58:32,54,0.0294,0.8011,0.1357,0.4828,861,20
RSC-2024-02790,v2.2.1,2024-09-28 11:01:06,37,0.038,0.8202,0.174,0.5082,1355,29
RSC-2024-02791,v2.3.0,2024-10-24 04:12:27,51,0.0394,0.8106,0.1504,0.4926,1039,87
RSC-2024-02792,v2.2.1,2024-08-03 04:13:15,45,0.0065,0.8025,0.1311,0.5056,1024,78
RSC-2024-02793,v2.2.0,2024-04-13 11:55:59,46,0.0484,0.789,0.1463,0.4881,1414,22
RSC-2024-02794,v2.1.4,2024-06-07 08:08:17,43,0.0262,0.8309,0.1312,0.5062,1560,94
RSC-2024-02795,v2.3.0,2024-03-18 21:14:49,38,0.061,0.7909,0.1373,0.5131,1523,69
RSC-2024-02796,v2.2.0,2024-09-28 18:26:54,35,0.0169,0.817,0.156,0.4998,1266,115
RSC-2024-02797,v2.1.4,2024-07-02 20:04:48,39,0.0365,0.8307,0.1382,0.5173,1154,29
RSC-2024-02798,v2.1.3,2024-10-06 10:53:29,34,0.0387,0.8269,0.1469,0.5131,1290,102
RSC-2024-02799,v2.2.1,2024-07-06 15:46:28,53,0.0303,0.8064,0.1345,0.5273,966,52
RSC-2024-02800,v2.1.3,2024-07-23 14:51:27,54,0.0386,0.8119,0.1372,0.5061,823,103
RSC-2024-02801,v2.2.0,2024-09-14 16:03:12,40,0.0649,0.8044,0.144,0.5094,1530,33
RSC-2024-02802,v2.1.3,2024-06-05 22:01:46,48,0.0328,0.8464,0.1593,0.5117,1062,38
RSC-2024-02803,v2.3.0,2024-04-14 23:08:51,34,0.0217,0.7948,0.1553,0.4999,1393,119
RSC-2024-02804,v2.2.1,2024-08-30 22:40:03,46,0.0588,0.8075,0.1215,0.4933,1480,20
RSC-2024-02805,v2.1.3,2024-08-29 23:54:54,48,0.0151,0.7795,0.1377,0.4879,1568,130
RSC-2024-02806,v2.2.0,2024-04-29 18:45:11,56,0.0261,0.8028,0.1463,0.5448,1327,83
RSC-2024-02807,v2.1.3,2024-10-13 14:08:04,55,0.0195,0.7782,0.1329,0.5201,916,83
RSC-2024-02808,v2.3.0,2024-11-29 08:57:09,45,0.0462,0.8022,0.1484,0.5053,969,74
RSC-2024-02809,v2.2.0,2024-12-04 14:10:36,34,0.0263,0.8023,0.1366,0.49,1070,20
RSC-2024-02810,v2.2.1,2024-04-05 09:47:06,37,0.1078,0.8183,0.1474,0.5222,1204,94
RSC-2024-02811,v2.3.0,2024-03-17 14:19:54,46,0.0444,0.7983,0.1433,0.531,1169,26
RSC-2024-02812,v2.1.4,2024-04-18 22:55:25,43,0.0824,0.803,0.1526,0.5007,1243,66
RSC-2024-02813,v2.1.3,2024-05-20 16:21:48,57,0.0276,0.8255,0.1414,0.5242,1003,72
RSC-2024-02814,v2.2.1,2024-12-17 00:47:16,54,0.1114,0.7937,0.1507,0.4971,1025,115
RSC-2024-02815,v2.1.4,2024-09-02 15:57:48,45,0.1116,0.8144,0.1561,0.4934,972,74
RSC-2024-02816,v2.2.0,2024-08-20 23:33:10,41,0.0505,0.8251,0.1322,0.5071,999,35
RSC-2024-02817,v2.2.1,2024-07-14 11:41:49,44,0.0202,0.7992,0.1429,0.4781,1493,73
RSC-2024-02818,v2.2.1,2024-07-02 00:21:02,57,0.0953,0.807,0.1366,0.4778,1182,125
RSC-2024-02819,v2.2.1,2024-02-21 07:58:30,47,0.0324,0.8354,0.1513,0.5189,926,65
RSC-2024-02820,v2.3.0,2024-10-28 06:05:54,55,0.0143,0.7982,0.1274,0.5429,1416,135
RSC-2024-02821,v2.1.4,2024-04-18 00:20:02,50,0.0246,0.8304,0.1558,0.5189,1444,49
RSC-2024-02822,v2.2.0,2024-05-01 01:06:17,54,0.0419,0.8411,0.1242,0.5332,1451,127
RSC-2024-02823,v2.1.4,2024-12-20 10:08:26,44,0.0381,0.8321,0.1249,0.5389,1397,71
RSC-2024-02824,v2.1.3,2024-11-14 15:50:48,37,0.0902,0.83,0.1491,0.4719,1211,26
RSC-2024-02825,v2.2.1,2024-08-09 04:19:59,54,0.0642,0.8084,0.1535,0.4914,1575,136
RSC-2024-02826,v2.2.1,2024-11-08 06:26:10,43,0.0444,0.8348,0.1393,0.5431,1116,43
RSC-2024-02827,v2.1.3,2024-12-03 14:11:53,42,0.1026,0.8065,0.1477,0.4633,1281,103
RSC-2024-02828,v2.2.1,2024-05-21 05:51:10,51,0.0219,0.7878,0.1499,0.4779,825,72
RSC-2024-02829,v2.1.4,2024-07-03 23:26:46,56,0.0266,0.7651,0.1519,0.5009,837,110
RSC-2024-02830,v2.3.0,2024-07-21 20:22:47,45,0.0471,0.8288,0.1572,0.4921,1079,49
RSC-2024-02831,v2.3.0,2024-03-19 23:27:09,56,0.027,0.8317,0.1597,0.4965,1340,103
RSC-2024-02832,v2.2.0,2024-03-16 23:41:25,56,0.0629,0.8027,0.1554,0.5107,1432,125
RSC-2024-02833,v2.1.3,2024-12-28 11:38:32,47,0.0712,0.8336,0.1375,0.4896,1371,87
RSC-2024-02834,v2.1.3,2024-12-06 04:51:32,40,0.027,0.8,0.1409,0.4876,958,107
RSC-2024-02835,v2.1.3,2024-07-05 08:32:35,40,0.0074,0.8039,0.1598,0.5145,858,85
RSC-2024-02836,v2.1.4,2024-07-22 22:49:11,57,0.0593,0.798,0.1364,0.5193,831,48
RSC-2024-02837,v2.3.0,2024-12-15 11:11:31,37,0.0377,0.8058,0.1439,0.5129,1263,29
RSC-2024-02838,v2.2.1,2024-03-17 01:12:15,41,0.0241,0.7948,0.1387,0.5266,1402,71
RSC-2024-02839,v2.2.0,2024-02-01 12:49:33,41,0.0309,0.8163,0.1536,0.5019,1544,115
RSC-2024-02840,v2.1.4,2024-01-09 11:48:39,46,0.0174,0.8415,0.1646,0.5226,1159,35
RSC-2024-02841,v2.3.0,2024-05-23 01:39:59,45,0.0742,0.8112,0.1234,0.5211,1270,35
RSC-2024-02842,v2.1.4,2024-12-03 04:02:11,53,0.018,0.7963,0.1385,0.5063,1444,120
RSC-2024-02843,v2.2.1,2024-02-28 14:36:00,35,0.0301,0.8139,0.1413,0.4987,1234,116
RSC-2024-02844,v2.1.4,2024-08-25 07:31:21,47,0.0094,0.8043,0.1401,0.508,1432,86
RSC-2024-02845,v2.1.3,2024-02-23 01:41:33,50,0.0738,0.7952,0.1389,0.5291,1294,39
RSC-2024-02846,v2.2.0,2024-07-20 08:04:41,48,0.043,0.8117,0.1506,0.4738,1179,80
RSC-2024-02847,v2.2.0,2024-05-10 22:42:33,43,0.0512,0.8143,0.1505,0.5196,828,82
RSC-2024-02848,v2.1.3,2024-03-09 08:14:00,57,0.0239,0.8027,0.156,0.5049,1346,79
RSC-2024-02849,v2.1.4,2024-05-10 07:55:40,40,0.0285,0.8229,0.1451,0.5346,862,48
RSC-2024-02850,v2.2.1,2024-10-03 10:27:35,50,0.0193,0.8361,0.143,0.5171,1017,136
RSC-2024-02851,v2.2.1,2024-12-19 21:28:03,39,0.0044,0.7945,0.1208,0.5,1599,47
RSC-2024-02852,v2.3.0,2024-02-12 20:44:31,49,0.0387,0.8121,0.1425,0.4763,951,66
RSC-2024-02853,v2.1.4,2024-06-23 12:44:00,57,0.0096,0.8003,0.1397,0.4785,955,103
RSC-2024-02854,v2.1.4,2024-03-19 10:07:57,49,0.0367,0.8018,0.1468,0.5032,1423,137
RSC-2024-02855,v2.1.3,2024-11-07 23:41:21,38,0.0376,0.8036,0.1355,0.5652,1354,121
RSC-2024-02856,v2.2.0,2024-03-14 03:25:48,35,0.1118,0.795,0.155,0.5109,962,89
RSC-2024-02857,v2.1.4,2024-05-15 02:10:10,52,0.0297,0.8009,0.1697,0.5236,1180,112
RSC-2024-02858,v2.1.3,2024-09-03 17:10:17,46,0.0536,0.7879,0.1438,0.52,1462,24
RSC-2024-02859,v2.1.4,2024-06-01 18:53:58,42,0.0041,0.7962,0.1203,0.5166,1333,63
RSC-2024-02860,v2.1.4,2024-11-10 14:31:58,52,0.0315,0.8019,0.135,0.4871,1270,55
RSC-2024-02861,v2.2.1,2024-03-13 12:23:44,37,0.0652,0.812,0.1439,0.513,861,39
RSC-2024-02862,v2.1.4,2024-08-18 06:04:59,53,0.0302,0.8177,0.1613,0.491,1274,126
RSC-2024-02863,v2.1.4,2024-02-23 00:47:33,55,0.0512,0.8096,0.1413,0.5156,1100,35
RSC-2024-02864,v2.3.0,2024-10-13 05:18:24,41,0.0573,0.8352,0.1274,0.5036,1297,45
RSC-2024-02865,v2.2.0,2024-07-17 19:55:06,49,0.04,0.8227,0.143,0.5012,1140,52
RSC-2024-02866,v2.2.0,2024-08-15 08:07:50,45,0.0428,0.8175,0.1287,0.5026,1333,41
RSC-2024-02867,v2.2.1,2024-10-24 14:22:44,35,0.0686,0.8067,0.1408,0.5145,1395,138
RSC-2024-02868,v2.1.3,2024-01-18 00:10:12,38,0.0314,0.8272,0.1558,0.5214,1545,133
RSC-2024-02869,v2.1.4,2024-08-10 04:54:04,45,0.0933,0.7996,0.1501,0.4851,1480,50
RSC-2024-02870,v2.2.1,2024-01-06 12:35:58,37,0.0434,0.8065,0.1386,0.4884,1334,123
RSC-2024-02871,v2.1.4,2024-12-10 22:53:05,47,0.04,0.8212,0.157,0.5295,1007,112
RSC-2024-02872,v2.2.0,2024-03-25 11:09:31,56,0.0102,0.8163,0.1559,0.5036,1250,108
RSC-2024-02873,v2.2.1,2024-08-13 05:40:08,35,0.0643,0.7763,0.1203,0.5029,973,33
RSC-2024-02874,v2.2.0,2024-11-09 19:47:33,53,0.0313,0.8221,0.1373,0.5282,1266,114
RSC-2024-02875,v2.1.3,2024-07-16 09:40:37,57,0.0188,0.7897,0.1505,0.5186,1106,57
RSC-2024-02876,v2.2.1,2024-09-28 21:37:04,35,0.0456,0.7994,0.1593,0.4949,1041,67
RSC-2024-02877,v2.1.3,2024-11-21 11:26:05,35,0.0568,0.8287,0.1401,0.4684,816,97
RSC-2024-02878,v2.1.4,2024-02-13 18:06:55,45,0.0234,0.8115,0.1428,0.4991,978,122
RSC-2024-02879,v2.2.0,2024-10-02 08:03:30,35,0.0735,0.8267,0.1328,0.4837,1266,138
RSC-2024-02880,v2.2.1,2024-06-19 05:46:13,49,0.0727,0.8254,0.149,0.5325,1249,71
RSC-2024-02881,v2.1.3,2024-06-30 11:26:33,43,0.0137,0.8064,0.1168,0.495,981,67
RSC-2024-02882,v2.2.1,2024-03-15 19:41:30,53,0.0725,0.833,0.1403,0.5252,1474,23
RSC-2024-02883,v2.2.0,2024-07-20 02:27:03,38,0.023,0.8405,0.1597,0.4787,1014,52
RSC-2024-02884,v2.1.4,2024-01-08 23:00:35,52,0.0547,0.8205,0.1591,0.5014,1545,41
RSC-2024-02885,v2.1.3,2024-03-27 10:12:29,45,0.0125,0.8245,0.1309,0.5031,902,53
RSC-2024-02886,v2.2.1,2024-01-24 16:07:22,41,0.0384,0.7876,0.1429,0.5137,945,117
RSC-2024-02887,v2.1.4,2024-07-20 16:26:18,39,0.0625,0.8247,0.1453,0.5143,925,88
RSC-2024-02888,v2.2.1,2024-08-31 23:33:33,50,0.1052,0.8081,0.1444,0.5285,960,120
RSC-2024-02889,v2.1.4,2024-01-31 07:16:29,54,0.0347,0.7797,0.1269,0.5217,1454,113
RSC-2024-02890,v2.3.0,2024-10-08 16:50:15,47,0.0355,0.7939,0.1556,0.5269,1362,107
RSC-2024-02891,v2.2.0,2024-04-04 20:58:44,55,0.0536,0.8107,0.1436,0.5202,988,127
RSC-2024-02892,v2.1.4,2024-11-09 22:05:33,55,0.0096,0.8346,0.1461,0.5077,861,76
RSC-2024-02893,v2.2.0,2024-12-10 12:23:28,39,0.0377,0.8376,0.1465,0.5213,1151,72
RSC-2024-02894,v2.2.1,2024-01-24 01:52:25,44,0.0453,0.7882,0.1725,0.5109,1187,107
RSC-2024-02895,v2.2.1,2024-10-24 17:28:29,50,0.0193,0.8045,0.1312,0.4705,1291,68
RSC-2024-02896,v2.2.1,2024-11-08 14:57:39,55,0.0354,0.8179,0.135,0.502,1001,51
RSC-2024-02897,v2.2.0,2024-08-06 01:45:07,50,0.0192,0.797,0.127,0.4698,1416,110
RSC-2024-02898,v2.1.3,2024-07-23 19:54:28,56,0.002,0.7906,0.1508,0.547,1142,59
RSC-2024-02899,v2.2.1,2024-03-19 19:56:19,46,0.0069,0.7967,0.1525,0.4947,1254,125
RSC-2024-02900,v2.2.0,2024-12-22 17:01:01,53,0.0076,0.8299,0.1417,0.4781,872,42
RSC-2024-02901,v2.2.1,2024-01-16 03:51:04,42,0.0141,0.7976,0.1355,0.5439,952,93
RSC-2024-02902,v2.2.0,2024-06-06 06:45:51,37,0.027,0.8185,0.1343,0.4977,981,77
RSC-2024-02903,v2.3.0,2024-05-17 18:58:43,46,0.092,0.8278,0.1354,0.5199,1309,79
RSC-2024-02904,v2.3.0,2024-07-11 13:52:57,43,0.0188,0.8158,0.159,0.4823,1498,24
RSC-2024-02905,v2.2.1,2024-04-13 13:12:18,42,0.041,0.8128,0.152,0.532,1212,88
RSC-2024-02906,v2.1.4,2024-04-21 04:50:10,42,0.0318,0.8116,0.1619,0.5379,1365,22
RSC-2024-02907,v2.2.1,2024-02-12 20:59:24,44,0.0483,0.8038,0.1589,0.5321,868,78
RSC-2024-02908,v2.1.3,2024-11-12 09:08:08,36,0.0138,0.7949,0.1474,0.5022,1088,126
RSC-2024-02909,v2.1.3,2024-05-31 13:58:45,34,0.003,0.8063,0.1321,0.5248,1452,24
RSC-2024-02910,v2.1.3,2024-06-15 04:29:39,46,0.0423,0.7998,0.1398,0.532,949,42
RSC-2024-02911,v2.1.3,2024-08-22 00:27:29,45,0.0129,0.8029,0.1346,0.5007,1459,66
RSC-2024-02912,v2.1.4,2024-11-12 16:12:18,51,0.0216,0.8002,0.1356,0.526,1160,100
RSC-2024-02913,v2.2.0,2024-06-18 12:53:17,34,0.0138,0.8188,0.1162,0.5164,1228,20
RSC-2024-02914,v2.3.0,2024-01-15 22:29:45,42,0.0093,0.7994,0.1465,0.5123,995,121
RSC-2024-02915,v2.2.1,2024-05-31 04:01:03,50,0.087,0.8175,0.1487,0.5249,1419,29
RSC-2024-02916,v2.2.1,2024-03-20 04:15:20,56,0.013,0.8304,0.155,0.5072,1096,120
RSC-2024-02917,v2.1.4,2024-09-23 00:30:23,48,0.0384,0.8125,0.1398,0.4792,1542,56
RSC-2024-02918,v2.2.0,2024-11-19 03:57:18,41,0.0058,0.8276,0.1447,0.5209,1234,72
RSC-2024-02919,v2.3.0,2024-01-02 09:54:08,56,0.0264,0.8069,0.1472,0.5188,1354,32
RSC-2024-02920,v2.1.4,2024-01-15 10:58:01,36,0.0332,0.8081,0.153,0.5071,955,39
RSC-2024-02921,v2.3.0,2024-10-13 18:03:42,48,0.0959,0.8169,0.1465,0.5063,934,71
RSC-2024-02922,v2.2.1,2024-11-28 11:57:01,49,0.0164,0.7923,0.1523,0.4993,1240,47
RSC-2024-02923,v2.3.0,2024-07-22 07:36:07,56,0.0263,0.8176,0.1493,0.5288,1321,50
RSC-2024-02924,v2.1.4,2024-12-17 02:34:12,53,0.0387,0.7965,0.1378,0.512,928,68
RSC-2024-02925,v2.1.3,2024-10-01 11:50:29,49,0.0505,0.8098,0.1465,0.5098,1305,48
RSC-2024-02926,v2.1.4,2024-02-28 16:23:44,42,0.045,0.8404,0.1057,0.5557,1012,129
RSC-2024-02927,v2.2.0,2024-09-01 11:37:17,55,0.0146,0.7984,0.1392,0.505,883,35
RSC-2024-02928,v2.3.0,2024-11-29 08:37:02,43,0.0161,0.7931,0.1107,0.5068,1048,40
RSC-2024-02929,v2.3.0,2024-01-20 19:36:44,50,0.0541,0.8302,0.1256,0.4935,1178,117
RSC-2024-02930,v2.1.4,2024-08-27 20:41:52,53,0.0895,0.7852,0.1573,0.4888,1568,78
RSC-2024-02931,v2.2.1,2024-08-24 07:22:35,43,0.0732,0.8282,0.1404,0.5265,1509,26
RSC-2024-02932,v2.1.3,2024-01-29 06:51:16,35,0.0134,0.7882,0.1507,0.5373,834,85
RSC-2024-02933,v2.3.0,2024-02-22 05:12:15,42,0.0839,0.8134,0.1438,0.5037,1415,29
RSC-2024-02934,v2.1.3,2024-09-06 08:18:15,47,0.0662,0.805,0.1748,0.5013,1445,86
RSC-2024-02935,v2.2.1,2024-06-03 09:24:01,42,0.0494,0.8073,0.1231,0.4866,803,134
RSC-2024-02936,v2.3.0,2024-03-30 04:38:03,34,0.0612,0.7971,0.1444,0.4901,1123,47
RSC-2024-02937,v2.3.0,2024-04-03 22:41:58,50,0.0309,0.8531,0.1385,0.5071,1048,93
RSC-2024-02938,v2.1.3,2024-11-18 05:55:49,55,0.0503,0.8119,0.1308,0.4965,1121,103
RSC-2024-02939,v2.3.0,2024-03-03 21:39:18,43,0.046,0.8004,0.1608,0.5369,1178,92
RSC-2024-02940,v2.3.0,2024-04-07 04:58:16,50,0.0412,0.8152,0.1334,0.5063,1001,76
RSC-2024-02941,v2.2.1,2024-02-12 01:31:53,44,0.0246,0.8129,0.1393,0.4981,1389,121
RSC-2024-02942,v2.1.4,2024-06-06 14:10:35,40,0.0347,0.815,0.1538,0.493,1477,101
RSC-2024-02943,v2.2.0,2024-12-05 22:03:32,51,0.0099,0.8054,0.1515,0.5059,1221,83
RSC-2024-02944,v2.2.1,2024-07-16 22:32:19,35,0.0502,0.8304,0.1542,0.5328,1011,59
RSC-2024-02945,v2.2.0,2024-01-26 03:52:57,36,0.028,0.8098,0.1454,0.5372,1299,46
RSC-2024-02946,v2.2.0,2024-09-25 22:28:22,40,0.0332,0.802,0.1377,0.5079,1080,77
RSC-2024-02947,v2.2.1,2024-11-28 13:10:44,45,0.1217,0.789,0.1445,0.5208,806,50
RSC-2024-02948,v2.2.1,2024-05-06 15:58:58,53,0.0331,0.8246,0.1454,0.4952,1369,60
RSC-2024-02949,v2.3.0,2024-03-23 13:30:18,42,0.0621,0.7952,0.1771,0.5115,1594,122
RSC-2024-02950,v2.1.4,2024-04-27 01:28:05,50,0.015,0.7917,0.1445,0.5328,1557,96
RSC-2024-02951,v2.1.4,2024-10-18 05:26:17,47,0.047,0.8143,0.1311,0.5184,1540,108
RSC-2024-02952,v2.1.3,2024-07-10 10:15:37,57,0.0043,0.8019,0.1477,0.497,1279,85
RSC-2024-02953,v2.2.1,2024-02-22 09:28:10,47,0.0133,0.8178,0.1496,0.5257,965,109
RSC-2024-02954,v2.2.0,2024-11-07 20:26:37,54,0.0205,0.8611,0.1479,0.5176,1114,49
RSC-2024-02955,v2.1.4,2024-11-15 06:53:36,34,0.0454,0.8266,0.121,0.5098,841,115
RSC-2024-02956,v2.2.1,2024-01-23 23:23:57,54,0.0406,0.8233,0.1489,0.5377,1579,93
RSC-2024-02957,v2.2.1,2024-08-15 16:33:43,34,0.0233,0.8296,0.1567,0.4902,1064,23
RSC-2024-02958,v2.3.0,2024-10-13 19:10:32,37,0.0105,0.8506,0.1273,0.5341,1222,121
RSC-2024-02959,v2.1.4,2024-05-16 08:59:23,56,0.0231,0.8208,0.1495,0.51,1406,92
RSC-2024-02960,v2.2.0,2024-11-16 22:09:07,52,0.0148,0.8237,0.1281,0.4632,1506,114
RSC-2024-02961,v2.1.4,2024-04-19 08:34:14,42,0.0315,0.8059,0.1298,0.5168,1197,99
RSC-2024-02962,v2.1.4,2024-07-28 05:10:39,43,0.0287,0.8056,0.1638,0.5274,1333,77
RSC-2024-02963,v2.3.0,2024-07-26 13:26:21,34,0.0099,0.7875,0.121,0.5051,1438,25
RSC-2024-02964,v2.1.4,2024-05-08 15:19:21,45,0.0355,0.7925,0.1653,0.4733,1197,128
RSC-2024-02965,v2.2.1,2024-08-22 22:22:52,35,0.0484,0.7848,0.1381,0.5078,1550,120
RSC-2024-02966,v2.3.0,2024-10-09 06:40:58,42,0.012,0.8128,0.1446,0.4912,1456,116
RSC-2024-02967,v2.1.3,2024-04-07 12:52:52,51,0.0073,0.7874,0.1285,0.5161,1292,110
RSC-2024-02968,v2.2.1,2024-06-22 00:30:32,51,0.0324,0.8271,0.1487,0.4995,1537,96
RSC-2024-02969,v2.1.3,2024-10-15 02:05:26,47,0.0717,0.8141,0.1551,0.4997,1338,82
RSC-2024-02970,v2.2.0,2024-02-25 16:30:13,34,0.0223,0.8232,0.1416,0.5498,1277,57
RSC-2024-02971,v2.2.0,2024-03-08 15:45:51,55,0.0146,0.829,0.1351,0.4994,1296,84
RSC-2024-02972,v2.2.1,2024-07-13 04:13:42,45,0.1176,0.813,0.1314,0.5097,825,96
RSC-2024-02973,v2.1.4,2024-11-24 18:30:33,40,0.0512,0.7758,0.1332,0.5083,856,114
RSC-2024-02974,v2.1.3,2024-01-15 11:37:27,52,0.055,0.822,0.1233,0.5238,991,93
RSC-2024-02975,v2.2.0,2024-08-06 14:56:25,39,0.0725,0.8326,0.1212,0.4998,1170,49
RSC-2024-02976,v2.3.0,2024-01-27 06:12:59,39,0.0507,0.7999,0.1644,0.5341,1028,40
RSC-2024-02977,v2.1.3,2024-02-11 00:50:56,52,0.0979,0.7775,0.1437,0.5129,1026,91
RSC-2024-02978,v2.2.0,2024-02-13 16:01:45,57,0.0388,0.8051,0.1506,0.523,1161,115
RSC-2024-02979,v2.1.3,2024-01-28 21:28:27,55,0.0184,0.8145,0.1423,0.5256,1566,111
RSC-2024-02980,v2.1.4,2024-05-21 18:24:56,36,0.0576,0.7696,0.1443,0.5075,1301,73
RSC-2024-02981,v2.1.4,2024-06-01 20:48:26,42,0.0355,0.827,0.1769,0.5256,1271,29
RSC-2024-02982,v2.2.0,2024-02-15 18:19:32,53,0.0234,0.8159,0.134,0.5447,1331,62
RSC-2024-02983,v2.1.4,2024-07-13 21:19:09,35,0.0381,0.8287,0.1285,0.5029,1287,122
RSC-2024-02984,v2.2.1,2024-12-06 20:54:21,37,0.0313,0.7943,0.1419,0.5117,920,43
RSC-2024-02985,v2.1.4,2024-04-06 21:25:16,42,0.0622,0.7897,0.1539,0.4777,1487,102
RSC-2024-02986,v2.1.4,2024-10-02 23:45:40,47,0.0814,0.8067,0.1367,0.4977,924,58
RSC-2024-02987,v2.2.0,2024-09-11 22:54:10,37,0.0478,0.8268,0.1655,0.5106,1411,49
RSC-2024-02988,v2.2.0,2024-10-26 16:02:11,35,0.08,0.8111,0.1518,0.4942,963,79
RSC-2024-02989,v2.1.4,2024-05-17 12:20:30,41,0.0268,0.8207,0.1281,0.5316,1538,96
RSC-2024-02990,v2.2.0,2024-05-02 17:33:07,48,0.0155,0.8352,0.1349,0.4815,883,128
RSC-2024-02991,v2.2.0,2024-11-16 11:45:41,57,0.0485,0.7915,0.1511,0.5208,1477,91
RSC-2024-02992,v2.2.0,2024-02-11 11:11:24,37,0.0064,0.8647,0.1529,0.5153,1149,42
RSC-2024-02993,v2.3.0,2024-11-16 11:48:17,53,0.0208,0.8287,0.1531,0.5177,805,32
RSC-2024-02994,v2.1.3,2024-03-09 07:48:06,51,0.1067,0.7994,0.1496,0.4886,1241,44
RSC-2024-02995,v2.1.3,2024-12-30 18:30:08,48,0.0245,0.8168,0.1403,0.4803,1204,60
RSC-2024-02996,v2.2.0,2024-10-31 16:03:51,44,0.0329,0.8214,0.1189,0.4854,845,41
RSC-2024-02997,v2.1.4,2024-12-20 07:20:51,55,0.0107,0.8322,0.1193,0.4918,1324,56
RSC-2024-02998,v2.2.0,2024-10-26 12:05:03,43,0.0646,0.7826,0.1298,0.5281,1487,63
RSC-2024-02999,v2.1.3,2024-02-17 14:15:36,40,0.0197,0.8114,0.1681,0.4994,1461,84
RSC-2024-03000,v2.1.3,2024-01-28 13:33:30,37,0.0346,0.8007,0.1398,0.5226,1479,105
RSC-2024-03001,v2.2.1,2024-12-21 00:04:57,37,0.0064,0.8,0.1554,0.5178,1316,40
RSC-2024-03002,v2.2.0,2024-04-24 11:57:06,56,0.0498,0.8131,0.1343,0.5547,1193,75
RSC-2024-03003,v2.1.4,2024-02-21 08:03:33,55,0.0375,0.8284,0.1434,0.5201,1456,57
RSC-2024-03004,v2.3.0,2024-06-08 14:47:44,40,0.044,0.8238,0.1215,0.5268,948,119
RSC-2024-03005,v2.2.0,2024-02-15 11:02:14,42,0.0722,0.8276,0.1511,0.5052,1145,32
RSC-2024-03006,v2.1.3,2024-02-21 04:08:58,45,0.0653,0.7616,0.1487,0.5138,1507,89
RSC-2024-03007,v2.2.0,2024-05-11 15:46:28,42,0.0178,0.8344,0.1502,0.4884,920,109
RSC-2024-03008,v2.3.0,2024-07-28 00:08:20,50,0.0247,0.7984,0.1275,0.5096,1571,86
RSC-2024-03009,v2.1.4,2024-06-27 11:44:09,54,0.0621,0.7911,0.1343,0.5496,879,88
RSC-2024-03010,v2.2.0,2024-11-06 21:32:56,55,0.0669,0.8043,0.1384,0.5079,851,123
RSC-2024-03011,v2.1.3,2024-09-14 02:52:25,52,0.0223,0.804,0.1485,0.4833,824,74
RSC-2024-03012,v2.1.4,2024-10-26 23:16:43,44,0.0292,0.8333,0.1459,0.5148,1052,36
RSC-2024-03013,v2.3.0,2024-12-12 05:45:57,46,0.0061,0.8096,0.1188,0.5305,1127,114
RSC-2024-03014,v2.3.0,2024-03-31 23:39:19,56,0.0218,0.8257,0.1665,0.5257,1428,63
RSC-2024-03015,v2.2.1,2024-05-21 15:20:27,45,0.0254,0.8218,0.1243,0.4962,1510,51
RSC-2024-03016,v2.2.1,2024-09-18 12:09:27,46,0.064,0.8541,0.1214,0.5223,852,61
RSC-2024-03017,v2.1.4,2024-01-04 03:11:32,54,0.0539,0.8012,0.1424,0.5148,1030,107
RSC-2024-03018,v2.1.4,2024-01-16 06:38:53,52,0.0272,0.8316,0.1319,0.5223,1436,85
RSC-2024-03019,v2.1.4,2024-04-08 04:49:28,36,0.0112,0.8113,0.1334,0.4985,1213,32
RSC-2024-03020,v2.2.1,2024-08-22 13:06:39,37,0.0464,0.7949,0.1336,0.568,1043,132
RSC-2024-03021,v2.1.4,2024-03-18 21:56:33,49,0.0248,0.8089,0.1487,0.5576,1264,37
RSC-2024-03022,v2.2.1,2024-06-03 21:42:17,42,0.0689,0.8079,0.1559,0.5326,1223,76
RSC-2024-03023,v2.1.4,2024-05-04 12:05:19,50,0.0498,0.8115,0.1155,0.4868,1459,122
RSC-2024-03024,v2.2.0,2024-07-22 01:20:46,41,0.0196,0.834,0.1384,0.5231,968,123
RSC-2024-03025,v2.2.0,2024-07-17 07:34:40,54,0.0146,0.7972,0.15,0.5097,1404,32
RSC-2024-03026,v2.3.0,2024-01-02 20:46:45,42,0.0186,0.797,0.1321,0.543,1252,117
RSC-2024-03027,v2.2.1,2024-04-22 14:43:33,44,0.0469,0.811,0.138,0.5161,1483,69
RSC-2024-03028,v2.2.1,2024-03-07 08:05:18,46,0.0358,0.7979,0.1238,0.4941,1530,119
RSC-2024-03029,v2.3.0,2024-10-27 07:11:24,56,0.0413,0.8173,0.1536,0.5267,947,127
RSC-2024-03030,v2.2.0,2024-02-20 02:15:34,40,0.0158,0.7953,0.1396,0.5305,1536,33
RSC-2024-03031,v2.1.3,2024-10-30 02:11:56,35,0.0237,0.7911,0.1481,0.4995,1050,92
RSC-2024-03032,v2.1.4,2024-03-20 14:39:32,52,0.0206,0.8213,0.1684,0.5062,1173,98
RSC-2024-03033,v2.2.0,2024-09-16 01:07:25,57,0.0181,0.8134,0.124,0.5265,1044,99
RSC-2024-03034,v2.1.3,2024-11-25 05:34:48,54,0.0313,0.8208,0.1549,0.5138,1299,54
RSC-2024-03035,v2.2.1,2024-12-02 10:50:32,40,0.0231,0.8049,0.1427,0.4842,1224,129
RSC-2024-03036,v2.1.3,2024-06-25 08:15:24,43,0.0344,0.8228,0.1337,0.5156,813,32
RSC-2024-03037,v2.3.0,2024-06-03 18:28:11,39,0.0323,0.7717,0.1302,0.4858,1032,21
RSC-2024-03038,v2.2.1,2024-08-26 02:22:12,54,0.0818,0.798,0.1695,0.5418,1182,99
RSC-2024-03039,v2.1.4,2024-09-26 20:38:36,36,0.0408,0.8063,0.1543,0.5141,958,133
RSC-2024-03040,v2.3.0,2024-06-18 04:28:51,47,0.0082,0.7908,0.1418,0.5205,1511,32
RSC-2024-03041,v2.2.1,2024-12-30 17:23:24,54,0.0571,0.8189,0.1551,0.4971,1444,69
RSC-2024-03042,v2.2.1,2024-07-19 17:26:39,37,0.0229,0.8262,0.1428,0.5135,1128,93
RSC-2024-03043,v2.2.0,2024-03-05 10:33:18,47,0.0209,0.8471,0.1557,0.5215,904,28
RSC-2024-03044,v2.1.3,2024-10-11 00:25:15,55,0.0907,0.8179,0.1495,0.5311,1470,63
RSC-2024-03045,v2.2.1,2024-12-02 19:29:34,53,0.0146,0.8033,0.1302,0.527,1364,38
RSC-2024-03046,v2.2.1,2024-12-02 05:10:00,43,0.0327,0.8059,0.1253,0.5329,1224,121
RSC-2024-03047,v2.2.1,2024-11-06 08:09:59,35,0.0363,0.7878,0.1548,0.4941,1512,87
RSC-2024-03048,v2.1.4,2024-10-10 05:53:39,52,0.0431,0.8117,0.1373,0.5094,981,90
RSC-2024-03049,v2.1.4,2024-02-23 05:47:33,41,0.0082,0.8393,0.1425,0.5321,1319,64
RSC-2024-03050,v2.3.0,2024-06-28 07:23:13,48,0.05,0.7988,0.1307,0.5201,1162,77
RSC-2024-03051,v2.1.3,2024-01-01 04:38:33,35,0.0301,0.8163,0.1398,0.5057,963,66
RSC-2024-03052,v2.2.1,2024-10-02 04:53:44,37,0.0349,0.8332,0.1247,0.5156,1576,54
RSC-2024-03053,v2.2.1,2024-03-14 19:47:05,36,0.0692,0.779,0.1555,0.5068,1031,74
RSC-2024-03054,v2.1.3,2024-09-15 15:39:32,53,0.0085,0.7923,0.1401,0.519,1409,55
RSC-2024-03055,v2.2.1,2024-01-21 00:56:32,51,0.0354,0.7827,0.1526,0.4896,1015,87
RSC-2024-03056,v2.2.1,2024-05-09 19:26:24,43,0.0031,0.8229,0.1199,0.5466,1164,117
RSC-2024-03057,v2.1.3,2024-04-23 20:45:38,46,0.0741,0.8051,0.1465,0.5006,1313,40
RSC-2024-03058,v2.2.0,2024-04-01 18:53:31,51,0.0045,0.814,0.1453,0.4995,1158,33
RSC-2024-03059,v2.1.3,2024-02-17 08:25:55,36,0.0523,0.8219,0.133,0.5489,1273,98
RSC-2024-03060,v2.2.0,2024-06-16 11:30:19,41,0.0485,0.7932,0.1165,0.5205,1087,139
RSC-2024-03061,v2.2.0,2024-04-24 01:21:53,35,0.0919,0.8291,0.167,0.5227,1332,111
RSC-2024-03062,v2.1.3,2024-03-10 08:43:41,44,0.0811,0.8025,0.1471,0.4918,905,79
RSC-2024-03063,v2.1.3,2024-05-28 14:18:08,44,0.0126,0.8189,0.1492,0.5006,851,28
RSC-2024-03064,v2.3.0,2024-04-17 01:19:56,41,0.0137,0.802,0.1427,0.5166,1511,95
RSC-2024-03065,v2.1.3,2024-04-06 12:35:03,55,0.0367,0.7984,0.1526,0.5409,1551,124
RSC-2024-03066,v2.1.4,2024-11-28 03:48:21,48,0.0755,0.8209,0.1431,0.5039,842,122
RSC-2024-03067,v2.1.3,2024-10-15 18:03:42,56,0.0183,0.8194,0.1503,0.5029,1569,33
RSC-2024-03068,v2.3.0,2024-01-01 16:18:32,43,0.0319,0.7786,0.1658,0.5047,939,50
RSC-2024-03069,v2.2.1,2024-07-08 10:08:21,34,0.053,0.8152,0.1656,0.5125,980,139
RSC-2024-03070,v2.2.1,2024-05-30 16:55:35,37,0.0476,0.7912,0.1333,0.5131,910,86
RSC-2024-03071,v2.1.4,2024-06-19 03:33:50,57,0.0369,0.7821,0.1528,0.5299,1502,70
RSC-2024-03072,v2.1.3,2024-10-31 08:41:17,53,0.0375,0.832,0.1398,0.5199,1246,110
RSC-2024-03073,v2.1.3,2024-01-03 14:00:55,42,0.0131,0.82,0.1314,0.5249,1011,136
RSC-2024-03074,v2.1.4,2024-10-12 17:40:31,56,0.0697,0.8343,0.1617,0.5415,963,61
RSC-2024-03075,v2.2.0,2024-08-13 07:09:35,41,0.0346,0.7955,0.1621,0.4993,1009,96
RSC-2024-03076,v2.1.4,2024-11-04 10:05:48,49,0.0322,0.8335,0.147,0.5378,1535,90
RSC-2024-03077,v2.3.0,2024-04-30 04:03:40,35,0.0545,0.8085,0.1396,0.4859,890,45
RSC-2024-03078,v2.3.0,2024-02-14 12:03:15,53,0.0174,0.8131,0.1216,0.5026,1208,137
RSC-2024-03079,v2.3.0,2024-07-19 14:10:08,36,0.1164,0.8147,0.1303,0.4937,872,67
RSC-2024-03080,v2.2.1,2024-10-27 02:14:57,35,0.0865,0.812,0.1414,0.5003,1451,109
RSC-2024-03081,v2.1.4,2024-10-29 15:22:56,42,0.0869,0.8191,0.1526,0.5289,1181,45
RSC-2024-03082,v2.1.4,2024-04-20 16:20:02,47,0.0429,0.8202,0.1515,0.4931,1232,128
RSC-2024-03083,v2.3.0,2024-08-06 11:48:31,45,0.0717,0.8215,0.1499,0.5077,1101,39
RSC-2024-03084,v2.2.0,2024-12-29 07:10:13,50,0.0416,0.8035,0.1576,0.4714,1244,80
RSC-2024-03085,v2.3.0,2024-05-16 01:02:14,50,0.031,0.8398,0.1312,0.5096,1343,104
RSC-2024-03086,v2.1.4,2024-07-02 13:47:50,46,0.052,0.8468,0.1472,0.4954,893,133
RSC-2024-03087,v2.3.0,2024-02-10 20:38:11,55,0.0243,0.8129,0.1356,0.5102,1151,139
RSC-2024-03088,v2.2.1,2024-08-03 12:36:13,56,0.0045,0.8263,0.1333,0.5178,1093,110
RSC-2024-03089,v2.1.4,2024-01-14 07:03:18,40,0.0527,0.8173,0.1498,0.493,1237,47
RSC-2024-03090,v2.3.0,2024-07-22 10:58:59,43,0.073,0.8063,0.1429,0.5433,1095,50
RSC-2024-03091,v2.3.0,2024-07-01 15:54:54,57,0.0399,0.818,0.129,0.5207,1465,71
RSC-2024-03092,v2.3.0,2024-02-02 12:33:07,37,0.0573,0.8018,0.146,0.5218,1263,72
RSC-2024-03093,v2.1.3,2024-09-28 04:07:41,45,0.0864,0.8034,0.1514,0.4958,1355,76
RSC-2024-03094,v2.2.1,2024-03-07 15:21:39,53,0.0378,0.8099,0.1648,0.5241,1462,48
RSC-2024-03095,v2.2.0,2024-01-02 01:24:11,41,0.0255,0.8125,0.1583,0.5197,855,128
RSC-2024-03096,v2.1.3,2024-01-02 19:50:50,44,0.1297,0.815,0.1397,0.4887,1289,67
RSC-2024-03097,v2.2.0,2024-03-19 03:28:13,55,0.0438,0.7914,0.1127,0.493,1062,39
RSC-2024-03098,v2.2.1,2024-02-13 07:52:15,55,0.0242,0.7974,0.1337,0.5119,950,116
RSC-2024-03099,v2.2.1,2024-03-18 01:46:10,38,0.0772,0.7894,0.1342,0.5093,1049,53
RSC-2024-03100,v2.1.4,2024-12-24 07:41:09,52,0.0528,0.8106,0.1374,0.5344,982,34
RSC-2024-03101,v2.1.3,2024-04-06 05:02:31,43,0.0271,0.823,0.1329,0.5103,975,73
RSC-2024-03102,v2.2.1,2024-12-05 11:35:06,34,0.0227,0.8219,0.1272,0.5269,1225,26
RSC-2024-03103,v2.1.3,2024-09-13 19:14:15,41,0.0071,0.8259,0.1548,0.5573,1079,75
RSC-2024-03104,v2.2.0,2024-10-19 10:44:52,49,0.0011,0.7819,0.1419,0.5162,871,77
RSC-2024-03105,v2.2.1,2024-08-27 10:55:13,50,0.0234,0.8222,0.1296,0.5484,965,110
RSC-2024-03106,v2.2.0,2024-01-17 04:07:03,52,0.0479,0.8146,0.1215,0.4972,859,138
RSC-2024-03107,v2.3.0,2024-12-15 17:01:10,51,0.0394,0.8157,0.1416,0.4816,1586,122
RSC-2024-03108,v2.1.3,2024-02-02 07:06:20,35,0.0172,0.8386,0.1282,0.5005,1450,123
RSC-2024-03109,v2.3.0,2024-01-29 23:57:17,41,0.0178,0.808,0.1382,0.5287,802,76
RSC-2024-03110,v2.2.0,2024-04-14 08:39:11,55,0.0074,0.7831,0.1635,0.512,1218,35
RSC-2024-03111,v2.1.4,2024-08-22 15:07:04,34,0.0019,0.8288,0.1382,0.5228,1502,31
RSC-2024-03112,v2.2.1,2024-10-16 23:37:59,41,0.042,0.7801,0.1414,0.4942,884,86
RSC-2024-03113,v2.3.0,2024-10-30 19:25:04,45,0.0251,0.8124,0.1585,0.479,1312,102
RSC-2024-03114,v2.1.4,2024-10-05 19:42:11,49,0.0227,0.8068,0.1356,0.502,1393,75
RSC-2024-03115,v2.1.4,2024-02-29 08:55:45,49,0.0475,0.8204,0.1491,0.5234,1392,135
RSC-2024-03116,v2.3.0,2024-12-13 19:53:49,44,0.0094,0.8223,0.1372,0.5422,871,88
RSC-2024-03117,v2.1.4,2024-08-06 08:18:50,51,0.0288,0.8085,0.1586,0.5064,1028,88
RSC-2024-03118,v2.3.0,2024-07-10 14:51:18,52,0.0263,0.8031,0.138,0.5301,1433,60
RSC-2024-03119,v2.1.3,2024-03-23 02:07:44,55,0.0255,0.7961,0.132,0.545,1191,131
RSC-2024-03120,v2.2.0,2024-01-24 17:33:41,46,0.0602,0.8061,0.142,0.5111,814,85
RSC-2024-03121,v2.2.0,2024-10-21 11:31:11,43,0.0388,0.8042,0.1445,0.5259,1475,80
RSC-2024-03122,v2.1.3,2024-01-29 02:41:18,40,0.0196,0.8142,0.1473,0.5272,1324,136
RSC-2024-03123,v2.3.0,2024-11-07 10:34:33,47,0.012,0.8083,0.1339,0.511,967,100
RSC-2024-03124,v2.2.0,2024-03-08 16:10:49,36,0.0234,0.8133,0.1541,0.5416,1479,44
RSC-2024-03125,v2.3.0,2024-02-03 23:02:25,55,0.017,0.8192,0.151,0.5124,1327,88
RSC-2024-03126,v2.2.0,2024-10-07 04:37:40,53,0.0475,0.8331,0.1716,0.5374,1486,99
RSC-2024-03127,v2.1.3,2024-12-07 16:42:05,48,0.0144,0.823,0.1626,0.4902,1063,79
RSC-2024-03128,v2.1.3,2024-05-19 03:29:44,41,0.0128,0.8349,0.1413,0.4926,1160,90
RSC-2024-03129,v2.2.0,2024-06-25 03:46:27,37,0.016,0.7715,0.1469,0.5206,1274,106
RSC-2024-03130,v2.2.1,2024-09-02 23:32:56,41,0.0131,0.8288,0.1334,0.5113,1032,67
RSC-2024-03131,v2.1.4,2024-11-21 00:23:34,47,0.0293,0.8084,0.1343,0.5417,1287,52
RSC-2024-03132,v2.2.1,2024-12-12 07:31:08,56,0.0419,0.8296,0.1563,0.5163,1328,43
RSC-2024-03133,v2.1.4,2024-01-23 19:50:57,41,0.0257,0.8254,0.1247,0.5146,1509,71
RSC-2024-03134,v2.2.1,2024-10-03 12:58:22,35,0.0308,0.8237,0.1309,0.4918,1034,59
RSC-2024-03135,v2.1.4,2024-01-16 03:24:05,46,0.079,0.821,0.1533,0.5099,892,133
RSC-2024-03136,v2.3.0,2024-08-19 02:13:07,48,0.0529,0.795,0.1586,0.5122,888,24
RSC-2024-03137,v2.3.0,2024-07-29 05:11:23,35,0.0395,0.8119,0.1317,0.499,1019,110
RSC-2024-03138,v2.1.3,2024-06-14 11:49:30,49,0.0418,0.8086,0.1406,0.5146,819,71
RSC-2024-03139,v2.1.4,2024-02-09 22:53:10,44,0.0572,0.8233,0.1382,0.5537,1256,102
RSC-2024-03140,v2.1.3,2024-03-24 01:10:23,37,0.0554,0.7777,0.1257,0.4806,1575,74
RSC-2024-03141,v2.3.0,2024-02-25 10:11:54,46,0.0102,0.8377,0.1497,0.5111,909,132
RSC-2024-03142,v2.3.0,2024-02-09 06:19:11,37,0.0486,0.7895,0.1521,0.5149,1417,51
RSC-2024-03143,v2.1.3,2024-12-17 08:18:45,53,0.0133,0.8243,0.1367,0.5384,1492,48
RSC-2024-03144,v2.3.0,2024-12-18 16:41:07,43,0.0101,0.8251,0.1365,0.5333,1206,48
RSC-2024-03145,v2.3.0,2024-01-06 13:57:56,49,0.0447,0.7863,0.138,0.5268,822,22
RSC-2024-03146,v2.2.0,2024-05-22 19:38:25,39,0.0165,0.823,0.1303,0.5167,1395,40
RSC-2024-03147,v2.1.3,2024-06-26 11:51:01,35,0.021,0.7999,0.1536,0.5192,812,138
RSC-2024-03148,v2.2.1,2024-07-18 01:11:04,38,0.0279,0.8023,0.1643,0.5264,1120,29
RSC-2024-03149,v2.2.1,2024-04-15 22:46:38,41,0.0593,0.8178,0.1463,0.5058,924,127
RSC-2024-03150,v2.2.1,2024-04-28 18:44:33,46,0.0562,0.8162,0.1483,0.4791,1402,23
RSC-2024-03151,v2.2.0,2024-12-01 13:13:18,42,0.0622,0.7847,0.1389,0.5007,1049,134
RSC-2024-03152,v2.2.1,2024-12-24 22:17:12,36,0.0433,0.7936,0.1494,0.5135,805,86
RSC-2024-03153,v2.1.3,2024-01-15 09:07:15,53,0.0297,0.8233,0.1369,0.5139,945,62
RSC-2024-03154,v2.1.4,2024-10-21 13:03:36,42,0.0294,0.8216,0.1205,0.5083,1031,35
RSC-2024-03155,v2.2.0,2024-11-29 12:35:31,55,0.0306,0.7964,0.1385,0.5646,992,106
RSC-2024-03156,v2.2.0,2024-04-21 08:37:14,38,0.0533,0.8178,0.1543,0.5003,1578,59
RSC-2024-03157,v2.1.4,2024-01-23 01:06:08,37,0.0226,0.8277,0.1509,0.479,1496,28
RSC-2024-03158,v2.3.0,2024-04-12 00:01:42,56,0.0242,0.8172,0.1428,0.5133,1423,68
RSC-2024-03159,v2.1.4,2024-06-04 15:02:34,40,0.0243,0.859,0.1346,0.5047,938,93
RSC-2024-03160,v2.1.4,2024-07-27 05:07:50,48,0.0232,0.793,0.1404,0.4826,1005,114
RSC-2024-03161,v2.1.3,2024-07-31 05:41:19,34,0.0588,0.8017,0.129,0.4833,1122,132
RSC-2024-03162,v2.1.3,2024-08-08 07:48:33,39,0.0439,0.8205,0.1451,0.4803,853,51
RSC-2024-03163,v2.2.1,2024-08-26 07:19:54,47,0.018,0.8285,0.1383,0.5169,1152,72
RSC-2024-03164,v2.1.3,2024-09-09 08:06:24,47,0.0217,0.8174,0.1354,0.5348,1541,130
RSC-2024-03165,v2.2.1,2024-01-04 08:03:50,34,0.0275,0.8108,0.1547,0.5438,1234,119
RSC-2024-03166,v2.3.0,2024-09-27 11:37:04,39,0.0235,0.8031,0.1189,0.5416,1161,50
RSC-2024-03167,v2.2.1,2024-03-13 12:35:09,53,0.0082,0.796,0.1516,0.4732,822,135
RSC-2024-03168,v2.3.0,2024-04-14 02:10:06,42,0.0322,0.8504,0.1606,0.4996,811,38
RSC-2024-03169,v2.2.0,2024-09-14 18:38:24,38,0.0661,0.8025,0.1478,0.5029,1592,132
RSC-2024-03170,v2.2.0,2024-02-24 21:51:40,34,0.04,0.8135,0.1329,0.522,1105,129
RSC-2024-03171,v2.2.0,2024-07-12 21:38:16,55,0.0305,0.8086,0.116,0.5015,1552,58
RSC-2024-03172,v2.1.4,2024-12-25 18:14:20,56,0.0206,0.8194,0.1395,0.5172,1371,89
RSC-2024-03173,v2.3.0,2024-05-31 05:04:56,51,0.0142,0.8045,0.1379,0.535,905,111
RSC-2024-03174,v2.3.0,2024-11-11 15:44:39,37,0.05,0.8415,0.1524,0.5,881,50
RSC-2024-03175,v2.2.0,2024-01-03 05:57:34,38,0.0127,0.7925,0.1374,0.5108,1183,90
RSC-2024-03176,v2.2.0,2024-10-30 15:30:45,39,0.0106,0.7817,0.1348,0.5077,1155,90
RSC-2024-03177,v2.3.0,2024-03-17 22:54:28,49,0.0381,0.8338,0.1534,0.5026,992,135
RSC-2024-03178,v2.2.0,2024-04-07 14:31:36,43,0.119,0.7851,0.1604,0.5087,1382,37
RSC-2024-03179,v2.3.0,2024-10-22 23:49:43,42,0.0268,0.8159,0.132,0.4987,1425,113
RSC-2024-03180,v2.1.3,2024-01-17 05:35:41,48,0.031,0.7967,0.1457,0.5107,963,50
RSC-2024-03181,v2.2.0,2024-03-08 03:18:31,39,0.0033,0.8065,0.1313,0.5042,1371,23
RSC-2024-03182,v2.2.0,2024-12-04 14:25:48,51,0.0255,0.8005,0.1245,0.5096,1055,121
RSC-2024-03183,v2.3.0,2024-07-06 01:08:12,40,0.0366,0.8318,0.1396,0.5188,941,139
RSC-2024-03184,v2.1.4,2024-04-16 02:22:00,47,0.0338,0.8024,0.1478,0.5258,1292,93
RSC-2024-03185,v2.2.0,2024-04-06 17:29:35,34,0.0333,0.8104,0.1355,0.4941,1537,132
RSC-2024-03186,v2.1.4,2024-06-11 14:14:20,52,0.022,0.7866,0.1657,0.5132,1138,24
RSC-2024-03187,v2.2.0,2024-12-03 06:26:34,40,0.0562,0.8253,0.1519,0.4649,1149,69
RSC-2024-03188,v2.2.0,2024-07-09 16:42:58,42,0.0175,0.8045,0.157,0.5293,1146,58
RSC-2024-03189,v2.1.3,2024-01-24 03:54:18,37,0.0687,0.7976,0.1452,0.5186,1264,66
RSC-2024-03190,v2.2.1,2024-10-29 22:49:57,49,0.0295,0.8129,0.1338,0.5217,1077,46
RSC-2024-03191,v2.3.0,2024-04-07 05:09:18,39,0.0113,0.7874,0.1372,0.5017,1232,44
RSC-2024-03192,v2.2.0,2024-11-15 01:02:28,44,0.0288,0.8188,0.1428,0.5192,1004,64
RSC-2024-03193,v2.2.1,2024-02-04 18:29:55,40,0.049,0.8259,0.1453,0.5485,942,33
RSC-2024-03194,v2.1.3,2024-02-24 14:14:43,48,0.0157,0.8404,0.1537,0.4963,946,106
RSC-2024-03195,v2.1.4,2024-09-28 23:45:51,46,0.0192,0.8174,0.1398,0.502,1340,53
RSC-2024-03196,v2.3.0,2024-02-12 09:43:00,44,0.0245,0.8028,0.1404,0.4852,1445,126
RSC-2024-03197,v2.2.1,2024-11-15 15:52:16,39,0.0181,0.8143,0.1504,0.5028,1067,115
RSC-2024-03198,v2.2.0,2024-03-28 22:24:48,38,0.0045,0.8314,0.118,0.4767,1520,72
RSC-2024-03199,v2.1.4,2024-11-08 01:15:24,39,0.0133,0.8045,0.1254,0.5008,1308,125
RSC-2024-03200,v2.2.1,2024-05-16 14:37:20,34,0.0122,0.805,0.137,0.5553,1340,30
RSC-2024-03201,v2.2.0,2024-03-31 11:20:42,57,0.0417,0.8314,0.1449,0.5263,855,74
RSC-2024-03202,v2.1.4,2024-08-28 16:49:26,35,0.0375,0.7901,0.1367,0.4887,1525,130
RSC-2024-03203,v2.3.0,2024-01-16 00:37:14,37,0.0581,0.8187,0.1477,0.527,1513,78
RSC-2024-03204,v2.2.1,2024-04-22 15:36:00,50,0.048,0.8362,0.1323,0.4901,938,100
RSC-2024-03205,v2.1.3,2024-06-18 07:11:46,47,0.014,0.8211,0.1458,0.5207,1292,54
RSC-2024-03206,v2.1.3,2024-05-22 06:11:50,39,0.0378,0.7898,0.1465,0.516,1099,29
RSC-2024-03207,v2.1.4,2024-11-17 12:35:05,55,0.041,0.8024,0.1569,0.5161,829,108
RSC-2024-03208,v2.3.0,2024-06-18 22:58:18,50,0.0433,0.8407,0.1519,0.5292,1589,129
RSC-2024-03209,v2.2.1,2024-03-04 05:58:34,46,0.0526,0.7777,0.1351,0.501,1050,105
RSC-2024-03210,v2.1.3,2024-10-25 03:22:56,57,0.062,0.8061,0.1491,0.4802,856,105
RSC-2024-03211,v2.3.0,2024-07-15 02:41:02,56,0.1017,0.7719,0.1435,0.4551,1547,38
RSC-2024-03212,v2.2.0,2024-08-20 08:07:00,34,0.0279,0.8125,0.1578,0.5204,849,52
RSC-2024-03213,v2.1.3,2024-05-02 15:14:36,35,0.0199,0.8042,0.1534,0.4868,1104,33
RSC-2024-03214,v2.3.0,2024-09-06 23:05:39,49,0.0527,0.8248,0.1476,0.5461,821,111
RSC-2024-03215,v2.1.3,2024-11-05 23:50:14,54,0.0074,0.8273,0.1387,0.5172,1450,67
RSC-2024-03216,v2.2.1,2024-04-10 20:01:59,47,0.0389,0.7771,0.1418,0.5124,1512,88
RSC-2024-03217,v2.2.1,2024-04-01 04:29:29,45,0.0177,0.8293,0.163,0.486,887,55
RSC-2024-03218,v2.1.3,2024-10-15 07:53:42,44,0.0325,0.8253,0.1418,0.5099,968,30
RSC-2024-03219,v2.2.1,2024-03-23 08:56:33,45,0.0566,0.8335,0.1518,0.5147,986,26
RSC-2024-03220,v2.3.0,2024-08-27 09:23:22,37,0.0294,0.8247,0.1524,0.4982,871,57
RSC-2024-03221,v2.2.0,2024-02-17 00:46:13,48,0.0192,0.8029,0.1408,0.4939,1520,132
RSC-2024-03222,v2.2.0,2024-02-22 07:05:01,54,0.0491,0.8211,0.1317,0.5198,1248,100
RSC-2024-03223,v2.1.3,2024-11-21 18:19:52,40,0.0638,0.8017,0.1441,0.5237,1418,115
RSC-2024-03224,v2.3.0,2024-08-19 21:16:53,46,0.0293,0.8292,0.1147,0.5274,1175,35
RSC-2024-03225,v2.1.3,2024-01-04 19:03:36,55,0.0604,0.7794,0.14,0.5308,885,39
RSC-2024-03226,v2.3.0,2024-04-07 13:42:39,47,0.0837,0.772,0.1441,0.5073,1058,126
RSC-2024-03227,v2.2.1,2024-11-09 01:06:06,52,0.0509,0.8157,0.1265,0.5256,1547,138
RSC-2024-03228,v2.2.1,2024-09-05 16:51:55,56,0.0203,0.8213,0.141,0.5024,1439,126
RSC-2024-03229,v2.3.0,2024-09-30 18:41:11,35,0.0136,0.8399,0.1508,0.5718,936,62
RSC-2024-03230,v2.2.1,2024-12-09 01:16:26,39,0.0688,0.7857,0.1488,0.4898,1532,105
RSC-2024-03231,v2.1.3,2024-01-06 11:48:11,54,0.024,0.7776,0.1598,0.5008,1290,69
RSC-2024-03232,v2.3.0,2024-09-23 01:55:49,34,0.0887,0.8045,0.1157,0.5174,1175,70
RSC-2024-03233,v2.1.4,2024-11-19 18:57:47,53,0.0504,0.8307,0.1603,0.5093,1248,102
RSC-2024-03234,v2.2.0,2024-04-30 19:36:12,40,0.0178,0.7895,0.1521,0.5146,1285,47
RSC-2024-03235,v2.2.1,2024-11-20 08:34:33,53,0.0121,0.7982,0.1412,0.5071,1204,30
RSC-2024-03236,v2.1.3,2024-06-09 02:24:05,51,0.0113,0.7784,0.1345,0.5032,1005,75
RSC-2024-03237,v2.2.0,2024-10-08 01:44:28,54,0.0393,0.8273,0.1525,0.5149,1074,121
RSC-2024-03238,v2.1.3,2024-07-30 23:33:02,52,0.032,0.8374,0.1479,0.5018,1491,27
RSC-2024-03239,v2.2.0,2024-05-10 00:42:48,44,0.0127,0.8215,0.1509,0.5097,1431,127
RSC-2024-03240,v2.1.4,2024-12-28 08:15:43,44,0.0073,0.8301,0.1325,0.5023,1115,36
RSC-2024-03241,v2.2.1,2024-05-09 10:06:52,35,0.0355,0.8112,0.1599,0.4899,1488,40
RSC-2024-03242,v2.2.1,2024-02-06 16:42:08,37,0.0743,0.8156,0.1605,0.5116,1263,122
RSC-2024-03243,v2.2.1,2024-12-04 21:12:36,42,0.044,0.8066,0.1367,0.495,878,33
RSC-2024-03244,v2.2.0,2024-02-15 01:46:13,40,0.0252,0.8127,0.1408,0.536,1339,109
RSC-2024-03245,v2.1.4,2024-03-02 11:56:05,47,0.0686,0.8482,0.1286,0.5088,1299,78
RSC-2024-03246,v2.2.0,2024-05-24 00:01:59,46,0.0298,0.807,0.1497,0.5185,874,131
RSC-2024-03247,v2.1.4,2024-09-28 05:03:01,34,0.0724,0.8201,0.1526,0.4851,1466,78
RSC-2024-03248,v2.2.0,2024-07-21 03:07:18,44,0.0434,0.8012,0.1537,0.4885,1001,96
RSC-2024-03249,v2.3.0,2024-12-21 04:38:49,54,0.003,0.8487,0.1568,0.5231,1506,75
RSC-2024-03250,v2.2.1,2024-01-02 10:27:15,48,0.0267,0.8292,0.1397,0.5076,1113,101
RSC-2024-03251,v2.3.0,2024-09-22 16:34:20,34,0.0623,0.8062,0.1427,0.5169,1041,109
RSC-2024-03252,v2.1.4,2024-05-10 00:30:19,56,0.0212,0.8024,0.141,0.5143,1096,138
RSC-2024-03253,v2.1.4,2024-07-13 21:28:54,52,0.0347,0.8212,0.1285,0.5013,1599,63
RSC-2024-03254,v2.1.3,2024-11-26 15:53:13,35,0.0243,0.8275,0.1358,0.4952,1567,29
RSC-2024-03255,v2.2.1,2024-05-15 00:56:25,45,0.0609,0.8432,0.1292,0.4864,926,85
RSC-2024-03256,v2.1.3,2024-04-17 11:25:03,36,0.0192,0.815,0.159,0.5554,1095,77
RSC-2024-03257,v2.2.0,2024-10-29 16:07:18,38,0.0587,0.7943,0.1511,0.5193,1255,112
RSC-2024-03258,v2.2.1,2024-09-29 09:43:20,41,0.0158,0.7919,0.1662,0.4985,1513,66
RSC-2024-03259,v2.2.0,2024-06-06 20:43:58,44,0.0312,0.8204,0.1541,0.5262,1456,91
RSC-2024-03260,v2.1.4,2024-07-22 20:36:02,42,0.0434,0.8067,0.1386,0.5312,1460,135
RSC-2024-03261,v2.1.4,2024-04-19 23:53:48,45,0.073,0.8208,0.1438,0.4924,1021,112
RSC-2024-03262,v2.2.0,2024-07-21 06:08:38,40,0.0189,0.8162,0.1413,0.5043,1025,60
RSC-2024-03263,v2.2.1,2024-12-29 14:21:19,45,0.0328,0.8214,0.1186,0.4921,1456,125
RSC-2024-03264,v2.2.0,2024-07-13 02:19:59,41,0.0362,0.8139,0.1507,0.4991,1382,37
RSC-2024-03265,v2.1.4,2024-01-04 03:09:31,44,0.0144,0.8067,0.1421,0.5059,1577,77
RSC-2024-03266,v2.1.3,2024-12-16 10:44:49,40,0.0629,0.8154,0.1571,0.4914,1126,99
RSC-2024-03267,v2.1.3,2024-10-19 15:48:13,56,0.0209,0.8342,0.1589,0.5001,832,69
RSC-2024-03268,v2.2.0,2024-05-01 14:55:10,56,0.0334,0.8172,0.1535,0.5213,863,45
RSC-2024-03269,v2.3.0,2024-06-19 18:32:27,43,0.048,0.8107,0.1576,0.487,895,92
RSC-2024-03270,v2.1.4,2024-09-25 12:12:54,39,0.0262,0.8176,0.1568,0.531,1029,27
RSC-2024-03271,v2.2.0,2024-09-02 19:39:29,56,0.0508,0.7935,0.1294,0.4771,1291,80
RSC-2024-03272,v2.2.0,2024-12-14 14:41:54,55,0.0956,0.8033,0.1425,0.5292,1182,68
RSC-2024-03273,v2.2.0,2024-12-27 13:00:32,36,0.031,0.7807,0.1556,0.5661,1318,33
RSC-2024-03274,v2.2.0,2024-06-15 09:01:39,51,0.0081,0.8077,0.1552,0.5272,1444,42
RSC-2024-03275,v2.1.4,2024-09-22 16:39:14,53,0.0424,0.8057,0.1304,0.5154,892,52
RSC-2024-03276,v2.1.3,2024-07-15 17:41:35,39,0.0502,0.8013,0.1276,0.5026,1452,45
RSC-2024-03277,v2.3.0,2024-06-09 01:07:46,54,0.0397,0.7988,0.139,0.5185,1460,131
RSC-2024-03278,v2.2.1,2024-10-28 22:57:40,34,0.0498,0.8258,0.1361,0.5093,978,21
RSC-2024-03279,v2.2.0,2024-09-29 22:01:20,50,0.0046,0.8082,0.1489,0.5211,1465,30
RSC-2024-03280,v2.3.0,2024-07-29 22:06:12,50,0.0507,0.8152,0.1347,0.5163,1193,110
RSC-2024-03281,v2.2.1,2024-03-03 22:55:21,52,0.0596,0.8107,0.1604,0.4987,896,132
RSC-2024-03282,v2.2.1,2024-01-10 12:04:17,40,0.0561,0.811,0.1463,0.4926,1192,72
RSC-2024-03283,v2.2.1,2024-06-04 10:16:53,43,0.026,0.8183,0.1333,0.5136,974,112
RSC-2024-03284,v2.3.0,2024-02-01 23:07:20,52,0.0353,0.8009,0.1567,0.5452,872,40
RSC-2024-03285,v2.2.1,2024-12-22 23:02:09,41,0.0444,0.84,0.1447,0.4893,1568,34
RSC-2024-03286,v2.2.0,2024-05-21 22:29:27,53,0.0239,0.8065,0.1249,0.4944,1352,108
RSC-2024-03287,v2.3.0,2024-03-13 21:02:36,47,0.0545,0.8286,0.1396,0.4965,1379,55
RSC-2024-03288,v2.2.0,2024-09-16 02:01:14,41,0.0168,0.8035,0.162,0.5404,1091,80
RSC-2024-03289,v2.1.3,2024-11-21 20:27:56,45,0.0585,0.8053,0.1225,0.4936,1292,40
RSC-2024-03290,v2.3.0,2024-02-16 10:57:20,52,0.0245,0.8066,0.1445,0.5155,1439,83
RSC-2024-03291,v2.1.4,2024-01-21 11:45:19,43,0.0404,0.7863,0.1393,0.5252,1165,119
RSC-2024-03292,v2.2.0,2024-10-04 13:36:12,37,0.0433,0.8057,0.1503,0.479,1313,139
RSC-2024-03293,v2.1.3,2024-05-02 13:39:28,49,0.034,0.8282,0.1475,0.5003,1552,136
RSC-2024-03294,v2.1.4,2024-04-11 20:59:28,35,0.0214,0.8152,0.1219,0.4949,1162,115
RSC-2024-03295,v2.3.0,2024-07-17 22:18:16,49,0.0541,0.7969,0.1332,0.5361,1345,41
RSC-2024-03296,v2.2.1,2024-06-22 11:14:38,56,0.0878,0.8155,0.1318,0.5163,1109,20
RSC-2024-03297,v2.1.4,2024-12-12 22:33:03,52,0.0658,0.8214,0.1471,0.534,1239,21
RSC-2024-03298,v2.3.0,2024-10-22 08:09:26,50,0.03,0.8058,0.1342,0.5202,1500,88
RSC-2024-03299,v2.1.4,2024-04-07 07:17:45,53,0.0339,0.8149,0.1502,0.5231,983,137
RSC-2024-03300,v2.1.3,2024-09-15 08:43:29,47,0.0331,0.7919,0.1322,0.4919,1005,81
RSC-2024-03301,v2.2.1,2024-02-24 09:08:06,49,0.0173,0.8174,0.1544,0.5055,1294,42
RSC-2024-03302,v2.2.1,2024-08-24 12:39:29,39,0.0135,0.808,0.1384,0.5219,1586,107
RSC-2024-03303,v2.1.3,2024-07-28 10:33:22,43,0.0166,0.7928,0.1445,0.4983,1468,73
RSC-2024-03304,v2.1.4,2024-08-05 10:53:39,35,0.0123,0.7994,0.1459,0.5391,1282,24
RSC-2024-03305,v2.1.3,2024-05-19 09:08:39,56,0.044,0.7925,0.1318,0.4898,1446,134
RSC-2024-03306,v2.1.3,2024-11-22 19:39:05,55,0.0846,0.8331,0.1292,0.503,1260,120
RSC-2024-03307,v2.1.3,2024-09-18 12:06:01,46,0.0573,0.7825,0.1414,0.5214,1428,67
RSC-2024-03308,v2.1.4,2024-11-24 02:16:14,53,0.0345,0.8044,0.167,0.5,1142,87
RSC-2024-03309,v2.1.3,2024-10-22 06:36:56,48,0.0218,0.808,0.1241,0.4925,1376,78
RSC-2024-03310,v2.2.0,2024-03-09 22:29:00,39,0.0602,0.7808,0.1166,0.4985,978,53
RSC-2024-03311,v2.1.3,2024-10-31 14:42:36,41,0.0139,0.8361,0.1353,0.4825,886,64
RSC-2024-03312,v2.3.0,2024-10-02 07:49:05,49,0.0167,0.8181,0.1433,0.4935,895,41
RSC-2024-03313,v2.1.4,2024-02-27 21:26:50,41,0.046,0.8392,0.1429,0.4964,828,22
RSC-2024-03314,v2.2.0,2024-02-17 07:05:15,55,0.0753,0.8311,0.1405,0.5296,1298,135
RSC-2024-03315,v2.1.3,2024-05-31 09:31:51,44,0.0965,0.823,0.1554,0.5508,1345,90
RSC-2024-03316,v2.2.0,2024-02-09 23:35:31,34,0.0543,0.8166,0.1432,0.4912,1019,62
RSC-2024-03317,v2.1.3,2024-08-14 11:28:32,49,0.0264,0.8081,0.1329,0.4835,1266,59
RSC-2024-03318,v2.1.3,2024-02-07 21:19:26,45,0.0186,0.7928,0.104,0.4972,1040,56
RSC-2024-03319,v2.2.1,2024-03-16 16:41:45,54,0.0526,0.8058,0.1524,0.4998,1236,54
RSC-2024-03320,v2.3.0,2024-09-08 00:56:48,57,0.0059,0.7981,0.1805,0.5037,1161,71
RSC-2024-03321,v2.1.3,2024-09-16 22:15:05,34,0.0159,0.7882,0.1489,0.4892,1282,50
RSC-2024-03322,v2.3.0,2024-07-14 14:36:49,46,0.0587,0.8025,0.153,0.4901,924,105
RSC-2024-03323,v2.1.4,2024-02-17 12:41:18,38,0.0184,0.8137,0.1201,0.5287,1084,69
RSC-2024-03324,v2.2.0,2024-09-26 14:58:33,50,0.0414,0.8276,0.1401,0.5026,1570,93
RSC-2024-03325,v2.1.4,2024-04-10 10:59:33,43,0.0796,0.8004,0.1453,0.5133,1305,107
RSC-2024-03326,v2.3.0,2024-11-20 06:58:57,55,0.0494,0.8283,0.1408,0.5097,1200,131
RSC-2024-03327,v2.2.1,2024-04-23 15:17:53,50,0.0178,0.8169,0.154,0.5055,1390,109
RSC-2024-03328,v2.2.1,2024-12-09 02:11:02,41,0.0114,0.8195,0.1368,0.5042,1306,126
RSC-2024-03329,v2.3.0,2024-10-30 18:32:20,51,0.0005,0.7906,0.1518,0.5411,1275,92
RSC-2024-03330,v2.2.0,2024-09-29 05:14:16,55,0.0336,0.8269,0.1495,0.5015,1526,132
RSC-2024-03331,v2.1.4,2024-02-25 14:05:28,41,0.0243,0.819,0.1473,0.5173,961,64
RSC-2024-03332,v2.2.0,2024-01-06 11:41:27,35,0.063,0.8264,0.1526,0.5178,931,67
RSC-2024-03333,v2.2.1,2024-06-27 16:16:52,55,0.0139,0.7924,0.1298,0.4879,1467,44
RSC-2024-03334,v2.1.4,2024-04-08 08:08:34,40,0.008,0.8025,0.1457,0.5041,994,139
RSC-2024-03335,v2.1.3,2024-06-21 15:50:29,45,0.0852,0.849,0.1225,0.5035,1259,44
RSC-2024-03336,v2.3.0,2024-10-04 09:13:39,52,0.0275,0.7814,0.1265,0.5259,1434,105
RSC-2024-03337,v2.2.0,2024-10-09 19:05:24,53,0.0576,0.788,0.1467,0.4853,1580,38
RSC-2024-03338,v2.1.3,2024-07-09 23:57:01,37,0.0211,0.8198,0.1479,0.496,1102,88
RSC-2024-03339,v2.2.0,2024-06-12 15:42:51,45,0.0633,0.828,0.156,0.5105,1455,82
RSC-2024-03340,v2.1.3,2024-10-28 02:15:34,43,0.0365,0.808,0.1262,0.5083,1454,50
RSC-2024-03341,v2.3.0,2024-11-19 04:31:32,46,0.0834,0.8051,0.1338,0.51,1304,116
RSC-2024-03342,v2.1.4,2024-04-29 15:01:58,51,0.0423,0.8242,0.1355,0.523,942,56
RSC-2024-03343,v2.2.1,2024-12-28 11:12:21,44,0.0595,0.8117,0.1432,0.469,865,83
RSC-2024-03344,v2.3.0,2024-05-28 22:14:26,50,0.0216,0.8165,0.1466,0.5153,1054,120
RSC-2024-03345,v2.3.0,2024-10-16 06:36:17,45,0.0305,0.8082,0.139,0.5367,805,66
RSC-2024-03346,v2.2.0,2024-07-23 21:40:27,41,0.0171,0.8183,0.1498,0.5478,1489,124
RSC-2024-03347,v2.1.3,2024-08-31 22:26:26,37,0.0346,0.7948,0.129,0.5329,917,30
RSC-2024-03348,v2.1.4,2024-01-16 12:42:34,56,0.0353,0.8138,0.1459,0.4662,1090,62
RSC-2024-03349,v2.2.1,2024-06-22 09:14:59,47,0.0436,0.8132,0.1513,0.4902,1556,67
RSC-2024-03350,v2.3.0,2024-01-31 18:15:35,53,0.1001,0.8287,0.1324,0.5696,979,44
RSC-2024-03351,v2.1.3,2024-01-13 22:05:16,43,0.1339,0.8195,0.1472,0.5027,1393,106
RSC-2024-03352,v2.3.0,2024-02-28 18:29:47,35,0.0329,0.8107,0.159,0.5266,1503,85
RSC-2024-03353,v2.3.0,2024-12-10 20:29:00,37,0.0388,0.8311,0.1452,0.5241,1034,131
RSC-2024-03354,v2.2.0,2024-02-01 01:28:56,41,0.066,0.7696,0.1506,0.4944,1249,40
RSC-2024-03355,v2.1.4,2024-02-05 06:09:22,42,0.0179,0.8128,0.143,0.4933,1598,124
RSC-2024-03356,v2.2.1,2024-06-08 21:37:36,53,0.0292,0.8244,0.1457,0.5357,1407,25
RSC-2024-03357,v2.1.4,2024-02-29 09:27:19,47,0.014,0.7943,0.1386,0.4918,1292,35
RSC-2024-03358,v2.3.0,2024-08-02 05:33:57,47,0.0743,0.8032,0.142,0.498,1340,105
RSC-2024-03359,v2.1.4,2024-05-08 13:51:57,54,0.0471,0.7935,0.1325,0.5319,1482,20
RSC-2024-03360,v2.1.3,2024-12-04 16:48:24,42,0.0174,0.8316,0.1051,0.5368,1530,71
RSC-2024-03361,v2.2.1,2024-12-11 21:03:45,51,0.0387,0.8513,0.1379,0.5358,1510,83
RSC-2024-03362,v2.3.0,2024-11-19 10:35:17,44,0.0218,0.7735,0.131,0.5245,870,95
RSC-2024-03363,v2.2.0,2024-04-08 20:47:00,40,0.0262,0.8147,0.1488,0.507,883,59
RSC-2024-03364,v2.2.0,2024-07-28 18:18:02,43,0.0934,0.8323,0.1376,0.5311,1339,136
RSC-2024-03365,v2.1.3,2024-03-17 17:12:58,47,0.0945,0.8057,0.1687,0.5049,1283,120
RSC-2024-03366,v2.3.0,2024-05-14 04:52:22,49,0.0531,0.7983,0.1445,0.5182,1192,43
RSC-2024-03367,v2.2.0,2024-09-10 05:25:34,57,0.0306,0.7998,0.1384,0.5235,1186,86
RSC-2024-03368,v2.3.0,2024-07-05 22:30:06,45,0.02,0.7957,0.1394,0.5181,1122,139
RSC-2024-03369,v2.2.1,2024-02-07 18:27:38,44,0.0223,0.8311,0.1424,0.5297,812,49
RSC-2024-03370,v2.2.1,2024-03-07 06:51:34,41,0.0859,0.7937,0.138,0.5375,847,123
RSC-2024-03371,v2.1.4,2024-10-27 10:44:35,36,0.0227,0.7789,0.1634,0.5455,1128,39
RSC-2024-03372,v2.2.0,2024-08-30 19:59:14,36,0.0365,0.8016,0.1323,0.4912,830,48
RSC-2024-03373,v2.1.4,2024-03-24 08:25:56,46,0.032,0.8004,0.1499,0.53,1267,125
RSC-2024-03374,v2.3.0,2024-09-18 22:02:08,37,0.1244,0.8202,0.1449,0.4749,1025,37
RSC-2024-03375,v2.2.1,2024-07-21 16:01:36,36,0.0577,0.8468,0.1528,0.5477,1302,82
RSC-2024-03376,v2.3.0,2024-11-17 02:48:15,48,0.0202,0.807,0.1426,0.4836,1526,91
RSC-2024-03377,v2.1.3,2024-07-08 10:19:42,45,0.1016,0.8051,0.1354,0.5278,1365,54
RSC-2024-03378,v2.3.0,2024-03-24 00:26:48,37,0.0259,0.7992,0.1249,0.4849,951,68
RSC-2024-03379,v2.2.1,2024-05-10 02:59:24,38,0.0708,0.8173,0.1515,0.5071,1584,135
RSC-2024-03380,v2.2.1,2024-04-19 06:12:54,39,0.0788,0.8049,0.1418,0.5197,831,134
RSC-2024-03381,v2.1.4,2024-10-17 18:41:05,42,0.0187,0.81,0.1556,0.5505,1478,131
RSC-2024-03382,v2.2.1,2024-11-20 01:39:41,36,0.0434,0.7998,0.1244,0.5262,1198,110
RSC-2024-03383,v2.2.0,2024-03-30 06:48:12,35,0.0587,0.8147,0.1333,0.5106,869,103
RSC-2024-03384,v2.1.3,2024-03-07 09:40:25,49,0.0368,0.8317,0.1573,0.5085,1237,24
RSC-2024-03385,v2.2.0,2024-03-21 07:13:42,49,0.0032,0.7971,0.1512,0.4868,1121,86
RSC-2024-03386,v2.1.3,2024-09-25 09:39:10,44,0.1504,0.8332,0.1427,0.5288,1086,124
RSC-2024-03387,v2.2.0,2024-01-03 19:23:37,42,0.0491,0.8093,0.1587,0.5285,1374,122
RSC-2024-03388,v2.2.1,2024-09-23 10:12:17,49,0.0085,0.8015,0.1589,0.5223,1249,74
RSC-2024-03389,v2.3.0,2024-08-07 20:37:41,41,0.0561,0.8135,0.1559,0.5171,952,79
RSC-2024-03390,v2.3.0,2024-05-27 23:24:02,46,0.0275,0.7899,0.1432,0.5389,1410,35
RSC-2024-03391,v2.1.3,2024-05-13 15:28:17,45,0.0614,0.814,0.1519,0.5209,1106,54
RSC-2024-03392,v2.1.3,2024-09-01 08:06:41,41,0.0482,0.8066,0.1349,0.5039,826,139
RSC-2024-03393,v2.1.3,2024-01-03 17:30:48,47,0.0363,0.8003,0.1401,0.513,1286,72
RSC-2024-03394,v2.3.0,2024-01-27 09:14:47,35,0.0223,0.8446,0.1273,0.5214,985,90
RSC-2024-03395,v2.1.3,2024-12-29 09:26:52,55,0.0679,0.8026,0.1642,0.4916,1311,104
RSC-2024-03396,v2.2.1,2024-11-29 09:10:14,49,0.0834,0.8197,0.1341,0.5092,1052,128
RSC-2024-03397,v2.1.4,2024-07-06 12:27:42,50,0.0191,0.8248,0.1672,0.5146,823,79
RSC-2024-03398,v2.1.4,2024-02-04 10:16:07,46,0.0481,0.7963,0.1533,0.5245,1059,109
RSC-2024-03399,v2.2.1,2024-11-26 06:09:18,43,0.0171,0.8127,0.1504,0.5499,803,80
RSC-2024-03400,v2.1.3,2024-10-06 13:10:53,46,0.0511,0.8328,0.1538,0.5179,930,98
RSC-2024-03401,v2.1.3,2024-03-21 09:26:34,36,0.0616,0.7939,0.1566,0.5242,1133,30
RSC-2024-03402,v2.2.0,2024-08-30 04:32:30,36,0.0384,0.8086,0.1549,0.5248,1190,125
RSC-2024-03403,v2.1.3,2024-12-16 02:58:50,40,0.0757,0.7971,0.1397,0.525,1077,80
RSC-2024-03404,v2.2.0,2024-07-26 02:46:04,41,0.0082,0.8222,0.136,0.4823,1565,28
RSC-2024-03405,v2.3.0,2024-04-24 10:46:02,53,0.0062,0.8051,0.1307,0.5287,1516,113
RSC-2024-03406,v2.2.1,2024-06-25 20:51:04,46,0.0473,0.804,0.1273,0.5403,1431,121
RSC-2024-03407,v2.2.1,2024-12-16 21:59:42,55,0.075,0.8241,0.1534,0.5364,1552,76
RSC-2024-03408,v2.2.0,2024-10-02 15:36:46,50,0.0512,0.8089,0.1508,0.4869,1059,35
RSC-2024-03409,v2.1.3,2024-01-22 12:20:37,56,0.024,0.7995,0.1525,0.5196,1535,52
RSC-2024-03410,v2.2.0,2024-03-22 00:43:11,52,0.004,0.8317,0.1423,0.5394,803,89
RSC-2024-03411,v2.1.4,2024-02-08 20:09:38,35,0.0316,0.8125,0.1418,0.5301,1444,102
RSC-2024-03412,v2.1.4,2024-07-22 02:44:50,47,0.0369,0.8299,0.1386,0.4995,1062,33
RSC-2024-03413,v2.2.1,2024-07-08 19:56:57,37,0.0663,0.8305,0.1522,0.5028,1344,65
RSC-2024-03414,v2.2.1,2024-05-20 16:01:10,40,0.0355,0.8049,0.1628,0.5285,1082,67
RSC-2024-03415,v2.1.3,2024-07-06 06:58:57,51,0.0216,0.8142,0.136,0.5269,1320,136
RSC-2024-03416,v2.3.0,2024-10-08 15:10:47,56,0.005,0.7819,0.1559,0.5336,1336,99
RSC-2024-03417,v2.1.3,2024-02-03 21:25:21,36,0.0592,0.8157,0.1722,0.5183,1084,71
RSC-2024-03418,v2.2.1,2024-07-30 10:33:58,41,0.0148,0.8295,0.132,0.4975,1434,23
RSC-2024-03419,v2.3.0,2024-12-22 21:32:25,45,0.0226,0.8134,0.1506,0.4947,1219,40
RSC-2024-03420,v2.2.0,2024-12-09 04:14:57,37,0.0364,0.8307,0.1485,0.5051,1075,86
RSC-2024-03421,v2.1.3,2024-07-26 05:39:04,42,0.0411,0.8309,0.1357,0.5207,871,127
RSC-2024-03422,v2.3.0,2024-02-15 21:56:55,46,0.0235,0.8041,0.1351,0.5136,1144,49
RSC-2024-03423,v2.2.0,2024-10-28 01:57:01,42,0.0183,0.8045,0.1237,0.5109,1289,50
RSC-2024-03424,v2.1.3,2024-06-15 15:59:58,41,0.0238,0.8278,0.1499,0.5117,1397,54
RSC-2024-03425,v2.1.3,2024-10-10 14:05:21,38,0.0164,0.7872,0.1418,0.5356,1253,36
RSC-2024-03426,v2.1.3,2024-05-13 16:41:21,41,0.0278,0.7839,0.1389,0.5084,1050,128
RSC-2024-03427,v2.2.1,2024-07-22 04:19:40,49,0.0075,0.8127,0.1453,0.5118,915,58
RSC-2024-03428,v2.2.1,2024-01-22 05:11:37,52,0.0473,0.7916,0.1458,0.5387,1531,32
RSC-2024-03429,v2.3.0,2024-12-24 00:54:31,56,0.0631,0.7839,0.1651,0.49,1355,94
RSC-2024-03430,v2.2.0,2024-05-09 14:18:23,40,0.0101,0.7944,0.1488,0.5197,1586,39
RSC-2024-03431,v2.1.4,2024-11-03 02:15:35,43,0.0634,0.8101,0.166,0.5316,935,60
RSC-2024-03432,v2.2.1,2024-06-25 20:46:32,56,0.0566,0.8042,0.1341,0.5165,894,36
RSC-2024-03433,v2.3.0,2024-09-23 07:41:59,57,0.0166,0.7892,0.1249,0.5261,1464,134
RSC-2024-03434,v2.1.4,2024-12-02 00:59:25,53,0.0057,0.8193,0.1439,0.4906,1102,134
RSC-2024-03435,v2.2.0,2024-07-06 04:53:07,50,0.012,0.8403,0.1623,0.5563,1339,40
RSC-2024-03436,v2.2.0,2024-12-15 13:12:32,50,0.1179,0.7917,0.1225,0.5323,1428,28
RSC-2024-03437,v2.3.0,2024-01-07 08:20:00,41,0.0756,0.8111,0.1426,0.4772,1559,111
RSC-2024-03438,v2.1.4,2024-07-07 16:53:16,55,0.1034,0.8363,0.1354,0.5144,1023,61
RSC-2024-03439,v2.2.0,2024-05-22 09:11:13,52,0.0657,0.7917,0.1319,0.5266,1277,96
RSC-2024-03440,v2.1.4,2024-01-16 01:00:09,43,0.01,0.8049,0.142,0.4946,800,139
RSC-2024-03441,v2.2.1,2024-10-27 05:23:44,49,0.0393,0.8044,0.1442,0.4909,915,136
RSC-2024-03442,v2.1.4,2024-11-03 18:30:08,46,0.059,0.8189,0.1448,0.5094,869,94
RSC-2024-03443,v2.1.4,2024-09-28 23:08:09,36,0.0215,0.8234,0.1465,0.503,1263,86
RSC-2024-03444,v2.1.4,2024-02-06 16:00:36,51,0.0849,0.8108,0.146,0.5135,875,93
RSC-2024-03445,v2.3.0,2024-02-27 04:13:26,41,0.0312,0.8028,0.1639,0.5174,1206,20
RSC-2024-03446,v2.3.0,2024-01-05 11:58:24,57,0.0415,0.8516,0.1409,0.5134,1373,29
RSC-2024-03447,v2.3.0,2024-07-31 15:06:22,41,0.0438,0.7902,0.1324,0.4956,1350,112
RSC-2024-03448,v2.2.0,2024-10-28 18:15:00,46,0.0586,0.8335,0.1424,0.4764,1316,124
RSC-2024-03449,v2.2.0,2024-03-27 22:43:02,39,0.0146,0.8144,0.1378,0.5008,1511,31
RSC-2024-03450,v2.2.1,2024-05-25 10:59:54,51,0.006,0.8157,0.1553,0.5055,883,138
RSC-2024-03451,v2.1.4,2024-06-09 06:45:38,45,0.0241,0.8158,0.154,0.5258,1034,99
RSC-2024-03452,v2.1.4,2024-04-03 10:40:24,43,0.0072,0.8042,0.1625,0.5287,854,92
RSC-2024-03453,v2.2.0,2024-02-25 19:23:30,43,0.0185,0.8417,0.1272,0.457,1468,112
RSC-2024-03454,v2.2.1,2024-06-21 21:17:54,54,0.016,0.7943,0.1469,0.5141,1319,25
RSC-2024-03455,v2.2.1,2024-06-22 06:14:38,52,0.0458,0.7968,0.1489,0.4806,893,117
RSC-2024-03456,v2.1.3,2024-05-09 01:41:27,45,0.0912,0.8011,0.1375,0.5263,1316,30
RSC-2024-03457,v2.1.3,2024-08-17 05:11:57,50,0.1068,0.8011,0.1554,0.4796,1581,83
RSC-2024-03458,v2.3.0,2024-08-22 21:40:11,46,0.0281,0.818,0.142,0.5203,1507,40
RSC-2024-03459,v2.3.0,2024-08-18 11:39:39,48,0.0347,0.7957,0.1594,0.5328,1168,65
RSC-2024-03460,v2.1.3,2024-10-07 00:52:50,41,0.0436,0.7796,0.1558,0.499,1227,36
RSC-2024-03461,v2.2.1,2024-11-17 13:03:29,53,0.0145,0.8221,0.1393,0.5087,894,70
RSC-2024-03462,v2.1.4,2024-01-27 22:14:32,50,0.0338,0.7902,0.1472,0.5136,1227,33
RSC-2024-03463,v2.2.0,2024-11-07 04:25:52,40,0.0618,0.7887,0.1384,0.4963,917,93
RSC-2024-03464,v2.1.4,2024-08-02 22:18:27,52,0.0522,0.8123,0.1147,0.5192,1572,36
RSC-2024-03465,v2.2.0,2024-08-22 17:29:40,38,0.0061,0.8321,0.1487,0.4876,823,21
RSC-2024-03466,v2.1.3,2024-07-03 06:44:10,56,0.0605,0.7935,0.166,0.5014,1280,61
RSC-2024-03467,v2.1.3,2024-08-18 19:35:40,35,0.0288,0.8044,0.1703,0.5043,1405,126
RSC-2024-03468,v2.3.0,2024-08-29 19:23:20,46,0.0244,0.8278,0.1239,0.5291,1226,84
RSC-2024-03469,v2.3.0,2024-08-22 19:13:03,52,0.009,0.7921,0.1229,0.5335,1213,24
RSC-2024-03470,v2.3.0,2024-12-03 10:14:25,36,0.0377,0.8179,0.1539,0.5351,968,28
RSC-2024-03471,v2.1.4,2024-11-09 13:50:00,50,0.0415,0.848,0.1461,0.5181,1103,128
RSC-2024-03472,v2.2.1,2024-11-04 20:10:38,34,0.0271,0.8031,0.1479,0.5048,1494,137
RSC-2024-03473,v2.1.4,2024-03-03 08:49:24,49,0.0681,0.8245,0.1304,0.5662,982,104
RSC-2024-03474,v2.1.3,2024-07-06 11:51:04,38,0.0237,0.7942,0.1522,0.5193,1087,92
RSC-2024-03475,v2.3.0,2024-09-05 11:26:30,36,0.0414,0.8256,0.1407,0.5343,1485,87
RSC-2024-03476,v2.2.0,2024-12-23 07:26:08,41,0.0222,0.8259,0.159,0.5156,1239,37
RSC-2024-03477,v2.2.1,2024-07-30 09:05:31,52,0.0536,0.8214,0.1598,0.5132,1490,107
RSC-2024-03478,v2.3.0,2024-06-05 01:33:56,51,0.0469,0.7816,0.1477,0.5162,817,115
RSC-2024-03479,v2.2.1,2024-07-02 20:49:09,57,0.0491,0.8344,0.1423,0.5129,1371,46
RSC-2024-03480,v2.1.4,2024-12-19 10:16:52,52,0.037,0.8099,0.126,0.4932,881,92
RSC-2024-03481,v2.1.4,2024-11-17 18:09:43,49,0.1154,0.7711,0.1565,0.552,1422,34
RSC-2024-03482,v2.3.0,2024-11-29 11:29:09,39,0.0199,0.826,0.1432,0.5026,1285,114
RSC-2024-03483,v2.2.0,2024-06-23 03:18:42,42,0.002,0.8213,0.1596,0.4863,1255,75
RSC-2024-03484,v2.2.0,2024-12-09 13:07:59,51,0.0093,0.8372,0.1441,0.5099,1559,95
RSC-2024-03485,v2.1.4,2024-07-21 15:15:23,34,0.0254,0.8171,0.1429,0.4903,1347,46
RSC-2024-03486,v2.1.4,2024-10-06 07:47:29,49,0.0758,0.8132,0.1354,0.5296,1460,126
RSC-2024-03487,v2.3.0,2024-01-29 22:39:23,51,0.0625,0.8224,0.1644,0.5052,1204,119
RSC-2024-03488,v2.1.3,2024-03-13 17:08:34,53,0.0015,0.7892,0.1326,0.483,1101,36
RSC-2024-03489,v2.1.3,2024-01-21 01:03:56,44,0.0573,0.8152,0.1397,0.5517,890,128
RSC-2024-03490,v2.2.0,2024-09-13 10:01:51,47,0.016,0.8391,0.1382,0.5272,1325,29
RSC-2024-03491,v2.2.1,2024-10-05 22:31:41,53,0.0241,0.7829,0.1315,0.5076,1412,113
RSC-2024-03492,v2.1.4,2024-01-13 19:30:06,53,0.0033,0.8142,0.1626,0.4936,1328,25
RSC-2024-03493,v2.2.1,2024-10-18 05:26:41,34,0.074,0.8246,0.1491,0.4928,1459,70
RSC-2024-03494,v2.3.0,2024-01-04 03:38:14,36,0.0518,0.7988,0.1208,0.505,902,90
RSC-2024-03495,v2.2.1,2024-05-11 10:22:49,38,0.0166,0.7971,0.1193,0.5133,1506,96
RSC-2024-03496,v2.2.0,2024-04-29 13:50:49,36,0.0425,0.8305,0.1333,0.5181,1034,96
RSC-2024-03497,v2.1.4,2024-08-01 19:04:07,36,0.0275,0.8225,0.125,0.5378,967,112
RSC-2024-03498,v2.3.0,2024-04-04 17:42:33,48,0.0156,0.8315,0.1533,0.5146,804,126
RSC-2024-03499,v2.1.3,2024-01-07 05:29:58,47,0.0497,0.8325,0.1464,0.5094,1371,121
RSC-2024-03500,v2.1.3,2024-12-02 16:36:55,38,0.0094,0.8397,0.1522,0.5129,1515,97
RSC-2024-03501,v2.3.0,2024-02-15 11:32:05,37,0.1256,0.809,0.1611,0.5254,1598,132
RSC-2024-03502,v2.1.3,2024-10-14 05:14:21,53,0.0442,0.806,0.1154,0.5233,880,109
RSC-2024-03503,v2.2.0,2024-04-26 12:19:12,37,0.0061,0.794,0.121,0.5009,1274,39
RSC-2024-03504,v2.1.3,2024-04-28 07:10:46,35,0.1034,0.8168,0.1604,0.4895,1348,32
RSC-2024-03505,v2.1.4,2024-07-09 07:34:07,45,0.0455,0.827,0.1555,0.5258,1208,138
RSC-2024-03506,v2.2.0,2024-08-13 10:48:22,57,0.0122,0.8064,0.1558,0.4843,1182,128
RSC-2024-03507,v2.1.4,2024-10-26 18:16:50,43,0.051,0.8376,0.1504,0.5094,1393,51
RSC-2024-03508,v2.2.0,2024-06-24 21:17:17,34,0.0279,0.8008,0.1367,0.5211,1123,104
RSC-2024-03509,v2.1.4,2024-11-11 23:26:11,47,0.0529,0.8362,0.1695,0.5272,1373,71
RSC-2024-03510,v2.2.0,2024-05-03 17:00:18,40,0.051,0.7867,0.1441,0.5059,1317,57
RSC-2024-03511,v2.2.1,2024-09-16 10:25:23,46,0.0448,0.804,0.1457,0.5202,1543,56
RSC-2024-03512,v2.1.3,2024-07-17 16:19:32,53,0.0824,0.8141,0.1471,0.5068,1288,71
RSC-2024-03513,v2.2.1,2024-03-18 19:15:30,54,0.0323,0.8334,0.1473,0.5333,950,111
RSC-2024-03514,v2.2.1,2024-06-15 17:44:23,53,0.0038,0.8207,0.1024,0.4978,1202,68
RSC-2024-03515,v2.2.1,2024-07-26 06:58:41,44,0.0222,0.8383,0.1307,0.5026,1502,124
RSC-2024-03516,v2.2.1,2024-07-02 01:24:15,53,0.0153,0.8043,0.1316,0.5208,1376,114
RSC-2024-03517,v2.2.0,2024-05-13 08:19:58,53,0.05,0.7837,0.1296,0.4559,1012,21
RSC-2024-03518,v2.2.1,2024-12-11 13:43:54,35,0.0685,0.8143,0.1523,0.5216,1418,88
RSC-2024-03519,v2.1.4,2024-11-24 18:11:56,45,0.0146,0.8167,0.1587,0.5163,1581,106
RSC-2024-03520,v2.2.1,2024-02-14 06:03:48,51,0.0146,0.8279,0.1389,0.488,1441,115
RSC-2024-03521,v2.1.3,2024-03-18 07:50:12,50,0.0259,0.8092,0.1417,0.5059,865,74
RSC-2024-03522,v2.3.0,2024-04-13 18:01:14,42,0.0545,0.8053,0.1428,0.489,872,46
RSC-2024-03523,v2.2.1,2024-03-29 10:52:40,39,0.0168,0.7982,0.129,0.5089,1248,59
RSC-2024-03524,v2.1.4,2024-11-17 07:16:43,53,0.0851,0.7974,0.1306,0.5371,1183,109
RSC-2024-03525,v2.3.0,2024-01-14 09:45:04,39,0.1231,0.7961,0.1485,0.5075,1554,84
RSC-2024-03526,v2.2.1,2024-07-11 04:16:21,42,0.0434,0.7974,0.145,0.505,1061,108
RSC-2024-03527,v2.2.0,2024-06-23 21:44:29,34,0.0694,0.8127,0.1408,0.483,1530,60
RSC-2024-03528,v2.2.1,2024-09-05 04:32:43,38,0.0743,0.8299,0.1336,0.5169,1396,63
RSC-2024-03529,v2.1.4,2024-04-03 04:27:37,50,0.0157,0.7873,0.1671,0.4947,1089,130
RSC-2024-03530,v2.2.0,2024-11-16 06:29:20,38,0.0765,0.8247,0.1649,0.5204,995,48
RSC-2024-03531,v2.3.0,2024-03-21 16:53:20,43,0.0339,0.8278,0.1403,0.4917,1430,63
RSC-2024-03532,v2.2.1,2024-12-21 18:52:40,52,0.0665,0.7923,0.1381,0.5143,1004,22
RSC-2024-03533,v2.2.0,2024-09-01 05:38:46,39,0.0281,0.7868,0.1401,0.5343,1501,133
RSC-2024-03534,v2.1.4,2024-02-12 00:19:41,52,0.0419,0.7846,0.1433,0.5519,1100,134
RSC-2024-03535,v2.1.3,2024-10-31 08:59:26,40,0.0207,0.7999,0.1474,0.5199,1151,70
RSC-2024-03536,v2.1.4,2024-01-16 02:27:33,50,0.0698,0.8244,0.1193,0.5258,1401,28
RSC-2024-03537,v2.1.3,2024-11-03 01:28:35,53,0.0196,0.7915,0.1295,0.4971,910,74
RSC-2024-03538,v2.2.1,2024-06-28 05:34:44,39,0.0244,0.8016,0.1387,0.5247,822,125
RSC-2024-03539,v2.1.4,2024-12-22 17:43:03,54,0.0096,0.8477,0.1528,0.5178,1136,75
RSC-2024-03540,v2.1.3,2024-12-21 10:10:29,38,0.0406,0.8258,0.1483,0.5056,963,21
RSC-2024-03541,v2.3.0,2024-03-11 06:34:52,51,0.0285,0.8091,0.1475,0.508,1340,78
RSC-2024-03542,v2.3.0,2024-02-05 23:53:06,54,0.0206,0.8052,0.1461,0.5252,989,121
RSC-2024-03543,v2.3.0,2024-11-08 20:04:37,37,0.0336,0.8469,0.1394,0.5129,955,95
RSC-2024-03544,v2.1.4,2024-05-27 18:19:43,36,0.0155,0.7925,0.1445,0.5066,889,42
RSC-2024-03545,v2.2.0,2024-06-16 20:05:57,44,0.0448,0.8007,0.1514,0.5652,1454,94
RSC-2024-03546,v2.3.0,2024-06-20 21:59:56,37,0.0698,0.8099,0.1373,0.5187,999,102
RSC-2024-03547,v2.1.3,2024-02-28 23:06:28,46,0.0239,0.8059,0.1343,0.4832,1171,21
RSC-2024-03548,v2.1.3,2024-11-11 07:30:31,47,0.0213,0.7938,0.1278,0.4926,1023,94
RSC-2024-03549,v2.3.0,2024-12-28 10:29:45,34,0.0363,0.8201,0.1295,0.496,1396,106
RSC-2024-03550,v2.2.1,2024-09-21 12:45:28,52,0.0386,0.8134,0.1411,0.5061,1125,134
RSC-2024-03551,v2.2.0,2024-01-19 17:50:51,51,0.0221,0.8185,0.1525,0.5024,1010,57
RSC-2024-03552,v2.2.0,2024-04-09 20:20:17,50,0.0085,0.83,0.1467,0.5284,1377,118
RSC-2024-03553,v2.1.4,2024-06-19 21:04:45,45,0.0647,0.8675,0.1368,0.5239,1325,24
RSC-2024-03554,v2.2.0,2024-11-28 05:05:03,57,0.0275,0.7966,0.1365,0.5268,1296,44
RSC-2024-03555,v2.2.1,2024-04-24 09:50:30,57,0.0291,0.8106,0.151,0.5159,1546,51
RSC-2024-03556,v2.1.4,2024-07-25 10:37:02,51,0.0865,0.8083,0.167,0.5205,1588,61
RSC-2024-03557,v2.3.0,2024-11-07 00:31:56,37,0.0413,0.7899,0.1552,0.5196,1364,102
RSC-2024-03558,v2.2.0,2024-12-25 22:35:26,47,0.004,0.8177,0.1212,0.5174,1172,127
RSC-2024-03559,v2.2.1,2024-09-15 13:35:59,54,0.0044,0.7855,0.1232,0.501,963,29
RSC-2024-03560,v2.2.1,2024-08-22 03:57:36,42,0.003,0.824,0.131,0.5126,893,88
RSC-2024-03561,v2.1.3,2024-08-31 05:41:46,53,0.0608,0.837,0.1387,0.517,1104,56
RSC-2024-03562,v2.1.3,2024-11-30 00:09:58,49,0.0429,0.8176,0.123,0.4973,1088,21
RSC-2024-03563,v2.1.4,2024-10-22 03:36:31,45,0.0141,0.8452,0.1424,0.496,1112,58
RSC-2024-03564,v2.3.0,2024-02-23 06:18:36,53,0.0682,0.7834,0.1452,0.5398,988,57
RSC-2024-03565,v2.3.0,2024-09-24 10:32:05,57,0.0402,0.7879,0.1393,0.5053,1097,120
RSC-2024-03566,v2.3.0,2024-01-15 12:48:13,44,0.0231,0.8277,0.1509,0.5136,1541,129
RSC-2024-03567,v2.3.0,2024-11-23 02:49:40,38,0.0483,0.8342,0.132,0.5242,1277,138
RSC-2024-03568,v2.3.0,2024-09-21 12:02:38,52,0.0082,0.8248,0.1323,0.5201,1126,110
RSC-2024-03569,v2.2.0,2024-08-09 10:23:28,39,0.0366,0.8538,0.1481,0.4998,1578,96
RSC-2024-03570,v2.3.0,2024-09-25 02:26:57,50,0.0264,0.8141,0.1395,0.5392,1504,42
RSC-2024-03571,v2.2.1,2024-03-10 12:12:23,56,0.0371,0.834,0.1494,0.5465,1023,42
RSC-2024-03572,v2.1.3,2024-07-05 09:01:38,49,0.0201,0.8154,0.1451,0.5278,1431,117
RSC-2024-03573,v2.2.1,2024-12-04 18:50:23,55,0.0306,0.7691,0.1313,0.5061,1363,47
RSC-2024-03574,v2.3.0,2024-07-17 22:07:36,39,0.0181,0.8032,0.1549,0.5081,1101,84
RSC-2024-03575,v2.3.0,2024-02-11 06:11:55,34,0.0469,0.8054,0.136,0.5121,1386,124
RSC-2024-03576,v2.2.0,2024-07-23 11:05:47,37,0.0565,0.8209,0.1536,0.5059,1162,110
RSC-2024-03577,v2.2.0,2024-02-17 18:49:56,45,0.0098,0.8203,0.1514,0.5141,1074,108
RSC-2024-03578,v2.1.4,2024-10-20 13:03:07,53,0.0056,0.847,0.1634,0.5084,1450,69
RSC-2024-03579,v2.2.1,2024-12-22 16:54:37,53,0.0323,0.7915,0.1714,0.5093,1050,40
RSC-2024-03580,v2.2.0,2024-11-30 15:13:40,56,0.0492,0.7865,0.1271,0.4967,1097,66
RSC-2024-03581,v2.1.3,2024-08-16 15:30:47,41,0.0232,0.8234,0.1506,0.5052,1188,135
RSC-2024-03582,v2.1.3,2024-02-12 10:48:40,35,0.0122,0.8056,0.1449,0.5336,1569,43
RSC-2024-03583,v2.1.3,2024-03-21 21:51:59,48,0.0467,0.8101,0.1361,0.5044,856,122
RSC-2024-03584,v2.2.1,2024-04-04 20:10:13,43,0.0506,0.8014,0.1261,0.4885,1352,83
RSC-2024-03585,v2.2.0,2024-08-09 05:58:15,39,0.0549,0.8132,0.1301,0.5109,1310,99
RSC-2024-03586,v2.3.0,2024-09-27 02:45:12,37,0.0278,0.7916,0.1535,0.5077,1091,121
RSC-2024-03587,v2.2.0,2024-08-19 21:12:55,41,0.0382,0.8095,0.134,0.5095,1110,39
RSC-2024-03588,v2.1.4,2024-08-30 22:57:24,51,0.0648,0.8445,0.136,0.5054,1427,84
RSC-2024-03589,v2.3.0,2024-06-01 00:49:44,40,0.1096,0.8173,0.135,0.5008,893,68
RSC-2024-03590,v2.1.4,2024-08-09 17:15:35,55,0.048,0.8126,0.1343,0.4952,1524,55
RSC-2024-03591,v2.2.1,2024-01-20 20:59:14,47,0.0488,0.8264,0.1413,0.5234,1489,64
RSC-2024-03592,v2.1.3,2024-01-19 22:48:26,38,0.0608,0.7997,0.1317,0.5136,957,77
RSC-2024-03593,v2.1.3,2024-06-15 20:34:19,36,0.0292,0.7853,0.1555,0.505,1292,124
RSC-2024-03594,v2.2.0,2024-02-05 15:49:46,51,0.0097,0.8019,0.1462,0.5004,1427,48
RSC-2024-03595,v2.3.0,2024-03-11 11:50:16,54,0.043,0.8035,0.1238,0.5154,886,39
RSC-2024-03596,v2.2.1,2024-08-06 14:23:04,35,0.0545,0.7709,0.1441,0.4793,1421,128
RSC-2024-03597,v2.1.4,2024-04-05 22:21:26,47,0.0609,0.8119,0.1397,0.5501,847,22
RSC-2024-03598,v2.1.4,2024-06-07 10:19:48,54,0.0387,0.8398,0.1553,0.517,1337,83
RSC-2024-03599,v2.2.1,2024-03-22 17:24:49,48,0.0882,0.8248,0.1387,0.5165,1373,133
RSC-2024-03600,v2.2.0,2024-07-26 19:18:05,54,0.0759,0.8316,0.1408,0.516,995,74
RSC-2024-03601,v2.2.1,2024-09-29 17:37:39,44,0.0506,0.7924,0.1439,0.4934,960,55
RSC-2024-03602,v2.2.1,2024-09-08 13:40:47,46,0.0467,0.8602,0.1393,0.5204,925,113
RSC-2024-03603,v2.3.0,2024-08-22 10:41:51,36,0.0059,0.7796,0.1428,0.506,1448,42
RSC-2024-03604,v2.2.1,2024-05-06 11:12:50,46,0.0311,0.8132,0.1561,0.5121,1036,83
RSC-2024-03605,v2.1.4,2024-03-02 15:09:19,46,0.0052,0.8013,0.1352,0.5163,863,90
RSC-2024-03606,v2.1.4,2024-10-10 10:14:02,35,0.0436,0.8187,0.1605,0.4957,875,90
RSC-2024-03607,v2.3.0,2024-09-01 02:16:32,46,0.0949,0.8058,0.1417,0.4992,846,110
RSC-2024-03608,v2.2.1,2024-11-13 14:28:55,42,0.0842,0.8029,0.1565,0.5032,985,59
RSC-2024-03609,v2.3.0,2024-03-17 06:05:05,40,0.0226,0.8446,0.1462,0.4804,1196,109
RSC-2024-03610,v2.3.0,2024-09-15 23:55:11,53,0.0646,0.8234,0.1503,0.5477,808,95
RSC-2024-03611,v2.1.4,2024-01-16 12:54:15,55,0.1049,0.839,0.1412,0.4928,1538,47
RSC-2024-03612,v2.3.0,2024-07-19 07:18:54,49,0.0253,0.8004,0.1323,0.5198,1554,127
RSC-2024-03613,v2.1.3,2024-12-05 00:54:48,35,0.0838,0.8313,0.1464,0.5036,1296,81
RSC-2024-03614,v2.2.0,2024-09-19 05:19:45,44,0.0288,0.8121,0.1412,0.5059,1548,74
RSC-2024-03615,v2.1.4,2024-07-21 12:45:47,39,0.02,0.7998,0.138,0.4896,1576,121
RSC-2024-03616,v2.2.1,2024-03-30 00:20:18,49,0.0597,0.7903,0.1465,0.5133,1073,36
RSC-2024-03617,v2.2.0,2024-03-29 07:43:07,51,0.0148,0.8143,0.1496,0.5238,965,135
RSC-2024-03618,v2.2.0,2024-07-05 09:44:04,46,0.0043,0.7887,0.1474,0.5204,972,91
RSC-2024-03619,v2.1.4,2024-04-17 21:01:21,55,0.0365,0.7992,0.1315,0.4787,1282,90
RSC-2024-03620,v2.2.0,2024-04-26 09:21:20,54,0.0482,0.8142,0.1504,0.5366,1446,106
RSC-2024-03621,v2.3.0,2024-04-02 10:28:44,55,0.0305,0.799,0.123,0.4794,888,128
RSC-2024-03622,v2.2.0,2024-04-03 08:09:57,37,0.0443,0.8104,0.1322,0.4987,1270,67
RSC-2024-03623,v2.1.3,2024-10-17 03:36:37,52,0.0044,0.8063,0.1499,0.4916,1450,87
RSC-2024-03624,v2.1.3,2024-12-02 06:28:21,51,0.0618,0.8083,0.1396,0.5161,921,122
RSC-2024-03625,v2.2.0,2024-02-24 13:24:44,35,0.0226,0.7845,0.1564,0.5026,904,35
RSC-2024-03626,v2.1.4,2024-05-20 09:02:08,40,0.0546,0.7846,0.1382,0.5114,1578,105
RSC-2024-03627,v2.3.0,2024-08-24 14:15:05,52,0.055,0.8458,0.1347,0.5139,1539,113
RSC-2024-03628,v2.1.3,2024-02-13 14:37:20,56,0.0204,0.829,0.1598,0.5344,1359,29
RSC-2024-03629,v2.3.0,2024-05-08 10:38:34,43,0.0241,0.8185,0.1387,0.5304,1374,122
RSC-2024-03630,v2.2.1,2024-06-06 17:18:42,46,0.0553,0.7902,0.14,0.5052,1568,120
RSC-2024-03631,v2.1.3,2024-04-07 09:53:57,49,0.0242,0.8112,0.1314,0.5055,1394,92
RSC-2024-03632,v2.2.0,2024-05-02 11:16:14,42,0.0343,0.8081,0.13,0.5279,1344,25
RSC-2024-03633,v2.3.0,2024-02-06 11:15:50,47,0.0201,0.8001,0.1336,0.4966,1062,77
RSC-2024-03634,v2.2.0,2024-02-28 13:59:02,36,0.0601,0.8401,0.1078,0.5542,1568,29
RSC-2024-03635,v2.2.1,2024-06-26 20:03:38,41,0.0853,0.8138,0.1454,0.5036,1068,59
RSC-2024-03636,v2.2.0,2024-10-06 12:45:00,34,0.0709,0.8028,0.1632,0.4845,1204,109
RSC-2024-03637,v2.2.1,2024-07-16 05:28:37,43,0.0947,0.8217,0.1662,0.5079,920,63
RSC-2024-03638,v2.1.4,2024-12-01 12:47:15,44,0.0278,0.8243,0.1254,0.5033,1444,89
RSC-2024-03639,v2.3.0,2024-04-11 06:31:41,55,0.0685,0.8071,0.1241,0.5186,1593,90
RSC-2024-03640,v2.3.0,2024-08-21 23:47:45,38,0.0124,0.8508,0.154,0.5111,1079,126
RSC-2024-03641,v2.2.1,2024-11-20 06:44:53,55,0.1743,0.821,0.1546,0.5484,1086,71
RSC-2024-03642,v2.3.0,2024-12-17 19:45:43,56,0.0579,0.8136,0.1424,0.5093,1133,117
RSC-2024-03643,v2.1.3,2024-07-31 07:26:09,44,0.0382,0.8145,0.1463,0.5109,1160,84
RSC-2024-03644,v2.3.0,2024-01-09 11:29:57,38,0.0509,0.7612,0.1452,0.4915,1320,21
RSC-2024-03645,v2.1.3,2024-10-20 19:33:46,44,0.0554,0.8198,0.1337,0.5278,941,55
RSC-2024-03646,v2.1.4,2024-09-22 16:39:54,52,0.075,0.8146,0.1381,0.4745,1106,138
RSC-2024-03647,v2.2.0,2024-03-14 13:29:02,36,0.0434,0.8029,0.1466,0.5013,1199,34
RSC-2024-03648,v2.1.3,2024-09-22 05:34:44,55,0.033,0.7814,0.1234,0.5562,874,91
RSC-2024-03649,v2.1.3,2024-04-29 05:34:26,40,0.0391,0.7999,0.1546,0.4901,821,54
RSC-2024-03650,v2.2.0,2024-02-28 15:27:28,55,0.0279,0.8337,0.1398,0.5374,1029,92
RSC-2024-03651,v2.3.0,2024-04-27 03:45:33,43,0.0689,0.8089,0.1619,0.5121,1127,94
RSC-2024-03652,v2.3.0,2024-12-14 01:14:11,44,0.052,0.8497,0.14,0.5363,1195,109
RSC-2024-03653,v2.2.1,2024-02-25 18:35:42,45,0.0646,0.861,0.1535,0.5193,1380,134
RSC-2024-03654,v2.1.4,2024-10-30 19:43:46,37,0.0354,0.8132,0.1532,0.5198,912,30
RSC-2024-03655,v2.2.0,2024-01-28 08:58:35,39,0.0347,0.8217,0.1456,0.5199,821,49
RSC-2024-03656,v2.3.0,2024-04-14 17:05:20,42,0.0776,0.7909,0.1398,0.5107,1335,87
RSC-2024-03657,v2.3.0,2024-07-18 05:25:28,38,0.032,0.7854,0.1494,0.4991,1020,64
RSC-2024-03658,v2.2.0,2024-02-24 07:58:10,44,0.0561,0.8125,0.1713,0.4931,1451,116
RSC-2024-03659,v2.1.4,2024-05-02 23:48:44,45,0.0753,0.8223,0.1637,0.5623,1112,64
RSC-2024-03660,v2.2.0,2024-06-09 20:22:34,56,0.0077,0.8126,0.1312,0.5228,922,134
RSC-2024-03661,v2.2.1,2024-01-19 03:40:23,57,0.0164,0.787,0.1416,0.4992,1020,94
RSC-2024-03662,v2.2.0,2024-08-29 07:08:58,48,0.0128,0.7876,0.1477,0.5172,958,35
RSC-2024-03663,v2.3.0,2024-06-28 21:03:38,44,0.0203,0.8331,0.1238,0.503,1363,87
RSC-2024-03664,v2.2.0,2024-02-19 11:31:52,47,0.0714,0.8162,0.1489,0.4772,1525,42
RSC-2024-03665,v2.1.4,2024-11-10 12:47:47,45,0.0338,0.8389,0.1392,0.5164,1214,64
RSC-2024-03666,v2.1.4,2024-02-11 05:38:25,43,0.0171,0.824,0.138,0.5247,1242,23
RSC-2024-03667,v2.1.4,2024-05-27 09:18:14,41,0.0174,0.8051,0.1448,0.5335,1398,29
RSC-2024-03668,v2.2.1,2024-01-01 00:15:39,45,0.0379,0.7828,0.1332,0.4963,881,37
RSC-2024-03669,v2.1.4,2024-05-25 00:03:21,41,0.0349,0.7971,0.151,0.4915,1125,50
RSC-2024-03670,v2.2.1,2024-11-15 05:00:12,35,0.0717,0.8294,0.1392,0.4962,1491,66
RSC-2024-03671,v2.2.1,2024-06-13 17:03:26,40,0.0157,0.842,0.155,0.5169,1471,23
RSC-2024-03672,v2.2.0,2024-05-18 19:17:38,53,0.0115,0.7988,0.1509,0.5212,1299,107
RSC-2024-03673,v2.3.0,2024-02-25 20:11:01,55,0.0198,0.8157,0.1299,0.4832,1587,101
RSC-2024-03674,v2.1.3,2024-10-18 20:30:51,37,0.0536,0.8096,0.1356,0.5376,1003,136
RSC-2024-03675,v2.2.1,2024-02-02 22:45:05,46,0.0141,0.8115,0.1212,0.503,972,34
RSC-2024-03676,v2.1.3,2024-02-23 05:50:22,56,0.0215,0.8511,0.1449,0.4986,1133,99
RSC-2024-03677,v2.1.4,2024-06-25 20:16:04,41,0.0557,0.84,0.144,0.5307,947,97
RSC-2024-03678,v2.1.4,2024-11-08 09:07:23,44,0.027,0.8184,0.1058,0.5105,1288,111
RSC-2024-03679,v2.2.0,2024-11-21 03:06:20,34,0.0611,0.7982,0.1444,0.4968,1255,53
RSC-2024-03680,v2.2.1,2024-03-29 23:50:55,37,0.0186,0.8138,0.1442,0.4766,1472,71
RSC-2024-03681,v2.2.1,2024-11-15 17:33:30,43,0.0454,0.7729,0.1448,0.5038,812,28
RSC-2024-03682,v2.3.0,2024-06-17 01:11:15,52,0.0216,0.828,0.1527,0.4949,1488,132
RSC-2024-03683,v2.1.4,2024-06-26 22:05:39,57,0.0966,0.8261,0.1361,0.4974,963,101
RSC-2024-03684,v2.2.1,2024-11-04 23:00:23,55,0.0736,0.816,0.1218,0.4988,975,80
RSC-2024-03685,v2.3.0,2024-04-06 14:18:05,41,0.0083,0.8132,0.1655,0.4864,1184,106
RSC-2024-03686,v2.1.3,2024-12-28 00:15:56,34,0.044,0.8395,0.1574,0.501,1422,65
RSC-2024-03687,v2.2.0,2024-02-05 06:03:11,49,0.0299,0.8578,0.1281,0.5083,1114,120
RSC-2024-03688,v2.3.0,2024-06-16 11:22:38,55,0.016,0.8181,0.1256,0.4988,1598,63
RSC-2024-03689,v2.1.4,2024-05-27 22:14:25,34,0.0411,0.8228,0.1571,0.518,1437,87
RSC-2024-03690,v2.2.1,2024-02-15 23:49:19,53,0.1943,0.7893,0.1427,0.5162,1145,125
RSC-2024-03691,v2.1.4,2024-10-24 21:04:33,51,0.0632,0.7835,0.1494,0.5031,826,137
RSC-2024-03692,v2.2.1,2024-07-27 05:04:16,52,0.0369,0.8093,0.1539,0.519,1317,86
RSC-2024-03693,v2.3.0,2024-10-31 12:22:27,41,0.1636,0.8073,0.1515,0.5372,860,38
RSC-2024-03694,v2.2.1,2024-01-29 15:53:36,47,0.0229,0.842,0.1341,0.5192,1266,109
RSC-2024-03695,v2.2.0,2024-12-27 20:56:59,45,0.0254,0.811,0.1456,0.4787,1095,138
RSC-2024-03696,v2.3.0,2024-04-11 22:11:07,48,0.0325,0.8093,0.1335,0.5162,1468,83
RSC-2024-03697,v2.2.0,2024-03-09 16:13:13,46,0.0484,0.8226,0.1358,0.5354,985,107
RSC-2024-03698,v2.1.3,2024-02-12 05:13:48,47,0.0447,0.8301,0.1481,0.5092,1219,43
RSC-2024-03699,v2.1.3,2024-01-26 04:28:02,53,0.0319,0.8151,0.1372,0.4924,1456,45
RSC-2024-03700,v2.2.0,2024-09-13 23:15:34,34,0.0148,0.8037,0.1256,0.5116,1164,124
RSC-2024-03701,v2.1.3,2024-07-25 03:48:28,44,0.0997,0.8218,0.1464,0.5078,1432,26
RSC-2024-03702,v2.1.4,2024-10-02 07:13:13,45,0.0462,0.8642,0.1704,0.5101,904,135
RSC-2024-03703,v2.1.3,2024-01-09 12:11:20,39,0.0176,0.8192,0.1478,0.5219,841,62
RSC-2024-03704,v2.1.3,2024-10-07 19:27:14,46,0.0554,0.8154,0.1224,0.5317,975,49
RSC-2024-03705,v2.2.1,2024-07-21 12:00:17,56,0.0389,0.822,0.145,0.538,877,75
RSC-2024-03706,v2.2.1,2024-05-05 04:13:47,46,0.0376,0.8285,0.1312,0.5154,865,130
RSC-2024-03707,v2.1.3,2024-10-16 15:02:11,34,0.0475,0.8022,0.1541,0.4775,1531,32
RSC-2024-03708,v2.3.0,2024-12-28 17:08:15,41,0.0422,0.8071,0.1469,0.474,1100,68
RSC-2024-03709,v2.1.4,2024-12-08 03:36:02,36,0.06,0.7908,0.1167,0.4968,836,68
RSC-2024-03710,v2.2.0,2024-07-11 02:42:19,47,0.0411,0.8128,0.1434,0.4847,975,123
RSC-2024-03711,v2.1.3,2024-12-06 03:51:47,55,0.0889,0.8529,0.1258,0.5034,1052,94
RSC-2024-03712,v2.1.3,2024-03-25 17:38:18,45,0.0379,0.8295,0.1325,0.5324,954,131
RSC-2024-03713,v2.1.4,2024-01-29 23:32:52,49,0.079,0.803,0.1228,0.5064,1430,29
RSC-2024-03714,v2.1.4,2024-09-30 16:07:28,44,0.0514,0.8773,0.1396,0.5316,1017,135
RSC-2024-03715,v2.1.3,2024-04-03 16:47:55,48,0.0209,0.8007,0.1398,0.5408,1214,85
RSC-2024-03716,v2.2.0,2024-10-25 09:02:42,54,0.0668,0.8202,0.1556,0.4912,830,90
RSC-2024-03717,v2.2.0,2024-03-05 20:06:59,40,0.0437,0.8213,0.1635,0.5437,874,102
RSC-2024-03718,v2.1.3,2024-05-31 21:39:44,34,0.0046,0.8357,0.1304,0.5189,912,101
RSC-2024-03719,v2.2.0,2024-11-14 18:09:36,50,0.0362,0.7935,0.1336,0.5147,1027,116
RSC-2024-03720,v2.3.0,2024-09-15 07:19:57,48,0.0353,0.8066,0.1623,0.5272,924,137
RSC-2024-03721,v2.2.1,2024-11-15 06:57:49,37,0.0106,0.811,0.1097,0.5371,1271,30
RSC-2024-03722,v2.1.4,2024-07-05 05:40:44,41,0.0176,0.8707,0.1238,0.5172,1406,133
RSC-2024-03723,v2.1.3,2024-10-07 06:36:25,36,0.0584,0.8319,0.141,0.495,940,93
RSC-2024-03724,v2.1.3,2024-10-22 08:28:35,57,0.0282,0.7852,0.1622,0.5105,1582,134
RSC-2024-03725,v2.2.0,2024-01-29 09:25:15,34,0.0319,0.7916,0.125,0.5103,1156,120
RSC-2024-03726,v2.2.1,2024-08-31 16:47:10,47,0.0139,0.8083,0.1433,0.5284,1085,50
RSC-2024-03727,v2.2.1,2024-12-18 10:22:19,36,0.0146,0.7908,0.1153,0.5005,931,57
RSC-2024-03728,v2.2.0,2024-06-28 02:20:04,49,0.0265,0.8033,0.1574,0.5157,1133,59
RSC-2024-03729,v2.1.4,2024-01-08 18:33:20,38,0.0075,0.8116,0.1459,0.5295,1363,38
RSC-2024-03730,v2.2.0,2024-06-29 16:49:29,38,0.0107,0.7922,0.1528,0.5158,833,97
RSC-2024-03731,v2.1.4,2024-09-02 22:01:37,46,0.0359,0.8172,0.1631,0.5148,953,52
RSC-2024-03732,v2.2.1,2024-02-03 09:43:10,52,0.0679,0.822,0.126,0.5272,976,41
RSC-2024-03733,v2.2.0,2024-02-01 08:41:52,37,0.0308,0.8103,0.1209,0.5367,1460,117
RSC-2024-03734,v2.1.3,2024-02-23 00:18:42,55,0.037,0.824,0.1353,0.526,1535,43
RSC-2024-03735,v2.3.0,2024-07-19 17:35:31,51,0.0139,0.8044,0.1406,0.5086,1475,76
RSC-2024-03736,v2.2.0,2024-06-08 10:56:34,41,0.0435,0.8176,0.1412,0.5102,1146,134
RSC-2024-03737,v2.2.0,2024-10-04 10:54:41,41,0.0131,0.8169,0.1411,0.4986,1247,88
RSC-2024-03738,v2.1.3,2024-08-31 15:39:22,36,0.0247,0.7836,0.1351,0.5608,1393,139
RSC-2024-03739,v2.1.3,2024-02-16 10:48:48,47,0.0349,0.7645,0.1469,0.4844,1509,139
RSC-2024-03740,v2.2.0,2024-07-23 13:42:45,36,0.0234,0.8324,0.1513,0.515,1154,130
RSC-2024-03741,v2.3.0,2024-11-13 05:18:55,44,0.0979,0.7924,0.1308,0.5254,862,120
RSC-2024-03742,v2.2.1,2024-12-05 05:36:14,44,0.0421,0.8315,0.1216,0.5116,840,101
RSC-2024-03743,v2.1.3,2024-12-04 18:25:02,57,0.0442,0.8294,0.1427,0.4792,816,49
RSC-2024-03744,v2.2.1,2024-09-03 12:33:55,40,0.0217,0.7895,0.1408,0.5117,1407,116
RSC-2024-03745,v2.1.4,2024-03-17 13:44:47,39,0.0157,0.7898,0.1314,0.5204,1163,25
RSC-2024-03746,v2.3.0,2024-05-27 03:13:12,55,0.0815,0.8288,0.1211,0.499,924,30
RSC-2024-03747,v2.2.0,2024-12-15 23:41:50,53,0.0273,0.8062,0.1289,0.501,1580,34
RSC-2024-03748,v2.2.0,2024-11-18 11:38:51,45,0.0676,0.8337,0.1498,0.5069,1454,60
RSC-2024-03749,v2.3.0,2024-07-03 11:19:31,53,0.0152,0.8067,0.1442,0.5468,1068,95
RSC-2024-03750,v2.1.3,2024-01-06 01:16:32,39,0.0664,0.7939,0.1413,0.5261,1287,101
RSC-2024-03751,v2.2.1,2024-02-27 00:17:15,39,0.0043,0.8219,0.1288,0.5069,867,109
RSC-2024-03752,v2.1.3,2024-12-28 00:24:07,45,0.0162,0.8379,0.1503,0.4917,1340,60
RSC-2024-03753,v2.2.0,2024-10-21 13:40:28,57,0.0163,0.8087,0.139,0.5241,870,43
RSC-2024-03754,v2.3.0,2024-09-29 00:37:26,35,0.0518,0.8434,0.1562,0.4924,1558,20
RSC-2024-03755,v2.3.0,2024-03-08 04:00:44,48,0.0427,0.7671,0.1469,0.526,1078,30
RSC-2024-03756,v2.1.3,2024-01-08 21:47:58,46,0.0153,0.8198,0.1392,0.4925,1194,54
RSC-2024-03757,v2.2.0,2024-05-27 07:55:36,52,0.0626,0.7971,0.1356,0.4926,920,52
RSC-2024-03758,v2.3.0,2024-07-01 20:32:11,46,0.0948,0.8105,0.1599,0.4995,1497,82
RSC-2024-03759,v2.1.4,2024-01-04 20:17:19,53,0.0333,0.8214,0.1192,0.5184,1439,92
RSC-2024-03760,v2.2.0,2024-05-25 12:27:05,40,0.0206,0.7944,0.1388,0.5047,1219,85
RSC-2024-03761,v2.1.4,2024-02-19 14:02:02,54,0.0646,0.8129,0.1321,0.5188,1394,95
RSC-2024-03762,v2.3.0,2024-07-05 09:31:53,38,0.0592,0.8262,0.1402,0.5112,911,80
RSC-2024-03763,v2.2.0,2024-08-19 22:37:49,54,0.0476,0.8252,0.143,0.523,1341,80
RSC-2024-03764,v2.1.4,2024-11-12 06:22:25,45,0.1223,0.8147,0.1528,0.5008,1059,85
RSC-2024-03765,v2.2.0,2024-11-11 03:34:42,50,0.0333,0.821,0.1392,0.5,924,48
RSC-2024-03766,v2.1.3,2024-03-22 06:38:19,37,0.0416,0.8199,0.1407,0.4941,1281,80
RSC-2024-03767,v2.2.0,2024-09-18 13:33:07,39,0.0208,0.7684,0.1484,0.5067,863,24
RSC-2024-03768,v2.1.3,2024-11-06 19:37:02,56,0.0646,0.8207,0.1259,0.4966,1371,82
RSC-2024-03769,v2.1.3,2024-06-12 20:09:00,49,0.0218,0.8408,0.1488,0.5001,1050,84
RSC-2024-03770,v2.1.4,2024-09-27 05:12:23,49,0.0326,0.8044,0.1312,0.55,900,131
RSC-2024-03771,v2.2.1,2024-02-15 13:40:38,55,0.0052,0.8094,0.1462,0.4691,850,41
RSC-2024-03772,v2.2.1,2024-11-21 00:19:32,40,0.0276,0.8312,0.1445,0.5326,1397,74
RSC-2024-03773,v2.1.3,2024-09-12 20:00:10,44,0.0226,0.7965,0.152,0.5105,1216,76
RSC-2024-03774,v2.2.0,2024-05-26 16:33:47,35,0.0257,0.8261,0.1182,0.4786,1576,115
RSC-2024-03775,v2.1.3,2024-10-07 00:21:39,38,0.0475,0.8227,0.158,0.5037,1269,48
RSC-2024-03776,v2.2.0,2024-06-22 09:07:20,42,0.0318,0.8038,0.147,0.5269,814,71
RSC-2024-03777,v2.2.1,2024-02-11 03:01:31,57,0.0788,0.8057,0.1384,0.5219,1207,69
RSC-2024-03778,v2.1.3,2024-09-18 07:16:16,48,0.064,0.7945,0.1549,0.4608,1020,74
RSC-2024-03779,v2.1.4,2024-04-28 03:04:02,54,0.0196,0.8132,0.1279,0.5293,1296,113
RSC-2024-03780,v2.3.0,2024-01-22 18:41:09,47,0.0692,0.8306,0.1411,0.5182,1363,63
RSC-2024-03781,v2.2.1,2024-07-18 20:35:03,47,0.0876,0.837,0.1421,0.5058,1586,99
RSC-2024-03782,v2.3.0,2024-06-28 01:32:00,43,0.0111,0.8124,0.1384,0.5119,1341,52
RSC-2024-03783,v2.2.0,2024-02-27 05:17:28,35,0.0283,0.8213,0.1514,0.5215,1188,97
RSC-2024-03784,v2.3.0,2024-04-02 16:46:15,40,0.0319,0.8197,0.145,0.5061,1594,73
RSC-2024-03785,v2.1.4,2024-05-20 18:04:34,52,0.0639,0.8097,0.155,0.5349,1091,59
RSC-2024-03786,v2.2.0,2024-06-07 04:43:21,56,0.0076,0.8108,0.1483,0.5329,1484,68
RSC-2024-03787,v2.2.1,2024-08-02 10:37:28,42,0.0327,0.8012,0.1464,0.4832,1590,120
RSC-2024-03788,v2.3.0,2024-07-24 08:36:02,47,0.0651,0.7809,0.1493,0.4876,1581,89
RSC-2024-03789,v2.1.3,2024-01-03 19:57:29,54,0.0181,0.8176,0.1236,0.5086,1390,72
RSC-2024-03790,v2.1.3,2024-08-05 10:04:29,34,0.0895,0.7774,0.1466,0.4628,1518,46
RSC-2024-03791,v2.3.0,2024-02-13 12:05:38,55,0.0435,0.8043,0.1437,0.5378,1510,68
RSC-2024-03792,v2.1.4,2024-12-06 03:59:43,44,0.0308,0.7898,0.1367,0.5042,986,60
RSC-2024-03793,v2.1.4,2024-02-17 13:14:09,36,0.0336,0.8256,0.1569,0.4991,1509,63
RSC-2024-03794,v2.1.3,2024-09-09 23:29:13,50,0.0305,0.8163,0.1345,0.5117,948,111
RSC-2024-03795,v2.3.0,2024-12-26 21:12:21,52,0.0349,0.8246,0.1728,0.5385,964,98
RSC-2024-03796,v2.1.4,2024-04-07 13:11:40,50,0.0372,0.8261,0.1318,0.4857,1158,65
RSC-2024-03797,v2.2.1,2024-08-18 12:42:57,34,0.0489,0.8014,0.1555,0.5337,1069,34
RSC-2024-03798,v2.2.0,2024-09-29 16:49:41,39,0.0866,0.8213,0.1513,0.4889,952,87
RSC-2024-03799,v2.1.4,2024-03-08 20:03:18,55,0.062,0.7812,0.1492,0.4848,960,23
RSC-2024-03800,v2.3.0,2024-04-27 00:11:40,41,0.0208,0.8093,0.1614,0.4993,847,22
RSC-2024-03801,v2.2.1,2024-07-09 11:29:39,45,0.0402,0.8052,0.1572,0.4855,1502,69
RSC-2024-03802,v2.1.3,2024-10-23 23:13:12,53,0.0206,0.8496,0.1287,0.5166,952,118
RSC-2024-03803,v2.3.0,2024-01-22 16:50:06,44,0.0082,0.798,0.1584,0.5492,1090,65
RSC-2024-03804,v2.3.0,2024-06-14 14:35:35,56,0.0118,0.7992,0.1577,0.5112,1379,93
RSC-2024-03805,v2.3.0,2024-08-04 23:39:38,38,0.0345,0.8032,0.1464,0.4812,1239,111
RSC-2024-03806,v2.1.4,2024-06-02 23:21:06,42,0.094,0.8085,0.1371,0.5033,1263,38
RSC-2024-03807,v2.2.0,2024-04-22 17:37:22,46,0.0401,0.8636,0.1208,0.5114,1490,63
RSC-2024-03808,v2.1.3,2024-05-07 02:33:39,52,0.0269,0.8462,0.1564,0.4952,1365,103
RSC-2024-03809,v2.3.0,2024-04-28 18:07:10,42,0.0505,0.8072,0.1473,0.5346,1133,29
RSC-2024-03810,v2.2.0,2024-07-30 00:00:47,48,0.0116,0.8199,0.1602,0.5281,1369,95
RSC-2024-03811,v2.1.4,2024-04-07 01:51:21,49,0.0447,0.807,0.157,0.5033,901,21
RSC-2024-03812,v2.2.0,2024-10-24 22:37:16,35,0.0803,0.8043,0.1626,0.5018,1071,134
RSC-2024-03813,v2.1.3,2024-02-26 11:32:01,52,0.0164,0.8022,0.1196,0.5819,1345,38
RSC-2024-03814,v2.3.0,2024-04-12 11:12:08,42,0.0259,0.8179,0.1589,0.4913,1052,25
RSC-2024-03815,v2.3.0,2024-01-04 03:04:14,50,0.0485,0.8175,0.144,0.4965,1101,97
RSC-2024-03816,v2.3.0,2024-12-26 12:08:44,44,0.0648,0.8162,0.1539,0.5507,1168,74
RSC-2024-03817,v2.1.3,2024-12-26 05:01:33,54,0.0276,0.8062,0.126,0.5448,1000,63
RSC-2024-03818,v2.1.4,2024-07-02 13:59:32,36,0.0412,0.8314,0.1455,0.4991,1415,66
RSC-2024-03819,v2.2.1,2024-10-19 19:22:17,40,0.0108,0.8228,0.153,0.5178,1325,78
RSC-2024-03820,v2.1.4,2024-03-11 03:00:47,57,0.0742,0.7851,0.139,0.5024,1370,66
RSC-2024-03821,v2.1.3,2024-11-18 16:29:20,41,0.0511,0.8183,0.1435,0.4845,905,29
RSC-2024-03822,v2.2.0,2024-09-21 16:28:21,48,0.016,0.837,0.1409,0.5305,943,62
RSC-2024-03823,v2.1.4,2024-11-23 19:17:20,36,0.0078,0.7993,0.1326,0.5297,981,83
RSC-2024-03824,v2.3.0,2024-03-12 19:30:31,46,0.0226,0.8289,0.1337,0.5006,1559,139
RSC-2024-03825,v2.2.0,2024-09-21 16:05:48,46,0.0152,0.7902,0.127,0.5373,1598,30
RSC-2024-03826,v2.1.3,2024-03-01 02:37:18,42,0.0387,0.831,0.1449,0.5216,1487,114
RSC-2024-03827,v2.3.0,2024-11-23 19:10:17,53,0.0465,0.8245,0.1404,0.5001,1226,23
RSC-2024-03828,v2.2.0,2024-04-27 20:16:57,39,0.0722,0.8349,0.1289,0.5054,1376,63
RSC-2024-03829,v2.2.1,2024-09-14 18:03:38,55,0.0626,0.8219,0.1377,0.4851,877,103
RSC-2024-03830,v2.3.0,2024-08-03 10:36:54,49,0.0229,0.7931,0.1339,0.5156,1430,41
RSC-2024-03831,v2.3.0,2024-02-10 02:24:14,46,0.062,0.8068,0.1253,0.5073,1262,85
RSC-2024-03832,v2.3.0,2024-12-29 02:48:38,53,0.0602,0.8045,0.1313,0.5249,1436,37
RSC-2024-03833,v2.1.4,2024-09-06 12:07:05,44,0.1446,0.7804,0.1353,0.5219,1175,62
RSC-2024-03834,v2.2.0,2024-12-06 07:20:18,56,0.092,0.8259,0.1399,0.5192,1054,122
RSC-2024-03835,v2.2.0,2024-09-23 20:32:19,41,0.1496,0.7967,0.1322,0.534,1553,63
RSC-2024-03836,v2.2.0,2024-09-04 05:18:06,46,0.0031,0.8067,0.1704,0.5206,949,124
RSC-2024-03837,v2.3.0,2024-11-01 09:43:37,51,0.007,0.8243,0.1547,0.5164,1189,104
RSC-2024-03838,v2.1.4,2024-12-25 01:14:35,35,0.0196,0.8225,0.1618,0.5152,1486,71
RSC-2024-03839,v2.2.1,2024-07-09 16:29:21,57,0.0435,0.8268,0.1436,0.5123,1140,57
RSC-2024-03840,v2.2.0,2024-09-12 17:53:50,39,0.0498,0.8132,0.1386,0.5096,819,97
RSC-2024-03841,v2.3.0,2024-07-30 01:29:40,47,0.0403,0.8049,0.1582,0.5455,1557,40
RSC-2024-03842,v2.1.4,2024-08-18 19:52:03,34,0.0698,0.8095,0.1458,0.512,1006,43
RSC-2024-03843,v2.2.0,2024-06-06 21:58:12,45,0.0315,0.8125,0.1596,0.5079,1184,131
RSC-2024-03844,v2.3.0,2024-01-27 21:19:17,43,0.0386,0.8296,0.1279,0.5595,837,69
RSC-2024-03845,v2.1.3,2024-05-29 01:27:44,39,0.0123,0.8169,0.1485,0.523,859,71
RSC-2024-03846,v2.2.0,2024-10-23 18:23:58,52,0.0076,0.8088,0.1478,0.5072,1415,81
RSC-2024-03847,v2.3.0,2024-10-28 12:39:14,55,0.0314,0.8385,0.1507,0.4929,1152,60
RSC-2024-03848,v2.2.1,2024-07-07 19:22:39,47,0.0289,0.8487,0.1187,0.5181,1189,55
RSC-2024-03849,v2.2.0,2024-10-30 08:32:09,51,0.0304,0.8243,0.1407,0.5027,1547,61
RSC-2024-03850,v2.2.1,2024-10-18 23:13:21,52,0.0437,0.8103,0.1199,0.4844,1322,89
RSC-2024-03851,v2.1.4,2024-01-15 17:23:16,53,0.0421,0.7963,0.1578,0.5289,837,104
RSC-2024-03852,v2.1.3,2024-08-24 16:06:43,47,0.0091,0.8446,0.146,0.5438,1185,31
RSC-2024-03853,v2.2.1,2024-02-02 16:20:38,47,0.0259,0.8069,0.1555,0.5087,1220,76
RSC-2024-03854,v2.2.1,2024-11-22 06:54:13,57,0.015,0.8278,0.1423,0.4779,1539,70
RSC-2024-03855,v2.2.0,2024-07-02 09:23:50,39,0.0176,0.7873,0.1604,0.5173,1313,105
RSC-2024-03856,v2.3.0,2024-04-17 20:27:45,40,0.026,0.8034,0.1485,0.5362,1401,139
RSC-2024-03857,v2.2.0,2024-04-21 21:48:45,39,0.0269,0.8086,0.128,0.5032,1307,43
RSC-2024-03858,v2.2.0,2024-01-11 10:58:53,34,0.0956,0.8133,0.1282,0.4959,1217,109
RSC-2024-03859,v2.1.4,2024-12-29 16:46:12,44,0.0215,0.8024,0.1462,0.504,1592,35
RSC-2024-03860,v2.3.0,2024-04-23 12:07:01,53,0.0688,0.818,0.1088,0.5071,1198,96
RSC-2024-03861,v2.2.1,2024-11-10 19:41:17,36,0.0608,0.7875,0.1689,0.5109,1066,29
RSC-2024-03862,v2.3.0,2024-11-25 08:00:35,53,0.0552,0.8179,0.1523,0.5114,909,126
RSC-2024-03863,v2.2.1,2024-07-01 23:51:18,53,0.0173,0.8227,0.1382,0.4957,1511,136
RSC-2024-03864,v2.3.0,2024-04-23 17:25:30,49,0.0791,0.7983,0.1444,0.525,855,48
RSC-2024-03865,v2.1.4,2024-03-06 02:43:29,37,0.0206,0.8528,0.1727,0.5342,1097,89
RSC-2024-03866,v2.3.0,2024-01-26 09:29:14,43,0.0182,0.8287,0.1381,0.4898,1012,137
RSC-2024-03867,v2.3.0,2024-10-13 06:28:20,45,0.0176,0.8195,0.1519,0.5263,1314,93
RSC-2024-03868,v2.1.4,2024-07-27 02:39:38,48,0.0081,0.806,0.1428,0.5037,1119,91
RSC-2024-03869,v2.3.0,2024-07-05 00:18:58,52,0.0275,0.845,0.1672,0.5139,1301,34
RSC-2024-03870,v2.2.0,2024-11-24 02:33:20,35,0.0489,0.8131,0.1336,0.518,1316,39
RSC-2024-03871,v2.2.0,2024-02-26 06:01:40,42,0.0051,0.7956,0.1251,0.5049,1139,121
RSC-2024-03872,v2.3.0,2024-02-17 17:27:03,42,0.0426,0.8102,0.1447,0.5174,1458,115
RSC-2024-03873,v2.2.1,2024-12-06 08:44:08,56,0.0308,0.8087,0.127,0.4814,972,86
RSC-2024-03874,v2.1.4,2024-02-21 03:14:41,48,0.0542,0.825,0.1329,0.5394,1546,30
RSC-2024-03875,v2.1.4,2024-09-11 04:39:16,55,0.0606,0.8312,0.1331,0.4991,1176,118
RSC-2024-03876,v2.2.1,2024-06-09 19:54:10,44,0.104,0.8202,0.1493,0.5358,1348,69
RSC-2024-03877,v2.2.0,2024-08-09 02:39:43,55,0.0411,0.8193,0.1477,0.5387,1342,130
RSC-2024-03878,v2.1.3,2024-06-25 03:58:45,51,0.0516,0.8055,0.1588,0.5273,1119,87
RSC-2024-03879,v2.3.0,2024-06-24 02:57:07,38,0.0094,0.8078,0.1467,0.5128,1291,56
RSC-2024-03880,v2.2.1,2024-06-23 15:06:20,44,0.0448,0.8277,0.1537,0.5247,1046,97
RSC-2024-03881,v2.2.1,2024-10-08 22:10:23,56,0.0206,0.8312,0.1329,0.5419,1013,39
RSC-2024-03882,v2.1.3,2024-03-16 03:04:59,36,0.0816,0.8045,0.1471,0.5269,895,57
RSC-2024-03883,v2.3.0,2024-12-20 05:25:20,53,0.0262,0.8104,0.1594,0.5101,866,30
RSC-2024-03884,v2.2.1,2024-03-29 00:28:44,38,0.0525,0.7977,0.1532,0.4968,858,118
RSC-2024-03885,v2.3.0,2024-02-06 06:49:01,55,0.0268,0.7971,0.1611,0.5197,1510,107
RSC-2024-03886,v2.2.1,2024-06-28 02:56:48,56,0.0235,0.8135,0.1371,0.4767,1208,21
RSC-2024-03887,v2.1.3,2024-07-09 18:02:00,54,0.0233,0.8175,0.1456,0.5361,1571,85
RSC-2024-03888,v2.1.3,2024-06-04 19:41:25,39,0.0479,0.8202,0.1431,0.52,835,54
RSC-2024-03889,v2.1.4,2024-01-28 18:47:29,52,0.0535,0.8524,0.125,0.518,1423,65
RSC-2024-03890,v2.2.0,2024-07-03 07:41:39,48,0.0132,0.8309,0.1456,0.5109,1212,92
RSC-2024-03891,v2.2.0,2024-12-05 05:33:12,37,0.0185,0.8,0.1628,0.4586,1430,80
RSC-2024-03892,v2.2.1,2024-08-11 17:56:03,45,0.0672,0.8214,0.1459,0.5133,1068,127
RSC-2024-03893,v2.1.3,2024-05-06 16:10:19,34,0.0399,0.8386,0.1482,0.4967,1282,135
RSC-2024-03894,v2.3.0,2024-01-07 03:15:08,45,0.0181,0.7972,0.1511,0.4872,1586,30
RSC-2024-03895,v2.1.4,2024-08-13 11:49:10,39,0.0191,0.8229,0.134,0.5094,1485,120
RSC-2024-03896,v2.2.1,2024-10-07 12:03:00,55,0.0165,0.7897,0.1254,0.4766,1345,89
RSC-2024-03897,v2.1.4,2024-02-27 18:02:14,57,0.0468,0.8309,0.1344,0.5117,907,65
RSC-2024-03898,v2.2.1,2024-10-11 04:23:22,57,0.0626,0.8202,0.1427,0.5052,1493,125
RSC-2024-03899,v2.1.3,2024-03-11 04:28:45,35,0.0093,0.8328,0.1373,0.5,841,93
RSC-2024-03900,v2.1.4,2024-04-13 13:33:05,45,0.0124,0.8098,0.1497,0.5053,1136,136
RSC-2024-03901,v2.3.0,2024-11-28 15:17:28,57,0.0166,0.7649,0.1695,0.4996,1099,88
RSC-2024-03902,v2.1.3,2024-09-29 15:25:54,49,0.1224,0.8086,0.1459,0.514,1191,94
RSC-2024-03903,v2.3.0,2024-02-24 23:34:12,40,0.0311,0.8152,0.1533,0.5026,930,108
RSC-2024-03904,v2.1.3,2024-03-15 04:20:09,49,0.0557,0.8137,0.1468,0.5497,1523,135
RSC-2024-03905,v2.3.0,2024-06-20 23:16:35,35,0.0447,0.8275,0.1533,0.5244,1136,99
RSC-2024-03906,v2.1.4,2024-09-21 20:29:15,41,0.0137,0.8447,0.1461,0.5081,1214,41
RSC-2024-03907,v2.3.0,2024-02-04 04:04:52,48,0.0398,0.8285,0.1149,0.5011,1150,97
RSC-2024-03908,v2.1.4,2024-02-24 08:29:32,52,0.0838,0.8024,0.1377,0.4979,1155,26
RSC-2024-03909,v2.1.4,2024-06-01 05:51:32,54,0.0219,0.7862,0.1353,0.5012,987,70
RSC-2024-03910,v2.2.1,2024-09-25 12:16:53,47,0.0307,0.819,0.1567,0.5055,1111,136
RSC-2024-03911,v2.3.0,2024-09-06 12:33:19,55,0.0194,0.8338,0.1533,0.5294,842,36
RSC-2024-03912,v2.1.4,2024-09-27 00:00:02,54,0.0471,0.8482,0.1577,0.5321,1016,35
RSC-2024-03913,v2.1.4,2024-09-25 19:26:19,41,0.0248,0.8123,0.1505,0.5206,1297,114
RSC-2024-03914,v2.1.4,2024-11-23 14:08:00,53,0.0908,0.8021,0.1642,0.5369,1155,133
RSC-2024-03915,v2.1.4,2024-09-07 20:12:28,49,0.1141,0.8423,0.1454,0.5283,1506,105
RSC-2024-03916,v2.2.1,2024-07-30 00:34:53,52,0.0422,0.7921,0.137,0.5147,1210,55
RSC-2024-03917,v2.2.1,2024-11-23 00:33:06,43,0.0451,0.7822,0.133,0.5116,1394,42
RSC-2024-03918,v2.1.3,2024-10-26 21:04:44,39,0.0186,0.8261,0.1386,0.4819,861,135
RSC-2024-03919,v2.1.3,2024-02-19 14:46:21,34,0.0095,0.8279,0.1331,0.5406,836,130
RSC-2024-03920,v2.1.3,2024-06-12 02:20:10,38,0.07,0.7681,0.1396,0.5265,1147,84
RSC-2024-03921,v2.3.0,2024-01-18 10:17:49,36,0.0481,0.7759,0.1522,0.5253,1113,29
RSC-2024-03922,v2.2.0,2024-07-26 19:03:20,50,0.0318,0.7957,0.1548,0.4781,1330,41
RSC-2024-03923,v2.1.4,2024-12-18 21:33:41,37,0.028,0.7946,0.1312,0.5159,1029,83
RSC-2024-03924,v2.3.0,2024-11-01 17:26:21,50,0.0024,0.7942,0.1403,0.4941,803,80
RSC-2024-03925,v2.1.3,2024-04-13 00:31:28,54,0.0484,0.834,0.143,0.5219,1325,80
RSC-2024-03926,v2.1.3,2024-01-28 15:17:12,47,0.0311,0.7901,0.1447,0.5414,1134,70
RSC-2024-03927,v2.1.3,2024-06-12 14:23:59,36,0.062,0.804,0.137,0.4947,1406,138
RSC-2024-03928,v2.1.3,2024-09-23 04:33:10,42,0.0676,0.7948,0.1479,0.5288,1078,44
RSC-2024-03929,v2.2.0,2024-05-25 20:33:21,44,0.0126,0.805,0.147,0.5212,1205,78
RSC-2024-03930,v2.2.0,2024-10-18 21:08:08,41,0.0128,0.8047,0.1435,0.5419,1199,97
RSC-2024-03931,v2.2.1,2024-08-18 23:45:31,40,0.0302,0.8374,0.1412,0.5309,1545,31
RSC-2024-03932,v2.3.0,2024-10-05 03:16:57,35,0.0303,0.7924,0.1526,0.4702,975,55
RSC-2024-03933,v2.2.0,2024-07-27 02:12:50,37,0.0165,0.786,0.1481,0.4989,1439,20
RSC-2024-03934,v2.1.3,2024-02-08 20:58:05,57,0.0288,0.8245,0.1554,0.496,1436,88
RSC-2024-03935,v2.2.0,2024-11-04 06:28:43,38,0.0524,0.8229,0.1354,0.4916,1438,26
RSC-2024-03936,v2.2.1,2024-08-15 15:49:39,48,0.014,0.8173,0.1508,0.5088,1056,85
RSC-2024-03937,v2.2.0,2024-09-07 08:07:22,51,0.0935,0.7898,0.1308,0.4898,1463,92
RSC-2024-03938,v2.1.4,2024-04-04 21:54:42,53,0.0471,0.8229,0.1609,0.5046,1250,82
RSC-2024-03939,v2.2.1,2024-12-29 18:56:03,41,0.0412,0.8249,0.1406,0.5202,1287,68
RSC-2024-03940,v2.1.4,2024-07-14 13:19:55,37,0.0421,0.8169,0.1266,0.5255,820,23
RSC-2024-03941,v2.2.0,2024-01-18 07:00:28,54,0.0105,0.7718,0.1615,0.5358,1111,116
RSC-2024-03942,v2.2.1,2024-10-14 23:58:39,46,0.0135,0.8452,0.149,0.5288,1291,139
RSC-2024-03943,v2.2.0,2024-08-13 13:28:29,39,0.0231,0.7951,0.1152,0.5205,1153,36
RSC-2024-03944,v2.3.0,2024-02-06 14:50:54,43,0.0389,0.8148,0.1558,0.4781,1314,132
RSC-2024-03945,v2.1.4,2024-10-11 09:11:24,47,0.0101,0.8049,0.1326,0.4878,1397,25
RSC-2024-03946,v2.2.0,2024-03-16 05:56:03,38,0.0432,0.8135,0.1373,0.5568,1162,32
RSC-2024-03947,v2.2.0,2024-04-29 10:52:48,52,0.0344,0.8027,0.1408,0.5229,1108,29
RSC-2024-03948,v2.2.1,2024-12-23 11:21:22,39,0.0368,0.8194,0.1466,0.501,1183,78
RSC-2024-03949,v2.2.1,2024-10-03 16:34:57,34,0.0045,0.8081,0.144,0.515,1394,90
RSC-2024-03950,v2.1.3,2024-11-19 18:27:12,49,0.0598,0.82,0.137,0.5033,1414,130
RSC-2024-03951,v2.2.0,2024-06-06 21:32:02,45,0.0417,0.8346,0.1397,0.5465,1009,56
RSC-2024-03952,v2.1.4,2024-06-17 19:24:43,35,0.0085,0.8232,0.1296,0.4905,1432,21
RSC-2024-03953,v2.2.0,2024-11-05 11:33:46,56,0.0428,0.8322,0.1365,0.5439,1227,36
RSC-2024-03954,v2.2.0,2024-09-03 20:02:55,49,0.0269,0.8027,0.1532,0.5158,851,110
RSC-2024-03955,v2.1.4,2024-07-24 05:46:25,47,0.0567,0.7832,0.1368,0.4858,1302,104
RSC-2024-03956,v2.2.1,2024-12-16 03:01:32,35,0.0256,0.8031,0.1279,0.5136,1422,139
RSC-2024-03957,v2.3.0,2024-12-15 07:42:41,45,0.0271,0.8398,0.1428,0.5501,1440,96
RSC-2024-03958,v2.1.4,2024-08-28 17:06:48,34,0.0173,0.819,0.1295,0.5013,1097,107
RSC-2024-03959,v2.1.4,2024-06-13 21:19:35,47,0.0787,0.8268,0.1559,0.5274,1318,22
RSC-2024-03960,v2.1.4,2024-03-29 01:55:01,41,0.0797,0.8228,0.1616,0.5,1489,48
RSC-2024-03961,v2.2.1,2024-05-06 02:35:56,52,0.0514,0.8078,0.1533,0.5458,1419,139
RSC-2024-03962,v2.1.3,2024-06-21 13:19:22,52,0.0537,0.8432,0.1593,0.5436,1302,27
RSC-2024-03963,v2.1.3,2024-01-02 07:35:22,56,0.0456,0.81,0.1361,0.5015,902,54
RSC-2024-03964,v2.1.3,2024-10-26 21:37:36,42,0.0562,0.8228,0.1528,0.4754,934,124
RSC-2024-03965,v2.2.1,2024-08-01 11:58:26,55,0.0481,0.8133,0.1148,0.4898,1054,94
RSC-2024-03966,v2.3.0,2024-06-17 14:44:52,48,0.0367,0.8211,0.1602,0.5114,910,92
RSC-2024-03967,v2.2.1,2024-08-12 22:36:18,56,0.0067,0.8175,0.1375,0.5165,851,58
RSC-2024-03968,v2.2.0,2024-04-29 03:42:04,51,0.0262,0.8001,0.161,0.4953,887,26
RSC-2024-03969,v2.1.4,2024-11-22 09:33:35,38,0.0615,0.8155,0.1114,0.5515,1168,23
RSC-2024-03970,v2.3.0,2024-01-28 11:03:40,54,0.0485,0.7965,0.1577,0.5172,1402,68
RSC-2024-03971,v2.2.0,2024-10-25 06:31:26,46,0.0552,0.8405,0.1484,0.5006,1550,126
RSC-2024-03972,v2.3.0,2024-11-04 12:49:02,38,0.0168,0.7885,0.1459,0.4729,1457,135
RSC-2024-03973,v2.2.0,2024-07-04 19:17:18,38,0.0296,0.8119,0.1139,0.4962,1313,133
RSC-2024-03974,v2.3.0,2024-02-29 09:43:24,46,0.0105,0.8156,0.1357,0.5067,966,78
RSC-2024-03975,v2.3.0,2024-07-05 06:21:47,39,0.0164,0.8303,0.1374,0.5187,1426,84
RSC-2024-03976,v2.2.0,2024-08-21 01:42:42,37,0.1079,0.7775,0.1375,0.5091,874,86
RSC-2024-03977,v2.3.0,2024-09-18 22:44:20,45,0.0201,0.8232,0.1501,0.5263,1380,74
RSC-2024-03978,v2.2.0,2024-03-07 08:34:56,54,0.0168,0.7825,0.1457,0.4998,1160,137
RSC-2024-03979,v2.3.0,2024-07-24 11:54:43,48,0.0835,0.7937,0.1555,0.5174,1146,92
RSC-2024-03980,v2.1.4,2024-08-29 05:41:56,47,0.0165,0.8308,0.1441,0.5398,969,60
RSC-2024-03981,v2.1.4,2024-02-23 03:20:46,46,0.0549,0.8054,0.1553,0.5024,851,123
RSC-2024-03982,v2.1.3,2024-04-07 03:39:06,51,0.0418,0.8001,0.1432,0.4842,905,121
RSC-2024-03983,v2.1.4,2024-07-11 11:04:39,39,0.0203,0.7842,0.1406,0.4926,1487,105
RSC-2024-03984,v2.2.0,2024-11-26 21:54:19,53,0.0369,0.8365,0.1112,0.5456,947,118
RSC-2024-03985,v2.1.4,2024-12-25 18:56:53,43,0.022,0.8017,0.127,0.5233,1349,26
RSC-2024-03986,v2.1.3,2024-12-17 11:26:56,56,0.0129,0.811,0.1328,0.4941,1418,85
RSC-2024-03987,v2.3.0,2024-03-14 04:09:48,46,0.0233,0.8039,0.156,0.5281,1444,138
RSC-2024-03988,v2.2.0,2024-11-06 10:57:58,42,0.0236,0.8455,0.1306,0.5447,1303,57
RSC-2024-03989,v2.1.3,2024-10-23 01:57:46,56,0.0524,0.7949,0.1412,0.4972,1564,99
RSC-2024-03990,v2.2.1,2024-11-19 14:20:31,39,0.0499,0.8587,0.1558,0.5157,900,114
RSC-2024-03991,v2.2.0,2024-07-17 20:42:11,42,0.0056,0.8142,0.1478,0.4987,1238,118
RSC-2024-03992,v2.2.1,2024-01-06 01:49:49,36,0.0128,0.8159,0.1509,0.5141,1488,130
RSC-2024-03993,v2.2.0,2024-08-28 23:33:46,57,0.0262,0.8136,0.1457,0.4585,902,37
RSC-2024-03994,v2.1.3,2024-05-30 18:07:55,48,0.031,0.7874,0.1582,0.5443,1442,132
RSC-2024-03995,v2.2.0,2024-05-09 17:31:00,46,0.0186,0.8448,0.1452,0.4956,1004,20
RSC-2024-03996,v2.1.4,2024-03-31 00:51:48,38,0.038,0.7809,0.1636,0.5078,1100,128
RSC-2024-03997,v2.1.3,2024-01-04 02:24:38,34,0.0562,0.8146,0.1595,0.504,1331,33
RSC-2024-03998,v2.1.3,2024-09-13 01:29:22,47,0.0376,0.7953,0.1309,0.5277,1043,96
RSC-2024-03999,v2.1.3,2024-03-27 00:00:54,57,0.0598,0.8256,0.1224,0.5068,1271,136
RSC-2024-04000,v2.2.1,2024-04-12 05:58:50,54,0.0356,0.804,0.1426,0.5252,991,38
RSC-2024-04001,v2.2.0,2024-09-12 12:16:57,35,0.0052,0.8388,0.1548,0.5157,1398,66
RSC-2024-04002,v2.2.0,2024-11-12 19:46:37,39,0.0133,0.7988,0.1516,0.5158,1505,103
RSC-2024-04003,v2.1.3,2024-09-04 13:11:34,36,0.0143,0.7664,0.1408,0.5186,1337,124
RSC-2024-04004,v2.2.1,2024-09-04 19:44:16,39,0.0314,0.799,0.1584,0.5187,1101,36
RSC-2024-04005,v2.2.1,2024-05-22 23:59:18,55,0.0033,0.789,0.1584,0.5098,868,27
RSC-2024-04006,v2.3.0,2024-05-24 00:57:11,36,0.0309,0.7926,0.1616,0.509,1537,73
RSC-2024-04007,v2.3.0,2024-06-23 20:27:54,54,0.0192,0.845,0.1477,0.4796,1475,43
RSC-2024-04008,v2.1.3,2024-02-10 20:05:29,57,0.0145,0.8033,0.1642,0.5021,1029,30
RSC-2024-04009,v2.2.0,2024-10-16 03:21:44,37,0.0525,0.819,0.1311,0.5266,1260,20
RSC-2024-04010,v2.2.1,2024-07-23 20:23:27,36,0.024,0.8179,0.1515,0.5012,1005,56
RSC-2024-04011,v2.3.0,2024-08-11 16:04:37,46,0.1406,0.829,0.1535,0.4944,1386,86
RSC-2024-04012,v2.2.1,2024-08-03 11:47:13,42,0.0245,0.8099,0.1431,0.5466,1487,138
RSC-2024-04013,v2.2.1,2024-08-13 04:26:05,46,0.0225,0.8247,0.1482,0.5151,909,138
RSC-2024-04014,v2.3.0,2024-05-23 06:26:45,49,0.0114,0.8166,0.1459,0.511,1420,25
RSC-2024-04015,v2.1.3,2024-12-15 16:02:31,45,0.0258,0.798,0.1396,0.5285,1407,109
RSC-2024-04016,v2.1.4,2024-09-15 08:03:32,55,0.0214,0.8157,0.1401,0.5163,1090,43
RSC-2024-04017,v2.1.4,2024-04-14 08:19:33,49,0.1234,0.8338,0.1426,0.4952,1113,95
RSC-2024-04018,v2.1.4,2024-04-22 09:58:31,55,0.0661,0.8574,0.1432,0.5145,1217,77
RSC-2024-04019,v2.1.3,2024-08-18 17:32:02,35,0.0182,0.791,0.1475,0.5242,1001,56
RSC-2024-04020,v2.2.1,2024-03-19 04:00:31,45,0.0491,0.8239,0.1404,0.5318,1018,133
RSC-2024-04021,v2.2.0,2024-03-03 14:24:07,37,0.0865,0.775,0.1496,0.5066,1487,137
RSC-2024-04022,v2.1.3,2024-07-08 20:17:12,37,0.0229,0.8232,0.1515,0.544,906,48
RSC-2024-04023,v2.1.4,2024-12-16 17:02:44,53,0.0723,0.7665,0.1656,0.5063,1581,50
RSC-2024-04024,v2.3.0,2024-01-20 15:09:39,49,0.0629,0.8041,0.1418,0.5254,1005,124
RSC-2024-04025,v2.2.1,2024-07-21 05:23:38,37,0.0329,0.8133,0.1532,0.5016,1004,123
RSC-2024-04026,v2.2.1,2024-08-06 17:46:55,43,0.0353,0.7836,0.1508,0.5082,1404,61
RSC-2024-04027,v2.1.3,2024-08-28 01:22:18,55,0.0414,0.8356,0.1374,0.5203,1146,104
RSC-2024-04028,v2.2.0,2024-11-04 00:57:07,51,0.0857,0.8276,0.1526,0.5082,1328,115
RSC-2024-04029,v2.1.4,2024-12-20 07:55:46,34,0.0253,0.8443,0.1421,0.5066,821,112
RSC-2024-04030,v2.2.1,2024-02-07 17:48:41,46,0.0247,0.7874,0.1463,0.5415,934,95
RSC-2024-04031,v2.3.0,2024-02-12 10:56:56,41,0.0451,0.811,0.1134,0.4821,1355,63
RSC-2024-04032,v2.2.0,2024-03-08 11:47:13,53,0.0493,0.7929,0.1474,0.4764,1294,137
RSC-2024-04033,v2.3.0,2024-03-15 07:12:23,37,0.0379,0.8242,0.1368,0.5332,901,46
RSC-2024-04034,v2.1.4,2024-12-30 07:03:47,54,0.0796,0.8141,0.1371,0.5126,1276,33
RSC-2024-04035,v2.1.4,2024-03-02 17:53:52,45,0.0601,0.8242,0.1395,0.5093,1173,30
RSC-2024-04036,v2.1.4,2024-08-30 06:56:19,51,0.0085,0.7998,0.1586,0.5528,1155,96
RSC-2024-04037,v2.3.0,2024-07-29 11:44:01,49,0.0226,0.8304,0.1417,0.5214,921,21
RSC-2024-04038,v2.2.1,2024-01-29 05:08:06,55,0.0248,0.824,0.1506,0.4534,1280,35
RSC-2024-04039,v2.2.1,2024-05-15 16:04:42,39,0.0118,0.7893,0.1597,0.5244,1075,31
RSC-2024-04040,v2.3.0,2024-07-01 04:32:20,45,0.0026,0.8058,0.134,0.4861,1343,85
RSC-2024-04041,v2.1.4,2024-07-10 01:11:34,39,0.0302,0.82,0.1378,0.4896,1480,67
RSC-2024-04042,v2.1.4,2024-06-13 00:56:37,44,0.0394,0.8001,0.1397,0.5185,903,49
RSC-2024-04043,v2.1.4,2024-05-29 10:34:03,57,0.081,0.8091,0.123,0.5041,1508,96
RSC-2024-04044,v2.1.4,2024-02-19 01:16:38,37,0.0531,0.8364,0.1289,0.5294,1544,44
RSC-2024-04045,v2.3.0,2024-04-05 01:05:03,37,0.0678,0.8256,0.11,0.5505,833,36
RSC-2024-04046,v2.2.1,2024-01-02 11:43:26,42,0.0543,0.8255,0.1365,0.5123,1325,88
RSC-2024-04047,v2.3.0,2024-01-19 21:53:21,39,0.024,0.8233,0.1268,0.5143,1369,37
RSC-2024-04048,v2.3.0,2024-07-24 14:06:28,38,0.006,0.8006,0.1563,0.4926,1002,69
RSC-2024-04049,v2.1.4,2024-11-04 16:48:53,46,0.0437,0.8439,0.1575,0.4953,1410,76
RSC-2024-04050,v2.1.3,2024-07-20 13:43:58,56,0.0349,0.8324,0.158,0.4897,801,21
RSC-2024-04051,v2.2.1,2024-06-25 02:36:59,53,0.0889,0.8107,0.1305,0.5124,1297,122
RSC-2024-04052,v2.3.0,2024-12-12 12:41:13,38,0.0706,0.8168,0.1482,0.4931,1574,33
RSC-2024-04053,v2.2.1,2024-06-09 10:52:19,47,0.1027,0.8085,0.156,0.5085,1043,84
RSC-2024-04054,v2.1.3,2024-06-26 16:22:48,48,0.0932,0.8208,0.1293,0.5116,1562,26
RSC-2024-04055,v2.2.1,2024-04-02 14:11:43,57,0.0545,0.8191,0.1382,0.5227,1204,105
RSC-2024-04056,v2.2.1,2024-05-23 18:59:50,38,0.017,0.8173,0.1424,0.5171,1004,130
RSC-2024-04057,v2.1.4,2024-02-07 09:00:09,35,0.0366,0.8407,0.128,0.5383,1242,53
RSC-2024-04058,v2.1.4,2024-07-04 02:20:26,35,0.0228,0.8201,0.1344,0.4769,1429,27
RSC-2024-04059,v2.2.0,2024-11-20 21:53:58,47,0.0322,0.7995,0.1385,0.5021,982,66
RSC-2024-04060,v2.3.0,2024-06-04 04:25:12,42,0.051,0.8339,0.1255,0.4733,1258,111
RSC-2024-04061,v2.3.0,2024-08-20 19:08:25,47,0.0316,0.8253,0.1576,0.5,830,63
RSC-2024-04062,v2.1.3,2024-10-16 15:19:54,54,0.0365,0.8192,0.1186,0.5008,870,21
RSC-2024-04063,v2.3.0,2024-04-29 13:47:03,38,0.0005,0.8152,0.1498,0.5755,1038,65
RSC-2024-04064,v2.2.1,2024-06-07 00:25:45,41,0.0183,0.801,0.1269,0.4978,1495,62
RSC-2024-04065,v2.1.3,2024-07-12 04:24:42,57,0.0443,0.8164,0.1558,0.5194,1159,111
RSC-2024-04066,v2.1.3,2024-08-06 09:28:23,37,0.0099,0.8029,0.1347,0.5212,886,94
RSC-2024-04067,v2.3.0,2024-03-09 01:56:35,47,0.0062,0.8245,0.1438,0.5326,1451,102
RSC-2024-04068,v2.1.3,2024-08-29 03:24:38,57,0.0635,0.8286,0.1408,0.4704,1307,106
RSC-2024-04069,v2.1.4,2024-09-08 07:40:52,55,0.044,0.8191,0.1448,0.4829,917,117
RSC-2024-04070,v2.1.4,2024-12-29 10:42:10,49,0.0528,0.8025,0.1463,0.5333,1313,96
RSC-2024-04071,v2.3.0,2024-10-10 02:06:32,45,0.0704,0.802,0.1369,0.5088,1168,115
RSC-2024-04072,v2.1.4,2024-04-03 03:09:53,53,0.0321,0.8547,0.1303,0.5199,1239,87
RSC-2024-04073,v2.2.1,2024-07-18 03:06:35,44,0.0313,0.8312,0.1499,0.4995,1151,57
RSC-2024-04074,v2.1.4,2024-01-25 07:47:56,43,0.0146,0.8125,0.144,0.5178,1187,139
RSC-2024-04075,v2.2.0,2024-07-09 03:42:01,53,0.0366,0.8297,0.1353,0.5252,890,33
RSC-2024-04076,v2.3.0,2024-06-07 22:52:00,34,0.0204,0.8231,0.1354,0.5356,1068,58
RSC-2024-04077,v2.3.0,2024-05-19 19:31:45,54,0.029,0.7751,0.1462,0.4895,1142,127
RSC-2024-04078,v2.2.1,2024-08-26 02:33:01,42,0.0191,0.8189,0.1393,0.5428,1458,64
RSC-2024-04079,v2.2.1,2024-05-17 01:56:25,40,0.0337,0.7973,0.1552,0.5561,1239,132
RSC-2024-04080,v2.1.3,2024-05-09 03:56:42,43,0.0414,0.8251,0.1457,0.5339,1443,63
RSC-2024-04081,v2.2.0,2024-04-12 10:54:18,50,0.0472,0.7947,0.1262,0.5429,1447,59
RSC-2024-04082,v2.2.0,2024-06-01 09:56:52,52,0.0567,0.8426,0.1709,0.5291,1442,80
RSC-2024-04083,v2.3.0,2024-11-12 02:31:35,37,0.0372,0.8089,0.1579,0.5033,1144,27
RSC-2024-04084,v2.2.0,2024-07-17 18:06:05,56,0.0165,0.7912,0.1398,0.5035,1426,62
RSC-2024-04085,v2.1.4,2024-07-23 17:10:47,47,0.0237,0.8093,0.1355,0.5274,1231,74
RSC-2024-04086,v2.3.0,2024-09-04 14:00:14,54,0.0662,0.8301,0.1456,0.5069,960,88
RSC-2024-04087,v2.3.0,2024-04-12 10:12:57,44,0.0477,0.8046,0.1294,0.5167,1119,47
RSC-2024-04088,v2.2.1,2024-06-06 13:23:21,40,0.0237,0.8032,0.1307,0.4708,1333,84
RSC-2024-04089,v2.1.3,2024-02-25 08:21:31,55,0.018,0.8326,0.1312,0.5221,1268,109
RSC-2024-04090,v2.2.0,2024-03-12 00:35:13,50,0.0297,0.818,0.1468,0.503,896,52
RSC-2024-04091,v2.2.1,2024-08-01 01:09:50,53,0.0132,0.8166,0.1518,0.5028,1255,44
RSC-2024-04092,v2.2.0,2024-10-07 19:58:50,56,0.0374,0.8043,0.1398,0.5045,1324,116
RSC-2024-04093,v2.2.1,2024-06-10 18:31:50,49,0.0551,0.8199,0.1327,0.4898,1095,106
RSC-2024-04094,v2.1.4,2024-07-24 08:55:29,55,0.0341,0.8054,0.1293,0.5091,813,64
RSC-2024-04095,v2.1.3,2024-07-11 06:33:43,54,0.0428,0.8243,0.1407,0.5288,1354,62
RSC-2024-04096,v2.3.0,2024-09-09 03:09:42,35,0.0397,0.821,0.1499,0.4965,1433,41
RSC-2024-04097,v2.2.1,2024-04-26 23:31:24,56,0.055,0.8144,0.1549,0.5034,1030,50
RSC-2024-04098,v2.1.4,2024-05-07 22:27:05,44,0.054,0.7893,0.1535,0.526,1288,83
RSC-2024-04099,v2.1.4,2024-10-26 18:48:15,38,0.0489,0.8214,0.1302,0.4964,1039,94
RSC-2024-04100,v2.1.3,2024-01-18 01:28:48,36,0.074,0.8178,0.1368,0.5142,935,38
RSC-2024-04101,v2.3.0,2024-06-25 02:22:32,51,0.0422,0.849,0.1619,0.5084,1169,88
RSC-2024-04102,v2.2.1,2024-08-01 10:10:16,35,0.0183,0.794,0.118,0.5341,975,124
RSC-2024-04103,v2.1.4,2024-01-31 23:26:07,51,0.0421,0.7978,0.1424,0.5184,1420,33
RSC-2024-04104,v2.3.0,2024-08-19 16:53:41,38,0.0523,0.8084,0.1539,0.4572,999,105
RSC-2024-04105,v2.2.1,2024-10-10 15:12:52,52,0.144,0.7965,0.1434,0.565,1248,86
RSC-2024-04106,v2.1.3,2024-06-17 10:36:53,38,0.0451,0.8091,0.1524,0.529,1526,121
RSC-2024-04107,v2.1.3,2024-06-03 12:16:56,56,0.0701,0.8128,0.1312,0.4927,910,78
RSC-2024-04108,v2.3.0,2024-04-11 08:22:11,54,0.033,0.8192,0.1203,0.4897,1502,81
RSC-2024-04109,v2.3.0,2024-01-08 13:32:37,53,0.0669,0.8003,0.1505,0.5228,1595,22
RSC-2024-04110,v2.3.0,2024-02-11 13:25:25,45,0.0084,0.7945,0.1367,0.5042,951,41
RSC-2024-04111,v2.2.1,2024-03-23 13:50:16,53,0.0193,0.8072,0.147,0.4942,1597,73
RSC-2024-04112,v2.3.0,2024-12-02 17:13:11,56,0.0196,0.7749,0.1331,0.4876,892,133
RSC-2024-04113,v2.1.4,2024-01-10 20:29:22,52,0.0185,0.8435,0.1311,0.5197,1447,51
RSC-2024-04114,v2.1.3,2024-08-25 00:08:42,39,0.0178,0.8341,0.149,0.5157,1016,44
RSC-2024-04115,v2.3.0,2024-07-14 10:27:04,43,0.014,0.795,0.1505,0.5152,1008,63
RSC-2024-04116,v2.1.3,2024-02-06 02:29:17,36,0.0104,0.8252,0.1467,0.5473,1553,139
RSC-2024-04117,v2.3.0,2024-12-16 16:41:13,38,0.0129,0.7733,0.1522,0.4802,1565,107
RSC-2024-04118,v2.2.1,2024-08-04 05:16:01,50,0.0354,0.78,0.1542,0.5009,1452,68
RSC-2024-04119,v2.2.1,2024-02-19 03:33:00,57,0.0236,0.7918,0.1488,0.524,1265,97
RSC-2024-04120,v2.1.4,2024-04-13 23:31:57,57,0.0319,0.7724,0.1538,0.5151,1492,26
RSC-2024-04121,v2.1.4,2024-02-20 04:49:31,51,0.0349,0.7846,0.1412,0.4827,1439,130
RSC-2024-04122,v2.3.0,2024-08-03 13:19:54,52,0.0158,0.8054,0.1451,0.5016,1464,31
RSC-2024-04123,v2.3.0,2024-03-01 15:51:04,40,0.0462,0.8154,0.1364,0.5054,959,52
RSC-2024-04124,v2.3.0,2024-11-28 01:21:47,41,0.0733,0.8177,0.1616,0.5019,1137,112
RSC-2024-04125,v2.2.0,2024-04-23 08:31:19,39,0.0089,0.798,0.1411,0.5118,1390,28
RSC-2024-04126,v2.2.0,2024-10-01 19:30:56,42,0.0293,0.8215,0.139,0.5413,1182,67
RSC-2024-04127,v2.1.3,2024-10-16 12:12:46,47,0.0277,0.8018,0.1383,0.51,1221,137
RSC-2024-04128,v2.3.0,2024-10-02 12:25:59,38,0.0922,0.828,0.1476,0.5166,1145,139
RSC-2024-04129,v2.1.4,2024-06-17 00:20:25,38,0.0674,0.8043,0.1556,0.5067,1063,74
RSC-2024-04130,v2.1.3,2024-04-30 10:52:33,56,0.0284,0.8161,0.1524,0.5117,1007,71
RSC-2024-04131,v2.2.1,2024-07-21 10:03:33,52,0.0166,0.8244,0.1237,0.5123,1145,132
RSC-2024-04132,v2.1.3,2024-04-13 18:03:32,42,0.0537,0.8246,0.1546,0.4875,1247,127
RSC-2024-04133,v2.1.3,2024-05-09 08:47:54,40,0.0653,0.8081,0.115,0.4935,852,51
RSC-2024-04134,v2.3.0,2024-10-22 12:04:50,45,0.0198,0.8284,0.1426,0.4975,1063,76
RSC-2024-04135,v2.1.4,2024-09-20 03:37:14,55,0.0804,0.8177,0.1391,0.5348,1110,85
RSC-2024-04136,v2.3.0,2024-12-10 23:46:27,37,0.0223,0.8212,0.136,0.521,957,105
RSC-2024-04137,v2.2.1,2024-09-05 16:41:57,50,0.0663,0.7984,0.1675,0.4987,1538,126
RSC-2024-04138,v2.3.0,2024-10-13 15:01:05,46,0.0602,0.814,0.1536,0.5201,1088,27
RSC-2024-04139,v2.1.4,2024-10-05 05:13:39,51,0.0977,0.795,0.1249,0.5044,1361,29
RSC-2024-04140,v2.3.0,2024-07-17 19:16:47,36,0.0118,0.8153,0.1533,0.4852,1549,54
RSC-2024-04141,v2.1.3,2024-04-05 16:38:30,46,0.075,0.7856,0.153,0.5171,830,125
RSC-2024-04142,v2.1.4,2024-04-26 13:11:44,45,0.042,0.8176,0.1632,0.5458,1025,32
RSC-2024-04143,v2.1.3,2024-02-16 15:52:40,47,0.0554,0.8118,0.1359,0.5141,836,69
RSC-2024-04144,v2.1.3,2024-01-17 15:57:36,43,0.0425,0.8044,0.1439,0.4975,1313,95
RSC-2024-04145,v2.1.3,2024-05-20 01:20:46,40,0.0029,0.84,0.1433,0.4826,1267,130
RSC-2024-04146,v2.3.0,2024-06-15 14:14:43,42,0.0201,0.8268,0.1632,0.5186,828,88
RSC-2024-04147,v2.2.1,2024-08-13 14:54:02,51,0.0407,0.8291,0.1475,0.5169,1567,118
RSC-2024-04148,v2.2.0,2024-11-29 19:09:59,56,0.0489,0.8206,0.1667,0.5136,1119,80
RSC-2024-04149,v2.2.0,2024-01-22 05:24:03,53,0.0195,0.813,0.1445,0.4877,1027,111
RSC-2024-04150,v2.1.3,2024-05-12 18:02:55,34,0.0553,0.812,0.158,0.5167,1295,40
RSC-2024-04151,v2.1.3,2024-01-19 11:16:01,54,0.013,0.8303,0.1558,0.5051,981,131
RSC-2024-04152,v2.1.4,2024-04-14 21:32:46,34,0.012,0.8283,0.135,0.5173,1024,139
RSC-2024-04153,v2.2.1,2024-07-03 14:48:20,51,0.0127,0.8302,0.1603,0.5268,1553,22
RSC-2024-04154,v2.2.1,2024-01-15 08:25:04,48,0.0473,0.7928,0.1307,0.5088,1467,47
RSC-2024-04155,v2.3.0,2024-11-25 16:08:36,50,0.0499,0.7882,0.1234,0.5247,1281,120
RSC-2024-04156,v2.3.0,2024-12-06 13:38:23,48,0.0372,0.8336,0.1472,0.5255,1414,34
RSC-2024-04157,v2.2.1,2024-05-12 11:27:17,44,0.0288,0.8135,0.156,0.5063,1430,121
RSC-2024-04158,v2.2.1,2024-12-12 11:36:44,38,0.0941,0.832,0.1205,0.521,846,79
RSC-2024-04159,v2.2.0,2024-05-05 01:16:08,50,0.0305,0.813,0.1418,0.5094,874,106
RSC-2024-04160,v2.2.0,2024-03-21 02:45:32,56,0.0334,0.8356,0.1547,0.5242,1444,49
RSC-2024-04161,v2.1.4,2024-06-29 13:32:56,51,0.0414,0.812,0.1542,0.5351,1450,133
RSC-2024-04162,v2.2.0,2024-08-29 03:53:50,52,0.0601,0.8217,0.1708,0.5236,1313,38
RSC-2024-04163,v2.3.0,2024-02-08 00:19:47,36,0.0178,0.8207,0.1463,0.5241,867,41
RSC-2024-04164,v2.1.3,2024-09-20 19:14:20,51,0.0507,0.7792,0.1487,0.5164,1219,136
RSC-2024-04165,v2.1.3,2024-10-03 10:24:59,40,0.0722,0.8195,0.1227,0.4992,1504,53
RSC-2024-04166,v2.1.3,2024-04-27 05:00:01,57,0.0462,0.8181,0.1459,0.5022,1416,44
RSC-2024-04167,v2.2.1,2024-11-22 20:04:29,45,0.014,0.8131,0.1465,0.532,1512,44
RSC-2024-04168,v2.1.3,2024-10-14 08:31:09,48,0.0465,0.8062,0.1509,0.5274,1499,78
RSC-2024-04169,v2.1.4,2024-12-22 15:24:41,42,0.0299,0.8142,0.1218,0.5327,1454,45
RSC-2024-04170,v2.1.3,2024-01-12 10:59:07,41,0.0074,0.8218,0.1551,0.5081,1256,103
RSC-2024-04171,v2.2.1,2024-01-11 10:46:54,41,0.0402,0.8026,0.1632,0.5461,1183,69
RSC-2024-04172,v2.1.4,2024-04-18 14:04:12,39,0.036,0.825,0.1315,0.4746,1487,41
RSC-2024-04173,v2.1.4,2024-05-07 18:30:19,48,0.0523,0.7754,0.1263,0.5316,1012,33
RSC-2024-04174,v2.2.1,2024-03-19 15:30:03,53,0.0136,0.7834,0.1458,0.5258,1197,45
RSC-2024-04175,v2.1.4,2024-02-26 13:31:06,57,0.0634,0.826,0.1355,0.4995,1331,83
RSC-2024-04176,v2.2.1,2024-07-12 10:19:21,44,0.0691,0.8341,0.1647,0.5319,1174,104
RSC-2024-04177,v2.3.0,2024-02-13 19:48:33,43,0.0367,0.7946,0.1739,0.5207,998,39
RSC-2024-04178,v2.2.1,2024-07-15 10:08:32,45,0.0559,0.8096,0.1505,0.5158,1087,82
RSC-2024-04179,v2.2.1,2024-05-06 09:49:05,54,0.042,0.8038,0.1404,0.4743,1006,52
RSC-2024-04180,v2.3.0,2024-01-11 07:52:28,38,0.0727,0.8044,0.1212,0.508,878,51
RSC-2024-04181,v2.2.0,2024-02-28 03:31:23,57,0.076,0.7947,0.1528,0.5188,1080,97
RSC-2024-04182,v2.1.3,2024-10-22 17:26:18,44,0.0275,0.83,0.1497,0.5507,1506,71
RSC-2024-04183,v2.1.4,2024-07-10 11:07:22,39,0.0255,0.8197,0.1612,0.486,1517,68
RSC-2024-04184,v2.1.3,2024-06-29 05:30:04,45,0.046,0.781,0.1476,0.5273,1123,65
RSC-2024-04185,v2.2.1,2024-10-16 21:06:34,43,0.0127,0.8252,0.1522,0.4951,1188,57
RSC-2024-04186,v2.3.0,2024-07-04 06:25:32,51,0.0531,0.7968,0.1442,0.5061,1228,131
RSC-2024-04187,v2.3.0,2024-03-14 14:25:17,54,0.05,0.7831,0.1598,0.5233,1210,38
RSC-2024-04188,v2.3.0,2024-04-14 16:49:33,52,0.0533,0.7828,0.1507,0.4978,1211,119
RSC-2024-04189,v2.1.4,2024-09-07 05:15:39,51,0.0354,0.7962,0.1367,0.5038,1511,84
RSC-2024-04190,v2.1.3,2024-06-08 23:08:52,42,0.0667,0.8107,0.1415,0.4801,1334,73
RSC-2024-04191,v2.3.0,2024-10-27 21:37:35,54,0.0032,0.8246,0.126,0.5304,905,52
RSC-2024-04192,v2.1.3,2024-07-31 08:20:39,39,0.0235,0.8342,0.1371,0.5105,947,40
RSC-2024-04193,v2.2.0,2024-01-15 13:33:28,37,0.1414,0.8111,0.1358,0.5305,1101,72
RSC-2024-04194,v2.1.4,2024-10-04 22:16:47,57,0.0079,0.8164,0.1464,0.5378,1304,38
RSC-2024-04195,v2.1.3,2024-01-08 20:32:09,40,0.0161,0.806,0.1369,0.5243,1505,45
RSC-2024-04196,v2.2.0,2024-01-03 05:48:03,36,0.0998,0.7794,0.1363,0.4675,1267,78
RSC-2024-04197,v2.3.0,2024-05-18 16:26:09,45,0.0315,0.7966,0.1317,0.5218,1039,57
RSC-2024-04198,v2.1.3,2024-11-25 07:50:21,35,0.1741,0.8371,0.1251,0.5252,1395,126
RSC-2024-04199,v2.1.3,2024-04-02 00:50:27,51,0.0126,0.8306,0.1497,0.501,1195,128
RSC-2024-04200,v2.3.0,2024-08-11 04:48:25,55,0.0147,0.8297,0.1375,0.5448,1440,104
RSC-2024-04201,v2.2.1,2024-03-25 09:45:21,38,0.0442,0.7672,0.1437,0.4893,1592,108
RSC-2024-04202,v2.2.1,2024-07-06 04:13:20,34,0.0401,0.8048,0.1381,0.4865,1540,95
RSC-2024-04203,v2.2.0,2024-09-02 18:50:38,53,0.1048,0.808,0.1496,0.5062,1430,120
RSC-2024-04204,v2.1.4,2024-06-06 18:24:18,57,0.0049,0.8164,0.1572,0.5197,845,68
RSC-2024-04205,v2.2.0,2024-11-24 06:48:55,45,0.0523,0.8103,0.1499,0.5222,1196,111
RSC-2024-04206,v2.1.4,2024-02-01 02:25:18,49,0.0453,0.8207,0.1333,0.4907,1055,32
RSC-2024-04207,v2.2.0,2024-06-26 12:17:15,54,0.0115,0.7835,0.134,0.5166,1305,118
RSC-2024-04208,v2.3.0,2024-06-03 18:55:14,45,0.035,0.7952,0.1468,0.5089,1452,136
RSC-2024-04209,v2.2.1,2024-01-15 19:56:26,55,0.0286,0.8445,0.1593,0.4828,1192,110
RSC-2024-04210,v2.1.3,2024-12-08 17:19:18,40,0.0513,0.8067,0.1469,0.4967,867,75
RSC-2024-04211,v2.3.0,2024-12-01 15:44:33,53,0.0449,0.8095,0.119,0.5067,1465,28
RSC-2024-04212,v2.3.0,2024-12-21 12:07:18,50,0.0431,0.8069,0.1311,0.5154,1184,89
RSC-2024-04213,v2.3.0,2024-11-15 07:52:00,53,0.0325,0.8357,0.1542,0.5085,1200,69
RSC-2024-04214,v2.1.4,2024-09-14 03:09:37,44,0.0078,0.799,0.1459,0.4891,1214,49
RSC-2024-04215,v2.1.4,2024-11-29 11:50:52,48,0.0317,0.8123,0.1558,0.4997,1036,93
RSC-2024-04216,v2.2.0,2024-02-16 15:44:13,53,0.0953,0.7997,0.1316,0.5478,941,133
RSC-2024-04217,v2.1.4,2024-06-30 23:24:07,38,0.0086,0.7981,0.135,0.5091,1051,51
RSC-2024-04218,v2.2.1,2024-08-18 01:14:42,43,0.0218,0.8192,0.1412,0.5176,1373,118
RSC-2024-04219,v2.1.3,2024-02-25 20:07:41,36,0.0642,0.812,0.1478,0.4979,1214,85
RSC-2024-04220,v2.2.0,2024-06-15 16:49:11,53,0.0631,0.8056,0.1481,0.5301,1484,129
RSC-2024-04221,v2.2.1,2024-08-14 15:06:12,38,0.0227,0.81,0.1432,0.519,879,131
RSC-2024-04222,v2.2.1,2024-12-26 23:42:21,47,0.0806,0.8145,0.1526,0.5233,1005,40
RSC-2024-04223,v2.3.0,2024-08-22 00:23:04,38,0.0276,0.8207,0.1524,0.5182,1208,128
RSC-2024-04224,v2.3.0,2024-04-18 00:39:21,47,0.0729,0.8208,0.1426,0.5047,1269,57
RSC-2024-04225,v2.2.0,2024-01-21 00:19:10,38,0.0148,0.8049,0.1275,0.5188,1009,123
RSC-2024-04226,v2.2.0,2024-10-14 07:36:37,41,0.0791,0.8068,0.1538,0.4772,1067,80
RSC-2024-04227,v2.2.0,2024-04-08 19:15:09,41,0.0389,0.823,0.155,0.4843,1319,90
RSC-2024-04228,v2.2.1,2024-04-02 05:10:04,54,0.0189,0.8152,0.1409,0.5257,1139,86
RSC-2024-04229,v2.2.0,2024-05-22 09:58:02,43,0.0087,0.8313,0.1333,0.5126,1592,90
RSC-2024-04230,v2.1.4,2024-03-06 12:03:38,49,0.0236,0.8149,0.1523,0.5107,1148,100
RSC-2024-04231,v2.3.0,2024-07-24 09:01:40,56,0.0472,0.8355,0.1193,0.5034,1568,44
RSC-2024-04232,v2.3.0,2024-09-04 17:31:45,42,0.0534,0.8222,0.1363,0.5178,1563,94
RSC-2024-04233,v2.3.0,2024-07-14 10:10:09,36,0.041,0.8037,0.1379,0.5572,1019,76
RSC-2024-04234,v2.2.0,2024-04-04 09:03:29,51,0.0447,0.8105,0.14,0.4896,872,120
RSC-2024-04235,v2.3.0,2024-09-08 23:31:56,40,0.0956,0.7972,0.1413,0.5423,1012,98
RSC-2024-04236,v2.2.0,2024-11-10 18:37:42,37,0.0741,0.7902,0.1173,0.527,1260,31
RSC-2024-04237,v2.2.1,2024-08-06 09:21:44,38,0.0311,0.8224,0.1341,0.5039,1483,123
RSC-2024-04238,v2.3.0,2024-11-02 01:29:15,43,0.052,0.8064,0.1295,0.4995,1273,114
RSC-2024-04239,v2.3.0,2024-10-09 04:37:11,39,0.0435,0.7759,0.1384,0.5011,1536,28
RSC-2024-04240,v2.1.3,2024-04-24 14:55:46,50,0.0465,0.8083,0.1378,0.5099,1479,113
RSC-2024-04241,v2.1.4,2024-11-11 14:29:09,38,0.0365,0.792,0.1434,0.5234,1493,103
RSC-2024-04242,v2.1.4,2024-04-07 14:56:43,51,0.0658,0.7931,0.1387,0.5202,1501,132
RSC-2024-04243,v2.2.1,2024-07-16 19:09:57,37,0.1047,0.7929,0.1501,0.5244,858,127
RSC-2024-04244,v2.2.0,2024-02-06 02:31:08,57,0.0667,0.8069,0.1513,0.5192,844,72
RSC-2024-04245,v2.3.0,2024-04-23 06:06:13,57,0.0235,0.7857,0.144,0.5227,1255,75
RSC-2024-04246,v2.2.0,2024-09-08 16:35:48,34,0.0472,0.8118,0.1454,0.5389,1547,29
RSC-2024-04247,v2.1.3,2024-03-17 02:37:59,49,0.0275,0.8612,0.1559,0.5248,1207,104
RSC-2024-04248,v2.1.4,2024-09-03 06:33:10,43,0.0253,0.7815,0.1575,0.527,1410,106
RSC-2024-04249,v2.1.3,2024-11-07 01:42:41,48,0.0382,0.8286,0.1446,0.5448,984,62
RSC-2024-04250,v2.2.1,2024-09-10 19:39:40,35,0.043,0.7919,0.1511,0.5463,1206,24
RSC-2024-04251,v2.3.0,2024-02-03 01:59:16,50,0.0511,0.8026,0.1348,0.5143,1141,103
RSC-2024-04252,v2.2.1,2024-08-23 16:28:37,37,0.0732,0.8187,0.131,0.5187,1287,72
RSC-2024-04253,v2.1.4,2024-10-06 04:00:28,54,0.0134,0.8022,0.1239,0.5116,1562,46
RSC-2024-04254,v2.1.3,2024-09-21 02:39:40,48,0.053,0.8128,0.1606,0.4959,1550,96
RSC-2024-04255,v2.1.4,2024-11-18 13:10:22,47,0.0081,0.8273,0.1222,0.522,1009,113
RSC-2024-04256,v2.2.1,2024-09-11 08:40:15,53,0.0111,0.7928,0.143,0.5401,1003,123
RSC-2024-04257,v2.1.4,2024-06-22 18:23:10,35,0.0421,0.8172,0.1366,0.5046,1349,138
RSC-2024-04258,v2.2.1,2024-10-07 09:06:05,38,0.0049,0.7962,0.1443,0.5321,1028,38
RSC-2024-04259,v2.1.3,2024-09-21 12:28:00,39,0.0717,0.8033,0.1614,0.5112,1242,133
RSC-2024-04260,v2.1.3,2024-04-29 23:33:16,37,0.0433,0.7997,0.1582,0.4925,1026,91
RSC-2024-04261,v2.1.3,2024-04-02 11:29:16,41,0.0155,0.8048,0.1656,0.4923,1234,25
RSC-2024-04262,v2.2.1,2024-05-22 09:34:31,40,0.0165,0.8288,0.1398,0.5163,1208,99
RSC-2024-04263,v2.1.4,2024-08-26 15:49:33,57,0.0319,0.8047,0.1371,0.536,925,126
RSC-2024-04264,v2.2.0,2024-11-22 18:29:21,45,0.0057,0.8334,0.1616,0.5314,1368,58
RSC-2024-04265,v2.3.0,2024-02-08 09:11:59,55,0.0268,0.8012,0.1535,0.5229,930,108
RSC-2024-04266,v2.2.1,2024-11-21 09:39:44,36,0.0305,0.7961,0.1448,0.5499,1027,113
RSC-2024-04267,v2.2.0,2024-05-05 04:28:13,43,0.0175,0.7905,0.1393,0.5071,1172,73
RSC-2024-04268,v2.3.0,2024-09-28 21:17:02,40,0.0309,0.8238,0.1527,0.5062,1567,99
RSC-2024-04269,v2.1.4,2024-12-14 02:11:58,42,0.0171,0.79,0.1579,0.4899,977,85
RSC-2024-04270,v2.3.0,2024-04-24 16:48:35,43,0.0131,0.8102,0.1509,0.4963,1508,100
RSC-2024-04271,v2.1.3,2024-02-11 09:05:16,50,0.0434,0.8212,0.136,0.533,1159,56
RSC-2024-04272,v2.3.0,2024-04-04 06:33:07,45,0.0459,0.8422,0.1189,0.5277,1500,104
RSC-2024-04273,v2.3.0,2024-05-03 09:11:13,50,0.0233,0.8099,0.1544,0.4883,1409,87
RSC-2024-04274,v2.1.3,2024-07-03 16:15:45,53,0.0253,0.8531,0.1455,0.4875,1060,30
RSC-2024-04275,v2.2.0,2024-09-06 14:22:38,49,0.0827,0.8525,0.1253,0.5342,883,105
RSC-2024-04276,v2.1.3,2024-01-29 19:27:19,53,0.045,0.786,0.1551,0.5192,967,42
RSC-2024-04277,v2.3.0,2024-05-25 19:43:11,46,0.0455,0.8111,0.1449,0.493,1160,95
RSC-2024-04278,v2.2.0,2024-07-05 01:42:17,37,0.0089,0.8199,0.1392,0.5244,812,115
RSC-2024-04279,v2.3.0,2024-07-07 11:54:40,35,0.036,0.8084,0.135,0.4818,1156,56
RSC-2024-04280,v2.3.0,2024-08-17 10:12:02,43,0.005,0.8273,0.1427,0.5131,1372,76
RSC-2024-04281,v2.3.0,2024-11-29 19:18:58,34,0.0301,0.8235,0.1458,0.5437,980,64
RSC-2024-04282,v2.3.0,2024-08-13 07:27:26,35,0.0084,0.8088,0.1506,0.499,1181,24
RSC-2024-04283,v2.2.1,2024-07-07 21:38:25,49,0.0277,0.8079,0.1355,0.5265,1340,86
RSC-2024-04284,v2.1.4,2024-06-20 07:43:28,50,0.0875,0.8186,0.1372,0.5049,935,111
RSC-2024-04285,v2.3.0,2024-06-22 19:39:53,55,0.0205,0.817,0.1448,0.5063,1177,117
RSC-2024-04286,v2.1.3,2024-12-01 09:05:43,43,0.0466,0.8061,0.1689,0.5286,1078,113
RSC-2024-04287,v2.3.0,2024-12-03 09:49:25,42,0.0295,0.7886,0.1222,0.4913,1092,87
RSC-2024-04288,v2.1.4,2024-05-15 15:00:16,45,0.0247,0.7968,0.1428,0.5171,1100,62
RSC-2024-04289,v2.1.4,2024-07-29 12:46:24,54,0.064,0.8457,0.1347,0.4959,850,118
RSC-2024-04290,v2.2.0,2024-04-26 22:17:31,39,0.0228,0.7978,0.1515,0.5275,918,78
RSC-2024-04291,v2.3.0,2024-02-09 17:45:03,41,0.012,0.7961,0.144,0.5428,923,61
RSC-2024-04292,v2.3.0,2024-08-11 13:41:13,42,0.0902,0.8009,0.1359,0.5062,1333,20
RSC-2024-04293,v2.3.0,2024-07-28 12:06:28,57,0.0586,0.8132,0.1184,0.5133,1287,36
RSC-2024-04294,v2.1.3,2024-07-08 14:20:33,41,0.0804,0.8206,0.1435,0.4853,1497,93
RSC-2024-04295,v2.3.0,2024-01-10 04:10:25,34,0.0261,0.7827,0.1434,0.5447,1584,81
RSC-2024-04296,v2.2.1,2024-09-18 13:17:39,34,0.1201,0.8023,0.1425,0.5313,1114,59
RSC-2024-04297,v2.1.4,2024-01-17 00:35:17,39,0.0356,0.8028,0.1464,0.5131,1256,110
RSC-2024-04298,v2.2.1,2024-05-07 21:05:38,51,0.0203,0.8243,0.1448,0.5192,845,76
RSC-2024-04299,v2.3.0,2024-09-16 00:47:36,47,0.074,0.7657,0.1418,0.5092,1260,25
RSC-2024-04300,v2.3.0,2024-11-28 13:36:51,35,0.056,0.8268,0.1668,0.4913,1232,87
RSC-2024-04301,v2.2.1,2024-07-18 11:58:04,53,0.0511,0.8036,0.1439,0.5206,978,58
RSC-2024-04302,v2.2.1,2024-02-08 21:06:51,39,0.0669,0.7946,0.1289,0.5218,1298,111
RSC-2024-04303,v2.1.4,2024-07-21 15:37:36,57,0.0376,0.8085,0.1361,0.5282,1198,32
RSC-2024-04304,v2.1.3,2024-01-02 08:56:17,47,0.0527,0.8148,0.1382,0.5048,1056,102
RSC-2024-04305,v2.3.0,2024-04-27 14:22:59,49,0.0404,0.8172,0.142,0.514,1031,81
RSC-2024-04306,v2.3.0,2024-03-15 14:35:15,38,0.1147,0.8349,0.1471,0.4901,1230,56
RSC-2024-04307,v2.1.3,2024-01-03 03:29:58,37,0.0131,0.8167,0.1474,0.524,1547,25
RSC-2024-04308,v2.1.4,2024-03-06 01:53:37,36,0.0062,0.7946,0.1573,0.4987,837,138
RSC-2024-04309,v2.1.4,2024-11-28 03:38:36,44,0.0851,0.81,0.133,0.5119,1547,82
RSC-2024-04310,v2.3.0,2024-06-17 16:35:23,53,0.0267,0.8351,0.1552,0.5164,1174,63
RSC-2024-04311,v2.2.1,2024-06-17 02:58:44,54,0.0169,0.8152,0.1495,0.4719,1477,26
RSC-2024-04312,v2.1.3,2024-02-01 10:16:54,52,0.0145,0.8186,0.1528,0.5679,1088,21
RSC-2024-04313,v2.2.1,2024-02-22 08:59:02,35,0.0466,0.8141,0.1393,0.5031,1318,39
RSC-2024-04314,v2.3.0,2024-08-14 06:46:32,56,0.0278,0.8237,0.1422,0.4879,985,53
RSC-2024-04315,v2.1.4,2024-04-22 00:29:02,53,0.0013,0.8053,0.1333,0.5212,1380,60
RSC-2024-04316,v2.2.1,2024-12-01 02:56:56,47,0.0675,0.8112,0.1548,0.5117,1262,92
RSC-2024-04317,v2.2.0,2024-01-20 23:07:44,34,0.0262,0.7978,0.1354,0.5173,910,56
RSC-2024-04318,v2.2.0,2024-04-09 10:32:11,54,0.0195,0.8439,0.1539,0.5259,1524,72
RSC-2024-04319,v2.1.3,2024-03-01 17:32:59,55,0.0733,0.8108,0.1365,0.5218,1528,113
RSC-2024-04320,v2.3.0,2024-06-12 14:28:01,53,0.0743,0.8012,0.1307,0.5206,940,33
RSC-2024-04321,v2.3.0,2024-12-05 17:40:42,49,0.0165,0.8348,0.1602,0.5268,923,28
RSC-2024-04322,v2.1.3,2024-03-30 13:21:31,49,0.0605,0.7938,0.1536,0.497,1448,53
RSC-2024-04323,v2.3.0,2024-12-14 02:47:24,53,0.0521,0.8126,0.1579,0.537,1256,122
RSC-2024-04324,v2.3.0,2024-02-28 10:33:37,49,0.0341,0.8124,0.1241,0.5014,1355,110
RSC-2024-04325,v2.2.1,2024-12-22 17:33:57,45,0.0834,0.794,0.1506,0.4932,1484,84
RSC-2024-04326,v2.2.0,2024-03-15 23:06:47,45,0.0362,0.7811,0.1475,0.4979,1038,32
RSC-2024-04327,v2.2.1,2024-05-10 13:47:19,48,0.0724,0.7966,0.1361,0.5126,1398,22
RSC-2024-04328,v2.1.3,2024-05-08 11:23:02,35,0.0333,0.8114,0.1627,0.5005,815,59
RSC-2024-04329,v2.1.3,2024-04-27 16:04:11,52,0.0492,0.7834,0.1489,0.5284,1289,94
RSC-2024-04330,v2.1.4,2024-03-02 18:35:50,49,0.0102,0.8352,0.1468,0.5019,980,36
RSC-2024-04331,v2.3.0,2024-03-23 01:56:39,46,0.0103,0.8345,0.1421,0.4959,1417,86
RSC-2024-04332,v2.1.4,2024-10-23 21:57:10,45,0.0316,0.7797,0.1463,0.519,1253,112
RSC-2024-04333,v2.3.0,2024-01-29 03:31:16,48,0.0332,0.8231,0.1582,0.5264,1548,120
RSC-2024-04334,v2.1.3,2024-05-05 07:28:36,52,0.0543,0.8202,0.1629,0.5414,1481,44
RSC-2024-04335,v2.2.1,2024-09-12 02:23:49,49,0.041,0.8523,0.1607,0.4814,1527,40
RSC-2024-04336,v2.2.0,2024-09-05 14:00:32,40,0.0082,0.8273,0.1572,0.5078,1026,127
RSC-2024-04337,v2.3.0,2024-12-30 03:57:47,45,0.0432,0.7937,0.1489,0.5193,1239,30
RSC-2024-04338,v2.2.0,2024-02-01 02:22:02,55,0.0227,0.8099,0.1531,0.5428,989,103
RSC-2024-04339,v2.2.0,2024-02-22 07:16:49,34,0.04,0.7835,0.1374,0.541,967,104
RSC-2024-04340,v2.2.0,2024-10-25 14:45:27,38,0.0394,0.8022,0.1214,0.483,1256,42
RSC-2024-04341,v2.2.0,2024-03-19 22:36:25,57,0.0124,0.8073,0.1222,0.5007,1472,105
RSC-2024-04342,v2.1.4,2024-05-12 22:47:44,43,0.0456,0.8097,0.1282,0.5183,1390,80
RSC-2024-04343,v2.3.0,2024-04-22 16:06:42,48,0.0889,0.8043,0.1461,0.5072,1058,131
RSC-2024-04344,v2.3.0,2024-05-24 10:53:37,36,0.0402,0.8168,0.1364,0.5276,1128,138
RSC-2024-04345,v2.2.0,2024-03-11 01:28:04,36,0.1175,0.8221,0.1366,0.5283,986,96
RSC-2024-04346,v2.3.0,2024-01-26 21:24:21,50,0.0284,0.8196,0.1502,0.5408,905,28
RSC-2024-04347,v2.3.0,2024-11-03 10:40:47,48,0.0129,0.8313,0.1486,0.5566,1053,22
RSC-2024-04348,v2.1.4,2024-09-27 21:55:18,54,0.0404,0.7996,0.1394,0.4835,1285,27
RSC-2024-04349,v2.2.0,2024-05-30 12:27:19,52,0.0333,0.8068,0.1425,0.4773,1125,22
RSC-2024-04350,v2.2.1,2024-03-24 13:48:32,49,0.0582,0.811,0.1351,0.5165,1301,65
RSC-2024-04351,v2.3.0,2024-03-15 12:19:05,50,0.0554,0.8201,0.1535,0.5096,1228,63
RSC-2024-04352,v2.1.3,2024-06-27 10:13:07,35,0.0808,0.7827,0.1473,0.4795,1352,28
RSC-2024-04353,v2.1.3,2024-12-28 17:39:09,36,0.0826,0.7992,0.1254,0.5119,1353,20
RSC-2024-04354,v2.1.4,2024-11-06 19:15:50,55,0.0077,0.8305,0.1418,0.5274,1348,28
RSC-2024-04355,v2.1.4,2024-07-16 16:08:06,54,0.0458,0.7983,0.1587,0.5189,1486,91
RSC-2024-04356,v2.3.0,2024-07-24 11:43:50,48,0.02,0.8151,0.1513,0.5206,893,73
RSC-2024-04357,v2.2.1,2024-10-27 18:44:50,38,0.0499,0.8182,0.151,0.5112,981,112
RSC-2024-04358,v2.3.0,2024-12-15 06:37:11,51,0.0093,0.7682,0.128,0.5357,899,56
RSC-2024-04359,v2.1.3,2024-02-10 16:01:01,51,0.0282,0.8347,0.1499,0.543,1409,71
RSC-2024-04360,v2.1.4,2024-06-09 14:54:54,56,0.0284,0.8147,0.1517,0.522,1420,58
RSC-2024-04361,v2.3.0,2024-09-29 01:01:44,38,0.041,0.8067,0.155,0.5392,1481,54
RSC-2024-04362,v2.2.1,2024-12-21 16:44:45,50,0.0685,0.7639,0.1237,0.468,1262,23
RSC-2024-04363,v2.2.0,2024-12-09 12:49:00,47,0.032,0.8183,0.144,0.5559,1061,127
RSC-2024-04364,v2.1.3,2024-07-02 05:41:39,47,0.0666,0.8147,0.1518,0.4597,1272,88
RSC-2024-04365,v2.1.4,2024-01-20 19:35:19,50,0.0103,0.8217,0.1483,0.5295,1289,130
RSC-2024-04366,v2.1.4,2024-07-07 02:19:26,44,0.0086,0.8136,0.1445,0.5059,1511,126
RSC-2024-04367,v2.1.4,2024-11-29 03:27:13,37,0.0255,0.8174,0.1406,0.4895,1556,50
RSC-2024-04368,v2.1.3,2024-04-11 21:24:57,51,0.0284,0.8354,0.1262,0.5272,1266,78
RSC-2024-04369,v2.1.3,2024-08-29 18:59:57,53,0.0051,0.7976,0.1554,0.555,1315,55
RSC-2024-04370,v2.1.4,2024-09-03 21:58:54,34,0.027,0.7851,0.1439,0.521,1501,51
RSC-2024-04371,v2.3.0,2024-01-23 18:41:20,55,0.0244,0.8117,0.1446,0.5544,1080,132
RSC-2024-04372,v2.3.0,2024-10-06 08:03:56,40,0.0919,0.8032,0.1451,0.518,1195,118
RSC-2024-04373,v2.1.4,2024-03-27 14:42:49,41,0.0909,0.8109,0.1445,0.5001,1280,135
RSC-2024-04374,v2.2.1,2024-09-02 20:51:24,50,0.0356,0.8347,0.1411,0.5292,1415,129
RSC-2024-04375,v2.1.3,2024-07-09 05:16:30,48,0.0028,0.8364,0.1535,0.5421,1139,92
RSC-2024-04376,v2.2.1,2024-09-09 11:27:47,55,0.0437,0.8288,0.111,0.5483,1410,98
RSC-2024-04377,v2.1.3,2024-10-31 11:33:36,34,0.0303,0.8121,0.1478,0.5167,965,116
RSC-2024-04378,v2.1.3,2024-03-05 01:57:10,55,0.0168,0.7936,0.1524,0.5256,1165,128
RSC-2024-04379,v2.1.3,2024-10-10 21:06:48,55,0.0273,0.8027,0.131,0.5197,1575,23
RSC-2024-04380,v2.1.4,2024-04-27 17:41:07,56,0.0194,0.8125,0.1387,0.5458,1287,100
RSC-2024-04381,v2.3.0,2024-07-06 16:56:55,46,0.026,0.7911,0.1633,0.5096,841,100
RSC-2024-04382,v2.3.0,2024-10-20 17:54:47,52,0.0224,0.8257,0.1408,0.5087,1029,86
RSC-2024-04383,v2.3.0,2024-10-15 22:44:06,45,0.0306,0.8221,0.1504,0.526,1527,113
RSC-2024-04384,v2.3.0,2024-04-20 23:24:01,48,0.0631,0.8298,0.1427,0.5129,1516,24
RSC-2024-04385,v2.2.1,2024-08-15 05:00:55,37,0.0559,0.8049,0.1672,0.5435,1251,113
RSC-2024-04386,v2.1.3,2024-12-09 12:48:51,42,0.0093,0.8234,0.1645,0.4902,1122,103
RSC-2024-04387,v2.1.4,2024-07-29 00:50:22,47,0.0053,0.8372,0.1207,0.4579,1240,20
RSC-2024-04388,v2.3.0,2024-03-01 12:14:27,34,0.0231,0.8294,0.1437,0.4708,1579,38
RSC-2024-04389,v2.1.4,2024-10-01 22:52:05,46,0.0286,0.8028,0.128,0.485,991,105
RSC-2024-04390,v2.2.0,2024-08-29 15:08:17,39,0.0234,0.8246,0.1513,0.5221,1198,43
RSC-2024-04391,v2.1.4,2024-03-26 17:52:57,55,0.0433,0.8078,0.1372,0.5146,1143,108
RSC-2024-04392,v2.1.4,2024-12-14 07:45:24,55,0.0491,0.8027,0.151,0.5049,1597,85
RSC-2024-04393,v2.2.0,2024-10-04 10:51:50,38,0.0827,0.8319,0.1538,0.5133,883,30
RSC-2024-04394,v2.2.1,2024-05-07 11:27:53,51,0.0094,0.8053,0.1411,0.4923,1446,106
RSC-2024-04395,v2.3.0,2024-09-14 22:28:28,35,0.0544,0.8393,0.1314,0.5342,1185,73
RSC-2024-04396,v2.3.0,2024-12-26 09:06:12,46,0.048,0.8094,0.1343,0.4985,1166,116
RSC-2024-04397,v2.2.1,2024-04-05 10:58:32,37,0.043,0.787,0.1545,0.528,1492,24
RSC-2024-04398,v2.2.0,2024-04-12 07:17:13,43,0.0267,0.8141,0.1408,0.4866,1401,116
RSC-2024-04399,v2.1.4,2024-04-25 22:08:40,57,0.0217,0.8112,0.1313,0.4934,1479,71
RSC-2024-04400,v2.2.0,2024-08-16 06:53:04,48,0.0212,0.8165,0.1416,0.4946,1210,129
RSC-2024-04401,v2.1.4,2024-11-07 04:04:58,50,0.0544,0.807,0.1336,0.5203,1418,92
RSC-2024-04402,v2.2.1,2024-07-26 01:57:08,47,0.0241,0.8259,0.1527,0.5074,1430,79
RSC-2024-04403,v2.1.3,2024-07-09 09:46:02,53,0.0322,0.8315,0.134,0.533,1442,104
RSC-2024-04404,v2.3.0,2024-08-16 16:05:16,53,0.1133,0.8021,0.1642,0.4979,1175,132
RSC-2024-04405,v2.1.4,2024-06-13 19:21:52,49,0.0208,0.8092,0.1631,0.5135,930,23
RSC-2024-04406,v2.3.0,2024-08-31 14:06:46,55,0.0292,0.7969,0.1346,0.5044,1442,22
RSC-2024-04407,v2.2.1,2024-02-20 21:44:49,41,0.0312,0.8129,0.1324,0.5231,998,119
RSC-2024-04408,v2.1.4,2024-01-11 19:32:43,38,0.0541,0.8147,0.1409,0.5169,1175,66
RSC-2024-04409,v2.1.3,2024-09-25 11:56:56,46,0.0475,0.8398,0.1471,0.5367,1304,89
RSC-2024-04410,v2.1.4,2024-01-21 09:28:32,50,0.0722,0.8199,0.1472,0.4928,1115,90
RSC-2024-04411,v2.2.1,2024-01-05 08:41:57,44,0.0294,0.8169,0.1389,0.534,1208,101
RSC-2024-04412,v2.3.0,2024-07-05 16:11:58,56,0.0494,0.83,0.1422,0.5252,883,136
RSC-2024-04413,v2.2.1,2024-12-06 03:44:52,37,0.0286,0.8052,0.1442,0.5086,1047,57
RSC-2024-04414,v2.3.0,2024-12-21 18:16:36,44,0.027,0.825,0.1594,0.5216,925,104
RSC-2024-04415,v2.1.4,2024-11-04 12:04:15,48,0.0482,0.8102,0.1509,0.5123,1001,51
RSC-2024-04416,v2.2.0,2024-09-21 17:21:10,43,0.013,0.8095,0.1382,0.5018,932,121
RSC-2024-04417,v2.1.3,2024-05-15 17:11:49,52,0.0335,0.794,0.1213,0.5245,1582,75
RSC-2024-04418,v2.1.4,2024-11-16 17:00:34,52,0.0259,0.8116,0.1283,0.5292,1263,68
RSC-2024-04419,v2.1.3,2024-08-08 15:18:15,48,0.0442,0.7992,0.138,0.5038,1413,72
RSC-2024-04420,v2.3.0,2024-09-27 20:15:17,35,0.0309,0.8145,0.1393,0.5352,1190,65
RSC-2024-04421,v2.1.4,2024-05-01 12:56:12,52,0.1134,0.7937,0.1465,0.5091,1451,114
RSC-2024-04422,v2.2.0,2024-03-31 13:40:57,55,0.0931,0.7932,0.1325,0.4833,815,36
RSC-2024-04423,v2.1.4,2024-04-12 08:27:08,46,0.1714,0.8129,0.1281,0.5128,935,69
RSC-2024-04424,v2.2.1,2024-12-01 05:42:35,35,0.0357,0.827,0.1638,0.4989,826,88
RSC-2024-04425,v2.1.4,2024-02-07 23:59:00,39,0.0047,0.8092,0.1351,0.4917,1117,95
RSC-2024-04426,v2.1.4,2024-11-22 16:06:02,35,0.0262,0.7984,0.1462,0.4689,1362,105
RSC-2024-04427,v2.1.3,2024-04-26 11:35:20,36,0.0081,0.807,0.1465,0.4939,1134,115
RSC-2024-04428,v2.3.0,2024-01-31 21:20:37,57,0.0328,0.8173,0.1344,0.4954,1036,111
RSC-2024-04429,v2.2.0,2024-10-04 18:41:27,43,0.0171,0.8276,0.143,0.5205,924,44
RSC-2024-04430,v2.3.0,2024-04-23 06:42:41,48,0.0276,0.8052,0.1235,0.522,927,45
RSC-2024-04431,v2.3.0,2024-12-25 18:20:07,53,0.0198,0.8364,0.1521,0.4995,871,85
RSC-2024-04432,v2.2.0,2024-05-01 02:43:07,36,0.0467,0.8034,0.152,0.5206,1341,136
RSC-2024-04433,v2.2.0,2024-03-01 01:50:11,51,0.0611,0.8139,0.1516,0.5143,840,133
RSC-2024-04434,v2.2.1,2024-07-06 02:23:22,43,0.0125,0.7729,0.1473,0.548,925,100
RSC-2024-04435,v2.2.0,2024-09-17 15:52:43,42,0.1027,0.808,0.1345,0.5556,1379,99
RSC-2024-04436,v2.3.0,2024-09-11 03:26:04,52,0.0584,0.8044,0.1375,0.5164,1599,83
RSC-2024-04437,v2.3.0,2024-04-24 07:04:30,35,0.0496,0.8073,0.1601,0.5117,899,26
RSC-2024-04438,v2.3.0,2024-01-01 08:55:09,41,0.0133,0.8029,0.1347,0.5152,877,88
RSC-2024-04439,v2.1.3,2024-07-03 03:21:58,57,0.0301,0.8158,0.151,0.4902,995,95
RSC-2024-04440,v2.2.1,2024-11-11 03:46:49,51,0.0721,0.7858,0.1581,0.519,1059,124
RSC-2024-04441,v2.3.0,2024-04-24 07:35:42,39,0.0117,0.8039,0.1379,0.5411,1368,129
RSC-2024-04442,v2.3.0,2024-10-12 16:04:07,46,0.0286,0.7875,0.1359,0.5126,908,44
RSC-2024-04443,v2.1.4,2024-10-27 12:08:37,34,0.0802,0.8172,0.1506,0.5101,1224,54
RSC-2024-04444,v2.1.3,2024-12-20 14:05:20,55,0.0389,0.8077,0.1537,0.5032,1364,55
RSC-2024-04445,v2.1.3,2024-08-25 02:40:27,49,0.0112,0.8016,0.1404,0.4737,1214,33
RSC-2024-04446,v2.2.1,2024-12-03 08:53:03,52,0.047,0.7982,0.1414,0.4967,1579,70
RSC-2024-04447,v2.2.1,2024-02-16 00:41:39,36,0.0704,0.8092,0.1467,0.5206,1127,64
RSC-2024-04448,v2.1.4,2024-07-23 22:51:11,38,0.0416,0.8093,0.1335,0.4786,1368,83
RSC-2024-04449,v2.1.3,2024-02-19 19:20:25,43,0.0228,0.8474,0.1448,0.5219,1201,130
RSC-2024-04450,v2.3.0,2024-11-21 12:51:34,53,0.052,0.8184,0.1439,0.5235,1371,93
RSC-2024-04451,v2.2.1,2024-12-18 08:32:09,55,0.0679,0.8274,0.1372,0.507,1162,82
RSC-2024-04452,v2.1.3,2024-07-14 11:31:40,45,0.0248,0.8406,0.1399,0.5277,938,79
RSC-2024-04453,v2.2.0,2024-05-11 09:57:34,41,0.0501,0.7954,0.1437,0.4918,932,132
RSC-2024-04454,v2.2.1,2024-04-07 10:41:50,53,0.0438,0.8091,0.1376,0.5207,1001,90
RSC-2024-04455,v2.1.3,2024-02-24 14:26:39,39,0.0092,0.8272,0.1234,0.4904,839,97
RSC-2024-04456,v2.1.3,2024-01-17 04:12:23,52,0.0214,0.8094,0.1555,0.5032,1376,38
RSC-2024-04457,v2.1.4,2024-01-18 05:40:24,37,0.0823,0.8234,0.1531,0.5114,1081,115
RSC-2024-04458,v2.2.0,2024-12-27 16:00:45,47,0.0593,0.789,0.1464,0.5176,1536,116
RSC-2024-04459,v2.1.4,2024-07-12 16:50:24,35,0.0896,0.8404,0.1473,0.5217,1239,75
RSC-2024-04460,v2.2.0,2024-07-19 23:17:51,50,0.0807,0.8161,0.1392,0.5053,1271,43
RSC-2024-04461,v2.2.1,2024-09-15 05:49:15,56,0.0751,0.7916,0.1544,0.5045,1039,135
RSC-2024-04462,v2.1.4,2024-09-27 09:27:06,38,0.044,0.8255,0.1259,0.5326,1202,83
RSC-2024-04463,v2.1.3,2024-05-12 13:33:21,37,0.0388,0.848,0.148,0.5142,1181,78
RSC-2024-04464,v2.1.4,2024-04-19 18:50:47,34,0.0386,0.7942,0.126,0.5288,863,31
RSC-2024-04465,v2.1.4,2024-11-15 19:13:12,36,0.0824,0.8258,0.1296,0.547,809,123
RSC-2024-04466,v2.2.1,2024-04-04 07:01:39,55,0.1157,0.7805,0.1299,0.4782,1028,109
RSC-2024-04467,v2.1.4,2024-08-08 01:00:58,49,0.042,0.777,0.1363,0.5362,1192,21
RSC-2024-04468,v2.1.3,2024-01-19 02:47:03,36,0.0595,0.8052,0.1364,0.4942,1213,134
RSC-2024-04469,v2.1.3,2024-09-21 12:22:29,57,0.0753,0.795,0.1489,0.4885,866,53
RSC-2024-04470,v2.1.3,2024-08-30 18:58:50,55,0.0199,0.8387,0.1364,0.4946,942,35
RSC-2024-04471,v2.2.1,2024-02-11 03:13:00,55,0.0118,0.862,0.146,0.5305,1276,118
RSC-2024-04472,v2.1.3,2024-01-28 18:19:23,56,0.0723,0.81,0.1453,0.505,822,53
RSC-2024-04473,v2.1.4,2024-01-03 11:37:30,43,0.0842,0.8053,0.1522,0.4897,1185,59
RSC-2024-04474,v2.1.3,2024-05-26 21:00:24,39,0.0227,0.8306,0.1283,0.5475,930,111
RSC-2024-04475,v2.1.4,2024-12-15 22:26:19,50,0.0447,0.8144,0.1428,0.5235,1021,68
RSC-2024-04476,v2.1.4,2024-06-04 13:03:19,47,0.0083,0.8068,0.1546,0.5157,1014,138
RSC-2024-04477,v2.3.0,2024-01-16 12:48:29,41,0.0188,0.8014,0.1468,0.4911,806,51
RSC-2024-04478,v2.1.3,2024-03-30 11:18:04,56,0.0228,0.8158,0.1292,0.5124,1078,43
RSC-2024-04479,v2.2.0,2024-03-11 08:47:00,53,0.0774,0.8121,0.1567,0.5001,1540,128
RSC-2024-04480,v2.2.0,2024-05-06 00:06:25,45,0.0172,0.8422,0.1524,0.4962,1463,63
RSC-2024-04481,v2.2.0,2024-07-23 12:28:28,50,0.0118,0.8086,0.1766,0.4971,944,127
RSC-2024-04482,v2.1.3,2024-03-09 20:56:57,38,0.0224,0.8052,0.135,0.5056,1119,87
RSC-2024-04483,v2.1.4,2024-05-15 23:49:37,57,0.0375,0.853,0.1302,0.4826,994,138
RSC-2024-04484,v2.2.0,2024-10-21 03:31:38,53,0.0588,0.8142,0.1536,0.5194,801,132
RSC-2024-04485,v2.2.1,2024-10-13 22:44:22,47,0.0093,0.8021,0.1538,0.5211,1055,108
RSC-2024-04486,v2.3.0,2024-01-03 20:04:24,41,0.0125,0.7768,0.1427,0.4903,1042,80
RSC-2024-04487,v2.3.0,2024-09-20 09:41:53,36,0.0443,0.8,0.1284,0.4887,861,61
RSC-2024-04488,v2.1.4,2024-05-03 05:47:40,39,0.0429,0.8297,0.1568,0.5219,1316,68
RSC-2024-04489,v2.1.3,2024-11-27 10:46:38,35,0.0091,0.8212,0.1407,0.4842,1074,132
RSC-2024-04490,v2.1.3,2024-06-25 02:33:09,57,0.0369,0.8016,0.171,0.4761,1028,112
RSC-2024-04491,v2.2.0,2024-11-05 05:53:32,54,0.055,0.7813,0.1463,0.4837,1252,41
RSC-2024-04492,v2.1.4,2024-04-11 04:06:27,36,0.0185,0.8061,0.1583,0.5227,1221,85
RSC-2024-04493,v2.2.1,2024-04-14 16:48:35,51,0.0282,0.8235,0.1687,0.5159,1422,106
RSC-2024-04494,v2.2.1,2024-08-01 19:16:10,38,0.0178,0.8132,0.1442,0.4968,825,78
RSC-2024-04495,v2.2.0,2024-10-17 05:42:39,36,0.0515,0.8245,0.1548,0.4873,1308,41
RSC-2024-04496,v2.1.3,2024-02-12 08:18:58,46,0.0331,0.8072,0.1528,0.5064,857,102
RSC-2024-04497,v2.1.3,2024-01-09 21:00:46,53,0.0273,0.8036,0.1579,0.5212,901,50
RSC-2024-04498,v2.2.1,2024-01-07 07:01:58,56,0.0412,0.8245,0.1291,0.5405,949,104
RSC-2024-04499,v2.1.4,2024-11-24 06:35:22,48,0.0756,0.7986,0.1431,0.5089,1589,114
RSC-2024-04500,v2.3.0,2024-09-07 15:04:28,49,0.03,0.8232,0.1458,0.5269,924,114
RSC-2024-04501,v2.1.4,2024-12-23 11:09:42,47,0.0308,0.7978,0.1333,0.4697,1022,105
RSC-2024-04502,v2.2.1,2024-04-24 14:14:25,56,0.049,0.8069,0.1509,0.4971,1408,71
RSC-2024-04503,v2.2.1,2024-09-03 15:08:22,53,0.0199,0.8448,0.1507,0.5416,1143,23
RSC-2024-04504,v2.2.0,2024-12-08 23:48:47,57,0.0688,0.8364,0.1568,0.5131,1239,61
RSC-2024-04505,v2.1.4,2024-04-12 10:27:10,48,0.0231,0.8435,0.1364,0.528,948,107
RSC-2024-04506,v2.1.3,2024-07-18 19:33:17,52,0.0277,0.8064,0.15,0.5256,1520,119
RSC-2024-04507,v2.2.1,2024-09-28 11:54:15,45,0.0065,0.8235,0.1485,0.5222,1092,102
RSC-2024-04508,v2.2.0,2024-01-09 01:09:18,49,0.0381,0.8261,0.1452,0.5004,972,71
RSC-2024-04509,v2.2.0,2024-02-26 20:35:08,34,0.0512,0.8161,0.1301,0.532,893,86
RSC-2024-04510,v2.2.1,2024-11-28 10:12:40,51,0.0328,0.7936,0.1327,0.5181,1179,114
RSC-2024-04511,v2.3.0,2024-12-28 20:21:06,43,0.0445,0.794,0.1357,0.5172,1287,50
RSC-2024-04512,v2.1.4,2024-12-02 09:23:18,42,0.0368,0.7861,0.1442,0.5265,1342,33
RSC-2024-04513,v2.3.0,2024-08-27 17:54:39,45,0.0492,0.7756,0.1566,0.4942,1377,99
RSC-2024-04514,v2.3.0,2024-06-08 16:29:32,44,0.0452,0.8228,0.1488,0.5044,1141,106
RSC-2024-04515,v2.2.1,2024-02-14 06:08:23,54,0.0331,0.8045,0.1563,0.5316,1501,99
RSC-2024-04516,v2.2.0,2024-12-08 16:22:20,57,0.0095,0.8113,0.1349,0.4967,1198,113
RSC-2024-04517,v2.2.1,2024-05-25 04:39:55,43,0.0076,0.8174,0.1523,0.5168,1124,122
RSC-2024-04518,v2.3.0,2024-03-07 22:02:16,43,0.0552,0.792,0.1504,0.5042,1461,64
RSC-2024-04519,v2.3.0,2024-10-11 20:42:20,39,0.0694,0.826,0.1469,0.5423,1570,28
RSC-2024-04520,v2.1.4,2024-01-05 10:31:40,42,0.0589,0.8209,0.1512,0.5486,1057,86
RSC-2024-04521,v2.2.0,2024-06-25 09:32:30,47,0.0221,0.8133,0.1521,0.5217,1215,81
RSC-2024-04522,v2.2.0,2024-09-17 03:02:15,51,0.074,0.7844,0.1338,0.5425,830,137
RSC-2024-04523,v2.1.3,2024-03-07 15:59:13,51,0.0129,0.8335,0.1526,0.5078,1184,90
RSC-2024-04524,v2.2.0,2024-10-31 11:28:34,50,0.0393,0.8531,0.1507,0.537,1540,92
RSC-2024-04525,v2.1.4,2024-01-18 23:15:23,55,0.0221,0.7975,0.1458,0.5334,924,105
RSC-2024-04526,v2.1.3,2024-03-16 04:37:05,56,0.07,0.832,0.1455,0.5428,1187,139
RSC-2024-04527,v2.1.4,2024-09-21 12:31:19,38,0.0735,0.8149,0.1409,0.5047,1346,79
RSC-2024-04528,v2.2.1,2024-10-16 19:39:35,34,0.0414,0.8245,0.1384,0.5486,824,65
RSC-2024-04529,v2.1.4,2024-06-08 08:31:55,50,0.0622,0.8267,0.1419,0.5039,1290,30
RSC-2024-04530,v2.2.1,2024-03-24 22:14:38,39,0.0427,0.8104,0.1247,0.5254,910,59
RSC-2024-04531,v2.1.3,2024-10-09 11:15:30,38,0.0388,0.8202,0.1584,0.5076,1375,73
RSC-2024-04532,v2.1.3,2024-08-21 10:08:14,48,0.0763,0.7567,0.1086,0.5192,1253,139
RSC-2024-04533,v2.2.0,2024-04-24 09:53:27,56,0.0643,0.8092,0.1548,0.5009,877,25
RSC-2024-04534,v2.2.1,2024-06-26 19:28:56,46,0.0043,0.8403,0.1267,0.5434,1242,78
RSC-2024-04535,v2.1.4,2024-10-10 14:43:20,46,0.0609,0.8129,0.1503,0.5442,1422,103
RSC-2024-04536,v2.1.3,2024-09-07 05:17:50,52,0.0207,0.8488,0.1486,0.5089,1489,98
RSC-2024-04537,v2.2.0,2024-08-18 13:26:56,48,0.0218,0.7924,0.1417,0.5223,1356,61
RSC-2024-04538,v2.2.1,2024-04-27 05:13:43,56,0.022,0.7925,0.1507,0.5115,1424,110
RSC-2024-04539,v2.1.3,2024-10-25 04:47:42,37,0.0121,0.8295,0.1343,0.5111,813,135
RSC-2024-04540,v2.3.0,2024-11-13 20:41:43,43,0.042,0.807,0.1575,0.5036,1196,46
RSC-2024-04541,v2.1.4,2024-02-02 17:21:13,34,0.0121,0.8081,0.1573,0.5328,1111,108
RSC-2024-04542,v2.1.4,2024-12-11 00:24:45,45,0.0813,0.8259,0.1338,0.4899,833,80
RSC-2024-04543,v2.2.1,2024-06-27 01:00:22,47,0.0239,0.786,0.1381,0.4971,1174,46
RSC-2024-04544,v2.2.0,2024-01-04 10:54:30,54,0.0269,0.8154,0.1421,0.4904,1346,136
RSC-2024-04545,v2.2.1,2024-01-05 18:33:06,38,0.0498,0.7987,0.1638,0.519,1447,111
RSC-2024-04546,v2.2.0,2024-11-23 12:48:27,48,0.0134,0.7898,0.1266,0.5235,1083,92
RSC-2024-04547,v2.3.0,2024-08-25 00:30:03,48,0.0141,0.8301,0.1418,0.5434,1512,115
RSC-2024-04548,v2.1.3,2024-10-30 06:59:24,45,0.0859,0.8255,0.1392,0.4876,866,113
RSC-2024-04549,v2.3.0,2024-06-11 20:11:34,48,0.0554,0.8419,0.1427,0.5007,1214,71
RSC-2024-04550,v2.3.0,2024-12-19 15:38:52,53,0.0517,0.8142,0.1502,0.5444,1158,25
RSC-2024-04551,v2.2.0,2024-06-13 21:21:06,55,0.0696,0.8356,0.1427,0.4926,1336,33
RSC-2024-04552,v2.1.4,2024-09-19 15:30:46,50,0.0775,0.8449,0.1563,0.5206,812,123
RSC-2024-04553,v2.1.3,2024-04-09 21:44:55,38,0.0447,0.8228,0.1582,0.5329,1395,27
RSC-2024-04554,v2.3.0,2024-05-14 07:18:36,44,0.0683,0.8107,0.1346,0.5229,899,31
RSC-2024-04555,v2.2.1,2024-03-05 03:44:39,36,0.1019,0.8349,0.1269,0.5116,947,65
RSC-2024-04556,v2.1.3,2024-10-29 01:52:07,41,0.0473,0.8209,0.1309,0.5181,926,114
RSC-2024-04557,v2.2.1,2024-05-19 02:04:45,47,0.0347,0.8341,0.1413,0.4969,1598,48
RSC-2024-04558,v2.1.3,2024-12-18 03:08:54,42,0.0485,0.8255,0.1377,0.4933,1421,108
RSC-2024-04559,v2.2.1,2024-04-22 03:41:09,44,0.0165,0.8243,0.1326,0.5147,1221,57
RSC-2024-04560,v2.3.0,2024-09-05 19:49:59,46,0.0224,0.8022,0.1544,0.5327,1253,139
RSC-2024-04561,v2.2.0,2024-07-20 04:44:10,56,0.0373,0.8026,0.1393,0.5061,1385,100
RSC-2024-04562,v2.3.0,2024-02-21 10:38:40,45,0.0141,0.8024,0.1091,0.5252,1433,108
RSC-2024-04563,v2.1.3,2024-11-11 01:48:31,39,0.0046,0.7862,0.1423,0.5334,1183,106
RSC-2024-04564,v2.1.4,2024-07-11 05:46:49,53,0.0273,0.8005,0.1521,0.502,875,132
RSC-2024-04565,v2.1.3,2024-04-15 21:28:49,47,0.0645,0.7932,0.1345,0.5177,1104,30
RSC-2024-04566,v2.3.0,2024-10-20 19:05:19,41,0.0333,0.8209,0.1409,0.4917,990,100
RSC-2024-04567,v2.1.4,2024-09-16 12:17:12,43,0.0193,0.7887,0.1298,0.5115,1505,30
RSC-2024-04568,v2.1.4,2024-05-06 11:02:20,35,0.0557,0.8242,0.1539,0.5154,1499,20
RSC-2024-04569,v2.2.1,2024-06-19 20:01:18,44,0.0202,0.8189,0.1502,0.5067,981,62
RSC-2024-04570,v2.3.0,2024-12-05 21:25:04,44,0.0295,0.8085,0.1686,0.5235,1018,69
RSC-2024-04571,v2.1.3,2024-08-25 04:27:01,40,0.0263,0.7929,0.1557,0.5251,1497,39
RSC-2024-04572,v2.1.3,2024-10-12 11:44:04,39,0.0246,0.753,0.1476,0.5175,1034,49
RSC-2024-04573,v2.2.1,2024-04-06 17:47:03,52,0.0436,0.7939,0.1443,0.5042,1065,81
RSC-2024-04574,v2.2.0,2024-06-13 03:48:03,47,0.0261,0.8215,0.1587,0.4966,1093,111
RSC-2024-04575,v2.1.3,2024-06-19 23:31:14,53,0.0678,0.8143,0.1603,0.5124,1089,102
RSC-2024-04576,v2.1.4,2024-07-28 04:22:25,55,0.0365,0.8303,0.1395,0.5036,1378,45
RSC-2024-04577,v2.3.0,2024-02-20 15:53:58,49,0.006,0.8094,0.1469,0.4755,1433,89
RSC-2024-04578,v2.2.1,2024-10-06 15:00:51,56,0.0092,0.7823,0.1483,0.4942,1307,38
RSC-2024-04579,v2.3.0,2024-11-21 11:42:58,57,0.04,0.8171,0.1476,0.5249,1182,135
RSC-2024-04580,v2.1.3,2024-10-20 11:57:48,41,0.0283,0.7842,0.1326,0.5104,1346,112
RSC-2024-04581,v2.2.1,2024-06-27 14:45:44,46,0.0134,0.8061,0.1537,0.4839,1025,35
RSC-2024-04582,v2.2.0,2024-12-08 11:27:16,42,0.037,0.8205,0.1556,0.5595,1198,138
RSC-2024-04583,v2.1.4,2024-08-18 20:04:18,35,0.0936,0.7991,0.1488,0.5147,871,32
RSC-2024-04584,v2.2.0,2024-11-15 08:01:52,45,0.065,0.8339,0.1449,0.5162,1110,94
RSC-2024-04585,v2.2.1,2024-06-17 00:48:04,36,0.0827,0.8242,0.1439,0.4804,1352,136
RSC-2024-04586,v2.1.4,2024-04-06 21:18:24,53,0.0094,0.7911,0.1651,0.4922,1417,128
RSC-2024-04587,v2.1.4,2024-07-21 16:46:30,41,0.0512,0.8048,0.1466,0.5103,1299,97
RSC-2024-04588,v2.1.3,2024-03-14 01:49:23,39,0.0587,0.8226,0.1533,0.5127,1470,43
RSC-2024-04589,v2.1.3,2024-12-12 12:03:19,35,0.0393,0.7757,0.1566,0.5372,881,34
RSC-2024-04590,v2.3.0,2024-10-17 08:12:53,57,0.0533,0.8109,0.1494,0.5275,1594,123
RSC-2024-04591,v2.3.0,2024-11-03 01:34:39,55,0.0193,0.7769,0.1469,0.5311,1081,98
RSC-2024-04592,v2.1.4,2024-06-22 05:31:47,42,0.0784,0.7838,0.1421,0.5332,1169,23
RSC-2024-04593,v2.2.1,2024-06-20 23:51:30,47,0.0175,0.843,0.1607,0.4971,867,59
RSC-2024-04594,v2.1.4,2024-08-23 01:09:45,43,0.0061,0.7888,0.1503,0.5309,1400,88
RSC-2024-04595,v2.2.1,2024-11-21 10:29:08,34,0.0486,0.8117,0.1284,0.5124,822,44
RSC-2024-04596,v2.1.4,2024-05-14 06:33:21,43,0.0231,0.7995,0.1616,0.5449,1322,81
RSC-2024-04597,v2.3.0,2024-10-25 17:53:25,34,0.0574,0.814,0.1634,0.5274,1232,134
RSC-2024-04598,v2.3.0,2024-10-12 10:27:34,39,0.0846,0.8189,0.1366,0.5195,960,52
RSC-2024-04599,v2.1.3,2024-07-25 00:48:47,57,0.0587,0.8163,0.1502,0.5133,833,98
RSC-2024-04600,v2.2.1,2024-02-01 05:35:08,34,0.0188,0.8318,0.1222,0.4937,1390,53
RSC-2024-04601,v2.2.1,2024-11-06 09:36:03,40,0.0179,0.8161,0.1344,0.5262,1402,21
RSC-2024-04602,v2.1.4,2024-06-18 15:27:01,40,0.0455,0.8212,0.1599,0.5191,801,112
RSC-2024-04603,v2.1.3,2024-03-21 06:52:15,42,0.0258,0.8358,0.1288,0.5375,1218,115
RSC-2024-04604,v2.2.1,2024-12-04 16:39:31,36,0.0464,0.8127,0.1519,0.5078,1388,136
RSC-2024-04605,v2.3.0,2024-01-29 22:03:47,57,0.0378,0.8037,0.1384,0.4978,838,101
RSC-2024-04606,v2.3.0,2024-08-15 15:13:04,45,0.0288,0.8203,0.1632,0.4802,856,57
RSC-2024-04607,v2.2.0,2024-12-22 11:32:45,51,0.0087,0.8273,0.1263,0.4951,998,84
RSC-2024-04608,v2.3.0,2024-10-25 05:57:45,38,0.0148,0.8038,0.1469,0.4914,1454,61
RSC-2024-04609,v2.3.0,2024-01-06 13:10:08,44,0.0249,0.8175,0.1558,0.5432,1187,58
RSC-2024-04610,v2.2.1,2024-08-01 16:20:59,54,0.0173,0.8457,0.1335,0.4608,961,70
RSC-2024-04611,v2.2.0,2024-07-17 15:39:15,57,0.0145,0.8118,0.1349,0.5045,1301,117
RSC-2024-04612,v2.2.1,2024-08-18 09:32:12,38,0.0296,0.8189,0.1499,0.5076,1024,56
RSC-2024-04613,v2.3.0,2024-01-27 17:39:06,39,0.0666,0.8045,0.1272,0.5346,1051,127
RSC-2024-04614,v2.1.4,2024-12-14 01:20:22,50,0.0874,0.8138,0.1405,0.4714,1540,77
RSC-2024-04615,v2.1.3,2024-09-26 23:17:50,53,0.0299,0.8181,0.1347,0.5057,1439,123
RSC-2024-04616,v2.1.3,2024-01-25 06:10:35,57,0.0166,0.788,0.1313,0.5229,1039,38
RSC-2024-04617,v2.1.4,2024-08-30 06:16:42,39,0.0435,0.8237,0.1583,0.4899,1364,118
RSC-2024-04618,v2.1.4,2024-07-20 03:41:21,54,0.0441,0.8141,0.1567,0.5094,1349,53
RSC-2024-04619,v2.3.0,2024-06-09 18:17:35,57,0.0417,0.7988,0.1498,0.5089,983,136
RSC-2024-04620,v2.1.3,2024-09-04 11:20:00,47,0.0134,0.8492,0.1286,0.522,1358,82
RSC-2024-04621,v2.3.0,2024-12-18 13:41:23,57,0.0337,0.8283,0.1416,0.51,1132,31
RSC-2024-04622,v2.2.0,2024-10-17 16:43:44,57,0.0319,0.8253,0.1485,0.508,839,68
RSC-2024-04623,v2.2.1,2024-12-17 08:38:59,47,0.0248,0.8062,0.14,0.4635,1227,33
RSC-2024-04624,v2.2.1,2024-11-05 18:10:34,46,0.0204,0.8304,0.1619,0.5467,1483,107
RSC-2024-04625,v2.1.3,2024-07-13 10:46:25,43,0.0134,0.8057,0.1621,0.5159,1123,38
RSC-2024-04626,v2.2.1,2024-05-06 05:49:58,44,0.0364,0.7975,0.137,0.5311,832,120
RSC-2024-04627,v2.1.3,2024-08-23 12:54:45,34,0.0148,0.8113,0.1446,0.4926,818,45
RSC-2024-04628,v2.1.3,2024-11-01 10:13:56,53,0.0519,0.7982,0.1336,0.5206,1392,92
RSC-2024-04629,v2.1.3,2024-03-27 12:38:14,35,0.0264,0.822,0.133,0.5266,1072,29
RSC-2024-04630,v2.1.4,2024-11-14 17:06:15,41,0.0303,0.8248,0.1446,0.5122,1000,50
RSC-2024-04631,v2.3.0,2024-08-15 14:09:30,56,0.0799,0.7739,0.1344,0.525,1426,88
RSC-2024-04632,v2.2.1,2024-08-06 07:44:01,40,0.0142,0.8297,0.1245,0.497,1201,54
RSC-2024-04633,v2.2.0,2024-07-30 23:52:04,40,0.0338,0.8057,0.1527,0.5167,1427,96
RSC-2024-04634,v2.3.0,2024-04-12 13:49:18,40,0.0566,0.7756,0.1327,0.5188,972,86
RSC-2024-04635,v2.2.0,2024-11-12 09:13:02,38,0.108,0.8438,0.1301,0.5011,1139,107
RSC-2024-04636,v2.3.0,2024-10-02 20:14:58,53,0.0266,0.8124,0.1416,0.4952,906,101
RSC-2024-04637,v2.2.0,2024-08-07 10:06:22,55,0.0381,0.8169,0.1246,0.5415,1306,108
RSC-2024-04638,v2.2.1,2024-12-03 11:55:14,52,0.1053,0.7925,0.1556,0.5129,1211,118
RSC-2024-04639,v2.2.0,2024-07-19 05:20:43,57,0.0645,0.8096,0.1327,0.4807,1452,129
RSC-2024-04640,v2.2.1,2024-01-17 17:44:08,42,0.0354,0.7899,0.1443,0.5015,1487,107
RSC-2024-04641,v2.2.1,2024-02-21 15:26:51,37,0.0402,0.8038,0.1283,0.5221,1096,138
RSC-2024-04642,v2.1.3,2024-02-20 16:24:42,50,0.0439,0.8497,0.1264,0.4829,882,102
RSC-2024-04643,v2.2.1,2024-07-14 22:34:05,35,0.0346,0.7914,0.1413,0.5148,1349,118
RSC-2024-04644,v2.2.1,2024-06-09 17:14:40,54,0.0324,0.8244,0.1279,0.5351,1556,68
RSC-2024-04645,v2.3.0,2024-04-05 10:33:23,55,0.0524,0.8459,0.1272,0.5191,1199,91
RSC-2024-04646,v2.2.0,2024-04-22 08:06:02,53,0.0295,0.8119,0.1399,0.5026,1059,61
RSC-2024-04647,v2.2.0,2024-08-29 09:57:35,50,0.0444,0.8335,0.1404,0.5293,1271,82
RSC-2024-04648,v2.2.0,2024-07-07 21:26:22,53,0.0812,0.7924,0.1556,0.5312,1220,102
RSC-2024-04649,v2.3.0,2024-07-19 13:47:50,51,0.0527,0.8312,0.1614,0.5216,1130,63
RSC-2024-04650,v2.3.0,2024-08-28 09:38:53,47,0.0093,0.8167,0.1463,0.4917,940,85
RSC-2024-04651,v2.3.0,2024-05-03 12:48:23,40,0.0165,0.8018,0.1462,0.4967,1098,87
RSC-2024-04652,v2.1.3,2024-10-16 07:19:02,42,0.0553,0.7938,0.1416,0.5389,1429,135
RSC-2024-04653,v2.3.0,2024-10-06 21:02:31,57,0.0558,0.81,0.1395,0.5072,1139,57
RSC-2024-04654,v2.3.0,2024-06-15 21:13:14,49,0.0461,0.8112,0.1498,0.5304,1183,126
RSC-2024-04655,v2.2.1,2024-09-07 04:58:10,54,0.0191,0.7995,0.1426,0.491,1262,61
RSC-2024-04656,v2.2.1,2024-01-13 14:21:54,38,0.0427,0.7938,0.157,0.4933,978,68
RSC-2024-04657,v2.1.4,2024-11-25 18:13:05,44,0.0287,0.7847,0.1299,0.5187,1280,67
RSC-2024-04658,v2.3.0,2024-09-06 23:40:53,40,0.021,0.817,0.1511,0.5075,865,94
RSC-2024-04659,v2.2.0,2024-09-19 12:09:31,52,0.0478,0.8436,0.1396,0.5334,1510,104
RSC-2024-04660,v2.1.4,2024-09-17 04:49:46,48,0.0129,0.7934,0.1633,0.5311,1418,32
RSC-2024-04661,v2.3.0,2024-10-16 22:30:11,45,0.0081,0.7908,0.133,0.5102,1440,106
RSC-2024-04662,v2.1.3,2024-09-16 07:36:21,36,0.0055,0.8249,0.1473,0.523,914,101
RSC-2024-04663,v2.2.0,2024-03-10 07:01:39,43,0.0477,0.7882,0.1435,0.5061,1391,118
RSC-2024-04664,v2.2.1,2024-06-30 15:01:11,34,0.0327,0.8263,0.1288,0.4867,959,82
RSC-2024-04665,v2.3.0,2024-05-05 15:02:09,42,0.0256,0.8379,0.137,0.5288,800,120
RSC-2024-04666,v2.1.3,2024-12-29 09:56:56,46,0.0332,0.7957,0.121,0.5045,955,105
RSC-2024-04667,v2.1.4,2024-01-31 06:37:08,34,0.0841,0.7976,0.1597,0.5149,1561,25
RSC-2024-04668,v2.1.3,2024-07-08 10:50:36,44,0.0136,0.8133,0.1661,0.5249,1455,104
RSC-2024-04669,v2.2.0,2024-01-29 04:44:12,40,0.0561,0.8149,0.1393,0.5242,1327,32
RSC-2024-04670,v2.2.1,2024-03-06 22:31:20,50,0.026,0.8014,0.1435,0.4817,1045,69
RSC-2024-04671,v2.3.0,2024-07-06 04:21:12,55,0.0517,0.8328,0.1305,0.5175,1243,43
RSC-2024-04672,v2.2.0,2024-09-02 13:51:50,38,0.0751,0.8306,0.1657,0.5488,1085,138
RSC-2024-04673,v2.2.1,2024-09-08 12:33:37,45,0.0468,0.8356,0.1206,0.5258,1136,55
RSC-2024-04674,v2.3.0,2024-09-11 20:50:31,42,0.0031,0.8129,0.1388,0.5077,979,92
RSC-2024-04675,v2.3.0,2024-06-21 01:51:17,43,0.0445,0.8165,0.1501,0.5386,1401,103
RSC-2024-04676,v2.2.1,2024-03-16 08:29:30,45,0.0262,0.8271,0.1287,0.4944,1460,128
RSC-2024-04677,v2.1.4,2024-07-29 13:03:44,34,0.0831,0.798,0.136,0.5202,906,138
RSC-2024-04678,v2.1.3,2024-02-23 14:53:40,44,0.0383,0.8138,0.144,0.5245,1566,123
RSC-2024-04679,v2.1.3,2024-08-13 16:09:52,39,0.0975,0.8271,0.1248,0.4902,1174,72
RSC-2024-04680,v2.1.4,2024-08-15 14:11:27,57,0.0058,0.8472,0.1427,0.5168,1266,53
RSC-2024-04681,v2.1.3,2024-10-22 01:15:15,45,0.094,0.8383,0.142,0.5283,1168,33
RSC-2024-04682,v2.3.0,2024-02-17 22:46:53,42,0.0482,0.806,0.149,0.5277,1410,50
RSC-2024-04683,v2.2.0,2024-01-12 15:01:03,45,0.0312,0.8132,0.1454,0.5431,1033,77
RSC-2024-04684,v2.3.0,2024-12-23 23:20:14,37,0.0499,0.8142,0.1325,0.5074,1042,81
RSC-2024-04685,v2.2.0,2024-12-24 21:48:55,48,0.0721,0.8019,0.1465,0.5001,941,46
RSC-2024-04686,v2.2.0,2024-12-11 02:42:50,51,0.0156,0.8228,0.1395,0.4744,958,28
RSC-2024-04687,v2.1.3,2024-06-27 17:02:57,34,0.0352,0.7879,0.1247,0.5273,815,68
RSC-2024-04688,v2.2.1,2024-10-26 16:27:50,52,0.0156,0.8194,0.1377,0.5121,1507,89
RSC-2024-04689,v2.3.0,2024-01-19 07:09:01,52,0.0656,0.82,0.1223,0.4819,923,31
RSC-2024-04690,v2.1.4,2024-04-11 07:22:57,45,0.0457,0.8115,0.1601,0.5239,1167,105
RSC-2024-04691,v2.1.4,2024-11-18 22:48:26,54,0.0434,0.8013,0.1546,0.5005,1487,46
RSC-2024-04692,v2.2.0,2024-07-17 23:10:53,51,0.0067,0.8269,0.1634,0.5168,1455,53
RSC-2024-04693,v2.1.3,2024-05-22 08:59:07,39,0.0954,0.8266,0.1496,0.4705,1312,23
RSC-2024-04694,v2.1.3,2024-12-26 10:07:38,38,0.03,0.8225,0.1373,0.5378,1503,64
RSC-2024-04695,v2.3.0,2024-07-10 20:50:45,52,0.0365,0.7874,0.1465,0.5259,1159,103
RSC-2024-04696,v2.3.0,2024-09-24 21:09:55,35,0.032,0.8068,0.1422,0.512,1348,134
RSC-2024-04697,v2.1.3,2024-06-29 01:52:01,49,0.0682,0.8225,0.1345,0.5395,1021,66
RSC-2024-04698,v2.2.1,2024-01-02 08:40:28,53,0.0201,0.8003,0.1437,0.5153,1170,83
RSC-2024-04699,v2.2.0,2024-08-02 03:21:20,52,0.0154,0.7996,0.1624,0.4945,1197,46
RSC-2024-04700,v2.2.0,2024-02-17 23:07:14,44,0.0837,0.7932,0.1291,0.4827,1188,69
RSC-2024-04701,v2.2.1,2024-07-06 21:33:15,44,0.0408,0.8022,0.134,0.511,1055,79
RSC-2024-04702,v2.2.1,2024-09-12 10:02:02,53,0.0582,0.8191,0.1468,0.5134,816,127
RSC-2024-04703,v2.2.1,2024-07-21 18:20:26,41,0.0441,0.816,0.1379,0.4917,932,115
RSC-2024-04704,v2.2.1,2024-07-09 20:24:33,41,0.0171,0.7964,0.1265,0.5246,1415,136
RSC-2024-04705,v2.2.0,2024-12-18 08:57:43,51,0.0212,0.7831,0.1569,0.4833,976,129
RSC-2024-04706,v2.1.4,2024-09-08 15:42:25,50,0.0122,0.8141,0.137,0.5003,1066,130
RSC-2024-04707,v2.3.0,2024-07-12 20:19:35,51,0.0078,0.8401,0.1291,0.4886,1538,135
RSC-2024-04708,v2.3.0,2024-12-23 10:02:52,53,0.0251,0.8005,0.1665,0.545,1317,76
RSC-2024-04709,v2.1.3,2024-04-08 00:09:50,50,0.0647,0.8087,0.1454,0.5497,956,55
RSC-2024-04710,v2.2.1,2024-07-18 14:41:12,49,0.0313,0.8628,0.1333,0.5114,1161,128
RSC-2024-04711,v2.1.4,2024-03-07 04:59:29,44,0.0258,0.8229,0.1374,0.4936,967,104
RSC-2024-04712,v2.2.0,2024-08-01 05:01:03,56,0.0058,0.8126,0.1276,0.4892,1466,104
RSC-2024-04713,v2.1.3,2024-12-10 14:41:09,43,0.0362,0.822,0.1644,0.5042,1065,124
RSC-2024-04714,v2.1.4,2024-05-24 21:08:56,37,0.0218,0.8021,0.1,0.5157,1382,60
RSC-2024-04715,v2.1.3,2024-09-04 16:20:28,40,0.072,0.8156,0.1343,0.5513,1583,57
RSC-2024-04716,v2.3.0,2024-10-17 20:04:18,45,0.0919,0.8202,0.1399,0.4996,1331,37
RSC-2024-04717,v2.1.3,2024-07-11 12:46:44,46,0.0793,0.8191,0.1613,0.4612,931,43
RSC-2024-04718,v2.1.3,2024-03-28 04:04:14,51,0.0107,0.8042,0.1289,0.4993,1444,116
RSC-2024-04719,v2.1.3,2024-09-18 02:44:30,35,0.0754,0.814,0.1556,0.4767,1365,45
RSC-2024-04720,v2.1.3,2024-07-12 13:18:00,55,0.0388,0.8188,0.1391,0.5312,1077,37
RSC-2024-04721,v2.2.0,2024-02-10 06:38:16,47,0.0062,0.8217,0.14,0.5192,1413,96
RSC-2024-04722,v2.1.3,2024-11-02 14:59:06,42,0.0233,0.8114,0.1269,0.4952,837,32
RSC-2024-04723,v2.1.3,2024-04-25 15:08:25,57,0.0565,0.8137,0.1415,0.4705,1182,81
RSC-2024-04724,v2.2.1,2024-12-10 22:04:18,42,0.0005,0.8247,0.1432,0.5322,1317,84
RSC-2024-04725,v2.3.0,2024-05-22 05:24:22,57,0.0333,0.8029,0.1434,0.5066,1403,89
RSC-2024-04726,v2.3.0,2024-10-03 05:36:29,47,0.0283,0.8044,0.1468,0.5028,1246,38
RSC-2024-04727,v2.1.4,2024-07-02 20:19:57,55,0.0634,0.8059,0.1336,0.5264,1414,99
RSC-2024-04728,v2.2.1,2024-06-30 12:59:48,42,0.057,0.827,0.143,0.4978,1595,31
RSC-2024-04729,v2.2.0,2024-04-29 20:44:26,56,0.0348,0.8243,0.1446,0.5114,1017,100
RSC-2024-04730,v2.2.0,2024-09-06 04:16:16,56,0.0752,0.7925,0.1395,0.5172,1023,90
RSC-2024-04731,v2.1.4,2024-05-09 04:00:19,34,0.0209,0.7855,0.1555,0.501,1014,71
RSC-2024-04732,v2.1.3,2024-11-16 10:40:56,44,0.031,0.8051,0.1628,0.5409,1404,88
RSC-2024-04733,v2.1.3,2024-04-25 07:17:36,52,0.0439,0.8185,0.1471,0.5196,1209,79
RSC-2024-04734,v2.2.0,2024-12-27 06:59:47,37,0.0064,0.8512,0.1416,0.4945,825,63
RSC-2024-04735,v2.1.4,2024-04-02 04:35:05,37,0.0771,0.8058,0.1383,0.5142,1188,135
RSC-2024-04736,v2.2.0,2024-03-21 21:18:02,37,0.0156,0.8144,0.1228,0.5382,1099,117
RSC-2024-04737,v2.3.0,2024-10-07 19:33:25,37,0.0141,0.7851,0.1439,0.4932,938,92
RSC-2024-04738,v2.1.4,2024-10-21 07:37:53,48,0.0707,0.7905,0.1605,0.5285,818,20
RSC-2024-04739,v2.3.0,2024-07-12 13:28:31,46,0.022,0.8117,0.1136,0.5326,1112,126
RSC-2024-04740,v2.1.4,2024-09-07 22:53:39,46,0.0379,0.7673,0.1751,0.4967,1290,56
RSC-2024-04741,v2.2.1,2024-09-11 07:20:55,48,0.0182,0.8314,0.1576,0.5291,1513,54
RSC-2024-04742,v2.3.0,2024-07-01 08:23:47,49,0.0208,0.8089,0.1537,0.5085,1573,63
RSC-2024-04743,v2.1.3,2024-06-13 04:15:26,39,0.0349,0.8235,0.141,0.5192,810,137
RSC-2024-04744,v2.1.4,2024-04-01 12:41:47,40,0.0248,0.7926,0.1455,0.5362,1209,85
RSC-2024-04745,v2.1.4,2024-11-22 12:50:04,50,0.0236,0.8234,0.1447,0.4674,839,28
RSC-2024-04746,v2.1.3,2024-06-02 10:12:32,40,0.0259,0.8025,0.1448,0.4848,1012,121
RSC-2024-04747,v2.1.4,2024-07-25 19:46:55,55,0.1145,0.8132,0.1237,0.4798,1560,52
RSC-2024-04748,v2.2.0,2024-01-23 19:22:27,50,0.0271,0.7961,0.1614,0.4937,993,31
RSC-2024-04749,v2.1.3,2024-04-09 03:58:42,45,0.021,0.8369,0.1541,0.5044,1227,110
RSC-2024-04750,v2.2.0,2024-11-14 19:43:06,44,0.0068,0.8075,0.1475,0.5077,1332,101
RSC-2024-04751,v2.2.0,2024-12-06 09:24:26,43,0.0106,0.7992,0.1564,0.5168,823,34
RSC-2024-04752,v2.2.1,2024-03-27 12:32:38,38,0.0151,0.8141,0.1491,0.5076,1333,32
RSC-2024-04753,v2.2.0,2024-04-24 21:28:20,56,0.0439,0.7854,0.1634,0.5092,921,55
RSC-2024-04754,v2.3.0,2024-12-28 16:41:58,49,0.0508,0.8093,0.1447,0.4817,1434,128
RSC-2024-04755,v2.1.4,2024-03-30 16:23:17,48,0.0538,0.8452,0.1421,0.4823,1460,139
RSC-2024-04756,v2.2.0,2024-02-15 18:22:22,49,0.0138,0.8047,0.155,0.5113,1125,58
RSC-2024-04757,v2.2.0,2024-07-13 06:11:05,39,0.0281,0.7851,0.1528,0.5392,921,129
RSC-2024-04758,v2.1.4,2024-08-08 03:26:04,48,0.0075,0.8542,0.1455,0.5151,1081,53
RSC-2024-04759,v2.3.0,2024-11-06 21:34:03,44,0.0068,0.8067,0.1338,0.5307,1503,108
RSC-2024-04760,v2.1.3,2024-04-27 18:47:46,50,0.0512,0.8109,0.1386,0.5078,1366,93
RSC-2024-04761,v2.2.0,2024-03-03 16:00:24,37,0.023,0.8309,0.1519,0.5116,806,46
RSC-2024-04762,v2.3.0,2024-10-20 20:47:01,52,0.0228,0.822,0.1541,0.5213,1051,30
RSC-2024-04763,v2.3.0,2024-06-05 00:45:15,53,0.0126,0.8293,0.1665,0.4832,1194,82
RSC-2024-04764,v2.1.3,2024-08-29 19:37:29,56,0.0664,0.8163,0.1356,0.5253,1031,63
RSC-2024-04765,v2.3.0,2024-03-31 14:14:42,42,0.0302,0.8213,0.1464,0.4918,1420,96
RSC-2024-04766,v2.1.3,2024-01-25 09:11:04,37,0.0536,0.8076,0.1353,0.4777,819,25
RSC-2024-04767,v2.2.0,2024-11-16 05:40:59,38,0.0215,0.7952,0.1465,0.5019,1335,135
RSC-2024-04768,v2.1.4,2024-03-05 13:56:05,55,0.1087,0.7806,0.1194,0.506,1113,36
RSC-2024-04769,v2.1.4,2024-02-10 12:45:23,49,0.031,0.7996,0.1484,0.494,1458,64
RSC-2024-04770,v2.3.0,2024-04-18 13:10:14,44,0.0709,0.7977,0.1552,0.5139,935,23
RSC-2024-04771,v2.2.1,2024-01-25 02:07:45,49,0.0732,0.798,0.1474,0.4649,885,113
RSC-2024-04772,v2.2.1,2024-09-21 03:00:34,46,0.0334,0.7996,0.1465,0.5253,1147,59
RSC-2024-04773,v2.1.4,2024-06-14 14:31:16,44,0.0539,0.8112,0.1349,0.5078,800,54
RSC-2024-04774,v2.3.0,2024-01-02 08:06:18,56,0.06,0.8213,0.1523,0.4776,1088,26
RSC-2024-04775,v2.2.1,2024-09-24 12:55:06,40,0.0053,0.7703,0.1482,0.5064,1490,81
RSC-2024-04776,v2.3.0,2024-01-22 03:16:06,38,0.0292,0.8228,0.1402,0.5407,1365,136
RSC-2024-04777,v2.3.0,2024-06-09 14:05:19,53,0.022,0.8165,0.1538,0.508,968,138
RSC-2024-04778,v2.2.1,2024-09-07 05:49:39,55,0.0325,0.7852,0.1508,0.514,886,72
RSC-2024-04779,v2.2.1,2024-04-08 17:45:36,57,0.0195,0.8296,0.1399,0.4801,832,96
RSC-2024-04780,v2.3.0,2024-12-26 22:51:04,54,0.021,0.8071,0.1547,0.529,897,61
RSC-2024-04781,v2.3.0,2024-06-20 07:53:20,48,0.0289,0.8221,0.1515,0.5078,1436,68
RSC-2024-04782,v2.1.4,2024-01-17 15:51:44,44,0.024,0.8001,0.1171,0.4791,1167,130
RSC-2024-04783,v2.1.3,2024-08-14 16:34:19,48,0.0515,0.8002,0.1263,0.5042,1283,106
RSC-2024-04784,v2.1.4,2024-04-09 15:54:02,38,0.0444,0.8335,0.1226,0.5165,1579,83
RSC-2024-04785,v2.1.3,2024-11-24 05:42:49,44,0.0705,0.8111,0.1451,0.5335,1440,121
RSC-2024-04786,v2.1.3,2024-11-11 04:36:28,50,0.0424,0.8016,0.1554,0.5022,1212,96
RSC-2024-04787,v2.3.0,2024-10-29 14:30:09,48,0.0834,0.7875,0.127,0.5136,1063,72
RSC-2024-04788,v2.2.0,2024-08-12 07:57:27,50,0.0586,0.8112,0.1166,0.5034,1514,69
RSC-2024-04789,v2.1.4,2024-12-06 22:32:21,41,0.0052,0.7919,0.1444,0.5204,1283,40
RSC-2024-04790,v2.2.1,2024-10-17 04:43:17,52,0.0341,0.7953,0.1585,0.4956,1406,103
RSC-2024-04791,v2.2.1,2024-12-29 09:32:13,53,0.0154,0.8193,0.1503,0.5058,1438,83
RSC-2024-04792,v2.3.0,2024-11-10 00:38:31,46,0.0237,0.8297,0.1389,0.5204,840,91
RSC-2024-04793,v2.1.4,2024-11-05 21:42:04,38,0.0326,0.814,0.1461,0.5014,878,50
RSC-2024-04794,v2.2.0,2024-01-22 16:12:22,37,0.016,0.8127,0.1554,0.4872,1183,24
RSC-2024-04795,v2.1.3,2024-10-20 03:00:52,43,0.023,0.7871,0.1506,0.4933,1302,24
RSC-2024-04796,v2.3.0,2024-12-11 05:00:26,53,0.0045,0.869,0.1598,0.5091,1498,38
RSC-2024-04797,v2.3.0,2024-02-25 12:40:46,43,0.0238,0.8305,0.1295,0.5474,1533,100
RSC-2024-04798,v2.3.0,2024-08-09 22:45:05,36,0.0194,0.8062,0.1693,0.5333,1254,118
RSC-2024-04799,v2.2.0,2024-10-17 14:24:02,50,0.0289,0.8275,0.1399,0.555,1549,117
RSC-2024-04800,v2.1.3,2024-09-06 15:51:29,40,0.0617,0.8354,0.1335,0.5199,1179,55
RSC-2024-04801,v2.1.3,2024-10-05 09:14:38,53,0.0334,0.7898,0.1308,0.5323,1528,62
RSC-2024-04802,v2.2.1,2024-12-16 15:30:19,51,0.0162,0.7937,0.1419,0.5264,1195,90
RSC-2024-04803,v2.1.3,2024-08-14 13:23:25,38,0.0549,0.8034,0.1475,0.5087,1414,134
RSC-2024-04804,v2.2.1,2024-05-01 15:24:15,47,0.0283,0.8124,0.1443,0.53,1329,71
RSC-2024-04805,v2.1.4,2024-06-30 23:02:12,44,0.0626,0.8145,0.1268,0.5191,1392,107
RSC-2024-04806,v2.1.3,2024-12-21 10:07:10,36,0.0686,0.8012,0.1496,0.5169,1490,40
RSC-2024-04807,v2.2.1,2024-01-01 19:01:17,46,0.0276,0.8358,0.1464,0.4806,1004,139
RSC-2024-04808,v2.1.4,2024-01-05 04:47:26,50,0.0417,0.8208,0.1378,0.4839,998,94
RSC-2024-04809,v2.1.4,2024-02-01 21:21:43,54,0.059,0.8083,0.1488,0.5104,853,94
RSC-2024-04810,v2.2.0,2024-01-30 22:50:16,57,0.0332,0.8145,0.1198,0.4968,1417,35
RSC-2024-04811,v2.1.3,2024-04-29 17:16:21,44,0.043,0.8228,0.1406,0.5276,964,95
RSC-2024-04812,v2.1.4,2024-05-31 08:53:40,47,0.0906,0.8087,0.1521,0.5014,1235,69
RSC-2024-04813,v2.1.3,2024-08-29 22:30:45,50,0.0571,0.8178,0.1301,0.4861,1024,73
RSC-2024-04814,v2.1.4,2024-09-06 09:07:57,45,0.0836,0.8333,0.1347,0.5526,1557,29
RSC-2024-04815,v2.2.1,2024-01-19 18:32:46,53,0.0585,0.803,0.1434,0.5149,1306,93
RSC-2024-04816,v2.1.3,2024-05-31 02:20:49,41,0.0704,0.8067,0.1552,0.4884,1256,28
RSC-2024-04817,v2.3.0,2024-10-30 17:46:41,57,0.0672,0.8049,0.1296,0.524,819,110
RSC-2024-04818,v2.1.4,2024-11-26 04:33:16,42,0.0505,0.8149,0.1435,0.5113,1171,116
RSC-2024-04819,v2.2.0,2024-05-26 19:50:00,55,0.0258,0.8201,0.1582,0.5134,1497,113
RSC-2024-04820,v2.2.1,2024-12-23 01:58:30,47,0.0417,0.8011,0.1703,0.4979,928,60
RSC-2024-04821,v2.2.1,2024-03-18 03:11:04,38,0.0747,0.8416,0.1647,0.5656,1447,91
RSC-2024-04822,v2.3.0,2024-08-11 11:18:47,56,0.0245,0.7984,0.1639,0.5003,1271,106
RSC-2024-04823,v2.2.1,2024-11-11 18:17:42,43,0.0186,0.8222,0.1567,0.5436,1088,118
RSC-2024-04824,v2.1.3,2024-12-21 10:31:35,40,0.0275,0.8274,0.146,0.4894,1221,129
RSC-2024-04825,v2.2.1,2024-08-09 03:40:27,42,0.0125,0.8197,0.155,0.5188,918,69
RSC-2024-04826,v2.1.3,2024-01-13 01:13:40,42,0.0237,0.8241,0.1606,0.5194,891,53
RSC-2024-04827,v2.1.3,2024-07-25 15:01:23,42,0.0969,0.8277,0.1352,0.4925,1283,44
RSC-2024-04828,v2.2.0,2024-01-29 21:56:05,54,0.0421,0.7971,0.1333,0.5153,1313,120
RSC-2024-04829,v2.2.1,2024-08-14 16:42:08,34,0.0549,0.813,0.1342,0.5004,1152,78
RSC-2024-04830,v2.1.4,2024-06-21 14:49:11,49,0.0197,0.8057,0.1435,0.5302,1454,64
RSC-2024-04831,v2.2.0,2024-05-29 17:30:19,56,0.0303,0.8063,0.1373,0.5102,975,113
RSC-2024-04832,v2.1.4,2024-06-15 16:33:00,55,0.0469,0.8005,0.1365,0.5324,945,28
RSC-2024-04833,v2.2.1,2024-12-04 12:55:24,46,0.0855,0.7803,0.1439,0.5189,1549,121
RSC-2024-04834,v2.2.0,2024-04-02 20:34:48,52,0.0092,0.8212,0.1279,0.5264,1347,69
RSC-2024-04835,v2.1.4,2024-08-06 08:52:12,53,0.0431,0.8281,0.141,0.5101,1555,134
RSC-2024-04836,v2.1.3,2024-10-11 04:09:09,55,0.0639,0.8364,0.1338,0.5222,1054,59
RSC-2024-04837,v2.3.0,2024-09-27 05:23:05,38,0.0316,0.8276,0.1565,0.4878,1046,30
RSC-2024-04838,v2.1.3,2024-08-26 13:59:23,40,0.0321,0.7703,0.1524,0.4891,913,126
RSC-2024-04839,v2.2.0,2024-10-16 22:25:37,34,0.0579,0.8449,0.1631,0.5194,1238,97
RSC-2024-04840,v2.2.1,2024-03-22 14:46:56,37,0.0102,0.8069,0.1575,0.496,1027,94
RSC-2024-04841,v2.1.3,2024-04-13 09:50:00,49,0.0306,0.7792,0.1466,0.5447,1481,97
RSC-2024-04842,v2.2.1,2024-03-20 21:48:50,45,0.0504,0.8342,0.1386,0.5058,903,35
RSC-2024-04843,v2.2.0,2024-06-28 10:57:41,55,0.0634,0.8249,0.1362,0.4948,1353,113
RSC-2024-04844,v2.3.0,2024-04-21 08:29:21,55,0.0991,0.8371,0.1527,0.5133,896,76
RSC-2024-04845,v2.2.0,2024-09-24 19:00:17,52,0.0247,0.8274,0.1337,0.533,826,51
RSC-2024-04846,v2.3.0,2024-08-26 01:23:33,56,0.016,0.7908,0.1374,0.5209,993,108
RSC-2024-04847,v2.1.4,2024-06-25 06:02:10,46,0.1086,0.8088,0.1473,0.4908,890,55
RSC-2024-04848,v2.2.0,2024-08-01 00:03:16,47,0.0746,0.7828,0.1417,0.478,970,48
RSC-2024-04849,v2.2.1,2024-12-04 16:02:52,48,0.0253,0.8317,0.1466,0.4932,1552,92
RSC-2024-04850,v2.2.1,2024-01-21 13:00:46,43,0.0654,0.7907,0.1368,0.5065,1314,68
RSC-2024-04851,v2.1.4,2024-01-23 05:46:50,44,0.0286,0.7998,0.1247,0.5079,910,28
RSC-2024-04852,v2.2.0,2024-01-20 23:34:45,38,0.0042,0.8136,0.1396,0.5068,1270,65
RSC-2024-04853,v2.3.0,2024-12-12 06:47:33,42,0.0362,0.8334,0.1459,0.5087,953,110
RSC-2024-04854,v2.1.3,2024-11-08 07:25:45,56,0.0476,0.7747,0.1283,0.5215,849,69
RSC-2024-04855,v2.1.4,2024-06-22 18:24:57,44,0.0416,0.8257,0.1428,0.5119,973,119
RSC-2024-04856,v2.1.3,2024-10-02 07:34:36,34,0.0204,0.8044,0.1443,0.4606,1144,107
RSC-2024-04857,v2.3.0,2024-09-25 00:24:15,49,0.0183,0.7944,0.1551,0.5286,1265,67
RSC-2024-04858,v2.3.0,2024-09-08 10:13:10,54,0.0157,0.7987,0.1389,0.5198,824,93
RSC-2024-04859,v2.1.3,2024-11-12 02:18:09,53,0.0794,0.8494,0.1478,0.4853,1275,98
RSC-2024-04860,v2.2.0,2024-08-10 15:26:25,55,0.0883,0.8158,0.1302,0.497,1550,90
RSC-2024-04861,v2.2.1,2024-01-21 06:41:50,48,0.0372,0.7773,0.1435,0.5194,1538,46
RSC-2024-04862,v2.3.0,2024-03-06 01:34:29,56,0.0115,0.8219,0.1428,0.4744,1142,110
RSC-2024-04863,v2.1.4,2024-02-27 09:04:19,53,0.0499,0.8281,0.1557,0.5074,1495,58
RSC-2024-04864,v2.1.3,2024-12-05 14:08:54,46,0.0619,0.8007,0.1283,0.5207,1093,60
RSC-2024-04865,v2.2.0,2024-04-27 16:51:30,39,0.0175,0.8266,0.1259,0.524,926,135
RSC-2024-04866,v2.2.0,2024-12-23 10:19:25,42,0.007,0.805,0.1483,0.5263,982,104
RSC-2024-04867,v2.1.4,2024-07-23 12:39:58,48,0.0412,0.8189,0.1509,0.5541,1270,67
RSC-2024-04868,v2.2.1,2024-03-28 06:28:20,56,0.0129,0.8424,0.1307,0.4951,875,32
RSC-2024-04869,v2.1.3,2024-11-02 01:35:55,57,0.0372,0.7938,0.1439,0.485,1347,28
RSC-2024-04870,v2.3.0,2024-08-15 15:56:16,37,0.0201,0.8252,0.1558,0.5105,1558,135
RSC-2024-04871,v2.3.0,2024-06-17 21:20:55,44,0.0121,0.8287,0.1556,0.5185,955,65
RSC-2024-04872,v2.2.1,2024-11-05 11:09:04,35,0.0277,0.8112,0.1538,0.4604,1317,89
RSC-2024-04873,v2.1.4,2024-12-01 00:26:29,49,0.042,0.8062,0.1382,0.5022,1179,131
RSC-2024-04874,v2.1.3,2024-01-30 12:10:38,57,0.0681,0.8371,0.1449,0.499,1261,74
RSC-2024-04875,v2.1.4,2024-03-10 02:07:27,38,0.018,0.8331,0.1551,0.491,1154,122
RSC-2024-04876,v2.3.0,2024-05-16 17:01:56,39,0.0738,0.8194,0.1275,0.492,886,86
RSC-2024-04877,v2.3.0,2024-09-05 06:31:33,36,0.0469,0.8207,0.1425,0.4922,1567,127
RSC-2024-04878,v2.2.1,2024-03-05 00:09:33,38,0.0094,0.7992,0.1389,0.4938,1081,28
RSC-2024-04879,v2.1.4,2024-11-06 23:22:59,39,0.0311,0.817,0.1344,0.4866,1453,71
RSC-2024-04880,v2.1.3,2024-10-20 03:43:25,39,0.0191,0.7712,0.1388,0.4931,1104,56
RSC-2024-04881,v2.3.0,2024-06-22 23:32:15,36,0.0133,0.7846,0.1684,0.473,1554,127
RSC-2024-04882,v2.3.0,2024-04-18 00:35:05,38,0.0331,0.8031,0.144,0.5197,997,119
RSC-2024-04883,v2.2.0,2024-12-18 09:53:55,38,0.0103,0.8221,0.1271,0.5316,1570,121
RSC-2024-04884,v2.3.0,2024-12-11 21:51:39,54,0.0304,0.8398,0.1179,0.5136,1223,79
RSC-2024-04885,v2.3.0,2024-02-14 17:46:42,38,0.0946,0.8126,0.1544,0.4916,1492,52
RSC-2024-04886,v2.1.4,2024-10-03 23:44:58,37,0.0172,0.8104,0.1382,0.528,950,75
RSC-2024-04887,v2.3.0,2024-09-19 10:45:29,36,0.0073,0.8032,0.1418,0.5139,930,136
RSC-2024-04888,v2.2.0,2024-07-07 07:48:22,41,0.0601,0.8242,0.1361,0.5075,1593,88
RSC-2024-04889,v2.1.3,2024-10-13 19:42:07,41,0.0304,0.8265,0.1575,0.5237,1408,98
RSC-2024-04890,v2.2.1,2024-04-22 09:11:34,36,0.1065,0.7841,0.1429,0.4729,1157,23
RSC-2024-04891,v2.1.3,2024-02-15 05:54:33,44,0.0067,0.8286,0.1584,0.5234,1541,45
RSC-2024-04892,v2.2.0,2024-08-31 14:45:06,41,0.0433,0.8161,0.1243,0.5138,1473,43
RSC-2024-04893,v2.2.0,2024-12-26 23:46:19,47,0.0348,0.783,0.1245,0.4812,1150,134
RSC-2024-04894,v2.3.0,2024-08-30 14:54:16,43,0.0419,0.7983,0.152,0.5426,901,91
RSC-2024-04895,v2.2.0,2024-05-06 06:10:18,35,0.0615,0.8329,0.1463,0.5094,952,34
RSC-2024-04896,v2.2.1,2024-05-09 13:49:14,55,0.0806,0.8177,0.1454,0.51,1587,70
RSC-2024-04897,v2.1.4,2024-02-12 19:24:03,37,0.0213,0.815,0.1491,0.489,1423,28
RSC-2024-04898,v2.1.3,2024-02-17 20:11:50,54,0.0608,0.8336,0.1379,0.5174,976,99
RSC-2024-04899,v2.3.0,2024-08-26 07:38:08,55,0.0782,0.8077,0.1427,0.5356,1497,121
RSC-2024-04900,v2.3.0,2024-02-14 13:26:24,36,0.0842,0.7705,0.1602,0.5111,1032,24
RSC-2024-04901,v2.3.0,2024-09-30 21:01:58,46,0.0558,0.8309,0.1519,0.5082,1219,40
RSC-2024-04902,v2.1.4,2024-09-23 03:04:08,42,0.115,0.7545,0.1378,0.5236,1398,136
RSC-2024-04903,v2.1.4,2024-11-03 18:09:21,38,0.0358,0.7766,0.1385,0.5214,931,55
RSC-2024-04904,v2.3.0,2024-02-02 04:14:39,52,0.0263,0.8039,0.1393,0.5083,1174,69
RSC-2024-04905,v2.2.1,2024-05-22 18:47:38,49,0.0276,0.8262,0.1429,0.4934,892,95
RSC-2024-04906,v2.2.0,2024-03-03 00:23:05,46,0.0131,0.8218,0.1343,0.5096,1376,30
RSC-2024-04907,v2.2.1,2024-08-19 19:43:01,50,0.0533,0.8027,0.1494,0.5016,1200,49
RSC-2024-04908,v2.2.1,2024-03-26 09:46:56,47,0.0784,0.8174,0.1565,0.5205,1508,133
RSC-2024-04909,v2.2.0,2024-06-30 15:21:00,42,0.0907,0.82,0.1457,0.5076,1184,74
RSC-2024-04910,v2.2.1,2024-07-02 10:00:46,42,0.0433,0.8264,0.1282,0.5426,1153,133
RSC-2024-04911,v2.1.3,2024-12-07 04:52:56,35,0.0482,0.8149,0.1337,0.5075,1147,83
RSC-2024-04912,v2.1.4,2024-08-01 04:50:05,39,0.1067,0.8035,0.1488,0.5299,981,55
RSC-2024-04913,v2.1.3,2024-03-21 22:40:07,45,0.0102,0.7913,0.1461,0.5153,1448,70
RSC-2024-04914,v2.1.4,2024-06-21 01:17:43,38,0.0109,0.8088,0.1325,0.4968,831,57
RSC-2024-04915,v2.3.0,2024-04-29 03:16:16,49,0.0807,0.8214,0.1216,0.5202,1421,57
RSC-2024-04916,v2.1.3,2024-03-06 13:31:56,47,0.0292,0.7897,0.1372,0.5151,1581,112
RSC-2024-04917,v2.2.1,2024-04-17 14:07:21,34,0.0435,0.8207,0.1402,0.5543,1099,114
RSC-2024-04918,v2.1.4,2024-09-15 13:51:53,35,0.1136,0.8022,0.147,0.5129,1377,125
RSC-2024-04919,v2.2.0,2024-01-10 19:09:36,36,0.0624,0.7908,0.1359,0.4891,803,88
RSC-2024-04920,v2.3.0,2024-02-06 08:11:21,47,0.0129,0.7851,0.1387,0.5152,1345,50
RSC-2024-04921,v2.1.4,2024-09-01 15:07:54,39,0.017,0.8001,0.1601,0.5012,912,139
RSC-2024-04922,v2.1.3,2024-12-07 11:31:08,53,0.0286,0.8182,0.1316,0.5085,1465,54
RSC-2024-04923,v2.3.0,2024-06-17 02:20:36,36,0.1039,0.8125,0.1431,0.5169,1060,97
RSC-2024-04924,v2.2.0,2024-04-08 09:43:56,34,0.0649,0.7977,0.1582,0.5217,1244,39
RSC-2024-04925,v2.1.3,2024-04-04 13:08:41,45,0.0543,0.8278,0.1514,0.5144,1042,50
RSC-2024-04926,v2.1.3,2024-03-26 20:38:24,39,0.0134,0.7858,0.1447,0.5087,1329,53
RSC-2024-04927,v2.1.3,2024-06-18 09:23:26,52,0.0383,0.8405,0.1172,0.4945,1193,114
RSC-2024-04928,v2.2.0,2024-06-12 03:36:00,55,0.0108,0.8233,0.1542,0.5152,900,137
RSC-2024-04929,v2.1.4,2024-02-23 18:10:18,48,0.0439,0.8185,0.1326,0.4981,1239,65
RSC-2024-04930,v2.1.4,2024-09-06 07:46:24,44,0.0187,0.8051,0.1483,0.5207,1140,67
RSC-2024-04931,v2.2.0,2024-12-10 05:33:22,40,0.0437,0.8095,0.1493,0.5106,1279,66
RSC-2024-04932,v2.2.0,2024-11-26 04:43:48,36,0.0181,0.7822,0.1647,0.5215,1004,100
RSC-2024-04933,v2.3.0,2024-07-31 03:28:58,43,0.01,0.8265,0.1255,0.4688,1135,137
RSC-2024-04934,v2.1.4,2024-06-11 19:20:04,53,0.0272,0.8305,0.1608,0.5255,1594,112
RSC-2024-04935,v2.2.0,2024-06-22 21:59:23,47,0.0236,0.8136,0.1515,0.5337,1405,44
RSC-2024-04936,v2.1.3,2024-01-06 23:41:24,40,0.0227,0.818,0.1532,0.5011,1262,114
RSC-2024-04937,v2.3.0,2024-08-02 11:12:18,44,0.0861,0.8076,0.1228,0.5078,1029,116
RSC-2024-04938,v2.2.0,2024-03-24 11:40:54,53,0.0783,0.8309,0.1679,0.5095,1212,96
RSC-2024-04939,v2.3.0,2024-08-25 00:34:42,53,0.0397,0.7603,0.149,0.5008,1413,107
RSC-2024-04940,v2.1.3,2024-04-21 14:46:31,44,0.0737,0.8143,0.1623,0.5109,935,128
RSC-2024-04941,v2.2.1,2024-09-08 21:57:27,41,0.0238,0.8167,0.1247,0.4876,1219,135
RSC-2024-04942,v2.3.0,2024-10-06 00:16:32,44,0.0182,0.757,0.1377,0.5087,995,40
RSC-2024-04943,v2.2.0,2024-05-09 15:43:38,52,0.0318,0.8004,0.1484,0.4698,1491,81
RSC-2024-04944,v2.2.0,2024-11-09 22:51:25,34,0.0311,0.8083,0.1457,0.4828,1344,132
RSC-2024-04945,v2.1.3,2024-08-13 22:12:35,56,0.0135,0.8284,0.1325,0.5144,1552,20
RSC-2024-04946,v2.1.3,2024-11-18 07:11:37,35,0.0751,0.8147,0.1522,0.5423,961,29
RSC-2024-04947,v2.2.1,2024-09-23 16:40:22,56,0.0854,0.8209,0.122,0.4805,1540,47
RSC-2024-04948,v2.2.1,2024-04-03 07:14:51,54,0.0072,0.8135,0.1409,0.4671,1079,44
RSC-2024-04949,v2.1.4,2024-03-07 05:24:28,37,0.0294,0.8392,0.1318,0.5131,1002,99
RSC-2024-04950,v2.2.0,2024-10-03 13:47:03,49,0.0234,0.8314,0.1422,0.4986,1049,112
RSC-2024-04951,v2.2.0,2024-08-29 13:26:23,40,0.0432,0.8178,0.1395,0.4879,999,106
RSC-2024-04952,v2.1.3,2024-08-26 23:52:25,46,0.0574,0.8117,0.1604,0.503,1228,65
RSC-2024-04953,v2.2.0,2024-04-25 02:22:38,41,0.0713,0.7804,0.1309,0.5336,819,27
RSC-2024-04954,v2.2.0,2024-10-08 11:31:42,39,0.016,0.8045,0.1392,0.5144,1103,79
RSC-2024-04955,v2.2.0,2024-10-21 09:07:39,35,0.0723,0.809,0.1319,0.5155,1138,87
RSC-2024-04956,v2.2.1,2024-05-03 18:49:04,42,0.0281,0.8185,0.139,0.521,1347,125
RSC-2024-04957,v2.1.4,2024-05-04 01:16:44,53,0.0329,0.7933,0.1249,0.5062,1465,81
RSC-2024-04958,v2.2.1,2024-06-13 15:02:03,57,0.0263,0.813,0.1333,0.5507,1092,125
RSC-2024-04959,v2.3.0,2024-12-05 12:44:03,44,0.0416,0.8287,0.1296,0.5204,1404,56
RSC-2024-04960,v2.1.3,2024-07-31 12:58:15,39,0.0203,0.8127,0.1409,0.5021,986,78
RSC-2024-04961,v2.1.3,2024-02-22 06:35:12,46,0.0068,0.8081,0.1399,0.5089,1047,139
RSC-2024-04962,v2.1.4,2024-04-08 16:41:17,53,0.028,0.801,0.1437,0.4765,880,129
RSC-2024-04963,v2.3.0,2024-06-06 04:50:49,55,0.0192,0.8233,0.1427,0.5217,1530,50
RSC-2024-04964,v2.1.4,2024-03-27 14:13:38,42,0.026,0.8187,0.138,0.5405,834,123
RSC-2024-04965,v2.3.0,2024-03-13 23:05:04,43,0.0179,0.8096,0.1456,0.5284,1461,47
RSC-2024-04966,v2.1.3,2024-01-23 12:48:30,47,0.0491,0.7923,0.1632,0.5223,1221,42
RSC-2024-04967,v2.1.3,2024-06-04 03:16:31,54,0.0797,0.8208,0.1366,0.5043,1048,51
RSC-2024-04968,v2.1.4,2024-03-08 14:35:30,50,0.0365,0.835,0.1406,0.4904,1243,57
RSC-2024-04969,v2.2.0,2024-08-23 22:15:51,55,0.0524,0.7995,0.1276,0.4953,1070,51
RSC-2024-04970,v2.3.0,2024-10-14 21:33:07,44,0.0698,0.824,0.1434,0.4831,1139,133
RSC-2024-04971,v2.1.4,2024-10-06 10:23:25,41,0.041,0.7677,0.1451,0.5335,1481,108
RSC-2024-04972,v2.2.0,2024-06-24 02:40:05,52,0.0101,0.7923,0.1333,0.4592,1175,81
RSC-2024-04973,v2.2.1,2024-10-12 21:14:38,45,0.029,0.8109,0.1175,0.4834,1514,113
RSC-2024-04974,v2.1.3,2024-09-07 17:51:39,54,0.0192,0.8131,0.1419,0.5076,1322,127
RSC-2024-04975,v2.2.0,2024-10-11 05:28:56,38,0.0395,0.844,0.1376,0.5249,1488,59
RSC-2024-04976,v2.2.0,2024-07-05 23:15:51,57,0.07,0.847,0.1329,0.4966,922,112
RSC-2024-04977,v2.3.0,2024-02-24 14:55:43,46,0.0646,0.8049,0.1375,0.4892,1040,71
RSC-2024-04978,v2.1.3,2024-07-02 19:27:41,42,0.0356,0.781,0.1607,0.5156,1281,130
RSC-2024-04979,v2.2.0,2024-05-21 20:08:06,45,0.0232,0.8265,0.1458,0.5274,1481,58
RSC-2024-04980,v2.1.3,2024-04-24 16:44:36,52,0.0572,0.8217,0.1383,0.503,908,58
RSC-2024-04981,v2.1.4,2024-05-03 02:49:52,43,0.0451,0.8195,0.1481,0.4769,1295,66
RSC-2024-04982,v2.1.4,2024-03-24 01:36:47,57,0.0482,0.8158,0.1322,0.5142,1000,120
RSC-2024-04983,v2.2.0,2024-02-05 22:21:57,40,0.0172,0.8294,0.1311,0.4945,817,86
RSC-2024-04984,v2.2.1,2024-06-23 12:43:55,34,0.0504,0.7993,0.1573,0.5252,826,135
RSC-2024-04985,v2.2.0,2024-07-27 06:11:57,36,0.0405,0.8245,0.1322,0.4905,1367,87
RSC-2024-04986,v2.1.4,2024-04-30 03:32:41,39,0.0224,0.7919,0.1439,0.5073,1489,131
RSC-2024-04987,v2.2.0,2024-06-21 14:32:56,44,0.0466,0.8307,0.1557,0.5296,1480,107
RSC-2024-04988,v2.1.4,2024-07-27 19:19:19,40,0.0421,0.8416,0.1434,0.5514,1120,64
RSC-2024-04989,v2.3.0,2024-04-22 03:56:06,54,0.0315,0.8337,0.1443,0.5108,1382,93
RSC-2024-04990,v2.2.0,2024-11-12 23:48:55,56,0.0135,0.8529,0.1434,0.5128,969,66
RSC-2024-04991,v2.2.0,2024-11-10 12:26:12,40,0.0175,0.815,0.152,0.5107,986,137
RSC-2024-04992,v2.1.4,2024-06-28 21:34:11,47,0.0107,0.8123,0.1303,0.5037,1508,33
RSC-2024-04993,v2.1.4,2024-06-20 09:50:17,48,0.0259,0.7698,0.1402,0.5098,1476,58
RSC-2024-04994,v2.1.3,2024-11-17 16:13:56,48,0.0312,0.7901,0.1375,0.5469,1175,79
RSC-2024-04995,v2.2.0,2024-04-05 08:30:09,50,0.0638,0.8221,0.1257,0.5125,1412,81
RSC-2024-04996,v2.2.0,2024-04-27 08:16:39,56,0.0808,0.8155,0.1561,0.5369,1311,20
RSC-2024-04997,v2.2.0,2024-12-14 11:34:25,39,0.0219,0.8223,0.1346,0.462,1194,135
RSC-2024-04998,v2.1.3,2024-10-24 02:24:15,54,0.0374,0.7903,0.1321,0.4981,1039,26
RSC-2024-04999,v2.1.3,2024-06-25 07:08:27,34,0.0087,0.821,0.164,0.4783,813,43
RSC-2024-05000,v2.3.0,2024-03-09 07:01:07,46,0.0221,0.8331,0.1474,0.489,930,65
RSC-2024-05001,v2.2.1,2024-01-16 00:58:35,39,0.082,0.8201,0.1388,0.4817,834,115
RSC-2024-05002,v2.2.1,2024-10-16 21:41:02,50,0.0058,0.8033,0.151,0.5017,1505,93
RSC-2024-05003,v2.3.0,2024-02-12 16:33:25,41,0.0267,0.8165,0.1331,0.4965,1515,26
RSC-2024-05004,v2.1.3,2024-08-21 19:18:44,48,0.059,0.7689,0.127,0.5416,1477,76
RSC-2024-05005,v2.1.4,2024-03-29 00:36:10,48,0.0077,0.765,0.1285,0.501,985,93
RSC-2024-05006,v2.2.0,2024-02-06 12:33:28,44,0.0211,0.8318,0.1676,0.5227,1526,121
RSC-2024-05007,v2.1.4,2024-09-16 04:17:22,45,0.0318,0.8244,0.1437,0.5303,1493,94
RSC-2024-05008,v2.1.3,2024-06-13 09:30:52,48,0.0027,0.84,0.1753,0.5019,1375,67
RSC-2024-05009,v2.1.4,2024-11-22 02:53:10,37,0.0762,0.8315,0.1588,0.5228,844,134
RSC-2024-05010,v2.3.0,2024-11-18 23:11:00,57,0.0833,0.8252,0.161,0.5331,1024,43
RSC-2024-05011,v2.1.4,2024-04-11 11:04:31,55,0.042,0.7994,0.1316,0.5198,1036,54
RSC-2024-05012,v2.2.1,2024-03-18 06:14:46,46,0.0335,0.8221,0.1308,0.4638,992,74
RSC-2024-05013,v2.2.1,2024-11-19 10:38:19,46,0.0228,0.7847,0.1572,0.532,932,118
RSC-2024-05014,v2.2.1,2024-08-05 07:08:23,55,0.0192,0.814,0.113,0.4773,1049,139
RSC-2024-05015,v2.1.3,2024-10-24 00:46:10,54,0.04,0.8287,0.1367,0.5009,1392,123
RSC-2024-05016,v2.2.1,2024-02-12 21:33:21,43,0.0648,0.7974,0.1499,0.5071,1183,79
RSC-2024-05017,v2.1.3,2024-05-13 00:14:44,43,0.018,0.8486,0.1437,0.5232,1492,109
RSC-2024-05018,v2.3.0,2024-10-29 21:34:44,55,0.1065,0.822,0.135,0.5073,904,55
RSC-2024-05019,v2.1.3,2024-02-24 21:07:27,38,0.0602,0.8073,0.1539,0.4838,932,101
RSC-2024-05020,v2.1.4,2024-10-14 10:23:00,49,0.0107,0.8185,0.1411,0.5014,1003,20
RSC-2024-05021,v2.3.0,2024-07-12 02:56:45,43,0.0273,0.802,0.1444,0.5041,1585,35
RSC-2024-05022,v2.1.4,2024-01-06 22:24:55,48,0.03,0.8014,0.1181,0.5264,1426,121
RSC-2024-05023,v2.2.1,2024-11-04 15:31:02,54,0.0187,0.7944,0.15,0.5141,1064,103
RSC-2024-05024,v2.1.3,2024-01-04 05:40:10,34,0.076,0.8262,0.1418,0.4821,974,113
RSC-2024-05025,v2.2.0,2024-03-06 02:29:46,53,0.0226,0.8374,0.1333,0.4929,1110,115
RSC-2024-05026,v2.2.0,2024-01-18 14:35:15,50,0.0578,0.847,0.1543,0.5273,1584,127
RSC-2024-05027,v2.1.3,2024-01-17 18:47:52,51,0.1056,0.8083,0.1575,0.5408,1437,130
RSC-2024-05028,v2.3.0,2024-06-26 07:52:25,38,0.0316,0.7934,0.1526,0.5023,1121,123
RSC-2024-05029,v2.1.4,2024-02-21 02:41:19,57,0.0498,0.8198,0.1258,0.5143,872,138
RSC-2024-05030,v2.3.0,2024-12-19 02:32:31,40,0.0455,0.7787,0.1481,0.512,882,53
RSC-2024-05031,v2.2.1,2024-12-28 16:19:26,54,0.0444,0.8209,0.141,0.5018,919,104
RSC-2024-05032,v2.2.0,2024-10-11 11:26:43,50,0.0636,0.7855,0.1442,0.541,1014,111
RSC-2024-05033,v2.2.0,2024-07-05 00:34:49,44,0.0198,0.8255,0.1333,0.5238,1363,68
RSC-2024-05034,v2.1.3,2024-08-07 10:04:26,43,0.0408,0.7836,0.1334,0.5059,1551,114
RSC-2024-05035,v2.3.0,2024-10-11 15:18:57,34,0.0182,0.8151,0.1197,0.5217,820,50
RSC-2024-05036,v2.2.1,2024-09-21 19:58:01,48,0.0589,0.8227,0.1469,0.5483,1014,130
RSC-2024-05037,v2.1.4,2024-01-31 13:16:28,46,0.0366,0.8117,0.1389,0.5174,1098,67
RSC-2024-05038,v2.3.0,2024-01-17 05:56:55,46,0.0239,0.8242,0.1401,0.5106,879,89
RSC-2024-05039,v2.2.0,2024-01-30 01:43:16,38,0.0171,0.8028,0.1513,0.5041,1384,56
RSC-2024-05040,v2.2.0,2024-09-24 21:27:04,44,0.0443,0.8293,0.1436,0.492,856,22
RSC-2024-05041,v2.2.0,2024-12-02 09:03:59,48,0.0169,0.8281,0.1193,0.5195,971,74
RSC-2024-05042,v2.1.4,2024-09-08 10:29:05,48,0.0126,0.8377,0.1438,0.4771,1484,41
RSC-2024-05043,v2.2.1,2024-12-24 10:59:20,55,0.0184,0.8073,0.1653,0.5063,1451,89
RSC-2024-05044,v2.2.1,2024-02-06 05:42:00,52,0.0427,0.8015,0.1578,0.4735,1324,136
RSC-2024-05045,v2.3.0,2024-01-22 15:52:34,49,0.0519,0.789,0.1435,0.5074,853,96
RSC-2024-05046,v2.3.0,2024-12-29 10:24:46,35,0.0409,0.7861,0.1224,0.5008,1089,90
RSC-2024-05047,v2.3.0,2024-07-14 21:52:21,46,0.0385,0.8374,0.1486,0.5118,802,80
RSC-2024-05048,v2.2.1,2024-04-24 22:15:21,35,0.0288,0.8161,0.1377,0.4779,1508,63
RSC-2024-05049,v2.1.4,2024-10-01 17:23:31,52,0.0359,0.8078,0.1437,0.5219,1123,94
RSC-2024-05050,v2.1.4,2024-11-28 17:20:02,39,0.0757,0.8552,0.1363,0.5345,1116,26
RSC-2024-05051,v2.3.0,2024-12-07 20:25:04,49,0.0432,0.8243,0.1168,0.4941,1283,82
RSC-2024-05052,v2.3.0,2024-11-23 23:10:47,36,0.0371,0.8316,0.1442,0.5395,1147,104
RSC-2024-05053,v2.1.4,2024-10-06 10:30:22,56,0.021,0.8267,0.1386,0.4983,1018,26
RSC-2024-05054,v2.1.3,2024-04-03 17:37:46,44,0.0893,0.8288,0.1132,0.5065,1470,65
RSC-2024-05055,v2.1.3,2024-10-05 21:02:07,47,0.0391,0.8119,0.1468,0.5402,1389,80
RSC-2024-05056,v2.2.0,2024-01-22 11:03:30,43,0.1036,0.7949,0.1252,0.5096,1064,129
RSC-2024-05057,v2.2.1,2024-06-16 11:38:02,44,0.0693,0.8105,0.1531,0.5033,923,35
RSC-2024-05058,v2.3.0,2024-03-15 09:03:05,53,0.0319,0.8328,0.1217,0.5096,1419,112
RSC-2024-05059,v2.2.0,2024-02-27 14:30:57,37,0.0455,0.7617,0.1635,0.5384,1319,77
RSC-2024-05060,v2.3.0,2024-04-30 05:55:41,44,0.0563,0.8071,0.1354,0.5226,1062,25
RSC-2024-05061,v2.2.1,2024-02-01 21:55:53,42,0.0913,0.8287,0.1227,0.5125,967,97
RSC-2024-05062,v2.2.1,2024-01-21 03:45:11,34,0.0072,0.8029,0.1388,0.5127,1422,94
RSC-2024-05063,v2.2.0,2024-09-28 00:17:25,34,0.0914,0.8487,0.1378,0.5236,929,109
RSC-2024-05064,v2.1.3,2024-12-03 22:10:27,49,0.0373,0.8029,0.1441,0.5359,951,76
RSC-2024-05065,v2.3.0,2024-05-15 23:06:53,43,0.0537,0.8227,0.1498,0.4874,1082,132
RSC-2024-05066,v2.2.1,2024-01-25 21:43:53,44,0.0322,0.7932,0.1506,0.504,871,97
RSC-2024-05067,v2.1.4,2024-06-22 07:27:55,45,0.0247,0.8127,0.1572,0.5105,904,50
RSC-2024-05068,v2.2.0,2024-06-12 22:56:18,38,0.0315,0.7938,0.1353,0.479,1379,42
RSC-2024-05069,v2.2.1,2024-06-07 14:16:01,45,0.0185,0.8009,0.1251,0.5154,1391,85
RSC-2024-05070,v2.2.0,2024-08-01 13:41:57,35,0.0115,0.7904,0.141,0.4733,880,80
RSC-2024-05071,v2.1.4,2024-05-18 18:42:52,57,0.0425,0.7944,0.1402,0.5512,890,33
RSC-2024-05072,v2.3.0,2024-11-04 23:40:32,49,0.021,0.7962,0.1501,0.5036,1168,62
RSC-2024-05073,v2.3.0,2024-06-23 15:46:38,34,0.0286,0.8018,0.1305,0.5146,1146,94
RSC-2024-05074,v2.1.4,2024-05-29 00:07:19,40,0.101,0.8152,0.1538,0.5067,1282,61
RSC-2024-05075,v2.1.4,2024-08-07 07:15:50,46,0.0341,0.8224,0.1391,0.5123,928,52
RSC-2024-05076,v2.2.1,2024-10-24 04:36:12,48,0.0393,0.7973,0.1497,0.5235,809,113
RSC-2024-05077,v2.2.0,2024-10-22 01:41:55,46,0.0295,0.8133,0.1471,0.5212,857,81
RSC-2024-05078,v2.1.3,2024-11-04 23:11:44,35,0.024,0.8089,0.1572,0.5184,1182,136
RSC-2024-05079,v2.1.3,2024-04-21 13:29:48,44,0.0865,0.8258,0.1487,0.492,1428,56
RSC-2024-05080,v2.1.4,2024-04-09 16:10:55,52,0.0177,0.8011,0.185,0.5274,1094,69
RSC-2024-05081,v2.1.3,2024-11-01 02:12:47,35,0.0383,0.8423,0.1545,0.5298,1343,113
RSC-2024-05082,v2.1.3,2024-09-14 18:29:03,40,0.0139,0.8149,0.1502,0.4942,1039,114
RSC-2024-05083,v2.1.4,2024-11-19 23:03:51,45,0.0532,0.8116,0.143,0.4771,1173,110
RSC-2024-05084,v2.1.3,2024-10-22 04:50:58,48,0.0044,0.8095,0.1319,0.505,1538,74
RSC-2024-05085,v2.3.0,2024-09-13 12:18:02,36,0.0303,0.8176,0.143,0.5165,875,103
RSC-2024-05086,v2.1.4,2024-06-30 19:16:56,55,0.0504,0.8175,0.1086,0.5495,1136,82
RSC-2024-05087,v2.2.0,2024-03-30 14:17:27,39,0.0297,0.7906,0.1357,0.5103,1579,54
RSC-2024-05088,v2.3.0,2024-06-13 20:16:41,41,0.0422,0.8221,0.1402,0.5272,1084,58
RSC-2024-05089,v2.2.0,2024-12-16 18:16:47,51,0.0465,0.8258,0.1465,0.4812,1471,57
RSC-2024-05090,v2.1.4,2024-10-13 10:01:56,45,0.0342,0.8131,0.1556,0.5124,1545,73
RSC-2024-05091,v2.1.3,2024-12-23 09:15:03,52,0.024,0.7934,0.1329,0.509,1561,99
RSC-2024-05092,v2.3.0,2024-04-28 04:46:41,46,0.011,0.8216,0.1395,0.5156,1402,133
RSC-2024-05093,v2.2.0,2024-08-12 20:37:07,48,0.041,0.7949,0.1347,0.519,1040,45
RSC-2024-05094,v2.3.0,2024-04-17 03:00:04,56,0.0475,0.833,0.1474,0.4895,1589,69
RSC-2024-05095,v2.1.3,2024-11-19 10:53:26,44,0.0473,0.8164,0.1327,0.5033,1363,129
RSC-2024-05096,v2.1.3,2024-07-13 11:05:51,41,0.0404,0.8022,0.1443,0.4937,1541,121
RSC-2024-05097,v2.2.0,2024-06-22 13:15:58,50,0.0253,0.8442,0.1374,0.5058,912,54
RSC-2024-05098,v2.1.3,2024-10-16 18:38:49,54,0.0403,0.7959,0.1577,0.5108,1152,113
RSC-2024-05099,v2.2.0,2024-01-24 04:02:24,44,0.0152,0.8073,0.1533,0.5145,1215,111
RSC-2024-05100,v2.3.0,2024-04-18 12:51:23,53,0.0064,0.8059,0.157,0.5411,1589,93
RSC-2024-05101,v2.2.1,2024-04-27 19:38:33,52,0.0383,0.8388,0.154,0.498,1436,75
RSC-2024-05102,v2.1.4,2024-11-13 11:44:45,47,0.0873,0.789,0.1272,0.5103,1051,136
RSC-2024-05103,v2.2.1,2024-03-26 13:12:12,51,0.0032,0.8261,0.1331,0.4928,1337,88
RSC-2024-05104,v2.1.3,2024-08-17 01:36:26,41,0.081,0.8213,0.1617,0.5119,923,124
RSC-2024-05105,v2.2.1,2024-10-10 22:32:58,48,0.0082,0.8019,0.1465,0.5244,1041,134
RSC-2024-05106,v2.1.3,2024-02-11 03:46:40,53,0.0398,0.8037,0.1407,0.5029,1254,62
RSC-2024-05107,v2.3.0,2024-02-11 04:49:08,46,0.0191,0.8228,0.1381,0.4995,1249,20
RSC-2024-05108,v2.2.0,2024-08-05 15:09:37,48,0.055,0.8043,0.1486,0.5289,1117,30
RSC-2024-05109,v2.2.0,2024-02-05 04:41:09,55,0.0515,0.833,0.1418,0.5061,930,67
RSC-2024-05110,v2.3.0,2024-03-22 14:17:51,46,0.0078,0.8017,0.156,0.5262,1472,132
RSC-2024-05111,v2.1.3,2024-05-27 06:00:21,43,0.0096,0.8147,0.1419,0.5413,905,96
RSC-2024-05112,v2.2.1,2024-06-30 06:55:13,49,0.0768,0.7878,0.173,0.4961,1329,117
RSC-2024-05113,v2.3.0,2024-04-17 01:34:22,42,0.0855,0.7806,0.1334,0.5119,810,48
RSC-2024-05114,v2.2.1,2024-01-20 13:51:03,57,0.0255,0.8262,0.1463,0.5299,993,139
RSC-2024-05115,v2.2.0,2024-06-05 13:25:34,54,0.0404,0.8222,0.1286,0.5045,1250,126
RSC-2024-05116,v2.2.1,2024-05-24 22:46:58,56,0.0874,0.8162,0.1357,0.5347,1478,21
RSC-2024-05117,v2.2.0,2024-04-21 21:01:39,55,0.0155,0.8114,0.1358,0.5324,1288,57
RSC-2024-05118,v2.3.0,2024-09-01 02:19:03,36,0.0286,0.8112,0.1382,0.5135,1330,66
RSC-2024-05119,v2.1.4,2024-07-19 03:37:22,43,0.0285,0.8456,0.1311,0.5038,1224,136
RSC-2024-05120,v2.3.0,2024-04-02 05:40:28,53,0.0251,0.8268,0.1201,0.5002,1200,76
RSC-2024-05121,v2.3.0,2024-12-13 11:58:22,56,0.0134,0.8028,0.1178,0.5024,891,138
RSC-2024-05122,v2.1.4,2024-10-02 12:35:28,46,0.0882,0.8286,0.1348,0.4939,1357,20
RSC-2024-05123,v2.1.4,2024-10-06 21:43:52,53,0.0731,0.7966,0.1436,0.4815,1518,66
RSC-2024-05124,v2.2.0,2024-10-17 03:49:25,45,0.0172,0.8161,0.1623,0.5177,843,120
RSC-2024-05125,v2.2.0,2024-04-06 14:11:22,36,0.0573,0.8147,0.1434,0.521,906,86
RSC-2024-05126,v2.1.3,2024-03-09 20:36:04,48,0.0044,0.8014,0.1301,0.5098,823,84
RSC-2024-05127,v2.1.4,2024-01-21 20:33:08,39,0.0107,0.8223,0.1327,0.5419,1461,94
RSC-2024-05128,v2.1.4,2024-09-11 07:54:32,35,0.0669,0.7925,0.1612,0.5094,1266,120
RSC-2024-05129,v2.2.1,2024-01-29 06:22:06,39,0.0452,0.84,0.1514,0.509,1520,31
RSC-2024-05130,v2.1.4,2024-07-23 11:14:52,41,0.0821,0.8075,0.1233,0.5103,1355,74
RSC-2024-05131,v2.1.4,2024-03-18 18:28:54,49,0.0143,0.8239,0.1405,0.5191,1348,78
RSC-2024-05132,v2.1.4,2024-05-28 16:05:58,38,0.0411,0.8049,0.1403,0.5162,1578,54
RSC-2024-05133,v2.1.4,2024-08-30 09:19:54,41,0.0097,0.8103,0.1469,0.506,1019,79
RSC-2024-05134,v2.3.0,2024-12-06 04:32:51,55,0.0553,0.7952,0.1388,0.5282,1085,58
RSC-2024-05135,v2.3.0,2024-01-31 21:22:52,45,0.0024,0.8014,0.1262,0.5164,926,80
RSC-2024-05136,v2.2.0,2024-04-28 03:00:11,38,0.003,0.7919,0.1599,0.5429,816,78
RSC-2024-05137,v2.1.3,2024-08-05 09:07:24,41,0.011,0.8418,0.1096,0.538,1564,32
RSC-2024-05138,v2.2.0,2024-09-22 18:52:36,47,0.0535,0.7895,0.1421,0.5078,1040,88
RSC-2024-05139,v2.2.1,2024-11-13 06:12:33,54,0.0599,0.7945,0.1423,0.4992,1555,136
RSC-2024-05140,v2.1.4,2024-01-29 14:33:51,39,0.0127,0.8137,0.1391,0.5405,983,40
RSC-2024-05141,v2.3.0,2024-07-15 22:25:29,40,0.0809,0.796,0.1579,0.5426,991,30
RSC-2024-05142,v2.2.1,2024-11-09 01:14:38,38,0.0304,0.8159,0.1416,0.5464,1128,90
RSC-2024-05143,v2.2.1,2024-03-15 20:57:25,37,0.0241,0.7869,0.1348,0.5076,1572,73
RSC-2024-05144,v2.2.1,2024-10-10 06:02:01,56,0.0475,0.8113,0.1496,0.4876,1172,91
RSC-2024-05145,v2.2.1,2024-03-08 06:11:27,41,0.0309,0.8087,0.1372,0.5142,1340,99
RSC-2024-05146,v2.1.4,2024-10-30 00:11:59,34,0.0301,0.8139,0.1324,0.5162,1059,57
RSC-2024-05147,v2.2.0,2024-10-24 08:11:13,48,0.0416,0.8198,0.1485,0.5249,1190,133
RSC-2024-05148,v2.1.4,2024-02-13 00:29:07,47,0.0453,0.7905,0.1606,0.5048,1339,74
RSC-2024-05149,v2.1.4,2024-07-23 16:45:30,40,0.0224,0.8398,0.1389,0.5293,1049,89
RSC-2024-05150,v2.1.4,2024-07-11 12:24:08,34,0.0823,0.8129,0.1447,0.5356,1177,84
RSC-2024-05151,v2.2.1,2024-08-09 18:23:01,52,0.0187,0.8045,0.1207,0.5305,1404,128
RSC-2024-05152,v2.3.0,2024-10-23 04:47:37,43,0.0403,0.8124,0.1519,0.5163,1083,56
RSC-2024-05153,v2.2.1,2024-03-19 22:05:59,49,0.0352,0.8661,0.1429,0.4965,1019,92
RSC-2024-05154,v2.1.3,2024-03-07 05:14:19,47,0.0526,0.8337,0.1555,0.4868,1271,128
RSC-2024-05155,v2.3.0,2024-11-15 14:56:45,41,0.0799,0.7905,0.1478,0.5129,1311,28
RSC-2024-05156,v2.1.4,2024-09-11 05:48:20,56,0.055,0.8039,0.1412,0.5219,960,130
RSC-2024-05157,v2.2.0,2024-07-31 18:12:17,38,0.0411,0.8334,0.138,0.5,834,119
RSC-2024-05158,v2.1.3,2024-01-11 10:36:17,40,0.0446,0.8045,0.1397,0.52,1300,36
RSC-2024-05159,v2.2.0,2024-03-28 23:56:12,46,0.0292,0.8313,0.1478,0.5118,851,71
RSC-2024-05160,v2.2.0,2024-11-14 10:08:34,42,0.0143,0.8013,0.1346,0.5283,1514,117
RSC-2024-05161,v2.1.3,2024-03-12 06:23:21,54,0.114,0.8009,0.1331,0.5185,999,38
RSC-2024-05162,v2.3.0,2024-12-03 16:07:56,45,0.0916,0.8179,0.131,0.5257,1570,101
RSC-2024-05163,v2.1.3,2024-05-01 22:45:43,44,0.0027,0.8417,0.1415,0.5269,942,36
RSC-2024-05164,v2.2.0,2024-05-21 22:20:15,39,0.0262,0.8265,0.1241,0.5022,1328,113
RSC-2024-05165,v2.1.4,2024-06-04 22:08:07,42,0.008,0.7977,0.1545,0.5277,877,135
RSC-2024-05166,v2.2.0,2024-09-13 06:12:10,38,0.091,0.8273,0.1479,0.4975,820,114
RSC-2024-05167,v2.1.3,2024-01-04 14:36:55,57,0.084,0.8171,0.1303,0.4839,1400,110
RSC-2024-05168,v2.2.1,2024-08-28 18:35:59,35,0.0112,0.8073,0.1396,0.4856,1288,35
RSC-2024-05169,v2.2.0,2024-09-04 23:59:23,45,0.032,0.8034,0.1427,0.5197,1116,97
RSC-2024-05170,v2.3.0,2024-06-09 17:41:05,54,0.0338,0.7918,0.1475,0.5129,1170,130
RSC-2024-05171,v2.2.0,2024-10-25 06:19:56,34,0.089,0.8092,0.1185,0.5237,1070,126
RSC-2024-05172,v2.3.0,2024-02-26 17:18:52,57,0.0375,0.8016,0.1297,0.5297,1211,100
RSC-2024-05173,v2.3.0,2024-08-19 03:32:52,52,0.015,0.7871,0.1511,0.5031,1315,57
RSC-2024-05174,v2.1.4,2024-03-19 19:09:36,42,0.0056,0.8277,0.1348,0.5395,1285,106
RSC-2024-05175,v2.1.3,2024-01-05 21:56:24,35,0.06,0.791,0.1554,0.5156,919,107
RSC-2024-05176,v2.2.0,2024-05-02 23:06:51,47,0.1294,0.7841,0.1511,0.5252,909,81
RSC-2024-05177,v2.2.0,2024-09-24 19:52:43,34,0.0169,0.8077,0.1574,0.5016,1337,107
RSC-2024-05178,v2.2.1,2024-03-27 01:01:02,53,0.0051,0.8068,0.1539,0.4931,1315,58
RSC-2024-05179,v2.1.4,2024-03-05 15:37:24,46,0.0372,0.7859,0.1278,0.5225,1369,40
RSC-2024-05180,v2.2.1,2024-01-18 15:59:02,49,0.0441,0.7617,0.1513,0.5027,1543,58
RSC-2024-05181,v2.1.4,2024-07-07 18:33:19,54,0.017,0.8257,0.1411,0.5144,1038,28
RSC-2024-05182,v2.2.0,2024-07-26 02:54:44,47,0.1115,0.8301,0.1272,0.5276,893,106
RSC-2024-05183,v2.2.1,2024-12-28 12:59:33,45,0.0053,0.7877,0.1242,0.5049,1289,66
RSC-2024-05184,v2.1.3,2024-05-24 09:32:02,37,0.0167,0.8078,0.1438,0.5193,1416,42
RSC-2024-05185,v2.3.0,2024-11-25 11:53:50,52,0.0346,0.7965,0.1387,0.5278,1047,88
RSC-2024-05186,v2.3.0,2024-03-11 03:40:57,38,0.0287,0.8227,0.128,0.5242,1311,114
RSC-2024-05187,v2.1.3,2024-04-25 02:19:21,41,0.0278,0.8122,0.1723,0.5423,1237,25
RSC-2024-05188,v2.1.3,2024-01-27 00:25:19,52,0.0348,0.8028,0.1424,0.5208,973,75
RSC-2024-05189,v2.2.0,2024-07-22 13:11:00,40,0.0288,0.8041,0.1487,0.4938,1095,105
RSC-2024-05190,v2.1.3,2024-07-25 13:58:34,34,0.0729,0.8327,0.1334,0.5111,1455,111
RSC-2024-05191,v2.3.0,2024-01-22 01:37:22,35,0.067,0.7756,0.1512,0.488,960,77
RSC-2024-05192,v2.2.0,2024-08-28 03:55:07,50,0.0178,0.8182,0.1511,0.5009,1094,65
RSC-2024-05193,v2.2.0,2024-08-06 17:05:39,37,0.0113,0.8057,0.1344,0.5049,1255,50
RSC-2024-05194,v2.3.0,2024-08-01 17:55:29,46,0.0236,0.8373,0.1351,0.5175,1069,129
RSC-2024-05195,v2.1.3,2024-12-10 18:16:37,34,0.0667,0.7727,0.1471,0.5281,1374,129
RSC-2024-05196,v2.2.0,2024-09-08 02:24:33,57,0.0637,0.8269,0.1435,0.4983,1323,51
RSC-2024-05197,v2.1.4,2024-08-15 05:59:32,42,0.0558,0.7909,0.1292,0.5073,1393,94
RSC-2024-05198,v2.3.0,2024-12-26 14:46:49,55,0.0688,0.8342,0.1295,0.4737,1406,108
RSC-2024-05199,v2.1.4,2024-12-08 08:20:25,47,0.0225,0.8127,0.1464,0.5171,1315,52
RSC-2024-05200,v2.1.3,2024-10-13 21:37:53,53,0.0675,0.8151,0.1364,0.4993,1241,76
RSC-2024-05201,v2.3.0,2024-12-12 09:16:31,51,0.0466,0.8614,0.163,0.5457,1048,129
RSC-2024-05202,v2.2.1,2024-07-20 13:13:46,42,0.0942,0.8114,0.1543,0.542,965,126
RSC-2024-05203,v2.1.3,2024-12-07 23:50:28,46,0.0332,0.8053,0.1342,0.5301,1499,112
RSC-2024-05204,v2.1.3,2024-10-30 12:43:49,50,0.0998,0.8149,0.1437,0.5411,1430,125
RSC-2024-05205,v2.1.3,2024-08-10 09:29:02,51,0.0393,0.8113,0.1487,0.5217,1554,89
RSC-2024-05206,v2.2.1,2024-08-20 22:29:29,56,0.0742,0.7942,0.1302,0.4972,1100,25
RSC-2024-05207,v2.1.4,2024-07-08 22:33:26,46,0.0268,0.7979,0.1383,0.4943,1486,76
RSC-2024-05208,v2.1.3,2024-09-16 04:59:43,55,0.0029,0.7938,0.1401,0.5464,918,55
RSC-2024-05209,v2.1.4,2024-04-29 13:05:49,46,0.0055,0.8183,0.1371,0.4931,910,133
RSC-2024-05210,v2.3.0,2024-01-15 02:30:03,48,0.0198,0.8148,0.1543,0.4943,1588,132
RSC-2024-05211,v2.2.0,2024-09-04 08:14:22,47,0.0506,0.8204,0.1437,0.5063,802,117
RSC-2024-05212,v2.1.3,2024-05-03 02:38:44,34,0.0095,0.8234,0.1493,0.5435,1496,131
RSC-2024-05213,v2.2.1,2024-08-24 12:23:13,42,0.0068,0.8059,0.1315,0.5177,958,133
RSC-2024-05214,v2.1.4,2024-05-29 06:13:39,34,0.0878,0.7869,0.1578,0.4958,819,46
RSC-2024-05215,v2.3.0,2024-06-15 19:11:44,46,0.0367,0.8343,0.1429,0.5026,863,24
RSC-2024-05216,v2.1.3,2024-01-28 17:56:35,34,0.0149,0.8111,0.1455,0.5077,1525,56
RSC-2024-05217,v2.1.3,2024-05-31 18:23:32,45,0.0316,0.8249,0.1247,0.4947,808,111
RSC-2024-05218,v2.2.0,2024-10-26 19:41:15,54,0.0231,0.8074,0.159,0.5154,1485,125
RSC-2024-05219,v2.3.0,2024-10-21 06:44:29,37,0.0086,0.8105,0.1429,0.5213,869,123
RSC-2024-05220,v2.2.1,2024-11-20 00:27:49,52,0.0607,0.8323,0.1242,0.5393,918,131
RSC-2024-05221,v2.3.0,2024-02-09 10:54:52,39,0.0475,0.7947,0.1441,0.5217,831,43
RSC-2024-05222,v2.1.3,2024-02-20 13:05:10,45,0.1177,0.8183,0.1341,0.4951,1100,43
RSC-2024-05223,v2.2.0,2024-01-21 16:49:56,57,0.0273,0.8148,0.1551,0.5226,1009,125
RSC-2024-05224,v2.2.1,2024-07-10 04:02:51,54,0.0475,0.8014,0.1386,0.5509,1513,45
RSC-2024-05225,v2.1.3,2024-05-16 19:26:38,49,0.036,0.7913,0.147,0.496,972,131
RSC-2024-05226,v2.3.0,2024-02-18 22:33:29,39,0.0617,0.8105,0.1339,0.5004,1165,118
RSC-2024-05227,v2.2.0,2024-04-22 03:17:27,36,0.0899,0.782,0.1272,0.5148,1252,49
RSC-2024-05228,v2.2.1,2024-10-24 18:34:15,55,0.0447,0.8208,0.1295,0.5286,1099,102
RSC-2024-05229,v2.2.0,2024-07-22 01:00:43,46,0.0028,0.7863,0.1457,0.5136,933,92
RSC-2024-05230,v2.3.0,2024-12-02 00:06:30,51,0.032,0.7916,0.1246,0.4974,1273,132
RSC-2024-05231,v2.2.1,2024-02-08 01:06:22,42,0.0348,0.805,0.1415,0.5012,1387,84
RSC-2024-05232,v2.2.1,2024-12-10 20:28:45,51,0.0358,0.803,0.1347,0.5015,993,135
RSC-2024-05233,v2.1.4,2024-11-18 22:58:16,41,0.03,0.8067,0.1441,0.5068,1598,27
RSC-2024-05234,v2.1.3,2024-03-01 20:57:50,37,0.0223,0.8116,0.1349,0.5073,1576,93
RSC-2024-05235,v2.2.1,2024-12-08 12:39:08,52,0.091,0.8051,0.1556,0.5292,1278,55
RSC-2024-05236,v2.1.3,2024-11-29 17:44:58,36,0.0465,0.8264,0.1314,0.5238,1501,108
RSC-2024-05237,v2.2.0,2024-02-07 19:02:17,38,0.0399,0.8133,0.1098,0.5116,933,102
RSC-2024-05238,v2.1.3,2024-08-22 23:20:10,41,0.0135,0.8163,0.1472,0.4809,941,25
