run_id,model_version,scored_at,n_features_used,feature_drift_psi,auroc_holdout,calibration_brier,decision_threshold,flagged_count,override_count
RSC-2021-00000,v2.2.0,2021-06-09 15:17:30,57,0.0421,0.8314,0.1208,0.4955,1173,88
RSC-2021-00001,v2.1.3,2021-10-08 18:08:21,36,0.0357,0.8425,0.1436,0.532,1442,90
RSC-2021-00002,v2.3.0,2021-10-26 01:07:33,35,0.0087,0.7962,0.1502,0.4928,1323,75
RSC-2021-00003,v2.2.1,2021-02-21 22:27:46,35,0.0731,0.8087,0.1397,0.5126,1214,110
RSC-2021-00004,v2.1.3,2021-07-20 15:40:27,47,0.0307,0.823,0.1345,0.4774,877,62
RSC-2021-00005,v2.2.0,2021-04-06 04:51:12,49,0.0291,0.79,0.1169,0.4855,906,48
RSC-2021-00006,v2.1.3,2021-05-26 12:46:20,50,0.0326,0.8524,0.1451,0.5142,1101,91
RSC-2021-00007,v2.2.1,2021-06-27 04:38:31,48,0.0451,0.7826,0.1457,0.4875,976,91
RSC-2021-00008,v2.2.1,2021-09-14 22:20:16,48,0.023,0.8482,0.1472,0.5415,863,93
RSC-2021-00009,v2.3.0,2021-06-21 15:04:57,45,0.0425,0.8406,0.1291,0.4903,1393,125
RSC-2021-00010,v2.1.3,2021-03-17 23:09:55,55,0.0116,0.7886,0.1423,0.5178,858,25
RSC-2021-00011,v2.2.0,2021-05-07 18:31:45,36,0.0376,0.8097,0.145,0.4984,1467,58
RSC-2021-00012,v2.3.0,2021-04-21 07:01:08,49,0.0027,0.7772,0.1397,0.5149,1232,59
RSC-2021-00013,v2.1.4,2021-06-08 05:05:12,41,0.0284,0.7909,0.1238,0.5329,1582,82
RSC-2021-00014,v2.2.1,2021-08-21 20:32:39,46,0.0608,0.8194,0.1516,0.5068,961,43
RSC-2021-00015,v2.2.1,2021-07-07 05:06:34,37,0.0588,0.8415,0.1471,0.4858,1332,66
RSC-2021-00016,v2.3.0,2021-06-06 17:00:35,36,0.0356,0.8169,0.1517,0.4985,945,58
RSC-2021-00017,v2.2.0,2021-08-09 10:59:17,40,0.0276,0.7714,0.1654,0.5158,1265,65
RSC-2021-00018,v2.1.3,2021-01-23 03:48:46,41,0.0289,0.8027,0.1313,0.5238,1496,117
RSC-2021-00019,v2.1.4,2021-11-22 16:13:46,52,0.0613,0.8327,0.1354,0.4881,1243,51
RSC-2021-00020,v2.1.3,2021-03-08 14:47:03,53,0.0492,0.8364,0.1174,0.5037,1065,134
RSC-2021-00021,v2.1.4,2021-09-09 12:10:30,42,0.0804,0.8036,0.1389,0.5301,1392,69
RSC-2021-00022,v2.1.4,2021-01-12 10:20:56,45,0.0258,0.8216,0.1399,0.4836,955,39
RSC-2021-00023,v2.1.4,2021-07-21 14:48:33,39,0.0102,0.8238,0.1527,0.5269,802,134
RSC-2021-00024,v2.2.1,2021-10-06 09:30:25,45,0.019,0.809,0.1343,0.4928,1211,29
RSC-2021-00025,v2.3.0,2021-11-13 13:05:11,49,0.0225,0.8025,0.1655,0.5298,1503,40
RSC-2021-00026,v2.2.1,2021-09-02 13:24:05,51,0.0923,0.8325,0.1699,0.5178,1143,103
RSC-2021-00027,v2.1.3,2021-11-08 01:18:43,39,0.0572,0.8121,0.1323,0.5327,1354,103
RSC-2021-00028,v2.2.0,2021-12-15 14:06:08,51,0.0268,0.8178,0.1456,0.5004,1440,47
RSC-2021-00029,v2.3.0,2021-06-08 15:11:27,55,0.0177,0.8273,0.1311,0.4954,1035,89
RSC-2021-00030,v2.2.0,2021-05-12 21:46:29,48,0.0233,0.7755,0.1251,0.4948,1540,104
RSC-2021-00031,v2.2.0,2021-04-10 00:33:34,39,0.0177,0.7918,0.1438,0.5357,1586,57
RSC-2021-00032,v2.3.0,2021-06-07 13:05:10,42,0.0177,0.793,0.1432,0.5118,1373,99
RSC-2021-00033,v2.3.0,2021-11-18 19:28:53,44,0.003,0.8021,0.157,0.5082,1178,86
RSC-2021-00034,v2.1.4,2021-04-02 12:03:09,51,0.0979,0.829,0.1394,0.4856,1093,92
RSC-2021-00035,v2.1.3,2021-09-05 16:41:47,42,0.0352,0.823,0.1378,0.5215,1306,76
RSC-2021-00036,v2.3.0,2021-02-27 06:00:33,44,0.0261,0.8212,0.1447,0.5066,1397,37
RSC-2021-00037,v2.1.4,2021-12-27 23:30:07,42,0.0365,0.8285,0.1483,0.5073,1134,64
RSC-2021-00038,v2.1.4,2021-11-04 17:53:26,45,0.0435,0.8346,0.1586,0.5262,1125,76
RSC-2021-00039,v2.1.4,2021-07-08 17:33:03,34,0.0646,0.8118,0.1546,0.4961,1310,119
RSC-2021-00040,v2.3.0,2021-07-24 03:37:10,51,0.0583,0.8417,0.1518,0.5381,976,116
RSC-2021-00041,v2.1.3,2021-06-22 23:46:52,53,0.0186,0.8417,0.1553,0.5165,1530,23
RSC-2021-00042,v2.1.4,2021-10-14 11:19:48,50,0.0463,0.7976,0.1411,0.5198,1250,135
RSC-2021-00043,v2.2.1,2021-11-15 14:48:55,37,0.0945,0.8067,0.1483,0.4909,1293,127
RSC-2021-00044,v2.3.0,2021-07-09 23:44:49,55,0.0165,0.8,0.1319,0.4911,1379,81
RSC-2021-00045,v2.1.4,2021-04-29 22:08:57,34,0.0434,0.8238,0.1424,0.5101,1170,55
RSC-2021-00046,v2.2.0,2021-05-04 08:23:57,56,0.0469,0.8291,0.1327,0.5018,1340,59
RSC-2021-00047,v2.1.4,2021-06-18 13:58:09,50,0.0124,0.8267,0.1354,0.5253,931,78
RSC-2021-00048,v2.1.3,2021-09-23 19:22:17,39,0.0087,0.8158,0.1402,0.5047,1557,105
RSC-2021-00049,v2.1.3,2021-12-06 13:04:12,42,0.0144,0.8458,0.135,0.4928,1197,76
RSC-2021-00050,v2.2.0,2021-02-07 17:43:39,50,0.0692,0.78,0.1322,0.4972,1079,50
RSC-2021-00051,v2.1.4,2021-03-25 12:04:08,46,0.0454,0.8105,0.1453,0.5214,1433,87
RSC-2021-00052,v2.1.3,2021-03-30 13:21:10,43,0.0441,0.8171,0.1578,0.5336,1081,56
RSC-2021-00053,v2.1.3,2021-12-20 10:58:54,55,0.0372,0.7973,0.1468,0.5071,1560,128
RSC-2021-00054,v2.2.0,2021-08-28 11:12:58,44,0.0135,0.7908,0.1402,0.4899,1230,128
RSC-2021-00055,v2.1.4,2021-07-09 09:13:59,40,0.0262,0.8451,0.1383,0.5356,826,21
RSC-2021-00056,v2.3.0,2021-03-20 14:03:55,40,0.0333,0.8205,0.1444,0.5235,1097,83
RSC-2021-00057,v2.1.4,2021-04-07 03:07:28,42,0.0366,0.8144,0.1557,0.4806,927,82
RSC-2021-00058,v2.1.4,2021-11-29 04:10:39,51,0.0031,0.8292,0.1562,0.4786,1519,95
RSC-2021-00059,v2.2.1,2021-12-24 19:48:53,52,0.0812,0.8029,0.1429,0.5419,1105,123
RSC-2021-00060,v2.3.0,2021-09-15 13:41:55,52,0.015,0.7945,0.1102,0.4982,1107,70
RSC-2021-00061,v2.3.0,2021-08-17 10:35:57,37,0.0312,0.8173,0.1425,0.5345,1056,87
RSC-2021-00062,v2.1.4,2021-06-01 02:42:01,52,0.032,0.7994,0.1676,0.49,1409,78
RSC-2021-00063,v2.3.0,2021-01-06 17:08:34,50,0.0328,0.8096,0.1329,0.486,1030,53
RSC-2021-00064,v2.1.4,2021-12-06 22:45:17,50,0.0063,0.7946,0.1493,0.5228,1081,103
RSC-2021-00065,v2.1.3,2021-06-13 22:08:15,44,0.0237,0.8243,0.1347,0.5056,841,64
RSC-2021-00066,v2.3.0,2021-07-11 10:32:09,37,0.0486,0.8262,0.146,0.4957,916,95
RSC-2021-00067,v2.2.1,2021-06-16 04:19:12,36,0.062,0.8196,0.1471,0.4761,1029,49
RSC-2021-00068,v2.2.0,2021-04-15 03:37:34,38,0.0282,0.807,0.1245,0.5031,1585,85
RSC-2021-00069,v2.1.4,2021-05-13 04:45:37,55,0.0498,0.8028,0.1453,0.5084,1035,100
RSC-2021-00070,v2.1.4,2021-12-21 21:52:23,55,0.0487,0.7816,0.1657,0.5092,1078,82
RSC-2021-00071,v2.2.0,2021-09-09 03:08:45,51,0.0434,0.8391,0.1458,0.5013,1000,126
RSC-2021-00072,v2.2.1,2021-12-04 01:35:26,56,0.029,0.8057,0.1443,0.4998,1579,35
RSC-2021-00073,v2.2.0,2021-01-05 05:47:06,49,0.0089,0.8173,0.1306,0.5257,811,24
RSC-2021-00074,v2.2.1,2021-05-19 13:29:19,54,0.0214,0.7971,0.1413,0.4925,876,129
RSC-2021-00075,v2.1.4,2021-01-11 00:49:33,39,0.0124,0.8163,0.1425,0.4748,884,70
RSC-2021-00076,v2.2.0,2021-10-26 21:10:01,39,0.0644,0.8242,0.1326,0.4867,1135,75
RSC-2021-00077,v2.2.0,2021-01-28 08:09:25,46,0.025,0.8194,0.1514,0.4914,1026,82
RSC-2021-00078,v2.1.4,2021-12-09 04:35:36,51,0.0829,0.8068,0.1373,0.5313,998,111
RSC-2021-00079,v2.1.3,2021-04-20 18:06:34,39,0.0386,0.8048,0.1446,0.4981,1367,104
RSC-2021-00080,v2.1.3,2021-06-08 14:12:06,45,0.0492,0.8395,0.15,0.4758,842,78
RSC-2021-00081,v2.3.0,2021-11-05 21:58:34,48,0.0683,0.8313,0.1562,0.5081,1564,138
RSC-2021-00082,v2.1.3,2021-10-06 21:21:08,45,0.0429,0.8151,0.15,0.5304,1053,76
RSC-2021-00083,v2.2.0,2021-05-27 10:16:58,41,0.0165,0.79,0.1564,0.4833,1128,59
RSC-2021-00084,v2.2.1,2021-11-14 03:46:45,46,0.0481,0.7945,0.1319,0.524,1186,27
RSC-2021-00085,v2.2.0,2021-12-13 01:03:35,55,0.0192,0.8191,0.1351,0.4873,1333,97
RSC-2021-00086,v2.2.1,2021-01-09 19:16:05,52,0.1114,0.827,0.1469,0.5146,1125,60
RSC-2021-00087,v2.3.0,2021-12-27 07:22:30,35,0.0399,0.7855,0.1417,0.4871,1587,53
RSC-2021-00088,v2.3.0,2021-10-09 17:19:07,46,0.0153,0.7943,0.1481,0.5376,1263,56
RSC-2021-00089,v2.3.0,2021-02-01 04:18:34,55,0.0989,0.8135,0.1374,0.4873,1302,60
RSC-2021-00090,v2.1.3,2021-09-16 17:43:30,50,0.0282,0.7955,0.1492,0.4667,1451,85
RSC-2021-00091,v2.1.3,2021-06-15 07:36:26,56,0.011,0.8054,0.1527,0.5036,1206,91
RSC-2021-00092,v2.2.1,2021-08-08 20:37:46,44,0.0304,0.8019,0.1344,0.5262,991,121
RSC-2021-00093,v2.3.0,2021-09-24 22:11:41,55,0.0448,0.8226,0.1422,0.5105,1207,67
RSC-2021-00094,v2.3.0,2021-11-29 12:15:27,48,0.0289,0.8468,0.1573,0.4717,1465,60
RSC-2021-00095,v2.1.4,2021-02-27 22:34:15,34,0.015,0.8234,0.1418,0.5097,936,90
RSC-2021-00096,v2.2.0,2021-12-31 14:39:41,54,0.0886,0.8314,0.1318,0.4908,1366,100
RSC-2021-00097,v2.2.0,2021-06-06 09:38:41,51,0.003,0.8101,0.143,0.5212,1113,60
RSC-2021-00098,v2.2.1,2021-06-28 14:35:24,35,0.021,0.8105,0.1105,0.5337,861,123
RSC-2021-00099,v2.2.0,2021-04-30 22:01:20,51,0.0127,0.7996,0.1444,0.5259,977,71
RSC-2021-00100,v2.3.0,2021-07-31 09:42:33,35,0.0562,0.7986,0.1668,0.5098,1490,41
RSC-2021-00101,v2.2.1,2021-12-04 14:04:04,44,0.0896,0.8231,0.1557,0.541,929,134
RSC-2021-00102,v2.3.0,2021-11-10 23:12:40,39,0.017,0.7999,0.1512,0.4829,1163,31
RSC-2021-00103,v2.1.4,2021-09-25 22:46:03,45,0.0254,0.8211,0.157,0.4901,1545,107
RSC-2021-00104,v2.2.1,2021-06-22 02:03:55,57,0.0294,0.8167,0.1429,0.5083,1048,65
RSC-2021-00105,v2.2.1,2021-05-14 21:52:49,54,0.0207,0.8601,0.146,0.5246,1273,54
RSC-2021-00106,v2.2.1,2021-04-03 09:27:18,39,0.045,0.7969,0.1449,0.534,1267,53
RSC-2021-00107,v2.2.0,2021-03-22 16:47:49,52,0.0303,0.8415,0.1644,0.4727,1233,54
RSC-2021-00108,v2.1.3,2021-01-15 14:11:44,57,0.0163,0.791,0.1688,0.5065,1355,137
RSC-2021-00109,v2.3.0,2021-08-16 19:13:15,43,0.0109,0.8347,0.1626,0.4927,1030,128
RSC-2021-00110,v2.1.3,2021-04-17 15:53:22,46,0.0449,0.775,0.1219,0.5114,822,108
RSC-2021-00111,v2.2.1,2021-05-30 09:18:16,55,0.0071,0.7571,0.1333,0.5101,1434,21
RSC-2021-00112,v2.2.0,2021-08-18 03:54:12,37,0.0198,0.7844,0.145,0.477,1454,127
RSC-2021-00113,v2.1.4,2021-02-19 03:54:26,45,0.0494,0.8037,0.141,0.5076,1198,35
RSC-2021-00114,v2.2.0,2021-11-08 09:57:30,41,0.0197,0.7972,0.1484,0.4897,1279,139
RSC-2021-00115,v2.2.1,2021-10-29 20:29:31,42,0.06,0.8063,0.1396,0.5334,1243,131
RSC-2021-00116,v2.2.0,2021-04-16 17:10:28,39,0.008,0.828,0.1658,0.4753,1170,60
RSC-2021-00117,v2.2.1,2021-12-04 20:03:47,34,0.0413,0.8264,0.1205,0.5163,1129,28
RSC-2021-00118,v2.1.4,2021-09-20 09:24:01,53,0.0138,0.8153,0.1342,0.485,1082,139
RSC-2021-00119,v2.1.3,2021-11-30 22:24:36,40,0.0356,0.8417,0.1348,0.52,1404,108
RSC-2021-00120,v2.1.4,2021-04-16 09:32:05,48,0.0608,0.7994,0.1538,0.567,846,27
RSC-2021-00121,v2.3.0,2021-03-11 13:46:00,36,0.0029,0.8099,0.1373,0.4849,878,78
RSC-2021-00122,v2.2.0,2021-11-23 15:49:31,44,0.0323,0.8051,0.1557,0.5172,1455,90
RSC-2021-00123,v2.3.0,2021-06-03 04:28:42,39,0.0179,0.8087,0.1391,0.4919,1215,123
RSC-2021-00124,v2.3.0,2021-11-16 18:16:04,40,0.0105,0.7939,0.138,0.4873,1114,88
RSC-2021-00125,v2.2.0,2021-05-31 17:18:07,35,0.0148,0.8251,0.1276,0.5528,1122,116
RSC-2021-00126,v2.1.3,2021-08-11 19:15:23,55,0.0446,0.8142,0.1265,0.5188,1248,135
RSC-2021-00127,v2.2.0,2021-01-10 10:36:05,43,0.0205,0.8218,0.138,0.5061,957,127
RSC-2021-00128,v2.2.0,2021-03-17 02:04:49,34,0.0076,0.8244,0.1437,0.5245,1001,29
RSC-2021-00129,v2.1.3,2021-10-22 20:00:46,36,0.0545,0.8152,0.1284,0.5147,1035,124
RSC-2021-00130,v2.2.1,2021-08-28 00:58:08,37,0.0534,0.8466,0.1591,0.5022,1483,29
RSC-2021-00131,v2.2.1,2021-06-02 02:31:14,55,0.049,0.8073,0.1459,0.4981,1536,52
RSC-2021-00132,v2.1.4,2021-08-22 10:17:25,53,0.0525,0.8617,0.1418,0.5382,1566,67
RSC-2021-00133,v2.3.0,2021-11-20 21:13:49,46,0.0876,0.7908,0.1647,0.5356,1389,96
RSC-2021-00134,v2.1.4,2021-05-12 17:35:49,50,0.0247,0.8171,0.1555,0.5004,1179,59
RSC-2021-00135,v2.3.0,2021-01-02 22:51:07,48,0.0395,0.8464,0.1235,0.5201,1419,36
RSC-2021-00136,v2.1.3,2021-07-05 12:09:52,44,0.0296,0.8288,0.1398,0.5057,1271,31
RSC-2021-00137,v2.3.0,2021-11-29 14:47:36,34,0.0409,0.7949,0.1376,0.4747,1266,117
RSC-2021-00138,v2.1.3,2021-11-17 21:00:01,34,0.0116,0.8353,0.1336,0.5179,877,66
RSC-2021-00139,v2.3.0,2021-06-25 16:41:42,51,0.0352,0.8068,0.1564,0.5286,1508,81
RSC-2021-00140,v2.3.0,2021-11-21 13:36:25,41,0.06,0.8288,0.1642,0.4979,814,100
RSC-2021-00141,v2.1.3,2021-07-28 15:00:35,42,0.0272,0.7753,0.1488,0.5504,1487,65
RSC-2021-00142,v2.2.0,2021-08-09 17:13:37,57,0.0612,0.8046,0.1522,0.5059,858,74
RSC-2021-00143,v2.2.0,2021-05-06 23:58:11,38,0.0594,0.8427,0.1794,0.494,1587,45
RSC-2021-00144,v2.1.4,2021-04-16 23:18:48,36,0.037,0.8145,0.1349,0.5161,951,104
RSC-2021-00145,v2.2.1,2021-05-17 11:11:45,57,0.0081,0.7948,0.143,0.5103,1282,80
RSC-2021-00146,v2.2.0,2021-03-06 10:16:54,46,0.0106,0.8272,0.1303,0.5153,1589,78
RSC-2021-00147,v2.1.3,2021-05-06 19:02:34,49,0.0434,0.7941,0.1628,0.5135,1435,94
RSC-2021-00148,v2.2.1,2021-09-30 19:18:40,48,0.0541,0.8203,0.1453,0.5023,1001,119
RSC-2021-00149,v2.3.0,2021-10-27 07:46:41,57,0.0241,0.8041,0.1489,0.5254,1198,41
RSC-2021-00150,v2.1.3,2021-05-14 20:20:59,49,0.0421,0.8108,0.1474,0.4936,1122,22
RSC-2021-00151,v2.3.0,2021-01-06 02:18:17,48,0.0376,0.8167,0.1307,0.4934,1262,29
RSC-2021-00152,v2.1.3,2021-11-18 17:19:31,36,0.0036,0.8147,0.1436,0.4948,1334,81
RSC-2021-00153,v2.2.1,2021-04-19 19:30:05,53,0.031,0.8274,0.1459,0.5412,1025,97
RSC-2021-00154,v2.2.1,2021-10-18 19:42:42,35,0.0108,0.788,0.1454,0.5113,1058,55
RSC-2021-00155,v2.3.0,2021-09-17 05:31:27,38,0.0402,0.786,0.1351,0.5111,1327,41
RSC-2021-00156,v2.2.0,2021-06-28 06:08:02,45,0.0607,0.8159,0.1178,0.4866,1163,35
RSC-2021-00157,v2.3.0,2021-02-10 19:13:40,35,0.0378,0.819,0.1336,0.5297,1057,89
RSC-2021-00158,v2.2.0,2021-03-05 09:05:31,35,0.0222,0.8262,0.1601,0.5128,1560,138
RSC-2021-00159,v2.3.0,2021-03-11 04:23:05,41,0.0542,0.7993,0.1367,0.5117,1295,42
RSC-2021-00160,v2.1.3,2021-04-09 18:11:46,41,0.0732,0.8072,0.147,0.5043,954,38
RSC-2021-00161,v2.3.0,2021-02-28 23:09:52,35,0.0048,0.8255,0.1368,0.5199,988,28
RSC-2021-00162,v2.2.1,2021-08-19 02:52:03,44,0.1236,0.8199,0.1502,0.5031,841,35
RSC-2021-00163,v2.1.4,2021-01-23 15:02:05,38,0.0648,0.7919,0.1409,0.5236,932,98
RSC-2021-00164,v2.1.3,2021-03-05 02:11:24,43,0.0551,0.764,0.1342,0.5205,1129,53
RSC-2021-00165,v2.3.0,2021-06-15 22:33:35,35,0.0103,0.8062,0.1463,0.4989,871,32
RSC-2021-00166,v2.3.0,2021-02-28 03:42:49,56,0.0775,0.7883,0.1373,0.5218,908,124
RSC-2021-00167,v2.1.3,2021-10-30 05:20:07,47,0.0346,0.8036,0.1464,0.5274,1489,87
RSC-2021-00168,v2.2.1,2021-10-16 10:40:51,42,0.1004,0.8345,0.1517,0.5197,895,112
RSC-2021-00169,v2.1.4,2021-03-08 15:40:01,56,0.0515,0.8331,0.1631,0.5019,851,43
RSC-2021-00170,v2.2.1,2021-09-27 19:09:55,40,0.0281,0.8127,0.1372,0.5209,1246,48
RSC-2021-00171,v2.2.0,2021-02-16 19:54:23,41,0.0451,0.8084,0.1414,0.517,876,103
RSC-2021-00172,v2.2.0,2021-01-27 14:49:52,57,0.0087,0.7978,0.1429,0.5261,1288,105
RSC-2021-00173,v2.2.1,2021-04-25 09:05:07,49,0.032,0.801,0.1359,0.5286,1255,94
RSC-2021-00174,v2.3.0,2021-06-02 09:58:39,43,0.0173,0.8305,0.1491,0.4938,1141,115
RSC-2021-00175,v2.2.1,2021-12-30 11:58:46,38,0.0194,0.7897,0.1165,0.4987,895,128
RSC-2021-00176,v2.3.0,2021-12-22 19:59:16,49,0.0323,0.8193,0.1527,0.5029,878,116
RSC-2021-00177,v2.2.1,2021-08-15 09:48:51,39,0.0176,0.8323,0.1543,0.546,1330,24
RSC-2021-00178,v2.2.1,2021-10-17 20:41:26,49,0.0247,0.7898,0.1369,0.5005,1099,39
RSC-2021-00179,v2.3.0,2021-04-04 18:25:49,41,0.0787,0.8117,0.137,0.4868,803,36
RSC-2021-00180,v2.2.0,2021-11-04 06:30:04,37,0.0169,0.81,0.1394,0.5363,1432,57
RSC-2021-00181,v2.2.1,2021-04-08 22:17:22,51,0.0364,0.795,0.1561,0.5014,1161,86
RSC-2021-00182,v2.3.0,2021-11-28 09:21:57,37,0.0669,0.8092,0.1253,0.4952,1576,116
RSC-2021-00183,v2.1.3,2021-09-12 03:35:20,55,0.0187,0.8328,0.1384,0.5254,1188,96
RSC-2021-00184,v2.2.1,2021-06-21 18:54:10,49,0.0108,0.8121,0.12,0.4923,1195,82
RSC-2021-00185,v2.2.1,2021-10-11 04:06:34,52,0.0463,0.7923,0.137,0.5277,843,62
RSC-2021-00186,v2.2.1,2021-02-21 22:28:41,47,0.0574,0.8213,0.1298,0.5411,1438,58
RSC-2021-00187,v2.1.3,2021-02-24 06:39:04,45,0.0396,0.8187,0.1365,0.5042,1458,115
RSC-2021-00188,v2.3.0,2021-07-29 04:01:41,38,0.0191,0.8128,0.1503,0.5009,811,54
RSC-2021-00189,v2.2.0,2021-01-20 13:49:59,47,0.0226,0.7748,0.1424,0.5101,1055,66
RSC-2021-00190,v2.1.3,2021-06-16 10:03:53,56,0.0016,0.81,0.1449,0.5211,838,132
RSC-2021-00191,v2.2.1,2021-08-10 16:39:27,45,0.0049,0.8093,0.1423,0.5275,1543,90
RSC-2021-00192,v2.3.0,2021-05-13 12:35:48,48,0.0068,0.8211,0.1554,0.5055,1445,132
RSC-2021-00193,v2.3.0,2021-01-08 05:11:07,35,0.1171,0.8157,0.1443,0.5311,1291,97
RSC-2021-00194,v2.3.0,2021-08-18 16:03:58,41,0.0263,0.8243,0.1539,0.5,1454,20
RSC-2021-00195,v2.1.3,2021-08-15 03:13:44,52,0.0655,0.804,0.1243,0.5282,1590,118
RSC-2021-00196,v2.1.4,2021-05-16 16:35:00,47,0.0475,0.7947,0.1388,0.4878,1185,86
RSC-2021-00197,v2.1.3,2021-07-08 17:10:46,51,0.0668,0.8431,0.1453,0.5236,1227,39
RSC-2021-00198,v2.1.4,2021-10-15 21:55:04,49,0.0162,0.7791,0.144,0.4948,1243,111
RSC-2021-00199,v2.1.4,2021-09-21 20:53:43,36,0.0516,0.8088,0.1394,0.5084,955,92
RSC-2021-00200,v2.1.4,2021-07-23 13:31:56,44,0.0969,0.8305,0.1289,0.5499,1293,39
RSC-2021-00201,v2.2.0,2021-08-27 19:56:58,45,0.0037,0.7731,0.1349,0.501,1163,66
RSC-2021-00202,v2.1.4,2021-11-06 12:15:13,57,0.0064,0.8103,0.1133,0.4897,1200,66
RSC-2021-00203,v2.2.0,2021-05-01 19:34:18,41,0.0804,0.8248,0.1337,0.5283,1001,30
RSC-2021-00204,v2.2.1,2021-05-05 20:01:00,45,0.0342,0.8302,0.155,0.5073,996,104
RSC-2021-00205,v2.1.4,2021-04-09 21:56:42,35,0.0473,0.7957,0.1565,0.5052,1387,111
RSC-2021-00206,v2.2.0,2021-04-20 14:00:07,36,0.064,0.8162,0.1523,0.5232,1092,44
RSC-2021-00207,v2.1.3,2021-09-03 23:35:15,48,0.0032,0.8213,0.1742,0.48,1155,40
RSC-2021-00208,v2.2.0,2021-04-01 17:30:24,44,0.1177,0.7916,0.1599,0.5384,1526,129
RSC-2021-00209,v2.1.4,2021-01-17 03:52:10,48,0.0075,0.8402,0.1388,0.4959,924,37
RSC-2021-00210,v2.1.3,2021-12-03 14:59:19,35,0.0122,0.7837,0.1275,0.5168,1147,75
RSC-2021-00211,v2.1.3,2021-06-29 18:59:36,39,0.0198,0.8336,0.1577,0.5126,1480,106
RSC-2021-00212,v2.1.4,2021-02-14 07:11:03,43,0.0322,0.8211,0.1436,0.5429,1589,89
RSC-2021-00213,v2.1.4,2021-07-16 04:06:19,45,0.0333,0.8171,0.15,0.5112,1466,97
RSC-2021-00214,v2.1.3,2021-09-05 07:11:23,56,0.0506,0.7963,0.1478,0.4857,1077,41
RSC-2021-00215,v2.1.4,2021-01-09 17:13:46,44,0.0408,0.8097,0.1362,0.524,838,57
RSC-2021-00216,v2.1.3,2021-07-24 20:35:04,56,0.0341,0.7967,0.151,0.54,1331,63
RSC-2021-00217,v2.1.3,2021-09-12 12:46:57,48,0.0246,0.7947,0.1463,0.5424,1160,53
RSC-2021-00218,v2.2.0,2021-07-04 18:55:54,37,0.0025,0.8231,0.1154,0.5071,1453,55
RSC-2021-00219,v2.1.3,2021-05-12 09:56:31,49,0.0346,0.8031,0.1251,0.5171,1378,118
RSC-2021-00220,v2.2.0,2021-03-05 13:22:29,49,0.0396,0.8261,0.1616,0.5383,1515,63
RSC-2021-00221,v2.2.0,2021-10-16 19:52:58,43,0.0076,0.8208,0.1508,0.5211,927,78
RSC-2021-00222,v2.1.3,2021-02-17 03:17:44,34,0.0215,0.8198,0.1432,0.52,1048,22
RSC-2021-00223,v2.2.0,2021-02-08 11:32:17,55,0.085,0.8315,0.1455,0.4925,1375,134
RSC-2021-00224,v2.2.0,2021-04-28 00:19:01,49,0.0615,0.8278,0.1494,0.5419,1113,52
RSC-2021-00225,v2.3.0,2021-12-11 20:48:01,39,0.0273,0.7924,0.1369,0.4968,1390,110
RSC-2021-00226,v2.1.3,2021-03-05 13:10:32,34,0.0462,0.812,0.1317,0.5216,1368,103
RSC-2021-00227,v2.2.0,2021-11-05 21:45:36,52,0.0252,0.807,0.1367,0.4975,1299,105
RSC-2021-00228,v2.2.0,2021-10-16 06:40:15,52,0.0237,0.7986,0.1424,0.4749,809,114
RSC-2021-00229,v2.1.3,2021-01-01 22:35:29,41,0.0158,0.7908,0.1646,0.4967,1504,59
RSC-2021-00230,v2.1.3,2021-11-28 18:13:47,48,0.024,0.8042,0.1563,0.5368,1437,22
RSC-2021-00231,v2.1.4,2021-09-21 21:47:17,45,0.0319,0.8356,0.1402,0.5201,1125,49
RSC-2021-00232,v2.1.3,2021-08-04 12:23:32,34,0.0193,0.8128,0.1114,0.4979,918,114
RSC-2021-00233,v2.1.3,2021-04-12 08:23:19,55,0.1382,0.8013,0.1453,0.4861,1255,74
RSC-2021-00234,v2.1.3,2021-04-11 06:42:46,39,0.0516,0.8297,0.1538,0.5137,1147,32
RSC-2021-00235,v2.2.1,2021-08-25 06:14:45,55,0.0427,0.8341,0.1382,0.4964,955,48
RSC-2021-00236,v2.1.3,2021-02-27 17:34:04,39,0.0445,0.8163,0.1402,0.4977,1017,54
RSC-2021-00237,v2.2.0,2021-12-09 12:04:04,36,0.0141,0.8273,0.1575,0.4933,1051,62
RSC-2021-00238,v2.2.0,2021-04-24 10:58:03,47,0.0362,0.7882,0.1353,0.488,1386,89
RSC-2021-00239,v2.1.3,2021-05-10 15:43:14,36,0.0076,0.7935,0.1514,0.5142,951,29
RSC-2021-00240,v2.2.0,2021-02-10 11:20:12,50,0.0116,0.8051,0.1345,0.5028,1407,64
RSC-2021-00241,v2.1.4,2021-12-12 10:31:11,40,0.1175,0.8067,0.1204,0.5123,1010,104
RSC-2021-00242,v2.2.1,2021-09-10 05:05:51,43,0.0737,0.7824,0.1395,0.5367,963,108
RSC-2021-00243,v2.3.0,2021-01-16 03:56:53,47,0.0043,0.8234,0.152,0.5124,1132,118
RSC-2021-00244,v2.1.3,2021-08-24 21:54:20,35,0.0594,0.809,0.1356,0.458,1413,31
RSC-2021-00245,v2.1.4,2021-02-10 17:02:26,51,0.0192,0.769,0.1359,0.5037,1580,65
RSC-2021-00246,v2.2.0,2021-12-27 07:39:55,51,0.0651,0.8221,0.1338,0.5006,1403,53
RSC-2021-00247,v2.2.1,2021-06-16 22:22:53,47,0.0025,0.8246,0.1296,0.5067,1342,95
RSC-2021-00248,v2.2.0,2021-10-19 08:48:38,49,0.0052,0.8415,0.1233,0.5432,1430,42
RSC-2021-00249,v2.3.0,2021-06-22 17:52:14,40,0.0902,0.8247,0.1469,0.4829,1215,138
RSC-2021-00250,v2.2.0,2021-08-26 08:34:32,57,0.0106,0.8139,0.1314,0.4873,1527,105
RSC-2021-00251,v2.2.1,2021-04-29 03:13:15,47,0.0453,0.8141,0.1422,0.5064,855,49
RSC-2021-00252,v2.1.4,2021-11-22 04:18:45,36,0.0088,0.8181,0.1355,0.5115,1105,121
RSC-2021-00253,v2.2.0,2021-12-18 22:20:37,35,0.0217,0.819,0.1303,0.4903,1263,121
RSC-2021-00254,v2.3.0,2021-07-23 02:33:51,34,0.0178,0.7832,0.1376,0.5028,1391,67
RSC-2021-00255,v2.2.1,2021-01-29 16:06:25,50,0.0401,0.8051,0.1387,0.5311,1246,68
RSC-2021-00256,v2.2.1,2021-07-29 12:21:58,37,0.0085,0.8112,0.1449,0.4955,915,118
RSC-2021-00257,v2.2.0,2021-10-19 14:14:28,52,0.0159,0.8176,0.1298,0.4869,1178,76
RSC-2021-00258,v2.2.0,2021-08-30 05:40:40,37,0.025,0.8212,0.159,0.5123,825,80
RSC-2021-00259,v2.3.0,2021-08-18 01:32:11,43,0.1156,0.825,0.1368,0.4941,1195,113
RSC-2021-00260,v2.2.1,2021-01-31 08:32:27,42,0.0615,0.8472,0.1517,0.5285,1037,103
RSC-2021-00261,v2.2.0,2021-11-29 22:11:25,49,0.0538,0.8316,0.1356,0.4897,1269,43
RSC-2021-00262,v2.1.4,2021-02-22 21:56:57,35,0.0154,0.7881,0.1538,0.4973,1014,37
RSC-2021-00263,v2.2.1,2021-11-30 06:34:49,41,0.0432,0.8448,0.1496,0.511,1380,42
RSC-2021-00264,v2.1.4,2021-03-14 11:52:12,43,0.0484,0.7956,0.1308,0.4969,979,86
RSC-2021-00265,v2.2.1,2021-07-01 19:10:16,36,0.0852,0.8407,0.1481,0.5317,1026,59
RSC-2021-00266,v2.2.0,2021-06-05 14:21:16,45,0.0634,0.8107,0.1331,0.4937,1302,55
RSC-2021-00267,v2.1.3,2021-05-22 11:29:56,45,0.0616,0.7757,0.1519,0.5158,1510,37
RSC-2021-00268,v2.1.4,2021-03-21 17:59:02,36,0.0276,0.8137,0.1395,0.5094,1373,78
RSC-2021-00269,v2.2.0,2021-07-12 23:53:16,54,0.0635,0.8192,0.118,0.487,1045,119
RSC-2021-00270,v2.2.1,2021-07-31 07:23:37,40,0.0139,0.8015,0.1572,0.4726,1564,22
RSC-2021-00271,v2.2.0,2021-06-03 04:57:53,35,0.1543,0.8116,0.1347,0.5091,1099,33
RSC-2021-00272,v2.3.0,2021-07-07 02:18:58,41,0.0437,0.8176,0.1234,0.5267,918,39
RSC-2021-00273,v2.2.0,2021-01-25 14:40:24,55,0.0252,0.8357,0.1358,0.4562,1354,122
RSC-2021-00274,v2.2.0,2021-05-01 08:36:41,39,0.0086,0.812,0.1512,0.5089,1055,60
RSC-2021-00275,v2.2.1,2021-12-04 16:23:40,51,0.0967,0.7954,0.1364,0.5384,1315,133
RSC-2021-00276,v2.3.0,2021-02-09 23:48:02,42,0.0128,0.7923,0.146,0.493,885,95
RSC-2021-00277,v2.1.4,2021-02-25 06:39:25,51,0.0289,0.8151,0.1391,0.5037,1513,136
RSC-2021-00278,v2.1.3,2021-04-30 03:28:12,48,0.0274,0.804,0.1434,0.4745,1028,101
RSC-2021-00279,v2.1.3,2021-09-11 15:10:22,47,0.0711,0.7918,0.1506,0.4938,1379,62
RSC-2021-00280,v2.1.4,2021-11-26 17:18:21,47,0.0465,0.831,0.1264,0.4893,1112,88
RSC-2021-00281,v2.2.0,2021-07-16 19:31:45,52,0.0138,0.8433,0.1259,0.493,896,68
RSC-2021-00282,v2.1.4,2021-04-29 19:42:05,40,0.0568,0.8386,0.1352,0.514,1212,91
RSC-2021-00283,v2.1.4,2021-01-04 17:25:26,35,0.0192,0.8303,0.1614,0.5128,1396,96
RSC-2021-00284,v2.3.0,2021-06-09 19:08:31,57,0.109,0.8028,0.165,0.487,1060,116
RSC-2021-00285,v2.3.0,2021-02-08 00:05:51,37,0.0295,0.8021,0.1353,0.5034,928,121
RSC-2021-00286,v2.3.0,2021-07-02 18:20:14,56,0.0241,0.8513,0.1398,0.5015,1224,98
RSC-2021-00287,v2.3.0,2021-03-10 17:13:19,52,0.0357,0.8002,0.1358,0.5082,1298,20
RSC-2021-00288,v2.2.0,2021-02-24 15:01:20,39,0.0123,0.8037,0.1202,0.5178,885,33
RSC-2021-00289,v2.2.0,2021-04-21 06:25:06,42,0.0441,0.8245,0.1399,0.5318,1425,139
RSC-2021-00290,v2.1.3,2021-04-10 13:21:57,53,0.0579,0.7916,0.1349,0.5455,1393,139
RSC-2021-00291,v2.1.3,2021-11-28 22:33:02,57,0.0421,0.7998,0.1427,0.5236,1092,98
RSC-2021-00292,v2.1.4,2021-09-13 20:04:09,36,0.0672,0.8015,0.1406,0.4923,1130,53
RSC-2021-00293,v2.3.0,2021-07-29 21:23:52,57,0.0313,0.7697,0.1581,0.4809,1143,100
RSC-2021-00294,v2.1.4,2021-05-16 04:19:57,56,0.0807,0.8263,0.1429,0.4843,1061,63
RSC-2021-00295,v2.2.0,2021-02-19 08:59:29,56,0.0765,0.8385,0.1286,0.4676,862,80
RSC-2021-00296,v2.1.3,2021-12-30 18:46:56,38,0.0234,0.8255,0.1357,0.5051,1181,26
RSC-2021-00297,v2.2.1,2021-08-15 23:35:22,49,0.0709,0.7989,0.1526,0.5222,1083,126
RSC-2021-00298,v2.3.0,2021-11-04 09:30:11,45,0.0222,0.8247,0.148,0.4933,1396,125
RSC-2021-00299,v2.3.0,2021-01-03 22:18:41,38,0.0507,0.8216,0.1399,0.5126,1347,121
RSC-2021-00300,v2.3.0,2021-02-21 14:24:25,36,0.0278,0.806,0.1465,0.5145,1270,76
RSC-2021-00301,v2.1.3,2021-09-17 03:59:43,53,0.0589,0.8228,0.148,0.5169,1046,59
RSC-2021-00302,v2.1.4,2021-01-09 04:58:30,38,0.0143,0.8061,0.1402,0.5228,1081,127
RSC-2021-00303,v2.1.3,2021-08-21 14:39:12,43,0.036,0.8008,0.1367,0.5247,1196,66
RSC-2021-00304,v2.3.0,2021-06-27 15:01:18,40,0.035,0.7882,0.1382,0.5367,815,57
RSC-2021-00305,v2.2.0,2021-06-03 21:04:49,36,0.0586,0.8024,0.1432,0.4914,1362,100
RSC-2021-00306,v2.2.0,2021-06-05 01:54:25,49,0.0085,0.79,0.1414,0.5489,1262,28
RSC-2021-00307,v2.1.4,2021-01-17 07:30:01,46,0.062,0.7653,0.1357,0.5237,1038,89
RSC-2021-00308,v2.1.3,2021-02-27 08:23:53,43,0.0429,0.7983,0.1569,0.5373,1560,91
RSC-2021-00309,v2.1.4,2021-04-16 17:55:10,45,0.0564,0.8173,0.1299,0.4841,908,137
RSC-2021-00310,v2.2.1,2021-08-23 08:09:23,46,0.0148,0.796,0.1436,0.5485,1425,117
RSC-2021-00311,v2.3.0,2021-05-24 13:58:26,43,0.0035,0.8412,0.1278,0.4763,1180,65
RSC-2021-00312,v2.2.0,2021-11-13 14:04:59,35,0.0052,0.832,0.1479,0.5062,1227,95
RSC-2021-00313,v2.3.0,2021-03-25 05:44:47,55,0.0428,0.8057,0.1256,0.5488,1509,139
RSC-2021-00314,v2.1.4,2021-09-18 00:55:00,36,0.0459,0.811,0.1428,0.5193,1108,59
RSC-2021-00315,v2.1.4,2021-03-06 11:12:07,54,0.0067,0.8096,0.1317,0.5188,1291,106
RSC-2021-00316,v2.2.0,2021-01-08 14:13:49,38,0.0764,0.8129,0.1275,0.528,923,87
RSC-2021-00317,v2.2.0,2021-08-22 04:49:13,39,0.0426,0.8458,0.1602,0.5295,1263,134
RSC-2021-00318,v2.2.0,2021-05-27 17:48:15,51,0.0781,0.8083,0.1499,0.5199,977,118
RSC-2021-00319,v2.3.0,2021-11-29 13:13:59,53,0.0332,0.8426,0.1531,0.4963,1545,84
RSC-2021-00320,v2.1.4,2021-08-12 03:03:53,40,0.0149,0.8073,0.1534,0.5079,1339,123
RSC-2021-00321,v2.2.1,2021-01-17 19:36:15,57,0.0053,0.7884,0.1441,0.4904,1146,57
RSC-2021-00322,v2.2.1,2021-11-02 18:31:51,45,0.0065,0.8225,0.1442,0.5167,824,107
RSC-2021-00323,v2.1.3,2021-09-17 13:05:49,49,0.0698,0.8041,0.1406,0.5075,1198,23
RSC-2021-00324,v2.1.4,2021-12-30 19:51:44,48,0.0976,0.8102,0.1486,0.5249,1425,36
RSC-2021-00325,v2.3.0,2021-02-18 13:37:37,43,0.0507,0.8181,0.1334,0.5396,1260,112
RSC-2021-00326,v2.1.4,2021-10-27 05:33:40,41,0.0228,0.8267,0.1382,0.4958,1208,128
RSC-2021-00327,v2.1.3,2021-06-28 05:26:52,54,0.0124,0.771,0.1597,0.4918,1005,138
RSC-2021-00328,v2.1.4,2021-12-22 03:38:53,39,0.0199,0.7944,0.1421,0.4983,1311,117
RSC-2021-00329,v2.2.0,2021-03-17 01:31:17,42,0.0355,0.837,0.1382,0.5222,1198,69
RSC-2021-00330,v2.1.4,2021-07-30 14:45:39,47,0.0604,0.8159,0.1507,0.5102,845,120
RSC-2021-00331,v2.2.0,2021-11-03 10:23:38,40,0.0829,0.7792,0.1413,0.4971,1100,137
RSC-2021-00332,v2.2.1,2021-01-13 00:01:30,44,0.0065,0.8038,0.1315,0.5031,1366,20
RSC-2021-00333,v2.1.4,2021-02-02 18:30:27,57,0.0559,0.7888,0.1539,0.4771,1595,45
RSC-2021-00334,v2.2.1,2021-04-07 00:04:24,43,0.0257,0.8043,0.1324,0.4897,1367,119
RSC-2021-00335,v2.1.4,2021-07-22 21:26:28,47,0.0264,0.794,0.1377,0.5405,1112,66
RSC-2021-00336,v2.1.3,2021-11-12 11:22:58,45,0.0391,0.8083,0.1515,0.5355,1385,86
RSC-2021-00337,v2.3.0,2021-06-20 13:25:18,46,0.0142,0.8465,0.1349,0.5082,1229,134
RSC-2021-00338,v2.2.0,2021-02-15 02:22:52,36,0.0728,0.8019,0.1609,0.5347,1300,20
RSC-2021-00339,v2.2.1,2021-10-13 06:12:51,45,0.1071,0.8106,0.1702,0.4853,802,125
RSC-2021-00340,v2.1.3,2021-01-05 02:01:51,37,0.0316,0.832,0.1505,0.5248,882,61
RSC-2021-00341,v2.1.4,2021-10-30 17:59:28,34,0.0418,0.8365,0.1388,0.4967,1364,71
RSC-2021-00342,v2.1.4,2021-07-28 02:02:10,46,0.0239,0.8213,0.1505,0.5014,936,40
RSC-2021-00343,v2.2.0,2021-08-31 17:03:55,35,0.0331,0.8036,0.1437,0.4803,1039,33
RSC-2021-00344,v2.3.0,2021-09-16 17:49:31,54,0.0204,0.8122,0.1449,0.4841,1549,86
RSC-2021-00345,v2.3.0,2021-02-21 18:55:06,40,0.0051,0.8072,0.15,0.545,1498,105
RSC-2021-00346,v2.1.3,2021-06-17 14:55:26,35,0.0709,0.7938,0.1314,0.5101,967,82
RSC-2021-00347,v2.2.0,2021-04-30 22:07:37,39,0.0168,0.8212,0.1257,0.5517,1228,84
RSC-2021-00348,v2.3.0,2021-10-09 08:55:36,34,0.0496,0.8307,0.1398,0.5119,896,85
RSC-2021-00349,v2.2.1,2021-01-22 17:03:59,47,0.0625,0.8111,0.1395,0.5144,875,122
RSC-2021-00350,v2.2.1,2021-10-25 13:32:01,50,0.0226,0.8332,0.1401,0.4679,1497,55
RSC-2021-00351,v2.2.0,2021-08-26 02:18:00,44,0.0518,0.8015,0.1585,0.5242,1053,61
RSC-2021-00352,v2.1.4,2021-10-03 03:45:24,34,0.0387,0.7971,0.1329,0.5241,1426,108
RSC-2021-00353,v2.2.1,2021-09-01 21:44:24,57,0.0372,0.8133,0.1479,0.5006,1183,87
RSC-2021-00354,v2.2.1,2021-02-01 16:50:09,43,0.0665,0.8115,0.1477,0.5293,1361,121
RSC-2021-00355,v2.2.0,2021-05-08 13:42:15,56,0.0611,0.8108,0.1452,0.5213,867,93
RSC-2021-00356,v2.1.4,2021-01-27 04:18:26,43,0.0355,0.785,0.1329,0.4772,1020,87
RSC-2021-00357,v2.2.0,2021-09-09 01:37:36,35,0.013,0.8163,0.1596,0.5053,845,45
RSC-2021-00358,v2.2.1,2021-07-21 00:55:47,57,0.0115,0.8159,0.1435,0.5327,1521,23
RSC-2021-00359,v2.2.0,2021-05-02 02:01:10,37,0.0298,0.791,0.1444,0.5386,1000,29
RSC-2021-00360,v2.1.3,2021-01-10 04:50:22,41,0.0249,0.7923,0.1092,0.5145,945,83
RSC-2021-00361,v2.1.4,2021-02-06 20:33:45,50,0.0046,0.8209,0.1249,0.5139,879,139
RSC-2021-00362,v2.2.0,2021-10-08 00:22:53,41,0.0038,0.8372,0.1329,0.5239,1218,69
RSC-2021-00363,v2.2.1,2021-11-11 22:17:12,45,0.0855,0.7959,0.1435,0.5201,1354,100
RSC-2021-00364,v2.1.3,2021-12-26 11:36:34,46,0.0263,0.801,0.1549,0.4754,1349,128
RSC-2021-00365,v2.3.0,2021-08-07 12:56:58,37,0.0655,0.7992,0.1578,0.4866,1034,55
RSC-2021-00366,v2.1.4,2021-11-13 10:40:57,43,0.0479,0.8099,0.1444,0.5205,1566,128
RSC-2021-00367,v2.3.0,2021-06-21 07:45:55,44,0.0373,0.832,0.1463,0.5265,1169,46
RSC-2021-00368,v2.1.3,2021-09-10 01:10:18,41,0.0337,0.8316,0.1447,0.498,1376,121
RSC-2021-00369,v2.1.3,2021-10-14 12:20:23,46,0.005,0.7702,0.1455,0.5283,958,52
RSC-2021-00370,v2.2.1,2021-09-01 21:06:38,34,0.0343,0.8046,0.1709,0.5103,1216,46
RSC-2021-00371,v2.3.0,2021-06-08 00:47:35,46,0.0408,0.8222,0.1465,0.505,800,119
RSC-2021-00372,v2.1.4,2021-07-23 06:37:20,40,0.0929,0.7935,0.1386,0.5224,1083,124
RSC-2021-00373,v2.1.3,2021-05-02 06:26:05,36,0.0251,0.8022,0.1462,0.5038,1208,39
RSC-2021-00374,v2.2.0,2021-04-15 10:22:02,48,0.0547,0.8317,0.1558,0.5079,867,96
RSC-2021-00375,v2.1.3,2021-06-14 01:37:37,34,0.022,0.8009,0.1378,0.5401,1449,124
RSC-2021-00376,v2.2.1,2021-01-27 12:53:15,36,0.0133,0.7991,0.1545,0.5067,1316,134
RSC-2021-00377,v2.1.4,2021-01-30 16:42:11,44,0.0467,0.7808,0.1256,0.5059,845,20
RSC-2021-00378,v2.3.0,2021-05-24 03:19:13,39,0.0222,0.8207,0.1235,0.4914,1408,51
RSC-2021-00379,v2.2.0,2021-07-22 21:06:45,57,0.043,0.8169,0.1388,0.5149,817,28
RSC-2021-00380,v2.1.3,2021-05-31 00:50:41,50,0.0333,0.7913,0.1464,0.5393,1292,61
RSC-2021-00381,v2.1.4,2021-01-02 12:16:43,44,0.0237,0.8367,0.1312,0.5319,1075,40
RSC-2021-00382,v2.2.0,2021-12-23 19:48:02,47,0.0128,0.8261,0.1342,0.5012,1475,122
RSC-2021-00383,v2.1.4,2021-04-12 11:41:24,57,0.0455,0.8335,0.1402,0.529,1373,129
RSC-2021-00384,v2.3.0,2021-04-27 19:03:03,34,0.0822,0.8038,0.1566,0.5203,942,34
RSC-2021-00385,v2.1.3,2021-08-15 12:21:16,51,0.0966,0.8231,0.1459,0.5003,924,107
RSC-2021-00386,v2.1.3,2021-04-26 06:26:08,51,0.0341,0.8217,0.1539,0.4757,1447,127
RSC-2021-00387,v2.1.4,2021-10-09 16:35:04,51,0.0154,0.8015,0.1473,0.5021,808,28
RSC-2021-00388,v2.3.0,2021-05-30 18:52:28,51,0.0171,0.8206,0.1502,0.5046,1055,84
RSC-2021-00389,v2.2.1,2021-02-28 06:05:33,57,0.0404,0.7902,0.1361,0.5022,1372,80
RSC-2021-00390,v2.1.4,2021-11-08 22:38:45,40,0.0162,0.8118,0.1535,0.5194,866,99
RSC-2021-00391,v2.2.0,2021-01-15 06:09:10,52,0.0398,0.8261,0.1379,0.4951,1180,24
RSC-2021-00392,v2.3.0,2021-11-18 10:27:20,46,0.0347,0.8239,0.1553,0.5199,912,128
RSC-2021-00393,v2.3.0,2021-03-29 18:06:39,35,0.0681,0.7897,0.1516,0.519,912,91
RSC-2021-00394,v2.1.4,2021-05-12 06:12:05,56,0.0089,0.795,0.1369,0.5004,1199,102
RSC-2021-00395,v2.3.0,2021-03-23 08:26:26,53,0.0576,0.8202,0.1574,0.5609,1595,127
RSC-2021-00396,v2.3.0,2021-08-27 16:43:08,53,0.0394,0.8286,0.161,0.5468,1352,91
RSC-2021-00397,v2.3.0,2021-07-30 18:33:10,46,0.0297,0.8238,0.1413,0.4938,1082,122
RSC-2021-00398,v2.1.4,2021-04-23 18:20:10,49,0.0679,0.8061,0.1558,0.5298,806,109
RSC-2021-00399,v2.3.0,2021-09-23 12:12:29,46,0.0209,0.8107,0.1398,0.5057,1013,92
RSC-2021-00400,v2.1.4,2021-08-22 05:20:34,52,0.0326,0.795,0.1322,0.5006,1153,84
RSC-2021-00401,v2.2.0,2021-10-26 12:23:55,34,0.0636,0.8194,0.1553,0.5135,1579,38
RSC-2021-00402,v2.1.4,2021-09-03 15:52:11,42,0.0423,0.8051,0.1329,0.4971,1104,36
RSC-2021-00403,v2.3.0,2021-01-11 15:32:30,51,0.0365,0.7862,0.134,0.4971,1197,39
RSC-2021-00404,v2.2.0,2021-11-11 17:46:34,45,0.0171,0.7878,0.1602,0.5149,971,135
RSC-2021-00405,v2.1.4,2021-12-14 19:12:27,44,0.0041,0.8119,0.1319,0.5052,835,53
RSC-2021-00406,v2.1.3,2021-12-07 14:27:49,49,0.0272,0.8066,0.1466,0.5237,927,79
RSC-2021-00407,v2.3.0,2021-06-11 23:20:23,36,0.0417,0.8254,0.1459,0.4855,1116,136
RSC-2021-00408,v2.2.0,2021-09-02 17:30:12,56,0.0164,0.8456,0.145,0.4878,1429,40
RSC-2021-00409,v2.3.0,2021-03-09 19:54:50,53,0.0449,0.8215,0.149,0.5055,1559,126
RSC-2021-00410,v2.1.3,2021-01-16 05:13:58,51,0.043,0.8318,0.165,0.5025,920,100
RSC-2021-00411,v2.1.4,2021-12-27 12:22:11,45,0.0455,0.7797,0.1369,0.4995,871,89
RSC-2021-00412,v2.2.0,2021-01-30 20:56:32,43,0.0712,0.8172,0.1597,0.4906,1082,93
RSC-2021-00413,v2.2.0,2021-08-01 16:38:40,38,0.0892,0.8169,0.1336,0.5332,1104,56
RSC-2021-00414,v2.3.0,2021-04-27 15:38:59,50,0.0208,0.8105,0.1265,0.4917,1574,36
RSC-2021-00415,v2.2.0,2021-05-22 21:46:42,56,0.0794,0.7818,0.1421,0.4794,1288,87
RSC-2021-00416,v2.1.3,2021-04-15 15:57:32,54,0.0242,0.7961,0.1463,0.5303,1284,80
RSC-2021-00417,v2.2.1,2021-04-26 23:50:01,42,0.025,0.7706,0.1208,0.4982,1009,111
RSC-2021-00418,v2.2.1,2021-04-09 15:05:25,43,0.0311,0.8248,0.1386,0.4584,1221,20
RSC-2021-00419,v2.2.0,2021-06-22 19:06:25,38,0.0187,0.8105,0.158,0.5138,1211,27
RSC-2021-00420,v2.2.1,2021-10-28 03:26:09,49,0.0184,0.8138,0.1269,0.5374,1358,48
RSC-2021-00421,v2.1.3,2021-02-07 15:26:36,45,0.0314,0.8478,0.1429,0.5306,1098,70
RSC-2021-00422,v2.2.0,2021-11-14 14:23:29,50,0.0302,0.8026,0.1295,0.5138,1154,101
RSC-2021-00423,v2.2.0,2021-10-04 17:48:00,52,0.0397,0.7913,0.1339,0.5171,1456,116
RSC-2021-00424,v2.2.1,2021-03-29 17:03:40,46,0.033,0.8331,0.133,0.4881,870,57
RSC-2021-00425,v2.1.4,2021-06-30 06:46:34,48,0.0669,0.8302,0.1517,0.4949,960,51
RSC-2021-00426,v2.3.0,2021-09-10 13:50:25,57,0.0388,0.8381,0.141,0.5049,1004,30
RSC-2021-00427,v2.1.4,2021-04-18 03:19:02,55,0.0056,0.8346,0.1433,0.461,1114,114
RSC-2021-00428,v2.1.4,2021-02-06 21:38:13,52,0.0171,0.7893,0.152,0.505,1028,85
RSC-2021-00429,v2.3.0,2021-12-20 21:38:51,50,0.0285,0.8076,0.1412,0.5237,1026,63
RSC-2021-00430,v2.1.4,2021-08-22 13:51:56,41,0.0192,0.7965,0.16,0.5074,1034,121
RSC-2021-00431,v2.1.3,2021-01-25 14:09:28,47,0.0452,0.8198,0.1522,0.5336,1361,99
RSC-2021-00432,v2.1.4,2021-12-03 22:10:14,35,0.077,0.8332,0.138,0.509,1511,100
RSC-2021-00433,v2.2.0,2021-05-14 02:04:57,45,0.0132,0.7894,0.1492,0.4974,1502,57
RSC-2021-00434,v2.2.0,2021-01-04 18:29:37,34,0.0301,0.8279,0.1563,0.4977,1568,25
RSC-2021-00435,v2.1.3,2021-10-08 07:09:36,39,0.0266,0.8151,0.1635,0.4918,860,85
RSC-2021-00436,v2.1.3,2021-08-04 02:06:45,56,0.0124,0.8136,0.1265,0.5156,844,89
RSC-2021-00437,v2.2.0,2021-08-15 01:30:41,55,0.1154,0.8208,0.134,0.5071,858,37
RSC-2021-00438,v2.3.0,2021-11-02 10:28:15,38,0.0158,0.8533,0.1563,0.529,968,66
RSC-2021-00439,v2.2.0,2021-02-14 22:44:13,48,0.0164,0.8388,0.152,0.5332,1496,120
RSC-2021-00440,v2.3.0,2021-08-23 02:35:27,46,0.1587,0.8202,0.1327,0.5013,841,128
RSC-2021-00441,v2.2.1,2021-08-22 17:07:57,52,0.0535,0.7897,0.1421,0.5299,1458,139
RSC-2021-00442,v2.2.0,2021-05-27 21:21:18,37,0.0138,0.806,0.147,0.5069,1325,78
RSC-2021-00443,v2.1.4,2021-08-23 00:34:42,46,0.0202,0.8033,0.1509,0.5054,1418,136
RSC-2021-00444,v2.2.0,2021-10-10 18:18:09,45,0.0043,0.8166,0.1616,0.5087,1248,50
RSC-2021-00445,v2.2.0,2021-08-30 00:59:09,54,0.0443,0.8022,0.1431,0.5495,1542,57
RSC-2021-00446,v2.2.1,2021-04-19 19:40:16,50,0.0649,0.8073,0.1453,0.5022,1524,94
RSC-2021-00447,v2.1.4,2021-02-12 22:11:49,49,0.0805,0.811,0.1381,0.5006,1054,79
RSC-2021-00448,v2.1.3,2021-05-05 10:49:30,41,0.0446,0.8091,0.1553,0.5098,1132,102
RSC-2021-00449,v2.1.3,2021-03-24 22:28:23,54,0.0583,0.8044,0.1649,0.5151,999,129
RSC-2021-00450,v2.1.4,2021-09-03 18:18:17,53,0.0331,0.8463,0.1639,0.5367,1044,20
RSC-2021-00451,v2.1.4,2021-09-18 12:50:25,51,0.0153,0.7903,0.1447,0.5278,1097,85
RSC-2021-00452,v2.1.3,2021-06-14 19:17:11,50,0.0422,0.8381,0.1323,0.4916,1358,86
RSC-2021-00453,v2.1.3,2021-02-05 20:19:10,57,0.0681,0.8356,0.1544,0.5314,1311,78
RSC-2021-00454,v2.1.4,2021-09-18 02:33:22,40,0.0804,0.7807,0.1683,0.5258,1599,57
RSC-2021-00455,v2.3.0,2021-08-23 01:45:24,46,0.0361,0.8231,0.1383,0.5201,1581,38
RSC-2021-00456,v2.2.1,2021-09-17 22:34:12,40,0.0166,0.8416,0.1378,0.5347,1091,94
RSC-2021-00457,v2.3.0,2021-11-16 19:13:40,36,0.0353,0.8177,0.1589,0.4556,1459,60
RSC-2021-00458,v2.1.4,2021-05-12 21:25:56,46,0.0788,0.836,0.1483,0.5581,1343,58
RSC-2021-00459,v2.1.4,2021-08-27 12:43:56,50,0.0313,0.7765,0.1564,0.5168,1445,27
RSC-2021-00460,v2.2.0,2021-10-11 20:28:33,53,0.0373,0.8129,0.1306,0.5328,991,32
RSC-2021-00461,v2.2.1,2021-01-22 00:41:45,55,0.093,0.8124,0.1271,0.5332,1340,67
RSC-2021-00462,v2.1.3,2021-12-03 21:26:40,47,0.0247,0.813,0.1497,0.514,1582,28
RSC-2021-00463,v2.2.0,2021-03-30 17:05:25,47,0.064,0.8064,0.1315,0.5098,1426,22
RSC-2021-00464,v2.2.1,2021-07-17 23:28:51,56,0.0109,0.8141,0.144,0.5098,1175,84
RSC-2021-00465,v2.1.3,2021-08-04 07:14:17,41,0.0348,0.8298,0.1619,0.5459,857,57
RSC-2021-00466,v2.2.1,2021-02-24 22:53:18,49,0.0276,0.7846,0.125,0.4928,955,53
RSC-2021-00467,v2.2.1,2021-05-09 09:38:02,52,0.0433,0.7941,0.1381,0.4997,874,40
RSC-2021-00468,v2.2.1,2021-07-03 19:50:51,46,0.0284,0.8121,0.1538,0.5446,1233,133
RSC-2021-00469,v2.1.4,2021-08-24 02:49:12,54,0.0369,0.8383,0.1471,0.4789,1314,115
RSC-2021-00470,v2.2.1,2021-11-20 22:02:12,47,0.0291,0.8215,0.1583,0.5025,1405,59
RSC-2021-00471,v2.1.3,2021-11-20 04:18:31,45,0.0888,0.8105,0.1299,0.4679,959,93
RSC-2021-00472,v2.1.3,2021-04-17 18:15:37,38,0.0195,0.8081,0.1244,0.5122,1407,117
RSC-2021-00473,v2.2.1,2021-09-22 04:03:07,50,0.0157,0.8269,0.1216,0.4852,1251,117
RSC-2021-00474,v2.3.0,2021-02-07 22:02:17,40,0.0236,0.8082,0.1495,0.5202,966,35
RSC-2021-00475,v2.2.1,2021-08-13 13:05:33,52,0.0102,0.859,0.1428,0.5298,1335,48
RSC-2021-00476,v2.1.3,2021-12-26 17:05:11,34,0.0112,0.8506,0.1387,0.5202,1480,82
RSC-2021-00477,v2.3.0,2021-01-16 11:44:57,41,0.0796,0.8251,0.1469,0.5269,1245,95
RSC-2021-00478,v2.2.1,2021-03-03 16:59:26,46,0.0061,0.8146,0.1386,0.5458,1026,116
RSC-2021-00479,v2.1.4,2021-02-16 02:10:14,34,0.0039,0.8099,0.1519,0.4979,1289,50
RSC-2021-00480,v2.3.0,2021-11-27 12:20:10,38,0.0779,0.802,0.1345,0.4949,1488,132
RSC-2021-00481,v2.2.1,2021-02-25 01:29:55,56,0.0383,0.8248,0.1611,0.4971,1493,111
RSC-2021-00482,v2.2.0,2021-06-29 18:41:56,40,0.045,0.8051,0.1447,0.5417,1050,120
RSC-2021-00483,v2.2.1,2021-01-04 10:02:20,46,0.0806,0.8417,0.1625,0.5215,1406,67
RSC-2021-00484,v2.2.1,2021-10-29 10:38:16,41,0.0057,0.7846,0.1506,0.4865,914,124
RSC-2021-00485,v2.3.0,2021-11-26 22:57:20,44,0.0636,0.8267,0.1336,0.5377,1246,20
RSC-2021-00486,v2.2.0,2021-09-16 16:37:58,49,0.0719,0.8021,0.1355,0.499,1416,63
RSC-2021-00487,v2.3.0,2021-06-02 11:17:20,41,0.0374,0.829,0.1541,0.5232,951,50
RSC-2021-00488,v2.2.0,2021-05-02 13:28:05,40,0.0353,0.8327,0.1291,0.5603,818,43
RSC-2021-00489,v2.1.3,2021-08-10 18:50:10,42,0.0581,0.8154,0.1406,0.4906,1465,27
RSC-2021-00490,v2.3.0,2021-01-29 09:55:03,42,0.0192,0.8191,0.1333,0.4931,826,63
RSC-2021-00491,v2.2.1,2021-10-22 15:02:34,43,0.0106,0.8243,0.1366,0.5513,1355,92
RSC-2021-00492,v2.1.3,2021-07-30 23:19:06,51,0.0323,0.8378,0.1443,0.5153,955,111
RSC-2021-00493,v2.1.4,2021-10-10 21:06:31,48,0.1047,0.8308,0.1407,0.4842,1401,67
RSC-2021-00494,v2.2.0,2021-03-24 23:49:09,47,0.0395,0.8437,0.1499,0.52,1095,81
RSC-2021-00495,v2.1.4,2021-01-11 21:53:31,43,0.0394,0.8182,0.1156,0.5355,1362,32
RSC-2021-00496,v2.2.0,2021-03-13 21:52:44,36,0.0579,0.8192,0.1353,0.5139,865,39
RSC-2021-00497,v2.1.4,2021-10-31 05:56:23,47,0.1305,0.8272,0.1642,0.5,1006,98
RSC-2021-00498,v2.2.1,2021-11-02 20:26:52,46,0.0385,0.8076,0.1422,0.5012,1285,62
RSC-2021-00499,v2.2.0,2021-06-20 10:23:38,37,0.0559,0.8171,0.1484,0.5128,1347,115
RSC-2021-00500,v2.2.1,2021-04-28 18:01:38,47,0.0377,0.7877,0.1568,0.4587,1452,80
RSC-2021-00501,v2.1.3,2021-02-13 02:58:41,45,0.0075,0.8115,0.1507,0.4873,1558,33
RSC-2021-00502,v2.1.3,2021-12-12 04:03:19,38,0.0267,0.8165,0.1596,0.4971,1389,84
RSC-2021-00503,v2.3.0,2021-03-29 23:03:07,44,0.0078,0.8146,0.1497,0.4985,1492,69
RSC-2021-00504,v2.3.0,2021-08-26 23:30:20,47,0.084,0.7826,0.1375,0.5095,866,117
RSC-2021-00505,v2.1.3,2021-07-28 20:30:24,36,0.0087,0.7924,0.1432,0.5063,871,64
RSC-2021-00506,v2.1.3,2021-01-25 16:34:44,39,0.0131,0.7932,0.1471,0.5125,1592,86
RSC-2021-00507,v2.1.3,2021-01-19 11:10:35,52,0.0287,0.8234,0.122,0.5497,1043,136
RSC-2021-00508,v2.1.3,2021-07-22 04:58:38,48,0.0483,0.8206,0.1432,0.5137,1030,104
RSC-2021-00509,v2.2.0,2021-09-15 17:55:37,46,0.051,0.8244,0.1418,0.5035,1098,50
RSC-2021-00510,v2.1.4,2021-07-25 23:16:30,44,0.0084,0.7634,0.1229,0.4867,1534,27
RSC-2021-00511,v2.1.4,2021-10-07 01:50:32,54,0.0264,0.8405,0.1608,0.5047,1150,50
RSC-2021-00512,v2.2.1,2021-11-21 06:10:29,36,0.0368,0.8001,0.1535,0.5116,1115,54
RSC-2021-00513,v2.2.1,2021-07-12 12:47:34,52,0.0563,0.8055,0.1588,0.5334,1012,69
RSC-2021-00514,v2.2.1,2021-06-05 07:47:37,57,0.0289,0.8054,0.143,0.5054,1488,42
RSC-2021-00515,v2.1.4,2021-09-28 23:13:07,50,0.0311,0.8383,0.1194,0.5207,803,56
RSC-2021-00516,v2.1.3,2021-06-16 04:43:01,45,0.0269,0.8103,0.1437,0.4971,1495,120
RSC-2021-00517,v2.2.0,2021-12-07 09:36:21,35,0.0693,0.8477,0.1467,0.502,1502,63
RSC-2021-00518,v2.3.0,2021-05-06 07:26:21,34,0.0511,0.8035,0.1445,0.5089,982,35
RSC-2021-00519,v2.1.3,2021-02-20 16:57:52,46,0.0539,0.827,0.1511,0.5054,1205,89
RSC-2021-00520,v2.1.4,2021-03-31 15:48:43,48,0.0692,0.8092,0.1172,0.5261,1022,95
RSC-2021-00521,v2.2.0,2021-12-27 15:50:53,42,0.0383,0.852,0.1514,0.5017,1140,64
RSC-2021-00522,v2.2.1,2021-07-21 15:26:22,36,0.0122,0.8213,0.134,0.4687,1063,137
RSC-2021-00523,v2.1.3,2021-01-10 12:05:40,50,0.0529,0.8166,0.1438,0.4629,1575,92
RSC-2021-00524,v2.1.3,2021-01-08 04:19:20,54,0.0308,0.8285,0.1664,0.5041,1014,94
RSC-2021-00525,v2.1.4,2021-10-16 00:46:29,53,0.0755,0.8371,0.1223,0.5438,1549,89
RSC-2021-00526,v2.1.4,2021-05-19 21:25:42,57,0.0098,0.8013,0.1256,0.5423,995,31
RSC-2021-00527,v2.1.4,2021-02-11 06:46:00,50,0.0158,0.8366,0.1643,0.5249,1326,31
RSC-2021-00528,v2.2.1,2021-01-01 20:11:39,34,0.0475,0.8258,0.147,0.5021,984,39
RSC-2021-00529,v2.1.4,2021-02-17 08:22:19,48,0.0292,0.8256,0.1339,0.534,921,121
RSC-2021-00530,v2.1.4,2021-12-03 13:23:08,37,0.0454,0.7987,0.1324,0.5238,1051,28
RSC-2021-00531,v2.1.4,2021-05-20 14:58:35,34,0.0287,0.7683,0.1409,0.4938,1197,69
RSC-2021-00532,v2.1.4,2021-07-07 07:45:09,41,0.0236,0.7931,0.1481,0.5277,917,131
RSC-2021-00533,v2.1.3,2021-06-30 04:43:23,37,0.0403,0.8072,0.1512,0.4973,1135,109
RSC-2021-00534,v2.2.0,2021-12-03 15:05:01,52,0.037,0.7884,0.1513,0.4966,1114,137
RSC-2021-00535,v2.1.3,2021-12-08 20:37:43,55,0.047,0.816,0.1287,0.4971,1254,29
RSC-2021-00536,v2.1.3,2021-03-28 12:30:14,57,0.0911,0.8086,0.1338,0.5152,1148,23
RSC-2021-00537,v2.1.3,2021-02-05 04:20:29,47,0.0201,0.8079,0.1436,0.5154,880,24
RSC-2021-00538,v2.3.0,2021-03-05 09:09:00,50,0.0339,0.8078,0.141,0.5206,1562,98
RSC-2021-00539,v2.1.3,2021-02-02 14:22:11,50,0.0761,0.8065,0.1552,0.5129,906,42
RSC-2021-00540,v2.1.3,2021-06-14 10:54:55,34,0.0088,0.8257,0.1332,0.5175,1449,117
RSC-2021-00541,v2.3.0,2021-10-09 16:17:11,54,0.0434,0.8252,0.1424,0.5334,1485,116
RSC-2021-00542,v2.2.1,2021-01-06 13:09:29,45,0.0819,0.8019,0.136,0.5345,1512,131
RSC-2021-00543,v2.2.1,2021-02-09 10:44:59,47,0.0362,0.8336,0.1496,0.5233,1120,85
RSC-2021-00544,v2.2.1,2021-07-15 02:27:43,43,0.036,0.8068,0.1428,0.4901,1439,84
RSC-2021-00545,v2.3.0,2021-10-16 11:32:24,40,0.016,0.8517,0.1539,0.5212,1528,136
RSC-2021-00546,v2.2.1,2021-03-26 06:47:58,52,0.025,0.8355,0.1136,0.5462,980,134
RSC-2021-00547,v2.3.0,2021-12-13 04:22:55,49,0.0164,0.836,0.1571,0.5051,1484,70
RSC-2021-00548,v2.1.3,2021-12-19 21:17:50,41,0.1084,0.8108,0.1392,0.5053,1473,119
RSC-2021-00549,v2.2.0,2021-09-18 19:09:00,52,0.0079,0.8146,0.1305,0.5364,1069,118
RSC-2021-00550,v2.2.1,2021-08-23 13:40:25,56,0.0317,0.7936,0.1363,0.5442,1269,61
RSC-2021-00551,v2.1.3,2021-11-05 09:13:02,40,0.0144,0.8017,0.1478,0.5332,1574,89
RSC-2021-00552,v2.2.0,2021-06-21 19:30:56,49,0.0322,0.7824,0.1522,0.5062,1468,90
RSC-2021-00553,v2.2.1,2021-07-22 06:58:28,50,0.0272,0.8109,0.1392,0.5364,1018,120
RSC-2021-00554,v2.2.0,2021-11-25 03:58:27,48,0.0481,0.8301,0.1393,0.4996,1443,81
RSC-2021-00555,v2.1.4,2021-04-06 16:22:45,53,0.1146,0.8123,0.1427,0.4872,1545,136
RSC-2021-00556,v2.2.1,2021-07-03 10:40:57,51,0.0493,0.8064,0.1508,0.5592,971,29
RSC-2021-00557,v2.2.0,2021-04-12 12:16:05,47,0.0579,0.8272,0.155,0.5378,854,77
RSC-2021-00558,v2.2.1,2021-07-01 15:57:02,52,0.0324,0.8108,0.1341,0.5024,1178,45
RSC-2021-00559,v2.1.4,2021-09-20 13:38:36,40,0.012,0.8134,0.1256,0.5125,1410,112
RSC-2021-00560,v2.2.0,2021-03-17 02:48:22,47,0.046,0.7799,0.1377,0.5006,1060,111
RSC-2021-00561,v2.3.0,2021-04-30 04:15:39,56,0.0161,0.8425,0.1426,0.4765,1121,48
RSC-2021-00562,v2.3.0,2021-09-03 04:40:31,49,0.0293,0.8172,0.1466,0.538,1585,115
RSC-2021-00563,v2.1.3,2021-06-17 03:15:11,41,0.0183,0.8278,0.1499,0.4967,814,27
RSC-2021-00564,v2.1.3,2021-05-18 18:48:11,34,0.0018,0.8196,0.1445,0.4833,982,123
RSC-2021-00565,v2.2.0,2021-01-01 06:25:25,41,0.0481,0.8092,0.1558,0.4728,1164,113
RSC-2021-00566,v2.3.0,2021-04-05 19:16:38,37,0.0944,0.8307,0.1564,0.5063,1012,120
RSC-2021-00567,v2.3.0,2021-05-14 18:14:16,36,0.0088,0.8142,0.1475,0.5269,1030,114
RSC-2021-00568,v2.1.4,2021-11-02 04:04:00,44,0.0119,0.783,0.1505,0.5178,1279,29
RSC-2021-00569,v2.1.4,2021-05-01 14:05:58,38,0.0234,0.8218,0.1508,0.4861,1487,68
RSC-2021-00570,v2.1.4,2021-01-12 10:57:58,54,0.0346,0.8233,0.1536,0.514,872,41
RSC-2021-00571,v2.2.1,2021-07-18 06:23:48,49,0.0674,0.8121,0.1434,0.5109,1351,20
RSC-2021-00572,v2.3.0,2021-02-14 04:55:53,40,0.0399,0.7832,0.1252,0.5106,893,73
RSC-2021-00573,v2.1.3,2021-05-29 20:09:25,35,0.0278,0.7833,0.1428,0.5159,1538,55
RSC-2021-00574,v2.1.3,2021-03-27 01:45:53,56,0.0049,0.8122,0.1411,0.5333,848,38
RSC-2021-00575,v2.2.1,2021-01-18 04:40:30,38,0.0212,0.7835,0.1343,0.5188,804,35
RSC-2021-00576,v2.1.4,2021-07-21 06:26:13,37,0.0357,0.8031,0.1483,0.5166,1500,69
RSC-2021-00577,v2.1.4,2021-07-31 22:18:01,34,0.0152,0.8439,0.1385,0.532,923,69
RSC-2021-00578,v2.3.0,2021-10-15 07:21:47,34,0.0304,0.838,0.1143,0.5088,1255,44
RSC-2021-00579,v2.1.4,2021-01-07 22:34:58,55,0.0596,0.7783,0.1429,0.4995,1598,109
RSC-2021-00580,v2.2.0,2021-02-23 05:02:56,39,0.0576,0.7756,0.1524,0.4982,1175,34
RSC-2021-00581,v2.1.3,2021-04-25 06:08:42,43,0.0147,0.8101,0.1462,0.4906,891,131
RSC-2021-00582,v2.2.0,2021-02-23 12:04:58,51,0.073,0.8135,0.1577,0.499,1496,118
RSC-2021-00583,v2.3.0,2021-01-23 16:09:33,41,0.0133,0.8479,0.1473,0.5218,1375,43
RSC-2021-00584,v2.3.0,2021-01-18 14:17:55,47,0.0467,0.8162,0.1466,0.5037,1012,37
RSC-2021-00585,v2.3.0,2021-06-20 03:12:29,47,0.0659,0.8012,0.1596,0.505,1534,56
RSC-2021-00586,v2.2.1,2021-01-05 21:27:06,34,0.0247,0.8101,0.1684,0.5269,1365,40
RSC-2021-00587,v2.1.4,2021-08-23 12:27:33,47,0.0618,0.8033,0.1315,0.5138,1508,73
RSC-2021-00588,v2.1.3,2021-06-27 11:32:04,45,0.0146,0.8189,0.1329,0.5495,1236,59
RSC-2021-00589,v2.1.4,2021-02-26 21:40:42,45,0.0616,0.8317,0.1456,0.5361,1164,62
RSC-2021-00590,v2.1.4,2021-05-03 23:13:26,54,0.0587,0.8236,0.1346,0.5397,1576,87
RSC-2021-00591,v2.3.0,2021-07-31 08:07:46,57,0.0161,0.7949,0.1584,0.4693,904,21
RSC-2021-00592,v2.1.3,2021-12-19 17:01:05,56,0.0137,0.8052,0.1506,0.5325,1287,31
RSC-2021-00593,v2.1.3,2021-05-30 20:54:13,54,0.0436,0.7744,0.1366,0.4891,1363,51
RSC-2021-00594,v2.3.0,2021-02-26 15:10:15,53,0.0078,0.8259,0.147,0.5064,1033,133
RSC-2021-00595,v2.2.1,2021-05-29 20:38:03,40,0.0524,0.8256,0.1481,0.472,932,107
RSC-2021-00596,v2.1.4,2021-04-02 07:09:05,55,0.0303,0.8127,0.1469,0.5209,1166,115
RSC-2021-00597,v2.3.0,2021-06-13 06:24:04,56,0.0099,0.8299,0.1139,0.5022,1595,69
RSC-2021-00598,v2.2.0,2021-01-09 15:57:45,36,0.0142,0.8267,0.1602,0.5334,894,96
RSC-2021-00599,v2.2.0,2021-01-03 21:24:11,35,0.0251,0.8032,0.1554,0.4578,1540,132
RSC-2021-00600,v2.2.1,2021-08-13 21:28:57,53,0.0382,0.8058,0.161,0.4828,1575,38
RSC-2021-00601,v2.2.1,2021-01-03 12:34:36,55,0.0139,0.8262,0.1293,0.5447,845,43
RSC-2021-00602,v2.3.0,2021-06-15 04:04:34,38,0.0325,0.8266,0.1238,0.5319,1506,130
RSC-2021-00603,v2.2.0,2021-06-04 13:08:44,41,0.0796,0.776,0.1552,0.5172,1311,25
RSC-2021-00604,v2.2.0,2021-04-09 14:01:11,53,0.0302,0.8518,0.151,0.506,1312,76
RSC-2021-00605,v2.2.1,2021-09-13 23:05:01,45,0.0407,0.8155,0.1457,0.538,1219,95
RSC-2021-00606,v2.3.0,2021-03-28 07:29:45,54,0.0827,0.8113,0.1311,0.5287,1398,107
RSC-2021-00607,v2.2.0,2021-12-31 03:52:40,52,0.0363,0.8092,0.1431,0.5023,1550,28
RSC-2021-00608,v2.2.0,2021-08-16 16:33:41,45,0.0431,0.8092,0.1499,0.4859,1436,43
RSC-2021-00609,v2.3.0,2021-08-15 04:19:18,54,0.0542,0.8368,0.1424,0.493,1414,57
RSC-2021-00610,v2.3.0,2021-04-02 14:48:02,56,0.0103,0.8384,0.1185,0.5125,842,134
RSC-2021-00611,v2.1.4,2021-05-23 04:12:54,48,0.0556,0.795,0.1233,0.5096,841,102
RSC-2021-00612,v2.2.1,2021-07-19 16:20:06,53,0.0316,0.8059,0.1295,0.5257,1107,35
RSC-2021-00613,v2.1.3,2021-06-10 04:46:30,52,0.0445,0.8598,0.1619,0.5078,1011,87
RSC-2021-00614,v2.1.3,2021-02-09 14:33:16,35,0.0705,0.7903,0.1408,0.4836,1451,110
RSC-2021-00615,v2.2.1,2021-02-08 12:37:47,48,0.0285,0.7902,0.1544,0.5295,909,120
RSC-2021-00616,v2.1.4,2021-04-28 14:44:51,46,0.0284,0.7873,0.1268,0.49,1519,125
RSC-2021-00617,v2.2.1,2021-10-04 00:30:23,45,0.0273,0.834,0.1659,0.513,1536,41
RSC-2021-00618,v2.1.4,2021-01-28 06:55:20,49,0.0849,0.8194,0.1374,0.5345,1142,139
RSC-2021-00619,v2.1.3,2021-12-24 15:02:04,49,0.1024,0.8178,0.1591,0.5256,1042,97
RSC-2021-00620,v2.1.4,2021-11-03 04:59:06,41,0.104,0.7957,0.1549,0.5327,829,46
RSC-2021-00621,v2.1.3,2021-11-08 04:23:11,57,0.018,0.8071,0.1372,0.5104,912,118
RSC-2021-00622,v2.2.1,2021-06-15 09:44:11,42,0.0166,0.8376,0.1319,0.5267,1028,88
RSC-2021-00623,v2.3.0,2021-05-19 11:45:11,44,0.0519,0.8205,0.1409,0.4769,927,52
RSC-2021-00624,v2.1.4,2021-07-22 23:01:47,36,0.1148,0.8032,0.1354,0.5321,1425,77
RSC-2021-00625,v2.1.3,2021-09-23 07:25:10,48,0.0348,0.8318,0.1667,0.4981,1124,24
RSC-2021-00626,v2.2.1,2021-05-08 12:36:09,38,0.0044,0.7983,0.1332,0.5565,1284,53
RSC-2021-00627,v2.3.0,2021-07-09 17:40:49,44,0.0429,0.821,0.132,0.5214,1261,33
RSC-2021-00628,v2.1.4,2021-05-06 07:16:14,46,0.0265,0.8012,0.134,0.5669,1463,32
RSC-2021-00629,v2.2.0,2021-08-02 15:20:43,45,0.0916,0.8164,0.1253,0.5042,1388,38
RSC-2021-00630,v2.1.4,2021-03-04 05:07:20,48,0.0272,0.7944,0.1487,0.5344,894,32
RSC-2021-00631,v2.2.0,2021-05-24 10:06:16,54,0.0859,0.815,0.1419,0.509,1014,70
RSC-2021-00632,v2.1.4,2021-02-04 00:11:25,43,0.0891,0.7913,0.1513,0.5135,820,98
RSC-2021-00633,v2.2.0,2021-12-08 23:00:44,43,0.0283,0.7949,0.1277,0.4749,1386,82
RSC-2021-00634,v2.2.1,2021-12-08 14:29:37,49,0.0024,0.8243,0.1392,0.5363,1339,133
RSC-2021-00635,v2.1.3,2021-05-31 03:49:23,51,0.1273,0.8346,0.1629,0.5174,853,44
RSC-2021-00636,v2.2.0,2021-12-30 22:49:06,45,0.0387,0.8281,0.1275,0.5069,1594,83
RSC-2021-00637,v2.1.4,2021-03-07 18:19:01,54,0.0725,0.8238,0.1449,0.5397,1134,46
RSC-2021-00638,v2.3.0,2021-09-16 15:39:20,42,0.0608,0.8102,0.1503,0.5111,1228,80
RSC-2021-00639,v2.2.0,2021-08-19 02:35:22,51,0.1199,0.8295,0.1479,0.5256,1241,42
RSC-2021-00640,v2.1.4,2021-03-24 21:02:25,47,0.0124,0.81,0.1341,0.5314,1486,74
RSC-2021-00641,v2.3.0,2021-11-07 10:47:10,36,0.0247,0.8505,0.1222,0.5217,1341,71
RSC-2021-00642,v2.1.3,2021-06-01 13:01:54,56,0.0107,0.85,0.1625,0.5165,927,56
RSC-2021-00643,v2.1.3,2021-07-14 00:15:43,55,0.0542,0.8293,0.1707,0.4831,1110,78
RSC-2021-00644,v2.3.0,2021-12-11 19:19:00,49,0.0111,0.8185,0.1237,0.5038,1067,73
RSC-2021-00645,v2.3.0,2021-10-15 07:02:50,46,0.0477,0.7939,0.1299,0.5147,1506,48
RSC-2021-00646,v2.2.1,2021-02-02 00:19:43,36,0.0349,0.8029,0.162,0.5136,1128,31
RSC-2021-00647,v2.2.1,2021-06-24 16:30:00,40,0.0802,0.8137,0.1399,0.4922,1067,32
RSC-2021-00648,v2.2.1,2021-03-15 17:56:35,50,0.0637,0.7882,0.1344,0.5107,1490,37
RSC-2021-00649,v2.2.1,2021-07-31 03:02:35,54,0.0271,0.8161,0.1372,0.5315,1389,61
RSC-2021-00650,v2.2.1,2021-08-28 05:58:39,49,0.0342,0.8077,0.1557,0.4799,861,117
RSC-2021-00651,v2.1.3,2021-08-21 08:42:09,36,0.0569,0.7918,0.1293,0.4795,1375,45
RSC-2021-00652,v2.2.1,2021-06-27 20:05:05,45,0.0391,0.849,0.1394,0.5094,1378,88
RSC-2021-00653,v2.1.3,2021-01-08 15:17:04,46,0.1198,0.816,0.1293,0.5343,1381,46
RSC-2021-00654,v2.1.4,2021-08-11 03:47:20,36,0.0811,0.8146,0.1378,0.5136,1128,36
RSC-2021-00655,v2.1.4,2021-10-21 12:58:12,35,0.0346,0.8179,0.1346,0.501,877,60
RSC-2021-00656,v2.3.0,2021-11-11 05:55:23,34,0.0272,0.8235,0.1512,0.5144,936,108
RSC-2021-00657,v2.1.4,2021-01-07 18:26:40,45,0.049,0.8009,0.1383,0.5368,1118,58
RSC-2021-00658,v2.2.0,2021-09-16 14:01:12,55,0.1248,0.8031,0.1452,0.494,1134,33
RSC-2021-00659,v2.1.4,2021-04-03 21:46:25,53,0.0184,0.8195,0.1345,0.4704,1217,26
RSC-2021-00660,v2.2.0,2021-03-30 05:20:22,51,0.0563,0.8035,0.1311,0.5133,1352,90
RSC-2021-00661,v2.1.3,2021-12-14 22:29:59,45,0.015,0.8019,0.1439,0.5087,819,68
RSC-2021-00662,v2.3.0,2021-10-23 08:00:24,34,0.0312,0.8246,0.1414,0.478,1106,138
RSC-2021-00663,v2.2.1,2021-08-29 22:58:36,40,0.0252,0.8493,0.1497,0.5084,1291,123
RSC-2021-00664,v2.1.4,2021-03-01 07:08:50,44,0.0336,0.8213,0.1449,0.5248,814,92
RSC-2021-00665,v2.2.0,2021-06-30 14:11:23,46,0.0555,0.815,0.1688,0.5209,1243,93
RSC-2021-00666,v2.2.1,2021-04-29 06:31:38,52,0.0395,0.8252,0.1475,0.5183,1070,39
RSC-2021-00667,v2.1.4,2021-07-03 22:05:41,47,0.0733,0.804,0.1607,0.5043,1307,67
RSC-2021-00668,v2.1.4,2021-06-27 21:35:08,56,0.0546,0.7973,0.1337,0.5252,878,84
RSC-2021-00669,v2.1.3,2021-06-17 12:52:27,51,0.0106,0.8069,0.1453,0.4958,1133,42
RSC-2021-00670,v2.1.3,2021-05-26 16:56:11,50,0.0737,0.8268,0.1265,0.5377,817,138
RSC-2021-00671,v2.2.1,2021-08-10 14:37:00,42,0.0796,0.8472,0.1311,0.5306,1080,136
RSC-2021-00672,v2.3.0,2021-03-20 10:16:25,39,0.0521,0.7763,0.1249,0.5,1597,114
RSC-2021-00673,v2.1.4,2021-01-02 12:15:27,39,0.0388,0.8213,0.1288,0.5031,967,32
RSC-2021-00674,v2.2.1,2021-12-09 16:28:19,35,0.0266,0.8104,0.1296,0.525,1044,116
RSC-2021-00675,v2.1.3,2021-08-12 18:40:14,41,0.0004,0.8474,0.1207,0.5055,959,101
RSC-2021-00676,v2.2.1,2021-07-24 14:29:21,57,0.0015,0.8391,0.1458,0.505,1080,126
RSC-2021-00677,v2.2.0,2021-11-25 13:16:45,37,0.0299,0.8255,0.1217,0.514,953,23
RSC-2021-00678,v2.1.3,2021-02-22 03:14:07,53,0.007,0.8172,0.1223,0.5055,1140,136
RSC-2021-00679,v2.3.0,2021-06-06 16:04:18,35,0.0538,0.8132,0.1597,0.5294,1402,52
RSC-2021-00680,v2.1.4,2021-08-17 20:54:06,40,0.0476,0.8124,0.1451,0.5266,1221,105
RSC-2021-00681,v2.2.1,2021-04-28 22:51:46,49,0.0294,0.7888,0.1268,0.5233,1161,74
RSC-2021-00682,v2.3.0,2021-05-26 13:43:22,34,0.0221,0.8016,0.1453,0.5076,1237,129
RSC-2021-00683,v2.2.0,2021-08-30 05:42:01,57,0.004,0.811,0.143,0.5067,876,34
RSC-2021-00684,v2.1.4,2021-08-22 14:50:24,57,0.0359,0.8172,0.1324,0.5217,1028,28
RSC-2021-00685,v2.1.4,2021-11-25 22:48:33,57,0.0065,0.8133,0.1505,0.5303,1451,40
RSC-2021-00686,v2.2.0,2021-01-28 19:09:28,35,0.075,0.8056,0.1331,0.5019,1579,83
RSC-2021-00687,v2.2.0,2021-05-20 20:31:37,42,0.0159,0.8179,0.1618,0.5403,804,105
RSC-2021-00688,v2.2.0,2021-05-13 01:14:22,42,0.0376,0.8498,0.1529,0.4795,1289,49
RSC-2021-00689,v2.1.4,2021-07-16 22:42:43,45,0.0729,0.8333,0.1331,0.5108,1087,81
RSC-2021-00690,v2.1.4,2021-10-19 23:51:08,57,0.0597,0.8348,0.1515,0.4975,1297,34
RSC-2021-00691,v2.2.0,2021-11-04 23:13:40,49,0.0349,0.8277,0.1343,0.4956,1224,23
RSC-2021-00692,v2.1.4,2021-02-20 10:38:20,49,0.0733,0.8483,0.1401,0.5168,1453,129
RSC-2021-00693,v2.2.1,2021-08-30 17:54:07,48,0.0164,0.8142,0.1331,0.4807,1454,74
RSC-2021-00694,v2.1.4,2021-08-07 07:33:31,41,0.028,0.837,0.1396,0.4977,1222,128
RSC-2021-00695,v2.2.1,2021-04-07 14:09:47,35,0.0514,0.8174,0.1403,0.5154,1129,51
RSC-2021-00696,v2.1.4,2021-02-21 04:21:59,39,0.0541,0.7635,0.135,0.5665,1430,74
RSC-2021-00697,v2.3.0,2021-03-12 21:50:01,51,0.002,0.8197,0.1446,0.5232,1220,84
RSC-2021-00698,v2.2.1,2021-01-31 04:00:33,53,0.07,0.8191,0.1416,0.4863,1130,42
RSC-2021-00699,v2.2.0,2021-11-11 03:05:53,35,0.0507,0.7726,0.1577,0.4958,1136,91
RSC-2021-00700,v2.3.0,2021-07-27 10:30:45,41,0.0112,0.8038,0.1135,0.5036,941,84
RSC-2021-00701,v2.1.4,2021-05-21 01:44:36,38,0.0149,0.8218,0.1318,0.5469,1588,131
RSC-2021-00702,v2.1.4,2021-05-19 07:51:26,42,0.0444,0.7905,0.1484,0.5278,1273,113
RSC-2021-00703,v2.3.0,2021-11-28 11:52:34,50,0.046,0.8143,0.1396,0.491,1007,87
RSC-2021-00704,v2.2.1,2021-06-12 20:07:53,54,0.0096,0.8178,0.1427,0.5405,1344,90
RSC-2021-00705,v2.2.0,2021-07-02 05:24:33,49,0.089,0.8281,0.1364,0.5457,847,131
RSC-2021-00706,v2.3.0,2021-03-05 11:04:57,52,0.1093,0.8385,0.1641,0.5412,1167,92
RSC-2021-00707,v2.3.0,2021-12-09 19:39:31,49,0.0132,0.7775,0.149,0.5185,1249,97
RSC-2021-00708,v2.1.4,2021-06-16 12:25:18,39,0.0427,0.8292,0.1689,0.4984,1061,21
RSC-2021-00709,v2.2.1,2021-08-09 12:28:25,54,0.0194,0.8376,0.1396,0.4898,896,64
RSC-2021-00710,v2.2.1,2021-05-19 08:04:03,41,0.0706,0.7863,0.1445,0.5109,864,64
RSC-2021-00711,v2.1.3,2021-07-23 07:47:32,51,0.0159,0.7872,0.1287,0.5125,1122,113
RSC-2021-00712,v2.3.0,2021-04-30 02:41:48,54,0.0154,0.8225,0.1415,0.4939,844,48
RSC-2021-00713,v2.1.4,2021-02-01 21:17:23,46,0.0126,0.7798,0.1406,0.4949,1172,22
RSC-2021-00714,v2.2.1,2021-11-25 18:45:22,51,0.0192,0.805,0.1502,0.5368,820,34
RSC-2021-00715,v2.2.1,2021-10-19 09:23:54,54,0.0213,0.8174,0.1354,0.488,1028,88
RSC-2021-00716,v2.2.0,2021-04-12 12:23:16,41,0.0335,0.8288,0.1334,0.5196,1523,28
RSC-2021-00717,v2.2.1,2021-09-03 16:39:50,57,0.0226,0.7911,0.135,0.4905,1560,72
RSC-2021-00718,v2.3.0,2021-11-15 16:48:53,51,0.058,0.7929,0.1365,0.5443,1029,70
RSC-2021-00719,v2.1.3,2021-11-24 02:20:34,47,0.0415,0.8046,0.1533,0.5017,1164,39
RSC-2021-00720,v2.2.0,2021-01-13 20:43:51,41,0.0065,0.8274,0.1284,0.529,1208,93
RSC-2021-00721,v2.1.3,2021-09-04 05:18:13,52,0.0191,0.7989,0.154,0.5265,1312,125
RSC-2021-00722,v2.2.1,2021-04-12 08:33:45,35,0.0437,0.815,0.1323,0.52,881,47
RSC-2021-00723,v2.1.3,2021-09-09 06:10:22,42,0.0758,0.8194,0.1563,0.5258,1586,123
RSC-2021-00724,v2.2.1,2021-08-22 04:38:55,46,0.0079,0.8043,0.1627,0.5144,1445,29
RSC-2021-00725,v2.1.4,2021-04-16 13:24:42,52,0.0774,0.8048,0.1222,0.5022,1485,99
RSC-2021-00726,v2.1.3,2021-11-08 13:01:14,37,0.0323,0.794,0.1478,0.544,1083,39
RSC-2021-00727,v2.1.4,2021-08-03 19:55:31,45,0.0277,0.82,0.1412,0.4818,1357,32
RSC-2021-00728,v2.1.3,2021-03-10 04:21:08,49,0.0086,0.8196,0.1443,0.502,1464,54
RSC-2021-00729,v2.1.4,2021-12-25 00:31:40,56,0.0188,0.8199,0.1238,0.5141,1196,83
RSC-2021-00730,v2.1.4,2021-07-29 17:53:42,36,0.0666,0.8019,0.1303,0.5092,1303,113
RSC-2021-00731,v2.2.1,2021-09-10 05:40:02,34,0.0373,0.8255,0.1603,0.5138,1461,47
RSC-2021-00732,v2.1.3,2021-08-04 00:04:30,44,0.0489,0.772,0.1448,0.5193,1169,124
RSC-2021-00733,v2.2.0,2021-01-28 04:55:59,35,0.0283,0.8268,0.1414,0.4931,1422,85
RSC-2021-00734,v2.3.0,2021-06-20 14:43:45,36,0.0265,0.8397,0.1628,0.4988,1108,46
RSC-2021-00735,v2.2.0,2021-05-09 00:14:04,43,0.0243,0.7983,0.1583,0.4911,1450,66
RSC-2021-00736,v2.3.0,2021-11-26 22:23:26,42,0.0147,0.8068,0.1375,0.5138,1186,113
RSC-2021-00737,v2.2.0,2021-01-25 16:33:41,49,0.0343,0.8475,0.1687,0.5091,1055,32
RSC-2021-00738,v2.2.0,2021-02-03 23:26:09,48,0.0134,0.7925,0.157,0.527,1419,91
RSC-2021-00739,v2.2.1,2021-12-04 20:08:51,42,0.0684,0.8086,0.1495,0.5119,1240,133
RSC-2021-00740,v2.1.4,2021-04-16 14:47:46,51,0.0291,0.8249,0.1349,0.5089,1426,89
RSC-2021-00741,v2.3.0,2021-01-27 17:38:53,52,0.0358,0.8462,0.1528,0.5394,1075,59
RSC-2021-00742,v2.1.4,2021-11-27 11:17:53,36,0.0441,0.8338,0.1415,0.4482,1031,25
RSC-2021-00743,v2.3.0,2021-12-01 04:22:21,45,0.0311,0.8181,0.1451,0.5277,1008,97
RSC-2021-00744,v2.3.0,2021-07-04 08:37:08,44,0.0106,0.7916,0.1533,0.5085,1489,115
RSC-2021-00745,v2.3.0,2021-10-09 05:29:11,49,0.0063,0.8051,0.1526,0.5111,1288,138
RSC-2021-00746,v2.3.0,2021-01-22 20:16:08,57,0.0179,0.791,0.1526,0.5106,1495,46
RSC-2021-00747,v2.2.1,2021-12-17 15:27:36,50,0.0225,0.8243,0.1365,0.5188,1480,110
RSC-2021-00748,v2.2.1,2021-01-15 10:53:41,40,0.0916,0.8225,0.1604,0.5248,922,63
RSC-2021-00749,v2.2.1,2021-11-11 14:38:46,54,0.047,0.8218,0.1278,0.5134,1150,85
RSC-2021-00750,v2.2.0,2021-02-23 14:28:38,50,0.0402,0.8252,0.113,0.4831,1101,64
RSC-2021-00751,v2.1.4,2021-02-08 08:49:38,48,0.0313,0.8344,0.1184,0.5045,1501,118
RSC-2021-00752,v2.3.0,2021-01-19 02:34:13,35,0.0149,0.8415,0.1352,0.5108,1136,136
RSC-2021-00753,v2.2.1,2021-08-02 06:39:30,36,0.0578,0.7991,0.169,0.5214,1027,61
RSC-2021-00754,v2.1.3,2021-08-09 00:42:02,54,0.0647,0.8188,0.1445,0.53,802,23
RSC-2021-00755,v2.2.0,2021-10-09 21:00:33,51,0.0179,0.8018,0.1478,0.5433,1517,49
RSC-2021-00756,v2.2.1,2021-07-30 10:11:44,37,0.032,0.8158,0.1505,0.5208,1212,110
RSC-2021-00757,v2.2.0,2021-05-15 01:51:18,42,0.0613,0.7836,0.1226,0.5174,1115,124
RSC-2021-00758,v2.2.1,2021-12-09 10:46:17,47,0.0406,0.8125,0.1491,0.4815,1380,105
RSC-2021-00759,v2.2.0,2021-10-13 05:32:38,43,0.026,0.8273,0.1453,0.5224,1038,94
RSC-2021-00760,v2.2.1,2021-08-15 13:52:19,36,0.0398,0.7956,0.1412,0.5206,957,118
RSC-2021-00761,v2.2.0,2021-11-01 17:24:51,36,0.0359,0.7935,0.1458,0.5117,1584,68
RSC-2021-00762,v2.2.1,2021-08-22 02:46:21,38,0.0083,0.812,0.1441,0.4986,1244,22
RSC-2021-00763,v2.3.0,2021-10-14 18:55:38,54,0.0063,0.7955,0.1463,0.526,1081,122
RSC-2021-00764,v2.1.4,2021-09-18 01:38:04,38,0.0176,0.7991,0.1275,0.5165,1598,29
RSC-2021-00765,v2.2.1,2021-09-10 14:42:19,36,0.0774,0.8,0.145,0.5124,1282,83
RSC-2021-00766,v2.1.4,2021-05-04 08:47:02,48,0.0228,0.807,0.1554,0.5182,942,85
RSC-2021-00767,v2.2.1,2021-10-12 16:05:56,55,0.0245,0.8049,0.1381,0.4916,1149,137
RSC-2021-00768,v2.1.3,2021-11-18 02:52:13,51,0.026,0.8085,0.1528,0.4679,1100,28
RSC-2021-00769,v2.1.3,2021-10-19 19:15:41,37,0.0205,0.8073,0.1552,0.5373,1519,39
RSC-2021-00770,v2.3.0,2021-09-10 14:27:45,52,0.0257,0.8222,0.1436,0.5126,1178,38
RSC-2021-00771,v2.3.0,2021-04-25 21:21:56,39,0.0346,0.8226,0.1474,0.5721,1089,61
RSC-2021-00772,v2.2.1,2021-03-19 21:27:04,51,0.0351,0.7763,0.1412,0.5055,1125,78
RSC-2021-00773,v2.1.3,2021-09-20 11:37:04,51,0.0159,0.8212,0.1493,0.5313,900,75
RSC-2021-00774,v2.2.1,2021-12-28 20:37:31,48,0.0078,0.7882,0.1453,0.5203,1013,64
RSC-2021-00775,v2.1.4,2021-11-02 23:43:02,34,0.0584,0.7981,0.1276,0.4637,1585,124
RSC-2021-00776,v2.1.4,2021-06-24 08:55:13,55,0.0353,0.813,0.1317,0.5249,989,122
RSC-2021-00777,v2.2.0,2021-09-26 03:16:13,55,0.0208,0.8124,0.1575,0.4696,887,50
RSC-2021-00778,v2.3.0,2021-07-29 09:05:48,57,0.0708,0.7792,0.1277,0.501,1076,73
RSC-2021-00779,v2.1.4,2021-08-13 21:33:50,34,0.0397,0.8063,0.1375,0.5312,1225,75
RSC-2021-00780,v2.1.4,2021-06-07 11:07:24,53,0.0558,0.8182,0.1275,0.4973,1503,60
RSC-2021-00781,v2.3.0,2021-03-22 02:27:32,45,0.0271,0.7744,0.1661,0.5269,868,58
RSC-2021-00782,v2.2.1,2021-09-27 22:18:33,43,0.0101,0.7631,0.1596,0.5119,859,42
RSC-2021-00783,v2.3.0,2021-03-19 11:00:01,49,0.0163,0.8566,0.1508,0.4971,1462,97
RSC-2021-00784,v2.3.0,2021-07-02 09:17:11,39,0.0027,0.8297,0.1364,0.5331,1275,74
RSC-2021-00785,v2.2.1,2021-01-21 15:12:54,45,0.0549,0.8369,0.1492,0.5128,954,112
RSC-2021-00786,v2.1.3,2021-10-18 05:54:39,53,0.0776,0.812,0.1466,0.5181,1387,138
RSC-2021-00787,v2.1.4,2021-12-06 08:19:05,47,0.0085,0.8331,0.1379,0.5098,1308,127
RSC-2021-00788,v2.2.1,2021-11-07 06:33:44,52,0.0654,0.8461,0.151,0.5211,1056,32
RSC-2021-00789,v2.2.0,2021-10-03 23:27:55,41,0.0323,0.8186,0.1409,0.5281,1102,84
RSC-2021-00790,v2.3.0,2021-01-15 20:40:20,37,0.0359,0.7905,0.1538,0.5346,1479,61
RSC-2021-00791,v2.1.3,2021-10-25 09:27:52,39,0.0456,0.7964,0.1564,0.4967,1133,100
RSC-2021-00792,v2.1.3,2021-04-15 07:40:07,52,0.073,0.8441,0.1402,0.5427,1165,125
RSC-2021-00793,v2.3.0,2021-05-26 08:57:53,39,0.0323,0.8059,0.1366,0.5046,1410,47
RSC-2021-00794,v2.2.1,2021-08-25 17:01:51,34,0.0332,0.7997,0.1294,0.459,976,120
RSC-2021-00795,v2.3.0,2021-12-16 20:13:28,52,0.0434,0.8245,0.1472,0.5122,1471,33
RSC-2021-00796,v2.1.4,2021-10-23 05:52:22,46,0.0207,0.8054,0.15,0.515,1576,72
RSC-2021-00797,v2.1.4,2021-06-25 21:55:01,52,0.0153,0.7953,0.1523,0.5051,1222,111
RSC-2021-00798,v2.1.3,2021-08-05 21:13:15,49,0.0518,0.8017,0.1389,0.5052,1070,22
RSC-2021-00799,v2.2.0,2021-10-07 17:38:33,46,0.0517,0.8068,0.1365,0.5126,1456,67
RSC-2021-00800,v2.1.4,2021-11-23 22:19:49,37,0.0529,0.8106,0.1295,0.5181,1137,21
RSC-2021-00801,v2.2.1,2021-12-01 08:21:23,49,0.0304,0.826,0.1449,0.5307,1508,64
RSC-2021-00802,v2.2.1,2021-03-04 11:27:53,46,0.0406,0.8018,0.1528,0.5239,1548,33
RSC-2021-00803,v2.2.0,2021-02-25 08:00:38,39,0.069,0.8209,0.1175,0.4871,836,111
RSC-2021-00804,v2.2.0,2021-04-26 12:54:44,46,0.0255,0.813,0.1314,0.4891,1291,58
RSC-2021-00805,v2.1.3,2021-12-21 17:37:16,34,0.0218,0.8023,0.1487,0.4723,1223,69
RSC-2021-00806,v2.3.0,2021-09-27 18:17:36,42,0.0349,0.8114,0.1514,0.5089,1590,38
RSC-2021-00807,v2.1.4,2021-07-13 02:50:43,44,0.0384,0.8235,0.131,0.5033,1519,136
RSC-2021-00808,v2.3.0,2021-02-13 17:15:00,36,0.0307,0.8021,0.1509,0.528,1575,124
RSC-2021-00809,v2.2.0,2021-10-29 16:45:03,50,0.0532,0.7847,0.1573,0.5179,1165,87
RSC-2021-00810,v2.1.4,2021-05-03 12:25:52,45,0.0426,0.8256,0.1515,0.5128,1402,23
RSC-2021-00811,v2.2.0,2021-05-12 05:53:11,48,0.0606,0.7786,0.1429,0.5204,842,91
RSC-2021-00812,v2.1.4,2021-03-25 02:47:02,34,0.0134,0.8461,0.1368,0.4987,950,92
RSC-2021-00813,v2.3.0,2021-02-16 19:10:18,35,0.0249,0.804,0.126,0.5051,1504,120
RSC-2021-00814,v2.2.0,2021-05-28 10:53:10,35,0.0051,0.8038,0.1323,0.4981,1206,56
RSC-2021-00815,v2.2.0,2021-11-15 01:12:03,46,0.0619,0.8108,0.1385,0.5248,830,95
RSC-2021-00816,v2.1.4,2021-11-22 13:16:19,36,0.0372,0.8049,0.1549,0.5199,1335,123
RSC-2021-00817,v2.1.4,2021-04-28 06:31:10,51,0.0369,0.8322,0.1288,0.5139,1268,123
RSC-2021-00818,v2.3.0,2021-04-16 07:24:43,53,0.0638,0.813,0.1593,0.4724,1467,62
RSC-2021-00819,v2.2.1,2021-12-30 23:50:16,55,0.0699,0.7948,0.1438,0.5125,1273,93
RSC-2021-00820,v2.1.4,2021-01-30 15:02:57,36,0.0595,0.8346,0.1588,0.4817,998,135
RSC-2021-00821,v2.1.3,2021-09-23 19:08:06,49,0.0147,0.8126,0.1464,0.4718,1526,32
RSC-2021-00822,v2.2.1,2021-06-03 21:17:08,51,0.0201,0.8118,0.1483,0.5411,844,27
RSC-2021-00823,v2.1.3,2021-06-20 06:42:38,42,0.0454,0.8428,0.1423,0.5347,1520,54
RSC-2021-00824,v2.2.0,2021-04-30 01:05:41,41,0.038,0.754,0.1409,0.4916,1270,107
RSC-2021-00825,v2.2.0,2021-04-27 08:06:57,56,0.0226,0.8228,0.1553,0.4759,1083,72
RSC-2021-00826,v2.2.1,2021-09-01 22:22:11,55,0.0864,0.7908,0.1389,0.5008,1018,64
RSC-2021-00827,v2.2.1,2021-08-26 17:26:30,46,0.0242,0.8187,0.1208,0.4987,995,131
RSC-2021-00828,v2.1.3,2021-04-29 14:54:28,38,0.0016,0.803,0.1365,0.5083,1223,100
RSC-2021-00829,v2.2.0,2021-07-16 12:22:07,52,0.0139,0.7806,0.1557,0.4923,1377,33
RSC-2021-00830,v2.2.1,2021-07-19 00:18:10,42,0.1269,0.8237,0.1497,0.5086,1216,82
RSC-2021-00831,v2.3.0,2021-06-28 23:14:04,38,0.0419,0.8305,0.1449,0.4912,1074,135
RSC-2021-00832,v2.1.3,2021-01-29 06:31:59,57,0.0193,0.8164,0.1519,0.5355,1019,127
RSC-2021-00833,v2.1.3,2021-08-19 23:17:19,36,0.0579,0.8267,0.1323,0.5087,1513,38
RSC-2021-00834,v2.1.4,2021-12-03 13:27:16,35,0.0186,0.8307,0.1375,0.5539,1275,22
RSC-2021-00835,v2.1.3,2021-02-10 22:32:05,48,0.0773,0.7751,0.1189,0.5283,1221,130
RSC-2021-00836,v2.1.4,2021-04-24 23:25:51,46,0.0098,0.7771,0.1336,0.5315,1481,131
RSC-2021-00837,v2.3.0,2021-05-21 03:05:46,35,0.0095,0.8077,0.117,0.4877,1248,99
RSC-2021-00838,v2.1.3,2021-03-10 10:21:03,53,0.0131,0.8155,0.1634,0.503,1022,25
RSC-2021-00839,v2.2.1,2021-02-23 08:30:35,47,0.0095,0.8108,0.1598,0.509,1475,131
RSC-2021-00840,v2.2.1,2021-11-19 07:27:05,54,0.0221,0.8235,0.1397,0.5222,1409,115
RSC-2021-00841,v2.1.4,2021-05-08 16:08:51,46,0.0227,0.8361,0.1452,0.5172,1181,54
RSC-2021-00842,v2.2.0,2021-04-11 14:08:19,43,0.0131,0.8668,0.1506,0.513,1314,78
RSC-2021-00843,v2.2.1,2021-03-07 19:49:50,38,0.0897,0.8224,0.1335,0.5146,1079,118
RSC-2021-00844,v2.2.0,2021-11-04 05:30:12,51,0.0493,0.844,0.14,0.4744,1444,60
RSC-2021-00845,v2.2.1,2021-01-10 06:32:50,45,0.0264,0.8138,0.1549,0.5096,1314,108
RSC-2021-00846,v2.2.0,2021-12-26 06:18:47,52,0.0561,0.8035,0.1407,0.5137,1352,35
RSC-2021-00847,v2.2.1,2021-03-23 20:59:39,52,0.0121,0.8184,0.1316,0.4903,949,34
RSC-2021-00848,v2.1.3,2021-09-09 10:11:30,51,0.0487,0.836,0.1569,0.5412,819,71
RSC-2021-00849,v2.3.0,2021-04-14 18:22:15,36,0.0378,0.8196,0.1358,0.4982,895,127
RSC-2021-00850,v2.3.0,2021-03-11 20:30:18,57,0.058,0.8047,0.1487,0.5073,1397,102
RSC-2021-00851,v2.3.0,2021-04-28 19:07:09,39,0.0381,0.8197,0.144,0.508,1045,64
RSC-2021-00852,v2.1.3,2021-01-25 12:39:40,45,0.0708,0.8064,0.1502,0.5237,826,58
RSC-2021-00853,v2.3.0,2021-06-18 05:10:26,41,0.0513,0.8462,0.1344,0.4882,1520,31
RSC-2021-00854,v2.1.3,2021-08-28 02:16:28,57,0.0179,0.8283,0.1309,0.5024,1267,113
RSC-2021-00855,v2.3.0,2021-11-17 02:31:13,54,0.0163,0.8273,0.1616,0.4853,1336,91
RSC-2021-00856,v2.2.0,2021-08-24 21:55:49,51,0.0367,0.8299,0.143,0.4932,1317,67
RSC-2021-00857,v2.2.1,2021-06-29 08:13:56,52,0.0291,0.8176,0.1617,0.5361,1356,69
RSC-2021-00858,v2.3.0,2021-01-09 21:50:26,39,0.0127,0.8061,0.1506,0.5227,1409,46
RSC-2021-00859,v2.1.3,2021-02-04 07:16:19,34,0.0517,0.7987,0.1419,0.4828,1533,121
RSC-2021-00860,v2.2.0,2021-02-08 13:44:59,39,0.0341,0.8235,0.1508,0.5039,1211,96
RSC-2021-00861,v2.3.0,2021-09-07 04:26:36,57,0.0343,0.797,0.1404,0.5236,916,104
RSC-2021-00862,v2.2.1,2021-02-16 17:04:55,38,0.0234,0.8062,0.1632,0.5072,1220,55
RSC-2021-00863,v2.2.1,2021-06-10 17:37:20,40,0.0952,0.7903,0.1303,0.5085,1296,64
RSC-2021-00864,v2.1.3,2021-04-01 22:47:04,51,0.0934,0.8204,0.1555,0.5104,1309,112
RSC-2021-00865,v2.2.1,2021-06-17 12:58:20,53,0.0207,0.8379,0.1356,0.5481,1570,46
RSC-2021-00866,v2.1.3,2021-11-15 07:51:47,49,0.0465,0.7727,0.1569,0.5044,1401,85
RSC-2021-00867,v2.2.0,2021-11-28 18:06:50,45,0.0956,0.8159,0.1391,0.5303,879,65
RSC-2021-00868,v2.2.1,2021-03-19 15:29:12,53,0.0359,0.8298,0.1376,0.5512,1383,111
RSC-2021-00869,v2.3.0,2021-12-31 13:08:53,47,0.02,0.8067,0.1497,0.4857,1275,102
RSC-2021-00870,v2.3.0,2021-03-14 06:54:54,44,0.019,0.7931,0.144,0.5337,1059,94
RSC-2021-00871,v2.2.1,2021-03-31 01:59:54,57,0.0075,0.8265,0.1279,0.5637,1587,75
RSC-2021-00872,v2.1.3,2021-09-05 17:28:42,43,0.0285,0.8159,0.1526,0.516,1234,115
RSC-2021-00873,v2.2.1,2021-12-13 15:13:15,57,0.0687,0.7753,0.155,0.5124,853,71
RSC-2021-00874,v2.1.3,2021-09-04 01:16:40,44,0.0159,0.8243,0.1435,0.488,1235,95
RSC-2021-00875,v2.1.3,2021-03-04 06:55:15,43,0.0219,0.8272,0.1448,0.5506,1115,84
RSC-2021-00876,v2.2.1,2021-02-01 20:04:09,53,0.0482,0.8024,0.141,0.5125,1119,22
RSC-2021-00877,v2.2.0,2021-01-13 20:24:05,48,0.0499,0.8421,0.1454,0.4766,1572,82
RSC-2021-00878,v2.2.0,2021-07-18 15:02:15,34,0.0741,0.7998,0.1487,0.5069,823,84
RSC-2021-00879,v2.1.4,2021-05-26 17:41:06,43,0.1114,0.8209,0.1333,0.5124,1064,60
RSC-2021-00880,v2.1.3,2021-10-06 19:26:06,50,0.0209,0.7851,0.152,0.4982,893,87
RSC-2021-00881,v2.1.3,2021-01-09 05:44:45,47,0.0286,0.8453,0.1566,0.52,1534,121
RSC-2021-00882,v2.1.4,2021-05-04 14:34:47,55,0.0328,0.7896,0.155,0.5162,1020,43
RSC-2021-00883,v2.1.4,2021-12-04 06:10:54,35,0.0452,0.8579,0.1599,0.4937,1559,137
RSC-2021-00884,v2.2.0,2021-06-26 16:48:40,50,0.0881,0.8001,0.1381,0.508,1229,66
RSC-2021-00885,v2.2.0,2021-12-25 15:14:40,51,0.0087,0.7995,0.1267,0.5236,1446,124
RSC-2021-00886,v2.3.0,2021-02-25 17:45:48,52,0.0401,0.8114,0.1248,0.519,1428,75
RSC-2021-00887,v2.2.1,2021-12-04 05:55:03,50,0.0834,0.8144,0.1216,0.519,832,81
RSC-2021-00888,v2.2.0,2021-02-21 05:27:00,45,0.0191,0.7961,0.1136,0.5406,862,119
RSC-2021-00889,v2.2.0,2021-07-25 20:42:06,50,0.0009,0.8018,0.1412,0.4898,850,102
RSC-2021-00890,v2.1.4,2021-03-22 21:08:03,52,0.0286,0.8184,0.1603,0.5395,1418,49
RSC-2021-00891,v2.3.0,2021-11-01 15:39:21,49,0.0351,0.8136,0.1403,0.5152,806,119
RSC-2021-00892,v2.1.4,2021-07-14 21:35:00,37,0.0066,0.8051,0.1244,0.4833,1542,114
RSC-2021-00893,v2.2.1,2021-11-30 11:31:07,37,0.0329,0.792,0.1509,0.5144,838,118
RSC-2021-00894,v2.1.3,2021-10-08 11:53:25,38,0.08,0.815,0.1508,0.5179,1047,95
RSC-2021-00895,v2.1.4,2021-01-26 14:52:49,56,0.0092,0.7927,0.1374,0.5237,986,127
RSC-2021-00896,v2.2.0,2021-09-12 17:33:56,46,0.0263,0.7619,0.1512,0.555,1037,51
RSC-2021-00897,v2.1.3,2021-01-08 16:45:56,54,0.0319,0.8259,0.1507,0.5379,1433,47
RSC-2021-00898,v2.2.1,2021-07-04 12:13:49,39,0.0573,0.803,0.1526,0.4696,1394,105
RSC-2021-00899,v2.3.0,2021-05-12 07:16:32,35,0.0515,0.7837,0.1437,0.503,961,100
RSC-2021-00900,v2.3.0,2021-01-20 21:25:36,45,0.0564,0.8068,0.1317,0.5308,1178,29
RSC-2021-00901,v2.3.0,2021-09-09 09:00:23,45,0.0319,0.8168,0.1196,0.5569,1244,68
RSC-2021-00902,v2.3.0,2021-03-02 09:01:51,34,0.0039,0.8456,0.1248,0.545,1469,100
RSC-2021-00903,v2.2.0,2021-05-31 09:39:41,47,0.0253,0.8134,0.1505,0.4896,1035,125
RSC-2021-00904,v2.1.4,2021-12-28 22:30:33,40,0.0305,0.8752,0.1476,0.4957,1332,136
RSC-2021-00905,v2.1.3,2021-08-02 05:21:21,45,0.0456,0.8185,0.1448,0.4948,987,127
RSC-2021-00906,v2.3.0,2021-10-24 18:32:22,53,0.0501,0.8023,0.1557,0.476,852,79
RSC-2021-00907,v2.1.3,2021-05-09 00:29:23,39,0.0318,0.7938,0.1595,0.5375,1255,59
RSC-2021-00908,v2.3.0,2021-10-30 02:07:25,37,0.0097,0.853,0.1398,0.5153,858,70
RSC-2021-00909,v2.3.0,2021-07-14 03:29:57,41,0.0205,0.8352,0.1538,0.5184,1483,84
RSC-2021-00910,v2.1.4,2021-07-22 07:15:14,47,0.0531,0.8316,0.1367,0.4886,807,112
RSC-2021-00911,v2.2.0,2021-05-26 17:29:32,35,0.0383,0.7962,0.1288,0.4943,1596,136
RSC-2021-00912,v2.2.0,2021-02-18 12:40:04,45,0.1317,0.8029,0.1373,0.5295,1372,108
RSC-2021-00913,v2.2.1,2021-02-01 21:17:17,45,0.0552,0.841,0.1604,0.4864,1322,26
RSC-2021-00914,v2.1.4,2021-09-05 14:08:25,46,0.0018,0.8414,0.1591,0.5165,856,62
RSC-2021-00915,v2.1.3,2021-10-16 12:46:31,44,0.0456,0.8278,0.1532,0.5131,959,76
RSC-2021-00916,v2.1.4,2021-11-30 00:31:54,35,0.0401,0.8021,0.132,0.4969,1596,47
RSC-2021-00917,v2.3.0,2021-06-09 15:11:43,44,0.0452,0.8111,0.1506,0.5065,1517,103
RSC-2021-00918,v2.2.0,2021-06-13 03:21:15,35,0.0156,0.8343,0.1574,0.5153,1593,43
RSC-2021-00919,v2.1.4,2021-03-27 22:22:06,43,0.0378,0.8003,0.1457,0.4909,1267,40
RSC-2021-00920,v2.3.0,2021-05-02 13:19:19,45,0.0279,0.8226,0.1596,0.5216,1470,54
RSC-2021-00921,v2.1.4,2021-09-04 14:09:02,56,0.0244,0.7989,0.1474,0.5382,1399,119
RSC-2021-00922,v2.2.1,2021-01-31 12:40:31,40,0.0166,0.8213,0.1562,0.5099,1407,61
RSC-2021-00923,v2.1.4,2021-07-09 06:15:35,42,0.0422,0.7799,0.1512,0.5101,941,116
RSC-2021-00924,v2.3.0,2021-08-17 23:41:23,49,0.0063,0.7996,0.1453,0.5406,1243,37
RSC-2021-00925,v2.1.3,2021-02-17 01:47:54,40,0.0611,0.7854,0.1572,0.514,1451,71
RSC-2021-00926,v2.2.1,2021-04-19 05:55:52,38,0.0173,0.842,0.1507,0.5182,1450,121
RSC-2021-00927,v2.2.0,2021-07-12 22:54:45,51,0.0417,0.8019,0.1442,0.5317,848,96
RSC-2021-00928,v2.3.0,2021-03-22 17:38:55,51,0.0042,0.8334,0.1619,0.537,1096,121
RSC-2021-00929,v2.3.0,2021-02-01 10:49:51,47,0.0364,0.8089,0.1485,0.5051,1575,37
RSC-2021-00930,v2.1.3,2021-03-08 18:25:45,37,0.0303,0.8478,0.1524,0.5047,1453,124
RSC-2021-00931,v2.1.3,2021-12-25 14:25:25,37,0.0092,0.7791,0.1332,0.5366,1022,57
RSC-2021-00932,v2.1.4,2021-04-24 15:25:58,40,0.0062,0.8258,0.1503,0.5346,1224,136
RSC-2021-00933,v2.3.0,2021-09-09 15:03:49,48,0.0086,0.8277,0.1379,0.5341,1472,127
RSC-2021-00934,v2.3.0,2021-09-10 11:08:38,46,0.0075,0.7946,0.1353,0.5294,1553,22
RSC-2021-00935,v2.1.4,2021-11-14 12:03:18,50,0.0703,0.8304,0.1473,0.5231,1513,47
RSC-2021-00936,v2.2.0,2021-08-08 04:43:00,46,0.0289,0.8289,0.1542,0.5151,1409,128
RSC-2021-00937,v2.1.3,2021-10-08 09:51:53,36,0.0255,0.8,0.1435,0.4969,1009,77
RSC-2021-00938,v2.3.0,2021-08-05 18:33:51,55,0.0079,0.7988,0.1724,0.5049,1002,28
RSC-2021-00939,v2.3.0,2021-03-13 09:35:04,36,0.0234,0.7941,0.1252,0.4763,878,122
RSC-2021-00940,v2.1.3,2021-11-25 20:16:05,45,0.0373,0.8044,0.1192,0.5111,1298,31
RSC-2021-00941,v2.2.1,2021-10-09 04:12:26,37,0.0164,0.8351,0.1355,0.5262,1076,32
RSC-2021-00942,v2.1.3,2021-03-09 10:31:33,46,0.0309,0.8202,0.136,0.5288,863,113
RSC-2021-00943,v2.2.0,2021-10-18 03:28:58,46,0.0847,0.798,0.1674,0.5027,942,117
RSC-2021-00944,v2.1.3,2021-07-12 23:44:32,51,0.035,0.7924,0.1526,0.5023,801,97
RSC-2021-00945,v2.1.3,2021-02-24 19:43:48,48,0.1008,0.8374,0.1338,0.5372,990,21
RSC-2021-00946,v2.1.3,2021-09-19 07:26:53,42,0.1323,0.8168,0.1422,0.5295,1518,85
RSC-2021-00947,v2.1.4,2021-04-27 06:04:56,46,0.0088,0.7798,0.1328,0.5348,1359,113
RSC-2021-00948,v2.2.0,2021-06-08 13:25:54,47,0.0182,0.824,0.1456,0.5492,1443,49
RSC-2021-00949,v2.1.3,2021-11-02 00:21:40,53,0.0453,0.789,0.1677,0.4798,1194,129
RSC-2021-00950,v2.1.3,2021-11-02 12:57:53,37,0.0615,0.7869,0.1397,0.4992,1338,128
RSC-2021-00951,v2.3.0,2021-11-06 16:47:41,44,0.0202,0.8532,0.1651,0.4611,1293,49
RSC-2021-00952,v2.3.0,2021-04-15 04:01:35,53,0.1155,0.8063,0.1451,0.5163,1168,95
RSC-2021-00953,v2.1.3,2021-08-09 22:17:34,43,0.0714,0.8116,0.1559,0.4823,980,48
RSC-2021-00954,v2.1.3,2021-10-17 20:07:55,35,0.0212,0.8005,0.1375,0.5077,1037,125
RSC-2021-00955,v2.1.4,2021-08-19 20:05:47,56,0.0469,0.8004,0.1448,0.5225,1547,54
RSC-2021-00956,v2.2.1,2021-06-17 02:31:33,44,0.035,0.8492,0.1404,0.4794,1480,76
RSC-2021-00957,v2.1.3,2021-09-11 05:24:05,50,0.042,0.836,0.1476,0.5245,1468,84
RSC-2021-00958,v2.1.3,2021-08-14 01:27:50,39,0.0909,0.815,0.1423,0.4712,1248,65
RSC-2021-00959,v2.1.3,2021-07-16 19:39:16,40,0.0201,0.7716,0.1456,0.5481,841,49
RSC-2021-00960,v2.1.4,2021-07-20 17:48:15,50,0.0645,0.812,0.1811,0.497,1255,50
RSC-2021-00961,v2.3.0,2021-12-05 04:33:48,49,0.1109,0.7957,0.1591,0.5235,1011,27
RSC-2021-00962,v2.1.4,2021-09-14 03:35:33,51,0.0338,0.7911,0.1331,0.4817,1304,33
RSC-2021-00963,v2.2.0,2021-12-07 02:01:27,44,0.0381,0.7959,0.1344,0.5169,1345,34
RSC-2021-00964,v2.1.3,2021-05-20 23:29:40,47,0.0291,0.8199,0.1503,0.524,1168,117
RSC-2021-00965,v2.2.0,2021-07-25 12:20:17,54,0.0674,0.8308,0.1418,0.5097,1049,108
RSC-2021-00966,v2.3.0,2021-02-17 11:01:54,36,0.0553,0.7904,0.149,0.5188,1275,33
RSC-2021-00967,v2.1.3,2021-10-27 00:55:29,56,0.0141,0.8101,0.1383,0.5343,1463,53
RSC-2021-00968,v2.1.4,2021-06-25 13:02:08,47,0.0312,0.8267,0.1404,0.5248,805,42
RSC-2021-00969,v2.2.1,2021-05-22 19:57:04,39,0.0434,0.8339,0.1286,0.542,822,82
RSC-2021-00970,v2.2.1,2021-12-23 19:13:40,56,0.045,0.7914,0.1252,0.5232,1056,126
RSC-2021-00971,v2.3.0,2021-03-23 00:32:50,53,0.0117,0.8352,0.1168,0.4842,949,44
RSC-2021-00972,v2.1.3,2021-07-02 12:44:42,57,0.0887,0.7997,0.1652,0.5334,1429,133
RSC-2021-00973,v2.2.0,2021-03-28 18:34:30,54,0.0547,0.7989,0.137,0.5044,815,43
RSC-2021-00974,v2.2.0,2021-02-08 04:37:28,50,0.0436,0.8193,0.1441,0.52,1522,78
RSC-2021-00975,v2.1.3,2021-09-06 17:54:17,40,0.052,0.8169,0.1505,0.5336,1440,49
RSC-2021-00976,v2.3.0,2021-03-12 07:13:54,40,0.0156,0.7662,0.1332,0.5106,1247,38
RSC-2021-00977,v2.1.3,2021-11-27 07:09:43,39,0.0119,0.8208,0.1389,0.5135,1151,121
RSC-2021-00978,v2.1.3,2021-03-02 15:59:22,54,0.1079,0.7914,0.1414,0.5029,1227,84
RSC-2021-00979,v2.2.0,2021-10-10 04:24:49,56,0.0514,0.8251,0.1399,0.5143,1418,97
RSC-2021-00980,v2.2.0,2021-11-04 04:25:28,40,0.0651,0.8322,0.145,0.4943,1136,50
RSC-2021-00981,v2.1.3,2021-11-01 15:49:13,44,0.0087,0.8322,0.1347,0.5308,1039,73
RSC-2021-00982,v2.3.0,2021-06-13 20:08:38,48,0.0404,0.7981,0.1529,0.5034,1299,46
RSC-2021-00983,v2.2.1,2021-07-12 02:16:11,40,0.029,0.8328,0.1393,0.4978,1207,124
RSC-2021-00984,v2.1.3,2021-05-21 09:59:12,39,0.024,0.8084,0.1283,0.531,929,74
RSC-2021-00985,v2.3.0,2021-01-13 08:19:44,51,0.0189,0.8283,0.1505,0.5375,1563,27
RSC-2021-00986,v2.1.4,2021-06-17 06:48:05,51,0.0846,0.7964,0.1418,0.5318,1482,32
RSC-2021-00987,v2.2.0,2021-06-30 00:44:46,42,0.0172,0.8143,0.1399,0.5282,1566,24
RSC-2021-00988,v2.3.0,2021-07-30 12:34:14,52,0.0481,0.8284,0.1293,0.4905,1062,80
RSC-2021-00989,v2.1.4,2021-04-04 00:34:54,51,0.0615,0.8262,0.1487,0.561,1547,42
RSC-2021-00990,v2.2.0,2021-11-18 02:08:07,38,0.017,0.8087,0.1585,0.5372,1125,95
RSC-2021-00991,v2.2.0,2021-09-10 19:08:45,57,0.032,0.8298,0.1534,0.5067,1128,55
RSC-2021-00992,v2.1.4,2021-12-05 18:44:19,57,0.065,0.8248,0.127,0.5249,1531,61
RSC-2021-00993,v2.2.0,2021-05-29 09:43:06,51,0.0742,0.8266,0.1515,0.5426,1085,92
RSC-2021-00994,v2.2.1,2021-04-04 01:47:22,46,0.0552,0.7828,0.138,0.5195,1582,92
RSC-2021-00995,v2.2.1,2021-07-20 18:05:47,39,0.0486,0.7984,0.1484,0.5034,948,93
RSC-2021-00996,v2.2.1,2021-02-27 04:58:56,34,0.0162,0.7634,0.1558,0.512,1539,113
RSC-2021-00997,v2.2.0,2021-05-02 09:48:13,37,0.0332,0.8248,0.1474,0.5488,1225,54
RSC-2021-00998,v2.2.0,2021-05-24 09:06:24,47,0.0419,0.8049,0.1375,0.486,1250,113
RSC-2021-00999,v2.1.4,2021-04-01 22:10:09,52,0.0276,0.7949,0.1375,0.5073,996,101
RSC-2021-01000,v2.2.1,2021-06-12 16:45:26,52,0.0577,0.802,0.1291,0.5311,905,62
RSC-2021-01001,v2.1.3,2021-10-12 15:11:14,34,0.0441,0.8195,0.1437,0.4668,918,78
RSC-2021-01002,v2.3.0,2021-02-22 20:06:22,56,0.0154,0.8085,0.156,0.5285,1578,118
RSC-2021-01003,v2.1.4,2021-11-27 13:50:19,35,0.086,0.8499,0.1344,0.5176,855,54
RSC-2021-01004,v2.1.4,2021-06-06 09:17:44,37,0.0716,0.8212,0.1294,0.5034,1017,118
RSC-2021-01005,v2.1.4,2021-01-20 03:09:34,44,0.0135,0.8246,0.1271,0.4972,1535,76
RSC-2021-01006,v2.2.0,2021-06-01 04:35:06,51,0.0304,0.8175,0.1625,0.546,1249,41
RSC-2021-01007,v2.2.1,2021-03-30 02:43:14,53,0.0467,0.8117,0.1513,0.5244,850,109
RSC-2021-01008,v2.1.4,2021-04-06 13:55:51,41,0.032,0.8069,0.132,0.5285,1314,88
RSC-2021-01009,v2.1.3,2021-09-25 19:43:48,51,0.0242,0.8079,0.127,0.5322,1065,97
RSC-2021-01010,v2.1.3,2021-10-29 09:01:12,46,0.022,0.7968,0.1426,0.4976,1478,60
RSC-2021-01011,v2.1.4,2021-02-13 05:13:51,57,0.0431,0.7939,0.1621,0.5404,1256,57
RSC-2021-01012,v2.1.4,2021-01-13 14:03:34,57,0.0432,0.8036,0.1515,0.4949,1256,32
RSC-2021-01013,v2.2.0,2021-05-09 01:24:50,55,0.0518,0.8293,0.1631,0.5411,1358,79
RSC-2021-01014,v2.1.4,2021-06-11 23:04:27,38,0.0272,0.8035,0.1488,0.5106,1232,100
RSC-2021-01015,v2.1.3,2021-02-19 16:47:09,54,0.0144,0.7879,0.1398,0.5328,993,128
RSC-2021-01016,v2.3.0,2021-05-11 17:23:20,37,0.0306,0.8009,0.134,0.4969,1532,120
RSC-2021-01017,v2.3.0,2021-09-28 23:25:10,40,0.0216,0.7918,0.164,0.5138,1084,128
RSC-2021-01018,v2.1.3,2021-05-26 20:02:55,56,0.0371,0.8323,0.1442,0.4935,861,49
RSC-2021-01019,v2.2.0,2021-06-26 11:09:31,41,0.0737,0.82,0.1266,0.5202,1066,70
RSC-2021-01020,v2.2.0,2021-01-31 14:20:04,51,0.0394,0.8318,0.1431,0.5009,1223,134
RSC-2021-01021,v2.2.1,2021-03-23 21:44:22,35,0.0094,0.8199,0.1449,0.5163,1494,61
RSC-2021-01022,v2.1.3,2021-04-22 17:48:30,41,0.0376,0.8129,0.1575,0.5274,1150,75
RSC-2021-01023,v2.2.1,2021-04-08 12:06:07,43,0.0689,0.8097,0.1394,0.4901,1039,82
RSC-2021-01024,v2.3.0,2021-10-23 09:33:49,54,0.0156,0.7762,0.1328,0.5456,1134,63
RSC-2021-01025,v2.3.0,2021-01-01 23:47:24,52,0.0671,0.8296,0.1462,0.4813,1471,40
RSC-2021-01026,v2.1.4,2021-09-22 22:55:43,50,0.0162,0.7907,0.1473,0.4845,896,127
RSC-2021-01027,v2.2.0,2021-03-19 03:42:59,54,0.0103,0.825,0.1237,0.509,927,33
RSC-2021-01028,v2.2.1,2021-02-09 00:10:34,48,0.1072,0.8091,0.1404,0.5274,1419,118
RSC-2021-01029,v2.1.3,2021-01-10 16:22:30,51,0.0313,0.8096,0.1147,0.5257,1109,64
RSC-2021-01030,v2.3.0,2021-02-15 07:57:02,48,0.0157,0.8275,0.1653,0.4743,1396,125
RSC-2021-01031,v2.1.3,2021-09-09 03:22:17,34,0.0744,0.8084,0.1534,0.4858,1279,90
RSC-2021-01032,v2.1.3,2021-06-14 04:50:14,56,0.0605,0.7793,0.1696,0.5293,1177,91
RSC-2021-01033,v2.1.3,2021-12-29 03:13:15,40,0.0974,0.777,0.1489,0.5292,1120,112
RSC-2021-01034,v2.2.1,2021-04-28 16:58:44,50,0.1159,0.8153,0.1424,0.5059,1233,122
RSC-2021-01035,v2.2.0,2021-07-29 21:17:07,36,0.0662,0.8543,0.1468,0.5204,897,85
RSC-2021-01036,v2.3.0,2021-07-17 01:54:13,42,0.0241,0.8299,0.1392,0.5426,1261,111
RSC-2021-01037,v2.1.4,2021-06-25 02:35:37,45,0.0216,0.8327,0.1592,0.5131,885,89
RSC-2021-01038,v2.2.1,2021-01-23 03:33:21,38,0.0528,0.8054,0.1596,0.4962,1378,34
RSC-2021-01039,v2.1.4,2021-02-02 11:38:26,53,0.0059,0.8025,0.1324,0.4729,1298,124
RSC-2021-01040,v2.2.0,2021-09-08 10:49:28,53,0.0615,0.8015,0.1413,0.5096,1229,63
RSC-2021-01041,v2.1.3,2021-06-28 17:36:19,38,0.0203,0.8064,0.1077,0.5266,1543,83
RSC-2021-01042,v2.2.1,2021-08-02 13:47:22,52,0.0193,0.8045,0.1432,0.5043,926,86
RSC-2021-01043,v2.1.3,2021-02-24 12:36:05,49,0.0532,0.8061,0.159,0.4764,1474,113
RSC-2021-01044,v2.3.0,2021-09-14 19:10:47,44,0.0144,0.8319,0.141,0.5017,826,23
RSC-2021-01045,v2.2.1,2021-07-31 06:18:06,45,0.0769,0.8154,0.1508,0.515,1251,70
RSC-2021-01046,v2.3.0,2021-09-22 19:50:06,46,0.0662,0.8175,0.1387,0.5256,1451,64
RSC-2021-01047,v2.3.0,2021-02-04 07:43:09,44,0.025,0.8014,0.135,0.5256,820,111
RSC-2021-01048,v2.2.1,2021-02-15 10:29:27,49,0.0661,0.8127,0.1439,0.5267,1245,27
RSC-2021-01049,v2.2.0,2021-02-22 12:38:46,38,0.007,0.8304,0.127,0.4769,1247,33
RSC-2021-01050,v2.1.3,2021-12-18 22:55:52,39,0.0849,0.8128,0.163,0.508,1124,84
RSC-2021-01051,v2.1.4,2021-10-12 03:50:41,47,0.035,0.8161,0.1407,0.5083,1061,63
RSC-2021-01052,v2.1.4,2021-10-05 15:45:40,35,0.0527,0.8349,0.1388,0.5592,1186,120
RSC-2021-01053,v2.2.0,2021-03-30 21:00:21,56,0.0672,0.8029,0.1587,0.5406,1305,114
RSC-2021-01054,v2.1.4,2021-02-05 14:12:48,54,0.0724,0.8226,0.1297,0.4942,1289,70
RSC-2021-01055,v2.1.3,2021-09-23 12:28:21,36,0.0078,0.8213,0.134,0.5538,984,94
RSC-2021-01056,v2.3.0,2021-06-02 04:00:42,53,0.0559,0.8036,0.1486,0.4913,1580,31
RSC-2021-01057,v2.3.0,2021-01-23 09:13:16,39,0.0585,0.7828,0.1308,0.5594,1287,77
RSC-2021-01058,v2.1.3,2021-01-12 10:29:31,37,0.0467,0.8295,0.1261,0.5102,1477,61
RSC-2021-01059,v2.1.4,2021-08-25 02:18:46,50,0.0291,0.8143,0.1506,0.5417,1083,82
RSC-2021-01060,v2.2.0,2021-07-14 01:06:18,56,0.0742,0.7989,0.1599,0.5165,940,85
RSC-2021-01061,v2.3.0,2021-11-11 19:05:40,39,0.0208,0.827,0.149,0.5208,1100,119
RSC-2021-01062,v2.2.1,2021-12-07 15:01:24,41,0.0125,0.8042,0.1424,0.4741,1169,139
RSC-2021-01063,v2.3.0,2021-12-07 10:33:46,43,0.0688,0.8101,0.1471,0.488,1359,36
RSC-2021-01064,v2.2.1,2021-12-12 22:17:34,35,0.0211,0.821,0.1587,0.5211,813,111
RSC-2021-01065,v2.1.4,2021-03-13 07:32:08,45,0.0677,0.7919,0.1206,0.5085,1069,95
RSC-2021-01066,v2.1.3,2021-05-14 08:24:02,57,0.0226,0.7499,0.1592,0.4808,1390,30
RSC-2021-01067,v2.1.3,2021-02-25 02:48:55,45,0.0587,0.7976,0.1275,0.5244,1516,48
RSC-2021-01068,v2.2.0,2021-01-30 11:40:30,40,0.0046,0.805,0.1278,0.5074,1589,81
RSC-2021-01069,v2.2.1,2021-07-26 16:03:34,40,0.0155,0.7864,0.1434,0.505,1288,133
RSC-2021-01070,v2.1.4,2021-09-08 16:13:18,41,0.0805,0.8109,0.1457,0.5008,1470,132
RSC-2021-01071,v2.1.3,2021-03-19 01:19:58,40,0.0911,0.8147,0.1378,0.518,1540,138
RSC-2021-01072,v2.3.0,2021-05-04 18:06:54,44,0.0453,0.8307,0.1499,0.5149,1000,46
RSC-2021-01073,v2.2.1,2021-09-01 20:32:08,57,0.0134,0.8035,0.143,0.4876,1586,115
RSC-2021-01074,v2.2.1,2021-12-28 16:37:21,39,0.0338,0.8195,0.1457,0.5025,1208,130
RSC-2021-01075,v2.2.0,2021-05-31 02:34:17,50,0.079,0.8063,0.162,0.4963,1291,61
RSC-2021-01076,v2.1.4,2021-11-21 23:05:42,53,0.0143,0.8076,0.1434,0.5195,1266,28
RSC-2021-01077,v2.1.3,2021-07-11 07:29:09,47,0.0429,0.7952,0.1509,0.4981,1133,38
RSC-2021-01078,v2.1.3,2021-11-29 11:56:54,50,0.0459,0.797,0.1591,0.5028,1338,100
RSC-2021-01079,v2.2.0,2021-05-16 20:57:52,45,0.0566,0.7986,0.1447,0.5121,1335,98
RSC-2021-01080,v2.2.1,2021-07-14 23:27:50,44,0.0373,0.797,0.1549,0.4705,1408,51
RSC-2021-01081,v2.2.0,2021-11-06 02:59:58,56,0.032,0.8203,0.1211,0.5616,1011,109
RSC-2021-01082,v2.1.3,2021-01-02 13:30:24,52,0.045,0.8073,0.1511,0.4881,1017,48
RSC-2021-01083,v2.3.0,2021-12-16 21:03:19,48,0.0589,0.8005,0.1435,0.5111,906,114
RSC-2021-01084,v2.1.3,2021-08-23 01:48:38,56,0.0208,0.8164,0.1648,0.5266,1259,136
RSC-2021-01085,v2.1.4,2021-01-12 03:27:29,42,0.0027,0.8272,0.1352,0.5056,881,85
RSC-2021-01086,v2.2.0,2021-04-05 07:49:24,46,0.0319,0.8087,0.1481,0.5474,1268,38
RSC-2021-01087,v2.1.3,2021-10-09 19:16:30,57,0.0435,0.8359,0.1296,0.5141,806,49
RSC-2021-01088,v2.2.0,2021-08-11 15:42:56,57,0.009,0.8455,0.152,0.5396,1148,78
RSC-2021-01089,v2.3.0,2021-03-09 04:44:16,41,0.035,0.7852,0.1318,0.5066,1124,25
RSC-2021-01090,v2.3.0,2021-05-17 11:57:27,55,0.0133,0.8111,0.1304,0.5102,945,94
RSC-2021-01091,v2.2.0,2021-01-14 04:41:50,52,0.0088,0.8372,0.1518,0.516,1044,42
RSC-2021-01092,v2.3.0,2021-12-16 10:38:31,45,0.0142,0.8309,0.1649,0.4824,1267,138
RSC-2021-01093,v2.2.0,2021-11-12 19:07:37,40,0.0244,0.8117,0.1474,0.5239,1351,95
RSC-2021-01094,v2.1.3,2021-12-05 15:03:39,36,0.0404,0.7979,0.1465,0.4761,1384,71
RSC-2021-01095,v2.2.1,2021-02-08 14:32:43,41,0.0489,0.7943,0.1462,0.5323,1082,30
RSC-2021-01096,v2.1.3,2021-08-11 11:20:38,52,0.026,0.8066,0.1529,0.5192,1428,22
RSC-2021-01097,v2.3.0,2021-04-28 03:42:34,55,0.1004,0.8289,0.1367,0.4915,1240,80
RSC-2021-01098,v2.2.0,2021-01-24 07:57:11,47,0.0321,0.8221,0.15,0.514,1453,126
RSC-2021-01099,v2.1.4,2021-01-11 10:15:06,56,0.0409,0.7898,0.1293,0.4856,1144,79
RSC-2021-01100,v2.2.1,2021-04-27 05:56:10,45,0.0209,0.8138,0.1339,0.512,1104,83
RSC-2021-01101,v2.2.1,2021-04-01 07:16:31,37,0.0324,0.8111,0.143,0.5086,1196,107
RSC-2021-01102,v2.2.0,2021-04-10 21:08:43,53,0.0501,0.7911,0.1312,0.5276,825,23
RSC-2021-01103,v2.3.0,2021-11-14 21:14:07,37,0.0151,0.8227,0.132,0.5231,1428,42
RSC-2021-01104,v2.2.0,2021-01-28 20:18:27,52,0.0489,0.8226,0.1418,0.4801,1573,41
RSC-2021-01105,v2.3.0,2021-10-16 16:13:02,56,0.0374,0.8395,0.1459,0.5413,1418,91
RSC-2021-01106,v2.1.3,2021-06-08 19:44:23,44,0.0487,0.8055,0.1499,0.5105,1551,30
RSC-2021-01107,v2.2.1,2021-01-13 09:23:58,54,0.0582,0.7833,0.1522,0.5172,1030,25
RSC-2021-01108,v2.1.3,2021-12-06 12:26:16,39,0.0221,0.8305,0.125,0.5317,990,29
RSC-2021-01109,v2.2.1,2021-06-11 16:58:50,52,0.0733,0.8118,0.148,0.5008,1160,99
RSC-2021-01110,v2.1.4,2021-07-19 20:30:48,45,0.0492,0.82,0.1368,0.5067,1152,129
RSC-2021-01111,v2.1.4,2021-04-22 04:57:28,44,0.0861,0.8123,0.1327,0.5025,1264,112
RSC-2021-01112,v2.3.0,2021-05-01 03:29:59,37,0.0255,0.8273,0.1269,0.4934,1540,114
RSC-2021-01113,v2.2.1,2021-09-13 22:12:34,38,0.0137,0.8175,0.1318,0.5009,1304,33
RSC-2021-01114,v2.1.3,2021-05-08 13:23:11,54,0.0552,0.8117,0.1303,0.5103,1159,91
RSC-2021-01115,v2.3.0,2021-01-03 20:28:32,49,0.0457,0.814,0.1505,0.5311,1136,32
RSC-2021-01116,v2.2.0,2021-01-13 22:20:19,37,0.1208,0.8097,0.1514,0.5302,1336,31
RSC-2021-01117,v2.3.0,2021-08-22 06:36:56,54,0.0235,0.8168,0.1748,0.4959,889,25
RSC-2021-01118,v2.1.3,2021-05-06 20:47:35,34,0.0072,0.8042,0.1351,0.4818,1363,91
RSC-2021-01119,v2.2.0,2021-01-02 07:33:03,41,0.0119,0.8012,0.1582,0.4728,1129,53
RSC-2021-01120,v2.1.3,2021-01-17 20:31:29,37,0.0435,0.8108,0.1342,0.4974,943,20
RSC-2021-01121,v2.1.4,2021-10-15 23:32:20,56,0.0564,0.838,0.1534,0.5334,1467,138
RSC-2021-01122,v2.1.4,2021-05-29 07:31:48,42,0.0618,0.8128,0.1211,0.4967,1118,130
RSC-2021-01123,v2.2.0,2021-06-17 04:08:56,49,0.1152,0.8161,0.1291,0.5169,1270,70
RSC-2021-01124,v2.2.0,2021-03-25 11:05:37,57,0.0133,0.783,0.1263,0.5402,971,35
RSC-2021-01125,v2.3.0,2021-04-06 01:04:06,46,0.0135,0.8178,0.1309,0.5235,1155,34
RSC-2021-01126,v2.2.1,2021-05-15 00:32:12,47,0.0502,0.8039,0.1425,0.5182,1358,68
RSC-2021-01127,v2.1.4,2021-11-24 08:12:14,35,0.0142,0.8002,0.1315,0.492,991,126
RSC-2021-01128,v2.1.4,2021-07-07 00:54:24,47,0.059,0.8301,0.1473,0.5227,1022,126
RSC-2021-01129,v2.1.3,2021-03-03 11:31:47,40,0.0054,0.8497,0.142,0.513,1229,53
RSC-2021-01130,v2.1.4,2021-06-05 10:18:47,54,0.0528,0.772,0.1379,0.4816,980,51
RSC-2021-01131,v2.1.4,2021-04-20 09:35:35,51,0.081,0.8062,0.142,0.516,1291,124
RSC-2021-01132,v2.1.3,2021-02-05 04:19:48,57,0.0314,0.7723,0.1342,0.5079,1156,26
RSC-2021-01133,v2.2.0,2021-01-15 10:12:52,54,0.0644,0.8064,0.1475,0.478,810,45
RSC-2021-01134,v2.2.1,2021-03-11 18:56:06,35,0.0496,0.7815,0.1437,0.5195,1423,88
RSC-2021-01135,v2.2.1,2021-01-18 13:13:24,38,0.0823,0.793,0.1407,0.4776,992,37
RSC-2021-01136,v2.1.3,2021-12-25 14:01:44,47,0.0371,0.8307,0.1298,0.5084,1226,46
RSC-2021-01137,v2.3.0,2021-04-04 08:06:23,38,0.0393,0.8131,0.127,0.5117,1222,139
RSC-2021-01138,v2.1.3,2021-09-02 23:53:17,46,0.0685,0.8228,0.1218,0.5263,1131,125
RSC-2021-01139,v2.2.0,2021-12-24 21:21:22,45,0.025,0.836,0.1328,0.5213,863,110
RSC-2021-01140,v2.1.4,2021-06-29 08:48:22,56,0.0649,0.8122,0.141,0.4988,1448,92
RSC-2021-01141,v2.2.0,2021-11-23 04:23:44,50,0.0165,0.8091,0.1571,0.5246,936,117
RSC-2021-01142,v2.1.4,2021-09-12 05:14:37,38,0.0558,0.8228,0.1305,0.5096,1036,75
RSC-2021-01143,v2.3.0,2021-03-26 23:55:23,41,0.0279,0.8454,0.1376,0.5236,1532,56
RSC-2021-01144,v2.1.3,2021-04-17 02:09:11,49,0.0432,0.8249,0.1447,0.5204,1375,131
RSC-2021-01145,v2.2.0,2021-07-30 23:34:46,41,0.0817,0.8127,0.1649,0.5375,1222,84
RSC-2021-01146,v2.2.0,2021-05-03 05:19:51,46,0.1389,0.8118,0.1517,0.5111,973,95
RSC-2021-01147,v2.1.3,2021-10-01 05:02:51,45,0.0525,0.844,0.1337,0.4792,913,55
RSC-2021-01148,v2.2.1,2021-02-09 14:44:00,36,0.0336,0.805,0.1471,0.5282,852,65
RSC-2021-01149,v2.2.0,2021-02-13 21:42:01,38,0.0284,0.8264,0.1405,0.5324,1084,30
RSC-2021-01150,v2.3.0,2021-06-10 09:25:17,45,0.0578,0.8239,0.1203,0.5255,1594,62
RSC-2021-01151,v2.1.4,2021-09-12 10:02:18,55,0.0023,0.7904,0.1337,0.4764,1346,72
RSC-2021-01152,v2.2.1,2021-04-03 23:37:22,46,0.039,0.8291,0.1499,0.4972,808,52
RSC-2021-01153,v2.1.4,2021-02-12 13:58:25,56,0.0046,0.7998,0.137,0.4801,999,57
RSC-2021-01154,v2.3.0,2021-12-23 08:48:50,35,0.0393,0.7988,0.1427,0.5408,1443,26
RSC-2021-01155,v2.2.0,2021-11-09 13:42:25,34,0.0148,0.8134,0.1255,0.5128,1295,51
RSC-2021-01156,v2.1.3,2021-06-09 03:45:56,49,0.0516,0.8116,0.1357,0.5139,956,35
RSC-2021-01157,v2.3.0,2021-11-24 18:16:21,44,0.0224,0.8612,0.1522,0.5355,1002,39
RSC-2021-01158,v2.2.1,2021-09-19 11:50:14,42,0.0073,0.825,0.1432,0.5389,1149,45
RSC-2021-01159,v2.1.3,2021-08-29 01:48:17,41,0.0448,0.7893,0.1483,0.5184,894,53
RSC-2021-01160,v2.1.4,2021-12-19 21:25:40,43,0.1153,0.8073,0.1429,0.488,1094,106
RSC-2021-01161,v2.2.0,2021-06-27 22:12:57,55,0.0263,0.8518,0.1363,0.5066,1141,50
RSC-2021-01162,v2.1.3,2021-02-25 02:47:51,57,0.0542,0.7897,0.1224,0.5323,1526,96
RSC-2021-01163,v2.2.1,2021-05-05 06:11:02,57,0.0479,0.801,0.1266,0.5118,1531,34
RSC-2021-01164,v2.2.1,2021-07-27 07:07:25,47,0.0122,0.7975,0.1282,0.5173,1260,123
RSC-2021-01165,v2.1.4,2021-08-04 22:11:34,47,0.0201,0.829,0.1276,0.5125,1357,46
RSC-2021-01166,v2.3.0,2021-04-25 16:09:49,48,0.0286,0.7898,0.1442,0.5338,923,28
RSC-2021-01167,v2.1.4,2021-05-15 12:36:58,48,0.0087,0.8322,0.1375,0.5023,1382,75
RSC-2021-01168,v2.1.3,2021-10-15 10:26:11,53,0.0345,0.8117,0.1444,0.5523,1582,120
RSC-2021-01169,v2.1.3,2021-01-06 18:49:42,55,0.0086,0.802,0.1518,0.492,1577,22
RSC-2021-01170,v2.1.3,2021-08-17 09:22:02,48,0.0231,0.8235,0.1452,0.5115,1217,43
RSC-2021-01171,v2.2.0,2021-02-10 06:53:04,41,0.0381,0.8152,0.1681,0.5002,1549,38
RSC-2021-01172,v2.2.0,2021-04-01 17:42:58,54,0.0074,0.8473,0.1384,0.5019,1352,45
RSC-2021-01173,v2.1.4,2021-11-16 04:25:16,48,0.0229,0.8315,0.159,0.4777,885,28
RSC-2021-01174,v2.2.1,2021-12-20 04:25:58,38,0.0529,0.8314,0.153,0.4998,890,48
RSC-2021-01175,v2.1.4,2021-10-23 01:20:22,44,0.0174,0.8082,0.1179,0.5219,1511,84
RSC-2021-01176,v2.3.0,2021-12-23 09:59:48,41,0.0513,0.7944,0.1358,0.4911,1393,94
RSC-2021-01177,v2.2.0,2021-04-18 17:44:10,47,0.0887,0.7989,0.1408,0.507,1119,76
RSC-2021-01178,v2.2.1,2021-09-18 16:11:47,48,0.0653,0.818,0.1312,0.5167,1027,79
RSC-2021-01179,v2.2.0,2021-05-14 06:03:23,56,0.0647,0.8168,0.1562,0.4805,1537,135
RSC-2021-01180,v2.1.4,2021-08-05 21:22:27,49,0.0807,0.785,0.1295,0.4843,1304,78
RSC-2021-01181,v2.1.3,2021-10-17 06:07:27,50,0.0266,0.8061,0.1354,0.5196,1589,103
RSC-2021-01182,v2.1.3,2021-03-13 22:57:38,50,0.0395,0.8156,0.1349,0.515,1488,27
RSC-2021-01183,v2.1.4,2021-05-22 09:02:53,47,0.0614,0.8191,0.1408,0.5013,932,94
RSC-2021-01184,v2.3.0,2021-10-17 19:16:09,46,0.0408,0.8125,0.1327,0.5651,1560,118
RSC-2021-01185,v2.3.0,2021-08-26 14:06:20,51,0.0421,0.8124,0.16,0.5132,984,38
RSC-2021-01186,v2.2.0,2021-12-05 10:25:26,38,0.0251,0.8038,0.1396,0.5139,806,41
RSC-2021-01187,v2.3.0,2021-10-31 02:41:05,55,0.0071,0.8485,0.1285,0.505,1528,25
RSC-2021-01188,v2.2.1,2021-05-03 21:57:36,43,0.0484,0.8179,0.1519,0.4932,1374,27
RSC-2021-01189,v2.1.3,2021-07-09 05:31:14,51,0.0082,0.8379,0.132,0.5254,1012,46
RSC-2021-01190,v2.2.1,2021-06-11 14:18:04,34,0.064,0.7977,0.1444,0.5213,1021,84
RSC-2021-01191,v2.2.1,2021-06-23 04:35:31,40,0.0301,0.7905,0.15,0.555,995,113
RSC-2021-01192,v2.2.0,2021-07-30 08:22:33,35,0.019,0.8068,0.168,0.4882,1177,48
RSC-2021-01193,v2.3.0,2021-07-07 22:14:57,54,0.0544,0.8143,0.1206,0.5347,1267,74
RSC-2021-01194,v2.2.1,2021-05-22 18:16:40,48,0.0324,0.7949,0.1386,0.5202,1515,117
RSC-2021-01195,v2.3.0,2021-02-27 16:44:41,34,0.0143,0.7898,0.1334,0.5484,1261,74
RSC-2021-01196,v2.2.1,2021-08-18 07:38:03,50,0.0294,0.7896,0.1473,0.5314,1125,30
RSC-2021-01197,v2.1.4,2021-07-23 16:59:25,41,0.0228,0.8133,0.1502,0.5254,1471,53
RSC-2021-01198,v2.1.3,2021-06-11 14:47:18,41,0.0834,0.7974,0.1459,0.5196,1481,120
RSC-2021-01199,v2.2.0,2021-01-09 11:27:18,49,0.0461,0.8267,0.1285,0.5412,1197,95
RSC-2021-01200,v2.2.0,2021-06-08 04:03:23,38,0.0153,0.7979,0.149,0.5207,806,97
RSC-2021-01201,v2.3.0,2021-10-31 02:27:13,47,0.0349,0.8085,0.1409,0.5119,1270,91
RSC-2021-01202,v2.2.0,2021-09-15 23:50:19,52,0.0257,0.8017,0.1268,0.5327,1191,109
RSC-2021-01203,v2.1.4,2021-03-02 23:03:23,34,0.0572,0.8341,0.12,0.5161,1342,115
RSC-2021-01204,v2.1.3,2021-12-19 17:15:35,47,0.0198,0.8156,0.1444,0.491,1308,127
RSC-2021-01205,v2.1.3,2021-07-05 10:35:34,45,0.0257,0.8001,0.1586,0.4921,1075,120
RSC-2021-01206,v2.1.4,2021-11-21 09:40:53,37,0.0237,0.8244,0.1281,0.4914,1396,130
RSC-2021-01207,v2.2.0,2021-02-23 19:40:36,53,0.0335,0.8134,0.1475,0.5138,1568,60
RSC-2021-01208,v2.3.0,2021-10-04 21:50:11,53,0.0347,0.8163,0.1442,0.5265,1201,128
RSC-2021-01209,v2.3.0,2021-01-29 03:34:22,36,0.0068,0.8281,0.1316,0.481,948,124
RSC-2021-01210,v2.3.0,2021-10-10 07:23:29,47,0.0282,0.8136,0.1218,0.5159,1233,130
RSC-2021-01211,v2.1.3,2021-11-06 05:59:58,50,0.0124,0.8109,0.166,0.4763,1483,115
RSC-2021-01212,v2.3.0,2021-03-13 12:19:09,46,0.0371,0.8345,0.1485,0.5511,1161,43
RSC-2021-01213,v2.2.1,2021-09-06 22:17:20,55,0.0516,0.7983,0.1494,0.5378,1536,117
RSC-2021-01214,v2.3.0,2021-09-26 03:56:39,55,0.0245,0.8228,0.1576,0.4877,1152,42
RSC-2021-01215,v2.2.1,2021-10-14 04:55:05,36,0.1132,0.8033,0.15,0.5606,1477,127
RSC-2021-01216,v2.1.4,2021-03-09 06:33:13,36,0.0444,0.8276,0.1567,0.5314,1446,86
RSC-2021-01217,v2.1.3,2021-12-03 00:07:42,49,0.0084,0.8385,0.1373,0.5074,1374,109
RSC-2021-01218,v2.1.4,2021-11-23 05:04:01,55,0.0329,0.8166,0.1321,0.5014,1307,60
RSC-2021-01219,v2.2.1,2021-06-19 11:24:03,36,0.0157,0.807,0.129,0.5212,1059,129
RSC-2021-01220,v2.1.3,2021-10-06 12:15:12,50,0.0141,0.8135,0.1333,0.5218,1278,58
RSC-2021-01221,v2.1.3,2021-08-11 21:10:43,45,0.0485,0.7802,0.1253,0.5237,849,96
RSC-2021-01222,v2.2.0,2021-01-26 23:40:18,44,0.026,0.7962,0.1353,0.4905,1216,24
RSC-2021-01223,v2.2.1,2021-02-20 08:49:44,41,0.0303,0.8285,0.1359,0.5085,1432,132
RSC-2021-01224,v2.1.4,2021-06-27 13:43:07,41,0.0738,0.8068,0.1439,0.5194,1246,66
RSC-2021-01225,v2.2.1,2021-11-11 03:13:04,35,0.0569,0.8031,0.1522,0.5351,841,120
RSC-2021-01226,v2.3.0,2021-11-20 17:49:21,55,0.039,0.8074,0.1351,0.4982,1323,63
RSC-2021-01227,v2.1.3,2021-02-02 01:16:32,54,0.0209,0.7893,0.1523,0.5285,1134,54
RSC-2021-01228,v2.1.4,2021-12-02 07:20:26,45,0.0308,0.8042,0.1503,0.5237,814,40
RSC-2021-01229,v2.1.3,2021-11-14 21:10:39,37,0.0414,0.8009,0.1375,0.5045,1441,108
RSC-2021-01230,v2.3.0,2021-12-21 16:47:24,37,0.0126,0.8062,0.1261,0.5333,1461,50
RSC-2021-01231,v2.3.0,2021-02-11 19:12:05,57,0.0223,0.7887,0.1534,0.4898,813,134
RSC-2021-01232,v2.2.1,2021-12-28 11:29:50,37,0.0371,0.8357,0.1558,0.5082,807,134
RSC-2021-01233,v2.2.0,2021-12-21 02:24:24,39,0.045,0.8007,0.1293,0.512,1567,56
RSC-2021-01234,v2.3.0,2021-10-03 10:46:41,40,0.0134,0.7933,0.1488,0.4748,1345,92
RSC-2021-01235,v2.1.3,2021-08-17 16:23:23,56,0.0159,0.8031,0.115,0.5159,888,36
RSC-2021-01236,v2.1.3,2021-12-15 01:08:07,57,0.0353,0.8418,0.1177,0.5345,1542,125
RSC-2021-01237,v2.1.3,2021-02-06 07:50:24,44,0.0832,0.7833,0.1378,0.5027,1126,41
RSC-2021-01238,v2.3.0,2021-02-20 01:25:36,35,0.0512,0.8294,0.1394,0.533,904,76
RSC-2021-01239,v2.2.1,2021-03-01 18:54:40,55,0.0551,0.8351,0.1356,0.5253,1485,38
RSC-2021-01240,v2.2.0,2021-10-27 17:16:32,48,0.0534,0.8117,0.1492,0.5109,1194,139
RSC-2021-01241,v2.1.4,2021-10-04 20:04:52,45,0.0201,0.8342,0.1371,0.5223,1273,134
RSC-2021-01242,v2.2.1,2021-08-18 00:33:17,44,0.0064,0.7946,0.1315,0.5035,900,90
RSC-2021-01243,v2.1.3,2021-05-19 03:12:40,43,0.0895,0.7769,0.1388,0.5487,1592,100
RSC-2021-01244,v2.3.0,2021-02-06 17:28:54,47,0.029,0.7981,0.1366,0.4883,1451,129
RSC-2021-01245,v2.1.3,2021-02-11 03:05:32,47,0.0349,0.809,0.1759,0.5162,1537,68
RSC-2021-01246,v2.1.4,2021-04-27 18:18:00,54,0.0854,0.8473,0.144,0.5238,962,137
RSC-2021-01247,v2.3.0,2021-05-12 01:24:20,46,0.0636,0.8213,0.1364,0.5103,1249,74
RSC-2021-01248,v2.2.0,2021-02-19 08:54:27,39,0.0063,0.8415,0.1451,0.5132,1517,57
RSC-2021-01249,v2.3.0,2021-03-05 19:58:13,36,0.0559,0.7966,0.1541,0.5069,1105,26
RSC-2021-01250,v2.1.4,2021-07-18 07:33:58,37,0.0283,0.8056,0.1139,0.4946,1227,62
RSC-2021-01251,v2.3.0,2021-11-19 08:17:44,42,0.0245,0.8033,0.1571,0.506,1234,36
RSC-2021-01252,v2.2.0,2021-07-12 23:04:41,36,0.0428,0.8256,0.1305,0.5323,927,85
RSC-2021-01253,v2.1.4,2021-08-25 05:49:51,41,0.0596,0.7702,0.1419,0.4641,1432,127
RSC-2021-01254,v2.3.0,2021-05-07 14:36:31,56,0.0248,0.8087,0.1539,0.4978,1265,95
RSC-2021-01255,v2.1.3,2021-01-04 15:21:53,37,0.0779,0.821,0.1445,0.5121,801,132
RSC-2021-01256,v2.3.0,2021-01-25 10:49:12,36,0.0204,0.8274,0.1465,0.4828,890,28
RSC-2021-01257,v2.1.3,2021-01-08 10:21:20,51,0.0473,0.8351,0.1492,0.5134,1589,37
RSC-2021-01258,v2.1.4,2021-11-05 14:09:03,43,0.0131,0.8126,0.1581,0.5162,1206,98
RSC-2021-01259,v2.1.4,2021-05-16 12:15:23,38,0.101,0.835,0.1557,0.512,1282,78
RSC-2021-01260,v2.2.0,2021-11-01 08:16:53,56,0.0422,0.8051,0.134,0.5074,1551,125
RSC-2021-01261,v2.2.0,2021-07-15 11:45:23,46,0.0679,0.8191,0.1559,0.542,1589,107
RSC-2021-01262,v2.1.4,2021-11-22 23:09:49,40,0.0464,0.8039,0.1654,0.5243,1213,137
RSC-2021-01263,v2.1.3,2021-11-04 19:53:20,54,0.0179,0.824,0.1385,0.5297,1594,92
RSC-2021-01264,v2.2.1,2021-08-25 21:24:55,44,0.0235,0.838,0.151,0.4865,938,59
RSC-2021-01265,v2.2.1,2021-11-10 19:11:23,48,0.0352,0.8549,0.1409,0.4824,1323,84
RSC-2021-01266,v2.1.4,2021-07-16 12:44:07,35,0.069,0.8369,0.1531,0.5034,1420,130
RSC-2021-01267,v2.2.0,2021-08-28 21:54:59,55,0.0333,0.8446,0.1557,0.5166,1378,60
RSC-2021-01268,v2.2.1,2021-02-24 02:51:03,56,0.0003,0.8259,0.1415,0.5289,958,40
RSC-2021-01269,v2.1.3,2021-07-12 10:49:33,47,0.0826,0.7934,0.14,0.487,870,65
RSC-2021-01270,v2.2.0,2021-05-30 00:17:50,55,0.0272,0.7976,0.138,0.5079,1215,27
RSC-2021-01271,v2.1.3,2021-01-18 00:05:14,51,0.0654,0.7722,0.1514,0.5431,1599,123
RSC-2021-01272,v2.1.3,2021-08-12 06:00:06,43,0.0227,0.8249,0.1411,0.5077,1395,75
RSC-2021-01273,v2.3.0,2021-02-03 15:46:46,49,0.0782,0.7749,0.1701,0.4891,1457,79
RSC-2021-01274,v2.2.1,2021-04-27 20:26:10,53,0.0621,0.7988,0.1357,0.5214,859,82
RSC-2021-01275,v2.3.0,2021-01-23 02:07:19,55,0.0188,0.8008,0.1409,0.4762,1047,39
RSC-2021-01276,v2.3.0,2021-10-01 11:21:31,42,0.0313,0.7946,0.1559,0.4839,1232,47
RSC-2021-01277,v2.2.0,2021-07-20 09:15:14,51,0.026,0.7749,0.137,0.5026,1489,92
RSC-2021-01278,v2.1.3,2021-06-30 00:19:35,56,0.0565,0.8347,0.1473,0.4998,1145,35
RSC-2021-01279,v2.1.3,2021-06-29 01:39:46,49,0.0464,0.82,0.1506,0.5095,841,91
RSC-2021-01280,v2.1.3,2021-01-21 09:17:30,52,0.0218,0.808,0.1336,0.5338,1006,77
RSC-2021-01281,v2.2.0,2021-12-17 20:13:13,41,0.0667,0.836,0.1384,0.4927,1511,76
RSC-2021-01282,v2.2.0,2021-01-09 00:34:45,38,0.0324,0.7977,0.1344,0.475,1426,84
RSC-2021-01283,v2.2.0,2021-10-04 04:33:05,35,0.0286,0.8454,0.1463,0.5086,853,103
RSC-2021-01284,v2.1.4,2021-08-23 22:39:32,48,0.0097,0.8292,0.1319,0.5317,933,72
RSC-2021-01285,v2.1.4,2021-09-15 09:47:48,56,0.0155,0.8465,0.1383,0.5134,1575,72
RSC-2021-01286,v2.1.4,2021-04-15 09:26:32,55,0.0326,0.7983,0.1362,0.5114,871,112
RSC-2021-01287,v2.1.4,2021-09-18 22:34:33,56,0.0322,0.8203,0.1582,0.5077,1407,92
RSC-2021-01288,v2.2.0,2021-02-17 19:07:58,39,0.0459,0.8035,0.1556,0.5077,853,70
RSC-2021-01289,v2.3.0,2021-08-03 16:37:44,45,0.0486,0.8092,0.1343,0.5274,1495,99
RSC-2021-01290,v2.2.1,2021-01-27 07:46:57,37,0.0663,0.8248,0.1307,0.4985,1527,119
RSC-2021-01291,v2.1.3,2021-12-18 21:13:37,46,0.0816,0.8129,0.1579,0.4814,958,59
RSC-2021-01292,v2.2.1,2021-07-13 00:14:18,46,0.041,0.7924,0.134,0.5106,859,86
RSC-2021-01293,v2.2.1,2021-06-04 21:27:34,53,0.0232,0.8267,0.157,0.4845,1436,87
RSC-2021-01294,v2.1.3,2021-08-18 14:41:19,39,0.0203,0.8218,0.1445,0.5016,1187,107
RSC-2021-01295,v2.1.3,2021-08-12 06:17:01,34,0.0368,0.8387,0.1436,0.4685,800,88
RSC-2021-01296,v2.2.0,2021-02-03 18:17:55,39,0.0361,0.8064,0.1205,0.4724,1386,135
RSC-2021-01297,v2.2.0,2021-09-03 09:37:36,46,0.0331,0.8257,0.1451,0.5388,950,84
RSC-2021-01298,v2.1.4,2021-11-14 01:06:57,39,0.0648,0.8057,0.1483,0.5325,944,103
RSC-2021-01299,v2.1.4,2021-11-30 17:37:44,47,0.0054,0.8128,0.135,0.5277,1386,82
RSC-2021-01300,v2.1.4,2021-07-10 13:40:22,34,0.0361,0.8055,0.1298,0.5323,1036,68
RSC-2021-01301,v2.2.0,2021-05-17 10:27:28,43,0.0269,0.811,0.1395,0.508,1133,106
RSC-2021-01302,v2.1.3,2021-04-05 02:30:08,41,0.0634,0.8553,0.1342,0.4882,1593,34
RSC-2021-01303,v2.2.1,2021-05-12 20:18:13,52,0.0448,0.8156,0.1527,0.5119,1086,20
RSC-2021-01304,v2.2.1,2021-02-14 17:15:46,53,0.0205,0.8086,0.1342,0.5263,1502,25
RSC-2021-01305,v2.2.1,2021-05-23 05:01:22,54,0.0583,0.7864,0.1487,0.5167,912,29
RSC-2021-01306,v2.2.1,2021-09-17 05:51:20,50,0.1196,0.8158,0.1532,0.5024,1578,33
RSC-2021-01307,v2.3.0,2021-05-16 02:10:41,43,0.0533,0.7997,0.1418,0.5388,1093,65
RSC-2021-01308,v2.2.0,2021-04-21 14:26:31,54,0.0084,0.7815,0.1503,0.5616,1216,80
RSC-2021-01309,v2.1.4,2021-07-25 18:33:25,47,0.0834,0.8236,0.1324,0.5132,1300,91
RSC-2021-01310,v2.1.4,2021-08-26 09:33:10,48,0.0283,0.7996,0.1279,0.5029,1236,46
RSC-2021-01311,v2.2.1,2021-01-08 10:32:35,55,0.0092,0.7894,0.1524,0.5328,802,52
RSC-2021-01312,v2.2.0,2021-07-07 20:35:48,50,0.0711,0.7931,0.1413,0.5094,1427,134
RSC-2021-01313,v2.1.3,2021-11-24 19:02:25,42,0.0217,0.8195,0.1232,0.5061,1169,110
RSC-2021-01314,v2.1.4,2021-09-27 23:07:14,48,0.0111,0.835,0.1438,0.5144,1092,108
RSC-2021-01315,v2.2.1,2021-05-23 18:11:45,53,0.0744,0.8155,0.1483,0.5309,917,119
RSC-2021-01316,v2.3.0,2021-05-30 08:09:28,42,0.0485,0.7707,0.1486,0.5088,1392,53
RSC-2021-01317,v2.1.3,2021-07-09 12:07:46,38,0.0289,0.8181,0.1418,0.5001,1074,65
RSC-2021-01318,v2.2.1,2021-05-16 12:41:38,48,0.0319,0.8229,0.1355,0.4916,1407,65
RSC-2021-01319,v2.2.0,2021-12-03 18:26:36,42,0.0156,0.8014,0.1307,0.4896,1037,108
RSC-2021-01320,v2.1.4,2021-08-14 15:07:10,46,0.0581,0.7908,0.147,0.5322,1261,45
RSC-2021-01321,v2.1.4,2021-08-24 10:55:23,34,0.0033,0.8262,0.1609,0.5193,1380,23
RSC-2021-01322,v2.2.0,2021-12-01 05:47:09,48,0.037,0.811,0.149,0.4688,1354,49
RSC-2021-01323,v2.1.3,2021-05-26 03:47:14,47,0.0547,0.8172,0.1409,0.5239,889,99
RSC-2021-01324,v2.1.4,2021-05-30 22:57:08,46,0.0352,0.8181,0.1569,0.5042,813,26
RSC-2021-01325,v2.1.4,2021-02-04 18:00:22,48,0.0072,0.7768,0.1583,0.526,1249,81
RSC-2021-01326,v2.2.0,2021-04-08 21:43:34,57,0.0603,0.8357,0.1456,0.4804,1246,30
RSC-2021-01327,v2.3.0,2021-07-13 01:31:24,57,0.0316,0.807,0.1519,0.5245,966,64
RSC-2021-01328,v2.2.1,2021-12-25 00:25:27,57,0.0296,0.771,0.1267,0.5599,1121,28
RSC-2021-01329,v2.1.3,2021-05-16 23:10:11,53,0.013,0.773,0.1332,0.541,1167,108
RSC-2021-01330,v2.3.0,2021-09-10 06:29:31,46,0.0349,0.796,0.1452,0.4973,1452,82
RSC-2021-01331,v2.3.0,2021-08-03 12:18:50,35,0.0586,0.8283,0.1472,0.5087,1202,116
RSC-2021-01332,v2.3.0,2021-07-08 22:48:32,40,0.0115,0.8071,0.1443,0.5333,1524,43
RSC-2021-01333,v2.2.0,2021-11-03 17:26:40,57,0.0335,0.8218,0.1528,0.5238,886,139
RSC-2021-01334,v2.1.4,2021-05-27 04:01:54,54,0.0455,0.8201,0.131,0.5276,984,69
RSC-2021-01335,v2.1.3,2021-04-17 10:53:38,51,0.0329,0.8165,0.1254,0.481,927,67
RSC-2021-01336,v2.1.3,2021-12-05 15:31:10,36,0.076,0.8088,0.1493,0.5241,814,74
RSC-2021-01337,v2.1.4,2021-06-01 10:39:34,53,0.0521,0.8123,0.1497,0.4724,999,80
RSC-2021-01338,v2.1.3,2021-10-08 12:10:31,36,0.0097,0.8143,0.1381,0.4863,1334,36
RSC-2021-01339,v2.3.0,2021-01-25 04:09:00,56,0.0175,0.8239,0.1189,0.5103,844,93
RSC-2021-01340,v2.3.0,2021-01-30 23:49:54,34,0.0305,0.7986,0.1267,0.4991,1420,132
RSC-2021-01341,v2.2.1,2021-02-03 12:12:39,53,0.0791,0.8054,0.1414,0.5181,1320,21
RSC-2021-01342,v2.2.1,2021-07-19 15:11:04,44,0.0302,0.8413,0.1419,0.5014,1254,53
RSC-2021-01343,v2.3.0,2021-03-22 22:38:45,41,0.056,0.8233,0.1402,0.515,1555,63
RSC-2021-01344,v2.1.3,2021-03-03 07:18:08,46,0.0251,0.803,0.1613,0.5252,1176,128
RSC-2021-01345,v2.2.0,2021-12-28 00:56:49,51,0.0474,0.8084,0.1521,0.5408,1567,38
RSC-2021-01346,v2.1.4,2021-08-02 02:27:27,44,0.0808,0.7961,0.1661,0.5077,1378,128
RSC-2021-01347,v2.3.0,2021-06-05 22:41:22,51,0.0251,0.8327,0.1445,0.5365,1315,49
RSC-2021-01348,v2.1.4,2021-09-29 21:16:09,57,0.033,0.8098,0.1509,0.5385,1338,74
RSC-2021-01349,v2.2.1,2021-06-04 00:12:56,53,0.0335,0.826,0.1566,0.5061,861,43
RSC-2021-01350,v2.1.4,2021-08-24 19:31:19,48,0.0535,0.8152,0.1258,0.4952,1483,65
RSC-2021-01351,v2.2.1,2021-09-13 00:29:56,57,0.0268,0.7831,0.1616,0.47,1404,138
RSC-2021-01352,v2.2.0,2021-06-29 20:11:42,51,0.0148,0.8116,0.1584,0.5118,860,113
RSC-2021-01353,v2.1.3,2021-08-12 17:10:39,52,0.0616,0.8011,0.1373,0.4938,1354,81
RSC-2021-01354,v2.2.0,2021-12-01 03:04:23,57,0.0142,0.7825,0.1307,0.5264,1200,110
RSC-2021-01355,v2.2.1,2021-03-24 13:53:30,36,0.0472,0.7827,0.1626,0.5124,1115,115
RSC-2021-01356,v2.2.0,2021-01-15 15:37:23,52,0.0214,0.8362,0.1552,0.4798,1337,22
RSC-2021-01357,v2.2.0,2021-10-25 01:09:40,49,0.0571,0.8121,0.1616,0.5104,1556,20
RSC-2021-01358,v2.1.3,2021-06-07 08:06:14,42,0.0126,0.8255,0.1455,0.4829,1395,46
RSC-2021-01359,v2.2.1,2021-07-24 11:52:03,54,0.0141,0.8079,0.1351,0.486,1153,50
RSC-2021-01360,v2.2.1,2021-07-12 22:37:35,45,0.0282,0.8449,0.1215,0.5031,1325,48
RSC-2021-01361,v2.1.3,2021-08-23 02:25:36,35,0.0273,0.793,0.1489,0.5243,1142,28
RSC-2021-01362,v2.3.0,2021-02-01 06:04:39,51,0.0247,0.8027,0.1516,0.5183,980,56
RSC-2021-01363,v2.1.3,2021-12-17 08:51:21,41,0.0464,0.7916,0.1458,0.5389,1254,84
RSC-2021-01364,v2.2.1,2021-05-12 06:26:14,51,0.0579,0.8169,0.1265,0.5145,1446,125
RSC-2021-01365,v2.2.1,2021-07-02 23:02:44,56,0.0409,0.7938,0.1434,0.5075,962,105
RSC-2021-01366,v2.2.1,2021-03-10 18:43:49,52,0.0171,0.8045,0.1384,0.509,1010,106
RSC-2021-01367,v2.1.4,2021-01-18 04:12:04,38,0.0648,0.7971,0.1464,0.5053,1315,139
RSC-2021-01368,v2.2.0,2021-11-12 05:03:08,39,0.0412,0.8014,0.1469,0.5261,1491,48
RSC-2021-01369,v2.3.0,2021-12-23 09:55:35,39,0.0225,0.8362,0.1247,0.5083,1075,122
RSC-2021-01370,v2.1.4,2021-11-29 10:12:02,37,0.0188,0.7919,0.1307,0.502,849,37
RSC-2021-01371,v2.1.3,2021-01-20 22:22:16,36,0.0292,0.8335,0.1378,0.5072,869,26
RSC-2021-01372,v2.1.3,2021-01-24 09:59:51,39,0.0068,0.8127,0.1392,0.5259,831,94
RSC-2021-01373,v2.2.1,2021-02-11 07:39:28,46,0.0669,0.8093,0.1575,0.4893,1156,21
RSC-2021-01374,v2.1.3,2021-06-26 10:10:59,57,0.0361,0.8191,0.127,0.4871,1522,26
RSC-2021-01375,v2.1.3,2021-11-30 21:23:58,50,0.049,0.8094,0.1396,0.524,1304,98
RSC-2021-01376,v2.1.3,2021-10-26 07:28:55,40,0.0353,0.8468,0.1441,0.5175,1555,70
RSC-2021-01377,v2.2.1,2021-11-16 00:15:01,44,0.0046,0.8152,0.1304,0.5237,1229,57
RSC-2021-01378,v2.1.3,2021-03-26 04:57:47,51,0.0393,0.7971,0.1203,0.4878,1114,34
RSC-2021-01379,v2.2.1,2021-10-26 06:39:24,36,0.0058,0.7894,0.1314,0.5215,1397,29
RSC-2021-01380,v2.2.1,2021-06-29 02:36:02,54,0.0336,0.7828,0.1375,0.4895,1571,134
RSC-2021-01381,v2.1.4,2021-01-27 09:47:40,39,0.0471,0.8235,0.171,0.5222,1261,25
RSC-2021-01382,v2.1.3,2021-01-05 00:05:48,34,0.0046,0.7948,0.1211,0.5098,1004,64
RSC-2021-01383,v2.1.3,2021-02-26 00:55:59,48,0.0612,0.7881,0.1492,0.4736,1283,46
RSC-2021-01384,v2.2.0,2021-06-07 19:10:59,37,0.0239,0.8229,0.1469,0.4753,1487,110
RSC-2021-01385,v2.1.4,2021-02-14 17:56:20,38,0.0905,0.8229,0.1309,0.5358,1078,103
RSC-2021-01386,v2.1.4,2021-10-01 14:20:27,44,0.0519,0.7878,0.149,0.5174,825,51
RSC-2021-01387,v2.1.4,2021-12-13 17:32:21,41,0.0911,0.8343,0.1368,0.523,989,124
RSC-2021-01388,v2.1.4,2021-05-01 20:33:54,56,0.0144,0.816,0.1253,0.5189,1189,134
RSC-2021-01389,v2.1.4,2021-11-11 01:20:35,43,0.0199,0.8021,0.1501,0.515,1264,25
RSC-2021-01390,v2.3.0,2021-06-13 12:35:03,48,0.0215,0.8046,0.131,0.5179,1594,111
RSC-2021-01391,v2.1.3,2021-02-03 18:37:18,40,0.0277,0.8071,0.1379,0.5293,1048,106
RSC-2021-01392,v2.3.0,2021-06-22 01:51:52,51,0.0327,0.7896,0.1425,0.5221,1080,23
RSC-2021-01393,v2.1.3,2021-01-30 10:48:16,51,0.0473,0.8192,0.1203,0.5054,1540,44
RSC-2021-01394,v2.1.3,2021-08-06 10:11:00,54,0.0319,0.7879,0.1427,0.5206,1062,91
RSC-2021-01395,v2.1.4,2021-03-27 08:43:11,42,0.0433,0.8366,0.1512,0.5391,1442,117
RSC-2021-01396,v2.3.0,2021-01-24 18:56:52,39,0.0194,0.8045,0.1381,0.5358,1437,49
RSC-2021-01397,v2.2.0,2021-05-17 13:07:10,41,0.0383,0.8418,0.1359,0.524,982,52
RSC-2021-01398,v2.1.3,2021-11-19 05:25:03,39,0.0365,0.8066,0.1398,0.5211,1120,45
RSC-2021-01399,v2.2.1,2021-05-21 04:38:06,43,0.0281,0.8098,0.1682,0.5134,1016,45
RSC-2021-01400,v2.1.4,2021-05-20 16:04:05,42,0.0102,0.8027,0.1563,0.509,1113,35
RSC-2021-01401,v2.3.0,2021-09-28 22:05:48,43,0.0411,0.8562,0.1355,0.5254,1316,40
RSC-2021-01402,v2.1.3,2021-04-22 13:08:37,38,0.0222,0.7845,0.1183,0.5136,1220,121
RSC-2021-01403,v2.3.0,2021-05-29 21:25:38,34,0.0537,0.8202,0.152,0.4863,1249,72
RSC-2021-01404,v2.1.4,2021-11-11 11:24:02,53,0.0776,0.8046,0.1409,0.4934,1422,26
RSC-2021-01405,v2.1.4,2021-04-03 18:45:31,41,0.0808,0.8157,0.1371,0.5006,929,22
RSC-2021-01406,v2.3.0,2021-12-10 14:47:33,37,0.071,0.791,0.1338,0.5271,1169,125
RSC-2021-01407,v2.1.4,2021-06-27 17:30:26,55,0.0547,0.8208,0.1651,0.5026,800,27
RSC-2021-01408,v2.2.1,2021-11-14 11:21:50,45,0.0483,0.8111,0.1574,0.5194,1118,118
RSC-2021-01409,v2.1.4,2021-05-04 00:55:26,39,0.0757,0.8492,0.1143,0.5429,1318,100
RSC-2021-01410,v2.2.1,2021-01-26 23:04:25,40,0.008,0.7782,0.1223,0.5161,913,131
RSC-2021-01411,v2.2.1,2021-09-26 03:13:18,49,0.0716,0.8221,0.1315,0.492,1194,113
RSC-2021-01412,v2.2.0,2021-06-10 00:39:14,36,0.0666,0.8018,0.1425,0.4978,1243,108
RSC-2021-01413,v2.2.1,2021-06-11 00:26:32,35,0.1095,0.8463,0.1485,0.5123,1086,125
RSC-2021-01414,v2.1.3,2021-03-07 07:23:12,39,0.0792,0.8377,0.1461,0.5458,908,113
RSC-2021-01415,v2.2.1,2021-07-23 06:40:55,45,0.0188,0.7885,0.1621,0.537,1174,66
RSC-2021-01416,v2.2.0,2021-12-06 12:43:19,35,0.0161,0.8112,0.1276,0.5253,1542,126
RSC-2021-01417,v2.2.1,2021-07-24 12:08:19,38,0.023,0.8178,0.1582,0.5111,1266,84
RSC-2021-01418,v2.1.4,2021-09-26 04:55:53,54,0.0028,0.8007,0.1221,0.501,854,97
RSC-2021-01419,v2.1.3,2021-09-04 09:26:50,54,0.0271,0.7915,0.1649,0.5255,810,33
RSC-2021-01420,v2.1.3,2021-12-15 03:49:32,39,0.0254,0.8399,0.1574,0.5074,1283,25
RSC-2021-01421,v2.1.4,2021-12-08 00:46:37,43,0.0249,0.8191,0.1373,0.514,1164,48
RSC-2021-01422,v2.1.3,2021-09-03 13:52:49,38,0.0217,0.8243,0.1499,0.4538,1171,138
RSC-2021-01423,v2.3.0,2021-07-12 16:52:15,55,0.0527,0.8153,0.1311,0.5254,1503,50
RSC-2021-01424,v2.3.0,2021-08-31 10:18:29,37,0.0145,0.7748,0.1456,0.4942,1459,97
RSC-2021-01425,v2.1.3,2021-05-13 13:35:31,54,0.058,0.7997,0.1309,0.5258,874,56
RSC-2021-01426,v2.1.4,2021-10-16 17:50:56,45,0.0854,0.8113,0.1449,0.5261,1211,119
RSC-2021-01427,v2.1.4,2021-05-30 09:40:53,49,0.0623,0.8248,0.1677,0.5271,1025,99
RSC-2021-01428,v2.3.0,2021-11-02 21:22:31,47,0.0516,0.8373,0.1329,0.5159,1202,113
RSC-2021-01429,v2.2.1,2021-02-27 14:33:47,47,0.034,0.8321,0.1498,0.4838,859,121
RSC-2021-01430,v2.3.0,2021-02-23 11:45:18,42,0.0585,0.8171,0.1134,0.5157,1088,129
RSC-2021-01431,v2.2.1,2021-03-02 19:12:57,35,0.0156,0.7776,0.1627,0.5163,818,98
RSC-2021-01432,v2.1.4,2021-07-28 04:36:09,52,0.0309,0.7922,0.1537,0.4964,1301,36
RSC-2021-01433,v2.1.3,2021-11-26 09:22:06,34,0.0147,0.8423,0.1359,0.5039,1180,106
RSC-2021-01434,v2.2.1,2021-10-02 08:24:05,45,0.0593,0.7991,0.1454,0.4992,1543,39
RSC-2021-01435,v2.1.3,2021-11-05 08:27:19,57,0.0693,0.8032,0.1393,0.5365,1000,132
RSC-2021-01436,v2.2.1,2021-04-26 09:50:40,42,0.0359,0.7741,0.1374,0.4833,851,53
RSC-2021-01437,v2.2.0,2021-05-04 01:17:06,50,0.0291,0.8267,0.1481,0.5088,1533,74
RSC-2021-01438,v2.2.1,2021-12-10 01:23:01,49,0.0219,0.817,0.1287,0.5059,1398,74
RSC-2021-01439,v2.2.1,2021-08-08 19:50:27,37,0.032,0.8346,0.1465,0.4977,1540,68
RSC-2021-01440,v2.1.3,2021-11-19 21:10:27,38,0.0314,0.8031,0.1394,0.4873,1140,112
RSC-2021-01441,v2.3.0,2021-12-01 07:05:12,48,0.0661,0.7579,0.1287,0.5494,1509,98
RSC-2021-01442,v2.2.0,2021-12-02 21:45:34,41,0.0616,0.7974,0.1497,0.511,1440,88
RSC-2021-01443,v2.1.4,2021-08-06 08:19:09,37,0.0258,0.7801,0.1383,0.4906,1005,69
RSC-2021-01444,v2.1.4,2021-01-09 23:07:12,41,0.0184,0.8034,0.1588,0.5201,1217,21
RSC-2021-01445,v2.1.4,2021-05-04 20:45:55,38,0.0298,0.8138,0.1488,0.4974,1269,67
RSC-2021-01446,v2.2.1,2021-10-10 21:01:30,38,0.068,0.8229,0.1375,0.5069,1518,108
RSC-2021-01447,v2.2.1,2021-08-20 07:38:53,53,0.0255,0.8063,0.1575,0.5109,1136,66
RSC-2021-01448,v2.2.1,2021-02-21 09:29:31,34,0.0039,0.8074,0.1215,0.4786,1333,91
RSC-2021-01449,v2.2.1,2021-10-19 07:29:31,51,0.0147,0.8469,0.1619,0.5184,989,92
RSC-2021-01450,v2.3.0,2021-06-21 19:53:36,38,0.0338,0.8081,0.1566,0.5071,832,76
RSC-2021-01451,v2.3.0,2021-02-04 16:47:01,41,0.0596,0.8032,0.1414,0.5252,1498,99
RSC-2021-01452,v2.2.0,2021-04-09 22:47:03,50,0.0132,0.8327,0.1404,0.513,938,30
RSC-2021-01453,v2.2.1,2021-02-21 01:26:21,51,0.0483,0.8004,0.1224,0.5386,1264,67
RSC-2021-01454,v2.2.1,2021-04-21 06:25:39,49,0.0279,0.8277,0.1469,0.4925,1094,62
RSC-2021-01455,v2.1.3,2021-07-29 18:18:33,50,0.0614,0.8138,0.1315,0.4882,1027,127
RSC-2021-01456,v2.3.0,2021-12-12 14:16:39,46,0.0525,0.7798,0.1494,0.5427,1415,65
RSC-2021-01457,v2.3.0,2021-08-18 07:08:23,47,0.0798,0.8349,0.1181,0.4944,870,122
RSC-2021-01458,v2.1.3,2021-08-25 12:01:51,45,0.016,0.779,0.1445,0.5037,1556,71
RSC-2021-01459,v2.1.4,2021-05-05 13:22:50,39,0.0578,0.8138,0.153,0.5163,941,134
RSC-2021-01460,v2.1.4,2021-02-01 01:05:47,54,0.0164,0.8013,0.1489,0.4974,1031,91
RSC-2021-01461,v2.1.3,2021-01-10 19:38:19,41,0.0251,0.7978,0.1552,0.5185,1228,52
RSC-2021-01462,v2.2.0,2021-02-17 18:05:56,50,0.0799,0.8097,0.13,0.5227,1278,129
RSC-2021-01463,v2.2.0,2021-04-02 18:59:40,51,0.0195,0.812,0.1579,0.4993,850,101
RSC-2021-01464,v2.1.4,2021-04-10 05:22:18,55,0.04,0.8262,0.1236,0.5514,815,131
RSC-2021-01465,v2.1.4,2021-05-15 08:12:00,48,0.0566,0.8484,0.1409,0.4991,913,100
RSC-2021-01466,v2.2.1,2021-03-08 06:22:53,48,0.0864,0.8228,0.1434,0.51,1583,60
RSC-2021-01467,v2.2.0,2021-04-16 06:52:43,34,0.0354,0.7942,0.1217,0.5145,1101,45
RSC-2021-01468,v2.3.0,2021-04-26 14:27:38,38,0.06,0.827,0.1443,0.555,962,95
RSC-2021-01469,v2.1.3,2021-10-18 10:38:05,56,0.0144,0.8102,0.1495,0.49,877,72
RSC-2021-01470,v2.1.4,2021-08-05 23:41:41,50,0.0021,0.7954,0.1418,0.532,993,59
RSC-2021-01471,v2.2.1,2021-06-26 22:02:52,45,0.0306,0.7937,0.1553,0.4982,1235,91
RSC-2021-01472,v2.3.0,2021-02-09 04:23:25,49,0.0096,0.8169,0.1373,0.5212,1129,122
RSC-2021-01473,v2.2.0,2021-03-26 10:08:28,44,0.0719,0.8085,0.1287,0.4813,1468,66
RSC-2021-01474,v2.2.1,2021-04-24 06:24:27,37,0.0753,0.8168,0.1265,0.4914,858,53
RSC-2021-01475,v2.1.4,2021-08-01 00:00:44,45,0.0928,0.8157,0.138,0.5433,825,99
RSC-2021-01476,v2.3.0,2021-03-15 00:34:02,39,0.0792,0.8088,0.1496,0.4815,993,54
RSC-2021-01477,v2.3.0,2021-10-30 11:31:14,43,0.0482,0.7873,0.13,0.515,850,64
RSC-2021-01478,v2.1.3,2021-02-19 12:34:39,51,0.0462,0.7849,0.1185,0.4827,919,51
RSC-2021-01479,v2.2.1,2021-10-19 11:36:26,55,0.0437,0.792,0.1417,0.4923,1588,120
RSC-2021-01480,v2.2.0,2021-01-07 06:19:35,34,0.0087,0.8012,0.1253,0.522,1035,103
RSC-2021-01481,v2.3.0,2021-04-27 00:15:10,47,0.0467,0.7864,0.1457,0.5054,1344,125
RSC-2021-01482,v2.2.0,2021-04-05 07:41:43,57,0.0126,0.8091,0.1195,0.454,1354,98
RSC-2021-01483,v2.1.4,2021-10-22 14:59:03,46,0.0545,0.8555,0.1613,0.5119,954,21
RSC-2021-01484,v2.2.1,2021-05-19 13:28:38,56,0.0132,0.7979,0.1219,0.5277,1598,129
RSC-2021-01485,v2.2.0,2021-07-25 05:55:37,56,0.0522,0.7955,0.1511,0.5089,1248,100
RSC-2021-01486,v2.3.0,2021-12-24 22:25:38,39,0.0278,0.8049,0.133,0.5334,1549,35
RSC-2021-01487,v2.2.1,2021-03-20 04:07:26,39,0.0153,0.8068,0.1271,0.5343,845,58
RSC-2021-01488,v2.2.1,2021-09-27 20:52:43,38,0.0667,0.83,0.1534,0.5437,952,76
RSC-2021-01489,v2.2.0,2021-09-22 06:35:07,39,0.0233,0.842,0.1574,0.5204,1396,36
RSC-2021-01490,v2.1.4,2021-11-12 02:56:13,55,0.0085,0.8153,0.1423,0.4804,1022,102
RSC-2021-01491,v2.1.3,2021-07-14 12:56:42,35,0.0068,0.7954,0.15,0.4809,1041,36
RSC-2021-01492,v2.2.0,2021-03-21 04:08:18,46,0.0186,0.7871,0.1318,0.517,1116,61
RSC-2021-01493,v2.1.4,2021-01-09 18:45:34,55,0.0493,0.8223,0.1241,0.5069,1553,102
RSC-2021-01494,v2.3.0,2021-01-19 07:27:17,45,0.1037,0.8203,0.1386,0.5551,1206,78
RSC-2021-01495,v2.1.3,2021-09-04 13:53:46,47,0.0581,0.8207,0.1375,0.4711,1181,36
RSC-2021-01496,v2.1.4,2021-04-07 08:54:24,57,0.0093,0.7564,0.1577,0.5152,1376,71
RSC-2021-01497,v2.1.3,2021-06-22 05:44:34,41,0.0253,0.7998,0.1429,0.5211,1085,39
RSC-2021-01498,v2.2.0,2021-08-27 17:48:32,40,0.0018,0.8292,0.1378,0.5202,877,40
RSC-2021-01499,v2.1.3,2021-04-27 17:33:36,36,0.0194,0.809,0.1374,0.508,863,113
RSC-2021-01500,v2.2.1,2021-03-04 05:36:39,51,0.0182,0.7897,0.1592,0.5532,972,76
RSC-2021-01501,v2.1.3,2021-03-03 15:51:43,41,0.0862,0.796,0.1579,0.5168,1292,137
RSC-2021-01502,v2.1.4,2021-08-21 07:36:46,53,0.0121,0.7992,0.1335,0.509,1538,110
RSC-2021-01503,v2.3.0,2021-06-11 02:47:14,55,0.0399,0.7704,0.1508,0.5049,1580,112
RSC-2021-01504,v2.2.0,2021-07-22 06:06:11,55,0.0071,0.8056,0.14,0.4907,1570,134
RSC-2021-01505,v2.2.0,2021-08-04 10:40:58,57,0.0058,0.7921,0.1433,0.515,1308,133
RSC-2021-01506,v2.3.0,2021-01-20 16:27:03,39,0.0455,0.8312,0.1438,0.5275,1295,121
RSC-2021-01507,v2.2.1,2021-10-25 19:18:47,49,0.0488,0.8135,0.1408,0.526,1092,101
RSC-2021-01508,v2.3.0,2021-08-14 14:37:43,53,0.0273,0.8028,0.1545,0.5271,815,117
RSC-2021-01509,v2.2.1,2021-03-09 14:32:25,51,0.0568,0.792,0.1207,0.4986,1375,37
RSC-2021-01510,v2.2.0,2021-02-22 07:14:10,39,0.0587,0.8149,0.1498,0.4946,1136,114
RSC-2021-01511,v2.1.3,2021-05-30 14:22:31,37,0.0042,0.8249,0.1525,0.532,1027,37
RSC-2021-01512,v2.1.4,2021-10-06 19:52:15,54,0.0162,0.798,0.1427,0.5278,1599,46
RSC-2021-01513,v2.2.0,2021-11-21 10:42:00,36,0.0658,0.8022,0.1487,0.5134,1134,110
RSC-2021-01514,v2.2.0,2021-10-03 00:34:44,51,0.0445,0.7932,0.1398,0.5008,1565,90
RSC-2021-01515,v2.1.4,2021-04-05 21:14:57,54,0.0148,0.8188,0.1468,0.4991,1421,94
RSC-2021-01516,v2.1.3,2021-04-08 05:10:50,35,0.0577,0.8114,0.143,0.5101,1529,85
RSC-2021-01517,v2.2.1,2021-07-20 04:21:11,35,0.0156,0.8065,0.1399,0.56,1162,52
RSC-2021-01518,v2.1.4,2021-05-16 05:27:50,50,0.0352,0.8241,0.1444,0.5003,1553,86
RSC-2021-01519,v2.3.0,2021-04-13 02:10:20,36,0.0321,0.8064,0.1569,0.5449,1029,62
RSC-2021-01520,v2.1.3,2021-06-10 03:28:26,40,0.0402,0.8249,0.1595,0.4996,1455,116
RSC-2021-01521,v2.3.0,2021-02-15 23:13:08,34,0.0495,0.7998,0.1455,0.5445,990,113
RSC-2021-01522,v2.2.0,2021-07-12 14:01:07,56,0.1404,0.8047,0.1386,0.5239,1512,92
RSC-2021-01523,v2.1.3,2021-02-11 07:32:17,41,0.0421,0.8224,0.1443,0.5127,869,79
RSC-2021-01524,v2.1.3,2021-04-13 20:29:14,39,0.0838,0.8084,0.1396,0.5011,1199,30
RSC-2021-01525,v2.1.4,2021-10-04 10:42:03,49,0.02,0.7931,0.1416,0.5073,1420,137
RSC-2021-01526,v2.3.0,2021-04-08 08:12:24,41,0.0523,0.8124,0.1424,0.5219,1308,75
RSC-2021-01527,v2.2.0,2021-01-17 00:27:39,39,0.0235,0.7975,0.1424,0.4976,1551,116
RSC-2021-01528,v2.3.0,2021-10-02 10:36:51,53,0.0213,0.803,0.1552,0.5106,937,77
RSC-2021-01529,v2.1.3,2021-07-29 12:25:15,46,0.0214,0.8254,0.1462,0.5259,1564,39
RSC-2021-01530,v2.1.3,2021-02-26 00:24:19,55,0.0076,0.8365,0.1428,0.5113,1139,29
RSC-2021-01531,v2.2.1,2021-03-01 21:12:18,55,0.0021,0.836,0.125,0.5384,1362,63
RSC-2021-01532,v2.1.3,2021-09-18 16:11:46,43,0.0701,0.8291,0.1389,0.525,837,30
RSC-2021-01533,v2.1.3,2021-06-01 08:19:56,47,0.118,0.8225,0.1396,0.511,1195,32
RSC-2021-01534,v2.2.1,2021-03-25 20:40:31,57,0.0126,0.7982,0.1364,0.5071,1586,79
RSC-2021-01535,v2.1.3,2021-06-24 14:49:00,53,0.0416,0.8224,0.1354,0.5004,1558,130
RSC-2021-01536,v2.1.4,2021-12-17 08:33:42,50,0.0025,0.8394,0.1505,0.5546,1501,21
RSC-2021-01537,v2.3.0,2021-04-24 15:39:28,57,0.0126,0.8082,0.1227,0.5221,1118,57
RSC-2021-01538,v2.2.1,2021-06-12 09:55:58,57,0.0434,0.8345,0.1266,0.5195,1094,60
RSC-2021-01539,v2.2.0,2021-08-21 02:47:43,35,0.0262,0.8283,0.1392,0.4903,1540,29
RSC-2021-01540,v2.2.1,2021-08-04 23:09:07,42,0.0385,0.8318,0.1189,0.5105,1185,136
RSC-2021-01541,v2.3.0,2021-07-28 09:19:47,34,0.0454,0.8069,0.127,0.5394,1528,126
RSC-2021-01542,v2.2.0,2021-03-31 06:44:47,47,0.0427,0.8065,0.1448,0.5119,1446,54
RSC-2021-01543,v2.1.4,2021-04-16 13:07:35,42,0.0309,0.8182,0.1526,0.4987,882,137
RSC-2021-01544,v2.1.4,2021-09-22 13:33:11,42,0.021,0.7814,0.1539,0.5237,912,80
RSC-2021-01545,v2.1.3,2021-07-29 18:08:23,54,0.0045,0.8095,0.1356,0.5263,1164,129
RSC-2021-01546,v2.2.1,2021-07-31 17:02:05,56,0.0609,0.7841,0.1396,0.4989,1581,109
RSC-2021-01547,v2.1.4,2021-08-06 01:31:51,56,0.0367,0.7889,0.1307,0.4769,892,135
RSC-2021-01548,v2.2.1,2021-10-29 12:25:45,46,0.0279,0.8037,0.1476,0.5262,1483,24
RSC-2021-01549,v2.3.0,2021-10-16 07:35:13,35,0.009,0.7827,0.1661,0.5342,928,70
RSC-2021-01550,v2.1.3,2021-03-17 10:29:09,47,0.112,0.7972,0.1617,0.4717,1501,44
RSC-2021-01551,v2.1.4,2021-09-14 18:59:59,56,0.0383,0.8178,0.13,0.5334,1186,69
RSC-2021-01552,v2.1.4,2021-10-08 03:16:45,51,0.0354,0.8183,0.1394,0.5195,989,32
RSC-2021-01553,v2.2.1,2021-08-30 02:17:18,49,0.0134,0.8106,0.1494,0.518,1368,75
RSC-2021-01554,v2.2.1,2021-03-18 13:25:51,45,0.0524,0.8062,0.1184,0.4936,1309,114
RSC-2021-01555,v2.1.4,2021-07-11 02:05:10,45,0.0302,0.8227,0.1335,0.5142,875,95
RSC-2021-01556,v2.2.0,2021-03-26 21:24:55,38,0.063,0.8118,0.1346,0.511,1126,82
RSC-2021-01557,v2.1.4,2021-03-10 22:14:20,49,0.1344,0.7949,0.1261,0.5235,1102,30
RSC-2021-01558,v2.3.0,2021-04-29 00:45:04,53,0.0137,0.8123,0.121,0.5164,1281,132
RSC-2021-01559,v2.2.1,2021-02-05 07:57:41,34,0.0094,0.8081,0.1462,0.5067,1368,134
RSC-2021-01560,v2.1.4,2021-08-31 14:23:35,35,0.0266,0.8235,0.1437,0.5216,1075,49
RSC-2021-01561,v2.2.0,2021-11-08 05:41:25,38,0.089,0.8436,0.1571,0.5624,1392,99
RSC-2021-01562,v2.3.0,2021-07-07 15:16:19,39,0.0256,0.7962,0.1465,0.4778,950,23
RSC-2021-01563,v2.2.0,2021-05-21 23:10:51,48,0.0362,0.8304,0.1696,0.475,833,76
RSC-2021-01564,v2.1.4,2021-01-24 12:27:44,56,0.0327,0.8269,0.1464,0.508,1149,98
RSC-2021-01565,v2.2.0,2021-05-16 06:17:53,50,0.035,0.7998,0.1432,0.5168,1084,90
RSC-2021-01566,v2.1.3,2021-03-31 14:28:27,49,0.0452,0.8164,0.1369,0.5347,1556,48
RSC-2021-01567,v2.1.4,2021-06-06 07:05:47,34,0.0604,0.8019,0.1218,0.4816,890,72
RSC-2021-01568,v2.2.0,2021-04-22 20:52:46,49,0.0184,0.7998,0.1516,0.4898,1188,59
RSC-2021-01569,v2.2.1,2021-10-24 21:09:41,36,0.0453,0.8307,0.1327,0.5149,883,65
RSC-2021-01570,v2.2.0,2021-03-16 18:36:38,38,0.0232,0.8153,0.1309,0.5359,1503,95
RSC-2021-01571,v2.1.3,2021-06-27 06:26:19,41,0.0127,0.8388,0.1235,0.5208,1460,115
RSC-2021-01572,v2.1.4,2021-02-01 02:04:46,52,0.0522,0.758,0.1419,0.5092,1071,69
RSC-2021-01573,v2.3.0,2021-11-08 01:58:28,40,0.0107,0.813,0.1384,0.5136,1107,54
RSC-2021-01574,v2.3.0,2021-06-19 17:14:44,38,0.0263,0.826,0.1637,0.5364,1074,97
RSC-2021-01575,v2.1.4,2021-01-07 23:20:59,35,0.0121,0.791,0.1425,0.4936,889,59
RSC-2021-01576,v2.2.0,2021-12-07 05:58:56,36,0.0068,0.7881,0.1294,0.4979,1021,60
RSC-2021-01577,v2.3.0,2021-06-02 18:23:40,38,0.0562,0.8111,0.1407,0.4739,1517,60
RSC-2021-01578,v2.3.0,2021-08-23 21:53:05,51,0.0663,0.8031,0.1416,0.5467,1499,41
RSC-2021-01579,v2.3.0,2021-06-04 16:02:39,53,0.0696,0.8238,0.147,0.4949,1577,22
RSC-2021-01580,v2.1.3,2021-02-17 15:34:54,42,0.0102,0.8285,0.1466,0.4877,1222,44
RSC-2021-01581,v2.3.0,2021-03-13 18:01:30,44,0.0143,0.82,0.1413,0.492,1332,44
RSC-2021-01582,v2.2.1,2021-11-21 10:58:39,49,0.0031,0.7991,0.1231,0.5306,1466,25
RSC-2021-01583,v2.1.4,2021-12-04 17:31:51,39,0.0181,0.8099,0.1239,0.5075,895,64
RSC-2021-01584,v2.1.4,2021-11-13 09:57:56,52,0.0014,0.8173,0.1486,0.5086,1242,40
RSC-2021-01585,v2.2.1,2021-05-08 09:29:07,56,0.0246,0.7771,0.1297,0.5228,851,123
RSC-2021-01586,v2.1.3,2021-10-04 11:36:19,56,0.0215,0.819,0.1406,0.5168,977,38
RSC-2021-01587,v2.3.0,2021-09-23 11:35:15,43,0.1163,0.8099,0.1491,0.5308,1291,120
RSC-2021-01588,v2.2.0,2021-07-17 08:04:08,47,0.0497,0.8109,0.1314,0.4767,1188,43
RSC-2021-01589,v2.2.1,2021-10-01 21:26:06,34,0.0293,0.8098,0.1588,0.5508,1503,21
RSC-2021-01590,v2.1.4,2021-04-22 14:58:53,45,0.0277,0.8215,0.1371,0.514,952,22
RSC-2021-01591,v2.1.3,2021-06-19 04:30:52,35,0.0773,0.7866,0.1334,0.5245,942,96
RSC-2021-01592,v2.3.0,2021-11-30 01:54:00,54,0.0419,0.8227,0.1486,0.4851,1479,100
RSC-2021-01593,v2.2.1,2021-05-30 21:00:09,37,0.0104,0.8482,0.1275,0.525,1222,33
RSC-2021-01594,v2.1.3,2021-05-06 17:57:25,52,0.0399,0.8278,0.1462,0.5146,1457,95
RSC-2021-01595,v2.1.4,2021-04-14 00:18:51,57,0.0052,0.8053,0.1446,0.5058,1044,112
RSC-2021-01596,v2.3.0,2021-02-15 10:07:20,35,0.0414,0.7988,0.1362,0.5131,1556,23
RSC-2021-01597,v2.2.1,2021-02-15 17:39:10,54,0.0554,0.807,0.1477,0.5521,1043,101
RSC-2021-01598,v2.2.0,2021-10-08 12:03:16,42,0.0054,0.8135,0.14,0.5058,881,127
RSC-2021-01599,v2.2.1,2021-04-07 10:16:31,46,0.013,0.8494,0.1234,0.5004,1304,90
RSC-2021-01600,v2.1.3,2021-03-16 02:41:08,44,0.0575,0.8122,0.1476,0.4861,1562,56
RSC-2021-01601,v2.1.3,2021-11-19 22:57:40,56,0.0184,0.8032,0.1557,0.495,846,81
RSC-2021-01602,v2.1.3,2021-07-19 11:44:32,34,0.0235,0.7915,0.1453,0.513,1023,79
RSC-2021-01603,v2.1.3,2021-04-16 19:57:35,43,0.0346,0.8276,0.14,0.4949,873,79
RSC-2021-01604,v2.1.4,2021-08-25 08:22:14,57,0.0183,0.7855,0.1729,0.4922,1277,43
RSC-2021-01605,v2.1.3,2021-06-11 04:16:18,35,0.0334,0.803,0.1404,0.4994,1109,32
RSC-2021-01606,v2.2.0,2021-01-13 06:39:42,44,0.0378,0.7991,0.1343,0.5287,1343,48
RSC-2021-01607,v2.2.1,2021-04-27 12:06:31,42,0.0835,0.8036,0.1517,0.5058,840,54
RSC-2021-01608,v2.1.3,2021-07-13 23:52:53,55,0.0117,0.8101,0.163,0.5099,979,127
RSC-2021-01609,v2.1.4,2021-04-07 09:03:39,41,0.0192,0.8055,0.1264,0.4962,1497,32
RSC-2021-01610,v2.3.0,2021-11-20 06:22:57,40,0.0162,0.7983,0.1418,0.4861,1461,49
RSC-2021-01611,v2.1.4,2021-06-11 02:39:42,37,0.0214,0.8064,0.1346,0.529,1589,82
RSC-2021-01612,v2.3.0,2021-07-08 07:56:49,49,0.059,0.7814,0.1706,0.5047,805,26
RSC-2021-01613,v2.2.1,2021-07-12 22:31:40,39,0.0116,0.8017,0.1496,0.5148,1313,74
RSC-2021-01614,v2.1.4,2021-10-18 13:15:48,53,0.0422,0.8392,0.1404,0.515,1155,42
RSC-2021-01615,v2.2.0,2021-07-16 20:36:19,51,0.0131,0.7999,0.1463,0.4936,1066,32
RSC-2021-01616,v2.1.3,2021-07-05 09:24:24,52,0.0121,0.8468,0.1347,0.5485,802,60
RSC-2021-01617,v2.2.0,2021-10-23 09:01:36,54,0.0256,0.8414,0.1397,0.5377,1595,30
RSC-2021-01618,v2.1.3,2021-11-30 19:31:14,49,0.0055,0.7834,0.1583,0.4913,1436,27
RSC-2021-01619,v2.2.0,2021-05-29 17:06:00,38,0.0202,0.8027,0.1617,0.4502,853,21
RSC-2021-01620,v2.3.0,2021-07-20 07:16:30,43,0.0071,0.8094,0.153,0.4964,863,79
RSC-2021-01621,v2.1.4,2021-06-16 23:06:12,51,0.0392,0.8251,0.1307,0.5291,1332,135
RSC-2021-01622,v2.1.4,2021-01-03 18:09:11,41,0.0403,0.8149,0.1423,0.4909,1272,46
RSC-2021-01623,v2.2.1,2021-06-29 17:00:13,39,0.0084,0.8282,0.1454,0.5351,1564,72
RSC-2021-01624,v2.1.3,2021-07-01 00:47:05,40,0.0289,0.8159,0.1482,0.4605,1355,68
RSC-2021-01625,v2.3.0,2021-06-11 21:31:30,39,0.0261,0.8242,0.1529,0.4554,1584,87
RSC-2021-01626,v2.3.0,2021-07-02 11:50:59,52,0.0139,0.8083,0.1348,0.518,1572,115
RSC-2021-01627,v2.2.1,2021-08-24 12:24:52,38,0.0033,0.7745,0.1427,0.5023,1132,82
RSC-2021-01628,v2.2.0,2021-01-12 20:31:13,34,0.0778,0.8061,0.1599,0.4909,970,22
RSC-2021-01629,v2.1.3,2021-04-28 03:22:23,53,0.0096,0.8075,0.1466,0.4533,926,137
RSC-2021-01630,v2.1.4,2021-09-16 02:30:51,56,0.0639,0.7951,0.1351,0.4989,1225,84
RSC-2021-01631,v2.1.3,2021-02-26 18:26:17,50,0.0888,0.8205,0.1482,0.5263,1178,91
RSC-2021-01632,v2.1.4,2021-08-16 19:10:03,49,0.0139,0.8219,0.1306,0.5241,1251,85
RSC-2021-01633,v2.1.4,2021-09-02 09:35:35,38,0.0425,0.7908,0.1501,0.4888,1257,33
RSC-2021-01634,v2.2.1,2021-06-24 14:06:58,55,0.0273,0.7818,0.1611,0.5387,1396,114
RSC-2021-01635,v2.2.1,2021-10-28 14:31:54,37,0.0561,0.8119,0.14,0.5569,937,104
RSC-2021-01636,v2.2.0,2021-06-04 18:24:03,54,0.0325,0.8235,0.1519,0.496,1555,73
RSC-2021-01637,v2.1.4,2021-03-13 10:12:36,39,0.0354,0.7996,0.1422,0.5529,1276,78
RSC-2021-01638,v2.3.0,2021-05-13 11:14:45,41,0.0256,0.8185,0.1091,0.5087,1300,127
RSC-2021-01639,v2.1.3,2021-07-16 05:15:13,40,0.0264,0.8442,0.1411,0.5076,1546,119
RSC-2021-01640,v2.2.0,2021-10-22 07:35:07,53,0.0199,0.7939,0.1549,0.5083,1336,62
RSC-2021-01641,v2.2.0,2021-04-06 00:46:08,43,0.0561,0.7882,0.1472,0.5225,1427,29
RSC-2021-01642,v2.2.1,2021-11-12 20:05:31,50,0.0357,0.8089,0.1475,0.4995,1060,80
RSC-2021-01643,v2.3.0,2021-05-12 13:37:31,39,0.0874,0.7837,0.1519,0.5296,1008,81
RSC-2021-01644,v2.2.1,2021-06-04 13:36:38,49,0.1612,0.8364,0.1401,0.4901,865,92
RSC-2021-01645,v2.3.0,2021-01-27 20:43:13,38,0.0181,0.844,0.1421,0.5059,1436,109
RSC-2021-01646,v2.1.4,2021-07-31 18:05:09,54,0.0411,0.7833,0.1304,0.5016,1405,52
RSC-2021-01647,v2.3.0,2021-09-09 08:38:32,47,0.0722,0.7801,0.1544,0.5058,967,66
RSC-2021-01648,v2.2.0,2021-11-02 05:27:30,35,0.0566,0.7958,0.1303,0.5155,1497,73
RSC-2021-01649,v2.1.4,2021-04-01 09:05:41,56,0.0489,0.8203,0.1576,0.5105,1292,37
RSC-2021-01650,v2.3.0,2021-07-31 13:58:12,37,0.0618,0.8058,0.131,0.5178,1355,24
RSC-2021-01651,v2.1.3,2021-12-27 04:06:42,53,0.0772,0.8293,0.1372,0.5437,1389,77
RSC-2021-01652,v2.3.0,2021-03-04 22:52:23,51,0.0279,0.7737,0.1447,0.4807,1207,88
RSC-2021-01653,v2.1.3,2021-06-23 10:49:08,47,0.0452,0.8006,0.1498,0.5147,1307,89
RSC-2021-01654,v2.1.4,2021-06-27 17:21:52,45,0.0264,0.7923,0.1592,0.5281,1591,69
RSC-2021-01655,v2.2.0,2021-12-05 16:45:33,56,0.0675,0.8473,0.1502,0.5052,1532,131
RSC-2021-01656,v2.2.0,2021-03-04 13:48:59,53,0.0478,0.8257,0.1341,0.4867,1373,20
RSC-2021-01657,v2.1.3,2021-06-18 03:14:38,34,0.0126,0.7766,0.1504,0.5244,1498,113
RSC-2021-01658,v2.1.4,2021-02-17 20:01:01,45,0.0397,0.8288,0.1591,0.4987,1414,21
RSC-2021-01659,v2.3.0,2021-08-19 11:21:52,56,0.0681,0.8241,0.1415,0.4939,875,110
RSC-2021-01660,v2.1.3,2021-05-13 13:43:50,50,0.0303,0.8165,0.1473,0.5399,1264,114
RSC-2021-01661,v2.1.4,2021-11-12 19:56:52,45,0.0649,0.8001,0.1544,0.4858,1496,124
RSC-2021-01662,v2.2.1,2021-12-08 09:21:13,45,0.0069,0.8256,0.1524,0.4916,857,84
RSC-2021-01663,v2.2.1,2021-05-10 16:10:35,44,0.0826,0.782,0.1329,0.5321,1587,72
RSC-2021-01664,v2.1.4,2021-06-11 22:45:27,40,0.0824,0.8043,0.139,0.5061,1358,107
RSC-2021-01665,v2.2.0,2021-12-20 18:57:34,34,0.0369,0.8148,0.1325,0.4932,1104,34
RSC-2021-01666,v2.1.3,2021-04-22 00:18:43,56,0.0232,0.7947,0.1207,0.4772,1405,122
RSC-2021-01667,v2.1.3,2021-12-28 03:04:24,46,0.0132,0.8272,0.141,0.5107,1289,51
RSC-2021-01668,v2.3.0,2021-02-20 15:28:54,41,0.0796,0.8398,0.1324,0.5147,1274,29
RSC-2021-01669,v2.2.1,2021-12-14 00:47:23,35,0.0301,0.8207,0.1434,0.5127,1189,105
RSC-2021-01670,v2.1.4,2021-03-04 23:05:51,34,0.0496,0.8128,0.1286,0.4959,1482,35
RSC-2021-01671,v2.2.0,2021-10-01 22:18:09,42,0.0275,0.8276,0.147,0.5013,927,49
RSC-2021-01672,v2.1.3,2021-02-09 12:41:56,55,0.07,0.7955,0.152,0.5124,853,122
RSC-2021-01673,v2.3.0,2021-08-09 05:13:57,40,0.0168,0.8095,0.1515,0.4939,1559,51
RSC-2021-01674,v2.1.4,2021-10-17 02:49:22,40,0.0218,0.824,0.1427,0.5101,1452,31
RSC-2021-01675,v2.2.1,2021-11-19 20:14:55,45,0.0373,0.8403,0.1455,0.5116,1078,22
RSC-2021-01676,v2.1.3,2021-04-18 12:13:03,37,0.0786,0.8231,0.141,0.5012,1179,102
RSC-2021-01677,v2.1.4,2021-06-22 01:03:34,39,0.1022,0.8526,0.1551,0.5366,1281,111
RSC-2021-01678,v2.2.1,2021-12-01 10:59:25,56,0.0092,0.8081,0.1363,0.4834,1286,50
RSC-2021-01679,v2.1.3,2021-12-04 01:56:40,46,0.0698,0.7835,0.133,0.4569,1205,28
RSC-2021-01680,v2.2.1,2021-01-02 05:06:31,35,0.0102,0.777,0.1254,0.5147,1538,83
RSC-2021-01681,v2.3.0,2021-08-25 03:12:52,55,0.0537,0.7763,0.1131,0.4989,1232,64
RSC-2021-01682,v2.1.3,2021-03-30 11:18:37,54,0.0737,0.8403,0.1387,0.4676,1367,112
RSC-2021-01683,v2.1.3,2021-02-28 16:03:53,52,0.0253,0.7703,0.1601,0.5155,856,89
RSC-2021-01684,v2.3.0,2021-07-04 04:47:00,43,0.0494,0.8318,0.1322,0.5275,1310,87
RSC-2021-01685,v2.2.0,2021-12-26 08:47:42,39,0.0114,0.7997,0.145,0.5017,1594,102
RSC-2021-01686,v2.2.1,2021-01-02 22:46:59,56,0.0455,0.8232,0.1562,0.5243,1055,55
RSC-2021-01687,v2.1.4,2021-12-10 12:32:06,35,0.0341,0.7872,0.1283,0.511,1405,109
RSC-2021-01688,v2.3.0,2021-12-19 10:37:59,56,0.0234,0.8144,0.1551,0.5339,901,85
RSC-2021-01689,v2.2.0,2021-12-17 19:50:40,35,0.0326,0.8306,0.1321,0.5087,1061,78
RSC-2021-01690,v2.3.0,2021-07-20 03:48:16,48,0.051,0.8479,0.1378,0.5107,1059,47
RSC-2021-01691,v2.3.0,2021-12-28 03:43:44,46,0.0506,0.7887,0.1417,0.5315,1035,75
RSC-2021-01692,v2.3.0,2021-12-04 11:10:13,42,0.0893,0.8045,0.1527,0.4852,875,98
RSC-2021-01693,v2.1.4,2021-11-13 01:20:29,36,0.0075,0.8236,0.131,0.4885,1470,105
RSC-2021-01694,v2.3.0,2021-07-25 20:32:04,45,0.0644,0.8173,0.1439,0.5344,1247,85
RSC-2021-01695,v2.1.4,2021-09-18 18:55:51,54,0.0062,0.8148,0.1366,0.5015,809,116
RSC-2021-01696,v2.2.0,2021-07-29 04:00:10,53,0.0065,0.8082,0.1569,0.527,861,91
RSC-2021-01697,v2.1.3,2021-07-21 07:52:19,37,0.0243,0.8168,0.1272,0.4878,1010,133
RSC-2021-01698,v2.2.1,2021-07-16 06:02:09,42,0.0266,0.8298,0.1211,0.5256,899,78
RSC-2021-01699,v2.2.0,2021-05-24 02:35:09,52,0.0472,0.8185,0.1602,0.4977,1422,114
RSC-2021-01700,v2.1.4,2021-11-25 23:28:15,43,0.1077,0.8156,0.1529,0.5285,1478,90
RSC-2021-01701,v2.2.0,2021-04-21 04:10:43,34,0.023,0.801,0.1152,0.4709,1175,87
RSC-2021-01702,v2.2.0,2021-07-09 19:15:31,54,0.0456,0.8296,0.158,0.5218,1228,77
RSC-2021-01703,v2.1.3,2021-05-22 05:37:43,43,0.0565,0.8373,0.1483,0.513,1086,124
RSC-2021-01704,v2.1.4,2021-12-23 04:45:22,39,0.0208,0.7852,0.1487,0.5206,1098,58
RSC-2021-01705,v2.1.4,2021-02-22 18:50:23,55,0.0322,0.8181,0.1333,0.537,1314,26
RSC-2021-01706,v2.2.0,2021-03-20 13:41:08,48,0.027,0.8225,0.1286,0.5421,1572,74
RSC-2021-01707,v2.1.3,2021-08-01 20:35:15,51,0.0237,0.8256,0.1556,0.4885,1575,119
RSC-2021-01708,v2.3.0,2021-02-14 09:50:55,44,0.0275,0.7931,0.1495,0.5154,1032,45
RSC-2021-01709,v2.1.4,2021-07-01 09:12:50,48,0.0493,0.8254,0.1555,0.5197,1261,126
RSC-2021-01710,v2.2.0,2021-10-12 16:23:47,56,0.0253,0.8487,0.1425,0.5047,1514,21
RSC-2021-01711,v2.1.3,2021-07-23 12:38:41,36,0.0432,0.8316,0.1498,0.5344,824,72
RSC-2021-01712,v2.3.0,2021-12-23 03:55:35,50,0.0262,0.8334,0.1246,0.5221,1177,128
RSC-2021-01713,v2.1.4,2021-03-27 05:51:38,45,0.0251,0.8078,0.1409,0.5305,1135,39
RSC-2021-01714,v2.2.0,2021-02-18 09:26:31,49,0.0904,0.8119,0.1457,0.4838,1009,101
RSC-2021-01715,v2.3.0,2021-01-10 09:29:09,35,0.0081,0.82,0.1236,0.56,1308,44
RSC-2021-01716,v2.1.3,2021-02-26 03:26:39,55,0.0238,0.7752,0.163,0.5406,868,132
RSC-2021-01717,v2.1.3,2021-09-18 09:26:10,50,0.0206,0.806,0.1246,0.4768,1076,94
RSC-2021-01718,v2.1.4,2021-11-29 03:42:48,56,0.0532,0.8131,0.1536,0.5323,1058,58
RSC-2021-01719,v2.1.3,2021-08-24 07:38:30,38,0.0273,0.8258,0.1519,0.4849,1122,66
RSC-2021-01720,v2.2.0,2021-01-27 23:30:55,57,0.0754,0.8293,0.1769,0.4921,1270,81
RSC-2021-01721,v2.1.3,2021-11-12 05:55:09,48,0.0543,0.8014,0.1449,0.5077,1021,51
RSC-2021-01722,v2.2.0,2021-11-25 06:37:54,37,0.0121,0.798,0.1395,0.5184,808,102
RSC-2021-01723,v2.3.0,2021-04-13 08:58:10,43,0.0417,0.7942,0.1345,0.5218,1232,52
RSC-2021-01724,v2.3.0,2021-07-28 04:13:44,48,0.044,0.8294,0.1365,0.4916,1195,62
RSC-2021-01725,v2.3.0,2021-12-23 14:02:28,34,0.0043,0.803,0.1366,0.5326,1255,101
RSC-2021-01726,v2.1.3,2021-11-23 08:37:29,34,0.0141,0.8661,0.1484,0.5258,1264,36
RSC-2021-01727,v2.2.0,2021-09-14 15:23:15,57,0.0201,0.8317,0.1449,0.5328,1249,67
RSC-2021-01728,v2.2.1,2021-02-21 13:47:42,35,0.0403,0.8078,0.1423,0.5027,1465,38
RSC-2021-01729,v2.2.0,2021-05-29 10:35:19,51,0.0256,0.7994,0.116,0.5272,846,37
RSC-2021-01730,v2.1.3,2021-11-05 17:38:28,57,0.0244,0.8318,0.14,0.4979,1002,93
RSC-2021-01731,v2.3.0,2021-09-03 11:05:13,39,0.0208,0.8239,0.1222,0.4998,1095,67
RSC-2021-01732,v2.3.0,2021-08-31 01:44:20,53,0.0342,0.8215,0.1697,0.4909,1176,28
RSC-2021-01733,v2.3.0,2021-11-15 18:04:06,56,0.0375,0.7978,0.1345,0.5136,1286,65
RSC-2021-01734,v2.1.3,2021-01-15 17:40:49,55,0.0051,0.7972,0.1589,0.4979,1355,88
RSC-2021-01735,v2.3.0,2021-11-09 16:47:33,40,0.0426,0.7881,0.1367,0.5179,887,82
RSC-2021-01736,v2.1.3,2021-04-22 18:48:13,35,0.0518,0.8259,0.133,0.543,1540,93
RSC-2021-01737,v2.1.4,2021-04-10 20:07:26,51,0.06,0.8082,0.1488,0.5166,1131,117
RSC-2021-01738,v2.1.4,2021-10-31 08:37:42,53,0.025,0.8026,0.1535,0.5273,1283,109
RSC-2021-01739,v2.2.0,2021-10-28 11:06:50,52,0.0789,0.8087,0.1517,0.5173,1466,26
RSC-2021-01740,v2.1.4,2021-04-07 12:23:21,54,0.0718,0.7924,0.1597,0.5034,903,136
RSC-2021-01741,v2.2.0,2021-05-04 10:00:44,44,0.017,0.8074,0.1585,0.4879,1595,46
RSC-2021-01742,v2.2.0,2021-12-15 14:54:31,41,0.0656,0.8429,0.1457,0.5262,1452,120
RSC-2021-01743,v2.2.1,2021-11-04 12:50:41,52,0.0355,0.8097,0.1519,0.5085,827,56
RSC-2021-01744,v2.1.4,2021-10-12 12:40:47,34,0.0438,0.804,0.1518,0.5253,1054,23
RSC-2021-01745,v2.1.3,2021-05-14 06:26:55,35,0.0267,0.8171,0.1394,0.517,1162,131
RSC-2021-01746,v2.2.0,2021-08-14 13:56:56,40,0.0374,0.8166,0.1446,0.5238,1065,26
RSC-2021-01747,v2.3.0,2021-12-30 06:32:27,41,0.0774,0.792,0.1414,0.4987,974,26
RSC-2021-01748,v2.1.4,2021-11-07 00:27:09,52,0.0204,0.8183,0.1373,0.5184,1281,135
RSC-2021-01749,v2.2.0,2021-09-29 21:34:26,52,0.0517,0.8297,0.1326,0.5115,1325,108
RSC-2021-01750,v2.3.0,2021-05-29 22:34:37,37,0.0339,0.8056,0.1597,0.5234,1007,118
RSC-2021-01751,v2.1.4,2021-07-04 14:06:38,36,0.0522,0.7867,0.158,0.5161,1061,99
RSC-2021-01752,v2.1.3,2021-12-27 22:54:33,41,0.0114,0.8146,0.1394,0.5313,833,103
RSC-2021-01753,v2.3.0,2021-06-29 16:50:32,56,0.0081,0.8323,0.179,0.5138,933,82
RSC-2021-01754,v2.3.0,2021-01-23 19:54:21,51,0.0221,0.8046,0.1521,0.5193,900,112
RSC-2021-01755,v2.3.0,2021-06-19 09:55:03,37,0.0096,0.8254,0.1493,0.5273,925,45
RSC-2021-01756,v2.2.1,2021-10-06 18:31:16,54,0.0596,0.8101,0.1483,0.5139,800,55
RSC-2021-01757,v2.2.0,2021-09-13 05:37:24,56,0.0992,0.8286,0.1402,0.5423,1228,131
RSC-2021-01758,v2.2.0,2021-07-05 04:54:15,37,0.0389,0.8208,0.1343,0.5387,1431,40
RSC-2021-01759,v2.1.3,2021-11-09 05:05:20,46,0.0171,0.8085,0.1308,0.4676,1383,59
RSC-2021-01760,v2.3.0,2021-09-19 18:01:10,51,0.1023,0.8101,0.1609,0.4749,974,111
RSC-2021-01761,v2.2.0,2021-04-03 20:52:21,35,0.0109,0.827,0.1541,0.5186,1287,22
RSC-2021-01762,v2.2.1,2021-01-04 14:30:13,56,0.0431,0.8187,0.1446,0.5292,1301,25
RSC-2021-01763,v2.3.0,2021-07-18 21:25:15,38,0.067,0.7919,0.1675,0.507,974,65
RSC-2021-01764,v2.2.0,2021-09-29 17:09:58,56,0.003,0.8325,0.1661,0.5359,1390,23
RSC-2021-01765,v2.1.4,2021-07-08 06:08:58,47,0.0686,0.7624,0.1462,0.4872,1219,57
RSC-2021-01766,v2.3.0,2021-09-01 14:00:43,48,0.0873,0.7997,0.1624,0.4947,1509,70
RSC-2021-01767,v2.2.0,2021-12-22 08:08:02,47,0.0298,0.8381,0.144,0.541,1516,126
RSC-2021-01768,v2.2.1,2021-08-26 02:51:37,39,0.0291,0.8557,0.1554,0.5172,829,26
RSC-2021-01769,v2.1.3,2021-02-22 17:31:33,43,0.0207,0.8392,0.1615,0.5262,802,58
RSC-2021-01770,v2.3.0,2021-09-07 15:36:40,37,0.0234,0.8161,0.1389,0.5529,1523,100
RSC-2021-01771,v2.1.3,2021-10-31 19:09:11,47,0.0186,0.84,0.1441,0.5255,1416,130
RSC-2021-01772,v2.3.0,2021-02-17 12:08:38,44,0.0107,0.8019,0.1357,0.5094,1198,120
RSC-2021-01773,v2.3.0,2021-06-26 08:20:31,50,0.0986,0.8181,0.1444,0.5392,908,130
RSC-2021-01774,v2.2.1,2021-11-10 21:36:09,49,0.0397,0.8097,0.1213,0.4995,1451,85
RSC-2021-01775,v2.2.0,2021-06-11 20:46:35,41,0.0101,0.7673,0.1653,0.5219,1372,63
RSC-2021-01776,v2.2.1,2021-07-01 07:44:37,44,0.0839,0.8193,0.1345,0.5144,1550,78
RSC-2021-01777,v2.1.4,2021-07-10 16:41:51,43,0.0361,0.8125,0.124,0.4999,1381,55
RSC-2021-01778,v2.2.0,2021-01-02 19:50:37,43,0.008,0.8234,0.1464,0.5194,949,75
RSC-2021-01779,v2.1.3,2021-04-28 03:03:11,55,0.0313,0.8295,0.1464,0.526,1008,119
RSC-2021-01780,v2.2.1,2021-04-21 03:07:10,35,0.0264,0.8206,0.1414,0.5232,853,124
RSC-2021-01781,v2.1.3,2021-02-23 14:22:26,35,0.0509,0.8294,0.1488,0.566,962,87
RSC-2021-01782,v2.3.0,2021-06-27 13:52:22,49,0.0687,0.807,0.1517,0.4924,1055,119
RSC-2021-01783,v2.3.0,2021-01-16 08:42:59,48,0.0127,0.811,0.1492,0.5201,886,48
RSC-2021-01784,v2.1.4,2021-11-25 09:57:26,50,0.0421,0.7757,0.1337,0.5112,1474,58
RSC-2021-01785,v2.3.0,2021-05-26 20:24:06,46,0.0195,0.812,0.1309,0.5013,1540,112
RSC-2021-01786,v2.2.0,2021-02-12 20:47:20,38,0.0464,0.8074,0.1336,0.5145,1064,71
RSC-2021-01787,v2.1.4,2021-01-12 21:03:45,55,0.0326,0.8122,0.1435,0.5108,1433,21
RSC-2021-01788,v2.1.4,2021-02-18 08:29:49,50,0.0292,0.8035,0.1293,0.5145,831,128
RSC-2021-01789,v2.1.3,2021-06-06 09:03:09,35,0.0809,0.8197,0.1468,0.4922,848,129
RSC-2021-01790,v2.1.3,2021-08-24 21:52:58,57,0.0436,0.8304,0.159,0.5327,990,47
RSC-2021-01791,v2.3.0,2021-07-26 13:08:15,55,0.0234,0.8208,0.1495,0.5135,1345,56
RSC-2021-01792,v2.3.0,2021-02-16 13:40:58,49,0.0368,0.8253,0.1471,0.4839,873,26
RSC-2021-01793,v2.3.0,2021-02-19 01:58:25,41,0.0383,0.8207,0.1427,0.4676,871,115
RSC-2021-01794,v2.3.0,2021-11-21 02:23:09,56,0.0166,0.8118,0.1462,0.5055,892,78
RSC-2021-01795,v2.2.1,2021-07-24 00:00:15,57,0.034,0.7974,0.1527,0.5548,968,85
RSC-2021-01796,v2.1.3,2021-04-09 07:32:37,35,0.0566,0.8156,0.158,0.4911,1382,42
RSC-2021-01797,v2.1.4,2021-02-22 06:58:59,52,0.0297,0.8283,0.1208,0.5111,903,51
RSC-2021-01798,v2.1.3,2021-10-12 09:24:09,47,0.0315,0.7853,0.1414,0.5271,1329,48
RSC-2021-01799,v2.3.0,2021-07-12 15:32:00,47,0.0375,0.8267,0.1521,0.482,1255,44
RSC-2021-01800,v2.2.0,2021-01-17 01:26:29,44,0.0215,0.848,0.1438,0.5166,1434,107
RSC-2021-01801,v2.2.0,2021-05-19 14:12:12,55,0.0346,0.826,0.1493,0.4828,1521,62
RSC-2021-01802,v2.1.3,2021-12-12 14:14:29,38,0.0293,0.8071,0.1246,0.5275,1313,84
RSC-2021-01803,v2.1.4,2021-09-26 14:43:05,39,0.0545,0.8253,0.1415,0.4976,1343,123
RSC-2021-01804,v2.3.0,2021-08-30 00:18:56,42,0.0158,0.8428,0.1456,0.5248,1239,88
RSC-2021-01805,v2.2.1,2021-07-01 22:50:20,36,0.0324,0.7906,0.1499,0.4991,848,20
RSC-2021-01806,v2.2.0,2021-03-26 10:59:58,39,0.0465,0.8033,0.1416,0.524,1585,78
RSC-2021-01807,v2.1.3,2021-04-01 14:03:48,47,0.0373,0.8004,0.1338,0.5186,1251,74
RSC-2021-01808,v2.1.4,2021-01-12 22:06:37,53,0.0083,0.8185,0.125,0.5064,1328,55
RSC-2021-01809,v2.1.4,2021-02-08 23:43:34,43,0.0426,0.811,0.1371,0.5095,1353,102
RSC-2021-01810,v2.2.1,2021-10-07 00:38:26,42,0.0495,0.8083,0.1455,0.5423,1018,136
RSC-2021-01811,v2.3.0,2021-03-03 18:13:09,35,0.0179,0.8006,0.1265,0.4767,1213,36
RSC-2021-01812,v2.1.3,2021-12-26 00:29:03,49,0.0353,0.8069,0.1364,0.5158,1396,58
RSC-2021-01813,v2.3.0,2021-10-10 06:30:13,46,0.0265,0.7977,0.1501,0.521,1480,90
RSC-2021-01814,v2.1.4,2021-01-02 16:08:39,47,0.0348,0.8033,0.1318,0.5134,888,63
RSC-2021-01815,v2.1.3,2021-06-13 02:17:21,54,0.0365,0.8308,0.1488,0.5082,1378,86
RSC-2021-01816,v2.2.1,2021-04-23 22:38:23,48,0.0548,0.8336,0.1564,0.5397,1410,74
RSC-2021-01817,v2.1.4,2021-04-04 19:00:59,42,0.0669,0.8173,0.1359,0.5088,1064,87
RSC-2021-01818,v2.1.3,2021-12-23 00:32:21,41,0.0225,0.8024,0.1458,0.5319,1435,83
RSC-2021-01819,v2.3.0,2021-02-23 18:41:41,52,0.0242,0.831,0.1067,0.5449,912,61
RSC-2021-01820,v2.1.4,2021-07-24 03:37:18,37,0.0922,0.7966,0.1377,0.498,1076,135
RSC-2021-01821,v2.3.0,2021-11-16 14:58:20,48,0.0614,0.8159,0.1571,0.5225,995,27
RSC-2021-01822,v2.3.0,2021-08-31 15:57:32,49,0.0377,0.8118,0.1346,0.5085,1363,42
RSC-2021-01823,v2.2.1,2021-05-20 17:26:53,44,0.0405,0.8114,0.1287,0.5293,1065,100
RSC-2021-01824,v2.1.4,2021-12-25 05:37:18,51,0.0431,0.806,0.1255,0.5358,1154,126
RSC-2021-01825,v2.2.0,2021-09-21 02:55:38,48,0.046,0.7959,0.1277,0.4845,1592,114
RSC-2021-01826,v2.1.3,2021-10-09 13:57:29,54,0.0439,0.8143,0.1447,0.5184,1102,63
RSC-2021-01827,v2.1.3,2021-03-03 18:56:16,39,0.0991,0.839,0.1537,0.5014,929,36
RSC-2021-01828,v2.1.3,2021-03-11 23:26:57,37,0.0538,0.841,0.1486,0.5118,1030,67
RSC-2021-01829,v2.3.0,2021-06-15 09:51:59,38,0.0276,0.8059,0.1304,0.4831,969,88
RSC-2021-01830,v2.1.3,2021-11-13 13:42:52,43,0.0443,0.8027,0.1419,0.5376,1536,28
RSC-2021-01831,v2.2.0,2021-03-24 04:13:51,53,0.0738,0.8136,0.1223,0.5,869,78
RSC-2021-01832,v2.3.0,2021-08-31 20:22:51,42,0.0051,0.787,0.1306,0.5358,1203,74
RSC-2021-01833,v2.1.4,2021-06-29 15:41:44,45,0.012,0.8072,0.1516,0.5535,812,98
RSC-2021-01834,v2.1.4,2021-11-15 07:15:29,38,0.0203,0.8409,0.1243,0.5012,1549,100
RSC-2021-01835,v2.2.1,2021-08-18 02:49:02,42,0.0214,0.8131,0.1273,0.5344,1026,65
RSC-2021-01836,v2.1.4,2021-01-30 22:22:58,54,0.054,0.812,0.1515,0.5451,1535,82
RSC-2021-01837,v2.1.3,2021-01-23 15:54:59,49,0.0561,0.8311,0.1518,0.4488,1349,66
RSC-2021-01838,v2.2.0,2021-10-06 16:18:59,36,0.0496,0.7978,0.1522,0.5309,1454,100
RSC-2021-01839,v2.3.0,2021-07-23 02:28:42,53,0.0209,0.8145,0.1544,0.5116,1080,85
RSC-2021-01840,v2.1.3,2021-06-29 23:07:11,40,0.0224,0.8411,0.1374,0.5077,1399,75
RSC-2021-01841,v2.2.1,2021-01-08 23:15:43,40,0.0278,0.835,0.1489,0.4922,1537,29
RSC-2021-01842,v2.3.0,2021-09-01 10:23:05,56,0.0183,0.8203,0.1484,0.5211,1577,24
RSC-2021-01843,v2.1.3,2021-02-20 20:01:26,42,0.0507,0.815,0.1276,0.5216,1310,114
RSC-2021-01844,v2.3.0,2021-03-05 17:23:41,35,0.0476,0.7961,0.1184,0.5299,1098,37
RSC-2021-01845,v2.2.0,2021-10-10 03:21:56,55,0.0455,0.8088,0.1381,0.5102,1440,24
RSC-2021-01846,v2.3.0,2021-09-04 19:21:54,46,0.0207,0.8105,0.1585,0.4852,1505,73
RSC-2021-01847,v2.3.0,2021-10-14 07:00:38,45,0.0079,0.8103,0.1621,0.5249,1514,21
RSC-2021-01848,v2.2.1,2021-02-01 01:00:28,42,0.0266,0.8203,0.1271,0.5417,1013,31
RSC-2021-01849,v2.3.0,2021-10-15 04:32:22,44,0.0516,0.7947,0.145,0.4942,1204,86
RSC-2021-01850,v2.3.0,2021-11-19 20:30:11,39,0.0247,0.8203,0.1385,0.5093,1039,31
RSC-2021-01851,v2.1.3,2021-10-31 04:00:45,53,0.0545,0.8015,0.1335,0.5161,1146,40
RSC-2021-01852,v2.2.1,2021-03-29 11:15:26,39,0.0437,0.8358,0.1335,0.5086,1333,42
RSC-2021-01853,v2.3.0,2021-06-01 18:23:03,46,0.0012,0.7956,0.1551,0.5323,1441,96
RSC-2021-01854,v2.2.1,2021-11-08 15:47:38,46,0.0534,0.8079,0.1436,0.5176,1297,130
RSC-2021-01855,v2.3.0,2021-12-13 10:26:44,47,0.0119,0.8068,0.1434,0.5189,869,108
RSC-2021-01856,v2.1.3,2021-02-15 16:32:34,52,0.052,0.8122,0.1326,0.4737,917,91
RSC-2021-01857,v2.1.4,2021-09-18 03:51:27,41,0.0022,0.823,0.1405,0.515,1422,105
RSC-2021-01858,v2.1.4,2021-08-06 14:16:15,57,0.0102,0.8043,0.1352,0.5264,1135,42
RSC-2021-01859,v2.3.0,2021-05-05 17:00:30,54,0.0257,0.8196,0.1233,0.4905,1598,94
RSC-2021-01860,v2.1.3,2021-06-25 10:48:02,54,0.0373,0.796,0.1472,0.5443,1069,30
RSC-2021-01861,v2.1.4,2021-05-24 20:36:51,35,0.0235,0.7964,0.1502,0.5075,1401,34
RSC-2021-01862,v2.3.0,2021-12-17 09:25:08,42,0.0103,0.8147,0.1434,0.5136,1465,66
RSC-2021-01863,v2.1.3,2021-06-11 10:12:36,45,0.109,0.8084,0.1479,0.534,1594,124
RSC-2021-01864,v2.3.0,2021-11-05 05:39:49,44,0.0702,0.8274,0.1456,0.5245,813,111
RSC-2021-01865,v2.1.3,2021-12-21 08:17:58,51,0.0341,0.7868,0.1357,0.4907,1248,138
RSC-2021-01866,v2.3.0,2021-12-04 07:21:28,53,0.0245,0.816,0.1515,0.4879,1362,55
RSC-2021-01867,v2.1.4,2021-02-17 04:05:47,44,0.0355,0.8295,0.152,0.543,815,95
RSC-2021-01868,v2.2.0,2021-08-02 01:44:48,46,0.0669,0.8275,0.1396,0.4865,1181,61
RSC-2021-01869,v2.2.1,2021-03-24 22:34:40,40,0.0373,0.7953,0.1494,0.5003,991,139
RSC-2021-01870,v2.3.0,2021-07-19 17:55:18,47,0.039,0.7993,0.153,0.4688,1424,95
RSC-2021-01871,v2.1.4,2021-08-19 12:25:08,46,0.0187,0.8195,0.1308,0.5241,1130,65
RSC-2021-01872,v2.2.0,2021-12-07 11:53:23,37,0.0573,0.781,0.1358,0.5095,993,107
RSC-2021-01873,v2.1.3,2021-12-15 11:47:21,55,0.0282,0.8068,0.1193,0.4995,1209,23
RSC-2021-01874,v2.3.0,2021-03-23 01:45:04,48,0.0466,0.8445,0.1554,0.5298,1488,120
RSC-2021-01875,v2.3.0,2021-11-01 12:51:21,48,0.0442,0.8212,0.1501,0.5114,1400,64
RSC-2021-01876,v2.1.3,2021-06-01 22:53:01,54,0.0667,0.8243,0.1551,0.5128,1371,131
RSC-2021-01877,v2.2.0,2021-02-19 13:27:15,53,0.0132,0.8167,0.1443,0.5345,1100,93
RSC-2021-01878,v2.2.1,2021-09-29 14:06:10,56,0.0119,0.8012,0.1555,0.493,1293,58
RSC-2021-01879,v2.2.0,2021-05-15 09:39:06,35,0.0046,0.8098,0.1349,0.4836,1219,112
RSC-2021-01880,v2.2.0,2021-11-19 10:37:14,43,0.088,0.8255,0.1467,0.5344,1010,42
RSC-2021-01881,v2.2.1,2021-07-14 17:42:22,35,0.03,0.8293,0.1516,0.4994,1108,58
RSC-2021-01882,v2.1.4,2021-03-07 20:41:14,53,0.0225,0.8186,0.1458,0.5028,1306,51
RSC-2021-01883,v2.3.0,2021-01-18 21:55:37,39,0.0388,0.8292,0.1619,0.5173,1153,117
RSC-2021-01884,v2.2.1,2021-02-10 23:11:39,51,0.0412,0.8162,0.1569,0.531,1018,29
RSC-2021-01885,v2.3.0,2021-07-24 16:02:43,48,0.1144,0.8084,0.1419,0.523,936,83
RSC-2021-01886,v2.1.4,2021-01-31 07:01:30,38,0.0657,0.8099,0.1556,0.533,1393,99
RSC-2021-01887,v2.3.0,2021-12-31 11:33:25,57,0.0494,0.8273,0.1348,0.4829,1128,30
RSC-2021-01888,v2.2.0,2021-09-25 21:16:57,42,0.0577,0.8132,0.1589,0.5066,1098,76
RSC-2021-01889,v2.1.3,2021-09-10 23:49:02,46,0.0348,0.827,0.1632,0.519,1546,54
RSC-2021-01890,v2.2.0,2021-04-17 12:29:24,38,0.0126,0.7926,0.1276,0.5167,1066,25
RSC-2021-01891,v2.3.0,2021-05-11 12:56:59,46,0.0234,0.805,0.1413,0.5447,1435,88
RSC-2021-01892,v2.1.3,2021-12-09 19:31:37,51,0.0646,0.8204,0.152,0.5199,1411,32
RSC-2021-01893,v2.1.4,2021-11-29 05:08:52,37,0.0339,0.795,0.1567,0.5027,1161,77
RSC-2021-01894,v2.3.0,2021-12-31 06:58:31,48,0.0234,0.8123,0.1439,0.5446,902,102
RSC-2021-01895,v2.2.0,2021-06-05 07:16:52,41,0.0312,0.8329,0.1512,0.5481,1377,40
RSC-2021-01896,v2.2.0,2021-11-19 09:19:34,42,0.0369,0.8119,0.1521,0.5131,1542,127
RSC-2021-01897,v2.1.3,2021-03-05 01:44:14,35,0.027,0.8466,0.1635,0.5069,1055,125
RSC-2021-01898,v2.2.0,2021-03-16 10:37:47,41,0.0337,0.8285,0.1492,0.5341,1051,61
RSC-2021-01899,v2.1.4,2021-02-17 00:40:45,55,0.0811,0.8189,0.1528,0.5305,1285,96
RSC-2021-01900,v2.2.1,2021-05-28 09:51:18,54,0.0293,0.8468,0.145,0.4995,1316,20
RSC-2021-01901,v2.2.1,2021-11-09 22:33:37,55,0.0655,0.8008,0.1681,0.5128,1322,20
RSC-2021-01902,v2.1.3,2021-10-07 17:48:12,37,0.1467,0.8084,0.1366,0.5395,1302,36
RSC-2021-01903,v2.3.0,2021-07-18 17:11:20,55,0.091,0.7727,0.1315,0.5003,1117,47
RSC-2021-01904,v2.1.4,2021-04-25 22:21:07,48,0.0559,0.8037,0.1388,0.5068,1309,29
RSC-2021-01905,v2.3.0,2021-08-05 10:06:57,40,0.0831,0.7797,0.137,0.497,1251,69
RSC-2021-01906,v2.2.0,2021-11-11 19:45:48,34,0.0539,0.829,0.1186,0.4725,854,84
RSC-2021-01907,v2.2.0,2021-02-08 20:48:50,51,0.0446,0.7787,0.1586,0.5215,1281,80
RSC-2021-01908,v2.1.3,2021-09-07 03:48:24,41,0.0309,0.8185,0.1441,0.4946,1510,94
RSC-2021-01909,v2.2.1,2021-03-30 14:37:23,50,0.0485,0.7877,0.1513,0.517,1176,91
RSC-2021-01910,v2.1.3,2021-11-05 23:39:15,38,0.0121,0.8204,0.142,0.5414,844,83
RSC-2021-01911,v2.1.4,2021-01-16 16:30:11,54,0.0314,0.8312,0.1466,0.5084,1166,118
RSC-2021-01912,v2.1.3,2021-03-17 09:34:25,35,0.0366,0.8383,0.1454,0.5148,1201,116
RSC-2021-01913,v2.3.0,2021-07-26 11:52:34,42,0.0744,0.7826,0.1396,0.5051,1505,27
RSC-2021-01914,v2.3.0,2021-09-06 05:01:08,37,0.0285,0.8135,0.1307,0.5324,1494,88
RSC-2021-01915,v2.2.1,2021-01-27 09:30:26,35,0.0494,0.8036,0.1502,0.5195,929,75
RSC-2021-01916,v2.3.0,2021-12-23 18:01:31,38,0.035,0.807,0.1654,0.5137,826,79
RSC-2021-01917,v2.1.3,2021-10-27 06:35:11,42,0.0754,0.7926,0.1469,0.5394,820,52
RSC-2021-01918,v2.2.0,2021-05-22 19:41:26,47,0.0228,0.8134,0.1294,0.489,836,47
RSC-2021-01919,v2.2.0,2021-05-20 17:45:06,48,0.0879,0.8134,0.144,0.5368,1188,82
RSC-2021-01920,v2.2.0,2021-11-20 17:26:14,47,0.0677,0.7994,0.1459,0.5331,1040,124
RSC-2021-01921,v2.1.4,2021-10-26 19:04:23,35,0.0201,0.8431,0.1492,0.5316,1109,86
RSC-2021-01922,v2.1.4,2021-09-21 15:52:23,56,0.0817,0.8134,0.1377,0.5412,1225,73
RSC-2021-01923,v2.1.4,2021-03-21 05:30:27,46,0.0616,0.8202,0.1321,0.5062,999,97
RSC-2021-01924,v2.3.0,2021-08-09 02:22:41,56,0.0104,0.811,0.1461,0.4817,1239,108
RSC-2021-01925,v2.2.1,2021-05-03 08:27:01,53,0.0275,0.7906,0.146,0.5192,968,83
RSC-2021-01926,v2.1.4,2021-07-10 07:07:30,44,0.0268,0.8124,0.142,0.5321,1229,60
RSC-2021-01927,v2.1.4,2021-11-22 13:44:14,43,0.0518,0.7929,0.1449,0.5006,1227,52
RSC-2021-01928,v2.1.4,2021-11-11 02:56:55,44,0.0267,0.8033,0.1111,0.5026,1352,119
RSC-2021-01929,v2.3.0,2021-10-20 05:38:55,42,0.0107,0.7999,0.1504,0.4956,858,101
RSC-2021-01930,v2.1.3,2021-01-08 13:58:53,41,0.0308,0.8105,0.1395,0.5074,1315,85
RSC-2021-01931,v2.3.0,2021-03-17 16:03:27,43,0.0317,0.843,0.1413,0.4991,1177,59
RSC-2021-01932,v2.2.1,2021-06-19 21:17:32,53,0.0299,0.8083,0.1375,0.5147,1296,130
RSC-2021-01933,v2.3.0,2021-03-17 01:46:07,45,0.043,0.7955,0.1471,0.5093,1399,31
RSC-2021-01934,v2.2.1,2021-04-19 13:40:31,37,0.1004,0.7631,0.1539,0.5204,1212,25
RSC-2021-01935,v2.2.1,2021-06-08 22:40:19,37,0.0292,0.7771,0.1236,0.5012,1223,110
RSC-2021-01936,v2.1.4,2021-01-16 16:37:09,46,0.0326,0.7844,0.1343,0.5257,1595,25
RSC-2021-01937,v2.2.1,2021-08-06 21:30:36,56,0.0027,0.8419,0.1433,0.5231,1267,30
RSC-2021-01938,v2.1.3,2021-08-29 22:05:31,43,0.0347,0.8258,0.159,0.5047,1170,34
RSC-2021-01939,v2.1.4,2021-10-24 02:28:05,39,0.1149,0.7923,0.1538,0.5127,906,37
RSC-2021-01940,v2.1.3,2021-05-27 03:54:05,43,0.014,0.8268,0.1592,0.5219,1065,20
RSC-2021-01941,v2.1.3,2021-04-03 09:43:44,51,0.0257,0.7972,0.1462,0.5022,1119,137
RSC-2021-01942,v2.1.4,2021-10-09 11:39:16,50,0.0818,0.8127,0.1419,0.5279,1155,114
RSC-2021-01943,v2.2.1,2021-02-23 07:24:05,46,0.0391,0.803,0.1495,0.4801,1589,73
RSC-2021-01944,v2.1.3,2021-03-25 23:16:45,39,0.0457,0.7718,0.1641,0.5444,949,79
RSC-2021-01945,v2.1.3,2021-06-28 06:04:20,39,0.0254,0.7753,0.1481,0.5008,1551,67
RSC-2021-01946,v2.2.0,2021-02-08 15:20:32,48,0.0433,0.8075,0.1412,0.5278,854,31
RSC-2021-01947,v2.1.3,2021-01-09 04:55:39,51,0.0561,0.8074,0.135,0.5298,1326,121
RSC-2021-01948,v2.1.4,2021-09-03 13:19:49,37,0.0236,0.8249,0.1504,0.4935,1033,106
RSC-2021-01949,v2.1.3,2021-03-31 20:53:39,42,0.0481,0.8339,0.1412,0.5316,1368,72
RSC-2021-01950,v2.1.4,2021-03-29 15:04:01,47,0.0818,0.8061,0.153,0.5197,942,43
RSC-2021-01951,v2.2.0,2021-04-18 20:50:25,52,0.0264,0.8233,0.157,0.5048,1507,70
RSC-2021-01952,v2.1.3,2021-07-15 04:59:29,46,0.0266,0.7948,0.1655,0.5048,1417,48
RSC-2021-01953,v2.2.0,2021-06-07 12:44:21,37,0.1058,0.8138,0.1503,0.5175,1444,87
RSC-2021-01954,v2.2.1,2021-02-17 00:47:17,55,0.0314,0.8005,0.1404,0.4987,1048,83
RSC-2021-01955,v2.2.0,2021-12-05 21:51:39,47,0.0092,0.8295,0.1531,0.5427,1008,64
RSC-2021-01956,v2.1.4,2021-03-03 04:58:54,36,0.002,0.8333,0.1409,0.4956,1164,103
RSC-2021-01957,v2.1.3,2021-08-10 11:19:16,45,0.0296,0.8189,0.1532,0.5286,1184,74
RSC-2021-01958,v2.2.1,2021-02-04 22:18:41,43,0.0603,0.8004,0.1272,0.516,1007,71
RSC-2021-01959,v2.2.1,2021-04-04 04:23:26,54,0.0028,0.8175,0.1368,0.5142,1037,42
RSC-2021-01960,v2.3.0,2021-12-15 06:58:00,40,0.0243,0.8463,0.1448,0.5224,1197,79
RSC-2021-01961,v2.1.3,2021-04-09 05:50:09,46,0.0545,0.8445,0.1449,0.5109,993,68
RSC-2021-01962,v2.1.3,2021-03-11 04:27:26,54,0.0548,0.7974,0.153,0.4956,971,47
RSC-2021-01963,v2.1.4,2021-04-11 22:17:30,54,0.0116,0.8203,0.1295,0.5396,1408,122
RSC-2021-01964,v2.2.0,2021-04-30 08:50:31,37,0.023,0.823,0.1397,0.4949,886,30
RSC-2021-01965,v2.1.4,2021-07-03 13:05:54,42,0.0257,0.8129,0.1472,0.5019,1333,119
RSC-2021-01966,v2.3.0,2021-09-14 12:27:38,57,0.0213,0.8056,0.1723,0.5184,1482,81
RSC-2021-01967,v2.1.3,2021-08-03 20:57:13,38,0.0259,0.8189,0.13,0.5587,1089,115
RSC-2021-01968,v2.1.3,2021-01-02 18:06:30,53,0.0101,0.8538,0.1461,0.5393,892,37
RSC-2021-01969,v2.2.1,2021-10-02 10:02:05,52,0.0331,0.8318,0.1511,0.466,1017,50
RSC-2021-01970,v2.3.0,2021-01-18 10:50:04,42,0.1243,0.8272,0.1466,0.4937,1376,105
RSC-2021-01971,v2.3.0,2021-02-11 04:54:42,46,0.0421,0.8035,0.1582,0.5362,839,36
RSC-2021-01972,v2.2.1,2021-11-29 20:11:07,50,0.0583,0.8064,0.1363,0.4995,1443,28
RSC-2021-01973,v2.1.4,2021-03-15 07:12:26,41,0.0395,0.8116,0.157,0.5111,1040,82
RSC-2021-01974,v2.2.0,2021-11-01 00:53:10,50,0.0308,0.805,0.1537,0.4893,1099,119
RSC-2021-01975,v2.1.3,2021-01-05 04:12:44,51,0.0397,0.7847,0.132,0.5279,940,30
RSC-2021-01976,v2.2.1,2021-09-29 18:41:26,53,0.0188,0.7778,0.164,0.4983,1103,82
RSC-2021-01977,v2.2.1,2021-03-08 14:11:23,52,0.0394,0.8366,0.1339,0.5132,954,62
RSC-2021-01978,v2.1.3,2021-02-07 18:42:52,50,0.125,0.7992,0.1372,0.5173,941,79
RSC-2021-01979,v2.1.3,2021-04-24 12:17:10,40,0.0481,0.8433,0.1664,0.5638,917,113
RSC-2021-01980,v2.2.0,2021-04-29 06:16:03,43,0.0205,0.7896,0.1337,0.4914,1283,61
RSC-2021-01981,v2.2.1,2021-02-04 07:59:46,47,0.0261,0.8442,0.1374,0.4993,988,135
RSC-2021-01982,v2.1.4,2021-06-24 05:10:45,36,0.0509,0.8378,0.1355,0.5266,961,45
RSC-2021-01983,v2.1.4,2021-03-20 06:54:58,55,0.0045,0.8045,0.1411,0.5129,1537,63
RSC-2021-01984,v2.3.0,2021-03-27 13:54:11,34,0.0157,0.8332,0.1471,0.5418,822,133
RSC-2021-01985,v2.2.1,2021-01-04 02:43:03,51,0.0041,0.8301,0.1466,0.5064,1286,86
RSC-2021-01986,v2.1.3,2021-06-15 03:05:36,34,0.0101,0.8274,0.1325,0.4809,1263,102
RSC-2021-01987,v2.3.0,2021-04-16 01:38:03,44,0.0135,0.8066,0.1271,0.4728,1496,128
RSC-2021-01988,v2.3.0,2021-03-16 11:00:16,56,0.0894,0.8315,0.1263,0.4964,1476,78
RSC-2021-01989,v2.3.0,2021-03-25 20:41:33,51,0.0349,0.8006,0.1273,0.4992,1019,33
RSC-2021-01990,v2.3.0,2021-07-08 23:36:09,35,0.0215,0.8521,0.1392,0.4826,1362,97
RSC-2021-01991,v2.2.0,2021-10-17 11:53:39,49,0.0157,0.861,0.1392,0.5304,1467,133
RSC-2021-01992,v2.2.1,2021-06-24 20:51:35,49,0.0519,0.8122,0.1252,0.5226,1304,67
RSC-2021-01993,v2.2.0,2021-02-23 17:53:13,52,0.1174,0.8131,0.1367,0.5078,1382,86
RSC-2021-01994,v2.3.0,2021-07-30 19:59:09,44,0.0329,0.8119,0.1447,0.5271,1130,129
RSC-2021-01995,v2.2.0,2021-03-10 16:00:46,45,0.0924,0.7932,0.1496,0.5277,1011,99
RSC-2021-01996,v2.2.0,2021-05-06 17:41:06,41,0.0166,0.822,0.1464,0.5181,1435,59
RSC-2021-01997,v2.2.0,2021-06-24 07:48:31,43,0.0017,0.8276,0.1442,0.5216,1297,98
RSC-2021-01998,v2.1.4,2021-04-02 09:35:43,49,0.0585,0.7936,0.1461,0.5015,834,128
RSC-2021-01999,v2.2.1,2021-11-24 06:31:50,51,0.0744,0.8156,0.1447,0.5165,998,49
RSC-2021-02000,v2.1.3,2021-11-24 14:05:14,48,0.054,0.8097,0.1233,0.5288,1112,25
RSC-2021-02001,v2.2.0,2021-10-24 13:44:36,37,0.0424,0.7965,0.1309,0.4714,1183,72
RSC-2021-02002,v2.1.4,2021-11-08 03:50:25,53,0.0148,0.7986,0.1314,0.5178,1280,103
RSC-2021-02003,v2.3.0,2021-09-21 07:26:52,35,0.0177,0.8257,0.13,0.4929,1061,54
RSC-2021-02004,v2.3.0,2021-08-25 09:34:26,41,0.0138,0.8346,0.1622,0.5034,1471,89
RSC-2021-02005,v2.1.4,2021-06-03 02:30:45,48,0.0216,0.8053,0.1462,0.4791,1313,32
RSC-2021-02006,v2.1.3,2021-12-02 01:14:44,56,0.0458,0.8296,0.1554,0.5513,1099,25
RSC-2021-02007,v2.1.4,2021-09-22 14:42:09,46,0.0203,0.8054,0.1351,0.5361,1428,33
RSC-2021-02008,v2.3.0,2021-04-10 17:28:49,42,0.0285,0.8258,0.1432,0.4977,1129,35
RSC-2021-02009,v2.2.1,2021-08-02 09:49:14,50,0.0444,0.7918,0.1486,0.5504,1500,138
RSC-2021-02010,v2.1.4,2021-12-29 07:14:23,50,0.025,0.8228,0.1432,0.5145,999,81
RSC-2021-02011,v2.3.0,2021-10-29 02:17:50,39,0.0679,0.835,0.173,0.5089,1526,122
RSC-2021-02012,v2.1.3,2021-10-26 00:14:00,41,0.0367,0.8032,0.1501,0.5027,1019,60
RSC-2021-02013,v2.2.1,2021-04-26 06:34:16,36,0.0707,0.7927,0.1379,0.5539,1060,22
RSC-2021-02014,v2.1.4,2021-10-27 03:28:48,48,0.0114,0.8257,0.1492,0.5348,1595,29
RSC-2021-02015,v2.2.0,2021-04-18 03:17:49,44,0.0481,0.8284,0.1418,0.5113,1152,138
RSC-2021-02016,v2.1.4,2021-04-26 17:15:07,34,0.0086,0.7826,0.1691,0.4727,1297,129
RSC-2021-02017,v2.1.3,2021-02-13 07:01:07,34,0.0062,0.7823,0.1378,0.5399,1184,99
RSC-2021-02018,v2.1.4,2021-02-15 23:41:22,36,0.0477,0.805,0.1591,0.5277,1383,127
RSC-2021-02019,v2.1.4,2021-06-24 12:39:49,42,0.0505,0.8296,0.1296,0.5321,1113,130
RSC-2021-02020,v2.2.0,2021-01-03 18:44:08,52,0.0049,0.7869,0.114,0.5676,1089,39
RSC-2021-02021,v2.1.4,2021-01-18 15:03:42,34,0.0302,0.8345,0.1347,0.4747,804,120
RSC-2021-02022,v2.1.4,2021-03-27 16:38:36,48,0.0404,0.8331,0.1293,0.5031,1524,85
RSC-2021-02023,v2.1.4,2021-08-13 09:09:58,41,0.0406,0.7967,0.1586,0.5327,1380,40
RSC-2021-02024,v2.2.0,2021-03-05 06:23:31,43,0.0463,0.8196,0.1393,0.506,996,46
RSC-2021-02025,v2.1.3,2021-11-05 15:33:56,44,0.0842,0.8239,0.1563,0.5567,1599,20
RSC-2021-02026,v2.2.0,2021-05-16 15:07:05,41,0.04,0.8202,0.1272,0.4999,1523,60
RSC-2021-02027,v2.3.0,2021-08-19 23:18:38,41,0.0184,0.8299,0.1459,0.5245,1090,62
RSC-2021-02028,v2.1.3,2021-06-24 19:15:15,56,0.1011,0.8136,0.1482,0.5393,1026,66
RSC-2021-02029,v2.2.1,2021-11-26 19:34:32,52,0.0234,0.8507,0.1326,0.49,1578,54
RSC-2021-02030,v2.2.0,2021-03-01 03:33:03,34,0.0368,0.8151,0.143,0.5108,991,81
RSC-2021-02031,v2.2.1,2021-03-28 01:37:58,35,0.0822,0.7991,0.1347,0.515,825,64
RSC-2021-02032,v2.3.0,2021-05-25 01:50:21,50,0.02,0.7962,0.1381,0.5112,1186,134
RSC-2021-02033,v2.3.0,2021-01-17 12:01:08,49,0.0823,0.8329,0.1278,0.5366,987,40
RSC-2021-02034,v2.3.0,2021-09-02 20:00:50,50,0.0534,0.8025,0.1385,0.5155,1369,76
RSC-2021-02035,v2.1.3,2021-08-28 13:09:59,55,0.0282,0.8202,0.1405,0.5113,1176,136
RSC-2021-02036,v2.2.0,2021-07-31 06:24:09,47,0.0084,0.8104,0.1363,0.4986,1326,22
RSC-2021-02037,v2.3.0,2021-05-08 06:58:45,57,0.0585,0.806,0.1411,0.5141,1334,80
RSC-2021-02038,v2.3.0,2021-10-07 04:49:15,48,0.007,0.7877,0.1306,0.5233,1489,104
RSC-2021-02039,v2.2.0,2021-08-22 20:42:06,51,0.0658,0.7956,0.1563,0.5281,1572,132
RSC-2021-02040,v2.1.3,2021-11-07 22:03:30,41,0.012,0.7968,0.1337,0.4869,1327,37
RSC-2021-02041,v2.2.0,2021-01-02 13:16:17,41,0.0312,0.8166,0.1638,0.5211,1568,30
RSC-2021-02042,v2.1.4,2021-06-08 01:09:03,56,0.0164,0.7911,0.1391,0.5027,1117,42
RSC-2021-02043,v2.1.4,2021-10-10 11:31:59,37,0.0286,0.7887,0.1229,0.4911,1264,92
RSC-2021-02044,v2.3.0,2021-01-01 07:27:39,34,0.0253,0.8207,0.1349,0.5104,924,130
RSC-2021-02045,v2.1.4,2021-09-10 17:42:41,57,0.0129,0.795,0.14,0.4425,1515,101
RSC-2021-02046,v2.3.0,2021-01-07 19:47:57,46,0.0115,0.7789,0.166,0.4917,1190,116
RSC-2021-02047,v2.3.0,2021-08-29 12:15:19,41,0.0514,0.8299,0.1488,0.5329,1565,97
RSC-2021-02048,v2.2.1,2021-10-21 16:01:15,39,0.0364,0.8143,0.1452,0.5082,1122,39
RSC-2021-02049,v2.1.3,2021-06-15 01:29:29,55,0.0532,0.8148,0.1336,0.5682,1529,65
RSC-2021-02050,v2.3.0,2021-07-02 16:43:05,44,0.039,0.8075,0.1504,0.5398,910,112
RSC-2021-02051,v2.1.4,2021-01-03 00:19:40,56,0.0257,0.7992,0.152,0.5227,948,35
RSC-2021-02052,v2.3.0,2021-11-22 19:38:59,44,0.0365,0.7888,0.134,0.4903,1350,56
RSC-2021-02053,v2.1.3,2021-01-15 00:31:51,41,0.0289,0.8168,0.1501,0.4907,1271,24
RSC-2021-02054,v2.1.4,2021-10-21 16:32:34,35,0.0217,0.8234,0.1657,0.5386,1071,80
RSC-2021-02055,v2.3.0,2021-03-11 22:58:32,48,0.0089,0.8018,0.1389,0.5122,1300,24
RSC-2021-02056,v2.2.0,2021-05-24 18:54:35,36,0.0165,0.8202,0.1383,0.4754,828,40
RSC-2021-02057,v2.2.1,2021-05-29 15:26:35,44,0.0799,0.7809,0.1554,0.4993,850,83
RSC-2021-02058,v2.2.1,2021-01-19 10:06:28,55,0.0315,0.8117,0.1228,0.521,1591,78
RSC-2021-02059,v2.2.1,2021-10-09 08:53:30,51,0.0145,0.8191,0.1383,0.506,925,66
RSC-2021-02060,v2.3.0,2021-11-12 09:19:10,37,0.0242,0.819,0.1353,0.4769,1532,90
RSC-2021-02061,v2.1.3,2021-12-22 19:57:59,42,0.0908,0.8136,0.1517,0.5207,860,41
RSC-2021-02062,v2.2.1,2021-02-07 10:17:12,49,0.0849,0.8039,0.123,0.5058,1355,48
RSC-2021-02063,v2.1.3,2021-12-15 12:11:48,37,0.0269,0.8384,0.1249,0.5265,943,130
RSC-2021-02064,v2.1.4,2021-11-08 03:16:38,47,0.0051,0.8177,0.1489,0.5353,1490,48
RSC-2021-02065,v2.3.0,2021-06-19 16:20:44,37,0.0843,0.8242,0.1625,0.4946,1385,90
RSC-2021-02066,v2.2.1,2021-11-03 10:12:56,50,0.0526,0.8163,0.1614,0.5209,897,35
RSC-2021-02067,v2.2.0,2021-09-01 14:43:40,46,0.035,0.7899,0.1704,0.5057,1415,109
RSC-2021-02068,v2.3.0,2021-06-05 15:34:11,50,0.0582,0.8205,0.1345,0.5033,838,123
RSC-2021-02069,v2.2.0,2021-04-04 20:40:23,49,0.1176,0.8301,0.1251,0.4841,1489,135
RSC-2021-02070,v2.3.0,2021-09-07 07:22:13,49,0.0835,0.8047,0.1432,0.5015,835,38
RSC-2021-02071,v2.1.3,2021-02-13 10:41:51,49,0.1078,0.8067,0.1484,0.5152,1580,139
RSC-2021-02072,v2.2.0,2021-05-05 00:09:21,49,0.0409,0.8243,0.1523,0.5051,1337,29
RSC-2021-02073,v2.3.0,2021-07-29 01:40:39,36,0.0344,0.827,0.1499,0.528,1550,26
RSC-2021-02074,v2.3.0,2021-06-09 12:12:09,55,0.0503,0.8158,0.1432,0.4765,1084,120
RSC-2021-02075,v2.2.0,2021-05-20 15:44:43,40,0.0915,0.8174,0.1458,0.522,878,47
RSC-2021-02076,v2.1.4,2021-01-03 16:28:46,49,0.0486,0.797,0.1144,0.5195,1537,78
RSC-2021-02077,v2.1.3,2021-01-11 12:43:38,49,0.028,0.8074,0.1438,0.4904,1229,26
RSC-2021-02078,v2.3.0,2021-01-28 02:26:37,42,0.0672,0.8196,0.1584,0.5134,1364,51
RSC-2021-02079,v2.2.1,2021-01-26 16:42:20,47,0.0495,0.8018,0.1257,0.5382,803,94
RSC-2021-02080,v2.1.3,2021-09-01 10:17:52,47,0.0598,0.7947,0.1459,0.5345,1378,77
RSC-2021-02081,v2.1.3,2021-10-04 16:57:08,34,0.0171,0.8288,0.131,0.5209,1591,29
RSC-2021-02082,v2.2.0,2021-05-29 01:53:12,40,0.0375,0.8089,0.1456,0.496,1281,25
RSC-2021-02083,v2.1.4,2021-10-15 06:22:30,49,0.0267,0.8229,0.1523,0.4918,1091,117
RSC-2021-02084,v2.2.0,2021-01-08 05:26:05,41,0.0253,0.8093,0.1251,0.5254,889,99
RSC-2021-02085,v2.1.4,2021-03-25 08:34:10,46,0.0126,0.7975,0.1227,0.5432,1579,137
RSC-2021-02086,v2.2.1,2021-04-01 22:34:44,34,0.0371,0.8227,0.1349,0.5257,875,84
RSC-2021-02087,v2.1.4,2021-06-13 01:03:14,53,0.0117,0.7955,0.1501,0.5205,837,25
RSC-2021-02088,v2.2.0,2021-08-08 10:07:47,53,0.0226,0.8337,0.1248,0.5111,1517,97
RSC-2021-02089,v2.2.0,2021-02-25 00:39:31,56,0.0666,0.8113,0.1433,0.5235,940,87
RSC-2021-02090,v2.1.4,2021-02-12 18:07:58,39,0.0044,0.814,0.1302,0.5302,1468,42
RSC-2021-02091,v2.1.3,2021-10-31 22:57:01,49,0.0439,0.7994,0.1353,0.5043,1147,117
RSC-2021-02092,v2.2.0,2021-10-26 09:30:08,48,0.0453,0.8157,0.1394,0.4826,876,37
RSC-2021-02093,v2.2.0,2021-07-17 00:37:07,40,0.0861,0.8216,0.1554,0.5356,1540,69
RSC-2021-02094,v2.2.1,2021-04-16 03:55:53,50,0.0077,0.8272,0.1675,0.5145,1426,37
RSC-2021-02095,v2.3.0,2021-05-24 08:01:58,55,0.1099,0.7756,0.1522,0.512,1003,51
RSC-2021-02096,v2.1.3,2021-04-19 09:22:46,52,0.0205,0.8278,0.1517,0.4955,1161,90
RSC-2021-02097,v2.1.3,2021-02-04 03:02:16,36,0.0547,0.8161,0.1413,0.5428,845,114
RSC-2021-02098,v2.3.0,2021-05-26 02:56:51,50,0.0375,0.8405,0.1463,0.5012,1555,93
RSC-2021-02099,v2.1.3,2021-02-22 08:18:49,39,0.0483,0.8254,0.1504,0.455,1537,83
RSC-2021-02100,v2.3.0,2021-05-07 08:49:59,53,0.065,0.814,0.1521,0.5333,1330,41
RSC-2021-02101,v2.2.0,2021-05-18 05:14:27,48,0.0072,0.8253,0.1369,0.5235,1068,45
RSC-2021-02102,v2.1.3,2021-06-12 10:56:42,41,0.0237,0.8391,0.1418,0.532,1470,86
RSC-2021-02103,v2.1.4,2021-12-18 10:55:31,38,0.0143,0.7964,0.136,0.5098,1284,27
RSC-2021-02104,v2.3.0,2021-03-27 09:29:08,40,0.0143,0.8286,0.1391,0.4774,1417,93
RSC-2021-02105,v2.3.0,2021-02-13 14:54:19,52,0.0485,0.8053,0.1467,0.52,1085,27
RSC-2021-02106,v2.2.0,2021-08-10 04:16:05,55,0.0433,0.8318,0.1682,0.513,1193,92
RSC-2021-02107,v2.3.0,2021-10-21 16:17:51,35,0.0683,0.8188,0.1491,0.4866,940,68
RSC-2021-02108,v2.1.3,2021-02-21 18:05:30,39,0.0611,0.8017,0.1348,0.5187,1232,107
RSC-2021-02109,v2.2.1,2021-06-01 14:31:41,39,0.0642,0.8212,0.1391,0.5081,1248,130
RSC-2021-02110,v2.1.3,2021-07-11 05:14:10,53,0.0877,0.8088,0.1444,0.534,1176,80
RSC-2021-02111,v2.1.3,2021-04-20 04:33:29,35,0.082,0.7966,0.1449,0.5497,1085,120
RSC-2021-02112,v2.3.0,2021-10-07 09:02:38,53,0.0554,0.7796,0.1367,0.5002,1469,117
RSC-2021-02113,v2.2.0,2021-07-11 10:21:32,47,0.0534,0.815,0.1432,0.5094,1403,55
RSC-2021-02114,v2.1.3,2021-03-21 01:12:08,35,0.0827,0.8021,0.122,0.4687,886,60
RSC-2021-02115,v2.1.4,2021-05-17 00:25:41,46,0.0285,0.8039,0.14,0.5301,1386,132
RSC-2021-02116,v2.2.1,2021-03-24 08:10:57,55,0.0605,0.8171,0.1609,0.5349,1069,89
RSC-2021-02117,v2.2.1,2021-02-24 04:46:43,50,0.0795,0.7859,0.1595,0.5047,1234,58
RSC-2021-02118,v2.2.1,2021-06-14 15:28:43,38,0.0253,0.8101,0.1364,0.5469,1538,106
RSC-2021-02119,v2.2.1,2021-12-18 21:15:19,37,0.018,0.8004,0.1566,0.5369,1361,132
RSC-2021-02120,v2.2.0,2021-12-04 12:23:11,49,0.001,0.8271,0.1345,0.4944,1330,29
RSC-2021-02121,v2.1.3,2021-05-23 19:04:03,48,0.0089,0.8037,0.1276,0.5255,1012,41
RSC-2021-02122,v2.3.0,2021-10-01 20:49:12,44,0.0203,0.8243,0.1283,0.5277,1047,103
RSC-2021-02123,v2.2.1,2021-03-21 16:30:39,37,0.0163,0.7917,0.1451,0.4778,1140,138
RSC-2021-02124,v2.2.1,2021-04-30 06:42:34,39,0.0023,0.7813,0.1291,0.5014,1215,25
RSC-2021-02125,v2.1.3,2021-09-21 17:02:39,42,0.0431,0.8185,0.1558,0.5056,974,31
RSC-2021-02126,v2.1.4,2021-07-16 13:18:54,56,0.0115,0.8246,0.1524,0.5269,991,87
RSC-2021-02127,v2.2.1,2021-11-11 05:13:31,50,0.0351,0.7852,0.1499,0.5236,1107,95
RSC-2021-02128,v2.2.0,2021-09-24 09:18:59,36,0.0074,0.8064,0.1608,0.4967,1286,137
RSC-2021-02129,v2.3.0,2021-12-22 08:34:01,37,0.03,0.7951,0.1335,0.5389,1225,56
RSC-2021-02130,v2.3.0,2021-12-08 07:01:57,35,0.0135,0.7899,0.1468,0.4975,984,103
RSC-2021-02131,v2.2.0,2021-01-29 15:31:23,48,0.0567,0.845,0.1426,0.5267,1361,98
RSC-2021-02132,v2.2.0,2021-06-06 03:19:30,52,0.0592,0.8064,0.1357,0.4659,1463,73
RSC-2021-02133,v2.2.0,2021-09-12 16:13:41,37,0.0634,0.7921,0.1639,0.5044,1052,68
RSC-2021-02134,v2.2.1,2021-11-11 14:34:31,46,0.0543,0.8232,0.1289,0.5012,1231,58
RSC-2021-02135,v2.2.0,2021-10-30 00:07:14,53,0.0205,0.8287,0.1531,0.5005,1516,53
RSC-2021-02136,v2.2.0,2021-09-27 08:52:38,54,0.0107,0.8007,0.1459,0.5133,1414,133
RSC-2021-02137,v2.2.1,2021-03-20 07:03:52,47,0.0259,0.8376,0.1456,0.5145,960,87
RSC-2021-02138,v2.3.0,2021-07-18 00:03:04,52,0.0075,0.8128,0.1583,0.506,1171,80
RSC-2021-02139,v2.2.1,2021-08-10 13:27:13,40,0.0138,0.7995,0.1508,0.5016,1400,62
RSC-2021-02140,v2.1.4,2021-09-20 02:00:01,57,0.0706,0.7979,0.1491,0.4999,1480,98
RSC-2021-02141,v2.1.3,2021-03-19 03:46:21,37,0.0479,0.8178,0.1422,0.5248,1153,62
RSC-2021-02142,v2.2.0,2021-06-01 04:09:05,49,0.0253,0.8482,0.153,0.4865,858,30
RSC-2021-02143,v2.3.0,2021-10-07 09:24:37,34,0.0811,0.8242,0.1233,0.485,1102,120
RSC-2021-02144,v2.1.3,2021-11-17 18:20:02,35,0.0801,0.8005,0.143,0.4888,1562,23
RSC-2021-02145,v2.2.1,2021-04-27 12:41:52,38,0.0913,0.8023,0.1323,0.4984,1503,130
RSC-2021-02146,v2.1.4,2021-05-06 19:54:41,57,0.0556,0.8141,0.1315,0.4776,1154,111
RSC-2021-02147,v2.2.1,2021-02-18 22:03:11,42,0.0506,0.8051,0.1406,0.4946,1480,27
RSC-2021-02148,v2.1.4,2021-10-29 19:58:19,50,0.0662,0.813,0.1421,0.5102,1496,138
RSC-2021-02149,v2.1.4,2021-10-20 05:42:13,43,0.0723,0.8252,0.1511,0.5185,1559,89
RSC-2021-02150,v2.2.1,2021-03-05 03:34:08,40,0.0419,0.7908,0.1224,0.472,899,30
RSC-2021-02151,v2.2.1,2021-04-30 08:35:36,46,0.0138,0.799,0.1551,0.5307,860,80
RSC-2021-02152,v2.2.1,2021-06-03 11:18:54,46,0.0254,0.817,0.1601,0.5428,1072,129
RSC-2021-02153,v2.1.4,2021-08-04 17:32:58,36,0.0393,0.8195,0.1465,0.5203,897,132
RSC-2021-02154,v2.1.3,2021-06-05 10:42:55,45,0.007,0.8301,0.1474,0.5318,929,119
RSC-2021-02155,v2.3.0,2021-03-01 03:53:39,51,0.0741,0.8071,0.1528,0.5514,937,133
RSC-2021-02156,v2.1.3,2021-11-15 19:55:05,35,0.0839,0.8,0.1206,0.5519,1064,111
RSC-2021-02157,v2.1.4,2021-01-07 16:41:34,41,0.0217,0.85,0.1247,0.5255,1359,91
RSC-2021-02158,v2.2.1,2021-09-10 16:29:59,53,0.0332,0.7978,0.1431,0.5192,1371,75
RSC-2021-02159,v2.2.0,2021-12-01 04:59:34,55,0.0792,0.7962,0.156,0.5195,1357,138
RSC-2021-02160,v2.2.1,2021-08-25 22:02:24,35,0.0298,0.8234,0.1325,0.5341,1102,113
RSC-2021-02161,v2.1.4,2021-02-14 10:50:59,40,0.0153,0.8276,0.1348,0.5224,1172,22
RSC-2021-02162,v2.1.3,2021-10-20 08:12:19,52,0.0699,0.8257,0.1256,0.5246,1579,72
RSC-2021-02163,v2.1.4,2021-06-10 04:14:49,35,0.0427,0.7997,0.1357,0.4925,1521,45
RSC-2021-02164,v2.2.0,2021-04-24 21:38:06,46,0.0489,0.8358,0.1448,0.5308,897,71
RSC-2021-02165,v2.2.0,2021-04-22 05:23:14,47,0.0111,0.8389,0.1359,0.5532,1192,36
RSC-2021-02166,v2.1.4,2021-01-06 05:30:49,35,0.0705,0.8053,0.1267,0.5435,1196,63
RSC-2021-02167,v2.1.3,2021-05-21 07:32:25,47,0.0092,0.7815,0.1537,0.4839,1511,121
RSC-2021-02168,v2.3.0,2021-05-20 22:03:33,56,0.0184,0.7955,0.1433,0.492,828,35
RSC-2021-02169,v2.3.0,2021-10-31 10:06:05,41,0.0229,0.7946,0.1553,0.5256,1038,95
RSC-2021-02170,v2.3.0,2021-10-23 19:36:28,39,0.0253,0.8341,0.1533,0.5058,1131,97
RSC-2021-02171,v2.1.4,2021-12-28 19:43:23,52,0.0274,0.7809,0.1462,0.5397,1556,37
RSC-2021-02172,v2.2.1,2021-12-25 22:20:03,45,0.045,0.8167,0.1268,0.52,1267,119
RSC-2021-02173,v2.1.3,2021-10-22 19:28:45,42,0.031,0.8149,0.1406,0.4836,809,128
RSC-2021-02174,v2.3.0,2021-08-27 12:39:11,44,0.0234,0.8065,0.1373,0.474,1512,34
RSC-2021-02175,v2.2.1,2021-09-07 00:40:08,57,0.0249,0.8415,0.1502,0.5084,880,38
RSC-2021-02176,v2.3.0,2021-09-18 04:03:31,56,0.0094,0.8058,0.1487,0.4977,804,57
RSC-2021-02177,v2.3.0,2021-10-14 23:32:34,35,0.0388,0.8086,0.1533,0.5229,1080,49
RSC-2021-02178,v2.1.4,2021-05-23 08:38:12,50,0.0946,0.8072,0.1595,0.5223,1452,70
RSC-2021-02179,v2.1.3,2021-12-14 14:21:31,56,0.0016,0.8344,0.1298,0.4937,1085,51
RSC-2021-02180,v2.3.0,2021-06-06 22:54:21,49,0.0027,0.8274,0.1472,0.4859,1402,38
RSC-2021-02181,v2.1.3,2021-07-27 02:56:58,43,0.0722,0.8515,0.1367,0.5371,1206,22
RSC-2021-02182,v2.1.3,2021-09-20 05:45:14,49,0.0218,0.8239,0.1304,0.5291,883,83
RSC-2021-02183,v2.1.3,2021-05-07 10:35:02,41,0.0721,0.8107,0.1315,0.5286,989,80
RSC-2021-02184,v2.1.3,2021-05-07 12:22:27,42,0.0853,0.8108,0.1611,0.5045,803,130
RSC-2021-02185,v2.3.0,2021-06-08 16:11:23,57,0.0509,0.8397,0.1539,0.5176,855,20
RSC-2021-02186,v2.1.4,2021-06-02 18:20:13,35,0.0427,0.8172,0.1611,0.5039,1088,31
RSC-2021-02187,v2.3.0,2021-08-27 04:34:17,55,0.1201,0.7943,0.1412,0.4881,1153,116
RSC-2021-02188,v2.1.3,2021-07-29 11:46:40,35,0.0813,0.8112,0.1452,0.5363,1523,23
RSC-2021-02189,v2.2.0,2021-12-07 20:00:13,48,0.0405,0.8002,0.1325,0.516,935,60
RSC-2021-02190,v2.1.4,2021-12-13 05:53:56,38,0.0389,0.8327,0.1266,0.5418,827,97
RSC-2021-02191,v2.3.0,2021-06-07 03:10:45,47,0.0184,0.782,0.1469,0.5144,1477,55
RSC-2021-02192,v2.2.0,2021-10-17 09:13:19,55,0.0463,0.812,0.1725,0.5403,1399,96
RSC-2021-02193,v2.1.4,2021-01-23 23:15:09,55,0.0311,0.8437,0.125,0.5423,1182,130
RSC-2021-02194,v2.3.0,2021-01-26 07:18:00,56,0.0366,0.8216,0.1459,0.5179,1268,112
RSC-2021-02195,v2.1.4,2021-07-25 02:26:40,54,0.0631,0.8344,0.1385,0.4806,1102,115
RSC-2021-02196,v2.1.4,2021-10-03 03:49:47,37,0.052,0.8181,0.1519,0.5272,1508,72
RSC-2021-02197,v2.3.0,2021-04-04 04:43:01,54,0.0257,0.8056,0.1074,0.4894,1528,128
RSC-2021-02198,v2.3.0,2021-04-17 19:37:29,47,0.0151,0.7961,0.1179,0.4979,1187,103
RSC-2021-02199,v2.3.0,2021-10-11 08:29:55,44,0.0562,0.8061,0.1311,0.5226,1224,37
RSC-2021-02200,v2.3.0,2021-09-12 19:21:57,47,0.0165,0.8303,0.1444,0.5314,1559,113
RSC-2021-02201,v2.2.0,2021-12-16 07:23:11,51,0.0349,0.8214,0.1441,0.5479,1046,21
RSC-2021-02202,v2.1.3,2021-10-05 11:54:46,37,0.0025,0.8283,0.1471,0.4968,1053,128
RSC-2021-02203,v2.3.0,2021-04-23 18:37:17,37,0.0268,0.8029,0.1632,0.5159,955,81
RSC-2021-02204,v2.1.3,2021-11-11 02:54:55,57,0.0613,0.8113,0.1527,0.5292,1100,97
RSC-2021-02205,v2.3.0,2021-08-02 12:56:21,50,0.0852,0.8181,0.1508,0.4998,1463,129
RSC-2021-02206,v2.1.4,2021-07-14 00:57:23,41,0.0127,0.8086,0.1522,0.475,1405,38
RSC-2021-02207,v2.1.3,2021-11-25 12:54:52,36,0.0323,0.8098,0.1137,0.4857,1084,114
RSC-2021-02208,v2.2.0,2021-03-18 09:32:05,56,0.034,0.8318,0.1495,0.5114,1027,75
RSC-2021-02209,v2.1.4,2021-05-31 00:53:33,53,0.039,0.771,0.1585,0.4806,966,79
RSC-2021-02210,v2.1.3,2021-12-21 06:39:02,53,0.0389,0.831,0.1372,0.5115,1240,138
RSC-2021-02211,v2.1.4,2021-04-30 18:36:03,44,0.0229,0.8046,0.1407,0.4954,855,49
RSC-2021-02212,v2.2.0,2021-01-11 14:03:23,45,0.0476,0.8284,0.1363,0.4915,1576,36
RSC-2021-02213,v2.3.0,2021-06-13 20:10:38,34,0.0082,0.7966,0.1315,0.4973,1284,138
RSC-2021-02214,v2.1.4,2021-10-18 15:58:54,35,0.0196,0.8067,0.1367,0.5228,846,124
RSC-2021-02215,v2.1.3,2021-08-20 19:31:26,50,0.0047,0.8208,0.1464,0.4839,1544,139
RSC-2021-02216,v2.3.0,2021-04-02 21:49:40,44,0.0451,0.8353,0.1658,0.4754,897,118
RSC-2021-02217,v2.2.0,2021-12-20 14:44:51,35,0.0794,0.7957,0.1458,0.5169,1003,33
RSC-2021-02218,v2.3.0,2021-01-23 23:41:04,38,0.0307,0.8288,0.1218,0.482,1315,94
RSC-2021-02219,v2.2.0,2021-04-20 07:11:23,40,0.0305,0.8105,0.1597,0.5365,885,46
RSC-2021-02220,v2.1.3,2021-07-09 13:48:11,54,0.053,0.7846,0.1496,0.5133,1189,62
RSC-2021-02221,v2.3.0,2021-04-28 23:42:11,42,0.0425,0.8155,0.1445,0.5377,1108,53
RSC-2021-02222,v2.1.3,2021-10-17 06:14:10,56,0.0454,0.7922,0.149,0.4865,1216,114
RSC-2021-02223,v2.2.1,2021-09-11 13:58:41,50,0.0583,0.8217,0.1448,0.4996,903,53
RSC-2021-02224,v2.1.4,2021-12-23 22:36:32,40,0.0296,0.811,0.1183,0.4835,1412,103
RSC-2021-02225,v2.2.0,2021-04-22 08:01:20,36,0.0839,0.8376,0.1473,0.5432,1489,112
RSC-2021-02226,v2.1.4,2021-04-16 04:23:16,57,0.0499,0.8171,0.1523,0.4744,1000,31
RSC-2021-02227,v2.2.1,2021-04-12 18:47:18,35,0.0572,0.8165,0.1291,0.5005,1120,104
RSC-2021-02228,v2.2.0,2021-04-11 23:18:17,35,0.0093,0.8039,0.1331,0.5293,1326,54
RSC-2021-02229,v2.3.0,2021-05-01 05:11:58,51,0.0428,0.8121,0.1396,0.5067,1575,40
RSC-2021-02230,v2.2.1,2021-09-03 17:35:50,49,0.0189,0.8167,0.1454,0.5163,1273,77
RSC-2021-02231,v2.2.0,2021-09-07 17:11:18,52,0.025,0.7996,0.1358,0.5179,853,111
RSC-2021-02232,v2.2.0,2021-08-16 21:41:10,37,0.0103,0.8373,0.141,0.4918,1477,107
RSC-2021-02233,v2.3.0,2021-03-29 06:12:10,40,0.019,0.8013,0.137,0.5057,1444,46
RSC-2021-02234,v2.3.0,2021-08-17 11:58:58,34,0.057,0.8309,0.1432,0.5611,883,51
RSC-2021-02235,v2.2.0,2021-02-04 18:43:24,48,0.0124,0.7957,0.1336,0.4996,934,22
RSC-2021-02236,v2.1.4,2021-09-21 06:39:23,40,0.0612,0.809,0.1485,0.5381,1160,23
RSC-2021-02237,v2.2.1,2021-06-12 04:02:24,48,0.0475,0.8252,0.1438,0.5122,1218,105
RSC-2021-02238,v2.2.0,2021-01-15 16:05:27,41,0.0393,0.8231,0.1642,0.4802,1443,97
RSC-2021-02239,v2.2.1,2021-06-01 03:15:33,48,0.0164,0.8176,0.1375,0.5198,845,94
RSC-2021-02240,v2.2.0,2021-07-05 12:39:25,39,0.0528,0.7981,0.1626,0.4852,953,114
RSC-2021-02241,v2.3.0,2021-12-24 10:43:18,54,0.0271,0.8242,0.1524,0.5191,1541,107
RSC-2021-02242,v2.1.4,2021-01-23 18:20:22,53,0.0339,0.8234,0.1652,0.5124,1161,47
RSC-2021-02243,v2.2.1,2021-08-11 04:44:37,50,0.0199,0.8016,0.1613,0.4858,1500,26
RSC-2021-02244,v2.2.1,2021-11-27 03:34:00,41,0.0127,0.814,0.1494,0.5226,1521,128
RSC-2021-02245,v2.3.0,2021-02-19 23:26:11,44,0.006,0.792,0.1378,0.5145,1157,78
RSC-2021-02246,v2.2.1,2021-09-08 09:48:31,35,0.0065,0.8034,0.1478,0.5098,1336,124
RSC-2021-02247,v2.1.3,2021-08-24 18:48:17,49,0.0277,0.8536,0.1393,0.5117,1081,104
RSC-2021-02248,v2.1.3,2021-04-20 22:30:00,36,0.0906,0.791,0.1564,0.4911,846,23
RSC-2021-02249,v2.2.0,2021-02-23 18:31:13,54,0.0401,0.82,0.1265,0.5132,1198,127
RSC-2021-02250,v2.1.3,2021-11-02 21:56:09,42,0.0065,0.8016,0.1399,0.5486,898,98
RSC-2021-02251,v2.2.1,2021-06-02 19:11:27,44,0.0568,0.8246,0.1445,0.4933,1571,119
RSC-2021-02252,v2.1.3,2021-11-10 13:09:59,53,0.0262,0.8221,0.1645,0.5293,1522,57
RSC-2021-02253,v2.2.0,2021-07-04 22:24:48,57,0.0451,0.8408,0.1303,0.5282,1039,111
RSC-2021-02254,v2.2.1,2021-04-10 05:07:31,52,0.0139,0.7933,0.1529,0.5098,880,97
RSC-2021-02255,v2.2.0,2021-06-29 13:50:27,37,0.03,0.8676,0.1471,0.533,1405,27
RSC-2021-02256,v2.1.4,2021-12-14 18:08:16,46,0.0112,0.7738,0.1484,0.5114,1515,69
RSC-2021-02257,v2.2.1,2021-05-29 16:21:19,48,0.0414,0.8023,0.1356,0.5017,1126,20
RSC-2021-02258,v2.1.3,2021-07-28 06:15:36,40,0.0415,0.8737,0.1431,0.4859,866,102
RSC-2021-02259,v2.2.1,2021-12-10 16:30:42,51,0.0015,0.8025,0.1505,0.5148,961,77
RSC-2021-02260,v2.1.4,2021-03-01 08:30:43,39,0.0393,0.7822,0.1364,0.5137,905,41
RSC-2021-02261,v2.2.0,2021-12-06 21:55:34,40,0.0414,0.8187,0.1565,0.4611,1321,131
RSC-2021-02262,v2.1.4,2021-06-29 19:16:13,51,0.0287,0.8023,0.1508,0.4931,1302,46
RSC-2021-02263,v2.1.4,2021-06-19 13:41:55,39,0.0182,0.8094,0.1502,0.5614,1208,107
RSC-2021-02264,v2.3.0,2021-06-17 21:22:27,36,0.0394,0.803,0.1354,0.5079,875,126
RSC-2021-02265,v2.2.0,2021-04-30 20:24:07,38,0.0096,0.8339,0.1328,0.4691,843,137
RSC-2021-02266,v2.1.3,2021-11-23 00:25:10,50,0.077,0.802,0.1452,0.4998,1248,66
RSC-2021-02267,v2.1.4,2021-01-06 00:24:39,50,0.0134,0.8102,0.1469,0.499,942,43
RSC-2021-02268,v2.3.0,2021-02-06 09:17:33,54,0.1038,0.8162,0.1393,0.4943,995,119
RSC-2021-02269,v2.1.4,2021-01-30 23:29:29,43,0.0698,0.7868,0.1359,0.527,1487,86
RSC-2021-02270,v2.3.0,2021-06-19 05:29:56,34,0.0095,0.7856,0.1378,0.4999,816,113
RSC-2021-02271,v2.3.0,2021-05-05 21:26:50,44,0.0325,0.8268,0.1485,0.53,1057,63
RSC-2021-02272,v2.1.4,2021-05-23 13:22:58,46,0.0328,0.8165,0.1439,0.5228,1135,118
RSC-2021-02273,v2.1.3,2021-01-14 23:10:23,52,0.0248,0.8293,0.1274,0.5327,1491,60
RSC-2021-02274,v2.1.4,2021-06-09 11:58:24,47,0.0307,0.8101,0.1544,0.4825,1553,134
RSC-2021-02275,v2.2.0,2021-01-28 20:46:07,35,0.0369,0.8325,0.1591,0.525,1505,79
RSC-2021-02276,v2.2.1,2021-05-30 13:01:58,41,0.0357,0.8178,0.1275,0.4949,1252,36
RSC-2021-02277,v2.2.0,2021-02-06 23:18:07,48,0.0489,0.8104,0.1437,0.5244,874,72
RSC-2021-02278,v2.1.3,2021-01-24 22:53:52,39,0.0446,0.816,0.1622,0.5256,937,128
RSC-2021-02279,v2.3.0,2021-05-04 00:46:17,51,0.0643,0.7549,0.1094,0.5279,1589,66
RSC-2021-02280,v2.2.0,2021-03-17 14:12:29,43,0.0348,0.7982,0.1548,0.4921,1568,36
RSC-2021-02281,v2.1.3,2021-01-08 17:09:37,55,0.032,0.7994,0.1368,0.4933,884,41
RSC-2021-02282,v2.3.0,2021-06-06 06:20:00,51,0.0165,0.8133,0.1389,0.5151,988,61
RSC-2021-02283,v2.2.1,2021-01-08 06:06:17,57,0.0678,0.8108,0.1482,0.5328,958,101
RSC-2021-02284,v2.1.4,2021-04-01 00:53:16,34,0.0159,0.7998,0.1533,0.4553,1432,104
RSC-2021-02285,v2.1.3,2021-10-28 19:13:11,51,0.0506,0.7983,0.1223,0.4985,884,83
RSC-2021-02286,v2.2.0,2021-08-25 04:35:33,43,0.0101,0.7968,0.146,0.5236,1591,71
RSC-2021-02287,v2.3.0,2021-06-06 11:12:13,41,0.0184,0.799,0.1502,0.5361,943,71
RSC-2021-02288,v2.2.1,2021-10-20 09:43:34,39,0.0341,0.869,0.1647,0.531,1229,113
RSC-2021-02289,v2.3.0,2021-03-02 18:07:48,39,0.0453,0.8093,0.1285,0.5418,807,34
RSC-2021-02290,v2.2.0,2021-02-13 20:19:22,49,0.0014,0.8188,0.1318,0.5442,1337,125
RSC-2021-02291,v2.1.4,2021-09-09 18:54:08,40,0.0278,0.8169,0.1351,0.5222,1368,111
RSC-2021-02292,v2.3.0,2021-03-26 09:05:05,44,0.0108,0.8355,0.1517,0.5197,903,75
RSC-2021-02293,v2.1.4,2021-06-15 16:41:27,56,0.0538,0.8139,0.1336,0.5233,964,36
RSC-2021-02294,v2.1.4,2021-10-03 07:19:57,55,0.043,0.7967,0.1357,0.5188,1543,81
RSC-2021-02295,v2.1.4,2021-05-01 09:44:20,49,0.0122,0.8075,0.14,0.5029,981,68
RSC-2021-02296,v2.1.4,2021-03-08 22:45:11,44,0.0702,0.7891,0.1628,0.5233,1307,91
RSC-2021-02297,v2.2.1,2021-08-28 12:15:04,57,0.0349,0.8226,0.1622,0.5112,1030,27
RSC-2021-02298,v2.1.3,2021-11-23 01:17:18,43,0.0149,0.8419,0.1664,0.5324,941,103
RSC-2021-02299,v2.1.3,2021-08-18 21:45:19,51,0.0514,0.8063,0.1513,0.5126,959,63
RSC-2021-02300,v2.3.0,2021-03-20 17:37:20,40,0.086,0.8093,0.1259,0.4925,1147,138
RSC-2021-02301,v2.2.1,2021-07-07 21:06:46,37,0.0271,0.8206,0.1446,0.4596,1064,35
RSC-2021-02302,v2.3.0,2021-08-26 10:49:53,55,0.0403,0.7997,0.1468,0.5212,1126,56
RSC-2021-02303,v2.3.0,2021-12-27 04:49:28,55,0.0184,0.7812,0.1346,0.5168,1539,117
RSC-2021-02304,v2.2.1,2021-03-21 17:03:43,53,0.039,0.8051,0.1228,0.488,815,45
RSC-2021-02305,v2.1.3,2021-07-22 05:06:11,56,0.1005,0.7893,0.1367,0.5155,843,54
RSC-2021-02306,v2.1.4,2021-04-02 15:18:27,50,0.0989,0.8358,0.1572,0.5494,1273,70
RSC-2021-02307,v2.2.0,2021-03-31 01:20:12,54,0.0493,0.8133,0.1336,0.5147,1554,81
RSC-2021-02308,v2.2.0,2021-10-07 15:02:03,47,0.0499,0.8053,0.1542,0.5261,1355,24
RSC-2021-02309,v2.3.0,2021-03-28 11:00:10,39,0.0398,0.8501,0.1513,0.516,974,107
RSC-2021-02310,v2.1.3,2021-03-25 10:18:47,48,0.0326,0.7975,0.1333,0.5079,1114,134
RSC-2021-02311,v2.1.4,2021-08-22 14:59:14,40,0.0407,0.8399,0.1283,0.5005,1568,102
RSC-2021-02312,v2.2.1,2021-07-03 08:57:12,34,0.0497,0.8244,0.1513,0.5274,1379,53
RSC-2021-02313,v2.1.3,2021-11-14 18:10:16,36,0.0717,0.821,0.1538,0.5129,1528,29
RSC-2021-02314,v2.1.4,2021-09-01 03:11:29,47,0.0146,0.842,0.1522,0.5131,1520,34
RSC-2021-02315,v2.1.3,2021-06-24 01:08:02,53,0.0229,0.8153,0.1402,0.5258,1174,137
RSC-2021-02316,v2.1.3,2021-08-01 02:13:37,56,0.0282,0.7839,0.148,0.4874,1491,76
RSC-2021-02317,v2.2.0,2021-07-12 11:58:24,47,0.0878,0.8019,0.1383,0.5333,1125,54
RSC-2021-02318,v2.2.0,2021-12-30 11:48:57,40,0.0043,0.8209,0.1377,0.513,1253,69
RSC-2021-02319,v2.3.0,2021-09-07 04:12:51,53,0.0283,0.8135,0.1451,0.5409,1432,61
RSC-2021-02320,v2.2.1,2021-04-03 14:26:44,56,0.0126,0.8253,0.1432,0.4955,898,51
RSC-2021-02321,v2.1.3,2021-04-10 03:49:30,40,0.0356,0.7972,0.1596,0.5115,1319,94
RSC-2021-02322,v2.1.4,2021-04-25 21:02:15,52,0.0329,0.8264,0.1512,0.5059,1384,132
RSC-2021-02323,v2.2.0,2021-05-31 16:06:51,45,0.0442,0.8095,0.1442,0.5252,806,95
RSC-2021-02324,v2.1.3,2021-12-06 00:22:56,53,0.0407,0.8197,0.1503,0.5213,1061,53
RSC-2021-02325,v2.3.0,2021-02-04 02:31:30,49,0.0837,0.8208,0.1324,0.4644,1318,27
RSC-2021-02326,v2.2.1,2021-05-06 09:02:17,43,0.0538,0.7964,0.1536,0.5612,1351,121
RSC-2021-02327,v2.3.0,2021-04-22 18:55:06,43,0.0098,0.7915,0.1458,0.5067,1535,34
RSC-2021-02328,v2.2.1,2021-06-21 00:53:47,35,0.0204,0.8446,0.1441,0.5218,1538,126
RSC-2021-02329,v2.2.0,2021-05-19 19:23:07,46,0.0365,0.836,0.1458,0.5123,1334,87
RSC-2021-02330,v2.3.0,2021-10-10 06:52:08,37,0.0725,0.7831,0.1412,0.4811,1080,37
RSC-2021-02331,v2.2.0,2021-08-02 22:22:25,43,0.028,0.8045,0.1589,0.4831,1267,20
RSC-2021-02332,v2.2.1,2021-08-16 10:48:03,37,0.0418,0.8076,0.1312,0.5021,1114,39
RSC-2021-02333,v2.2.0,2021-11-11 03:04:31,53,0.0204,0.7926,0.1398,0.5148,932,41
RSC-2021-02334,v2.1.3,2021-10-11 21:02:40,38,0.0354,0.8097,0.1664,0.5078,857,76
RSC-2021-02335,v2.2.1,2021-02-13 17:38:03,56,0.096,0.8387,0.1454,0.4804,1288,80
RSC-2021-02336,v2.2.0,2021-08-16 17:35:32,42,0.0085,0.8139,0.1392,0.5143,1442,80
RSC-2021-02337,v2.3.0,2021-09-14 20:52:49,51,0.0399,0.7839,0.1657,0.4517,1026,36
RSC-2021-02338,v2.3.0,2021-11-09 20:03:27,53,0.0308,0.8147,0.135,0.5116,1134,78
RSC-2021-02339,v2.2.1,2021-08-18 22:07:05,46,0.0069,0.8115,0.1429,0.5416,1105,47
RSC-2021-02340,v2.2.1,2021-06-20 21:31:02,35,0.0288,0.8198,0.1335,0.4867,1415,116
RSC-2021-02341,v2.2.1,2021-06-13 10:59:52,52,0.0113,0.8062,0.133,0.4962,1194,79
RSC-2021-02342,v2.2.0,2021-03-22 16:13:55,40,0.0402,0.8514,0.1705,0.4998,1230,105
RSC-2021-02343,v2.1.4,2021-07-16 04:06:57,50,0.0239,0.7983,0.1619,0.5305,1435,58
RSC-2021-02344,v2.2.1,2021-05-14 05:32:35,42,0.0296,0.8244,0.1599,0.5157,1294,49
RSC-2021-02345,v2.2.1,2021-11-10 13:16:29,55,0.0526,0.7901,0.1474,0.5079,1351,38
RSC-2021-02346,v2.3.0,2021-10-25 09:41:57,51,0.0206,0.8018,0.132,0.5149,1289,75
RSC-2021-02347,v2.1.3,2021-12-11 07:57:25,57,0.0694,0.8129,0.1452,0.5219,1244,95
RSC-2021-02348,v2.2.0,2021-09-08 08:13:21,44,0.0057,0.8319,0.1514,0.5074,1202,67
RSC-2021-02349,v2.1.3,2021-11-15 16:13:20,38,0.0261,0.8342,0.134,0.4933,801,69
RSC-2021-02350,v2.1.4,2021-02-11 19:11:13,38,0.0128,0.8057,0.1546,0.4959,1497,67
RSC-2021-02351,v2.3.0,2021-02-17 09:55:42,44,0.0233,0.7947,0.1361,0.5271,1366,72
RSC-2021-02352,v2.1.3,2021-07-30 15:33:43,52,0.0547,0.7935,0.1466,0.5432,1537,36
RSC-2021-02353,v2.1.4,2021-04-25 19:03:12,40,0.0647,0.8249,0.1444,0.5435,1195,105
RSC-2021-02354,v2.2.1,2021-07-30 11:02:03,51,0.0287,0.822,0.1703,0.5107,948,61
RSC-2021-02355,v2.2.1,2021-02-11 13:26:49,46,0.0189,0.8231,0.1361,0.5105,1038,51
RSC-2021-02356,v2.3.0,2021-12-09 20:54:10,57,0.0103,0.7875,0.1538,0.4969,1332,94
RSC-2021-02357,v2.3.0,2021-05-06 17:57:05,42,0.1013,0.7877,0.1427,0.5059,1135,116
RSC-2021-02358,v2.3.0,2021-08-27 03:09:02,41,0.0522,0.7989,0.1211,0.5119,1051,120
RSC-2021-02359,v2.1.4,2021-12-18 13:50:38,42,0.0606,0.8253,0.1195,0.4968,914,63
RSC-2021-02360,v2.2.0,2021-05-01 18:12:44,51,0.0497,0.8139,0.1392,0.499,1272,133
RSC-2021-02361,v2.2.1,2021-10-14 19:54:37,40,0.0358,0.7876,0.1398,0.4899,913,127
RSC-2021-02362,v2.1.3,2021-03-16 00:53:02,41,0.0833,0.8283,0.1483,0.5006,1180,100
RSC-2021-02363,v2.1.4,2021-03-07 13:39:41,49,0.0408,0.8164,0.1501,0.537,835,22
RSC-2021-02364,v2.1.4,2021-10-11 12:12:07,40,0.0714,0.8151,0.1366,0.5217,894,95
RSC-2021-02365,v2.1.4,2021-08-13 07:28:35,56,0.0214,0.825,0.1305,0.5527,834,88
RSC-2021-02366,v2.2.1,2021-09-25 18:08:42,44,0.0201,0.7867,0.1458,0.5253,981,102
RSC-2021-02367,v2.3.0,2021-08-24 18:14:33,55,0.0157,0.8109,0.1222,0.5027,1389,120
RSC-2021-02368,v2.2.1,2021-02-27 21:40:34,43,0.0347,0.836,0.14,0.5015,1304,22
RSC-2021-02369,v2.2.1,2021-01-08 02:10:49,42,0.0996,0.8328,0.1439,0.4867,1079,36
RSC-2021-02370,v2.2.1,2021-04-25 06:05:15,53,0.0214,0.8043,0.1224,0.5373,921,22
RSC-2021-02371,v2.3.0,2021-09-25 07:31:12,37,0.0211,0.7983,0.1564,0.4966,1147,64
RSC-2021-02372,v2.2.0,2021-04-29 20:21:02,52,0.0491,0.8047,0.1521,0.5169,1222,125
RSC-2021-02373,v2.3.0,2021-05-25 20:20:13,50,0.0689,0.8034,0.1567,0.5094,997,126
RSC-2021-02374,v2.3.0,2021-07-04 01:33:48,38,0.0457,0.8117,0.1496,0.5037,915,105
RSC-2021-02375,v2.1.4,2021-07-18 23:11:04,41,0.009,0.865,0.1499,0.4685,1117,97
RSC-2021-02376,v2.2.1,2021-11-13 09:35:55,54,0.0502,0.8117,0.1479,0.5109,916,37
RSC-2021-02377,v2.1.4,2021-10-24 23:14:17,42,0.0262,0.8271,0.1196,0.4995,912,47
RSC-2021-02378,v2.2.1,2021-06-30 07:45:31,40,0.0393,0.8326,0.139,0.4935,1319,25
RSC-2021-02379,v2.3.0,2021-07-14 19:27:27,45,0.0414,0.8049,0.1573,0.4955,1233,65
RSC-2021-02380,v2.2.0,2021-07-29 14:19:55,37,0.0583,0.8058,0.1344,0.4966,1362,135
RSC-2021-02381,v2.1.4,2021-02-27 10:43:15,44,0.0359,0.7809,0.134,0.5381,1282,49
RSC-2021-02382,v2.2.0,2021-07-31 14:17:00,46,0.0984,0.8243,0.1325,0.5232,1069,76
RSC-2021-02383,v2.2.1,2021-08-04 23:16:41,46,0.0321,0.774,0.121,0.479,1467,128
RSC-2021-02384,v2.1.3,2021-12-01 11:43:12,56,0.0242,0.7952,0.1418,0.5343,1578,126
RSC-2021-02385,v2.3.0,2021-08-16 07:50:38,36,0.0866,0.8206,0.1338,0.5079,1106,117
RSC-2021-02386,v2.1.4,2021-12-14 08:17:50,42,0.01,0.8193,0.1429,0.4971,1203,95
RSC-2021-02387,v2.2.0,2021-01-09 05:47:31,50,0.0141,0.8148,0.1427,0.5192,969,84
RSC-2021-02388,v2.2.0,2021-04-30 23:36:48,40,0.0861,0.7874,0.1258,0.525,1387,25
RSC-2021-02389,v2.3.0,2021-04-07 04:22:19,47,0.0238,0.8172,0.1433,0.4862,821,107
RSC-2021-02390,v2.1.4,2021-02-25 16:23:08,50,0.0206,0.8305,0.127,0.528,1582,52
RSC-2021-02391,v2.1.3,2021-03-09 17:20:24,55,0.0368,0.8135,0.1547,0.5036,1125,111
RSC-2021-02392,v2.3.0,2021-09-07 13:44:26,52,0.0506,0.777,0.1496,0.523,1293,31
RSC-2021-02393,v2.1.3,2021-11-18 04:00:42,47,0.032,0.826,0.1554,0.4823,1124,119
RSC-2021-02394,v2.3.0,2021-08-09 13:22:15,40,0.0638,0.8205,0.1518,0.5282,928,61
RSC-2021-02395,v2.1.4,2021-03-10 23:21:28,55,0.0234,0.8162,0.1445,0.4821,1241,26
RSC-2021-02396,v2.1.3,2021-11-21 00:07:36,52,0.009,0.7899,0.1415,0.5357,1073,56
RSC-2021-02397,v2.2.1,2021-06-13 00:48:18,50,0.0939,0.8156,0.1461,0.5004,1566,29
RSC-2021-02398,v2.3.0,2021-07-20 06:33:44,52,0.0262,0.8218,0.1705,0.5143,1412,113
RSC-2021-02399,v2.1.3,2021-11-30 01:22:17,53,0.0355,0.8239,0.1526,0.5087,1500,135
RSC-2021-02400,v2.2.0,2021-09-07 10:56:52,34,0.0206,0.804,0.136,0.523,1226,97
RSC-2021-02401,v2.2.0,2021-06-23 10:10:06,57,0.036,0.8201,0.1324,0.5445,1447,56
RSC-2021-02402,v2.1.3,2021-06-26 09:52:13,34,0.0235,0.8123,0.1359,0.506,1534,59
RSC-2021-02403,v2.1.3,2021-11-26 07:23:57,36,0.0654,0.813,0.152,0.5013,1033,20
RSC-2021-02404,v2.1.4,2021-12-08 20:45:05,48,0.0669,0.8276,0.1526,0.4937,1115,40
RSC-2021-02405,v2.1.3,2021-06-04 19:05:45,34,0.0391,0.8076,0.1422,0.5078,1003,43
RSC-2021-02406,v2.2.1,2021-12-12 05:38:41,43,0.0239,0.7926,0.1212,0.5054,1143,51
RSC-2021-02407,v2.3.0,2021-10-05 17:49:30,42,0.039,0.7926,0.1388,0.5472,1004,118
RSC-2021-02408,v2.2.0,2021-11-28 06:26:39,43,0.0208,0.8009,0.1472,0.5456,1006,72
RSC-2021-02409,v2.2.0,2021-12-08 07:12:23,40,0.0201,0.812,0.1336,0.5064,1352,75
RSC-2021-02410,v2.1.3,2021-04-16 23:10:42,54,0.0461,0.8189,0.1691,0.5088,1239,124
RSC-2021-02411,v2.1.3,2021-03-23 01:34:59,43,0.0265,0.8228,0.1538,0.5013,825,121
RSC-2021-02412,v2.2.1,2021-06-26 19:22:47,47,0.0245,0.7978,0.1486,0.5313,1446,104
RSC-2021-02413,v2.2.1,2021-11-30 21:40:38,40,0.0217,0.7839,0.1352,0.4962,1263,65
RSC-2021-02414,v2.1.3,2021-08-10 06:57:40,35,0.053,0.7929,0.1622,0.5012,1554,75
RSC-2021-02415,v2.2.1,2021-04-02 08:03:16,53,0.0315,0.7997,0.127,0.5246,953,96
RSC-2021-02416,v2.3.0,2021-06-27 12:59:07,45,0.0235,0.8562,0.1442,0.4957,1349,78
RSC-2021-02417,v2.3.0,2021-03-14 08:08:31,44,0.0346,0.8501,0.1626,0.5348,1322,61
RSC-2021-02418,v2.2.1,2021-09-17 05:32:01,36,0.0178,0.8263,0.1327,0.5014,1247,21
RSC-2021-02419,v2.2.0,2021-05-04 03:33:19,43,0.0237,0.8227,0.1225,0.4875,1401,53
RSC-2021-02420,v2.2.0,2021-01-02 02:23:34,34,0.0248,0.8181,0.1519,0.516,1348,71
RSC-2021-02421,v2.3.0,2021-10-13 10:52:35,52,0.0571,0.8055,0.1474,0.5148,1394,42
RSC-2021-02422,v2.1.3,2021-10-01 21:34:16,48,0.0317,0.8361,0.1453,0.494,822,64
RSC-2021-02423,v2.2.1,2021-09-09 06:25:08,53,0.0463,0.8198,0.1346,0.483,1208,84
RSC-2021-02424,v2.1.4,2021-09-13 03:14:30,51,0.025,0.8304,0.1422,0.4678,1042,103
RSC-2021-02425,v2.3.0,2021-03-21 10:23:54,47,0.058,0.7842,0.1581,0.5015,1434,36
RSC-2021-02426,v2.1.3,2021-08-17 22:08:19,46,0.0484,0.7975,0.1487,0.4796,1032,22
RSC-2021-02427,v2.3.0,2021-09-12 15:01:57,38,0.0101,0.7689,0.1494,0.4985,805,47
RSC-2021-02428,v2.3.0,2021-01-12 01:34:40,36,0.0692,0.8377,0.1483,0.4896,1121,41
RSC-2021-02429,v2.3.0,2021-01-17 03:24:48,47,0.0615,0.8254,0.1442,0.5195,965,75
RSC-2021-02430,v2.3.0,2021-05-02 05:15:22,56,0.0216,0.8076,0.1501,0.5215,1312,100
RSC-2021-02431,v2.1.3,2021-10-06 21:50:21,53,0.0094,0.8356,0.1782,0.5348,1029,53
RSC-2021-02432,v2.2.0,2021-08-22 20:02:19,38,0.0262,0.8074,0.1505,0.522,1598,66
RSC-2021-02433,v2.1.4,2021-05-27 16:14:10,53,0.0046,0.8431,0.1282,0.5273,1364,119
RSC-2021-02434,v2.2.1,2021-05-13 16:22:58,53,0.0684,0.8288,0.1301,0.5499,1123,120
RSC-2021-02435,v2.2.1,2021-03-02 12:48:30,48,0.0643,0.8141,0.1282,0.5196,946,49
RSC-2021-02436,v2.3.0,2021-02-10 05:00:46,50,0.0358,0.8143,0.1572,0.5063,1462,87
RSC-2021-02437,v2.1.4,2021-07-22 06:13:10,56,0.0188,0.8042,0.144,0.5588,1516,99
RSC-2021-02438,v2.2.1,2021-10-15 12:32:55,51,0.0098,0.8279,0.1408,0.5315,1284,89
RSC-2021-02439,v2.2.0,2021-11-15 19:21:00,53,0.0391,0.809,0.1541,0.5018,1233,34
RSC-2021-02440,v2.1.4,2021-03-23 11:27:11,51,0.0342,0.8211,0.1254,0.5167,1138,75
RSC-2021-02441,v2.2.0,2021-03-05 09:06:48,34,0.0845,0.7948,0.1335,0.5318,1475,90
RSC-2021-02442,v2.2.1,2021-10-24 16:03:48,36,0.0451,0.8352,0.121,0.5351,1160,130
RSC-2021-02443,v2.1.4,2021-12-28 21:32:38,56,0.0197,0.8352,0.1511,0.5038,1226,31
RSC-2021-02444,v2.1.3,2021-10-06 23:38:01,55,0.0358,0.7983,0.1336,0.5169,1446,55
RSC-2021-02445,v2.1.3,2021-07-18 19:35:03,57,0.0302,0.8374,0.1263,0.5373,1339,93
RSC-2021-02446,v2.2.1,2021-03-01 02:01:23,38,0.04,0.7888,0.132,0.4971,1580,130
RSC-2021-02447,v2.1.3,2021-11-20 21:22:37,55,0.0156,0.7914,0.1375,0.5133,804,105
RSC-2021-02448,v2.3.0,2021-05-04 01:58:45,43,0.0312,0.8157,0.13,0.4833,991,138
RSC-2021-02449,v2.3.0,2021-08-12 11:48:41,40,0.0064,0.8073,0.1565,0.4998,1561,48
RSC-2021-02450,v2.2.0,2021-03-13 11:48:18,52,0.0686,0.8251,0.1442,0.5265,1245,129
RSC-2021-02451,v2.3.0,2021-06-24 00:29:11,36,0.0183,0.8126,0.1156,0.5199,1521,108
RSC-2021-02452,v2.2.1,2021-06-27 04:39:23,57,0.0016,0.799,0.1309,0.501,1430,101
RSC-2021-02453,v2.1.3,2021-08-28 13:18:49,34,0.0113,0.8152,0.1527,0.5046,1412,40
RSC-2021-02454,v2.2.1,2021-01-16 04:30:31,54,0.0317,0.7711,0.138,0.4811,1123,133
RSC-2021-02455,v2.2.0,2021-07-27 05:19:03,53,0.0413,0.8431,0.1364,0.5404,1349,27
RSC-2021-02456,v2.1.4,2021-11-24 16:15:21,51,0.1143,0.8315,0.141,0.5311,1180,93
RSC-2021-02457,v2.2.1,2021-06-15 06:53:50,47,0.0508,0.8388,0.161,0.5125,1262,24
RSC-2021-02458,v2.2.0,2021-08-12 20:20:39,52,0.027,0.7858,0.1357,0.505,1391,124
RSC-2021-02459,v2.1.4,2021-02-13 07:23:00,49,0.0535,0.7947,0.1269,0.4963,1400,21
RSC-2021-02460,v2.2.0,2021-02-15 04:54:26,45,0.0751,0.8316,0.15,0.4934,1573,51
RSC-2021-02461,v2.3.0,2021-10-11 00:43:48,46,0.0568,0.7776,0.1466,0.5266,1018,22
RSC-2021-02462,v2.2.0,2021-09-18 06:07:07,48,0.0496,0.803,0.1599,0.5169,994,90
RSC-2021-02463,v2.1.4,2021-01-02 06:35:48,53,0.0323,0.8124,0.1299,0.47,1036,124
RSC-2021-02464,v2.1.4,2021-09-16 01:15:05,57,0.0389,0.8483,0.1473,0.5761,818,73
RSC-2021-02465,v2.2.1,2021-01-04 07:03:14,34,0.0145,0.8263,0.1386,0.5431,1179,90
RSC-2021-02466,v2.1.3,2021-12-09 06:59:39,56,0.07,0.8129,0.1297,0.5064,1576,86
RSC-2021-02467,v2.3.0,2021-05-19 08:38:53,43,0.0163,0.8255,0.1094,0.493,1096,130
RSC-2021-02468,v2.2.0,2021-05-04 04:25:09,40,0.0126,0.7941,0.1428,0.5013,841,74
RSC-2021-02469,v2.2.1,2021-05-16 09:15:39,35,0.0122,0.8012,0.1623,0.51,958,113
RSC-2021-02470,v2.1.3,2021-04-06 01:04:31,47,0.0688,0.8414,0.1474,0.5201,1340,83
RSC-2021-02471,v2.1.4,2021-09-11 11:06:36,39,0.0192,0.8002,0.1383,0.5106,855,120
RSC-2021-02472,v2.1.4,2021-10-23 23:01:35,50,0.0397,0.8356,0.1407,0.5458,843,137
RSC-2021-02473,v2.2.1,2021-04-18 00:30:30,35,0.0631,0.8097,0.1377,0.5322,1197,112
RSC-2021-02474,v2.1.3,2021-06-04 20:14:38,41,0.0146,0.8372,0.1563,0.5177,1120,29
RSC-2021-02475,v2.3.0,2021-10-21 11:29:33,35,0.0044,0.772,0.1508,0.4862,937,138
RSC-2021-02476,v2.2.0,2021-01-03 17:20:01,54,0.0295,0.7882,0.1429,0.5163,995,83
RSC-2021-02477,v2.2.0,2021-06-20 06:49:20,42,0.0155,0.866,0.1302,0.497,912,117
RSC-2021-02478,v2.2.1,2021-09-15 09:11:26,51,0.0099,0.8047,0.1341,0.4991,1367,64
RSC-2021-02479,v2.2.1,2021-11-16 22:27:12,44,0.0242,0.7888,0.1452,0.5546,1420,69
RSC-2021-02480,v2.2.0,2021-02-18 21:53:33,54,0.0672,0.7978,0.1439,0.4951,1044,139
RSC-2021-02481,v2.1.3,2021-04-11 23:56:14,55,0.0372,0.7985,0.1437,0.5177,1276,88
RSC-2021-02482,v2.2.0,2021-10-05 14:32:34,54,0.0557,0.8176,0.1426,0.5073,1014,137
RSC-2021-02483,v2.1.3,2021-10-02 04:04:17,44,0.0097,0.8137,0.1476,0.5049,1309,114
RSC-2021-02484,v2.2.0,2021-04-13 18:27:27,39,0.031,0.7999,0.1451,0.4946,1302,113
RSC-2021-02485,v2.1.4,2021-11-19 07:47:19,57,0.0554,0.8025,0.1354,0.539,1480,66
RSC-2021-02486,v2.1.4,2021-09-12 11:03:07,45,0.0457,0.8125,0.1455,0.4426,967,117
RSC-2021-02487,v2.1.4,2021-05-18 15:51:40,40,0.0239,0.7955,0.1403,0.5252,1509,28
RSC-2021-02488,v2.1.3,2021-06-01 12:47:53,44,0.0714,0.7771,0.1453,0.5049,1238,105
RSC-2021-02489,v2.2.1,2021-09-04 03:53:50,44,0.0105,0.8242,0.1405,0.5354,1579,137
RSC-2021-02490,v2.3.0,2021-06-16 21:01:15,43,0.0133,0.8339,0.1494,0.4927,940,84
RSC-2021-02491,v2.1.4,2021-05-18 08:40:05,50,0.0569,0.8161,0.1309,0.4937,1256,104
RSC-2021-02492,v2.2.0,2021-12-16 15:45:25,46,0.0732,0.8156,0.142,0.4887,1598,33
RSC-2021-02493,v2.2.1,2021-12-24 19:16:43,37,0.0282,0.8423,0.1389,0.5121,1158,102
RSC-2021-02494,v2.3.0,2021-05-07 09:04:20,44,0.0154,0.8147,0.1354,0.498,978,129
RSC-2021-02495,v2.2.0,2021-07-05 12:20:40,55,0.0186,0.8294,0.1261,0.501,1145,120
RSC-2021-02496,v2.1.4,2021-09-10 17:13:38,47,0.0136,0.8297,0.148,0.5185,1243,59
RSC-2021-02497,v2.2.1,2021-02-10 23:54:09,43,0.0084,0.7952,0.1505,0.5051,1027,61
RSC-2021-02498,v2.2.0,2021-01-21 20:39:21,42,0.1409,0.8284,0.1477,0.5346,1241,38
RSC-2021-02499,v2.2.1,2021-05-13 14:35:48,45,0.0036,0.815,0.1396,0.567,1164,44
RSC-2021-02500,v2.1.3,2021-03-27 01:43:55,45,0.0359,0.8405,0.1217,0.551,879,102
RSC-2021-02501,v2.1.4,2021-05-10 04:25:49,51,0.0382,0.8084,0.1491,0.5204,1430,103
RSC-2021-02502,v2.3.0,2021-12-19 20:43:16,38,0.0527,0.8003,0.1373,0.5225,830,91
RSC-2021-02503,v2.1.3,2021-03-01 20:34:20,39,0.0332,0.797,0.1301,0.4728,1407,72
RSC-2021-02504,v2.2.0,2021-03-29 16:18:52,35,0.0385,0.827,0.1368,0.5025,1381,121
RSC-2021-02505,v2.2.1,2021-06-16 06:16:42,49,0.0294,0.8524,0.1408,0.5142,1510,119
RSC-2021-02506,v2.1.3,2021-01-22 07:25:39,35,0.0299,0.8194,0.1499,0.5165,1586,77
RSC-2021-02507,v2.3.0,2021-06-17 03:08:52,42,0.0295,0.821,0.1628,0.524,1266,128
RSC-2021-02508,v2.3.0,2021-08-17 10:40:24,54,0.0127,0.845,0.1576,0.4997,1545,21
RSC-2021-02509,v2.2.1,2021-07-27 12:04:35,34,0.039,0.7842,0.1697,0.5361,1061,94
RSC-2021-02510,v2.3.0,2021-08-02 15:17:57,36,0.0677,0.816,0.1278,0.4854,1343,49
RSC-2021-02511,v2.3.0,2021-11-22 20:28:07,41,0.0474,0.8356,0.1457,0.5149,1151,81
RSC-2021-02512,v2.3.0,2021-02-05 00:30:45,54,0.0083,0.8083,0.1262,0.5515,838,82
RSC-2021-02513,v2.1.3,2021-12-01 22:24:04,38,0.0527,0.8034,0.1518,0.5219,857,119
RSC-2021-02514,v2.2.0,2021-11-19 02:28:46,42,0.017,0.812,0.1399,0.5069,1532,117
RSC-2021-02515,v2.3.0,2021-02-28 20:06:09,37,0.0204,0.8225,0.1474,0.4879,876,78
RSC-2021-02516,v2.3.0,2021-09-17 16:16:29,38,0.0109,0.8262,0.1296,0.5131,1264,95
RSC-2021-02517,v2.2.0,2021-03-24 20:45:00,43,0.0524,0.8274,0.158,0.5269,833,32
RSC-2021-02518,v2.1.4,2021-04-15 07:58:53,57,0.0347,0.7929,0.1412,0.4747,1367,42
RSC-2021-02519,v2.1.4,2021-07-21 16:38:22,43,0.1489,0.7968,0.1454,0.5018,954,73
RSC-2021-02520,v2.2.1,2021-04-12 04:56:49,43,0.0495,0.8269,0.153,0.4976,840,39
RSC-2021-02521,v2.3.0,2021-05-09 17:37:21,34,0.0865,0.7956,0.1574,0.5103,1151,74
RSC-2021-02522,v2.1.3,2021-10-27 16:30:26,46,0.0406,0.8421,0.1172,0.5009,1550,85
RSC-2021-02523,v2.1.4,2021-01-22 12:50:03,57,0.0194,0.7956,0.143,0.5257,961,29
RSC-2021-02524,v2.1.4,2021-06-23 18:23:14,45,0.0306,0.8194,0.1387,0.5513,1380,76
RSC-2021-02525,v2.2.0,2021-01-14 22:31:49,36,0.003,0.8331,0.1453,0.4733,1389,53
RSC-2021-02526,v2.1.3,2021-09-02 03:45:15,53,0.0459,0.8152,0.1387,0.5209,1380,72
RSC-2021-02527,v2.1.3,2021-12-02 22:08:33,42,0.09,0.8075,0.1434,0.5065,1546,48
RSC-2021-02528,v2.1.3,2021-06-28 05:57:57,47,0.0608,0.8184,0.1375,0.5431,810,35
RSC-2021-02529,v2.3.0,2021-08-05 10:43:51,37,0.0258,0.7923,0.144,0.5095,879,50
RSC-2021-02530,v2.2.1,2021-12-31 05:19:15,43,0.0114,0.8477,0.1263,0.5208,1243,52
RSC-2021-02531,v2.2.1,2021-06-14 21:14:18,56,0.0249,0.8095,0.1434,0.5416,1062,43
RSC-2021-02532,v2.2.0,2021-12-26 11:57:22,40,0.0599,0.7872,0.1484,0.4917,1464,21
RSC-2021-02533,v2.2.1,2021-08-27 16:55:12,50,0.0094,0.8447,0.1396,0.5049,1150,46
RSC-2021-02534,v2.1.4,2021-11-18 04:14:28,39,0.0134,0.8032,0.1348,0.5242,1528,133
RSC-2021-02535,v2.3.0,2021-11-14 20:06:41,50,0.0574,0.7856,0.1314,0.5014,1528,98
RSC-2021-02536,v2.1.3,2021-10-23 15:40:41,54,0.03,0.7798,0.1438,0.489,1489,25
RSC-2021-02537,v2.2.1,2021-01-08 20:42:47,46,0.0613,0.8089,0.134,0.4827,981,52
RSC-2021-02538,v2.2.0,2021-03-08 22:00:20,35,0.0429,0.8128,0.1629,0.5209,1002,95
RSC-2021-02539,v2.3.0,2021-11-19 22:12:38,46,0.0332,0.7621,0.1274,0.5216,1402,130
RSC-2021-02540,v2.2.0,2021-02-01 23:30:19,34,0.0464,0.797,0.1547,0.4825,1552,72
RSC-2021-02541,v2.2.0,2021-02-13 22:13:17,35,0.0521,0.8023,0.1323,0.5129,858,134
RSC-2021-02542,v2.2.1,2021-03-30 01:57:22,35,0.0125,0.8113,0.1317,0.4833,848,64
RSC-2021-02543,v2.2.1,2021-01-08 16:21:40,46,0.0375,0.8293,0.1547,0.5275,959,24
RSC-2021-02544,v2.2.0,2021-08-20 12:58:57,45,0.0118,0.7956,0.1395,0.4922,1411,62
RSC-2021-02545,v2.2.0,2021-02-06 16:22:14,43,0.0432,0.8224,0.138,0.5219,1234,57
RSC-2021-02546,v2.1.3,2021-05-11 10:03:09,53,0.0121,0.7899,0.1283,0.5123,884,131
RSC-2021-02547,v2.1.4,2021-10-23 15:45:59,47,0.0411,0.8121,0.1387,0.5262,1140,72
RSC-2021-02548,v2.2.1,2021-03-31 09:10:21,34,0.0282,0.8472,0.1366,0.5254,1499,94
RSC-2021-02549,v2.3.0,2021-04-06 03:14:14,40,0.1162,0.821,0.1592,0.4611,1527,79
RSC-2021-02550,v2.1.4,2021-06-07 01:37:08,48,0.0653,0.8064,0.1407,0.5042,1359,47
RSC-2021-02551,v2.1.4,2021-12-24 20:42:52,50,0.0953,0.7978,0.1347,0.5194,1378,92
RSC-2021-02552,v2.3.0,2021-11-29 12:04:07,42,0.0362,0.8063,0.1354,0.4974,1055,138
RSC-2021-02553,v2.1.4,2021-03-21 16:09:14,40,0.1131,0.8263,0.1338,0.54,1144,119
RSC-2021-02554,v2.1.4,2021-10-01 21:04:12,54,0.0801,0.819,0.1486,0.4887,1199,100
RSC-2021-02555,v2.2.0,2021-11-24 09:55:25,35,0.0637,0.7729,0.1359,0.509,1108,95
RSC-2021-02556,v2.2.1,2021-04-13 22:02:59,50,0.0706,0.8166,0.1202,0.5088,1127,54
RSC-2021-02557,v2.2.0,2021-05-06 19:53:09,46,0.0463,0.8267,0.1472,0.479,971,54
RSC-2021-02558,v2.1.3,2021-06-04 12:38:42,42,0.0428,0.7989,0.1343,0.5268,1199,71
RSC-2021-02559,v2.1.4,2021-03-09 02:18:31,51,0.0638,0.8588,0.1457,0.5435,814,98
RSC-2021-02560,v2.1.4,2021-05-20 01:57:50,34,0.0231,0.8426,0.1452,0.512,829,130
RSC-2021-02561,v2.1.3,2021-06-28 02:05:41,34,0.0086,0.8307,0.1274,0.5169,978,95
RSC-2021-02562,v2.2.1,2021-05-09 02:00:52,51,0.0736,0.7991,0.1359,0.4813,1042,94
RSC-2021-02563,v2.2.0,2021-10-17 21:23:28,37,0.0516,0.8281,0.1531,0.4958,1384,26
RSC-2021-02564,v2.1.3,2021-12-18 13:33:31,34,0.0147,0.8147,0.1482,0.5519,888,105
RSC-2021-02565,v2.3.0,2021-07-31 00:21:28,51,0.106,0.7985,0.1354,0.5443,1417,82
RSC-2021-02566,v2.2.0,2021-01-18 20:53:28,49,0.1209,0.812,0.1209,0.5117,1419,98
RSC-2021-02567,v2.3.0,2021-03-09 12:36:36,55,0.0405,0.7942,0.1333,0.5182,1595,85
RSC-2021-02568,v2.1.4,2021-04-16 00:46:01,48,0.0206,0.7723,0.1465,0.5336,1500,91
RSC-2021-02569,v2.2.1,2021-01-18 10:58:13,57,0.0597,0.7843,0.1537,0.5504,874,43
RSC-2021-02570,v2.1.4,2021-10-31 22:38:11,39,0.0104,0.8162,0.1409,0.5386,1035,79
RSC-2021-02571,v2.3.0,2021-05-30 22:15:58,54,0.0321,0.8068,0.1259,0.513,1202,129
RSC-2021-02572,v2.3.0,2021-06-21 11:57:59,44,0.0406,0.8348,0.1659,0.5162,932,21
RSC-2021-02573,v2.1.3,2021-10-03 12:22:11,54,0.012,0.8336,0.1281,0.5325,1088,122
RSC-2021-02574,v2.3.0,2021-12-28 03:56:03,38,0.0482,0.805,0.1418,0.5409,1579,62
RSC-2021-02575,v2.1.4,2021-04-10 12:04:56,53,0.0367,0.8062,0.1401,0.5519,1107,88
RSC-2021-02576,v2.1.4,2021-06-20 17:18:47,56,0.0186,0.8485,0.1277,0.5206,1563,69
RSC-2021-02577,v2.2.1,2021-09-26 05:53:33,53,0.011,0.8076,0.1242,0.4987,1252,58
RSC-2021-02578,v2.3.0,2021-11-09 21:33:16,46,0.0755,0.8245,0.1336,0.5522,1426,39
RSC-2021-02579,v2.1.3,2021-03-18 09:09:40,37,0.0174,0.7824,0.1435,0.4887,1140,53
RSC-2021-02580,v2.1.3,2021-05-03 01:20:03,54,0.0878,0.8173,0.1554,0.5081,1412,70
RSC-2021-02581,v2.1.4,2021-08-19 01:02:01,46,0.0449,0.772,0.1298,0.5584,1539,33
RSC-2021-02582,v2.1.4,2021-09-22 07:32:51,37,0.0497,0.8075,0.1446,0.5059,869,38
RSC-2021-02583,v2.1.4,2021-10-12 06:18:14,48,0.0167,0.7937,0.136,0.4882,969,107
RSC-2021-02584,v2.2.1,2021-04-30 15:55:48,54,0.0616,0.8241,0.1563,0.4798,1579,135
RSC-2021-02585,v2.3.0,2021-07-03 16:57:18,34,0.0275,0.8535,0.1438,0.5225,1502,97
RSC-2021-02586,v2.2.1,2021-12-05 03:53:33,52,0.0611,0.7836,0.1527,0.5048,1174,122
RSC-2021-02587,v2.1.4,2021-06-15 23:54:45,55,0.0228,0.8172,0.1412,0.5084,1123,93
RSC-2021-02588,v2.3.0,2021-08-24 16:01:18,52,0.0281,0.8317,0.1592,0.5059,1351,47
RSC-2021-02589,v2.1.3,2021-05-12 17:18:40,56,0.0595,0.8298,0.1284,0.5178,1062,66
RSC-2021-02590,v2.2.0,2021-12-14 16:56:07,47,0.019,0.8363,0.1422,0.4924,833,106
RSC-2021-02591,v2.2.1,2021-07-05 11:40:07,34,0.0478,0.8059,0.1533,0.5015,1122,93
RSC-2021-02592,v2.2.1,2021-07-28 01:38:03,41,0.006,0.8081,0.1358,0.4775,925,127
RSC-2021-02593,v2.2.1,2021-10-04 02:51:00,55,0.055,0.8208,0.1482,0.4933,1246,100
RSC-2021-02594,v2.1.4,2021-09-25 19:21:16,54,0.0445,0.8072,0.1398,0.5471,1018,84
RSC-2021-02595,v2.1.3,2021-02-03 01:38:21,35,0.0258,0.8102,0.1415,0.5272,1503,41
RSC-2021-02596,v2.2.0,2021-02-25 23:59:39,34,0.0352,0.7999,0.1306,0.5705,1568,138
RSC-2021-02597,v2.3.0,2021-06-16 13:15:19,43,0.0924,0.8202,0.1561,0.5042,1101,76
RSC-2021-02598,v2.3.0,2021-05-26 12:24:00,48,0.0414,0.7896,0.1414,0.5204,1570,115
RSC-2021-02599,v2.2.0,2021-11-17 05:51:42,41,0.0386,0.7973,0.1365,0.5206,1496,43
RSC-2021-02600,v2.1.4,2021-07-18 05:38:28,34,0.0369,0.8184,0.1438,0.4882,865,45
RSC-2021-02601,v2.1.4,2021-12-26 09:19:01,55,0.0104,0.8211,0.1417,0.4785,1072,42
RSC-2021-02602,v2.1.4,2021-05-06 01:59:41,54,0.0038,0.7947,0.1501,0.5067,1506,63
RSC-2021-02603,v2.1.4,2021-02-09 17:27:52,46,0.0329,0.8683,0.1331,0.517,1247,132
RSC-2021-02604,v2.1.3,2021-07-17 10:35:52,47,0.0189,0.7976,0.1322,0.5005,1482,70
RSC-2021-02605,v2.2.0,2021-10-10 10:03:55,37,0.0497,0.8533,0.1333,0.4992,1390,112
RSC-2021-02606,v2.3.0,2021-02-17 09:52:54,40,0.016,0.8177,0.1445,0.5271,1511,117
RSC-2021-02607,v2.2.1,2021-11-06 12:49:20,49,0.0853,0.818,0.1212,0.521,1186,61
RSC-2021-02608,v2.2.0,2021-11-02 08:25:59,53,0.0118,0.8143,0.1297,0.4782,1144,46
RSC-2021-02609,v2.1.4,2021-02-18 22:59:25,39,0.0954,0.8148,0.1305,0.5203,1281,38
RSC-2021-02610,v2.2.1,2021-07-17 10:00:04,53,0.0068,0.8294,0.1664,0.5526,1194,121
RSC-2021-02611,v2.1.3,2021-02-27 09:57:30,51,0.0314,0.8353,0.146,0.5338,849,48
RSC-2021-02612,v2.2.1,2021-10-19 13:28:38,43,0.0235,0.8221,0.1717,0.5087,984,126
RSC-2021-02613,v2.2.1,2021-08-20 05:24:36,55,0.0309,0.8271,0.1646,0.5012,1459,103
RSC-2021-02614,v2.1.3,2021-12-25 13:33:36,44,0.0682,0.805,0.1666,0.5212,999,97
RSC-2021-02615,v2.1.4,2021-09-02 21:15:42,57,0.0196,0.8011,0.1316,0.5368,1507,112
RSC-2021-02616,v2.2.0,2021-11-13 15:31:54,37,0.018,0.8081,0.1618,0.5106,1097,86
RSC-2021-02617,v2.2.0,2021-07-16 09:06:00,35,0.041,0.7991,0.1579,0.4972,922,104
RSC-2021-02618,v2.1.4,2021-12-15 09:39:39,54,0.0111,0.7837,0.1577,0.5264,1525,104
RSC-2021-02619,v2.1.3,2021-10-26 21:23:15,37,0.0327,0.8099,0.1255,0.5229,1300,136
RSC-2021-02620,v2.1.3,2021-05-08 05:15:55,43,0.0251,0.7866,0.1359,0.509,1180,40
RSC-2021-02621,v2.1.4,2021-06-23 15:24:36,38,0.0862,0.7957,0.1653,0.482,1577,60
RSC-2021-02622,v2.3.0,2021-08-02 22:32:35,48,0.0171,0.8181,0.143,0.508,1432,48
RSC-2021-02623,v2.1.4,2021-10-16 10:50:54,51,0.0692,0.8485,0.1508,0.497,1003,35
RSC-2021-02624,v2.2.0,2021-06-23 23:35:13,57,0.0353,0.8079,0.1384,0.516,1569,125
RSC-2021-02625,v2.3.0,2021-02-19 22:26:25,47,0.0827,0.8248,0.139,0.5279,1247,84
RSC-2021-02626,v2.2.0,2021-08-02 01:12:06,57,0.0228,0.8327,0.138,0.5093,1518,95
RSC-2021-02627,v2.1.3,2021-08-05 12:42:10,41,0.0423,0.822,0.1335,0.5071,944,47
RSC-2021-02628,v2.1.4,2021-03-07 09:40:17,41,0.0819,0.7781,0.1437,0.5265,1347,133
RSC-2021-02629,v2.2.0,2021-06-11 14:06:09,40,0.0176,0.7878,0.1304,0.5365,1020,88
RSC-2021-02630,v2.2.0,2021-10-14 09:56:18,57,0.0599,0.7755,0.151,0.497,1105,127
RSC-2021-02631,v2.2.1,2021-03-01 00:30:21,45,0.0163,0.8239,0.1338,0.5137,1352,91
RSC-2021-02632,v2.2.0,2021-09-20 22:28:36,53,0.0106,0.8063,0.1384,0.5179,893,80
RSC-2021-02633,v2.3.0,2021-07-20 17:46:20,41,0.0439,0.7914,0.1155,0.4951,1331,130
RSC-2021-02634,v2.2.0,2021-11-09 21:46:47,50,0.0524,0.8146,0.1329,0.4852,1568,64
RSC-2021-02635,v2.1.4,2021-03-12 00:50:07,44,0.0375,0.8238,0.1489,0.5428,978,119
RSC-2021-02636,v2.1.3,2021-04-11 17:08:01,56,0.0397,0.8106,0.1417,0.518,1592,43
RSC-2021-02637,v2.1.3,2021-06-27 06:29:47,34,0.0346,0.8387,0.1395,0.5211,1261,92
RSC-2021-02638,v2.2.1,2021-02-09 00:10:06,54,0.0484,0.7987,0.137,0.5074,1257,29
RSC-2021-02639,v2.1.3,2021-08-25 20:57:43,43,0.0487,0.8285,0.1436,0.4721,1060,116
RSC-2021-02640,v2.3.0,2021-10-26 05:57:54,37,0.0488,0.8148,0.1386,0.5268,1455,72
RSC-2021-02641,v2.2.1,2021-02-06 11:31:21,34,0.0292,0.8171,0.1489,0.4735,1452,45
RSC-2021-02642,v2.1.3,2021-07-31 01:20:15,39,0.0538,0.8183,0.1466,0.4939,1048,87
RSC-2021-02643,v2.2.1,2021-11-03 03:19:06,49,0.0116,0.843,0.1408,0.5165,1048,115
RSC-2021-02644,v2.1.3,2021-02-16 14:59:50,36,0.0858,0.8377,0.1526,0.4809,1241,35
RSC-2021-02645,v2.3.0,2021-01-21 10:27:57,57,0.0778,0.7867,0.1369,0.5066,1431,32
RSC-2021-02646,v2.1.3,2021-04-15 08:30:43,51,0.0392,0.8289,0.1345,0.5123,1202,74
RSC-2021-02647,v2.2.0,2021-01-15 12:53:50,53,0.017,0.8081,0.1416,0.5188,1099,41
RSC-2021-02648,v2.1.3,2021-12-31 18:17:57,42,0.0202,0.8245,0.1585,0.5218,1202,87
RSC-2021-02649,v2.2.1,2021-12-10 01:11:56,57,0.0142,0.819,0.1197,0.5251,1158,37
RSC-2021-02650,v2.1.4,2021-01-26 14:41:38,47,0.0495,0.8121,0.1703,0.5107,934,121
RSC-2021-02651,v2.3.0,2021-07-03 02:11:15,40,0.0319,0.8268,0.1523,0.4897,1310,47
RSC-2021-02652,v2.1.3,2021-11-17 17:05:13,41,0.0305,0.8111,0.1229,0.5302,1432,109
RSC-2021-02653,v2.2.1,2021-04-07 22:38:24,53,0.0338,0.82,0.1544,0.488,1272,114
RSC-2021-02654,v2.3.0,2021-09-03 23:44:37,56,0.0673,0.8346,0.1382,0.5033,1055,114
RSC-2021-02655,v2.2.1,2021-04-09 02:31:15,37,0.0168,0.8135,0.1651,0.5061,1381,89
RSC-2021-02656,v2.1.4,2021-02-19 19:41:57,48,0.023,0.8039,0.1681,0.5093,1593,35
RSC-2021-02657,v2.1.3,2021-10-08 08:37:42,53,0.0286,0.7961,0.1669,0.5047,1513,78
RSC-2021-02658,v2.1.4,2021-02-11 22:57:40,40,0.0813,0.8088,0.1595,0.5122,1031,77
RSC-2021-02659,v2.1.4,2021-12-10 15:02:39,41,0.0496,0.8083,0.1245,0.514,1413,121
RSC-2021-02660,v2.2.1,2021-06-19 22:26:16,46,0.0167,0.7894,0.1233,0.4875,824,113
RSC-2021-02661,v2.1.3,2021-03-10 07:40:21,57,0.0808,0.8296,0.1384,0.4889,831,116
RSC-2021-02662,v2.2.0,2021-02-28 14:50:06,49,0.0266,0.7891,0.1294,0.5016,1506,115
RSC-2021-02663,v2.1.4,2021-12-31 23:52:21,36,0.041,0.8012,0.1543,0.5014,846,64
RSC-2021-02664,v2.2.0,2021-06-26 13:03:07,49,0.0553,0.8283,0.1444,0.4821,1322,111
RSC-2021-02665,v2.2.0,2021-09-03 22:35:05,38,0.0218,0.8541,0.1267,0.5155,891,21
RSC-2021-02666,v2.2.0,2021-12-04 07:10:32,42,0.0525,0.8066,0.1411,0.4951,1120,135
RSC-2021-02667,v2.1.4,2021-10-07 23:16:21,37,0.0359,0.8449,0.1396,0.5428,828,123
RSC-2021-02668,v2.1.4,2021-11-22 22:43:34,34,0.0395,0.8445,0.1422,0.4974,1519,120
RSC-2021-02669,v2.1.4,2021-12-05 08:54:29,43,0.0248,0.8039,0.1621,0.525,1223,83
RSC-2021-02670,v2.2.1,2021-04-14 19:28:03,52,0.0128,0.7864,0.1624,0.5078,1087,80
RSC-2021-02671,v2.2.1,2021-08-15 21:37:45,46,0.0632,0.8402,0.1489,0.4893,1362,69
RSC-2021-02672,v2.2.0,2021-04-27 10:10:54,44,0.0265,0.8179,0.1431,0.5429,901,54
RSC-2021-02673,v2.1.4,2021-11-15 22:50:57,36,0.0145,0.8139,0.1362,0.5075,1522,20
RSC-2021-02674,v2.2.1,2021-10-24 21:17:44,50,0.0494,0.8007,0.1425,0.526,1090,61
RSC-2021-02675,v2.1.3,2021-07-21 10:28:17,42,0.0841,0.8364,0.1428,0.4961,1582,34
RSC-2021-02676,v2.1.4,2021-05-14 08:50:19,52,0.0174,0.8022,0.1452,0.5004,911,134
RSC-2021-02677,v2.2.1,2021-05-07 23:15:03,51,0.0539,0.81,0.138,0.5349,1207,53
RSC-2021-02678,v2.1.3,2021-10-20 21:14:09,54,0.0513,0.802,0.1226,0.4859,921,105
RSC-2021-02679,v2.3.0,2021-12-06 15:35:14,47,0.0205,0.8406,0.1524,0.5546,1458,110
RSC-2021-02680,v2.3.0,2021-10-12 03:43:47,44,0.0187,0.8373,0.1284,0.5041,842,59
RSC-2021-02681,v2.2.1,2021-03-14 02:57:04,39,0.0876,0.8025,0.1496,0.5205,1060,62
RSC-2021-02682,v2.1.3,2021-01-14 18:48:31,35,0.0585,0.7895,0.1695,0.5265,1112,72
RSC-2021-02683,v2.3.0,2021-03-28 12:49:49,49,0.0643,0.7867,0.1191,0.5471,1500,59
RSC-2021-02684,v2.1.3,2021-03-28 01:41:52,40,0.0093,0.836,0.1269,0.5284,1501,116
RSC-2021-02685,v2.1.4,2021-10-22 15:08:35,36,0.0768,0.8283,0.1272,0.5317,813,39
RSC-2021-02686,v2.2.1,2021-03-01 08:33:07,47,0.0216,0.8056,0.1339,0.4958,1024,93
RSC-2021-02687,v2.1.4,2021-10-27 07:38:11,50,0.0334,0.7989,0.1562,0.52,1175,69
RSC-2021-02688,v2.3.0,2021-02-27 10:09:52,55,0.0656,0.8083,0.1373,0.5399,1097,66
RSC-2021-02689,v2.3.0,2021-09-06 03:49:56,55,0.0365,0.8303,0.1491,0.5147,896,24
RSC-2021-02690,v2.1.4,2021-06-13 06:57:11,42,0.0183,0.8061,0.1532,0.4659,1040,115
RSC-2021-02691,v2.3.0,2021-12-10 02:43:26,36,0.016,0.8206,0.1218,0.5235,1239,25
RSC-2021-02692,v2.3.0,2021-03-29 01:59:44,49,0.0475,0.8152,0.1411,0.5319,824,132
RSC-2021-02693,v2.2.0,2021-09-26 13:01:15,34,0.0147,0.8008,0.1427,0.495,1033,37
RSC-2021-02694,v2.2.1,2021-10-10 21:33:09,43,0.0158,0.8153,0.1339,0.5094,1109,126
RSC-2021-02695,v2.3.0,2021-12-11 00:02:11,40,0.0588,0.807,0.1251,0.5554,1392,38
RSC-2021-02696,v2.1.4,2021-02-04 22:03:24,52,0.0223,0.8243,0.1366,0.4872,1505,66
RSC-2021-02697,v2.2.1,2021-06-07 07:44:20,49,0.0069,0.8302,0.1493,0.4678,1215,24
RSC-2021-02698,v2.3.0,2021-06-09 12:32:16,42,0.0723,0.8385,0.1278,0.5087,1295,111
RSC-2021-02699,v2.1.4,2021-02-24 09:48:38,56,0.0364,0.8225,0.1452,0.5295,952,33
RSC-2021-02700,v2.1.4,2021-11-15 07:58:36,40,0.0393,0.8047,0.1457,0.4821,1465,127
RSC-2021-02701,v2.3.0,2021-11-23 21:01:58,43,0.1185,0.8279,0.1577,0.495,812,55
RSC-2021-02702,v2.1.3,2021-03-08 09:50:08,40,0.031,0.8394,0.1342,0.509,1460,107
RSC-2021-02703,v2.1.4,2021-08-12 20:26:18,43,0.0776,0.8035,0.1369,0.512,1127,121
RSC-2021-02704,v2.1.3,2021-05-23 14:18:26,38,0.0127,0.8041,0.1605,0.5017,935,110
RSC-2021-02705,v2.1.3,2021-07-09 14:04:21,56,0.0409,0.8004,0.1261,0.4774,803,101
RSC-2021-02706,v2.3.0,2021-08-31 14:49:28,50,0.0543,0.7966,0.1411,0.5278,1042,108
RSC-2021-02707,v2.2.1,2021-11-12 02:59:25,36,0.0465,0.8064,0.133,0.5404,1547,110
RSC-2021-02708,v2.3.0,2021-03-24 15:10:36,55,0.0179,0.8077,0.1416,0.5281,1438,57
RSC-2021-02709,v2.3.0,2021-03-05 23:50:32,51,0.0528,0.8277,0.1518,0.499,1580,120
RSC-2021-02710,v2.1.4,2021-07-31 16:34:35,57,0.0336,0.8509,0.1286,0.5099,808,93
RSC-2021-02711,v2.1.3,2021-04-03 05:58:22,55,0.0057,0.8334,0.1519,0.5194,1189,55
RSC-2021-02712,v2.1.4,2021-06-28 03:21:01,34,0.0305,0.7727,0.1422,0.5079,1082,95
RSC-2021-02713,v2.1.3,2021-07-02 02:10:34,44,0.0612,0.7829,0.1088,0.516,1389,90
RSC-2021-02714,v2.1.3,2021-12-03 09:27:06,52,0.0267,0.8235,0.1427,0.5143,977,45
RSC-2021-02715,v2.2.0,2021-01-09 00:59:55,36,0.0523,0.8092,0.1469,0.521,1329,94
RSC-2021-02716,v2.2.1,2021-07-12 05:53:44,45,0.0368,0.784,0.1407,0.4997,1490,44
RSC-2021-02717,v2.3.0,2021-01-30 10:03:47,54,0.0215,0.8074,0.1534,0.533,1370,71
RSC-2021-02718,v2.1.3,2021-02-13 10:54:19,55,0.029,0.821,0.126,0.5105,1469,113
RSC-2021-02719,v2.2.1,2021-09-13 13:59:14,52,0.0415,0.8202,0.1473,0.4886,1101,67
RSC-2021-02720,v2.3.0,2021-06-02 04:12:52,55,0.0222,0.7906,0.1371,0.4662,1458,109
RSC-2021-02721,v2.2.0,2021-06-24 16:21:30,44,0.0106,0.8248,0.1571,0.5275,851,74
RSC-2021-02722,v2.3.0,2021-03-20 00:51:33,34,0.0088,0.809,0.1373,0.4749,1572,100
RSC-2021-02723,v2.2.0,2021-02-26 04:38:01,55,0.0668,0.8048,0.158,0.5045,1198,134
RSC-2021-02724,v2.3.0,2021-08-19 11:38:00,56,0.0608,0.7895,0.147,0.5897,1255,32
RSC-2021-02725,v2.1.4,2021-01-19 18:51:02,46,0.0554,0.8608,0.1267,0.4946,1533,89
RSC-2021-02726,v2.2.0,2021-07-18 13:20:46,44,0.0217,0.7857,0.1292,0.5424,923,25
RSC-2021-02727,v2.1.3,2021-08-02 17:02:58,34,0.0207,0.8206,0.1672,0.4887,1298,26
RSC-2021-02728,v2.2.1,2021-05-27 00:28:06,55,0.013,0.8099,0.1415,0.4819,1543,102
RSC-2021-02729,v2.1.3,2021-01-13 02:40:17,55,0.0251,0.779,0.1391,0.5152,1092,76
RSC-2021-02730,v2.3.0,2021-08-20 18:32:09,46,0.0266,0.8461,0.1424,0.5416,1398,117
RSC-2021-02731,v2.1.4,2021-11-30 03:26:18,48,0.0424,0.7867,0.1469,0.4968,1477,136
RSC-2021-02732,v2.1.4,2021-08-18 20:59:33,40,0.0631,0.7865,0.1387,0.4858,1581,63
RSC-2021-02733,v2.1.3,2021-02-09 21:23:15,57,0.0235,0.8166,0.1307,0.5068,1416,39
RSC-2021-02734,v2.1.4,2021-06-06 20:40:43,55,0.0348,0.8327,0.1222,0.5254,1411,105
RSC-2021-02735,v2.2.0,2021-12-01 05:34:51,49,0.0203,0.7971,0.1528,0.5258,852,93
RSC-2021-02736,v2.1.4,2021-06-27 22:04:44,48,0.042,0.8217,0.1448,0.5335,1222,131
RSC-2021-02737,v2.2.0,2021-05-15 11:45:12,43,0.0061,0.8314,0.1305,0.5107,1525,29
RSC-2021-02738,v2.3.0,2021-01-06 19:26:04,57,0.0299,0.8164,0.1391,0.5027,1089,121
RSC-2021-02739,v2.3.0,2021-09-21 12:49:42,44,0.0115,0.8015,0.152,0.5219,1539,100
RSC-2021-02740,v2.1.3,2021-09-16 11:17:38,45,0.0633,0.8019,0.1482,0.5164,1275,41
RSC-2021-02741,v2.1.4,2021-07-23 11:14:35,34,0.0735,0.809,0.1356,0.5317,1075,26
RSC-2021-02742,v2.1.4,2021-10-04 08:59:56,43,0.0529,0.8205,0.1417,0.5121,1084,53
RSC-2021-02743,v2.2.1,2021-09-21 21:04:40,53,0.0019,0.8268,0.1349,0.4885,1349,119
RSC-2021-02744,v2.1.4,2021-05-27 19:59:50,47,0.089,0.8145,0.1448,0.5132,1416,51
RSC-2021-02745,v2.3.0,2021-01-26 15:38:47,52,0.0196,0.8124,0.1274,0.5204,1551,61
RSC-2021-02746,v2.1.3,2021-12-21 00:39:43,44,0.0194,0.8237,0.1487,0.4945,1493,20
RSC-2021-02747,v2.2.0,2021-03-22 03:16:15,57,0.0194,0.7999,0.1466,0.5312,1296,120
RSC-2021-02748,v2.3.0,2021-09-14 16:51:52,51,0.0365,0.7868,0.141,0.5186,1133,84
RSC-2021-02749,v2.2.0,2021-06-03 08:49:53,50,0.0208,0.8213,0.1441,0.5239,1411,80
RSC-2021-02750,v2.2.1,2021-11-19 11:26:27,37,0.0415,0.8302,0.1441,0.4979,1034,66
RSC-2021-02751,v2.1.3,2021-09-23 07:51:49,48,0.0536,0.7822,0.1615,0.5079,987,77
RSC-2021-02752,v2.3.0,2021-11-27 15:40:29,57,0.0158,0.7924,0.1174,0.5294,822,30
RSC-2021-02753,v2.1.4,2021-01-19 14:39:54,37,0.089,0.7914,0.1221,0.5058,1303,133
RSC-2021-02754,v2.2.1,2021-05-12 08:06:41,45,0.0359,0.7876,0.1396,0.5291,853,29
RSC-2021-02755,v2.3.0,2021-07-04 18:28:53,43,0.017,0.8113,0.1262,0.5214,899,125
RSC-2021-02756,v2.1.4,2021-05-21 11:13:42,51,0.0586,0.7922,0.1398,0.5302,1169,53
RSC-2021-02757,v2.2.1,2021-07-12 04:56:40,57,0.0341,0.8085,0.1546,0.5088,1567,59
RSC-2021-02758,v2.1.4,2021-06-02 20:36:16,46,0.0189,0.8003,0.1457,0.5562,1243,40
RSC-2021-02759,v2.3.0,2021-12-03 07:49:28,36,0.0176,0.8117,0.1699,0.5033,1174,92
RSC-2021-02760,v2.1.4,2021-04-30 09:34:54,43,0.0208,0.7978,0.1509,0.5122,1099,48
RSC-2021-02761,v2.2.1,2021-10-28 18:50:32,36,0.0805,0.8074,0.1355,0.5154,943,121
RSC-2021-02762,v2.3.0,2021-08-03 15:32:12,40,0.0309,0.7852,0.1294,0.5042,927,136
RSC-2021-02763,v2.3.0,2021-10-31 13:22:36,37,0.0411,0.8058,0.1499,0.4895,1570,79
RSC-2021-02764,v2.2.0,2021-10-04 02:09:05,41,0.0468,0.7957,0.1328,0.49,902,115
RSC-2021-02765,v2.1.4,2021-09-09 03:33:27,45,0.0492,0.7643,0.158,0.5015,1139,28
RSC-2021-02766,v2.3.0,2021-11-12 05:10:33,56,0.0777,0.8178,0.1383,0.5387,1100,78
RSC-2021-02767,v2.3.0,2021-09-05 22:34:22,54,0.0325,0.8322,0.144,0.5021,1507,68
RSC-2021-02768,v2.1.4,2021-11-09 01:55:15,50,0.0105,0.8171,0.1527,0.5299,1494,47
RSC-2021-02769,v2.1.4,2021-10-15 18:21:42,50,0.0445,0.8251,0.1548,0.5302,1524,42
RSC-2021-02770,v2.3.0,2021-03-25 00:50:20,49,0.0284,0.7991,0.1653,0.499,1174,65
RSC-2021-02771,v2.2.0,2021-11-06 13:54:03,43,0.063,0.8041,0.1201,0.4967,1222,21
RSC-2021-02772,v2.1.3,2021-02-02 10:00:23,39,0.0495,0.7882,0.1197,0.5095,1293,110
RSC-2021-02773,v2.2.0,2021-01-20 13:17:20,40,0.0372,0.8489,0.1421,0.5459,802,109
RSC-2021-02774,v2.2.1,2021-09-02 07:23:47,50,0.0068,0.8049,0.1394,0.5247,850,40
RSC-2021-02775,v2.3.0,2021-03-06 02:16:32,47,0.0485,0.8163,0.1612,0.5317,891,41
RSC-2021-02776,v2.3.0,2021-10-15 12:54:46,54,0.0098,0.815,0.1243,0.5306,1268,130
RSC-2021-02777,v2.1.4,2021-04-29 14:51:54,40,0.0154,0.8021,0.1156,0.536,846,35
RSC-2021-02778,v2.2.0,2021-02-11 06:22:27,42,0.048,0.8255,0.1167,0.5358,827,48
RSC-2021-02779,v2.2.1,2021-02-12 03:33:52,43,0.1052,0.8225,0.1529,0.4811,1082,48
RSC-2021-02780,v2.2.1,2021-08-16 01:10:51,52,0.0212,0.8122,0.1556,0.5192,1397,139
RSC-2021-02781,v2.1.4,2021-01-13 17:41:51,35,0.0309,0.8128,0.1238,0.5027,1556,48
RSC-2021-02782,v2.1.3,2021-07-16 02:12:42,38,0.0296,0.801,0.1427,0.5425,918,45
RSC-2021-02783,v2.2.1,2021-04-29 06:40:22,50,0.0258,0.8201,0.1443,0.5216,924,119
RSC-2021-02784,v2.3.0,2021-10-15 06:15:23,43,0.0334,0.8299,0.1486,0.5169,1486,91
RSC-2021-02785,v2.1.4,2021-06-06 08:39:40,55,0.0339,0.8294,0.1646,0.5253,1419,82
RSC-2021-02786,v2.1.4,2021-07-27 17:06:13,45,0.016,0.8163,0.1517,0.5002,1256,57
RSC-2021-02787,v2.1.3,2021-09-18 22:43:35,56,0.0189,0.8109,0.1614,0.4926,1115,34
RSC-2021-02788,v2.3.0,2021-03-13 14:59:56,37,0.0189,0.8095,0.1526,0.5683,1476,94
RSC-2021-02789,v2.1.3,2021-12-08 23:39:04,53,0.1252,0.8382,0.1448,0.4897,1065,32
RSC-2021-02790,v2.1.4,2021-08-26 05:42:32,38,0.029,0.8492,0.1229,0.5268,1520,80
RSC-2021-02791,v2.2.0,2021-11-18 15:52:10,36,0.0679,0.8053,0.1563,0.511,1446,118
RSC-2021-02792,v2.1.3,2021-08-22 15:03:21,43,0.0476,0.7888,0.1507,0.5175,1111,31
RSC-2021-02793,v2.2.1,2021-12-01 15:52:38,35,0.07,0.8228,0.1229,0.5349,936,133
RSC-2021-02794,v2.3.0,2021-07-17 07:29:43,43,0.0438,0.798,0.1341,0.5258,1423,50
RSC-2021-02795,v2.2.1,2021-05-08 13:29:18,55,0.0285,0.8044,0.1424,0.5134,1222,79
RSC-2021-02796,v2.1.3,2021-05-04 04:55:33,49,0.0349,0.7986,0.1561,0.5327,1510,100
RSC-2021-02797,v2.1.4,2021-07-15 06:48:35,45,0.012,0.7957,0.1641,0.5055,1033,132
RSC-2021-02798,v2.2.1,2021-02-19 05:39:20,56,0.0193,0.7988,0.1233,0.5377,1494,130
RSC-2021-02799,v2.1.3,2021-09-05 17:01:50,42,0.0441,0.8092,0.131,0.5083,1444,135
RSC-2021-02800,v2.2.0,2021-04-24 16:34:53,54,0.0466,0.8236,0.1308,0.4953,1254,88
RSC-2021-02801,v2.3.0,2021-03-05 19:54:26,42,0.0355,0.8063,0.1243,0.5015,1566,92
RSC-2021-02802,v2.3.0,2021-01-18 04:15:16,51,0.0405,0.8202,0.1355,0.5308,1358,23
RSC-2021-02803,v2.3.0,2021-12-31 20:26:37,35,0.0334,0.8249,0.1551,0.484,868,127
RSC-2021-02804,v2.2.1,2021-06-25 02:47:51,50,0.0239,0.7928,0.1447,0.4973,1474,32
RSC-2021-02805,v2.3.0,2021-04-18 01:49:58,47,0.0893,0.8172,0.1468,0.4917,856,35
RSC-2021-02806,v2.2.1,2021-08-31 08:01:47,42,0.0935,0.8153,0.1481,0.4796,965,128
RSC-2021-02807,v2.3.0,2021-10-18 17:52:50,50,0.1379,0.815,0.1516,0.4659,1438,53
RSC-2021-02808,v2.2.0,2021-07-01 22:54:30,45,0.0308,0.7989,0.1324,0.524,1012,26
RSC-2021-02809,v2.3.0,2021-08-06 00:54:37,55,0.0475,0.8043,0.1246,0.4987,1428,64
RSC-2021-02810,v2.2.0,2021-12-06 16:16:57,52,0.007,0.8,0.1321,0.5143,1280,54
RSC-2021-02811,v2.2.1,2021-07-10 12:13:41,52,0.1025,0.7888,0.1357,0.4854,1198,50
RSC-2021-02812,v2.1.4,2021-04-03 15:39:48,34,0.1,0.8143,0.1363,0.5252,1392,89
RSC-2021-02813,v2.1.3,2021-03-10 03:38:19,56,0.0434,0.8102,0.1273,0.5032,1232,89
RSC-2021-02814,v2.2.0,2021-01-14 17:28:31,42,0.0163,0.8417,0.1608,0.4914,1179,89
RSC-2021-02815,v2.2.0,2021-06-04 15:13:41,55,0.077,0.7744,0.1315,0.5038,957,118
RSC-2021-02816,v2.1.4,2021-03-27 20:42:28,45,0.1224,0.8126,0.1525,0.5116,957,89
RSC-2021-02817,v2.1.3,2021-05-01 07:52:42,54,0.0199,0.8115,0.1501,0.5025,1513,96
RSC-2021-02818,v2.1.3,2021-02-02 17:53:51,42,0.0041,0.8186,0.1277,0.5643,804,122
RSC-2021-02819,v2.2.1,2021-09-08 00:43:29,43,0.0213,0.8056,0.129,0.5106,1498,72
RSC-2021-02820,v2.2.0,2021-04-26 01:34:33,48,0.0258,0.853,0.1333,0.4869,1520,22
RSC-2021-02821,v2.2.0,2021-02-17 22:09:07,36,0.0556,0.8276,0.1296,0.512,946,67
RSC-2021-02822,v2.3.0,2021-07-01 09:14:57,41,0.0789,0.8125,0.1411,0.505,1090,70
RSC-2021-02823,v2.2.0,2021-11-27 04:59:45,34,0.0676,0.8267,0.1483,0.5051,898,38
RSC-2021-02824,v2.2.0,2021-04-23 08:55:28,48,0.0252,0.8177,0.1464,0.5157,1077,28
RSC-2021-02825,v2.1.3,2021-04-09 18:15:48,53,0.0748,0.8122,0.1553,0.5308,968,80
RSC-2021-02826,v2.2.1,2021-03-25 06:42:40,50,0.0639,0.8102,0.1529,0.5036,1597,31
RSC-2021-02827,v2.1.3,2021-03-31 05:47:21,56,0.0141,0.8213,0.1218,0.494,1058,110
RSC-2021-02828,v2.1.3,2021-04-08 05:00:57,51,0.0195,0.7774,0.136,0.5169,1372,101
RSC-2021-02829,v2.2.1,2021-03-26 11:39:18,37,0.0349,0.8339,0.1657,0.5069,1278,131
RSC-2021-02830,v2.1.4,2021-02-14 04:54:53,41,0.0043,0.8055,0.1274,0.5111,1589,123
RSC-2021-02831,v2.2.1,2021-02-06 13:15:48,54,0.0922,0.819,0.1374,0.4676,1160,43
RSC-2021-02832,v2.2.0,2021-02-17 21:59:19,52,0.0281,0.8045,0.1691,0.4888,1218,132
RSC-2021-02833,v2.1.4,2021-05-16 10:39:10,40,0.0328,0.7655,0.1613,0.5068,862,29
RSC-2021-02834,v2.2.1,2021-10-23 19:50:47,35,0.0281,0.8272,0.1278,0.4783,1094,50
RSC-2021-02835,v2.2.1,2021-10-18 03:26:50,57,0.0538,0.8204,0.1443,0.5098,1176,137
RSC-2021-02836,v2.1.3,2021-06-19 12:54:58,46,0.0214,0.793,0.1566,0.5098,1390,105
RSC-2021-02837,v2.2.0,2021-10-10 11:00:04,42,0.027,0.8295,0.1403,0.4787,1070,45
RSC-2021-02838,v2.3.0,2021-09-11 20:15:16,49,0.0281,0.794,0.126,0.535,1002,113
RSC-2021-02839,v2.2.0,2021-02-09 02:07:58,37,0.0658,0.8086,0.1464,0.5087,1373,53
RSC-2021-02840,v2.2.1,2021-04-26 20:26:09,45,0.054,0.7849,0.1367,0.4984,1129,113
RSC-2021-02841,v2.3.0,2021-02-15 03:33:26,35,0.0255,0.8305,0.129,0.5289,1341,77
RSC-2021-02842,v2.1.3,2021-09-30 16:47:59,52,0.0405,0.8347,0.1675,0.4982,1415,118
RSC-2021-02843,v2.1.4,2021-08-15 17:56:35,48,0.0383,0.831,0.1377,0.4719,1566,125
RSC-2021-02844,v2.3.0,2021-02-28 13:15:53,53,0.0301,0.8199,0.1348,0.4954,1385,83
RSC-2021-02845,v2.2.1,2021-01-07 22:25:45,34,0.0891,0.8425,0.1416,0.5037,1042,57
RSC-2021-02846,v2.1.3,2021-07-14 05:33:33,37,0.0306,0.8029,0.1507,0.467,953,112
RSC-2021-02847,v2.3.0,2021-01-05 06:29:24,57,0.0537,0.8063,0.1369,0.5461,1208,60
RSC-2021-02848,v2.1.3,2021-08-16 23:08:28,45,0.0266,0.8169,0.1358,0.5399,1444,114
RSC-2021-02849,v2.1.3,2021-02-04 01:50:48,52,0.0729,0.8158,0.1255,0.5201,847,119
RSC-2021-02850,v2.2.0,2021-04-09 05:40:05,36,0.1457,0.8071,0.1554,0.5289,1202,133
RSC-2021-02851,v2.1.4,2021-09-01 01:05:03,50,0.0764,0.794,0.1381,0.5304,1564,33
RSC-2021-02852,v2.3.0,2021-11-14 22:09:01,41,0.0755,0.8212,0.1488,0.5363,964,35
RSC-2021-02853,v2.2.0,2021-10-05 12:22:03,39,0.0218,0.827,0.1347,0.5191,844,82
RSC-2021-02854,v2.1.4,2021-01-26 21:57:11,53,0.0499,0.8058,0.1421,0.5399,1338,85
RSC-2021-02855,v2.2.0,2021-05-31 14:16:08,44,0.0475,0.8432,0.1198,0.5106,1471,44
RSC-2021-02856,v2.1.3,2021-11-15 21:10:58,57,0.0307,0.786,0.1428,0.5089,1193,25
RSC-2021-02857,v2.1.4,2021-12-27 05:42:05,45,0.0244,0.7792,0.1487,0.5327,1496,122
RSC-2021-02858,v2.1.3,2021-10-23 05:00:15,49,0.0054,0.8102,0.1328,0.5304,1584,78
RSC-2021-02859,v2.2.1,2021-08-27 02:58:30,48,0.0187,0.8154,0.1268,0.5394,1305,120
RSC-2021-02860,v2.1.4,2021-07-22 21:02:03,53,0.0494,0.8064,0.1259,0.5142,1192,57
RSC-2021-02861,v2.2.0,2021-01-03 02:49:09,44,0.0406,0.8016,0.1446,0.5022,1470,24
RSC-2021-02862,v2.3.0,2021-12-04 03:56:44,52,0.0151,0.843,0.1425,0.5409,1344,107
RSC-2021-02863,v2.1.3,2021-05-23 10:31:52,37,0.043,0.8073,0.1491,0.5176,1522,103
RSC-2021-02864,v2.2.1,2021-12-23 03:54:27,37,0.0966,0.8353,0.1536,0.5351,1278,30
RSC-2021-02865,v2.1.3,2021-09-02 23:03:06,49,0.0331,0.8101,0.1554,0.499,1437,129
RSC-2021-02866,v2.1.3,2021-02-27 21:09:07,45,0.0656,0.8205,0.1436,0.4819,1472,110
RSC-2021-02867,v2.1.4,2021-11-06 09:51:43,47,0.084,0.8057,0.1467,0.5071,915,107
RSC-2021-02868,v2.2.1,2021-10-18 05:11:12,50,0.0344,0.8259,0.1359,0.4921,1239,135
RSC-2021-02869,v2.3.0,2021-12-22 13:43:39,55,0.0732,0.8292,0.1505,0.5038,1397,44
RSC-2021-02870,v2.2.1,2021-08-13 11:31:21,56,0.0259,0.779,0.1339,0.5098,1269,60
RSC-2021-02871,v2.2.1,2021-08-14 10:52:38,50,0.0684,0.811,0.1461,0.521,1152,62
RSC-2021-02872,v2.1.3,2021-06-09 04:36:25,45,0.0307,0.8002,0.1402,0.5271,1153,61
RSC-2021-02873,v2.2.1,2021-10-17 07:49:13,37,0.0646,0.7993,0.1425,0.5418,1342,77
RSC-2021-02874,v2.3.0,2021-08-08 20:02:56,41,0.0448,0.7913,0.1333,0.5284,1449,119
RSC-2021-02875,v2.2.1,2021-03-31 23:58:40,38,0.0689,0.81,0.1377,0.5183,837,113
RSC-2021-02876,v2.2.1,2021-12-03 18:22:38,37,0.0143,0.7952,0.145,0.5113,1517,57
RSC-2021-02877,v2.2.1,2021-08-13 23:44:26,53,0.0434,0.8013,0.1434,0.5297,1001,42
RSC-2021-02878,v2.2.1,2021-06-10 15:27:52,35,0.1257,0.8346,0.1377,0.5119,1247,132
RSC-2021-02879,v2.1.4,2021-03-10 09:35:38,42,0.0831,0.822,0.1285,0.5068,1543,29
RSC-2021-02880,v2.1.4,2021-09-18 03:27:31,49,0.0041,0.8361,0.1212,0.5213,1418,20
RSC-2021-02881,v2.1.4,2021-03-31 20:30:22,49,0.0222,0.8194,0.1141,0.5022,1028,22
RSC-2021-02882,v2.1.4,2021-08-28 03:32:02,36,0.0149,0.809,0.1352,0.5123,1484,42
RSC-2021-02883,v2.1.3,2021-11-06 10:21:50,45,0.0626,0.8225,0.1348,0.5355,1185,108
RSC-2021-02884,v2.1.3,2021-05-01 23:05:43,55,0.0832,0.8302,0.1208,0.4601,1440,121
RSC-2021-02885,v2.3.0,2021-01-24 23:03:33,36,0.0432,0.8261,0.1336,0.4865,1543,53
RSC-2021-02886,v2.1.3,2021-05-06 00:54:58,43,0.0209,0.8081,0.1412,0.5159,1454,57
RSC-2021-02887,v2.2.0,2021-05-31 17:55:18,36,0.0721,0.823,0.1557,0.5216,1523,85
RSC-2021-02888,v2.1.4,2021-04-04 13:31:48,49,0.0351,0.8028,0.1414,0.4804,877,67
RSC-2021-02889,v2.2.0,2021-04-15 02:24:17,55,0.0256,0.7936,0.1324,0.5241,1142,103
RSC-2021-02890,v2.2.1,2021-01-04 00:03:56,39,0.0127,0.8027,0.1545,0.495,1081,132
RSC-2021-02891,v2.3.0,2021-10-04 22:59:36,34,0.0192,0.8156,0.159,0.4939,1453,100
RSC-2021-02892,v2.1.4,2021-10-18 05:17:49,45,0.0803,0.8189,0.1496,0.5179,1576,121
RSC-2021-02893,v2.2.0,2021-03-06 08:34:28,49,0.029,0.8334,0.1223,0.4742,890,102
RSC-2021-02894,v2.2.0,2021-04-05 19:25:04,38,0.0103,0.8067,0.1514,0.4942,1207,87
RSC-2021-02895,v2.3.0,2021-04-28 00:11:17,36,0.0119,0.8297,0.1357,0.5043,1451,106
RSC-2021-02896,v2.1.4,2021-10-04 23:54:22,45,0.0675,0.7852,0.1413,0.485,823,111
RSC-2021-02897,v2.1.4,2021-11-07 10:07:14,57,0.0144,0.8164,0.1522,0.5176,922,74
RSC-2021-02898,v2.2.0,2021-03-07 05:16:47,50,0.0474,0.8135,0.1601,0.5147,1059,98
RSC-2021-02899,v2.2.1,2021-07-29 02:28:13,49,0.0194,0.8229,0.135,0.4829,847,64
RSC-2021-02900,v2.2.1,2021-07-30 09:20:39,38,0.0276,0.8141,0.151,0.5263,1122,30
RSC-2021-02901,v2.3.0,2021-08-14 00:36:38,55,0.0427,0.7893,0.1257,0.5184,1208,83
RSC-2021-02902,v2.3.0,2021-10-06 00:13:02,36,0.0194,0.8273,0.1464,0.5165,1438,77
RSC-2021-02903,v2.2.1,2021-06-10 15:24:30,53,0.0743,0.8417,0.1334,0.5156,818,87
RSC-2021-02904,v2.1.3,2021-06-12 06:59:16,54,0.0799,0.798,0.1609,0.4876,1437,35
RSC-2021-02905,v2.1.4,2021-12-29 10:26:23,49,0.0316,0.8035,0.1277,0.5196,1348,104
RSC-2021-02906,v2.2.1,2021-04-21 02:17:27,37,0.0547,0.8007,0.1623,0.4825,1430,25
RSC-2021-02907,v2.2.1,2021-11-21 18:34:39,37,0.0288,0.8033,0.1448,0.5272,1467,41
RSC-2021-02908,v2.2.1,2021-03-26 22:53:11,38,0.0308,0.7907,0.1423,0.4638,1499,40
RSC-2021-02909,v2.1.3,2021-03-19 09:13:08,56,0.031,0.8078,0.1559,0.5204,1049,105
RSC-2021-02910,v2.1.4,2021-02-04 14:11:25,56,0.0188,0.7918,0.1433,0.5232,1204,58
RSC-2021-02911,v2.3.0,2021-04-19 03:48:06,40,0.0249,0.8923,0.1291,0.534,1373,119
RSC-2021-02912,v2.1.3,2021-12-02 09:27:09,43,0.042,0.8141,0.146,0.533,1267,20
RSC-2021-02913,v2.3.0,2021-10-19 23:21:54,35,0.03,0.8225,0.1305,0.5193,1150,104
RSC-2021-02914,v2.2.0,2021-02-11 08:38:32,47,0.0256,0.7877,0.1456,0.5291,1556,25
RSC-2021-02915,v2.3.0,2021-06-07 09:22:59,44,0.0061,0.8104,0.1467,0.5343,837,53
RSC-2021-02916,v2.1.4,2021-01-29 08:31:14,56,0.0268,0.8066,0.1496,0.521,1042,126
RSC-2021-02917,v2.1.3,2021-01-13 11:14:22,57,0.0162,0.836,0.1541,0.517,1293,61
RSC-2021-02918,v2.2.0,2021-12-13 17:58:48,35,0.0674,0.7942,0.1577,0.5218,950,53
RSC-2021-02919,v2.2.1,2021-05-27 17:21:14,55,0.0095,0.8234,0.1446,0.5048,1188,128
RSC-2021-02920,v2.2.1,2021-11-01 01:53:13,42,0.0169,0.8157,0.1328,0.528,1183,43
RSC-2021-02921,v2.3.0,2021-04-19 03:01:34,46,0.0428,0.7846,0.1605,0.5166,1204,110
RSC-2021-02922,v2.1.3,2021-01-29 04:30:50,34,0.0225,0.7916,0.1287,0.5318,1514,38
RSC-2021-02923,v2.1.3,2021-09-23 13:13:55,43,0.0193,0.8196,0.1498,0.521,1397,56
RSC-2021-02924,v2.2.0,2021-03-03 01:32:37,43,0.0384,0.8086,0.1642,0.5359,912,25
RSC-2021-02925,v2.3.0,2021-10-26 20:44:49,53,0.1059,0.7933,0.148,0.5575,976,54
RSC-2021-02926,v2.1.3,2021-12-21 05:49:14,39,0.0303,0.8124,0.1541,0.4618,1197,69
RSC-2021-02927,v2.1.3,2021-07-26 04:04:30,38,0.0183,0.8206,0.1638,0.4974,1431,72
RSC-2021-02928,v2.2.0,2021-04-06 22:21:44,37,0.0099,0.7703,0.1376,0.4996,1398,35
RSC-2021-02929,v2.1.3,2021-01-20 16:15:51,51,0.0662,0.8292,0.1403,0.5251,1038,92
RSC-2021-02930,v2.1.3,2021-03-08 12:12:23,57,0.0511,0.8003,0.1508,0.5245,1266,77
RSC-2021-02931,v2.2.1,2021-03-08 11:58:05,46,0.0165,0.8191,0.1568,0.4937,1188,108
RSC-2021-02932,v2.3.0,2021-06-07 11:01:24,52,0.0051,0.8164,0.1375,0.4918,1117,31
RSC-2021-02933,v2.1.3,2021-11-27 06:46:57,46,0.014,0.8379,0.1465,0.5196,1100,87
RSC-2021-02934,v2.3.0,2021-08-27 23:00:36,39,0.0309,0.8048,0.1672,0.5094,1040,127
RSC-2021-02935,v2.1.4,2021-02-21 01:45:38,51,0.0223,0.7729,0.1547,0.5511,1221,30
RSC-2021-02936,v2.1.4,2021-02-04 20:33:25,39,0.0781,0.7873,0.1517,0.4954,1262,139
RSC-2021-02937,v2.3.0,2021-03-17 04:45:12,48,0.0184,0.7829,0.1508,0.4685,880,53
RSC-2021-02938,v2.1.3,2021-06-16 03:42:46,53,0.0278,0.7974,0.1438,0.4867,953,57
RSC-2021-02939,v2.1.4,2021-08-16 20:28:46,37,0.0197,0.8262,0.133,0.5192,1209,51
RSC-2021-02940,v2.2.1,2021-03-07 06:14:36,44,0.0206,0.7934,0.135,0.5164,920,102
RSC-2021-02941,v2.1.4,2021-12-28 23:42:33,57,0.0891,0.8125,0.1541,0.5505,1563,74
RSC-2021-02942,v2.2.1,2021-03-31 02:51:34,34,0.0787,0.8303,0.146,0.5487,1302,120
RSC-2021-02943,v2.2.1,2021-04-01 16:00:09,55,0.0353,0.7876,0.1398,0.4818,1065,135
RSC-2021-02944,v2.2.1,2021-03-16 09:48:04,46,0.0261,0.8315,0.1279,0.5405,983,20
RSC-2021-02945,v2.2.0,2021-08-14 17:08:54,52,0.0743,0.8122,0.1461,0.5018,1224,119
RSC-2021-02946,v2.2.0,2021-02-15 10:15:19,57,0.0162,0.7902,0.1395,0.5101,816,102
RSC-2021-02947,v2.3.0,2021-12-22 17:32:13,41,0.0152,0.8019,0.1352,0.5174,1300,120
RSC-2021-02948,v2.1.3,2021-02-20 15:57:59,42,0.0267,0.7795,0.1566,0.5196,1321,54
RSC-2021-02949,v2.2.1,2021-02-04 22:22:42,37,0.0345,0.7885,0.1277,0.5094,906,37
RSC-2021-02950,v2.2.1,2021-07-20 09:22:01,43,0.0262,0.8282,0.1259,0.5001,1443,93
RSC-2021-02951,v2.1.4,2021-12-12 19:03:12,39,0.008,0.8222,0.1452,0.513,973,58
RSC-2021-02952,v2.1.4,2021-04-11 00:36:37,47,0.0366,0.8098,0.1451,0.5365,883,131
RSC-2021-02953,v2.2.1,2021-07-03 20:23:11,44,0.0223,0.8333,0.1293,0.5099,876,127
RSC-2021-02954,v2.1.4,2021-07-18 09:12:51,53,0.0492,0.8146,0.1531,0.4787,1571,112
RSC-2021-02955,v2.2.1,2021-06-21 10:25:25,51,0.0357,0.7856,0.1539,0.5255,1379,132
RSC-2021-02956,v2.3.0,2021-07-31 15:33:57,52,0.0313,0.8017,0.1506,0.5196,852,91
RSC-2021-02957,v2.2.1,2021-01-19 04:25:55,50,0.045,0.8211,0.1548,0.5445,1486,93
RSC-2021-02958,v2.1.3,2021-12-08 17:59:18,37,0.0306,0.8193,0.1193,0.5034,1065,32
RSC-2021-02959,v2.1.3,2021-09-02 00:20:42,42,0.0267,0.8114,0.1218,0.479,1556,46
RSC-2021-02960,v2.2.0,2021-08-02 11:38:03,56,0.0632,0.8286,0.1417,0.5064,951,137
RSC-2021-02961,v2.1.4,2021-03-22 20:48:56,40,0.0708,0.8409,0.1372,0.4823,1595,48
RSC-2021-02962,v2.2.0,2021-10-05 14:08:54,44,0.0246,0.8337,0.1626,0.5135,1159,64
RSC-2021-02963,v2.1.3,2021-03-11 19:57:06,53,0.0327,0.8159,0.1554,0.522,906,105
RSC-2021-02964,v2.2.0,2021-03-24 18:32:25,45,0.0608,0.8252,0.1563,0.5378,1488,58
RSC-2021-02965,v2.1.3,2021-08-23 06:49:13,44,0.0238,0.8371,0.1223,0.519,1207,43
RSC-2021-02966,v2.1.3,2021-10-21 16:30:07,54,0.0272,0.8133,0.1441,0.53,875,36
RSC-2021-02967,v2.1.3,2021-02-20 18:40:20,47,0.032,0.8402,0.1359,0.5269,853,96
RSC-2021-02968,v2.3.0,2021-06-02 20:10:00,46,0.0472,0.8346,0.1442,0.4884,1593,129
RSC-2021-02969,v2.3.0,2021-12-14 12:28:57,45,0.0406,0.8214,0.1457,0.5539,1366,138
RSC-2021-02970,v2.2.0,2021-07-27 05:16:04,41,0.0173,0.8432,0.1351,0.4988,987,131
RSC-2021-02971,v2.1.4,2021-12-27 06:16:15,39,0.0228,0.8162,0.1406,0.4699,1578,81
RSC-2021-02972,v2.1.4,2021-10-21 15:16:55,36,0.0559,0.8365,0.1345,0.5187,1065,137
RSC-2021-02973,v2.1.3,2021-05-14 23:04:00,41,0.0606,0.8082,0.1403,0.5088,1551,62
RSC-2021-02974,v2.1.3,2021-04-01 11:55:20,49,0.0319,0.7678,0.1468,0.5066,837,107
RSC-2021-02975,v2.2.0,2021-06-30 14:59:19,56,0.0543,0.7886,0.1416,0.5181,1312,127
RSC-2021-02976,v2.2.1,2021-08-08 11:36:48,55,0.0369,0.7935,0.1402,0.5141,1208,55
RSC-2021-02977,v2.3.0,2021-04-19 10:10:02,42,0.0302,0.8171,0.1456,0.5001,1598,45
RSC-2021-02978,v2.2.1,2021-09-18 15:27:12,35,0.0995,0.7833,0.1319,0.5219,1552,111
RSC-2021-02979,v2.3.0,2021-01-23 03:52:39,52,0.0141,0.7998,0.1481,0.5198,878,80
RSC-2021-02980,v2.3.0,2021-05-21 02:30:02,49,0.0503,0.8249,0.1549,0.5165,1580,121
RSC-2021-02981,v2.2.1,2021-05-29 17:23:27,48,0.0637,0.8147,0.1298,0.5339,1390,92
RSC-2021-02982,v2.3.0,2021-03-19 11:58:39,52,0.0171,0.8023,0.1458,0.5349,1134,27
RSC-2021-02983,v2.1.4,2021-10-12 22:52:26,54,0.0248,0.8102,0.1437,0.4881,1238,42
RSC-2021-02984,v2.2.1,2021-02-18 17:49:42,55,0.0106,0.7812,0.14,0.4933,1152,46
RSC-2021-02985,v2.2.0,2021-02-26 03:42:43,36,0.0181,0.8031,0.1411,0.5195,1015,78
RSC-2021-02986,v2.2.0,2021-08-26 22:20:09,54,0.057,0.8082,0.1297,0.52,1563,20
RSC-2021-02987,v2.3.0,2021-12-02 15:00:08,36,0.0852,0.8074,0.1377,0.5237,1366,114
RSC-2021-02988,v2.3.0,2021-07-24 09:13:50,52,0.0096,0.8137,0.1518,0.5174,807,98
RSC-2021-02989,v2.1.4,2021-03-11 08:20:15,44,0.0366,0.8208,0.1313,0.5072,847,31
RSC-2021-02990,v2.1.4,2021-08-19 02:25:57,47,0.0185,0.809,0.1613,0.5261,852,49
RSC-2021-02991,v2.2.1,2021-01-09 00:04:35,39,0.0451,0.8258,0.1692,0.553,1462,35
RSC-2021-02992,v2.1.3,2021-11-25 08:58:12,35,0.0541,0.805,0.1498,0.5215,1326,68
RSC-2021-02993,v2.3.0,2021-10-30 07:13:31,38,0.0157,0.7974,0.1465,0.5262,989,128
RSC-2021-02994,v2.1.4,2021-12-06 18:57:30,35,0.0656,0.8192,0.1503,0.507,1417,109
RSC-2021-02995,v2.3.0,2021-05-16 10:08:34,51,0.0107,0.8008,0.1548,0.4951,935,102
RSC-2021-02996,v2.2.0,2021-12-10 21:52:08,47,0.0153,0.8407,0.1434,0.4852,1208,55
RSC-2021-02997,v2.2.0,2021-08-31 18:25:28,52,0.0494,0.809,0.1442,0.498,1486,132
RSC-2021-02998,v2.2.1,2021-01-18 23:59:57,57,0.0348,0.8104,0.1539,0.5157,1599,118
RSC-2021-02999,v2.1.3,2021-01-03 10:58:12,37,0.015,0.7907,0.1269,0.5007,1333,67
RSC-2021-03000,v2.1.4,2021-10-11 05:32:32,52,0.0825,0.8424,0.1239,0.5146,1487,96
RSC-2021-03001,v2.1.3,2021-03-31 22:50:49,44,0.0798,0.8234,0.1332,0.4973,1326,72
RSC-2021-03002,v2.1.4,2021-08-31 22:23:38,55,0.0136,0.8167,0.135,0.5259,816,113
RSC-2021-03003,v2.3.0,2021-09-21 09:02:44,52,0.0282,0.8166,0.1353,0.5201,1164,27
RSC-2021-03004,v2.3.0,2021-06-27 13:48:07,57,0.0093,0.8281,0.1184,0.5055,1048,118
RSC-2021-03005,v2.2.1,2021-12-21 22:40:20,46,0.0564,0.8233,0.1272,0.5036,1254,48
RSC-2021-03006,v2.1.4,2021-04-16 07:53:14,57,0.0654,0.8402,0.126,0.5146,899,61
RSC-2021-03007,v2.3.0,2021-04-16 00:18:17,56,0.0199,0.8121,0.1655,0.5178,1132,94
RSC-2021-03008,v2.1.3,2021-05-11 05:30:30,40,0.0377,0.876,0.1392,0.5108,1553,62
RSC-2021-03009,v2.1.4,2021-01-22 08:27:48,52,0.0215,0.8361,0.1359,0.5035,843,131
RSC-2021-03010,v2.2.1,2021-06-02 01:47:22,41,0.0093,0.8382,0.1579,0.5372,1271,33
RSC-2021-03011,v2.2.1,2021-10-13 12:50:47,54,0.042,0.7992,0.1355,0.4928,917,50
RSC-2021-03012,v2.3.0,2021-10-07 20:22:51,51,0.0822,0.8034,0.1441,0.487,977,128
RSC-2021-03013,v2.1.4,2021-09-09 19:38:51,57,0.0147,0.8134,0.1363,0.5414,1043,60
RSC-2021-03014,v2.3.0,2021-09-08 16:18:39,55,0.0347,0.8069,0.1448,0.4755,1230,85
RSC-2021-03015,v2.1.4,2021-08-06 20:24:27,50,0.0408,0.8293,0.1561,0.5235,1244,86
RSC-2021-03016,v2.2.1,2021-09-11 10:54:11,44,0.0582,0.8231,0.1352,0.5383,945,109
RSC-2021-03017,v2.2.1,2021-10-02 05:42:27,37,0.0285,0.7844,0.1603,0.5212,808,65
RSC-2021-03018,v2.2.0,2021-03-22 17:35:45,50,0.019,0.8055,0.1612,0.5235,1024,56
RSC-2021-03019,v2.3.0,2021-01-11 15:55:09,53,0.0136,0.7931,0.1327,0.5231,1528,135
RSC-2021-03020,v2.3.0,2021-08-05 07:53:16,46,0.0505,0.8141,0.1504,0.5368,1488,92
RSC-2021-03021,v2.1.4,2021-09-02 17:24:09,49,0.0512,0.781,0.1447,0.5285,1453,30
RSC-2021-03022,v2.2.0,2021-03-18 07:43:30,53,0.018,0.8114,0.1468,0.5123,1363,83
RSC-2021-03023,v2.2.0,2021-07-27 22:37:19,45,0.0692,0.8066,0.1347,0.5113,1459,81
RSC-2021-03024,v2.3.0,2021-07-12 01:49:36,37,0.0659,0.817,0.1531,0.5197,1169,30
RSC-2021-03025,v2.1.4,2021-04-23 08:22:17,49,0.0218,0.8017,0.1608,0.5404,1058,139
RSC-2021-03026,v2.3.0,2021-12-18 05:15:31,44,0.0558,0.7939,0.1451,0.4797,1499,119
RSC-2021-03027,v2.2.0,2021-05-31 19:23:17,54,0.0674,0.8519,0.1523,0.4882,924,42
RSC-2021-03028,v2.2.1,2021-12-15 18:27:03,51,0.0465,0.8314,0.1446,0.512,925,127
RSC-2021-03029,v2.2.0,2021-11-27 06:19:25,53,0.0285,0.8236,0.1492,0.5455,1467,40
RSC-2021-03030,v2.1.3,2021-02-25 15:20:49,52,0.0201,0.8239,0.1393,0.5132,1081,130
RSC-2021-03031,v2.1.3,2021-04-06 03:15:55,35,0.0343,0.7845,0.1487,0.5104,1386,132
RSC-2021-03032,v2.1.4,2021-12-31 09:00:53,48,0.0597,0.8376,0.1574,0.5005,1205,75
RSC-2021-03033,v2.1.3,2021-03-17 12:17:06,37,0.041,0.7838,0.1361,0.4947,1335,118
RSC-2021-03034,v2.1.4,2021-11-03 07:24:18,47,0.0228,0.8425,0.1389,0.5194,1394,39
RSC-2021-03035,v2.3.0,2021-04-08 20:30:25,52,0.0297,0.8086,0.153,0.5336,1093,39
RSC-2021-03036,v2.3.0,2021-02-13 17:23:09,42,0.0535,0.8096,0.1346,0.5535,1330,23
RSC-2021-03037,v2.2.1,2021-06-11 03:03:19,41,0.0252,0.8094,0.1471,0.4983,955,93
RSC-2021-03038,v2.2.1,2021-08-14 19:56:45,49,0.0435,0.8159,0.1418,0.5022,1511,92
RSC-2021-03039,v2.2.0,2021-12-19 15:26:35,39,0.0084,0.8159,0.1342,0.5116,1061,64
RSC-2021-03040,v2.1.4,2021-02-07 02:00:04,50,0.0712,0.8028,0.1251,0.5055,968,101
RSC-2021-03041,v2.2.1,2021-05-24 01:06:57,46,0.0611,0.7971,0.1665,0.5143,1412,124
RSC-2021-03042,v2.3.0,2021-06-30 22:48:55,39,0.053,0.821,0.1264,0.4688,1069,45
RSC-2021-03043,v2.3.0,2021-07-28 04:16:45,35,0.0277,0.826,0.1476,0.5277,1521,134
RSC-2021-03044,v2.3.0,2021-12-25 10:15:51,57,0.0651,0.7864,0.148,0.4581,1511,138
RSC-2021-03045,v2.1.4,2021-07-22 07:56:57,39,0.0233,0.8114,0.1494,0.5193,1051,46
RSC-2021-03046,v2.1.4,2021-12-06 18:55:46,49,0.1196,0.824,0.1464,0.5309,1312,26
RSC-2021-03047,v2.1.3,2021-11-01 15:14:34,44,0.0207,0.8073,0.1384,0.5164,1521,46
RSC-2021-03048,v2.1.4,2021-11-20 03:55:55,43,0.0277,0.7888,0.1568,0.5222,950,54
RSC-2021-03049,v2.1.3,2021-02-11 05:33:12,37,0.0152,0.7794,0.1291,0.4784,972,26
RSC-2021-03050,v2.1.4,2021-11-28 03:28:34,50,0.0739,0.8012,0.1311,0.5024,1117,88
RSC-2021-03051,v2.3.0,2021-06-14 11:45:38,35,0.0267,0.8279,0.1255,0.4944,1460,94
RSC-2021-03052,v2.1.4,2021-01-01 16:48:19,57,0.0249,0.7948,0.1123,0.5528,1545,83
RSC-2021-03053,v2.2.0,2021-07-06 04:25:48,41,0.0528,0.8166,0.1377,0.5431,1082,69
RSC-2021-03054,v2.1.3,2021-12-23 13:19:46,34,0.0483,0.8198,0.1411,0.4994,990,114
RSC-2021-03055,v2.1.3,2021-06-25 00:38:06,50,0.0348,0.7982,0.1466,0.4981,926,139
RSC-2021-03056,v2.2.0,2021-10-21 16:59:27,47,0.0207,0.8176,0.1452,0.5124,1566,137
RSC-2021-03057,v2.3.0,2021-09-10 15:56:00,53,0.012,0.833,0.1196,0.5184,1087,119
RSC-2021-03058,v2.1.4,2021-07-03 07:21:51,34,0.0437,0.8208,0.13,0.5321,1540,70
RSC-2021-03059,v2.1.3,2021-12-30 21:10:22,44,0.0298,0.7778,0.1586,0.5042,1316,90
RSC-2021-03060,v2.2.0,2021-01-20 08:45:12,49,0.0388,0.8067,0.1333,0.4893,1485,61
RSC-2021-03061,v2.1.4,2021-02-05 17:39:12,48,0.0244,0.7961,0.1453,0.5076,1022,124
RSC-2021-03062,v2.3.0,2021-03-07 21:44:41,54,0.084,0.7742,0.1596,0.5324,1054,135
RSC-2021-03063,v2.2.1,2021-03-01 13:55:01,47,0.0397,0.8159,0.1411,0.4735,826,134
RSC-2021-03064,v2.2.0,2021-10-23 11:32:43,45,0.022,0.8056,0.1424,0.5114,982,49
RSC-2021-03065,v2.2.0,2021-04-12 03:22:16,38,0.0075,0.788,0.1411,0.4878,1054,48
RSC-2021-03066,v2.3.0,2021-10-26 16:57:30,35,0.0427,0.8346,0.1532,0.5149,949,80
RSC-2021-03067,v2.1.3,2021-03-23 21:59:44,38,0.0313,0.8282,0.1534,0.5033,1032,94
RSC-2021-03068,v2.1.3,2021-08-23 02:45:06,57,0.032,0.8106,0.1509,0.5209,1297,21
RSC-2021-03069,v2.2.0,2021-09-19 02:49:19,35,0.0472,0.8319,0.1131,0.5324,1455,88
RSC-2021-03070,v2.1.4,2021-12-04 20:04:32,48,0.0365,0.8333,0.1266,0.5315,1339,136
RSC-2021-03071,v2.3.0,2021-02-21 11:34:47,56,0.0633,0.8585,0.1453,0.508,1044,58
RSC-2021-03072,v2.2.1,2021-04-27 14:47:04,39,0.0857,0.7987,0.1527,0.5219,1354,83
RSC-2021-03073,v2.2.0,2021-01-17 08:57:05,47,0.0486,0.7819,0.1512,0.5129,1197,52
RSC-2021-03074,v2.2.0,2021-09-03 05:48:21,39,0.0314,0.8056,0.1602,0.4998,1425,79
RSC-2021-03075,v2.2.1,2021-11-09 10:38:11,48,0.005,0.8067,0.1361,0.5021,1042,126
RSC-2021-03076,v2.1.4,2021-01-06 08:52:09,45,0.0193,0.85,0.1469,0.5297,1262,127
RSC-2021-03077,v2.2.0,2021-04-02 08:07:29,35,0.015,0.8261,0.122,0.5086,1478,22
RSC-2021-03078,v2.1.3,2021-05-15 04:41:28,46,0.0283,0.7826,0.1358,0.5058,1231,69
RSC-2021-03079,v2.1.4,2021-11-23 19:17:08,34,0.0202,0.7926,0.126,0.5115,1487,57
RSC-2021-03080,v2.2.1,2021-12-28 09:26:36,40,0.0397,0.7807,0.1584,0.5075,1398,54
RSC-2021-03081,v2.2.0,2021-02-04 20:31:52,56,0.0221,0.8097,0.1634,0.5093,1206,27
RSC-2021-03082,v2.2.0,2021-04-15 02:15:30,39,0.0706,0.7845,0.1616,0.5014,1474,94
RSC-2021-03083,v2.1.4,2021-07-30 17:29:46,47,0.0413,0.8294,0.1323,0.4944,1220,82
RSC-2021-03084,v2.3.0,2021-01-04 10:20:32,37,0.0307,0.7989,0.1441,0.5218,1590,133
RSC-2021-03085,v2.1.4,2021-03-02 06:22:59,55,0.0135,0.7875,0.157,0.5565,831,70
RSC-2021-03086,v2.1.4,2021-01-18 06:50:12,41,0.0392,0.806,0.1399,0.4659,975,117
RSC-2021-03087,v2.2.0,2021-10-18 06:56:48,57,0.0188,0.8059,0.142,0.4964,835,107
RSC-2021-03088,v2.3.0,2021-11-11 12:30:59,48,0.0711,0.8127,0.155,0.4974,839,98
RSC-2021-03089,v2.2.0,2021-03-25 13:22:08,40,0.1014,0.8184,0.1393,0.5022,1552,105
RSC-2021-03090,v2.1.3,2021-12-04 03:10:24,53,0.0102,0.8163,0.1599,0.5157,826,36
RSC-2021-03091,v2.1.3,2021-04-22 15:46:01,37,0.048,0.7896,0.1335,0.5346,852,81
RSC-2021-03092,v2.1.3,2021-09-08 16:09:09,55,0.0937,0.799,0.1404,0.4884,885,32
RSC-2021-03093,v2.1.4,2021-04-07 16:28:51,50,0.1216,0.8118,0.1394,0.4899,1443,116
RSC-2021-03094,v2.3.0,2021-06-16 17:20:48,51,0.0493,0.8108,0.1318,0.5404,1370,139
RSC-2021-03095,v2.2.1,2021-08-22 16:57:26,53,0.0729,0.8288,0.1404,0.5061,1390,123
RSC-2021-03096,v2.1.4,2021-08-05 11:02:07,51,0.0103,0.805,0.1298,0.4988,845,70
RSC-2021-03097,v2.2.0,2021-11-24 00:06:25,49,0.0318,0.7912,0.138,0.5233,1411,48
RSC-2021-03098,v2.2.1,2021-05-02 02:44:14,39,0.0045,0.8127,0.1581,0.5466,1153,56
RSC-2021-03099,v2.1.4,2021-05-29 04:41:57,39,0.0233,0.8203,0.1454,0.5324,1163,37
RSC-2021-03100,v2.1.3,2021-08-04 19:16:47,49,0.0251,0.807,0.1311,0.5369,1509,114
RSC-2021-03101,v2.3.0,2021-12-27 23:39:43,39,0.0368,0.8536,0.1391,0.531,1208,88
RSC-2021-03102,v2.3.0,2021-02-21 22:14:28,42,0.0335,0.8104,0.1172,0.5195,1091,22
RSC-2021-03103,v2.2.1,2021-03-29 05:19:20,40,0.0653,0.8224,0.1561,0.5189,1590,32
RSC-2021-03104,v2.1.4,2021-10-05 01:39:09,53,0.0132,0.8118,0.1599,0.5065,1032,133
RSC-2021-03105,v2.1.4,2021-08-30 18:49:19,46,0.0727,0.7854,0.1316,0.5063,1216,86
RSC-2021-03106,v2.3.0,2021-04-17 08:50:15,53,0.0138,0.8162,0.1635,0.5318,1166,132
RSC-2021-03107,v2.1.3,2021-11-06 09:35:40,47,0.0375,0.811,0.1501,0.486,1085,81
RSC-2021-03108,v2.1.4,2021-05-01 13:58:54,48,0.029,0.8191,0.1515,0.5103,1244,115
RSC-2021-03109,v2.3.0,2021-08-28 18:00:01,44,0.0167,0.7784,0.13,0.5124,1403,67
RSC-2021-03110,v2.3.0,2021-04-16 14:33:48,50,0.0245,0.7913,0.1612,0.4915,1573,96
RSC-2021-03111,v2.1.3,2021-03-21 10:00:47,57,0.0328,0.8085,0.1492,0.4802,1478,94
RSC-2021-03112,v2.3.0,2021-06-26 02:26:19,44,0.0334,0.8343,0.1449,0.5051,1164,90
RSC-2021-03113,v2.3.0,2021-12-22 20:12:05,47,0.0055,0.8196,0.1569,0.5277,1082,67
RSC-2021-03114,v2.2.1,2021-03-16 00:25:04,53,0.0469,0.826,0.1298,0.5144,1249,57
RSC-2021-03115,v2.1.4,2021-11-28 14:03:45,47,0.0221,0.7949,0.1243,0.4842,1355,111
RSC-2021-03116,v2.2.0,2021-09-04 14:22:19,35,0.0186,0.8167,0.1484,0.4994,913,98
RSC-2021-03117,v2.3.0,2021-03-05 15:30:01,48,0.039,0.8083,0.153,0.4893,1417,108
RSC-2021-03118,v2.1.3,2021-03-18 03:29:10,51,0.057,0.8382,0.1424,0.5291,1212,124
RSC-2021-03119,v2.1.3,2021-06-22 09:09:27,38,0.0643,0.8166,0.136,0.489,1252,61
RSC-2021-03120,v2.2.1,2021-04-10 07:35:25,38,0.0481,0.7946,0.1321,0.5087,811,110
RSC-2021-03121,v2.3.0,2021-09-25 01:50:08,48,0.0495,0.7895,0.1299,0.4984,1092,83
RSC-2021-03122,v2.1.4,2021-06-26 09:47:40,51,0.0204,0.8268,0.1499,0.521,975,133
RSC-2021-03123,v2.1.3,2021-07-30 05:54:52,55,0.0328,0.8403,0.1403,0.5002,1445,56
RSC-2021-03124,v2.3.0,2021-03-30 00:38:16,53,0.0719,0.7985,0.1511,0.5144,815,109
RSC-2021-03125,v2.2.0,2021-08-03 13:07:10,53,0.0461,0.8207,0.1317,0.5663,1296,98
RSC-2021-03126,v2.3.0,2021-09-29 22:21:28,53,0.0451,0.8051,0.1238,0.4925,1147,20
RSC-2021-03127,v2.2.0,2021-01-29 09:42:24,48,0.0518,0.7912,0.1572,0.4879,935,74
RSC-2021-03128,v2.3.0,2021-06-03 04:07:28,35,0.0082,0.8397,0.1301,0.5313,911,83
RSC-2021-03129,v2.2.1,2021-09-10 21:24:10,39,0.0122,0.8236,0.132,0.5149,1125,52
RSC-2021-03130,v2.3.0,2021-09-19 08:30:59,34,0.0301,0.8058,0.1208,0.5042,1446,27
RSC-2021-03131,v2.3.0,2021-11-04 13:11:58,53,0.0749,0.8173,0.1506,0.5371,1063,74
RSC-2021-03132,v2.1.4,2021-07-17 11:52:31,44,0.0418,0.8212,0.1513,0.4916,1065,25
RSC-2021-03133,v2.2.0,2021-09-08 20:34:55,55,0.0243,0.8109,0.1466,0.5114,906,27
RSC-2021-03134,v2.1.3,2021-12-01 16:35:39,55,0.0453,0.8184,0.1555,0.4969,1382,124
RSC-2021-03135,v2.1.3,2021-12-24 00:31:39,38,0.0513,0.783,0.1493,0.5379,1114,89
RSC-2021-03136,v2.1.4,2021-12-30 09:18:14,49,0.0591,0.8339,0.1325,0.5004,863,74
RSC-2021-03137,v2.2.1,2021-05-19 23:41:21,47,0.0258,0.8211,0.1409,0.5491,1449,127
RSC-2021-03138,v2.1.4,2021-07-09 17:33:48,39,0.0162,0.8251,0.1348,0.5271,811,81
RSC-2021-03139,v2.2.1,2021-10-08 02:23:24,47,0.064,0.826,0.1522,0.533,998,52
RSC-2021-03140,v2.2.0,2021-09-27 18:13:51,55,0.0739,0.8256,0.1392,0.4896,1427,51
RSC-2021-03141,v2.2.0,2021-12-03 15:25:46,50,0.0915,0.8171,0.1308,0.5382,1333,105
RSC-2021-03142,v2.2.0,2021-06-30 12:37:00,46,0.1,0.8019,0.1491,0.5093,1171,65
RSC-2021-03143,v2.1.4,2021-04-11 10:44:17,39,0.0213,0.7899,0.1327,0.4884,1524,46
RSC-2021-03144,v2.2.0,2021-12-17 21:56:49,40,0.0267,0.8055,0.1478,0.4889,1136,84
RSC-2021-03145,v2.3.0,2021-01-26 08:45:08,52,0.0102,0.7895,0.1409,0.4632,1215,47
RSC-2021-03146,v2.2.0,2021-09-08 04:33:05,46,0.0311,0.8147,0.1555,0.5435,1094,66
RSC-2021-03147,v2.1.3,2021-11-07 03:09:53,38,0.0348,0.8304,0.1469,0.5254,1246,117
RSC-2021-03148,v2.2.1,2021-09-18 12:01:32,53,0.0531,0.8104,0.1292,0.4959,827,30
RSC-2021-03149,v2.1.4,2021-05-11 16:26:15,34,0.0031,0.8082,0.139,0.5234,1544,115
RSC-2021-03150,v2.1.4,2021-05-17 15:44:23,47,0.0145,0.8343,0.1285,0.5304,1495,96
RSC-2021-03151,v2.1.4,2021-02-25 22:57:07,39,0.0605,0.7978,0.1536,0.5254,1031,58
RSC-2021-03152,v2.1.3,2021-12-02 15:58:56,55,0.0574,0.8336,0.1428,0.5263,1445,39
RSC-2021-03153,v2.2.1,2021-01-23 05:00:36,41,0.0755,0.7943,0.1387,0.5446,805,89
RSC-2021-03154,v2.1.4,2021-02-25 02:20:58,36,0.0112,0.8113,0.1415,0.5139,1453,135
RSC-2021-03155,v2.2.0,2021-09-16 16:27:13,53,0.0662,0.7992,0.1336,0.5303,1383,89
RSC-2021-03156,v2.3.0,2021-04-15 17:38:18,53,0.0421,0.8253,0.1214,0.5221,900,124
RSC-2021-03157,v2.1.4,2021-05-07 08:21:23,50,0.026,0.7875,0.1293,0.4998,1304,34
RSC-2021-03158,v2.3.0,2021-08-22 15:42:11,46,0.0405,0.805,0.1345,0.4859,930,134
RSC-2021-03159,v2.3.0,2021-06-20 04:12:50,36,0.0102,0.7808,0.1331,0.5376,1489,83
RSC-2021-03160,v2.2.0,2021-03-24 21:37:02,40,0.0384,0.8269,0.1516,0.4725,1132,88
RSC-2021-03161,v2.2.1,2021-08-06 04:58:34,39,0.0497,0.8218,0.1527,0.5462,1390,113
RSC-2021-03162,v2.2.0,2021-11-18 17:45:14,48,0.0207,0.8111,0.1376,0.5531,953,59
RSC-2021-03163,v2.1.4,2021-11-21 23:44:56,53,0.0366,0.8145,0.1536,0.5193,999,84
RSC-2021-03164,v2.1.4,2021-06-15 23:44:49,56,0.0387,0.8219,0.1456,0.4541,807,65
RSC-2021-03165,v2.1.4,2021-01-28 02:31:47,49,0.0269,0.8272,0.1301,0.5293,1329,55
RSC-2021-03166,v2.3.0,2021-07-17 22:00:37,47,0.05,0.8191,0.1427,0.5321,1088,52
RSC-2021-03167,v2.3.0,2021-02-06 21:24:01,55,0.0237,0.8047,0.1243,0.5052,1171,78
RSC-2021-03168,v2.2.1,2021-04-09 06:56:37,41,0.0501,0.8087,0.1505,0.4708,1201,82
RSC-2021-03169,v2.1.4,2021-12-22 07:36:37,55,0.0524,0.8048,0.1473,0.5175,1170,133
RSC-2021-03170,v2.2.1,2021-08-30 17:26:34,38,0.0133,0.8151,0.1605,0.5457,891,50
RSC-2021-03171,v2.2.1,2021-05-04 23:04:32,51,0.0554,0.8371,0.1359,0.5238,858,41
RSC-2021-03172,v2.3.0,2021-11-14 23:13:29,54,0.0461,0.8237,0.129,0.5291,1311,85
RSC-2021-03173,v2.2.0,2021-03-20 18:49:36,49,0.0244,0.8284,0.155,0.5095,1182,124
RSC-2021-03174,v2.3.0,2021-09-20 15:09:34,57,0.023,0.8196,0.1457,0.5416,995,125
RSC-2021-03175,v2.2.1,2021-02-12 02:25:03,44,0.0974,0.8165,0.146,0.5104,912,131
RSC-2021-03176,v2.1.3,2021-09-17 09:42:28,39,0.1103,0.794,0.1549,0.5211,1204,102
RSC-2021-03177,v2.2.0,2021-09-08 08:52:09,41,0.0533,0.7915,0.1238,0.5122,1316,91
RSC-2021-03178,v2.2.0,2021-07-24 17:40:47,44,0.0166,0.7926,0.1327,0.5245,864,21
RSC-2021-03179,v2.1.4,2021-12-20 12:16:42,34,0.0315,0.8388,0.1393,0.503,859,32
RSC-2021-03180,v2.2.0,2021-02-07 17:26:22,38,0.0427,0.7807,0.1452,0.5082,1323,61
RSC-2021-03181,v2.2.1,2021-08-12 09:46:33,50,0.0301,0.8219,0.12,0.4987,1226,123
RSC-2021-03182,v2.2.1,2021-04-15 13:24:13,57,0.1035,0.8075,0.1338,0.5079,1364,131
RSC-2021-03183,v2.3.0,2021-03-21 09:05:47,38,0.0022,0.8114,0.1573,0.5346,1354,82
RSC-2021-03184,v2.1.3,2021-11-12 00:02:33,36,0.0057,0.805,0.1504,0.5299,1530,91
RSC-2021-03185,v2.1.3,2021-02-19 23:05:07,49,0.0325,0.789,0.1243,0.4844,1278,26
RSC-2021-03186,v2.3.0,2021-09-15 19:25:18,49,0.0249,0.8165,0.1267,0.4889,956,21
RSC-2021-03187,v2.1.3,2021-03-11 03:29:15,56,0.0733,0.8216,0.1655,0.512,865,82
RSC-2021-03188,v2.2.0,2021-10-29 15:29:06,38,0.0621,0.8112,0.1422,0.4967,1459,25
RSC-2021-03189,v2.1.3,2021-06-01 06:57:41,53,0.0627,0.7962,0.1131,0.4741,863,51
RSC-2021-03190,v2.1.4,2021-05-08 18:30:33,47,0.0921,0.8115,0.1394,0.4935,819,56
RSC-2021-03191,v2.1.4,2021-03-01 06:48:53,40,0.016,0.8313,0.1575,0.5125,1327,68
RSC-2021-03192,v2.1.4,2021-04-11 07:11:57,49,0.035,0.8075,0.1498,0.5028,1327,50
RSC-2021-03193,v2.1.3,2021-12-07 04:36:56,45,0.0642,0.8342,0.1307,0.5232,1201,87
RSC-2021-03194,v2.2.0,2021-07-05 00:52:04,49,0.0435,0.8044,0.1205,0.529,1588,127
RSC-2021-03195,v2.3.0,2021-03-14 13:37:07,44,0.0028,0.795,0.1308,0.5199,1285,110
RSC-2021-03196,v2.1.4,2021-12-03 17:26:41,55,0.1155,0.8449,0.1272,0.5142,894,108
RSC-2021-03197,v2.3.0,2021-09-19 06:58:37,45,0.0446,0.7983,0.1604,0.5017,1258,128
RSC-2021-03198,v2.1.3,2021-05-20 08:35:01,49,0.0092,0.8447,0.1316,0.5029,1369,86
RSC-2021-03199,v2.2.1,2021-08-22 08:19:56,38,0.0356,0.7906,0.1557,0.5054,1295,105
RSC-2021-03200,v2.3.0,2021-07-12 22:35:52,46,0.0548,0.8418,0.1308,0.5031,1143,95
RSC-2021-03201,v2.3.0,2021-08-19 20:29:22,50,0.0179,0.8239,0.1327,0.5034,1485,71
RSC-2021-03202,v2.2.0,2021-06-04 10:09:28,41,0.0231,0.809,0.1441,0.54,1025,71
RSC-2021-03203,v2.2.1,2021-05-25 15:05:09,44,0.0155,0.8161,0.1507,0.5209,1192,20
RSC-2021-03204,v2.1.4,2021-05-22 20:34:44,56,0.0181,0.8023,0.1402,0.5236,1154,30
RSC-2021-03205,v2.1.4,2021-08-03 23:09:10,46,0.0238,0.7884,0.1454,0.5002,1437,60
RSC-2021-03206,v2.1.4,2021-03-26 01:38:28,36,0.0631,0.8207,0.1516,0.4884,1143,71
RSC-2021-03207,v2.2.1,2021-05-30 00:27:29,40,0.0254,0.8134,0.152,0.5218,1533,99
RSC-2021-03208,v2.2.0,2021-06-21 04:44:25,52,0.0172,0.8243,0.174,0.5067,948,63
RSC-2021-03209,v2.2.1,2021-11-28 03:20:24,54,0.0023,0.8049,0.1587,0.5223,1348,55
RSC-2021-03210,v2.2.0,2021-09-14 20:12:33,56,0.0581,0.7962,0.1689,0.5067,1334,38
RSC-2021-03211,v2.2.1,2021-10-02 12:06:19,34,0.0184,0.7929,0.1314,0.5081,1162,65
RSC-2021-03212,v2.2.0,2021-07-22 02:44:37,46,0.0275,0.7787,0.1472,0.4937,1344,40
RSC-2021-03213,v2.1.4,2021-09-02 00:00:39,49,0.0529,0.801,0.1415,0.4792,1316,40
RSC-2021-03214,v2.3.0,2021-02-18 19:20:49,52,0.0217,0.8272,0.1313,0.5064,962,93
RSC-2021-03215,v2.3.0,2021-09-05 08:51:53,50,0.0744,0.796,0.1456,0.5349,1346,42
RSC-2021-03216,v2.1.4,2021-02-28 20:18:09,55,0.0504,0.8423,0.1347,0.5217,892,86
RSC-2021-03217,v2.1.3,2021-04-04 22:11:14,36,0.0023,0.8128,0.1504,0.4625,807,20
RSC-2021-03218,v2.1.3,2021-11-30 04:17:01,52,0.0496,0.7889,0.1277,0.4966,1339,85
RSC-2021-03219,v2.2.1,2021-11-01 21:40:18,39,0.0498,0.7998,0.1628,0.467,957,77
RSC-2021-03220,v2.3.0,2021-10-17 06:37:05,35,0.0444,0.8093,0.1495,0.5212,1163,98
RSC-2021-03221,v2.2.0,2021-09-02 12:05:13,48,0.0089,0.8164,0.1435,0.5116,1378,22
RSC-2021-03222,v2.1.4,2021-04-19 18:56:27,46,0.0227,0.8334,0.1636,0.5021,1293,117
RSC-2021-03223,v2.2.0,2021-07-27 00:36:55,49,0.0414,0.7982,0.1523,0.5232,979,93
RSC-2021-03224,v2.3.0,2021-11-11 03:12:11,40,0.0311,0.7986,0.1226,0.5077,1453,139
RSC-2021-03225,v2.2.1,2021-10-15 04:11:33,57,0.0839,0.794,0.1532,0.5009,1319,31
RSC-2021-03226,v2.3.0,2021-03-25 16:23:58,47,0.0136,0.8001,0.1484,0.5311,1509,49
RSC-2021-03227,v2.1.4,2021-09-07 19:24:58,53,0.0897,0.8117,0.1319,0.5459,823,129
RSC-2021-03228,v2.1.3,2021-11-15 08:28:40,45,0.068,0.8291,0.1529,0.5159,897,59
RSC-2021-03229,v2.1.3,2021-05-02 07:08:19,50,0.0182,0.8032,0.1362,0.5024,1423,108
RSC-2021-03230,v2.2.1,2021-10-08 03:02:30,53,0.0484,0.8181,0.1258,0.5461,877,22
RSC-2021-03231,v2.1.4,2021-12-23 11:40:48,47,0.052,0.8315,0.1443,0.5476,1060,129
RSC-2021-03232,v2.2.0,2021-04-21 13:56:31,38,0.0371,0.8504,0.1425,0.5276,1196,102
RSC-2021-03233,v2.1.4,2021-09-02 20:16:41,39,0.0521,0.7974,0.1227,0.5311,1546,120
RSC-2021-03234,v2.1.4,2021-08-25 08:05:25,54,0.0564,0.8054,0.1499,0.4817,828,105
RSC-2021-03235,v2.2.0,2021-06-25 22:09:23,51,0.0667,0.7914,0.139,0.4986,1192,96
RSC-2021-03236,v2.2.1,2021-08-15 11:50:36,36,0.0452,0.8223,0.1094,0.4948,1465,100
RSC-2021-03237,v2.2.1,2021-02-13 15:59:57,53,0.0227,0.8345,0.1459,0.5158,1003,134
RSC-2021-03238,v2.1.4,2021-05-14 04:21:46,50,0.0469,0.8402,0.1342,0.4816,933,75
RSC-2021-03239,v2.2.0,2021-06-27 02:14:35,52,0.1282,0.8009,0.1535,0.5085,864,93
RSC-2021-03240,v2.1.4,2021-12-05 09:16:47,34,0.0876,0.8191,0.1516,0.5028,1176,41
RSC-2021-03241,v2.2.1,2021-03-28 07:50:00,38,0.023,0.8125,0.1325,0.4876,958,128
RSC-2021-03242,v2.2.1,2021-09-15 03:45:11,34,0.0495,0.7931,0.1314,0.4985,839,121
RSC-2021-03243,v2.1.4,2021-05-30 00:36:12,53,0.0589,0.7895,0.1498,0.5099,1027,53
RSC-2021-03244,v2.2.0,2021-08-25 18:19:10,43,0.0616,0.8353,0.1383,0.5419,805,84
RSC-2021-03245,v2.1.3,2021-09-03 07:40:42,37,0.0277,0.8056,0.138,0.5251,1249,36
RSC-2021-03246,v2.1.4,2021-04-25 10:27:41,56,0.0646,0.8343,0.1575,0.4939,1291,78
RSC-2021-03247,v2.2.0,2021-06-23 21:06:21,47,0.0064,0.8082,0.1341,0.5328,1182,90
RSC-2021-03248,v2.1.4,2021-01-08 02:26:31,57,0.052,0.8411,0.1432,0.5371,1044,136
RSC-2021-03249,v2.3.0,2021-03-15 11:18:01,37,0.0334,0.7987,0.1489,0.5301,1011,27
RSC-2021-03250,v2.3.0,2021-09-02 03:07:12,36,0.0258,0.8145,0.1523,0.5473,983,85
RSC-2021-03251,v2.2.1,2021-11-10 12:36:23,45,0.0627,0.795,0.1506,0.543,1147,123
RSC-2021-03252,v2.3.0,2021-12-23 00:58:10,43,0.0345,0.7915,0.1374,0.5278,1039,50
RSC-2021-03253,v2.2.1,2021-10-22 00:26:07,57,0.0154,0.8152,0.1666,0.5208,1289,39
RSC-2021-03254,v2.2.0,2021-12-15 01:03:00,36,0.0217,0.8216,0.1451,0.516,849,34
RSC-2021-03255,v2.1.4,2021-07-29 07:33:53,44,0.0435,0.8414,0.1433,0.4993,1126,63
RSC-2021-03256,v2.2.1,2021-01-17 07:39:48,50,0.0448,0.7987,0.1415,0.4924,863,39
RSC-2021-03257,v2.1.3,2021-09-05 11:59:10,56,0.0522,0.8509,0.135,0.5185,1479,110
RSC-2021-03258,v2.2.0,2021-11-09 20:04:51,37,0.0073,0.7928,0.1325,0.4822,1121,111
RSC-2021-03259,v2.3.0,2021-09-10 06:58:01,38,0.0109,0.8005,0.1514,0.5039,1149,79
RSC-2021-03260,v2.2.0,2021-11-18 01:10:53,49,0.0154,0.829,0.1438,0.4772,1301,25
RSC-2021-03261,v2.1.4,2021-03-11 10:29:38,45,0.0057,0.8178,0.1427,0.5152,1241,51
RSC-2021-03262,v2.1.3,2021-03-19 04:06:55,39,0.0256,0.8328,0.1404,0.5171,1337,22
RSC-2021-03263,v2.1.4,2021-02-26 04:53:17,37,0.0318,0.8019,0.1434,0.5138,811,106
RSC-2021-03264,v2.2.0,2021-06-07 19:37:58,37,0.0369,0.8303,0.1639,0.4913,1476,30
RSC-2021-03265,v2.3.0,2021-07-31 01:25:35,52,0.0113,0.822,0.1377,0.4906,824,24
RSC-2021-03266,v2.1.4,2021-12-04 15:38:36,39,0.0756,0.799,0.133,0.5041,1210,76
RSC-2021-03267,v2.2.0,2021-01-24 19:06:18,35,0.0556,0.8089,0.1541,0.5327,828,113
RSC-2021-03268,v2.1.4,2021-02-08 21:31:13,45,0.0096,0.826,0.1427,0.5362,1561,61
RSC-2021-03269,v2.2.0,2021-09-15 20:15:29,38,0.0126,0.8094,0.1497,0.5101,978,124
RSC-2021-03270,v2.2.1,2021-10-13 23:20:18,48,0.0348,0.8275,0.1532,0.5181,971,35
RSC-2021-03271,v2.1.4,2021-07-01 01:19:12,36,0.0413,0.8346,0.1395,0.5126,1037,36
RSC-2021-03272,v2.1.3,2021-11-01 09:56:50,43,0.0292,0.8121,0.1567,0.5063,1530,53
RSC-2021-03273,v2.2.1,2021-06-08 07:05:59,46,0.0397,0.8003,0.1522,0.4829,1076,64
RSC-2021-03274,v2.2.0,2021-05-10 09:03:28,56,0.0313,0.7991,0.1484,0.5283,1082,97
RSC-2021-03275,v2.1.3,2021-06-01 22:44:39,34,0.0251,0.8128,0.1471,0.5109,1326,95
RSC-2021-03276,v2.1.3,2021-01-06 15:39:35,40,0.0314,0.831,0.1375,0.4839,1568,95
RSC-2021-03277,v2.3.0,2021-01-22 11:34:14,34,0.0211,0.8213,0.1597,0.5178,1130,92
RSC-2021-03278,v2.2.0,2021-08-15 18:57:39,47,0.0155,0.8194,0.1383,0.5157,1471,67
RSC-2021-03279,v2.1.4,2021-05-20 13:45:52,41,0.0129,0.7948,0.1457,0.4947,1504,32
RSC-2021-03280,v2.1.3,2021-08-20 00:47:41,36,0.0199,0.7872,0.1147,0.4657,1526,29
RSC-2021-03281,v2.2.0,2021-08-24 18:03:24,41,0.0116,0.82,0.1405,0.5197,1478,53
RSC-2021-03282,v2.2.1,2021-06-29 22:01:07,47,0.0206,0.7897,0.1477,0.5061,809,44
RSC-2021-03283,v2.3.0,2021-01-22 02:51:44,38,0.0686,0.8223,0.1423,0.4893,1275,116
RSC-2021-03284,v2.3.0,2021-08-26 15:35:26,39,0.0179,0.802,0.1426,0.5059,1145,101
RSC-2021-03285,v2.1.4,2021-06-30 03:03:42,51,0.0279,0.7826,0.1211,0.535,1338,129
RSC-2021-03286,v2.1.3,2021-06-28 19:32:14,35,0.0544,0.8211,0.1282,0.5452,1463,43
RSC-2021-03287,v2.2.0,2021-08-14 03:54:10,41,0.0197,0.8344,0.1486,0.4915,1560,88
RSC-2021-03288,v2.2.1,2021-08-31 06:50:16,54,0.0276,0.8104,0.1536,0.5337,1404,116
RSC-2021-03289,v2.2.1,2021-05-27 19:58:36,49,0.0292,0.811,0.1493,0.5125,1027,114
RSC-2021-03290,v2.1.3,2021-03-02 18:21:24,43,0.0854,0.8313,0.145,0.508,988,135
RSC-2021-03291,v2.3.0,2021-06-21 09:37:58,47,0.0182,0.8214,0.1455,0.5368,1052,121
RSC-2021-03292,v2.2.0,2021-10-14 14:34:46,39,0.0195,0.8183,0.1451,0.494,1474,116
RSC-2021-03293,v2.2.1,2021-11-01 04:37:55,35,0.0307,0.7965,0.1602,0.5029,1138,64
RSC-2021-03294,v2.2.0,2021-08-25 04:59:48,55,0.0601,0.8124,0.1246,0.508,1431,20
RSC-2021-03295,v2.1.4,2021-12-03 02:38:18,56,0.0789,0.8064,0.1481,0.524,990,100
RSC-2021-03296,v2.1.3,2021-09-25 18:49:16,34,0.0821,0.8153,0.1446,0.5065,1170,34
RSC-2021-03297,v2.2.1,2021-12-16 12:09:38,41,0.0242,0.8039,0.132,0.5206,835,125
RSC-2021-03298,v2.1.4,2021-08-02 21:48:52,46,0.0315,0.7852,0.141,0.4818,1024,34
RSC-2021-03299,v2.3.0,2021-03-14 12:35:28,57,0.0149,0.7793,0.1436,0.5042,1597,120
RSC-2021-03300,v2.2.0,2021-05-06 22:15:48,38,0.0619,0.7941,0.1207,0.471,1387,86
RSC-2021-03301,v2.2.1,2021-11-14 10:33:37,46,0.0107,0.8498,0.1514,0.5138,1166,76
RSC-2021-03302,v2.1.3,2021-06-01 09:23:49,42,0.0647,0.7989,0.1296,0.4931,1426,60
RSC-2021-03303,v2.1.3,2021-05-04 20:42:37,35,0.0107,0.8178,0.132,0.5107,881,139
RSC-2021-03304,v2.3.0,2021-10-16 20:55:11,46,0.0253,0.7792,0.1378,0.5101,904,70
RSC-2021-03305,v2.1.4,2021-02-15 10:45:46,43,0.0413,0.7999,0.1327,0.5578,1295,90
RSC-2021-03306,v2.1.3,2021-09-03 06:06:52,41,0.0533,0.8361,0.1468,0.5439,988,121
RSC-2021-03307,v2.3.0,2021-09-08 00:54:54,38,0.0086,0.7979,0.1428,0.5363,1367,87
RSC-2021-03308,v2.2.1,2021-02-08 00:19:55,37,0.0437,0.8317,0.1455,0.492,902,83
RSC-2021-03309,v2.1.3,2021-12-16 12:48:28,49,0.0768,0.7878,0.1375,0.5308,1214,116
RSC-2021-03310,v2.1.4,2021-11-19 02:54:20,55,0.0175,0.8102,0.1618,0.4956,1139,128
RSC-2021-03311,v2.2.1,2021-06-27 11:03:26,41,0.0142,0.8164,0.165,0.4889,838,77
RSC-2021-03312,v2.1.4,2021-10-13 20:58:26,44,0.0736,0.8165,0.141,0.5529,1542,139
RSC-2021-03313,v2.2.1,2021-02-24 22:52:54,54,0.0292,0.8279,0.1479,0.5427,845,121
RSC-2021-03314,v2.1.4,2021-10-25 20:36:34,35,0.0528,0.8152,0.1448,0.529,1184,116
RSC-2021-03315,v2.1.3,2021-08-10 03:20:25,46,0.0615,0.8078,0.1545,0.4937,1417,33
RSC-2021-03316,v2.1.4,2021-08-10 00:19:50,54,0.0455,0.8179,0.1474,0.5095,1283,52
RSC-2021-03317,v2.2.0,2021-03-14 10:00:22,55,0.0568,0.7924,0.1504,0.5261,1344,75
RSC-2021-03318,v2.2.0,2021-01-26 04:48:04,57,0.0048,0.7956,0.1705,0.5243,1329,97
RSC-2021-03319,v2.1.4,2021-03-10 11:13:11,34,0.01,0.7997,0.1516,0.544,1194,31
RSC-2021-03320,v2.3.0,2021-08-30 13:22:31,40,0.0741,0.7575,0.1466,0.542,1425,96
RSC-2021-03321,v2.1.3,2021-11-20 19:15:19,52,0.0496,0.7758,0.1403,0.5173,1244,111
RSC-2021-03322,v2.1.3,2021-02-03 12:53:39,56,0.0092,0.7908,0.1263,0.5117,1519,130
RSC-2021-03323,v2.1.3,2021-10-23 11:28:27,44,0.0325,0.7988,0.1359,0.5319,823,73
RSC-2021-03324,v2.2.0,2021-03-05 16:37:35,43,0.0929,0.811,0.1375,0.5209,1530,128
RSC-2021-03325,v2.2.1,2021-09-25 00:24:07,57,0.0459,0.8323,0.1449,0.541,1284,20
RSC-2021-03326,v2.2.0,2021-04-20 15:16:03,43,0.007,0.7848,0.1297,0.5084,1506,67
RSC-2021-03327,v2.2.0,2021-11-01 20:17:36,39,0.0169,0.8054,0.1204,0.5163,1265,38
RSC-2021-03328,v2.2.1,2021-01-01 16:50:30,57,0.0717,0.8014,0.1374,0.5083,937,41
RSC-2021-03329,v2.2.0,2021-11-09 05:32:48,42,0.0661,0.8279,0.1416,0.509,963,44
RSC-2021-03330,v2.1.3,2021-09-12 10:16:59,46,0.0361,0.8032,0.1463,0.4814,1232,104
RSC-2021-03331,v2.1.4,2021-11-07 21:11:38,46,0.0513,0.7986,0.145,0.5404,1562,102
RSC-2021-03332,v2.1.4,2021-11-09 16:40:31,43,0.0273,0.826,0.1462,0.4935,1250,34
RSC-2021-03333,v2.2.1,2021-07-02 21:15:43,52,0.0805,0.8102,0.1508,0.5187,1178,94
RSC-2021-03334,v2.3.0,2021-10-12 09:40:38,49,0.065,0.803,0.1378,0.5236,1323,53
RSC-2021-03335,v2.1.4,2021-05-16 04:50:32,50,0.0438,0.8092,0.149,0.5227,1398,28
RSC-2021-03336,v2.2.0,2021-04-02 07:50:04,34,0.0083,0.8383,0.1401,0.5046,890,37
RSC-2021-03337,v2.2.1,2021-11-19 23:26:15,42,0.0291,0.7781,0.1296,0.5456,997,138
RSC-2021-03338,v2.1.4,2021-11-27 08:40:19,57,0.0156,0.8199,0.1447,0.4735,1052,129
RSC-2021-03339,v2.3.0,2021-12-07 18:18:50,55,0.037,0.8239,0.1701,0.4997,1332,46
RSC-2021-03340,v2.1.4,2021-02-08 17:32:26,37,0.0225,0.7767,0.1503,0.4899,1227,37
RSC-2021-03341,v2.2.0,2021-03-27 14:35:10,36,0.0352,0.8167,0.1473,0.4652,1440,69
RSC-2021-03342,v2.1.4,2021-08-02 18:34:52,37,0.1135,0.807,0.1226,0.4961,1308,91
RSC-2021-03343,v2.1.4,2021-06-08 09:26:06,41,0.057,0.8188,0.1465,0.4998,930,50
RSC-2021-03344,v2.3.0,2021-06-12 22:19:17,36,0.0651,0.7934,0.1377,0.5273,1466,101
RSC-2021-03345,v2.1.4,2021-01-31 12:05:53,57,0.0291,0.8268,0.1443,0.5478,1237,58
RSC-2021-03346,v2.1.4,2021-02-06 08:19:37,57,0.0293,0.8275,0.1407,0.4872,1149,75
RSC-2021-03347,v2.3.0,2021-03-01 08:06:26,47,0.0275,0.7916,0.145,0.5039,1051,70
RSC-2021-03348,v2.1.4,2021-07-05 18:05:18,47,0.0034,0.7999,0.1511,0.4743,1137,53
RSC-2021-03349,v2.1.4,2021-10-04 10:26:07,53,0.0699,0.7758,0.1515,0.523,1211,24
RSC-2021-03350,v2.1.4,2021-09-22 02:32:44,40,0.035,0.8411,0.145,0.4871,1503,61
RSC-2021-03351,v2.1.3,2021-01-21 14:27:47,46,0.0457,0.8418,0.1598,0.5226,857,97
RSC-2021-03352,v2.2.1,2021-04-05 05:40:25,51,0.034,0.8097,0.159,0.5162,897,106
RSC-2021-03353,v2.1.3,2021-08-21 09:58:43,34,0.0576,0.8283,0.125,0.5118,1291,57
RSC-2021-03354,v2.2.1,2021-08-17 15:04:51,38,0.0183,0.8171,0.1378,0.5199,1311,91
RSC-2021-03355,v2.1.4,2021-07-24 20:26:13,44,0.0449,0.8038,0.1261,0.4891,1585,118
RSC-2021-03356,v2.1.3,2021-12-07 13:32:02,42,0.1167,0.7988,0.144,0.4794,1537,93
RSC-2021-03357,v2.3.0,2021-12-11 13:48:17,41,0.0404,0.8246,0.1756,0.4849,885,75
RSC-2021-03358,v2.3.0,2021-09-17 22:26:41,57,0.0637,0.8233,0.1249,0.5555,1496,120
RSC-2021-03359,v2.1.4,2021-08-04 14:32:23,34,0.018,0.8526,0.1497,0.5064,898,78
RSC-2021-03360,v2.2.0,2021-02-19 15:47:00,54,0.0411,0.8072,0.1331,0.5046,1106,87
RSC-2021-03361,v2.1.4,2021-03-30 09:58:24,52,0.0264,0.8323,0.1528,0.5047,1471,77
RSC-2021-03362,v2.2.0,2021-01-26 02:19:55,39,0.1053,0.8084,0.1464,0.5026,970,107
RSC-2021-03363,v2.2.1,2021-07-07 08:33:54,42,0.0971,0.7899,0.1477,0.4905,1320,26
RSC-2021-03364,v2.2.1,2021-05-13 16:00:03,35,0.0356,0.8127,0.1367,0.537,1403,112
RSC-2021-03365,v2.3.0,2021-04-15 00:05:12,44,0.0362,0.8152,0.16,0.5167,1355,21
RSC-2021-03366,v2.2.1,2021-04-18 04:34:13,44,0.0308,0.8173,0.1499,0.4664,865,69
RSC-2021-03367,v2.2.1,2021-10-10 12:56:55,36,0.0843,0.7942,0.1444,0.5328,1169,38
RSC-2021-03368,v2.3.0,2021-07-09 07:12:12,46,0.036,0.8196,0.1614,0.4962,945,46
RSC-2021-03369,v2.2.1,2021-12-05 16:53:53,55,0.018,0.7821,0.121,0.5415,1317,78
RSC-2021-03370,v2.2.0,2021-01-03 11:01:02,57,0.053,0.7984,0.1415,0.4795,1586,47
RSC-2021-03371,v2.1.3,2021-12-26 10:32:30,49,0.0446,0.7816,0.1161,0.4952,988,80
RSC-2021-03372,v2.2.0,2021-06-10 05:53:22,52,0.0214,0.8219,0.1481,0.4871,902,65
RSC-2021-03373,v2.3.0,2021-05-27 07:10:54,36,0.0469,0.7916,0.1264,0.5331,965,37
RSC-2021-03374,v2.2.1,2021-04-20 02:04:56,47,0.0211,0.8253,0.1411,0.5633,1004,98
RSC-2021-03375,v2.2.1,2021-05-27 12:30:59,53,0.0555,0.8193,0.1312,0.5374,1320,123
RSC-2021-03376,v2.3.0,2021-09-05 02:36:24,40,0.1046,0.7831,0.1441,0.4823,1231,96
RSC-2021-03377,v2.2.1,2021-01-06 17:51:05,45,0.0295,0.7986,0.1519,0.5216,890,78
RSC-2021-03378,v2.3.0,2021-02-15 15:59:23,38,0.0538,0.809,0.1628,0.5053,1062,115
RSC-2021-03379,v2.2.0,2021-07-29 05:44:44,44,0.0882,0.7955,0.1363,0.494,1381,135
RSC-2021-03380,v2.2.0,2021-10-28 22:28:29,49,0.0123,0.8158,0.132,0.5299,1567,105
RSC-2021-03381,v2.3.0,2021-02-04 17:58:52,40,0.0054,0.8106,0.1381,0.5206,981,89
RSC-2021-03382,v2.2.1,2021-12-29 15:26:18,46,0.0666,0.8116,0.1481,0.5338,894,122
RSC-2021-03383,v2.1.3,2021-12-19 07:25:33,55,0.0399,0.8316,0.1421,0.5184,1240,48
RSC-2021-03384,v2.2.0,2021-07-17 22:43:30,53,0.0183,0.8103,0.1564,0.5097,1151,85
RSC-2021-03385,v2.2.0,2021-10-08 00:06:52,56,0.0353,0.822,0.1352,0.5073,1584,52
RSC-2021-03386,v2.2.1,2021-03-12 02:21:35,54,0.0438,0.7959,0.1147,0.5006,1248,21
RSC-2021-03387,v2.2.0,2021-06-23 07:45:59,51,0.0123,0.8045,0.1396,0.507,1064,82
RSC-2021-03388,v2.1.3,2021-05-23 17:36:13,49,0.0124,0.7662,0.1299,0.4915,996,72
RSC-2021-03389,v2.2.0,2021-06-13 10:01:38,34,0.0439,0.8024,0.1381,0.5291,1258,86
RSC-2021-03390,v2.1.3,2021-11-23 14:26:40,43,0.0249,0.7976,0.1354,0.5034,1272,126
RSC-2021-03391,v2.2.0,2021-02-01 18:21:26,40,0.0646,0.8279,0.1584,0.508,834,86
RSC-2021-03392,v2.1.4,2021-02-17 02:34:26,51,0.0324,0.8212,0.1377,0.4858,1328,95
RSC-2021-03393,v2.3.0,2021-02-08 02:20:55,57,0.0232,0.8212,0.1463,0.5066,1520,34
RSC-2021-03394,v2.1.3,2021-07-01 18:39:00,52,0.0079,0.8223,0.1579,0.4841,1084,89
RSC-2021-03395,v2.3.0,2021-08-10 10:30:09,37,0.0307,0.804,0.1484,0.5255,1069,134
RSC-2021-03396,v2.1.3,2021-07-15 10:12:17,39,0.0254,0.7657,0.1513,0.5426,1346,110
RSC-2021-03397,v2.2.0,2021-05-15 05:16:44,39,0.0683,0.782,0.1467,0.5483,1114,29
RSC-2021-03398,v2.1.3,2021-04-12 05:08:48,46,0.0084,0.8087,0.1641,0.5504,1257,47
RSC-2021-03399,v2.1.4,2021-05-19 11:41:15,53,0.0035,0.805,0.1349,0.5149,1158,115
RSC-2021-03400,v2.2.1,2021-09-29 19:03:46,51,0.0109,0.8017,0.1577,0.49,1038,106
RSC-2021-03401,v2.2.0,2021-03-26 01:21:43,50,0.0445,0.8295,0.1379,0.526,1581,101
RSC-2021-03402,v2.2.1,2021-10-16 23:27:22,55,0.0218,0.8174,0.1325,0.5199,1291,72
RSC-2021-03403,v2.3.0,2021-03-11 19:40:41,51,0.0245,0.8405,0.1287,0.5269,1444,120
RSC-2021-03404,v2.2.0,2021-03-20 07:51:54,40,0.0447,0.7792,0.1439,0.491,1502,131
RSC-2021-03405,v2.1.4,2021-12-26 04:18:36,57,0.0875,0.7886,0.1604,0.5224,861,76
RSC-2021-03406,v2.1.3,2021-08-10 06:49:39,38,0.0651,0.8006,0.1406,0.5255,1471,130
RSC-2021-03407,v2.2.0,2021-03-26 05:46:52,47,0.0832,0.8083,0.1735,0.5197,1433,126
RSC-2021-03408,v2.1.4,2021-01-13 19:04:51,45,0.022,0.813,0.1251,0.5016,1111,81
RSC-2021-03409,v2.2.1,2021-04-12 10:33:04,35,0.0268,0.7825,0.145,0.4993,1141,20
RSC-2021-03410,v2.1.3,2021-03-05 09:34:59,49,0.0275,0.8171,0.1682,0.5004,1206,82
RSC-2021-03411,v2.2.1,2021-03-17 19:38:37,53,0.0203,0.8318,0.1277,0.5121,1560,85
RSC-2021-03412,v2.1.3,2021-05-03 16:09:35,48,0.0574,0.835,0.1402,0.523,1526,126
RSC-2021-03413,v2.3.0,2021-06-30 05:51:10,50,0.0304,0.7744,0.1288,0.5292,1098,119
RSC-2021-03414,v2.1.3,2021-03-17 02:12:49,38,0.0627,0.8189,0.1334,0.5002,1233,70
RSC-2021-03415,v2.2.0,2021-10-23 07:22:31,49,0.0368,0.8003,0.1469,0.5365,1571,69
RSC-2021-03416,v2.1.4,2021-11-03 08:36:27,51,0.0367,0.7948,0.1412,0.4943,1198,25
RSC-2021-03417,v2.1.4,2021-10-02 05:34:46,55,0.0399,0.8363,0.1185,0.5177,1029,22
RSC-2021-03418,v2.2.0,2021-12-17 15:27:33,35,0.0683,0.7956,0.1438,0.517,1315,115
RSC-2021-03419,v2.1.3,2021-06-28 16:17:29,54,0.0053,0.8355,0.1387,0.4832,821,20
RSC-2021-03420,v2.3.0,2021-11-17 00:34:07,38,0.0491,0.8272,0.1429,0.5354,871,92
RSC-2021-03421,v2.3.0,2021-01-10 11:31:41,43,0.0657,0.8051,0.1273,0.5102,965,22
RSC-2021-03422,v2.2.1,2021-02-20 17:20:40,38,0.0436,0.8308,0.1407,0.5281,951,110
RSC-2021-03423,v2.1.3,2021-10-30 08:56:21,36,0.0302,0.81,0.1483,0.5131,1540,22
RSC-2021-03424,v2.2.0,2021-10-28 02:21:58,53,0.0416,0.8465,0.1477,0.5406,987,65
RSC-2021-03425,v2.1.4,2021-09-18 17:38:27,35,0.0354,0.8224,0.1464,0.522,1171,124
RSC-2021-03426,v2.1.3,2021-12-17 07:23:21,41,0.0218,0.8026,0.1389,0.5325,873,55
RSC-2021-03427,v2.3.0,2021-05-05 00:44:56,44,0.024,0.8386,0.1381,0.5243,803,42
RSC-2021-03428,v2.1.4,2021-04-25 06:32:35,46,0.0469,0.7922,0.126,0.5133,1134,124
RSC-2021-03429,v2.3.0,2021-05-25 07:04:26,49,0.0515,0.8185,0.1335,0.4969,1080,125
RSC-2021-03430,v2.2.0,2021-09-22 04:46:18,40,0.0225,0.8096,0.1287,0.4899,1521,99
RSC-2021-03431,v2.1.4,2021-07-24 06:39:44,38,0.071,0.8286,0.1595,0.493,1160,44
RSC-2021-03432,v2.1.4,2021-02-11 12:11:24,42,0.0161,0.8014,0.137,0.5176,1463,115
RSC-2021-03433,v2.2.1,2021-07-06 11:48:16,49,0.0245,0.8367,0.1552,0.5584,1006,74
RSC-2021-03434,v2.1.4,2021-12-19 23:07:57,49,0.07,0.8105,0.1506,0.5193,1552,129
RSC-2021-03435,v2.1.3,2021-06-14 15:47:54,54,0.0229,0.8034,0.1482,0.5212,1097,108
RSC-2021-03436,v2.1.4,2021-06-16 19:09:52,45,0.1453,0.8038,0.1497,0.4993,1568,106
RSC-2021-03437,v2.2.1,2021-07-15 18:45:19,37,0.0321,0.8098,0.1289,0.4836,1044,61
RSC-2021-03438,v2.1.4,2021-08-02 02:29:30,56,0.042,0.7933,0.1407,0.5161,1438,21
RSC-2021-03439,v2.1.4,2021-10-27 23:17:12,50,0.0548,0.8189,0.145,0.5059,1403,111
RSC-2021-03440,v2.2.0,2021-06-05 12:18:11,47,0.058,0.7871,0.1376,0.5133,878,67
RSC-2021-03441,v2.1.4,2021-12-18 14:58:37,38,0.0068,0.78,0.1455,0.4853,1582,85
RSC-2021-03442,v2.2.0,2021-06-26 11:09:39,43,0.0249,0.8298,0.153,0.5242,991,25
RSC-2021-03443,v2.1.3,2021-03-04 03:37:58,40,0.0162,0.8272,0.1316,0.5267,924,124
RSC-2021-03444,v2.3.0,2021-06-24 09:24:51,49,0.01,0.835,0.1563,0.5119,1350,68
RSC-2021-03445,v2.2.1,2021-12-18 14:38:16,45,0.0586,0.8318,0.1483,0.4998,1378,133
RSC-2021-03446,v2.2.0,2021-06-22 11:13:41,39,0.046,0.8213,0.1468,0.5656,869,68
RSC-2021-03447,v2.3.0,2021-12-20 04:07:02,34,0.0469,0.8011,0.1571,0.5452,1042,100
RSC-2021-03448,v2.3.0,2021-11-24 02:03:19,42,0.0441,0.8051,0.1355,0.4808,1367,74
RSC-2021-03449,v2.3.0,2021-12-19 20:57:47,52,0.0196,0.8511,0.1557,0.5332,826,66
RSC-2021-03450,v2.2.1,2021-08-08 15:06:16,35,0.0349,0.8002,0.1503,0.5486,1530,68
RSC-2021-03451,v2.1.3,2021-05-13 23:43:34,45,0.0464,0.8525,0.1491,0.4961,1327,43
RSC-2021-03452,v2.1.3,2021-08-28 00:41:31,55,0.0064,0.8216,0.131,0.4976,899,24
RSC-2021-03453,v2.1.3,2021-08-08 18:39:02,54,0.0328,0.8039,0.1594,0.5114,1163,68
RSC-2021-03454,v2.2.1,2021-05-14 06:51:15,41,0.0434,0.8071,0.1398,0.5339,836,110
RSC-2021-03455,v2.1.3,2021-09-04 01:45:20,42,0.0201,0.8216,0.1379,0.5006,1569,125
RSC-2021-03456,v2.2.0,2021-09-30 21:53:28,38,0.034,0.8088,0.1372,0.5292,1068,76
RSC-2021-03457,v2.3.0,2021-03-14 00:18:49,37,0.0443,0.7948,0.1258,0.5274,1071,61
RSC-2021-03458,v2.1.4,2021-01-03 02:56:42,50,0.0084,0.8038,0.1425,0.5016,1352,123
RSC-2021-03459,v2.1.3,2021-09-13 02:33:15,42,0.0144,0.807,0.1439,0.5069,930,53
RSC-2021-03460,v2.2.1,2021-08-21 01:04:46,53,0.057,0.8566,0.13,0.5227,1423,100
RSC-2021-03461,v2.3.0,2021-06-20 22:11:35,44,0.0303,0.8262,0.1481,0.53,1416,81
RSC-2021-03462,v2.2.1,2021-11-09 19:49:40,51,0.0258,0.8543,0.1317,0.5245,1378,95
RSC-2021-03463,v2.1.4,2021-12-20 23:49:53,41,0.098,0.7929,0.1367,0.5154,1327,72
RSC-2021-03464,v2.3.0,2021-04-20 03:35:59,50,0.0487,0.8245,0.1535,0.5125,1332,135
RSC-2021-03465,v2.1.3,2021-03-03 06:39:27,56,0.0249,0.7973,0.1611,0.5308,811,44
RSC-2021-03466,v2.2.0,2021-09-04 05:09:06,34,0.0351,0.8215,0.1496,0.5357,948,54
RSC-2021-03467,v2.1.3,2021-06-25 00:44:51,55,0.0093,0.8306,0.1555,0.4923,1494,43
RSC-2021-03468,v2.2.1,2021-03-23 17:41:02,57,0.0046,0.8451,0.1665,0.5253,1475,100
RSC-2021-03469,v2.1.4,2021-11-20 03:10:41,47,0.0449,0.8247,0.15,0.499,1213,52
RSC-2021-03470,v2.1.4,2021-03-24 13:43:03,44,0.0063,0.8118,0.152,0.5148,1043,49
RSC-2021-03471,v2.3.0,2021-04-25 07:27:16,56,0.0582,0.8086,0.1574,0.5127,1169,62
RSC-2021-03472,v2.1.4,2021-09-05 23:11:52,56,0.0084,0.817,0.1424,0.5127,899,92
RSC-2021-03473,v2.2.0,2021-01-07 09:46:14,43,0.0439,0.8184,0.1533,0.5056,960,71
RSC-2021-03474,v2.2.0,2021-01-14 06:26:27,39,0.0397,0.8368,0.1667,0.5124,1489,72
RSC-2021-03475,v2.1.3,2021-07-18 10:12:32,41,0.021,0.8081,0.1384,0.519,1341,120
RSC-2021-03476,v2.2.1,2021-05-07 06:32:01,44,0.0233,0.8203,0.1418,0.4929,1038,98
RSC-2021-03477,v2.3.0,2021-08-02 10:34:30,51,0.0395,0.822,0.1385,0.5219,1281,35
RSC-2021-03478,v2.2.1,2021-10-14 18:37:36,46,0.0393,0.8113,0.1402,0.4811,1129,20
RSC-2021-03479,v2.2.0,2021-03-02 01:47:42,38,0.0285,0.8084,0.153,0.5042,1126,83
RSC-2021-03480,v2.2.1,2021-01-01 06:55:50,44,0.0224,0.8237,0.1502,0.5183,1145,71
RSC-2021-03481,v2.3.0,2021-03-11 07:56:08,52,0.044,0.8281,0.1311,0.4867,1127,64
RSC-2021-03482,v2.3.0,2021-01-21 07:43:26,44,0.0218,0.8036,0.1264,0.4976,948,63
RSC-2021-03483,v2.1.4,2021-08-30 15:31:26,36,0.0304,0.82,0.16,0.5075,1423,103
RSC-2021-03484,v2.1.4,2021-01-21 22:08:00,39,0.0256,0.8168,0.1562,0.5223,948,47
RSC-2021-03485,v2.2.0,2021-03-19 11:55:11,39,0.0202,0.8311,0.1632,0.5136,1022,47
RSC-2021-03486,v2.1.4,2021-10-28 17:16:33,38,0.0514,0.7966,0.1439,0.5026,1471,81
RSC-2021-03487,v2.1.3,2021-03-10 04:18:53,57,0.0026,0.8,0.1496,0.5343,1512,95
RSC-2021-03488,v2.2.0,2021-06-10 08:59:28,37,0.0444,0.8227,0.1679,0.5615,1124,21
RSC-2021-03489,v2.2.0,2021-07-23 11:04:07,39,0.0521,0.8131,0.1445,0.512,1386,27
RSC-2021-03490,v2.2.1,2021-11-10 11:49:43,52,0.0103,0.81,0.1504,0.5619,946,119
RSC-2021-03491,v2.2.0,2021-12-14 17:02:46,53,0.0218,0.811,0.1624,0.5379,985,66
RSC-2021-03492,v2.1.4,2021-01-20 15:13:57,38,0.0293,0.8122,0.1594,0.5165,840,81
RSC-2021-03493,v2.2.1,2021-08-03 03:26:58,45,0.0356,0.836,0.1454,0.5198,1524,66
RSC-2021-03494,v2.1.3,2021-03-02 19:51:27,50,0.0385,0.797,0.1311,0.4935,1434,74
RSC-2021-03495,v2.2.1,2021-11-10 04:26:05,57,0.0266,0.7893,0.1415,0.495,912,134
RSC-2021-03496,v2.1.4,2021-04-02 01:07:44,37,0.0377,0.7913,0.1507,0.512,818,99
RSC-2021-03497,v2.1.3,2021-07-27 03:34:11,49,0.016,0.8339,0.151,0.5269,1421,27
RSC-2021-03498,v2.1.3,2021-06-13 12:50:47,56,0.0887,0.7802,0.1547,0.5053,1517,33
RSC-2021-03499,v2.2.1,2021-02-25 04:00:12,37,0.0327,0.8189,0.1343,0.5144,902,121
RSC-2021-03500,v2.2.0,2021-07-13 11:14:10,41,0.02,0.7942,0.1565,0.5139,868,27
RSC-2021-03501,v2.2.0,2021-11-05 06:26:42,48,0.0203,0.8151,0.1522,0.5148,875,74
RSC-2021-03502,v2.1.3,2021-07-16 05:07:43,36,0.0439,0.8319,0.1529,0.5102,1361,114
RSC-2021-03503,v2.2.1,2021-11-13 03:21:57,42,0.0203,0.7991,0.1417,0.5074,855,44
RSC-2021-03504,v2.1.4,2021-08-16 09:53:48,49,0.0328,0.8364,0.1307,0.5106,831,69
RSC-2021-03505,v2.3.0,2021-03-10 01:53:57,49,0.0271,0.7965,0.1353,0.5354,947,43
RSC-2021-03506,v2.1.3,2021-12-05 21:03:28,48,0.0424,0.8335,0.1499,0.504,1246,32
RSC-2021-03507,v2.3.0,2021-07-16 05:37:42,48,0.0525,0.7994,0.1447,0.5369,1432,77
RSC-2021-03508,v2.2.1,2021-12-06 22:34:06,42,0.07,0.7884,0.1404,0.4962,1159,60
RSC-2021-03509,v2.2.0,2021-10-20 00:32:39,44,0.0729,0.7979,0.1494,0.5311,1262,49
RSC-2021-03510,v2.1.3,2021-06-23 05:47:21,43,0.0376,0.7811,0.1525,0.5097,858,60
RSC-2021-03511,v2.1.4,2021-09-25 09:56:50,41,0.0269,0.8343,0.1602,0.4876,1448,114
RSC-2021-03512,v2.2.0,2021-01-13 09:43:53,50,0.0271,0.8303,0.1354,0.5258,1039,74
RSC-2021-03513,v2.2.0,2021-10-01 04:30:20,34,0.0925,0.8175,0.166,0.4746,1587,135
RSC-2021-03514,v2.2.0,2021-08-24 16:30:08,51,0.0137,0.8107,0.1526,0.4596,1188,36
RSC-2021-03515,v2.1.3,2021-01-19 13:25:06,54,0.0361,0.7972,0.1393,0.502,890,55
RSC-2021-03516,v2.3.0,2021-10-17 18:46:11,55,0.0374,0.8153,0.1324,0.5309,1178,130
RSC-2021-03517,v2.3.0,2021-05-03 21:38:08,36,0.0187,0.8183,0.1465,0.5076,1341,40
RSC-2021-03518,v2.1.3,2021-10-05 15:07:03,53,0.0552,0.8381,0.1512,0.4817,957,102
RSC-2021-03519,v2.2.1,2021-05-15 17:39:29,53,0.0267,0.8326,0.1492,0.5112,999,59
RSC-2021-03520,v2.2.0,2021-11-16 22:59:28,56,0.048,0.8188,0.1519,0.5126,1266,136
RSC-2021-03521,v2.1.4,2021-11-09 17:30:56,40,0.0385,0.8387,0.1512,0.4732,963,127
RSC-2021-03522,v2.3.0,2021-03-26 14:37:50,43,0.0393,0.7882,0.1385,0.5351,835,112
RSC-2021-03523,v2.2.1,2021-04-13 07:07:24,44,0.0411,0.8138,0.1504,0.4892,986,112
RSC-2021-03524,v2.2.1,2021-07-01 23:33:53,53,0.0811,0.8124,0.1434,0.5084,866,128
RSC-2021-03525,v2.1.3,2021-12-31 01:24:52,38,0.0828,0.8032,0.1386,0.5003,1179,37
RSC-2021-03526,v2.1.3,2021-06-24 00:59:49,55,0.0363,0.78,0.1332,0.5143,876,106
RSC-2021-03527,v2.1.4,2021-03-09 03:46:41,57,0.0529,0.7968,0.1427,0.4903,1395,55
RSC-2021-03528,v2.2.1,2021-05-21 16:40:43,52,0.0333,0.8464,0.1327,0.4842,858,104
RSC-2021-03529,v2.3.0,2021-04-28 01:14:01,50,0.044,0.8122,0.1356,0.5215,1353,69
RSC-2021-03530,v2.2.0,2021-12-31 12:48:11,41,0.0675,0.7972,0.1493,0.4701,810,48
RSC-2021-03531,v2.1.4,2021-09-11 05:51:35,52,0.0661,0.8183,0.135,0.4803,1356,133
RSC-2021-03532,v2.2.1,2021-12-14 08:03:01,46,0.041,0.7967,0.1551,0.4941,1108,25
RSC-2021-03533,v2.3.0,2021-11-20 11:13:19,41,0.0698,0.8407,0.1144,0.5222,1425,110
RSC-2021-03534,v2.2.1,2021-05-07 16:50:39,41,0.0577,0.8432,0.1344,0.5483,1191,73
RSC-2021-03535,v2.2.1,2021-09-30 03:04:39,43,0.0058,0.807,0.1583,0.4854,1141,48
RSC-2021-03536,v2.1.4,2021-08-25 22:02:13,51,0.0126,0.7929,0.1552,0.526,1256,38
RSC-2021-03537,v2.3.0,2021-06-07 19:18:41,55,0.0352,0.8262,0.142,0.4999,1415,102
RSC-2021-03538,v2.3.0,2021-11-14 23:49:04,42,0.036,0.8188,0.1403,0.5014,879,102
RSC-2021-03539,v2.1.3,2021-09-19 15:23:44,48,0.0036,0.8137,0.1337,0.5283,1437,92
RSC-2021-03540,v2.1.4,2021-02-08 16:59:02,57,0.0072,0.8154,0.1527,0.5379,856,118
RSC-2021-03541,v2.1.4,2021-03-13 16:27:06,55,0.0266,0.7801,0.1541,0.4949,1559,130
RSC-2021-03542,v2.2.0,2021-10-23 05:49:45,42,0.0261,0.8223,0.1524,0.5025,1450,100
RSC-2021-03543,v2.1.4,2021-02-08 05:21:03,50,0.0604,0.8096,0.1313,0.5063,877,135
RSC-2021-03544,v2.3.0,2021-07-28 22:43:51,35,0.0096,0.7909,0.1472,0.4696,1354,54
RSC-2021-03545,v2.2.0,2021-08-10 08:25:16,43,0.0636,0.8267,0.1256,0.5295,1461,108
RSC-2021-03546,v2.1.3,2021-06-13 01:26:20,47,0.0115,0.8189,0.1564,0.5138,1437,139
RSC-2021-03547,v2.2.0,2021-01-04 11:04:03,46,0.0153,0.8221,0.1363,0.5108,838,94
RSC-2021-03548,v2.2.1,2021-04-24 08:39:54,41,0.0183,0.8003,0.146,0.5279,1264,116
RSC-2021-03549,v2.1.4,2021-07-26 01:29:51,41,0.0255,0.8273,0.1434,0.5203,894,89
RSC-2021-03550,v2.1.4,2021-04-21 08:10:52,51,0.019,0.8123,0.133,0.5055,984,59
RSC-2021-03551,v2.3.0,2021-05-11 06:38:10,55,0.0373,0.7941,0.123,0.5075,1041,60
RSC-2021-03552,v2.3.0,2021-03-18 19:03:24,51,0.0452,0.817,0.1662,0.5136,1580,118
RSC-2021-03553,v2.1.3,2021-06-30 12:10:05,54,0.0797,0.7944,0.1,0.5344,1071,56
RSC-2021-03554,v2.1.4,2021-04-10 23:31:22,55,0.021,0.8116,0.14,0.4933,1170,108
RSC-2021-03555,v2.1.3,2021-09-28 13:27:41,37,0.0322,0.8261,0.1458,0.4908,1189,104
RSC-2021-03556,v2.1.3,2021-09-01 15:57:32,35,0.0412,0.8251,0.1215,0.5235,1500,36
RSC-2021-03557,v2.2.0,2021-01-11 07:14:14,35,0.031,0.787,0.1512,0.5358,1162,138
RSC-2021-03558,v2.3.0,2021-08-27 03:45:13,41,0.0352,0.8235,0.1517,0.5231,1247,39
RSC-2021-03559,v2.1.4,2021-05-05 01:12:16,39,0.0337,0.7798,0.1595,0.5074,1414,81
RSC-2021-03560,v2.1.4,2021-11-16 21:41:11,38,0.0586,0.8039,0.1498,0.4773,1015,90
RSC-2021-03561,v2.2.0,2021-01-25 18:39:31,36,0.0617,0.8314,0.1413,0.493,948,46
RSC-2021-03562,v2.1.3,2021-12-08 17:00:17,53,0.0703,0.8236,0.1468,0.518,827,136
RSC-2021-03563,v2.2.1,2021-11-05 01:23:59,46,0.0577,0.789,0.1455,0.551,941,83
RSC-2021-03564,v2.2.1,2021-04-28 20:20:58,42,0.0287,0.8125,0.1319,0.5124,1074,83
RSC-2021-03565,v2.1.3,2021-11-27 14:00:25,41,0.0177,0.7976,0.1379,0.5078,858,49
RSC-2021-03566,v2.1.3,2021-06-08 16:07:19,55,0.0318,0.8207,0.1546,0.521,1588,129
RSC-2021-03567,v2.1.4,2021-06-26 18:31:58,46,0.0421,0.7843,0.1423,0.5045,1429,43
RSC-2021-03568,v2.3.0,2021-12-25 06:07:58,49,0.0405,0.8388,0.1319,0.5623,1232,82
RSC-2021-03569,v2.1.3,2021-07-16 22:11:24,36,0.0321,0.7859,0.1415,0.5132,995,115
RSC-2021-03570,v2.2.1,2021-04-15 21:03:32,41,0.0178,0.8363,0.1274,0.4831,1496,131
RSC-2021-03571,v2.3.0,2021-09-11 16:14:18,38,0.0208,0.8307,0.148,0.5061,1444,137
RSC-2021-03572,v2.3.0,2021-03-04 23:06:32,40,0.0117,0.8331,0.1599,0.5025,866,28
RSC-2021-03573,v2.2.0,2021-11-08 11:01:09,42,0.0183,0.8135,0.1506,0.4579,1024,93
RSC-2021-03574,v2.1.3,2021-07-20 08:50:55,36,0.1061,0.8288,0.1582,0.4999,1553,91
RSC-2021-03575,v2.1.4,2021-10-26 08:37:21,57,0.0116,0.8313,0.1503,0.4798,1290,50
RSC-2021-03576,v2.1.3,2021-09-07 05:40:13,54,0.0771,0.8138,0.1594,0.5452,802,59
RSC-2021-03577,v2.2.0,2021-05-04 01:23:18,47,0.0076,0.8263,0.1439,0.5249,878,32
RSC-2021-03578,v2.1.3,2021-02-25 00:42:14,46,0.0269,0.8134,0.1448,0.4812,1188,114
RSC-2021-03579,v2.2.0,2021-12-26 20:04:53,40,0.0447,0.8173,0.1283,0.5326,1124,43
RSC-2021-03580,v2.2.0,2021-09-17 15:01:47,50,0.0419,0.825,0.1611,0.5203,847,126
RSC-2021-03581,v2.1.4,2021-05-02 10:57:45,34,0.014,0.8,0.1437,0.5007,1543,42
RSC-2021-03582,v2.2.0,2021-02-01 02:19:30,36,0.1029,0.8214,0.1596,0.4896,1402,27
RSC-2021-03583,v2.2.0,2021-12-16 04:11:09,35,0.0582,0.8229,0.1612,0.5283,1240,119
RSC-2021-03584,v2.1.4,2021-09-06 00:22:24,38,0.0052,0.8244,0.1548,0.5322,1474,111
RSC-2021-03585,v2.2.0,2021-02-25 05:02:52,54,0.0813,0.8213,0.1366,0.4917,1105,78
RSC-2021-03586,v2.2.0,2021-05-20 17:12:57,48,0.0345,0.8461,0.1451,0.4873,1014,52
RSC-2021-03587,v2.1.4,2021-11-25 23:06:11,40,0.0554,0.8245,0.1517,0.5122,1024,132
RSC-2021-03588,v2.2.0,2021-01-17 17:21:46,38,0.0201,0.8106,0.1373,0.5043,1261,76
RSC-2021-03589,v2.2.1,2021-11-10 02:19:09,52,0.027,0.844,0.1405,0.4906,1530,116
RSC-2021-03590,v2.1.4,2021-04-17 07:05:57,41,0.0175,0.8037,0.1553,0.5006,1058,41
RSC-2021-03591,v2.1.3,2021-02-16 01:45:07,56,0.0419,0.8166,0.1289,0.539,1307,59
RSC-2021-03592,v2.3.0,2021-01-03 00:21:48,34,0.0242,0.7929,0.1631,0.492,1086,103
RSC-2021-03593,v2.1.4,2021-01-08 22:13:15,42,0.0139,0.8286,0.1475,0.5053,843,95
RSC-2021-03594,v2.1.4,2021-11-07 16:56:35,46,0.0165,0.8191,0.146,0.5205,993,22
RSC-2021-03595,v2.3.0,2021-11-06 22:03:38,49,0.1067,0.8215,0.1382,0.5178,1571,36
RSC-2021-03596,v2.3.0,2021-07-17 23:00:12,50,0.0319,0.8054,0.1448,0.5081,905,120
RSC-2021-03597,v2.3.0,2021-12-29 23:58:31,43,0.028,0.8207,0.1618,0.5156,1565,65
RSC-2021-03598,v2.1.3,2021-04-02 23:06:50,39,0.0373,0.8364,0.118,0.5161,1349,42
RSC-2021-03599,v2.1.3,2021-05-29 05:20:24,42,0.0041,0.8186,0.1398,0.4788,1417,109
RSC-2021-03600,v2.1.4,2021-04-15 22:12:07,43,0.0249,0.8027,0.1423,0.5189,1205,98
RSC-2021-03601,v2.3.0,2021-12-22 08:40:00,49,0.0102,0.8208,0.1246,0.5083,1149,103
RSC-2021-03602,v2.2.1,2021-09-25 09:28:18,35,0.0659,0.8386,0.137,0.4976,800,108
RSC-2021-03603,v2.2.0,2021-05-11 12:14:43,55,0.0689,0.7895,0.1472,0.4887,853,109
RSC-2021-03604,v2.2.1,2021-06-17 09:34:49,47,0.0553,0.8274,0.1408,0.4654,1166,137
RSC-2021-03605,v2.2.0,2021-11-20 22:02:42,39,0.1302,0.7963,0.152,0.4979,1110,84
RSC-2021-03606,v2.3.0,2021-10-12 18:53:40,42,0.0554,0.8127,0.1373,0.5364,974,127
RSC-2021-03607,v2.1.3,2021-07-24 08:49:55,38,0.0193,0.8283,0.1483,0.5211,1237,93
RSC-2021-03608,v2.3.0,2021-08-11 12:07:48,45,0.0615,0.8212,0.1498,0.5356,1260,49
RSC-2021-03609,v2.3.0,2021-08-26 12:57:04,42,0.0211,0.7813,0.1488,0.4984,1262,70
RSC-2021-03610,v2.1.4,2021-05-04 06:15:46,44,0.0565,0.8018,0.1597,0.5059,1338,81
RSC-2021-03611,v2.3.0,2021-11-27 14:05:43,37,0.018,0.8327,0.1237,0.4796,1461,98
RSC-2021-03612,v2.2.1,2021-03-13 09:40:07,46,0.0297,0.7966,0.1466,0.5063,839,70
RSC-2021-03613,v2.2.1,2021-06-14 14:43:58,56,0.0507,0.795,0.1286,0.523,812,69
RSC-2021-03614,v2.1.3,2021-04-23 17:39:49,38,0.04,0.8206,0.1503,0.5271,1453,91
RSC-2021-03615,v2.2.1,2021-07-07 08:43:28,39,0.0367,0.8298,0.1279,0.4887,1333,103
RSC-2021-03616,v2.3.0,2021-08-13 09:50:13,52,0.0094,0.8001,0.1586,0.5295,1405,56
RSC-2021-03617,v2.3.0,2021-11-12 00:55:39,55,0.0782,0.8117,0.1269,0.5243,1331,49
RSC-2021-03618,v2.1.4,2021-05-08 09:56:39,37,0.0021,0.8163,0.1509,0.5191,1359,50
RSC-2021-03619,v2.1.4,2021-07-22 16:08:40,57,0.0356,0.8177,0.1392,0.5033,1287,36
RSC-2021-03620,v2.1.3,2021-09-15 20:12:48,57,0.093,0.8021,0.1559,0.5277,1166,26
RSC-2021-03621,v2.1.3,2021-09-06 18:13:17,37,0.0338,0.7988,0.1291,0.5114,1169,73
RSC-2021-03622,v2.3.0,2021-02-24 04:15:08,54,0.0209,0.8541,0.1529,0.5109,1526,107
RSC-2021-03623,v2.3.0,2021-02-27 11:51:12,40,0.0454,0.8243,0.1402,0.486,1178,28
RSC-2021-03624,v2.2.1,2021-12-26 03:29:50,46,0.0208,0.8192,0.1381,0.4624,1311,127
RSC-2021-03625,v2.1.3,2021-06-11 15:43:14,34,0.0241,0.814,0.1321,0.499,930,131
RSC-2021-03626,v2.2.1,2021-09-05 19:21:18,51,0.0394,0.8254,0.1382,0.5207,1421,118
RSC-2021-03627,v2.1.4,2021-06-09 00:20:53,36,0.0818,0.8235,0.1323,0.5144,1206,69
RSC-2021-03628,v2.1.3,2021-01-18 09:28:04,53,0.0473,0.7923,0.1472,0.4858,1091,88
RSC-2021-03629,v2.3.0,2021-10-07 09:34:41,44,0.0485,0.8124,0.14,0.5056,1149,92
RSC-2021-03630,v2.3.0,2021-08-17 16:30:49,43,0.1082,0.8034,0.1109,0.5225,1194,25
RSC-2021-03631,v2.1.4,2021-04-28 17:37:38,57,0.0379,0.7988,0.1477,0.5082,1521,108
RSC-2021-03632,v2.1.4,2021-04-04 18:24:18,41,0.0407,0.786,0.1439,0.5134,1155,30
RSC-2021-03633,v2.2.1,2021-07-19 16:42:57,57,0.0263,0.8319,0.1623,0.502,1044,125
RSC-2021-03634,v2.3.0,2021-07-13 03:02:03,47,0.0405,0.839,0.1595,0.5188,971,62
RSC-2021-03635,v2.3.0,2021-09-15 12:17:21,36,0.0717,0.8037,0.1624,0.5308,1539,80
RSC-2021-03636,v2.3.0,2021-08-23 08:45:53,50,0.0687,0.8494,0.1504,0.5146,1537,26
RSC-2021-03637,v2.3.0,2021-11-18 14:28:19,38,0.0424,0.7985,0.1504,0.4889,1101,109
RSC-2021-03638,v2.3.0,2021-01-06 20:47:01,52,0.0074,0.8004,0.1078,0.5171,913,56
RSC-2021-03639,v2.2.0,2021-01-16 00:04:10,47,0.032,0.7735,0.1482,0.5228,1346,110
RSC-2021-03640,v2.3.0,2021-07-27 09:44:28,54,0.0151,0.8357,0.1288,0.5004,859,90
RSC-2021-03641,v2.2.0,2021-11-29 05:51:39,45,0.0146,0.8236,0.1376,0.5002,1253,60
RSC-2021-03642,v2.3.0,2021-02-11 16:09:10,54,0.0188,0.8158,0.1425,0.4857,1243,94
RSC-2021-03643,v2.3.0,2021-05-09 04:05:31,48,0.0884,0.8365,0.1368,0.5145,1444,47
RSC-2021-03644,v2.2.1,2021-11-28 11:05:42,47,0.0355,0.8174,0.1471,0.5312,1041,32
RSC-2021-03645,v2.1.4,2021-11-26 19:55:46,36,0.0541,0.8058,0.135,0.484,1501,48
RSC-2021-03646,v2.1.4,2021-04-25 02:52:19,37,0.1326,0.8125,0.1349,0.483,1234,91
RSC-2021-03647,v2.1.3,2021-09-08 00:48:31,40,0.026,0.7981,0.1579,0.5167,1210,132
RSC-2021-03648,v2.3.0,2021-01-02 04:17:33,40,0.0323,0.846,0.1375,0.5194,1541,84
RSC-2021-03649,v2.1.4,2021-03-20 16:04:23,45,0.0438,0.7951,0.1421,0.5643,1104,101
RSC-2021-03650,v2.2.0,2021-08-18 19:01:47,45,0.0373,0.7914,0.1398,0.5046,854,32
RSC-2021-03651,v2.3.0,2021-05-27 21:37:48,50,0.0376,0.8177,0.1313,0.5355,1501,90
RSC-2021-03652,v2.3.0,2021-01-03 05:36:45,54,0.0482,0.8246,0.1195,0.5301,837,67
RSC-2021-03653,v2.3.0,2021-08-01 18:15:18,38,0.1029,0.8164,0.1511,0.5273,819,104
RSC-2021-03654,v2.1.3,2021-06-25 16:25:33,42,0.0978,0.7986,0.1556,0.5025,1438,116
RSC-2021-03655,v2.2.1,2021-10-04 23:58:00,57,0.0296,0.7884,0.1347,0.5355,1017,84
RSC-2021-03656,v2.2.0,2021-03-25 04:32:01,51,0.0781,0.8048,0.1535,0.4779,1514,129
RSC-2021-03657,v2.1.4,2021-09-10 04:20:39,53,0.051,0.8111,0.1485,0.5243,1105,71
RSC-2021-03658,v2.2.1,2021-10-28 04:28:23,45,0.1133,0.7856,0.1336,0.5242,1319,86
RSC-2021-03659,v2.1.3,2021-09-10 17:51:03,45,0.027,0.8073,0.1521,0.5068,1166,107
RSC-2021-03660,v2.3.0,2021-05-28 08:34:23,46,0.0995,0.8024,0.1289,0.5255,1216,135
RSC-2021-03661,v2.3.0,2021-06-19 19:12:53,43,0.0264,0.8157,0.1411,0.5297,937,70
RSC-2021-03662,v2.2.1,2021-07-12 19:55:01,51,0.0277,0.7803,0.1256,0.4795,1367,137
RSC-2021-03663,v2.2.1,2021-10-24 12:04:41,46,0.0234,0.8007,0.1436,0.5129,1338,110
RSC-2021-03664,v2.1.4,2021-07-29 15:01:30,49,0.0141,0.7827,0.1427,0.5334,1267,136
RSC-2021-03665,v2.2.0,2021-02-15 07:58:09,49,0.0473,0.8131,0.1442,0.4976,1025,41
RSC-2021-03666,v2.1.3,2021-05-05 02:44:49,42,0.0159,0.8101,0.1381,0.504,1493,33
RSC-2021-03667,v2.1.4,2021-10-27 12:19:35,35,0.1099,0.8509,0.1423,0.5141,1219,106
RSC-2021-03668,v2.3.0,2021-09-28 17:11:01,34,0.0335,0.8163,0.143,0.4923,1138,48
RSC-2021-03669,v2.1.3,2021-08-02 01:52:58,53,0.0481,0.8334,0.1437,0.5014,1335,42
RSC-2021-03670,v2.1.3,2021-09-06 16:24:26,47,0.0795,0.8228,0.1418,0.5357,1012,63
RSC-2021-03671,v2.3.0,2021-11-04 19:37:51,54,0.0416,0.8085,0.1315,0.5262,959,120
RSC-2021-03672,v2.2.0,2021-09-22 14:13:11,42,0.0176,0.8177,0.1412,0.4972,1121,84
RSC-2021-03673,v2.1.4,2021-10-14 05:10:57,54,0.0129,0.8034,0.1446,0.5383,956,96
RSC-2021-03674,v2.2.1,2021-05-02 15:22:16,46,0.0409,0.8527,0.1398,0.524,1400,103
RSC-2021-03675,v2.1.4,2021-08-24 07:31:58,36,0.0372,0.8032,0.1384,0.4882,1257,25
RSC-2021-03676,v2.2.1,2021-06-12 22:03:57,55,0.028,0.8027,0.1527,0.5297,916,102
RSC-2021-03677,v2.2.1,2021-04-07 10:29:46,40,0.0795,0.7925,0.1596,0.4865,1426,133
RSC-2021-03678,v2.2.0,2021-03-09 17:04:22,54,0.0392,0.801,0.1382,0.5277,881,53
RSC-2021-03679,v2.3.0,2021-06-04 21:56:21,37,0.024,0.8267,0.1555,0.4818,1112,64
RSC-2021-03680,v2.2.0,2021-04-21 16:26:42,40,0.0347,0.8031,0.1464,0.5092,911,30
RSC-2021-03681,v2.2.1,2021-04-04 17:30:57,50,0.0143,0.8188,0.149,0.5352,1500,70
RSC-2021-03682,v2.3.0,2021-04-30 20:38:34,52,0.063,0.8039,0.1422,0.4861,1132,30
RSC-2021-03683,v2.1.3,2021-02-19 22:00:47,35,0.0128,0.8246,0.1629,0.4725,1452,90
RSC-2021-03684,v2.1.4,2021-06-04 15:31:34,55,0.0424,0.783,0.1446,0.4857,1434,99
RSC-2021-03685,v2.2.0,2021-04-10 14:09:09,51,0.0391,0.8282,0.1405,0.4991,1590,62
RSC-2021-03686,v2.2.1,2021-06-15 02:18:04,41,0.0243,0.7764,0.138,0.5127,1380,139
RSC-2021-03687,v2.3.0,2021-06-21 01:53:53,37,0.0326,0.8452,0.1129,0.533,1455,123
RSC-2021-03688,v2.1.3,2021-03-23 06:54:46,54,0.0698,0.7942,0.1532,0.5077,1356,26
RSC-2021-03689,v2.3.0,2021-08-14 19:16:40,49,0.0076,0.8222,0.1478,0.5433,1301,38
RSC-2021-03690,v2.2.0,2021-03-07 20:45:40,56,0.0529,0.819,0.1485,0.5111,843,31
RSC-2021-03691,v2.2.1,2021-11-29 21:23:15,51,0.0188,0.7939,0.1529,0.5062,974,65
RSC-2021-03692,v2.1.3,2021-05-26 04:57:38,44,0.058,0.8132,0.142,0.5261,1412,21
RSC-2021-03693,v2.1.3,2021-11-22 19:08:44,46,0.0072,0.7851,0.1522,0.5219,1075,71
RSC-2021-03694,v2.1.3,2021-04-24 14:03:56,42,0.0115,0.8393,0.1487,0.4807,1595,55
RSC-2021-03695,v2.2.1,2021-12-13 06:08:59,55,0.0249,0.8394,0.137,0.4784,999,76
RSC-2021-03696,v2.2.0,2021-07-03 18:21:05,34,0.0181,0.791,0.1499,0.5435,1006,108
RSC-2021-03697,v2.3.0,2021-06-01 00:53:49,34,0.0108,0.8115,0.1362,0.5257,1294,73
RSC-2021-03698,v2.2.0,2021-03-25 12:22:57,39,0.0245,0.84,0.1339,0.5353,1509,21
RSC-2021-03699,v2.1.3,2021-02-27 16:05:10,46,0.0176,0.7926,0.144,0.5053,1125,70
RSC-2021-03700,v2.1.3,2021-05-09 10:38:54,39,0.023,0.8116,0.128,0.4928,1524,132
RSC-2021-03701,v2.1.4,2021-05-23 12:55:27,49,0.011,0.8338,0.1439,0.5477,1565,139
RSC-2021-03702,v2.3.0,2021-01-04 09:37:15,46,0.0325,0.8248,0.1333,0.5244,1398,112
RSC-2021-03703,v2.1.3,2021-08-21 04:58:23,38,0.02,0.801,0.1431,0.4926,1094,139
RSC-2021-03704,v2.2.0,2021-07-06 04:15:43,48,0.0237,0.8088,0.1496,0.501,1224,66
RSC-2021-03705,v2.2.0,2021-05-25 07:57:25,50,0.0021,0.8047,0.1559,0.4898,1173,137
RSC-2021-03706,v2.2.0,2021-08-11 20:04:05,49,0.0491,0.8316,0.145,0.488,889,22
RSC-2021-03707,v2.2.0,2021-05-05 16:09:43,38,0.0849,0.8223,0.1521,0.5166,823,37
RSC-2021-03708,v2.2.1,2021-12-10 23:31:32,49,0.0606,0.7999,0.1286,0.5314,1244,57
RSC-2021-03709,v2.1.3,2021-04-18 17:23:13,57,0.0394,0.808,0.1489,0.5025,941,87
RSC-2021-03710,v2.1.4,2021-02-12 21:11:39,38,0.0273,0.8015,0.1558,0.4919,872,114
RSC-2021-03711,v2.2.1,2021-11-02 02:34:17,48,0.021,0.7955,0.1413,0.5312,1408,56
RSC-2021-03712,v2.2.1,2021-03-14 00:39:13,39,0.0066,0.7956,0.1343,0.5289,1105,67
RSC-2021-03713,v2.1.3,2021-06-27 20:35:28,51,0.0541,0.8114,0.1472,0.4993,1412,21
RSC-2021-03714,v2.3.0,2021-05-10 18:16:02,48,0.067,0.8232,0.137,0.5446,1342,137
RSC-2021-03715,v2.3.0,2021-06-09 21:46:42,48,0.0363,0.8331,0.1306,0.5125,1512,56
RSC-2021-03716,v2.1.4,2021-11-25 05:44:24,45,0.0863,0.8256,0.1529,0.4917,1498,23
RSC-2021-03717,v2.1.3,2021-09-20 01:03:50,55,0.0413,0.8169,0.1566,0.4867,1108,53
RSC-2021-03718,v2.1.4,2021-10-12 08:40:30,39,0.0868,0.8273,0.1273,0.5358,1371,80
RSC-2021-03719,v2.1.3,2021-09-02 18:53:30,35,0.022,0.7652,0.1403,0.5451,1598,84
RSC-2021-03720,v2.3.0,2021-08-16 22:04:15,57,0.0597,0.8282,0.1729,0.5117,1211,136
RSC-2021-03721,v2.1.4,2021-04-10 13:04:36,47,0.0983,0.7875,0.1541,0.558,1066,113
RSC-2021-03722,v2.2.1,2021-04-21 22:57:05,44,0.0623,0.8357,0.1356,0.491,867,111
RSC-2021-03723,v2.1.3,2021-01-02 14:13:36,53,0.0211,0.8101,0.1564,0.4973,1074,122
RSC-2021-03724,v2.2.0,2021-12-02 16:06:57,55,0.0466,0.8314,0.153,0.5167,806,46
RSC-2021-03725,v2.2.1,2021-05-09 22:12:15,47,0.0082,0.8163,0.1383,0.5209,919,81
RSC-2021-03726,v2.1.4,2021-03-30 16:49:12,44,0.0439,0.789,0.1275,0.4779,1559,93
RSC-2021-03727,v2.2.1,2021-01-29 21:29:54,34,0.011,0.7896,0.165,0.5038,1422,68
RSC-2021-03728,v2.1.4,2021-08-19 12:28:19,51,0.0221,0.8098,0.1472,0.5544,825,25
RSC-2021-03729,v2.1.3,2021-01-03 05:16:28,41,0.0589,0.8216,0.1282,0.5134,1271,31
RSC-2021-03730,v2.3.0,2021-04-10 01:19:06,47,0.0751,0.8054,0.1565,0.5021,972,110
RSC-2021-03731,v2.2.0,2021-06-26 22:57:58,47,0.0475,0.8245,0.1297,0.5369,1348,70
RSC-2021-03732,v2.1.4,2021-07-29 16:30:09,43,0.0223,0.8355,0.1364,0.5012,1478,48
RSC-2021-03733,v2.1.4,2021-06-10 07:06:01,54,0.0266,0.8226,0.1355,0.5225,929,65
RSC-2021-03734,v2.1.3,2021-04-10 03:37:47,55,0.017,0.8169,0.1441,0.5391,1327,106
RSC-2021-03735,v2.2.0,2021-07-02 22:34:18,38,0.0199,0.7715,0.1605,0.5081,1461,94
RSC-2021-03736,v2.1.4,2021-08-29 09:44:53,34,0.0485,0.8013,0.1458,0.5674,809,29
RSC-2021-03737,v2.2.1,2021-05-07 14:24:05,55,0.0141,0.7872,0.1353,0.5388,1177,71
RSC-2021-03738,v2.1.3,2021-11-16 18:12:28,45,0.0209,0.8253,0.1431,0.5267,951,113
RSC-2021-03739,v2.2.0,2021-11-06 18:04:48,46,0.0492,0.8149,0.1412,0.5079,1119,102
RSC-2021-03740,v2.3.0,2021-07-25 14:52:41,42,0.0752,0.7883,0.1568,0.5068,1029,131
RSC-2021-03741,v2.2.0,2021-04-29 23:17:26,39,0.0259,0.7922,0.1507,0.4938,1187,81
RSC-2021-03742,v2.2.0,2021-11-08 23:41:34,51,0.0279,0.7853,0.1521,0.4889,1391,61
RSC-2021-03743,v2.2.0,2021-03-08 07:09:34,57,0.0285,0.793,0.138,0.4748,1428,133
RSC-2021-03744,v2.1.4,2021-01-08 21:53:57,37,0.0308,0.8308,0.1542,0.5033,856,30
RSC-2021-03745,v2.2.0,2021-12-06 09:37:37,51,0.047,0.8174,0.1481,0.4722,1513,139
RSC-2021-03746,v2.2.0,2021-10-16 09:32:57,35,0.0089,0.8138,0.1533,0.4805,1072,80
RSC-2021-03747,v2.3.0,2021-11-24 05:06:22,34,0.0616,0.7768,0.1672,0.5263,1111,52
RSC-2021-03748,v2.1.4,2021-04-06 19:28:15,40,0.0613,0.796,0.139,0.5113,1146,56
RSC-2021-03749,v2.1.4,2021-05-02 19:12:50,47,0.0485,0.8176,0.1852,0.5426,899,71
RSC-2021-03750,v2.2.0,2021-11-22 17:02:23,51,0.0574,0.7963,0.1364,0.5153,1321,83
RSC-2021-03751,v2.1.3,2021-06-23 21:47:13,35,0.0257,0.8337,0.1374,0.4981,1056,45
RSC-2021-03752,v2.1.3,2021-02-01 01:19:20,53,0.0735,0.8229,0.1394,0.4938,933,22
RSC-2021-03753,v2.1.4,2021-05-22 14:46:40,39,0.0261,0.819,0.161,0.5099,1051,76
RSC-2021-03754,v2.1.4,2021-05-09 05:30:56,41,0.0512,0.8124,0.1497,0.5321,1242,96
RSC-2021-03755,v2.3.0,2021-04-08 19:12:36,57,0.0312,0.8389,0.1401,0.519,1449,27
RSC-2021-03756,v2.1.3,2021-10-20 12:38:43,46,0.0325,0.8268,0.1399,0.517,1276,109
RSC-2021-03757,v2.2.0,2021-11-06 00:12:37,43,0.0982,0.7618,0.1398,0.5356,1397,59
RSC-2021-03758,v2.1.3,2021-07-03 18:07:57,43,0.0385,0.8168,0.1395,0.5185,1051,92
RSC-2021-03759,v2.3.0,2021-01-21 12:09:06,35,0.0173,0.8336,0.1243,0.5214,926,109
RSC-2021-03760,v2.2.0,2021-05-30 12:28:50,37,0.0855,0.8265,0.1495,0.5025,1527,117
RSC-2021-03761,v2.1.4,2021-07-29 10:08:21,34,0.0806,0.8236,0.1601,0.4956,1287,104
RSC-2021-03762,v2.1.3,2021-09-13 10:54:45,56,0.074,0.7812,0.1288,0.5215,1016,43
RSC-2021-03763,v2.2.1,2021-12-24 02:52:43,56,0.0267,0.8181,0.1437,0.524,1533,40
RSC-2021-03764,v2.1.3,2021-04-28 19:30:11,41,0.0147,0.8421,0.141,0.5132,1409,115
RSC-2021-03765,v2.3.0,2021-04-25 03:23:43,35,0.0462,0.8158,0.1337,0.5392,1457,32
RSC-2021-03766,v2.2.1,2021-07-06 14:12:49,54,0.0427,0.8176,0.1414,0.4872,1229,108
RSC-2021-03767,v2.3.0,2021-04-30 10:42:37,38,0.0229,0.8158,0.1561,0.505,1463,59
RSC-2021-03768,v2.3.0,2021-10-03 11:26:24,47,0.0429,0.808,0.1568,0.5324,1422,42
RSC-2021-03769,v2.2.1,2021-05-19 06:55:53,41,0.0372,0.7956,0.127,0.5227,1325,27
RSC-2021-03770,v2.2.0,2021-03-01 23:09:22,48,0.0157,0.7738,0.1464,0.5418,1502,74
RSC-2021-03771,v2.1.3,2021-05-29 06:39:26,46,0.0358,0.8173,0.1377,0.4774,1481,68
RSC-2021-03772,v2.2.0,2021-10-07 10:30:32,49,0.0472,0.8192,0.1248,0.5428,1376,58
RSC-2021-03773,v2.1.4,2021-01-31 02:43:32,38,0.02,0.7788,0.1348,0.4972,1490,48
RSC-2021-03774,v2.1.3,2021-08-01 14:51:59,39,0.0136,0.8093,0.1383,0.5407,1167,81
RSC-2021-03775,v2.1.3,2021-11-15 16:04:23,38,0.0634,0.8331,0.1439,0.5124,1590,31
RSC-2021-03776,v2.1.3,2021-10-10 00:14:46,36,0.0199,0.8283,0.1453,0.4846,1417,60
RSC-2021-03777,v2.1.3,2021-02-10 11:23:23,53,0.049,0.8001,0.1412,0.54,1186,54
RSC-2021-03778,v2.3.0,2021-02-03 14:07:07,38,0.0318,0.7852,0.1336,0.5169,918,63
RSC-2021-03779,v2.1.4,2021-06-01 02:34:56,47,0.0168,0.7843,0.1497,0.5291,911,124
RSC-2021-03780,v2.1.4,2021-10-01 16:12:41,56,0.0069,0.8134,0.1477,0.4756,1489,130
RSC-2021-03781,v2.1.4,2021-09-15 06:22:41,43,0.009,0.8005,0.1263,0.5143,910,67
RSC-2021-03782,v2.2.1,2021-05-07 13:04:46,48,0.0277,0.7802,0.1414,0.524,1366,95
RSC-2021-03783,v2.2.0,2021-05-21 02:42:22,35,0.014,0.8025,0.1295,0.5128,1159,138
RSC-2021-03784,v2.3.0,2021-03-17 00:19:07,46,0.0412,0.8108,0.1322,0.5061,939,101
RSC-2021-03785,v2.2.0,2021-05-28 05:53:03,46,0.0529,0.8364,0.1218,0.4848,939,52
RSC-2021-03786,v2.3.0,2021-11-04 12:53:08,47,0.0104,0.8006,0.1599,0.4933,1583,58
RSC-2021-03787,v2.2.0,2021-11-05 15:29:07,38,0.0285,0.7956,0.1587,0.5115,839,136
RSC-2021-03788,v2.2.1,2021-11-21 17:57:37,48,0.0192,0.8212,0.1466,0.5117,856,108
RSC-2021-03789,v2.2.0,2021-06-09 23:41:05,41,0.0609,0.799,0.1463,0.4768,1208,103
RSC-2021-03790,v2.1.4,2021-12-03 11:21:41,46,0.0259,0.7908,0.1216,0.5365,1287,39
RSC-2021-03791,v2.2.1,2021-05-20 05:21:01,53,0.0175,0.7802,0.1258,0.4854,1352,20
RSC-2021-03792,v2.1.3,2021-03-31 14:15:27,44,0.0298,0.8007,0.1564,0.4751,1506,94
RSC-2021-03793,v2.1.3,2021-11-27 12:11:26,50,0.0326,0.8152,0.1413,0.4705,1103,48
RSC-2021-03794,v2.1.3,2021-07-10 18:01:49,50,0.0376,0.8142,0.1276,0.5274,997,48
RSC-2021-03795,v2.1.4,2021-02-01 00:06:26,36,0.0552,0.8024,0.1497,0.4971,1205,23
RSC-2021-03796,v2.1.3,2021-03-09 06:16:38,39,0.048,0.8234,0.1353,0.4943,1144,82
RSC-2021-03797,v2.2.1,2021-04-16 07:15:06,42,0.0792,0.7922,0.1267,0.4991,1225,76
RSC-2021-03798,v2.2.1,2021-10-01 18:54:47,34,0.0266,0.8235,0.1368,0.5147,1266,139
RSC-2021-03799,v2.3.0,2021-07-27 17:37:47,53,0.0364,0.833,0.149,0.5091,906,80
RSC-2021-03800,v2.2.1,2021-06-10 09:37:04,35,0.0161,0.8189,0.1647,0.5047,1514,49
RSC-2021-03801,v2.1.4,2021-11-13 22:41:57,57,0.026,0.826,0.1488,0.4994,1165,24
RSC-2021-03802,v2.1.4,2021-09-22 14:19:47,43,0.0489,0.8158,0.1372,0.5469,1309,24
RSC-2021-03803,v2.2.0,2021-05-31 03:39:11,37,0.053,0.794,0.1289,0.5029,1525,71
RSC-2021-03804,v2.3.0,2021-06-22 08:46:17,39,0.011,0.7846,0.1561,0.5101,1128,134
RSC-2021-03805,v2.1.4,2021-08-16 23:45:57,43,0.0162,0.791,0.1566,0.4827,1317,40
RSC-2021-03806,v2.2.0,2021-02-13 12:16:10,35,0.0117,0.8209,0.1363,0.4746,966,62
RSC-2021-03807,v2.2.1,2021-04-17 09:03:31,55,0.0111,0.7892,0.1523,0.5232,1472,124
RSC-2021-03808,v2.1.4,2021-11-07 12:45:49,36,0.0515,0.7924,0.1409,0.4734,1016,81
RSC-2021-03809,v2.3.0,2021-08-01 04:39:18,49,0.0566,0.8427,0.1348,0.5221,1024,130
RSC-2021-03810,v2.2.0,2021-07-05 13:55:08,47,0.0397,0.8206,0.1559,0.4818,1563,64
RSC-2021-03811,v2.2.0,2021-12-04 20:25:12,35,0.0486,0.8279,0.1265,0.5218,1328,84
RSC-2021-03812,v2.2.1,2021-05-10 06:56:05,51,0.0234,0.8027,0.1437,0.5099,1286,37
RSC-2021-03813,v2.1.3,2021-08-21 18:20:33,49,0.0526,0.7806,0.1189,0.471,1203,52
RSC-2021-03814,v2.2.1,2021-10-09 06:48:14,37,0.0636,0.8209,0.1474,0.5491,1243,86
RSC-2021-03815,v2.1.4,2021-01-13 08:13:57,37,0.0818,0.8205,0.1583,0.4936,1421,69
RSC-2021-03816,v2.1.4,2021-06-30 10:38:13,53,0.0142,0.8128,0.1304,0.5005,1220,57
RSC-2021-03817,v2.1.3,2021-01-23 14:34:06,34,0.0192,0.7813,0.1349,0.5141,1457,46
RSC-2021-03818,v2.1.3,2021-06-17 07:50:30,35,0.0115,0.8311,0.1525,0.4958,1200,117
RSC-2021-03819,v2.1.3,2021-07-03 10:18:26,41,0.0574,0.8229,0.1546,0.5202,1063,70
RSC-2021-03820,v2.2.0,2021-08-04 17:03:54,50,0.0134,0.8213,0.1397,0.5077,969,37
RSC-2021-03821,v2.1.4,2021-05-24 12:12:53,51,0.0043,0.8057,0.1332,0.5421,1034,71
RSC-2021-03822,v2.2.1,2021-03-31 10:42:21,48,0.018,0.8271,0.1335,0.4746,1010,109
RSC-2021-03823,v2.2.1,2021-04-04 07:59:49,55,0.0596,0.7933,0.1563,0.5137,947,72
RSC-2021-03824,v2.3.0,2021-08-18 15:47:36,37,0.0573,0.812,0.1412,0.5087,1320,108
RSC-2021-03825,v2.2.0,2021-04-10 22:38:43,55,0.0464,0.8102,0.1373,0.5476,1378,81
RSC-2021-03826,v2.1.4,2021-04-02 19:48:54,38,0.0248,0.8265,0.1564,0.5011,1549,89
RSC-2021-03827,v2.2.0,2021-08-30 19:40:58,54,0.0401,0.8317,0.1271,0.5182,1400,79
RSC-2021-03828,v2.1.4,2021-07-01 05:20:48,55,0.0338,0.8163,0.1369,0.527,1070,57
RSC-2021-03829,v2.3.0,2021-02-05 05:39:57,47,0.0554,0.8214,0.1387,0.4982,1010,111
RSC-2021-03830,v2.3.0,2021-10-02 08:46:51,52,0.0129,0.7906,0.1379,0.5145,1473,138
RSC-2021-03831,v2.1.4,2021-03-30 18:58:18,53,0.0424,0.8161,0.1327,0.5319,1339,86
RSC-2021-03832,v2.2.1,2021-08-07 23:59:19,51,0.0464,0.8169,0.1439,0.538,1041,95
RSC-2021-03833,v2.2.0,2021-08-12 06:51:41,41,0.0076,0.7944,0.1384,0.5026,983,74
RSC-2021-03834,v2.2.1,2021-03-26 17:53:03,53,0.0076,0.8185,0.1654,0.5064,1104,44
RSC-2021-03835,v2.3.0,2021-06-26 21:20:47,37,0.0095,0.8205,0.1054,0.5224,927,106
RSC-2021-03836,v2.2.1,2021-04-13 16:58:21,52,0.0279,0.817,0.1237,0.4901,1170,37
RSC-2021-03837,v2.1.4,2021-06-02 22:39:55,47,0.0383,0.8227,0.1496,0.524,1407,133
RSC-2021-03838,v2.1.4,2021-07-28 02:52:59,44,0.0311,0.8182,0.1149,0.4893,813,97
RSC-2021-03839,v2.1.4,2021-05-02 16:06:45,47,0.0236,0.7705,0.1275,0.536,1050,36
RSC-2021-03840,v2.2.1,2021-02-25 09:48:30,39,0.0253,0.7926,0.1693,0.5279,1238,91
RSC-2021-03841,v2.3.0,2021-10-26 03:42:56,45,0.0353,0.8368,0.1375,0.5247,1562,75
RSC-2021-03842,v2.3.0,2021-05-16 11:02:08,45,0.0298,0.829,0.1345,0.5385,1167,48
RSC-2021-03843,v2.3.0,2021-10-17 12:48:58,45,0.0165,0.816,0.1548,0.4763,827,63
RSC-2021-03844,v2.1.4,2021-08-20 05:59:43,34,0.0549,0.8124,0.1241,0.5197,1185,72
RSC-2021-03845,v2.1.3,2021-03-10 22:00:31,34,0.0256,0.8152,0.1461,0.5227,1304,96
RSC-2021-03846,v2.2.0,2021-11-26 13:49:37,49,0.014,0.8102,0.1374,0.4859,879,49
RSC-2021-03847,v2.2.0,2021-09-10 23:18:08,50,0.0336,0.7819,0.134,0.516,1081,21
RSC-2021-03848,v2.3.0,2021-12-28 23:02:18,43,0.039,0.7828,0.1372,0.5117,1594,117
RSC-2021-03849,v2.1.4,2021-10-19 20:24:11,44,0.0439,0.7945,0.1603,0.5465,1551,68
RSC-2021-03850,v2.2.0,2021-12-04 03:04:56,42,0.0325,0.7687,0.1386,0.4879,932,119
RSC-2021-03851,v2.2.0,2021-09-28 18:03:20,46,0.0097,0.8098,0.1332,0.4805,1416,55
RSC-2021-03852,v2.1.4,2021-08-29 21:10:38,37,0.0095,0.8165,0.1301,0.5015,1010,109
RSC-2021-03853,v2.1.3,2021-12-09 16:16:09,47,0.0321,0.8114,0.1343,0.4887,1473,83
RSC-2021-03854,v2.2.0,2021-08-01 20:07:07,42,0.0115,0.7991,0.1619,0.4904,1065,71
RSC-2021-03855,v2.2.0,2021-07-20 11:03:17,36,0.0077,0.7762,0.1749,0.5045,1403,112
RSC-2021-03856,v2.2.0,2021-01-16 07:21:29,55,0.0197,0.8229,0.1454,0.4952,1525,53
RSC-2021-03857,v2.3.0,2021-08-02 22:03:11,56,0.051,0.8165,0.1384,0.488,1523,72
RSC-2021-03858,v2.1.4,2021-11-19 20:15:44,41,0.0127,0.8233,0.1582,0.5371,1123,107
RSC-2021-03859,v2.2.0,2021-06-25 15:51:52,42,0.081,0.8138,0.1489,0.5452,1516,129
RSC-2021-03860,v2.2.0,2021-12-05 01:38:48,43,0.02,0.8404,0.1279,0.5705,1303,41
RSC-2021-03861,v2.2.0,2021-06-15 10:46:38,39,0.0622,0.8161,0.1487,0.5189,971,125
RSC-2021-03862,v2.3.0,2021-03-28 01:50:57,40,0.014,0.8007,0.1543,0.5253,1573,117
RSC-2021-03863,v2.1.4,2021-04-12 21:34:00,50,0.0535,0.8413,0.1337,0.477,1457,67
RSC-2021-03864,v2.2.0,2021-10-22 17:14:31,45,0.0658,0.8002,0.1466,0.4806,1429,57
RSC-2021-03865,v2.2.0,2021-04-29 21:05:06,45,0.0705,0.8307,0.1475,0.5385,1030,53
RSC-2021-03866,v2.3.0,2021-02-04 07:05:29,52,0.0137,0.8083,0.129,0.5136,1472,89
RSC-2021-03867,v2.1.4,2021-09-11 04:26:01,35,0.0568,0.8081,0.144,0.5222,863,40
RSC-2021-03868,v2.1.4,2021-09-18 17:42:11,50,0.008,0.82,0.1732,0.5466,1082,92
RSC-2021-03869,v2.3.0,2021-04-21 04:05:29,57,0.0273,0.8154,0.1375,0.4957,936,77
RSC-2021-03870,v2.2.1,2021-07-16 22:31:51,43,0.0621,0.7691,0.1393,0.522,1255,124
RSC-2021-03871,v2.1.3,2021-11-03 04:00:52,52,0.0423,0.811,0.143,0.5251,1408,22
RSC-2021-03872,v2.1.4,2021-06-28 19:16:26,42,0.0261,0.8094,0.1503,0.5203,1502,103
RSC-2021-03873,v2.2.1,2021-04-13 14:42:56,45,0.0171,0.8223,0.1309,0.4827,807,96
RSC-2021-03874,v2.2.0,2021-02-02 17:51:32,38,0.0301,0.8012,0.1543,0.4915,1241,92
RSC-2021-03875,v2.1.3,2021-06-12 04:36:47,42,0.0338,0.8017,0.1436,0.4996,1421,119
RSC-2021-03876,v2.1.4,2021-05-24 18:24:25,44,0.014,0.8397,0.1769,0.4977,870,132
RSC-2021-03877,v2.2.1,2021-05-02 01:13:28,47,0.0239,0.7798,0.1424,0.5223,1522,63
RSC-2021-03878,v2.2.0,2021-11-13 08:03:21,36,0.0553,0.8229,0.1499,0.4833,1566,81
RSC-2021-03879,v2.2.0,2021-10-06 21:48:56,47,0.0364,0.8612,0.1284,0.5001,1543,45
RSC-2021-03880,v2.1.3,2021-01-13 09:39:11,48,0.0374,0.8023,0.1206,0.5049,1470,30
RSC-2021-03881,v2.1.3,2021-09-29 04:31:45,51,0.0726,0.7951,0.1565,0.493,1208,44
RSC-2021-03882,v2.2.1,2021-04-03 03:07:45,47,0.0867,0.808,0.1568,0.5256,1145,65
RSC-2021-03883,v2.2.1,2021-11-08 23:38:26,48,0.0368,0.816,0.1538,0.5075,1327,123
RSC-2021-03884,v2.3.0,2021-05-17 14:21:06,52,0.0691,0.8302,0.133,0.4988,1561,94
RSC-2021-03885,v2.2.1,2021-01-12 04:58:07,48,0.0731,0.8123,0.1404,0.5122,1280,71
RSC-2021-03886,v2.2.0,2021-01-11 04:32:23,57,0.0529,0.8162,0.1527,0.5313,1568,102
RSC-2021-03887,v2.2.1,2021-07-09 03:04:52,56,0.0506,0.8436,0.1625,0.5223,1120,56
RSC-2021-03888,v2.2.0,2021-02-21 06:21:48,37,0.0245,0.793,0.1491,0.531,972,61
RSC-2021-03889,v2.2.0,2021-02-09 12:03:36,35,0.0394,0.8389,0.1601,0.5334,1443,106
RSC-2021-03890,v2.1.4,2021-10-14 23:49:46,34,0.0989,0.8345,0.1443,0.5194,1191,129
RSC-2021-03891,v2.1.3,2021-08-23 12:18:42,39,0.037,0.8225,0.145,0.5437,1114,69
RSC-2021-03892,v2.1.4,2021-01-28 11:42:12,51,0.0645,0.8004,0.1417,0.4988,1505,119
RSC-2021-03893,v2.2.1,2021-01-03 07:25:44,49,0.0251,0.7678,0.1343,0.5255,1549,34
RSC-2021-03894,v2.3.0,2021-04-05 23:34:08,42,0.031,0.8205,0.1538,0.4751,994,21
RSC-2021-03895,v2.1.4,2021-11-21 20:19:56,49,0.0302,0.8121,0.15,0.5267,1445,123
RSC-2021-03896,v2.1.4,2021-03-02 01:37:29,46,0.0249,0.8304,0.1601,0.534,1587,121
RSC-2021-03897,v2.1.4,2021-09-19 22:25:26,34,0.023,0.8205,0.1478,0.4857,1143,133
RSC-2021-03898,v2.1.4,2021-12-05 00:03:16,54,0.0274,0.7821,0.1533,0.5468,1134,48
RSC-2021-03899,v2.2.0,2021-08-26 20:24:45,49,0.0255,0.8072,0.1451,0.5101,1450,75
RSC-2021-03900,v2.2.1,2021-01-01 05:40:38,50,0.1432,0.821,0.1609,0.5091,1479,72
RSC-2021-03901,v2.2.1,2021-12-25 22:19:11,55,0.0197,0.829,0.1641,0.5078,1222,110
RSC-2021-03902,v2.1.4,2021-04-26 01:07:54,46,0.0368,0.8027,0.1377,0.508,1359,98
RSC-2021-03903,v2.1.3,2021-11-30 09:35:00,52,0.0246,0.7959,0.131,0.519,1092,53
RSC-2021-03904,v2.1.3,2021-11-02 23:06:27,55,0.0226,0.7969,0.1562,0.5254,1298,54
RSC-2021-03905,v2.2.1,2021-05-01 04:37:45,48,0.0377,0.8072,0.1606,0.5247,1157,49
RSC-2021-03906,v2.2.0,2021-12-04 14:31:40,44,0.0047,0.8573,0.1534,0.5033,807,121
RSC-2021-03907,v2.3.0,2021-07-16 00:35:58,57,0.0144,0.8202,0.1379,0.5624,952,57
RSC-2021-03908,v2.1.4,2021-08-24 08:48:17,51,0.0116,0.8089,0.1424,0.5187,1114,139
RSC-2021-03909,v2.1.4,2021-08-25 03:50:19,57,0.0297,0.8031,0.1558,0.508,1010,62
RSC-2021-03910,v2.2.0,2021-09-01 17:04:17,49,0.0095,0.8054,0.1348,0.5356,1273,73
RSC-2021-03911,v2.1.3,2021-04-21 16:02:43,51,0.0141,0.8253,0.1431,0.5412,1283,126
RSC-2021-03912,v2.2.0,2021-06-29 12:42:22,35,0.016,0.8322,0.1334,0.5291,1439,69
RSC-2021-03913,v2.3.0,2021-05-17 01:06:55,51,0.0073,0.8383,0.1708,0.5308,1522,74
RSC-2021-03914,v2.3.0,2021-08-18 03:53:56,49,0.0266,0.8101,0.1595,0.4931,1110,105
RSC-2021-03915,v2.1.4,2021-09-17 05:04:53,36,0.0223,0.8278,0.1361,0.5269,902,134
RSC-2021-03916,v2.3.0,2021-10-01 22:44:38,37,0.0181,0.8066,0.1559,0.5125,1484,130
RSC-2021-03917,v2.2.0,2021-11-09 19:18:11,42,0.049,0.8237,0.1455,0.5294,1102,118
RSC-2021-03918,v2.2.1,2021-02-03 05:13:35,38,0.0295,0.8079,0.1477,0.5317,1155,53
RSC-2021-03919,v2.2.1,2021-12-21 20:51:35,51,0.0375,0.8491,0.1337,0.5193,1367,66
RSC-2021-03920,v2.1.3,2021-09-11 23:22:10,53,0.0562,0.8312,0.1408,0.5216,854,74
RSC-2021-03921,v2.3.0,2021-12-27 11:22:39,56,0.0147,0.793,0.144,0.5056,1053,88
RSC-2021-03922,v2.2.0,2021-05-04 09:18:41,44,0.0795,0.775,0.1167,0.5432,885,72
RSC-2021-03923,v2.2.1,2021-04-05 20:17:56,52,0.0163,0.8201,0.1543,0.492,873,80
RSC-2021-03924,v2.2.1,2021-08-06 18:28:04,57,0.0616,0.8093,0.1636,0.4888,1148,76
RSC-2021-03925,v2.2.1,2021-01-24 22:22:12,55,0.0238,0.8036,0.1619,0.4922,822,72
RSC-2021-03926,v2.1.3,2021-04-19 15:39:43,55,0.0655,0.8103,0.1403,0.5227,974,97
RSC-2021-03927,v2.3.0,2021-08-10 05:35:52,43,0.0788,0.7954,0.1303,0.5035,1183,88
RSC-2021-03928,v2.2.0,2021-03-22 22:01:38,51,0.0521,0.857,0.1469,0.499,1328,49
RSC-2021-03929,v2.1.4,2021-07-31 08:02:11,38,0.0268,0.8026,0.1515,0.5321,1594,90
RSC-2021-03930,v2.1.4,2021-03-20 16:36:04,35,0.0365,0.8472,0.1218,0.5217,1511,98
RSC-2021-03931,v2.1.4,2021-07-26 08:45:05,46,0.0803,0.8463,0.1379,0.503,838,68
RSC-2021-03932,v2.2.0,2021-02-15 17:03:05,34,0.0602,0.8197,0.1368,0.4978,1385,24
RSC-2021-03933,v2.1.4,2021-05-17 04:03:11,42,0.0381,0.8108,0.1469,0.5084,1212,131
RSC-2021-03934,v2.1.3,2021-03-23 01:18:54,40,0.0278,0.8073,0.1568,0.5072,959,34
RSC-2021-03935,v2.2.1,2021-07-27 10:50:51,40,0.0356,0.8321,0.1499,0.48,993,109
RSC-2021-03936,v2.2.0,2021-02-25 22:16:04,49,0.0352,0.8175,0.1316,0.5284,1060,136
RSC-2021-03937,v2.1.3,2021-04-10 23:59:01,50,0.0323,0.7899,0.1286,0.5379,1458,80
RSC-2021-03938,v2.2.1,2021-04-07 19:14:14,56,0.0766,0.8251,0.1238,0.4796,868,108
RSC-2021-03939,v2.1.4,2021-01-24 18:30:12,44,0.0466,0.7992,0.1637,0.5187,1118,105
RSC-2021-03940,v2.2.0,2021-08-12 14:46:57,34,0.0907,0.7949,0.1267,0.5121,1120,84
RSC-2021-03941,v2.1.3,2021-03-06 20:58:15,37,0.0235,0.8155,0.151,0.5004,932,58
RSC-2021-03942,v2.1.4,2021-05-06 09:22:10,48,0.0403,0.8125,0.1514,0.5862,839,124
RSC-2021-03943,v2.2.1,2021-09-29 02:48:46,38,0.0242,0.819,0.1364,0.5243,1290,125
RSC-2021-03944,v2.2.1,2021-06-18 13:06:06,55,0.0442,0.825,0.142,0.5087,1458,99
RSC-2021-03945,v2.1.3,2021-04-20 05:21:58,55,0.0244,0.818,0.1519,0.4858,987,105
RSC-2021-03946,v2.2.0,2021-05-30 08:17:44,55,0.0221,0.8029,0.1646,0.4931,1314,135
RSC-2021-03947,v2.1.4,2021-11-18 17:52:56,50,0.0227,0.8011,0.1458,0.4962,1338,87
RSC-2021-03948,v2.2.1,2021-06-11 09:07:37,40,0.004,0.8343,0.1577,0.5057,1437,31
RSC-2021-03949,v2.3.0,2021-08-22 08:18:55,38,0.0544,0.8192,0.1707,0.5442,1503,41
RSC-2021-03950,v2.2.0,2021-06-09 04:10:52,53,0.0361,0.8422,0.1367,0.5039,1449,111
RSC-2021-03951,v2.1.4,2021-03-26 01:38:10,43,0.0502,0.8498,0.1525,0.5133,1241,59
RSC-2021-03952,v2.3.0,2021-09-17 19:15:15,36,0.0422,0.7993,0.1449,0.5156,1501,110
RSC-2021-03953,v2.1.4,2021-07-18 08:32:43,35,0.0129,0.7774,0.1519,0.5273,948,20
RSC-2021-03954,v2.2.0,2021-02-15 15:29:25,53,0.0638,0.7777,0.1375,0.517,1124,125
RSC-2021-03955,v2.1.4,2021-01-26 08:23:33,50,0.034,0.8187,0.1403,0.5261,1146,88
RSC-2021-03956,v2.2.1,2021-01-24 07:56:39,56,0.0678,0.8589,0.1281,0.4879,827,90
RSC-2021-03957,v2.2.1,2021-08-25 03:24:54,53,0.017,0.802,0.1406,0.475,830,73
RSC-2021-03958,v2.3.0,2021-06-27 01:42:54,56,0.0113,0.7969,0.1381,0.5096,889,86
RSC-2021-03959,v2.2.0,2021-10-22 07:50:46,55,0.0159,0.8291,0.1412,0.5197,1003,23
RSC-2021-03960,v2.1.4,2021-07-03 08:56:58,57,0.0718,0.8262,0.1527,0.5272,1384,132
RSC-2021-03961,v2.3.0,2021-11-11 01:08:27,36,0.0167,0.8307,0.1458,0.5145,1596,25
RSC-2021-03962,v2.2.1,2021-08-19 09:38:44,34,0.0942,0.8399,0.1436,0.4802,1048,73
RSC-2021-03963,v2.2.0,2021-11-30 14:59:01,50,0.0697,0.8144,0.1351,0.505,879,25
RSC-2021-03964,v2.3.0,2021-11-06 12:41:37,38,0.0189,0.7979,0.1389,0.4885,1317,64
RSC-2021-03965,v2.1.4,2021-03-22 23:23:05,35,0.0554,0.824,0.1167,0.5226,1587,113
RSC-2021-03966,v2.2.1,2021-06-02 08:13:48,41,0.0569,0.8336,0.1384,0.5104,894,132
RSC-2021-03967,v2.1.4,2021-05-07 15:25:49,40,0.0152,0.8195,0.1433,0.5061,1079,113
RSC-2021-03968,v2.2.0,2021-01-05 10:42:43,53,0.0883,0.7975,0.1594,0.4954,1263,65
RSC-2021-03969,v2.2.1,2021-08-10 17:29:05,44,0.0857,0.7995,0.1495,0.5141,1573,72
RSC-2021-03970,v2.1.3,2021-05-25 18:12:46,52,0.0573,0.8189,0.1633,0.5319,1201,59
RSC-2021-03971,v2.3.0,2021-03-31 17:27:03,50,0.0735,0.8005,0.151,0.5171,1141,122
RSC-2021-03972,v2.3.0,2021-08-11 04:02:40,54,0.0559,0.8171,0.1465,0.4942,801,130
RSC-2021-03973,v2.1.4,2021-03-27 07:53:23,43,0.0473,0.7809,0.1483,0.5013,997,57
RSC-2021-03974,v2.1.3,2021-12-25 02:22:55,57,0.0696,0.8263,0.1298,0.5222,1013,119
RSC-2021-03975,v2.3.0,2021-01-28 13:05:59,39,0.0203,0.8219,0.1448,0.5156,981,43
RSC-2021-03976,v2.1.3,2021-09-05 05:40:27,54,0.0274,0.8332,0.1292,0.4939,1240,34
RSC-2021-03977,v2.1.3,2021-02-23 23:19:58,46,0.0989,0.8204,0.1376,0.4905,993,129
RSC-2021-03978,v2.1.3,2021-05-11 15:27:39,52,0.02,0.8255,0.154,0.4951,1374,102
RSC-2021-03979,v2.1.4,2021-05-19 07:35:50,46,0.0205,0.8055,0.1472,0.5076,872,136
RSC-2021-03980,v2.1.3,2021-01-16 08:55:25,34,0.0559,0.7811,0.146,0.4885,1459,134
RSC-2021-03981,v2.2.1,2021-11-07 10:09:38,46,0.022,0.8439,0.1548,0.5165,909,84
RSC-2021-03982,v2.1.4,2021-06-30 06:21:55,42,0.0188,0.8348,0.1411,0.4764,1008,78
RSC-2021-03983,v2.1.4,2021-10-02 18:45:42,38,0.0395,0.8252,0.1403,0.5114,1104,31
RSC-2021-03984,v2.2.0,2021-07-02 19:37:29,38,0.0154,0.8139,0.158,0.4913,1100,131
RSC-2021-03985,v2.2.1,2021-09-08 17:21:26,40,0.0645,0.8165,0.1536,0.4878,1570,71
RSC-2021-03986,v2.2.1,2021-08-12 17:34:35,46,0.0567,0.793,0.1455,0.5083,1178,117
RSC-2021-03987,v2.1.3,2021-09-27 21:28:02,43,0.0308,0.8573,0.1668,0.4885,1419,50
RSC-2021-03988,v2.1.3,2021-09-14 20:01:05,46,0.0636,0.8474,0.1265,0.4771,1153,118
RSC-2021-03989,v2.1.4,2021-09-10 15:35:32,44,0.008,0.8301,0.1646,0.475,1512,61
RSC-2021-03990,v2.1.4,2021-04-10 00:18:45,53,0.098,0.8254,0.1374,0.4943,1424,45
RSC-2021-03991,v2.1.4,2021-11-17 16:01:34,50,0.0331,0.8278,0.143,0.5219,995,53
RSC-2021-03992,v2.2.0,2021-07-07 14:24:29,47,0.0092,0.811,0.1532,0.4987,1010,94
RSC-2021-03993,v2.2.0,2021-06-16 19:52:25,52,0.018,0.8281,0.1492,0.5126,1139,28
RSC-2021-03994,v2.1.3,2021-04-13 05:34:14,34,0.0213,0.8136,0.1483,0.4752,1369,22
RSC-2021-03995,v2.2.1,2021-04-10 21:18:01,38,0.0124,0.8215,0.1433,0.5293,1530,117
RSC-2021-03996,v2.1.4,2021-12-06 10:54:09,53,0.0417,0.8174,0.1447,0.5472,1029,49
RSC-2021-03997,v2.2.0,2021-05-04 20:21:01,57,0.0208,0.8061,0.1345,0.4779,1546,30
RSC-2021-03998,v2.1.3,2021-06-26 05:18:04,56,0.064,0.8014,0.1292,0.5174,1217,20
RSC-2021-03999,v2.2.0,2021-04-12 00:23:50,38,0.0108,0.8474,0.1652,0.5165,1591,121
RSC-2021-04000,v2.3.0,2021-09-09 09:42:03,48,0.0261,0.8395,0.1428,0.5374,1148,96
RSC-2021-04001,v2.1.4,2021-09-29 04:42:57,51,0.0473,0.8431,0.1564,0.5123,1532,111
RSC-2021-04002,v2.2.1,2021-04-22 18:47:42,52,0.0244,0.806,0.1395,0.4682,1090,127
RSC-2021-04003,v2.2.1,2021-05-31 13:40:19,36,0.0329,0.8163,0.1468,0.5192,1104,60
RSC-2021-04004,v2.3.0,2021-03-04 00:37:33,40,0.0297,0.8147,0.106,0.5271,837,87
RSC-2021-04005,v2.3.0,2021-04-08 10:03:27,56,0.0206,0.8202,0.131,0.5154,1117,68
RSC-2021-04006,v2.2.0,2021-09-20 11:36:06,53,0.0121,0.7951,0.1304,0.523,892,81
RSC-2021-04007,v2.3.0,2021-07-16 08:35:07,42,0.0187,0.8247,0.1524,0.4923,1540,31
RSC-2021-04008,v2.1.4,2021-08-20 13:10:43,39,0.0302,0.8181,0.1406,0.5295,1030,82
RSC-2021-04009,v2.1.3,2021-10-18 11:16:43,39,0.0627,0.7974,0.1392,0.5263,1038,37
RSC-2021-04010,v2.2.1,2021-09-19 10:41:32,49,0.0201,0.8451,0.152,0.533,877,132
RSC-2021-04011,v2.1.3,2021-06-11 21:41:47,48,0.0332,0.8097,0.1302,0.5502,1292,107
RSC-2021-04012,v2.2.0,2021-09-23 15:14:30,44,0.0551,0.8003,0.1379,0.5098,1029,100
RSC-2021-04013,v2.3.0,2021-05-08 03:37:38,44,0.0179,0.803,0.1498,0.5259,839,33
RSC-2021-04014,v2.2.1,2021-10-02 00:27:51,55,0.0606,0.7947,0.1535,0.5193,925,30
RSC-2021-04015,v2.2.1,2021-08-16 04:04:54,35,0.0587,0.8025,0.1403,0.5418,1041,130
RSC-2021-04016,v2.3.0,2021-06-16 13:02:45,38,0.0784,0.8197,0.1503,0.4912,1408,66
RSC-2021-04017,v2.2.1,2021-07-16 22:37:47,37,0.004,0.8206,0.1532,0.5311,1102,69
RSC-2021-04018,v2.1.4,2021-04-22 14:59:43,50,0.0403,0.8563,0.1344,0.5139,1396,84
RSC-2021-04019,v2.1.3,2021-06-03 02:39:48,53,0.0254,0.8102,0.1574,0.4824,1319,114
RSC-2021-04020,v2.1.3,2021-05-17 13:04:39,36,0.0357,0.7885,0.1534,0.4784,1027,35
RSC-2021-04021,v2.1.3,2021-08-27 16:20:29,44,0.0095,0.811,0.1308,0.5025,1056,135
RSC-2021-04022,v2.2.1,2021-05-17 07:41:08,48,0.0394,0.8583,0.143,0.4776,1018,44
RSC-2021-04023,v2.2.0,2021-03-22 05:26:30,55,0.0566,0.8216,0.1354,0.5375,1599,30
RSC-2021-04024,v2.2.0,2021-05-26 14:54:40,47,0.0577,0.8032,0.1434,0.5036,1387,35
RSC-2021-04025,v2.3.0,2021-10-04 17:05:34,48,0.052,0.8094,0.1281,0.4961,842,64
RSC-2021-04026,v2.3.0,2021-08-15 18:42:34,35,0.0416,0.8135,0.1438,0.5084,1525,62
RSC-2021-04027,v2.2.0,2021-11-20 22:21:30,52,0.0839,0.8308,0.1368,0.483,882,96
RSC-2021-04028,v2.2.0,2021-11-27 02:10:34,36,0.04,0.8174,0.1691,0.5189,1230,24
RSC-2021-04029,v2.3.0,2021-07-20 23:09:35,52,0.0202,0.8138,0.1559,0.5055,1276,68
RSC-2021-04030,v2.1.4,2021-03-29 02:02:36,35,0.0056,0.8433,0.1509,0.5174,1407,31
RSC-2021-04031,v2.3.0,2021-08-09 04:17:49,37,0.0203,0.8344,0.1323,0.4984,1021,137
RSC-2021-04032,v2.1.3,2021-10-16 00:59:24,47,0.0411,0.7832,0.1496,0.5271,919,82
RSC-2021-04033,v2.1.3,2021-10-09 18:42:05,43,0.0209,0.8174,0.1515,0.5031,1225,26
RSC-2021-04034,v2.2.1,2021-07-24 22:58:05,57,0.0259,0.8102,0.1584,0.467,1437,129
RSC-2021-04035,v2.1.4,2021-01-29 05:25:24,44,0.065,0.8118,0.1338,0.5251,1495,44
RSC-2021-04036,v2.1.3,2021-04-06 09:54:13,57,0.0478,0.7906,0.1426,0.5202,1267,49
RSC-2021-04037,v2.1.4,2021-11-02 08:28:16,35,0.0121,0.8049,0.1354,0.5115,1009,80
RSC-2021-04038,v2.1.4,2021-06-27 07:38:07,44,0.0736,0.8129,0.153,0.4927,868,108
RSC-2021-04039,v2.1.3,2021-11-26 14:10:01,47,0.0351,0.7983,0.1392,0.5232,885,55
RSC-2021-04040,v2.2.0,2021-02-19 07:29:18,57,0.0504,0.8458,0.138,0.5483,1474,62
RSC-2021-04041,v2.1.4,2021-02-01 16:32:35,49,0.0223,0.8044,0.1215,0.4879,1400,133
RSC-2021-04042,v2.2.1,2021-07-19 22:36:34,53,0.0667,0.833,0.1519,0.5015,1359,99
RSC-2021-04043,v2.1.4,2021-12-02 08:36:20,41,0.0098,0.829,0.1235,0.5101,839,66
RSC-2021-04044,v2.3.0,2021-11-15 16:57:26,51,0.0406,0.8136,0.1334,0.4926,940,100
RSC-2021-04045,v2.1.3,2021-10-23 07:01:23,35,0.0271,0.8204,0.1258,0.4662,1368,72
RSC-2021-04046,v2.3.0,2021-04-17 23:42:51,50,0.0679,0.7957,0.1482,0.4935,1373,37
RSC-2021-04047,v2.3.0,2021-01-27 22:26:09,36,0.0715,0.828,0.1349,0.4644,915,35
RSC-2021-04048,v2.1.3,2021-02-27 22:06:57,53,0.0095,0.8129,0.1427,0.5212,1106,51
RSC-2021-04049,v2.1.3,2021-10-01 15:27:30,51,0.0459,0.8009,0.1451,0.5376,904,31
RSC-2021-04050,v2.2.1,2021-09-18 20:12:54,53,0.0771,0.8138,0.1333,0.5001,1300,49
RSC-2021-04051,v2.1.3,2021-06-24 00:21:47,44,0.0363,0.8165,0.1415,0.4885,1075,47
RSC-2021-04052,v2.2.0,2021-04-21 10:52:11,49,0.0134,0.8213,0.1794,0.5252,990,89
RSC-2021-04053,v2.3.0,2021-02-04 19:09:08,51,0.0388,0.78,0.1522,0.5084,1080,64
RSC-2021-04054,v2.2.1,2021-12-11 10:43:01,45,0.0475,0.8539,0.1376,0.5268,1004,135
RSC-2021-04055,v2.2.1,2021-11-05 16:28:46,41,0.0703,0.8309,0.1294,0.5381,1545,23
RSC-2021-04056,v2.1.3,2021-06-21 06:22:01,45,0.0152,0.8091,0.1471,0.5413,1347,28
RSC-2021-04057,v2.2.1,2021-03-20 21:18:50,38,0.0169,0.8273,0.1619,0.4896,1543,70
RSC-2021-04058,v2.2.1,2021-11-17 09:20:09,41,0.0178,0.8113,0.1451,0.552,1157,63
RSC-2021-04059,v2.2.1,2021-01-12 20:43:26,52,0.0942,0.8058,0.1517,0.5035,885,123
RSC-2021-04060,v2.3.0,2021-11-02 14:18:20,52,0.034,0.8138,0.1207,0.5087,1252,104
RSC-2021-04061,v2.3.0,2021-10-17 16:39:58,38,0.0512,0.8348,0.1528,0.4973,1546,139
RSC-2021-04062,v2.1.3,2021-04-09 13:15:28,41,0.1082,0.8128,0.1283,0.4717,1391,50
RSC-2021-04063,v2.3.0,2021-04-03 05:13:27,45,0.0387,0.7838,0.1505,0.486,818,22
RSC-2021-04064,v2.2.1,2021-02-17 08:27:00,39,0.0171,0.8118,0.1393,0.5019,881,88
RSC-2021-04065,v2.3.0,2021-02-02 04:25:16,34,0.0435,0.7914,0.1586,0.5213,1114,99
RSC-2021-04066,v2.2.0,2021-11-22 13:01:17,47,0.0424,0.8506,0.1161,0.49,1499,126
RSC-2021-04067,v2.1.3,2021-03-08 10:29:06,39,0.087,0.8276,0.1416,0.5049,1154,138
RSC-2021-04068,v2.2.1,2021-12-21 10:17:08,46,0.0429,0.8242,0.1463,0.5378,1283,31
RSC-2021-04069,v2.3.0,2021-04-15 20:03:55,49,0.0231,0.8309,0.1252,0.5295,1434,115
RSC-2021-04070,v2.1.3,2021-03-04 02:56:52,52,0.0509,0.8268,0.1489,0.5007,1297,92
RSC-2021-04071,v2.1.3,2021-12-20 06:57:59,34,0.0277,0.8074,0.1526,0.4896,1343,65
RSC-2021-04072,v2.2.1,2021-12-21 15:44:19,54,0.0298,0.8068,0.1403,0.5352,1415,64
RSC-2021-04073,v2.1.3,2021-09-28 19:20:49,34,0.0639,0.8016,0.1462,0.4927,922,135
RSC-2021-04074,v2.1.3,2021-06-26 20:52:15,56,0.0282,0.8228,0.1668,0.5033,1271,109
RSC-2021-04075,v2.1.3,2021-02-11 04:45:30,41,0.0471,0.8263,0.1472,0.4882,1128,26
RSC-2021-04076,v2.1.4,2021-04-22 02:09:42,55,0.0242,0.8202,0.121,0.5151,1411,55
RSC-2021-04077,v2.3.0,2021-06-07 09:45:32,51,0.0533,0.8211,0.1515,0.5295,812,121
RSC-2021-04078,v2.2.1,2021-04-24 13:43:33,45,0.0939,0.7918,0.1681,0.4962,839,79
RSC-2021-04079,v2.3.0,2021-07-10 09:17:26,50,0.0623,0.8245,0.1565,0.5243,1178,48
RSC-2021-04080,v2.1.3,2021-09-30 17:37:12,40,0.1051,0.7933,0.1644,0.4969,1045,117
RSC-2021-04081,v2.1.3,2021-08-25 04:56:18,48,0.0482,0.8157,0.1561,0.5174,1107,92
RSC-2021-04082,v2.2.1,2021-08-10 11:06:17,35,0.0194,0.7959,0.1546,0.5369,1137,59
RSC-2021-04083,v2.3.0,2021-07-10 11:16:29,36,0.0877,0.834,0.1491,0.5047,1532,90
RSC-2021-04084,v2.1.4,2021-11-12 21:09:07,39,0.0825,0.8271,0.1586,0.5141,1049,82
RSC-2021-04085,v2.2.1,2021-10-25 21:52:57,36,0.0312,0.7984,0.1227,0.5384,844,88
RSC-2021-04086,v2.1.4,2021-05-07 10:03:05,48,0.1424,0.7817,0.152,0.4764,1362,126
RSC-2021-04087,v2.3.0,2021-12-23 05:14:36,54,0.0335,0.8269,0.145,0.5344,980,24
RSC-2021-04088,v2.1.4,2021-11-18 17:52:20,53,0.0559,0.808,0.1535,0.5055,855,97
RSC-2021-04089,v2.2.0,2021-05-11 06:01:27,57,0.0324,0.8127,0.1511,0.5274,805,35
RSC-2021-04090,v2.3.0,2021-04-04 19:19:25,37,0.0842,0.807,0.16,0.5205,1266,46
RSC-2021-04091,v2.2.1,2021-07-17 02:48:08,49,0.0317,0.8169,0.155,0.5375,1402,89
RSC-2021-04092,v2.3.0,2021-02-23 20:17:47,53,0.0388,0.7946,0.1369,0.4754,1250,68
RSC-2021-04093,v2.2.1,2021-01-16 09:13:29,55,0.0759,0.8049,0.1298,0.4947,1213,45
RSC-2021-04094,v2.2.0,2021-11-17 15:26:59,41,0.0435,0.822,0.1374,0.5028,965,79
RSC-2021-04095,v2.1.4,2021-12-30 22:40:00,36,0.0365,0.8165,0.1376,0.4963,1109,86
RSC-2021-04096,v2.1.3,2021-03-28 00:43:30,44,0.0478,0.8028,0.1444,0.5452,953,71
RSC-2021-04097,v2.1.4,2021-09-15 04:30:56,43,0.0442,0.8138,0.1342,0.5278,1418,129
RSC-2021-04098,v2.1.4,2021-08-08 07:45:13,56,0.0369,0.8328,0.149,0.4954,1342,136
RSC-2021-04099,v2.2.0,2021-02-23 01:18:20,55,0.0443,0.7903,0.152,0.4879,1395,101
RSC-2021-04100,v2.1.3,2021-08-04 13:29:44,40,0.0501,0.8323,0.1411,0.509,1002,92
RSC-2021-04101,v2.1.4,2021-12-10 21:12:31,45,0.0928,0.8174,0.1307,0.5224,953,20
RSC-2021-04102,v2.3.0,2021-02-13 16:53:42,41,0.0842,0.7708,0.1631,0.5153,856,138
RSC-2021-04103,v2.2.0,2021-09-18 02:09:47,49,0.0265,0.8106,0.1698,0.5143,1522,73
RSC-2021-04104,v2.3.0,2021-02-01 03:57:00,36,0.0618,0.8256,0.1596,0.5125,1139,94
RSC-2021-04105,v2.1.3,2021-02-08 02:07:03,43,0.0409,0.8059,0.1608,0.4964,895,33
RSC-2021-04106,v2.2.1,2021-03-15 00:05:56,48,0.0534,0.8008,0.1534,0.5133,1170,27
RSC-2021-04107,v2.3.0,2021-10-18 13:39:41,57,0.105,0.8056,0.1415,0.5136,1289,133
RSC-2021-04108,v2.2.1,2021-11-07 20:19:01,40,0.0645,0.7809,0.1445,0.52,1494,126
RSC-2021-04109,v2.1.3,2021-02-25 04:28:53,34,0.0513,0.7867,0.1507,0.5293,1042,30
RSC-2021-04110,v2.2.1,2021-03-11 11:15:40,52,0.0072,0.8014,0.1424,0.5474,1593,74
RSC-2021-04111,v2.2.0,2021-03-13 15:56:21,56,0.1,0.8135,0.1374,0.5369,1098,93
RSC-2021-04112,v2.1.4,2021-11-19 21:08:30,50,0.0212,0.8023,0.1387,0.4883,1503,50
RSC-2021-04113,v2.2.0,2021-09-15 22:05:19,40,0.0162,0.8329,0.1433,0.5399,1200,56
RSC-2021-04114,v2.3.0,2021-05-18 20:09:22,54,0.0463,0.8057,0.1318,0.5055,841,91
RSC-2021-04115,v2.1.3,2021-09-26 12:28:45,53,0.0255,0.8055,0.1419,0.5394,1349,39
RSC-2021-04116,v2.1.4,2021-10-31 03:21:47,41,0.1415,0.835,0.1306,0.5266,1184,46
RSC-2021-04117,v2.1.3,2021-06-11 15:52:47,47,0.0162,0.8193,0.1424,0.5157,1071,139
RSC-2021-04118,v2.2.1,2021-09-03 15:52:23,52,0.0488,0.8131,0.1298,0.4903,1530,23
RSC-2021-04119,v2.3.0,2021-09-01 13:36:56,46,0.0334,0.8158,0.1388,0.4961,1076,67
RSC-2021-04120,v2.3.0,2021-04-08 23:29:38,53,0.0391,0.8104,0.1582,0.5214,893,93
RSC-2021-04121,v2.3.0,2021-05-23 17:19:33,39,0.054,0.7921,0.1293,0.517,892,31
RSC-2021-04122,v2.3.0,2021-09-21 20:08:13,53,0.0771,0.7828,0.1315,0.5067,815,95
RSC-2021-04123,v2.1.4,2021-11-09 22:41:27,34,0.0243,0.8155,0.141,0.4997,836,130
RSC-2021-04124,v2.1.4,2021-06-15 11:24:32,48,0.0666,0.8167,0.1541,0.5002,1429,98
RSC-2021-04125,v2.1.3,2021-10-24 12:40:59,53,0.0873,0.8097,0.1277,0.5178,1486,34
RSC-2021-04126,v2.2.0,2021-12-10 20:17:37,39,0.0106,0.791,0.1366,0.5249,1469,53
RSC-2021-04127,v2.3.0,2021-02-03 05:07:03,37,0.0592,0.7726,0.1691,0.4986,1252,55
RSC-2021-04128,v2.1.4,2021-11-17 17:45:00,45,0.0145,0.8082,0.1752,0.5106,1129,131
RSC-2021-04129,v2.2.0,2021-09-20 20:22:45,50,0.0503,0.8505,0.1501,0.5065,926,29
RSC-2021-04130,v2.2.1,2021-12-23 19:47:16,41,0.044,0.8118,0.1616,0.5012,1391,74
RSC-2021-04131,v2.2.1,2021-01-06 17:58:32,55,0.04,0.7939,0.138,0.5014,1064,43
RSC-2021-04132,v2.1.3,2021-09-13 09:04:20,46,0.021,0.8485,0.1376,0.5125,849,27
RSC-2021-04133,v2.2.1,2021-12-10 08:25:06,35,0.0285,0.8055,0.1284,0.497,1409,87
RSC-2021-04134,v2.2.1,2021-03-02 02:00:41,47,0.0317,0.7983,0.1334,0.5048,807,97
RSC-2021-04135,v2.1.3,2021-05-11 00:55:21,36,0.0232,0.8229,0.1296,0.543,894,89
RSC-2021-04136,v2.3.0,2021-09-06 16:21:58,41,0.0144,0.8066,0.1355,0.4893,1269,98
RSC-2021-04137,v2.2.1,2021-07-19 10:27:22,44,0.0378,0.8082,0.1544,0.5113,1514,122
RSC-2021-04138,v2.1.4,2021-07-14 03:10:04,44,0.057,0.7866,0.1221,0.5249,1358,48
RSC-2021-04139,v2.1.3,2021-04-20 02:33:45,37,0.0836,0.7922,0.1553,0.5602,1588,26
RSC-2021-04140,v2.2.1,2021-08-11 07:55:33,44,0.0295,0.7754,0.1453,0.532,1271,56
RSC-2021-04141,v2.2.1,2021-01-15 21:05:10,53,0.0173,0.7915,0.1623,0.4728,1480,33
RSC-2021-04142,v2.2.0,2021-08-31 10:53:51,35,0.0321,0.7919,0.1377,0.4997,1235,133
RSC-2021-04143,v2.2.0,2021-03-03 21:56:15,38,0.0143,0.8189,0.1426,0.4653,1061,25
RSC-2021-04144,v2.1.3,2021-06-11 11:53:33,50,0.0194,0.7814,0.1341,0.5094,1452,31
RSC-2021-04145,v2.2.0,2021-03-13 07:38:10,39,0.0624,0.8127,0.1501,0.5051,952,133
RSC-2021-04146,v2.3.0,2021-03-21 07:20:14,40,0.0894,0.8522,0.1412,0.5199,1507,92
RSC-2021-04147,v2.1.3,2021-10-08 13:38:55,47,0.0423,0.8179,0.1453,0.5384,824,28
RSC-2021-04148,v2.2.1,2021-07-12 02:28:20,41,0.0412,0.8053,0.1431,0.522,830,74
RSC-2021-04149,v2.3.0,2021-12-29 13:56:12,46,0.0352,0.7978,0.1568,0.526,1463,78
RSC-2021-04150,v2.2.0,2021-03-22 05:27:41,39,0.0213,0.8357,0.1519,0.4934,1047,36
RSC-2021-04151,v2.3.0,2021-05-01 00:35:20,48,0.053,0.8101,0.1472,0.5165,1413,74
RSC-2021-04152,v2.2.0,2021-04-12 19:08:32,37,0.0045,0.7806,0.1354,0.5122,1412,93
RSC-2021-04153,v2.2.1,2021-10-24 16:58:12,43,0.0155,0.8367,0.1365,0.5085,901,82
RSC-2021-04154,v2.1.3,2021-07-25 07:16:27,54,0.0248,0.8044,0.137,0.5159,985,135
RSC-2021-04155,v2.2.0,2021-07-10 07:26:18,36,0.0111,0.799,0.1374,0.5063,1108,119
RSC-2021-04156,v2.3.0,2021-04-05 11:56:27,52,0.0306,0.8103,0.1404,0.4984,1389,58
RSC-2021-04157,v2.3.0,2021-05-01 03:29:29,49,0.0419,0.8194,0.1246,0.521,1027,79
RSC-2021-04158,v2.3.0,2021-01-10 11:43:50,34,0.0376,0.7758,0.1443,0.5084,1070,32
RSC-2021-04159,v2.1.3,2021-01-20 06:37:48,34,0.0025,0.8135,0.1314,0.496,1144,41
RSC-2021-04160,v2.2.0,2021-03-01 20:47:10,51,0.0451,0.8131,0.1501,0.5108,1325,91
RSC-2021-04161,v2.3.0,2021-06-18 04:47:36,52,0.0165,0.7977,0.1248,0.5145,1476,33
RSC-2021-04162,v2.3.0,2021-02-21 00:20:40,36,0.0149,0.7975,0.1273,0.4828,1066,33
RSC-2021-04163,v2.2.0,2021-12-01 01:32:06,53,0.0514,0.8246,0.1175,0.5005,930,43
RSC-2021-04164,v2.1.3,2021-04-28 18:52:48,35,0.0332,0.8076,0.1234,0.5155,1018,21
RSC-2021-04165,v2.3.0,2021-01-01 05:02:14,35,0.0308,0.8152,0.1306,0.5154,1427,111
RSC-2021-04166,v2.2.1,2021-12-20 18:26:52,40,0.0463,0.7854,0.1422,0.5259,988,90
RSC-2021-04167,v2.1.4,2021-04-17 11:34:32,56,0.0367,0.7842,0.1463,0.5223,1483,52
RSC-2021-04168,v2.1.4,2021-05-02 11:08:41,41,0.0311,0.8187,0.1269,0.5358,863,112
RSC-2021-04169,v2.2.0,2021-01-25 17:04:21,54,0.0092,0.8455,0.1399,0.5369,1553,79
RSC-2021-04170,v2.2.1,2021-03-22 13:35:16,57,0.0228,0.8186,0.1298,0.5435,1431,75
RSC-2021-04171,v2.1.3,2021-05-24 21:03:40,40,0.051,0.8211,0.1483,0.4899,1384,98
RSC-2021-04172,v2.2.1,2021-05-01 19:29:15,42,0.0771,0.8151,0.1525,0.5144,1032,93
RSC-2021-04173,v2.2.1,2021-11-14 09:05:45,52,0.0412,0.8031,0.1218,0.4984,1047,25
RSC-2021-04174,v2.1.4,2021-05-17 17:01:43,37,0.0345,0.7838,0.136,0.5079,805,25
RSC-2021-04175,v2.2.1,2021-11-25 02:05:22,35,0.0624,0.8003,0.1339,0.5037,1353,59
RSC-2021-04176,v2.1.3,2021-06-12 06:27:46,45,0.0226,0.7992,0.1516,0.4938,1048,66
RSC-2021-04177,v2.1.4,2021-09-05 19:21:11,44,0.0238,0.8324,0.1595,0.4864,1022,105
RSC-2021-04178,v2.3.0,2021-06-03 18:12:12,48,0.0728,0.8248,0.127,0.5067,825,72
RSC-2021-04179,v2.1.4,2021-11-16 09:37:04,37,0.0514,0.7967,0.1423,0.5292,944,59
RSC-2021-04180,v2.3.0,2021-08-14 12:06:35,34,0.012,0.8246,0.1526,0.5177,1447,101
RSC-2021-04181,v2.3.0,2021-02-02 03:59:58,42,0.0505,0.8227,0.1353,0.4897,1059,28
RSC-2021-04182,v2.2.0,2021-06-03 15:58:54,52,0.0513,0.8188,0.1406,0.4987,1059,129
RSC-2021-04183,v2.1.3,2021-05-26 05:45:49,34,0.0575,0.818,0.1558,0.5251,1420,91
RSC-2021-04184,v2.1.4,2021-03-15 12:23:42,42,0.0169,0.8103,0.1407,0.5203,941,22
RSC-2021-04185,v2.1.4,2021-12-13 18:52:23,56,0.0286,0.8213,0.1434,0.5289,836,38
RSC-2021-04186,v2.2.0,2021-09-11 01:10:01,38,0.0243,0.8404,0.1547,0.5352,1035,22
RSC-2021-04187,v2.1.4,2021-01-21 13:48:13,54,0.0339,0.8201,0.1339,0.516,1380,97
RSC-2021-04188,v2.2.1,2021-11-05 23:54:30,45,0.0282,0.8276,0.1434,0.5044,971,106
RSC-2021-04189,v2.1.4,2021-07-20 14:27:24,35,0.0723,0.8146,0.1432,0.4745,1083,79
RSC-2021-04190,v2.2.1,2021-05-14 11:04:00,42,0.0458,0.8078,0.1514,0.5047,1025,43
RSC-2021-04191,v2.1.4,2021-05-28 04:13:02,46,0.0167,0.823,0.1436,0.5441,1534,131
RSC-2021-04192,v2.1.3,2021-08-02 23:41:54,41,0.0131,0.7939,0.1297,0.5177,1591,108
RSC-2021-04193,v2.3.0,2021-04-29 14:56:57,41,0.0586,0.7878,0.1467,0.5363,1000,66
RSC-2021-04194,v2.3.0,2021-09-06 06:40:37,53,0.0843,0.7495,0.1556,0.4954,1540,125
RSC-2021-04195,v2.2.0,2021-08-05 14:19:19,34,0.081,0.814,0.1566,0.5122,1591,29
RSC-2021-04196,v2.1.3,2021-08-26 11:34:57,40,0.0111,0.7947,0.132,0.476,1510,29
RSC-2021-04197,v2.2.0,2021-10-05 21:32:15,34,0.0708,0.8148,0.1306,0.5109,838,60
RSC-2021-04198,v2.2.0,2021-08-27 02:29:54,41,0.052,0.8125,0.1359,0.5165,811,82
RSC-2021-04199,v2.1.4,2021-10-06 18:14:36,56,0.0368,0.795,0.1298,0.5232,1091,120
RSC-2021-04200,v2.2.0,2021-10-08 03:45:55,50,0.0316,0.79,0.1423,0.5119,962,28
RSC-2021-04201,v2.1.3,2021-06-18 14:04:46,46,0.0027,0.8183,0.1546,0.5166,1265,114
RSC-2021-04202,v2.2.0,2021-02-25 01:29:31,51,0.0306,0.782,0.1528,0.4737,1382,46
RSC-2021-04203,v2.1.4,2021-05-30 02:35:31,44,0.0573,0.8417,0.1384,0.5057,978,46
RSC-2021-04204,v2.2.1,2021-05-05 16:40:41,38,0.0755,0.8198,0.1355,0.491,1074,63
RSC-2021-04205,v2.3.0,2021-02-05 10:23:51,45,0.0199,0.7841,0.1498,0.537,805,131
RSC-2021-04206,v2.2.1,2021-11-15 09:44:48,57,0.035,0.828,0.1417,0.4883,1055,76
RSC-2021-04207,v2.2.0,2021-12-01 20:53:50,56,0.0244,0.8189,0.1553,0.519,1205,31
RSC-2021-04208,v2.2.0,2021-06-24 20:50:27,43,0.0369,0.825,0.1356,0.4931,964,30
RSC-2021-04209,v2.2.0,2021-06-26 15:16:33,34,0.0356,0.8117,0.1286,0.5374,1386,126
RSC-2021-04210,v2.1.3,2021-03-24 09:37:24,53,0.0448,0.791,0.1383,0.5335,1393,85
RSC-2021-04211,v2.3.0,2021-12-03 19:06:32,41,0.0509,0.7998,0.1511,0.4815,968,107
RSC-2021-04212,v2.1.4,2021-12-24 00:19:58,43,0.0273,0.8022,0.1316,0.4961,1044,23
RSC-2021-04213,v2.2.0,2021-12-22 01:02:07,34,0.0879,0.8083,0.143,0.5373,1327,51
RSC-2021-04214,v2.1.4,2021-12-13 08:29:00,44,0.0425,0.831,0.142,0.502,1294,121
RSC-2021-04215,v2.2.1,2021-03-12 07:10:27,36,0.0974,0.8175,0.1302,0.5207,1286,93
RSC-2021-04216,v2.1.3,2021-09-08 15:17:56,51,0.0554,0.8187,0.1615,0.5037,1599,63
RSC-2021-04217,v2.1.3,2021-10-31 00:12:23,40,0.036,0.8022,0.112,0.5192,1082,51
RSC-2021-04218,v2.1.4,2021-11-10 04:41:14,57,0.0281,0.7954,0.1429,0.5208,1349,80
RSC-2021-04219,v2.2.0,2021-10-08 22:29:37,53,0.0724,0.8197,0.1289,0.5405,876,115
RSC-2021-04220,v2.2.1,2021-06-24 20:35:37,52,0.0271,0.777,0.1368,0.469,1233,137
RSC-2021-04221,v2.1.3,2021-04-14 03:14:12,54,0.0124,0.8129,0.1401,0.4724,1329,20
RSC-2021-04222,v2.1.4,2021-08-17 17:02:07,53,0.0113,0.821,0.1351,0.503,1472,69
RSC-2021-04223,v2.2.0,2021-02-26 12:49:37,42,0.0451,0.8258,0.1638,0.4861,1342,71
RSC-2021-04224,v2.2.1,2021-06-16 09:53:41,51,0.0383,0.8027,0.1563,0.483,1255,56
RSC-2021-04225,v2.2.0,2021-03-13 11:28:15,52,0.0555,0.8146,0.1357,0.4988,1375,88
RSC-2021-04226,v2.1.4,2021-09-05 01:55:55,46,0.0611,0.7879,0.1364,0.5502,1079,127
RSC-2021-04227,v2.2.1,2021-01-10 03:05:35,39,0.035,0.8143,0.1532,0.5293,1500,95
RSC-2021-04228,v2.1.3,2021-03-12 05:06:15,37,0.0582,0.8098,0.1714,0.4959,936,111
RSC-2021-04229,v2.2.0,2021-01-20 09:06:17,35,0.0211,0.8088,0.1241,0.5108,980,75
RSC-2021-04230,v2.1.4,2021-02-08 13:53:17,42,0.0694,0.8277,0.1362,0.5276,1543,25
RSC-2021-04231,v2.1.3,2021-07-24 21:34:07,51,0.0318,0.806,0.1388,0.5337,1319,103
RSC-2021-04232,v2.3.0,2021-10-25 15:17:25,41,0.0322,0.818,0.1462,0.4859,915,117
RSC-2021-04233,v2.2.1,2021-09-29 14:23:50,50,0.0341,0.8045,0.1458,0.4773,1460,38
RSC-2021-04234,v2.1.3,2021-04-22 16:43:40,40,0.0037,0.8189,0.1553,0.5052,1536,88
RSC-2021-04235,v2.1.4,2021-07-12 22:46:44,38,0.1384,0.8039,0.1485,0.4781,1568,48
RSC-2021-04236,v2.2.1,2021-08-15 01:01:55,51,0.0198,0.834,0.1528,0.5329,1271,121
RSC-2021-04237,v2.3.0,2021-04-08 12:34:51,57,0.009,0.8067,0.1319,0.5202,906,73
RSC-2021-04238,v2.3.0,2021-11-30 06:28:04,47,0.1051,0.7998,0.113,0.4999,1086,62
RSC-2021-04239,v2.3.0,2021-03-29 22:12:24,42,0.0574,0.8009,0.1324,0.4707,1288,70
RSC-2021-04240,v2.2.1,2021-11-26 02:45:44,45,0.0432,0.8082,0.1331,0.5359,1129,59
RSC-2021-04241,v2.2.1,2021-01-09 15:12:44,44,0.0061,0.8062,0.15,0.5258,820,65
RSC-2021-04242,v2.2.0,2021-11-13 12:55:37,46,0.0363,0.8231,0.1173,0.5235,1255,21
RSC-2021-04243,v2.2.0,2021-01-20 22:41:50,34,0.0782,0.8397,0.131,0.4862,1381,112
RSC-2021-04244,v2.2.0,2021-02-21 09:00:07,36,0.0337,0.7904,0.1636,0.4869,1240,100
RSC-2021-04245,v2.3.0,2021-07-02 10:47:13,48,0.0482,0.8114,0.1464,0.5197,1133,57
RSC-2021-04246,v2.2.0,2021-11-12 11:10:32,37,0.0232,0.8166,0.1395,0.4906,1218,124
RSC-2021-04247,v2.1.4,2021-07-01 01:21:58,56,0.0056,0.8236,0.1165,0.5046,1222,68
RSC-2021-04248,v2.3.0,2021-03-01 22:50:24,43,0.0297,0.8243,0.1689,0.4856,1152,131
RSC-2021-04249,v2.2.1,2021-02-24 23:09:19,46,0.049,0.8206,0.1217,0.5048,810,29
RSC-2021-04250,v2.2.0,2021-02-08 19:46:44,34,0.0755,0.8007,0.1219,0.5499,874,75
RSC-2021-04251,v2.2.0,2021-11-16 15:39:45,55,0.0303,0.8275,0.126,0.5474,1401,71
RSC-2021-04252,v2.1.3,2021-05-18 08:16:51,52,0.0231,0.783,0.1421,0.5191,1582,68
RSC-2021-04253,v2.1.3,2021-09-22 23:06:46,57,0.0213,0.8069,0.121,0.5308,1351,93
RSC-2021-04254,v2.2.1,2021-12-21 13:06:41,52,0.0152,0.8042,0.1609,0.4867,1266,138
RSC-2021-04255,v2.2.0,2021-02-24 13:11:26,42,0.0992,0.8037,0.1345,0.53,919,110
RSC-2021-04256,v2.1.4,2021-04-12 00:43:00,52,0.0363,0.8203,0.1506,0.5032,1158,32
RSC-2021-04257,v2.1.3,2021-02-04 14:30:48,57,0.0641,0.8036,0.1524,0.506,869,57
RSC-2021-04258,v2.1.3,2021-12-25 18:20:46,54,0.0185,0.8362,0.1479,0.5115,1333,42
RSC-2021-04259,v2.3.0,2021-01-17 06:56:43,43,0.0232,0.8128,0.1398,0.5376,895,74
RSC-2021-04260,v2.1.3,2021-09-02 14:48:13,50,0.004,0.8174,0.1559,0.5013,1013,137
RSC-2021-04261,v2.2.0,2021-04-13 06:34:11,55,0.0397,0.8226,0.1244,0.4953,1586,34
RSC-2021-04262,v2.2.0,2021-07-05 16:38:00,42,0.0392,0.7822,0.1483,0.5306,1269,96
RSC-2021-04263,v2.1.4,2021-08-28 06:04:19,36,0.0201,0.7897,0.1364,0.5194,1180,40
RSC-2021-04264,v2.3.0,2021-04-18 16:22:06,50,0.0792,0.8422,0.1453,0.5118,1462,96
RSC-2021-04265,v2.3.0,2021-11-15 01:54:36,34,0.0128,0.816,0.133,0.498,1536,39
RSC-2021-04266,v2.3.0,2021-12-04 14:10:11,41,0.0085,0.8103,0.1538,0.497,1035,61
RSC-2021-04267,v2.1.4,2021-03-25 17:27:05,45,0.0724,0.8334,0.1396,0.5277,906,37
RSC-2021-04268,v2.2.0,2021-12-06 06:39:46,49,0.0402,0.8324,0.1373,0.4956,1545,43
RSC-2021-04269,v2.3.0,2021-04-03 17:48:28,44,0.0545,0.8036,0.1421,0.5051,984,126
RSC-2021-04270,v2.3.0,2021-07-03 12:43:13,46,0.047,0.8214,0.155,0.4664,1121,103
RSC-2021-04271,v2.1.4,2021-01-17 10:33:38,38,0.0375,0.8058,0.147,0.4667,1509,59
RSC-2021-04272,v2.1.4,2021-08-06 01:54:02,41,0.0744,0.8011,0.1609,0.5176,1534,50
RSC-2021-04273,v2.2.1,2021-03-12 07:45:20,55,0.025,0.8062,0.1561,0.5285,1295,27
RSC-2021-04274,v2.3.0,2021-01-03 08:51:38,40,0.0584,0.78,0.1452,0.5289,1275,75
RSC-2021-04275,v2.3.0,2021-11-19 04:27:39,50,0.0482,0.7907,0.1524,0.5547,1440,21
RSC-2021-04276,v2.1.4,2021-11-14 02:51:58,39,0.0179,0.8046,0.1412,0.5105,1358,116
RSC-2021-04277,v2.3.0,2021-03-31 22:30:11,38,0.011,0.8118,0.1461,0.5269,825,97
RSC-2021-04278,v2.1.4,2021-09-23 14:17:57,57,0.0081,0.8327,0.1274,0.5077,1075,122
RSC-2021-04279,v2.2.0,2021-06-25 00:32:20,53,0.0157,0.7867,0.1352,0.5172,859,136
RSC-2021-04280,v2.2.0,2021-07-07 10:09:47,54,0.0613,0.8315,0.1437,0.4916,1395,108
RSC-2021-04281,v2.2.1,2021-09-09 18:29:33,34,0.0317,0.8131,0.1405,0.5134,1231,40
RSC-2021-04282,v2.3.0,2021-01-11 14:15:10,36,0.0462,0.8202,0.1383,0.481,1541,88
RSC-2021-04283,v2.2.1,2021-11-10 11:01:29,54,0.08,0.771,0.1329,0.5029,1344,60
RSC-2021-04284,v2.2.1,2021-05-24 18:59:43,49,0.0111,0.8129,0.1493,0.5046,1247,55
RSC-2021-04285,v2.2.1,2021-07-28 20:25:31,56,0.0282,0.8367,0.1549,0.496,1259,105
RSC-2021-04286,v2.1.4,2021-01-09 19:11:58,48,0.0784,0.8085,0.1429,0.501,1585,78
RSC-2021-04287,v2.2.0,2021-03-18 18:43:11,43,0.125,0.8069,0.1332,0.5228,837,76
RSC-2021-04288,v2.1.4,2021-06-01 15:58:51,40,0.0694,0.8262,0.1505,0.4724,1090,131
RSC-2021-04289,v2.3.0,2021-06-07 23:49:40,41,0.1031,0.7921,0.1376,0.5255,1184,56
RSC-2021-04290,v2.1.3,2021-03-18 09:17:42,52,0.0443,0.802,0.1326,0.4982,1203,107
RSC-2021-04291,v2.3.0,2021-07-06 03:33:35,54,0.0253,0.8075,0.1522,0.5173,1118,111
RSC-2021-04292,v2.1.4,2021-11-23 07:59:10,39,0.0265,0.8035,0.1475,0.5018,863,104
RSC-2021-04293,v2.1.3,2021-08-04 06:04:38,40,0.0064,0.7972,0.1563,0.5256,1365,76
RSC-2021-04294,v2.1.3,2021-02-08 03:42:34,46,0.0822,0.7812,0.1226,0.5276,1105,56
RSC-2021-04295,v2.3.0,2021-08-30 19:56:41,51,0.0232,0.8365,0.1285,0.5238,1559,60
RSC-2021-04296,v2.2.1,2021-03-22 02:39:18,41,0.0689,0.7979,0.129,0.4993,1426,135
RSC-2021-04297,v2.3.0,2021-05-27 15:18:07,53,0.0524,0.8061,0.1509,0.4686,838,21
RSC-2021-04298,v2.3.0,2021-07-01 23:29:03,55,0.0272,0.8259,0.1295,0.5347,1276,131
RSC-2021-04299,v2.1.3,2021-04-17 13:08:07,35,0.0915,0.7848,0.1306,0.5293,1461,118
RSC-2021-04300,v2.3.0,2021-03-22 15:22:51,53,0.0452,0.812,0.1257,0.5087,1204,78
RSC-2021-04301,v2.2.1,2021-11-10 12:51:31,39,0.0318,0.8206,0.1369,0.5074,1141,35
RSC-2021-04302,v2.3.0,2021-05-12 03:09:16,50,0.026,0.8216,0.1191,0.5344,1267,128
RSC-2021-04303,v2.3.0,2021-03-24 10:14:54,36,0.0117,0.8543,0.153,0.5244,968,80
RSC-2021-04304,v2.2.0,2021-02-17 09:20:32,39,0.0057,0.8248,0.1552,0.554,927,89
RSC-2021-04305,v2.2.0,2021-01-12 02:19:25,44,0.0544,0.8118,0.1399,0.5403,1302,85
RSC-2021-04306,v2.3.0,2021-07-21 20:53:34,46,0.0518,0.805,0.1491,0.498,982,127
RSC-2021-04307,v2.1.3,2021-02-28 07:59:41,50,0.0066,0.8009,0.153,0.5073,1543,20
RSC-2021-04308,v2.2.0,2021-11-12 15:03:12,45,0.037,0.8203,0.1563,0.501,1203,74
RSC-2021-04309,v2.1.3,2021-01-18 17:41:06,38,0.0237,0.7993,0.1553,0.5059,1231,56
RSC-2021-04310,v2.1.4,2021-02-26 14:28:49,56,0.0235,0.826,0.1183,0.4557,1462,112
RSC-2021-04311,v2.1.3,2021-11-14 09:15:37,55,0.0198,0.8272,0.1282,0.5025,1090,75
RSC-2021-04312,v2.2.0,2021-11-12 01:15:53,44,0.0176,0.8101,0.143,0.5002,863,50
RSC-2021-04313,v2.3.0,2021-04-15 01:36:18,38,0.0234,0.8316,0.1455,0.5178,1358,97
RSC-2021-04314,v2.1.3,2021-11-11 18:55:25,55,0.0497,0.8295,0.1472,0.5092,919,134
RSC-2021-04315,v2.3.0,2021-08-19 18:12:39,42,0.0406,0.8034,0.1493,0.5031,814,96
RSC-2021-04316,v2.3.0,2021-09-25 15:25:17,47,0.0569,0.8096,0.1432,0.5259,1029,119
RSC-2021-04317,v2.1.4,2021-10-09 15:21:41,57,0.0268,0.838,0.1395,0.4505,1103,65
RSC-2021-04318,v2.1.4,2021-09-03 14:15:07,57,0.022,0.7916,0.1383,0.4998,1534,114
RSC-2021-04319,v2.3.0,2021-05-30 21:30:05,51,0.0721,0.8067,0.136,0.5015,1562,74
RSC-2021-04320,v2.1.3,2021-03-04 06:40:04,38,0.0172,0.8124,0.1634,0.5246,952,35
RSC-2021-04321,v2.2.0,2021-06-23 17:43:27,57,0.0221,0.8168,0.136,0.5159,885,47
RSC-2021-04322,v2.2.0,2021-03-11 15:05:51,42,0.0255,0.7848,0.1326,0.5256,1364,115
RSC-2021-04323,v2.1.3,2021-02-27 23:11:32,34,0.0059,0.7949,0.1188,0.5178,1427,49
RSC-2021-04324,v2.3.0,2021-04-15 12:47:09,40,0.0753,0.8056,0.1678,0.5334,1317,127
RSC-2021-04325,v2.2.0,2021-07-16 08:44:27,49,0.0341,0.8316,0.116,0.5527,1103,121
RSC-2021-04326,v2.2.0,2021-04-11 06:23:19,45,0.0276,0.8155,0.1302,0.5132,1493,57
RSC-2021-04327,v2.3.0,2021-01-03 18:37:30,43,0.0571,0.8091,0.1414,0.5446,1007,132
RSC-2021-04328,v2.1.3,2021-06-02 04:47:01,39,0.0761,0.8264,0.1528,0.5199,915,135
RSC-2021-04329,v2.3.0,2021-10-24 16:23:45,37,0.0156,0.8102,0.1423,0.5289,1360,113
RSC-2021-04330,v2.1.4,2021-11-10 20:01:39,47,0.0635,0.7952,0.1417,0.5147,1109,75
RSC-2021-04331,v2.3.0,2021-04-05 13:59:26,51,0.0247,0.8285,0.1559,0.5183,1237,81
RSC-2021-04332,v2.2.0,2021-10-19 09:56:55,47,0.0576,0.7865,0.1668,0.5209,1001,94
RSC-2021-04333,v2.2.0,2021-12-03 00:35:12,50,0.0119,0.7781,0.1541,0.4955,1379,34
RSC-2021-04334,v2.2.0,2021-11-24 00:37:00,46,0.0442,0.7964,0.1269,0.5144,1290,88
RSC-2021-04335,v2.1.3,2021-10-22 17:07:49,54,0.0175,0.7801,0.1429,0.4903,1328,102
RSC-2021-04336,v2.1.3,2021-10-14 22:07:06,39,0.016,0.8151,0.1587,0.5457,1228,78
RSC-2021-04337,v2.2.1,2021-10-27 13:16:00,52,0.0802,0.814,0.1413,0.5451,1380,107
RSC-2021-04338,v2.2.1,2021-05-28 01:06:58,35,0.0984,0.8165,0.1207,0.4883,1398,72
RSC-2021-04339,v2.3.0,2021-11-05 12:06:45,51,0.0231,0.7842,0.1571,0.5116,1169,20
RSC-2021-04340,v2.2.0,2021-05-04 17:37:53,54,0.0473,0.8068,0.1432,0.4738,1254,136
RSC-2021-04341,v2.1.3,2021-04-16 01:44:51,54,0.0454,0.799,0.1441,0.4957,1371,64
RSC-2021-04342,v2.2.0,2021-10-07 19:27:56,44,0.0178,0.8221,0.1452,0.4958,1327,106
RSC-2021-04343,v2.1.4,2021-04-03 13:03:14,49,0.0532,0.8283,0.1442,0.4881,1030,39
RSC-2021-04344,v2.3.0,2021-11-10 04:39:38,51,0.0774,0.7919,0.1238,0.5137,1413,55
RSC-2021-04345,v2.2.1,2021-01-20 00:18:18,48,0.0099,0.8109,0.1607,0.4868,879,57
RSC-2021-04346,v2.2.0,2021-01-29 14:32:07,51,0.062,0.8289,0.1364,0.527,816,64
RSC-2021-04347,v2.2.1,2021-05-25 05:55:56,54,0.0256,0.8228,0.1314,0.481,1245,29
RSC-2021-04348,v2.1.4,2021-07-12 21:37:11,34,0.0469,0.8015,0.1484,0.526,1224,22
RSC-2021-04349,v2.1.4,2021-04-26 14:28:15,44,0.0249,0.8458,0.1487,0.5036,1128,62
RSC-2021-04350,v2.1.3,2021-09-04 11:17:55,42,0.0302,0.8124,0.1283,0.5098,1328,106
RSC-2021-04351,v2.3.0,2021-08-18 02:28:28,35,0.0899,0.8142,0.1391,0.524,1425,34
RSC-2021-04352,v2.3.0,2021-01-15 23:08:10,46,0.0397,0.8326,0.1578,0.5032,968,20
RSC-2021-04353,v2.1.3,2021-04-19 15:16:51,43,0.0329,0.845,0.1333,0.5055,1096,112
RSC-2021-04354,v2.2.1,2021-07-25 21:38:50,52,0.0324,0.7618,0.1293,0.5159,1480,121
RSC-2021-04355,v2.2.1,2021-11-02 13:35:44,38,0.0967,0.8134,0.135,0.5015,878,117
RSC-2021-04356,v2.1.3,2021-07-04 13:27:43,53,0.0386,0.8261,0.1401,0.5014,1225,50
RSC-2021-04357,v2.1.4,2021-10-05 16:54:17,40,0.0325,0.8166,0.1396,0.5263,1311,110
RSC-2021-04358,v2.1.3,2021-04-30 00:21:47,46,0.0468,0.8152,0.1254,0.5526,1296,39
RSC-2021-04359,v2.2.0,2021-11-23 12:00:33,56,0.0794,0.8183,0.1427,0.5024,997,102
RSC-2021-04360,v2.1.4,2021-11-27 18:59:37,34,0.038,0.8143,0.1396,0.5272,940,122
RSC-2021-04361,v2.3.0,2021-10-15 08:18:42,39,0.0375,0.8015,0.1444,0.5211,1419,99
RSC-2021-04362,v2.2.1,2021-10-15 22:50:15,48,0.0273,0.8389,0.1516,0.5017,1597,28
RSC-2021-04363,v2.2.0,2021-05-02 08:53:16,52,0.0533,0.8097,0.1218,0.4955,1364,76
RSC-2021-04364,v2.3.0,2021-02-01 14:15:41,39,0.0227,0.8212,0.1436,0.4939,1427,54
RSC-2021-04365,v2.2.1,2021-01-12 09:03:37,38,0.0036,0.8469,0.127,0.4976,1069,135
RSC-2021-04366,v2.3.0,2021-01-04 23:14:32,34,0.0118,0.816,0.1399,0.4919,987,38
RSC-2021-04367,v2.1.4,2021-10-05 02:52:20,56,0.0369,0.8034,0.1142,0.5184,959,63
RSC-2021-04368,v2.1.4,2021-03-03 07:05:33,56,0.0041,0.8257,0.1272,0.5299,947,113
RSC-2021-04369,v2.1.4,2021-04-13 11:58:57,44,0.0574,0.7929,0.1452,0.5004,1478,78
RSC-2021-04370,v2.1.4,2021-08-07 00:33:18,51,0.0259,0.8461,0.138,0.503,1073,85
RSC-2021-04371,v2.1.3,2021-03-05 16:59:09,52,0.0583,0.8001,0.1389,0.5302,1092,114
RSC-2021-04372,v2.1.4,2021-11-26 18:09:29,43,0.0353,0.8238,0.1641,0.4879,1218,103
RSC-2021-04373,v2.2.1,2021-11-19 06:44:21,39,0.0174,0.8288,0.1519,0.5343,1004,61
RSC-2021-04374,v2.1.3,2021-07-16 23:55:53,35,0.0161,0.8222,0.1282,0.4983,1394,126
RSC-2021-04375,v2.1.3,2021-05-08 05:04:17,45,0.0124,0.8117,0.1603,0.4946,846,33
RSC-2021-04376,v2.2.1,2021-11-18 21:22:43,42,0.0359,0.8253,0.1553,0.4778,1555,37
RSC-2021-04377,v2.2.1,2021-07-16 07:41:52,51,0.0777,0.7956,0.162,0.529,1321,27
RSC-2021-04378,v2.2.1,2021-11-29 20:24:42,50,0.0417,0.8413,0.1452,0.516,869,119
RSC-2021-04379,v2.2.1,2021-10-21 11:20:24,57,0.0155,0.7737,0.1405,0.5038,1265,118
RSC-2021-04380,v2.1.3,2021-12-24 14:33:02,57,0.0115,0.8335,0.143,0.53,1413,135
RSC-2021-04381,v2.2.0,2021-04-06 22:18:13,55,0.0128,0.8226,0.1547,0.5317,1453,36
RSC-2021-04382,v2.1.3,2021-01-02 14:58:05,51,0.0531,0.7814,0.1379,0.5458,839,58
RSC-2021-04383,v2.2.0,2021-07-25 19:00:43,48,0.021,0.8099,0.1457,0.4948,883,35
RSC-2021-04384,v2.1.4,2021-11-29 16:19:57,36,0.0094,0.8173,0.1392,0.5039,1408,103
RSC-2021-04385,v2.3.0,2021-04-09 18:57:59,53,0.0744,0.8096,0.1295,0.4936,1290,66
RSC-2021-04386,v2.1.3,2021-09-03 10:09:52,38,0.0505,0.8114,0.126,0.5006,1394,131
RSC-2021-04387,v2.3.0,2021-12-16 17:17:20,36,0.0379,0.7913,0.1352,0.504,1123,71
RSC-2021-04388,v2.1.3,2021-08-08 05:47:51,51,0.0826,0.7999,0.1499,0.5061,1097,122
RSC-2021-04389,v2.3.0,2021-05-12 20:44:22,43,0.0435,0.8243,0.1631,0.5208,1426,52
RSC-2021-04390,v2.2.0,2021-08-02 18:56:37,53,0.0194,0.7872,0.1512,0.5402,1251,72
RSC-2021-04391,v2.2.1,2021-12-04 08:59:44,40,0.0367,0.8006,0.1067,0.4798,1202,26
RSC-2021-04392,v2.3.0,2021-04-11 04:56:03,47,0.0294,0.8259,0.1521,0.518,1412,37
RSC-2021-04393,v2.2.1,2021-04-23 04:30:30,56,0.018,0.8132,0.1392,0.5229,1449,71
RSC-2021-04394,v2.2.0,2021-08-19 01:38:34,55,0.0368,0.7956,0.1389,0.4889,1262,103
RSC-2021-04395,v2.2.0,2021-08-20 06:31:01,52,0.0463,0.8248,0.1412,0.5105,1026,96
RSC-2021-04396,v2.1.4,2021-02-01 02:02:10,53,0.0714,0.8409,0.1413,0.5331,913,132
RSC-2021-04397,v2.2.0,2021-07-13 19:25:51,34,0.0077,0.8335,0.154,0.5066,1268,96
RSC-2021-04398,v2.1.3,2021-11-14 13:46:10,35,0.0401,0.797,0.1344,0.5072,1559,58
RSC-2021-04399,v2.2.0,2021-10-01 23:09:32,45,0.0229,0.8426,0.1626,0.5468,864,74
RSC-2021-04400,v2.1.4,2021-02-21 18:10:21,51,0.0582,0.8335,0.1408,0.5269,1440,100
RSC-2021-04401,v2.2.1,2021-07-19 15:03:29,37,0.0425,0.8388,0.1661,0.4964,1375,23
RSC-2021-04402,v2.1.4,2021-02-03 08:24:24,38,0.0122,0.8035,0.1376,0.5464,1357,45
RSC-2021-04403,v2.3.0,2021-03-06 12:29:58,42,0.0446,0.8123,0.1545,0.5134,1256,57
RSC-2021-04404,v2.3.0,2021-11-28 17:44:40,51,0.03,0.8199,0.1315,0.5084,1234,74
RSC-2021-04405,v2.1.3,2021-04-19 02:13:23,57,0.0427,0.795,0.1279,0.5432,814,133
RSC-2021-04406,v2.3.0,2021-04-06 05:14:26,50,0.0289,0.7933,0.1406,0.5152,933,95
RSC-2021-04407,v2.1.3,2021-04-23 06:22:00,37,0.0289,0.8026,0.1539,0.487,850,38
RSC-2021-04408,v2.1.3,2021-09-04 13:47:52,57,0.0175,0.8397,0.1596,0.5007,835,47
RSC-2021-04409,v2.2.0,2021-08-09 11:15:19,39,0.0312,0.8149,0.1424,0.4994,1113,127
RSC-2021-04410,v2.2.0,2021-01-01 16:07:04,43,0.0335,0.8034,0.1424,0.4918,1127,108
RSC-2021-04411,v2.1.4,2021-03-12 10:37:52,50,0.0334,0.8117,0.1347,0.5126,1183,66
RSC-2021-04412,v2.3.0,2021-08-25 04:38:41,43,0.0652,0.7957,0.1394,0.5281,1335,35
RSC-2021-04413,v2.2.1,2021-02-06 00:22:28,48,0.0544,0.766,0.1537,0.484,1130,67
RSC-2021-04414,v2.3.0,2021-10-12 03:06:59,52,0.0264,0.8455,0.1584,0.4881,1092,63
RSC-2021-04415,v2.1.3,2021-10-31 20:24:34,53,0.0653,0.8141,0.145,0.4923,1138,25
RSC-2021-04416,v2.2.1,2021-11-16 20:24:31,56,0.0797,0.7846,0.1536,0.4886,824,86
RSC-2021-04417,v2.1.4,2021-07-11 22:37:11,52,0.0199,0.7952,0.1515,0.5057,960,131
RSC-2021-04418,v2.3.0,2021-10-24 01:47:06,52,0.031,0.8285,0.1583,0.4883,1175,29
RSC-2021-04419,v2.1.4,2021-11-19 06:52:38,52,0.0279,0.8091,0.1339,0.5306,1478,67
RSC-2021-04420,v2.1.3,2021-04-17 17:50:15,44,0.0272,0.7981,0.1309,0.4942,966,129
RSC-2021-04421,v2.2.0,2021-07-08 21:26:15,43,0.0183,0.8245,0.1329,0.5121,1222,70
RSC-2021-04422,v2.3.0,2021-04-27 09:08:27,47,0.0514,0.8254,0.151,0.4962,1099,106
RSC-2021-04423,v2.1.3,2021-01-10 04:29:55,55,0.0492,0.8342,0.1488,0.5497,1423,75
RSC-2021-04424,v2.1.3,2021-03-03 04:23:54,47,0.0406,0.8184,0.1294,0.4937,1002,35
RSC-2021-04425,v2.1.4,2021-07-24 08:00:35,46,0.0639,0.8109,0.1466,0.5307,1530,73
RSC-2021-04426,v2.3.0,2021-04-02 19:58:20,55,0.0273,0.8041,0.1245,0.5203,1515,22
RSC-2021-04427,v2.1.3,2021-09-24 16:20:25,56,0.0583,0.8246,0.1412,0.4759,1023,42
RSC-2021-04428,v2.1.4,2021-09-07 05:24:55,53,0.018,0.8305,0.1409,0.5036,1205,96
RSC-2021-04429,v2.2.0,2021-03-25 20:39:22,34,0.0046,0.7983,0.1179,0.5181,1527,20
RSC-2021-04430,v2.2.0,2021-07-21 09:10:38,44,0.0221,0.8088,0.1345,0.5286,871,65
RSC-2021-04431,v2.2.0,2021-05-21 21:38:43,56,0.1143,0.8435,0.1365,0.504,1048,98
RSC-2021-04432,v2.2.0,2021-03-18 07:46:30,37,0.0265,0.7968,0.1499,0.5139,1160,99
RSC-2021-04433,v2.1.3,2021-01-11 21:53:46,57,0.0389,0.8108,0.1498,0.4953,931,37
RSC-2021-04434,v2.2.0,2021-04-24 23:26:11,42,0.0135,0.8113,0.1679,0.511,827,109
RSC-2021-04435,v2.2.0,2021-11-05 23:54:06,37,0.0773,0.8332,0.1434,0.511,1563,45
RSC-2021-04436,v2.1.3,2021-10-14 19:27:06,40,0.0238,0.8136,0.1628,0.5261,966,75
RSC-2021-04437,v2.3.0,2021-01-30 20:57:29,49,0.0236,0.7923,0.1354,0.5076,1014,88
RSC-2021-04438,v2.2.0,2021-05-24 16:44:56,41,0.0135,0.7928,0.148,0.5276,1066,58
RSC-2021-04439,v2.3.0,2021-11-17 15:30:11,52,0.0485,0.784,0.1398,0.52,1363,38
RSC-2021-04440,v2.1.3,2021-02-07 04:03:41,46,0.025,0.8484,0.1719,0.5406,1103,95
RSC-2021-04441,v2.1.3,2021-08-26 19:49:06,57,0.0693,0.803,0.128,0.522,1428,61
RSC-2021-04442,v2.3.0,2021-10-27 14:00:19,49,0.0596,0.7995,0.1674,0.5177,900,51
RSC-2021-04443,v2.3.0,2021-08-13 03:54:54,52,0.0448,0.8317,0.1571,0.4669,832,66
RSC-2021-04444,v2.1.3,2021-03-20 00:34:01,43,0.0635,0.8017,0.1608,0.4585,1369,20
RSC-2021-04445,v2.1.4,2021-07-12 22:19:57,55,0.1002,0.8226,0.1657,0.5013,1251,49
RSC-2021-04446,v2.2.1,2021-06-03 21:07:37,41,0.0254,0.8074,0.1596,0.524,1040,106
RSC-2021-04447,v2.3.0,2021-05-26 21:12:30,46,0.0767,0.8047,0.1494,0.5214,1108,80
RSC-2021-04448,v2.2.0,2021-01-03 03:25:19,43,0.0544,0.8057,0.1483,0.5538,955,63
RSC-2021-04449,v2.1.4,2021-01-28 10:20:50,46,0.0547,0.7731,0.1358,0.4941,1170,56
RSC-2021-04450,v2.2.0,2021-08-23 22:29:47,36,0.0205,0.795,0.1437,0.4962,1305,115
RSC-2021-04451,v2.2.1,2021-04-19 01:45:16,45,0.0526,0.8306,0.1358,0.5044,1281,38
RSC-2021-04452,v2.2.1,2021-04-18 12:01:26,43,0.0305,0.8424,0.1288,0.5156,1536,41
RSC-2021-04453,v2.2.1,2021-04-23 10:47:14,55,0.0572,0.8115,0.14,0.5047,1130,133
RSC-2021-04454,v2.2.1,2021-03-30 01:15:03,43,0.0257,0.8209,0.1317,0.5032,1363,66
RSC-2021-04455,v2.2.1,2021-11-08 15:40:53,49,0.109,0.8584,0.1499,0.5018,822,113
RSC-2021-04456,v2.2.0,2021-10-14 20:44:53,37,0.0261,0.8327,0.1324,0.495,874,64
RSC-2021-04457,v2.1.3,2021-12-29 14:23:07,37,0.0293,0.8344,0.1545,0.4982,1588,119
RSC-2021-04458,v2.3.0,2021-12-26 19:14:43,35,0.0464,0.8095,0.1515,0.5163,978,75
RSC-2021-04459,v2.3.0,2021-02-13 04:05:46,57,0.0574,0.8319,0.1235,0.5523,829,105
RSC-2021-04460,v2.3.0,2021-03-14 14:07:46,55,0.0626,0.8105,0.1645,0.5355,846,63
RSC-2021-04461,v2.2.0,2021-07-19 14:56:18,49,0.0628,0.8349,0.1239,0.5128,843,122
RSC-2021-04462,v2.2.0,2021-07-19 06:47:49,35,0.0102,0.8152,0.1574,0.5284,1389,132
RSC-2021-04463,v2.1.3,2021-09-06 13:17:13,35,0.0437,0.8152,0.1346,0.5494,1050,129
RSC-2021-04464,v2.2.1,2021-06-12 15:53:16,57,0.0115,0.8197,0.1519,0.5305,988,120
RSC-2021-04465,v2.1.3,2021-01-31 09:12:19,53,0.0348,0.7795,0.1426,0.4739,1512,121
RSC-2021-04466,v2.1.4,2021-08-31 13:01:50,43,0.1172,0.8178,0.143,0.5291,902,42
RSC-2021-04467,v2.1.4,2021-08-19 19:51:00,54,0.0507,0.8327,0.1277,0.5172,1528,97
RSC-2021-04468,v2.2.0,2021-03-01 04:45:09,38,0.0165,0.8233,0.138,0.4984,1035,22
RSC-2021-04469,v2.2.1,2021-09-02 13:42:20,38,0.0176,0.7896,0.1617,0.5221,853,51
RSC-2021-04470,v2.2.0,2021-11-02 07:11:35,46,0.0749,0.8112,0.1283,0.4854,1599,20
RSC-2021-04471,v2.3.0,2021-08-27 03:13:52,46,0.0269,0.846,0.1672,0.4958,846,125
RSC-2021-04472,v2.3.0,2021-11-17 14:13:03,47,0.0324,0.8262,0.1307,0.5281,1248,45
RSC-2021-04473,v2.1.3,2021-10-31 07:11:57,48,0.0369,0.8119,0.1455,0.5046,1419,127
RSC-2021-04474,v2.1.4,2021-06-16 10:37:32,39,0.0569,0.7974,0.1607,0.5378,1285,69
RSC-2021-04475,v2.1.3,2021-07-13 14:46:45,51,0.0365,0.7853,0.1314,0.516,1426,110
RSC-2021-04476,v2.1.4,2021-06-04 07:23:08,37,0.0703,0.8225,0.128,0.5318,823,127
RSC-2021-04477,v2.2.1,2021-11-18 18:11:52,36,0.072,0.8074,0.1522,0.5076,1538,48
RSC-2021-04478,v2.1.3,2021-01-20 13:58:23,49,0.0229,0.8448,0.1338,0.5124,1086,86
RSC-2021-04479,v2.3.0,2021-12-23 05:29:04,39,0.0403,0.8073,0.1403,0.5161,1001,82
RSC-2021-04480,v2.1.3,2021-01-04 23:49:47,36,0.0303,0.779,0.1492,0.5201,927,83
RSC-2021-04481,v2.2.1,2021-03-12 17:40:26,42,0.034,0.8076,0.1435,0.514,1331,63
RSC-2021-04482,v2.1.3,2021-11-11 05:07:25,37,0.0185,0.7889,0.1258,0.4919,842,42
RSC-2021-04483,v2.1.4,2021-07-09 19:04:58,52,0.0289,0.8031,0.1451,0.5237,1440,43
RSC-2021-04484,v2.3.0,2021-07-24 01:51:58,40,0.0302,0.8237,0.1649,0.5046,999,28
RSC-2021-04485,v2.2.1,2021-02-02 09:18:05,48,0.0392,0.8106,0.1288,0.5131,1190,75
RSC-2021-04486,v2.3.0,2021-10-30 08:44:16,34,0.0433,0.8095,0.135,0.5638,1424,138
RSC-2021-04487,v2.3.0,2021-04-26 10:41:11,39,0.0446,0.8167,0.1346,0.5504,1184,134
RSC-2021-04488,v2.2.0,2021-05-30 05:37:15,54,0.0255,0.8438,0.1419,0.51,931,30
RSC-2021-04489,v2.1.4,2021-06-30 05:48:22,51,0.0653,0.8073,0.1361,0.5456,1397,26
RSC-2021-04490,v2.2.1,2021-01-23 14:19:07,54,0.0089,0.8234,0.1438,0.515,1256,72
RSC-2021-04491,v2.1.3,2021-12-13 21:00:48,45,0.0413,0.7933,0.1538,0.4976,1426,21
RSC-2021-04492,v2.2.0,2021-03-21 03:23:50,40,0.0358,0.8076,0.1363,0.474,1333,25
RSC-2021-04493,v2.3.0,2021-01-04 21:45:47,53,0.0452,0.7868,0.1372,0.5056,1314,53
RSC-2021-04494,v2.3.0,2021-05-13 11:16:52,37,0.0449,0.8075,0.1414,0.5412,1113,27
RSC-2021-04495,v2.3.0,2021-04-11 01:49:09,36,0.0295,0.8062,0.1523,0.4908,941,138
RSC-2021-04496,v2.1.3,2021-12-09 18:10:32,39,0.0104,0.8049,0.1308,0.5272,1110,20
RSC-2021-04497,v2.1.3,2021-05-26 04:14:12,45,0.0381,0.7936,0.151,0.5361,1538,95
RSC-2021-04498,v2.1.3,2021-11-03 19:39:56,36,0.0974,0.8106,0.1498,0.4996,820,117
RSC-2021-04499,v2.1.4,2021-01-08 16:38:38,45,0.0351,0.7864,0.1544,0.5192,1151,118
RSC-2021-04500,v2.1.4,2021-06-25 14:33:06,54,0.0198,0.7995,0.1326,0.5082,933,32
RSC-2021-04501,v2.3.0,2021-04-13 07:25:10,48,0.0392,0.7899,0.1302,0.4922,1320,91
RSC-2021-04502,v2.2.0,2021-06-29 14:57:43,49,0.0666,0.7981,0.1459,0.5164,1294,67
RSC-2021-04503,v2.1.3,2021-03-15 11:56:31,35,0.0087,0.8197,0.1271,0.5187,939,115
RSC-2021-04504,v2.1.4,2021-08-05 11:30:40,35,0.0393,0.7799,0.1441,0.4783,1258,49
RSC-2021-04505,v2.1.3,2021-07-18 00:59:09,36,0.0247,0.8154,0.1399,0.4954,1053,138
RSC-2021-04506,v2.1.4,2021-05-03 10:50:25,38,0.095,0.8577,0.1358,0.5126,1356,54
RSC-2021-04507,v2.1.3,2021-04-28 01:10:15,51,0.0396,0.8175,0.1629,0.5332,952,38
RSC-2021-04508,v2.1.3,2021-12-20 22:07:15,42,0.0397,0.8092,0.1597,0.5162,1190,52
RSC-2021-04509,v2.2.1,2021-12-05 20:37:14,48,0.0157,0.8482,0.1294,0.5255,973,129
RSC-2021-04510,v2.2.1,2021-09-01 12:08:20,44,0.0024,0.8075,0.1406,0.4887,958,72
RSC-2021-04511,v2.3.0,2021-04-14 06:14:29,45,0.0153,0.8376,0.1632,0.5407,1228,60
RSC-2021-04512,v2.1.3,2021-09-08 05:18:01,34,0.0408,0.8115,0.1404,0.5349,1362,72
RSC-2021-04513,v2.1.3,2021-10-21 11:55:19,40,0.0812,0.8023,0.1497,0.482,1542,77
RSC-2021-04514,v2.1.4,2021-10-22 04:56:18,44,0.05,0.7916,0.1363,0.5152,1489,48
RSC-2021-04515,v2.2.0,2021-09-26 10:44:31,47,0.0525,0.8254,0.159,0.529,936,118
RSC-2021-04516,v2.3.0,2021-12-30 07:05:08,46,0.0161,0.8169,0.1418,0.503,850,63
RSC-2021-04517,v2.1.4,2021-04-27 18:30:37,49,0.0206,0.8297,0.1418,0.5377,885,71
RSC-2021-04518,v2.3.0,2021-02-27 02:19:09,42,0.0385,0.815,0.1555,0.5503,1146,122
RSC-2021-04519,v2.1.3,2021-02-17 09:52:34,35,0.0421,0.8093,0.1479,0.4889,1274,97
RSC-2021-04520,v2.2.1,2021-10-04 22:07:36,49,0.0474,0.8159,0.1428,0.5401,876,130
RSC-2021-04521,v2.2.0,2021-03-19 19:02:50,43,0.0247,0.8068,0.1293,0.5084,890,43
RSC-2021-04522,v2.1.3,2021-12-21 04:01:31,38,0.0531,0.7924,0.1571,0.4941,1269,97
RSC-2021-04523,v2.2.1,2021-06-23 09:26:09,36,0.0176,0.7952,0.1428,0.5053,897,21
RSC-2021-04524,v2.3.0,2021-01-06 02:06:02,49,0.0672,0.7931,0.1457,0.4589,1535,79
RSC-2021-04525,v2.1.4,2021-03-26 14:47:26,47,0.0128,0.8293,0.1446,0.5343,1201,80
RSC-2021-04526,v2.3.0,2021-09-01 03:37:13,37,0.0107,0.7894,0.139,0.5027,1292,119
RSC-2021-04527,v2.1.3,2021-02-04 21:00:24,50,0.0552,0.8345,0.1366,0.5189,822,129
RSC-2021-04528,v2.1.3,2021-07-08 11:05:00,38,0.1118,0.8238,0.1335,0.4965,1354,20
RSC-2021-04529,v2.1.4,2021-08-17 20:59:07,39,0.0377,0.8405,0.1376,0.5397,984,56
RSC-2021-04530,v2.1.3,2021-05-03 01:36:00,53,0.0043,0.806,0.1534,0.4921,905,124
RSC-2021-04531,v2.2.0,2021-08-08 02:03:19,48,0.0277,0.8108,0.1464,0.4919,1103,63
RSC-2021-04532,v2.1.3,2021-02-14 15:11:45,47,0.0108,0.8054,0.1462,0.488,1523,57
RSC-2021-04533,v2.1.3,2021-10-29 17:50:48,39,0.0056,0.8348,0.1489,0.5375,1114,52
RSC-2021-04534,v2.2.1,2021-03-09 17:33:28,54,0.0312,0.8062,0.1328,0.5007,820,38
RSC-2021-04535,v2.2.1,2021-06-24 02:27:23,57,0.0634,0.8059,0.1591,0.5101,1361,41
RSC-2021-04536,v2.3.0,2021-11-23 12:28:47,37,0.0065,0.7908,0.147,0.5227,1437,52
RSC-2021-04537,v2.1.4,2021-12-16 05:28:27,37,0.0087,0.8173,0.1419,0.5412,1020,36
RSC-2021-04538,v2.2.1,2021-09-13 23:06:33,55,0.0937,0.8541,0.1483,0.5255,910,26
RSC-2021-04539,v2.1.4,2021-03-15 23:42:38,43,0.0359,0.8288,0.1352,0.4974,1592,84
RSC-2021-04540,v2.2.0,2021-08-12 19:19:12,54,0.0229,0.7974,0.1654,0.522,1193,91
RSC-2021-04541,v2.1.3,2021-11-16 15:27:47,51,0.0611,0.8371,0.1399,0.4677,1362,96
RSC-2021-04542,v2.1.3,2021-11-17 09:57:24,57,0.0432,0.7981,0.1381,0.5102,1039,48
RSC-2021-04543,v2.2.1,2021-11-04 23:32:54,57,0.058,0.8396,0.146,0.5182,1341,31
RSC-2021-04544,v2.3.0,2021-01-25 08:11:16,37,0.0342,0.8227,0.1292,0.4954,1504,122
RSC-2021-04545,v2.1.3,2021-04-22 07:57:25,43,0.0502,0.8018,0.1398,0.4909,1560,82
RSC-2021-04546,v2.2.0,2021-06-04 05:32:03,44,0.077,0.8166,0.1309,0.5438,873,53
RSC-2021-04547,v2.1.3,2021-01-26 09:07:12,41,0.0216,0.8019,0.1535,0.5294,1555,98
RSC-2021-04548,v2.2.1,2021-06-06 02:39:07,43,0.0789,0.8084,0.155,0.5131,1496,29
RSC-2021-04549,v2.3.0,2021-10-29 20:17:54,47,0.0142,0.8381,0.1297,0.4849,1328,128
RSC-2021-04550,v2.2.0,2021-03-23 11:46:45,56,0.0093,0.7736,0.1541,0.5027,1191,67
RSC-2021-04551,v2.2.0,2021-04-16 02:03:58,50,0.083,0.8144,0.1451,0.4763,1548,80
RSC-2021-04552,v2.1.4,2021-12-10 20:31:59,56,0.0994,0.8317,0.1488,0.5405,886,136
RSC-2021-04553,v2.2.1,2021-10-30 04:40:27,48,0.0228,0.7979,0.1368,0.5261,1281,113
RSC-2021-04554,v2.2.0,2021-06-22 01:58:22,45,0.0376,0.7871,0.1578,0.5148,1489,33
RSC-2021-04555,v2.1.4,2021-08-28 16:12:09,47,0.0049,0.8295,0.1533,0.4973,1120,30
RSC-2021-04556,v2.2.0,2021-08-08 08:29:29,51,0.0327,0.8022,0.1525,0.5029,1288,82
RSC-2021-04557,v2.1.4,2021-04-09 06:58:45,37,0.0648,0.8364,0.15,0.5442,941,83
RSC-2021-04558,v2.3.0,2021-07-30 10:08:58,38,0.034,0.8119,0.1761,0.5104,821,41
RSC-2021-04559,v2.2.1,2021-01-28 05:56:09,50,0.0487,0.793,0.1423,0.5115,1193,76
RSC-2021-04560,v2.2.0,2021-12-18 15:47:07,54,0.0377,0.8289,0.1553,0.5495,1247,89
RSC-2021-04561,v2.2.1,2021-01-25 14:03:25,49,0.0478,0.8264,0.1596,0.5011,1213,84
RSC-2021-04562,v2.3.0,2021-02-10 08:21:38,57,0.0241,0.829,0.1336,0.5263,1273,88
RSC-2021-04563,v2.1.4,2021-06-04 02:03:10,42,0.0148,0.79,0.1367,0.5179,1053,33
RSC-2021-04564,v2.1.4,2021-01-20 11:07:26,46,0.0487,0.8024,0.1552,0.4992,1120,33
RSC-2021-04565,v2.2.1,2021-08-09 22:36:36,34,0.0181,0.8076,0.1332,0.5269,1363,42
RSC-2021-04566,v2.1.4,2021-04-13 10:51:21,44,0.0458,0.796,0.1429,0.5379,1585,126
RSC-2021-04567,v2.2.0,2021-05-17 13:52:37,35,0.0333,0.8212,0.1433,0.505,1171,48
RSC-2021-04568,v2.2.1,2021-09-23 02:29:56,53,0.0206,0.8387,0.1424,0.503,1057,34
RSC-2021-04569,v2.1.4,2021-08-12 17:53:44,52,0.0294,0.8187,0.1222,0.5138,1274,78
RSC-2021-04570,v2.3.0,2021-05-15 16:16:22,54,0.0683,0.8224,0.1405,0.5144,1541,73
RSC-2021-04571,v2.2.0,2021-02-24 21:36:21,45,0.0474,0.8164,0.1526,0.5385,1469,122
RSC-2021-04572,v2.2.0,2021-01-02 07:11:49,57,0.0254,0.7889,0.1415,0.4866,1345,46
RSC-2021-04573,v2.3.0,2021-02-03 02:32:47,45,0.1022,0.8324,0.1486,0.5038,962,48
RSC-2021-04574,v2.2.0,2021-08-08 14:49:00,53,0.0242,0.8348,0.1439,0.5111,994,74
RSC-2021-04575,v2.2.1,2021-03-20 05:41:49,36,0.0629,0.7904,0.1469,0.5141,1594,107
RSC-2021-04576,v2.1.3,2021-07-04 21:55:40,43,0.0259,0.8104,0.1338,0.4916,1443,109
RSC-2021-04577,v2.2.1,2021-01-16 13:10:54,42,0.0226,0.8312,0.1339,0.4841,1018,63
RSC-2021-04578,v2.1.3,2021-03-02 12:27:25,55,0.004,0.8347,0.1336,0.5297,1079,56
RSC-2021-04579,v2.3.0,2021-10-12 13:13:06,47,0.0057,0.7962,0.1279,0.4956,1079,110
RSC-2021-04580,v2.2.0,2021-04-13 14:29:23,34,0.1328,0.821,0.1409,0.5125,1055,29
RSC-2021-04581,v2.2.0,2021-07-22 22:12:27,39,0.014,0.8286,0.1342,0.5126,1115,101
RSC-2021-04582,v2.2.0,2021-08-25 08:34:53,47,0.021,0.81,0.1253,0.5211,1209,84
RSC-2021-04583,v2.2.0,2021-03-19 18:33:57,52,0.0476,0.8235,0.1297,0.5476,1131,32
RSC-2021-04584,v2.2.1,2021-12-29 00:56:14,57,0.0181,0.8165,0.1459,0.5241,1500,49
RSC-2021-04585,v2.2.0,2021-02-15 13:28:36,46,0.0341,0.8031,0.144,0.524,1595,76
RSC-2021-04586,v2.2.0,2021-09-15 19:17:03,46,0.0329,0.8074,0.1361,0.4655,1152,37
RSC-2021-04587,v2.3.0,2021-04-05 12:08:40,55,0.0685,0.8248,0.1326,0.5171,1260,29
RSC-2021-04588,v2.2.0,2021-08-23 00:04:31,35,0.0142,0.8087,0.1387,0.5296,923,135
RSC-2021-04589,v2.1.4,2021-10-15 04:07:16,47,0.0253,0.786,0.1461,0.5197,1477,135
RSC-2021-04590,v2.2.1,2021-10-08 20:18:48,48,0.0651,0.8292,0.1456,0.4891,916,28
RSC-2021-04591,v2.2.1,2021-10-06 01:38:01,52,0.0184,0.8262,0.1181,0.5323,939,33
RSC-2021-04592,v2.1.3,2021-04-14 11:32:23,43,0.0158,0.8089,0.1463,0.4968,1163,31
RSC-2021-04593,v2.3.0,2021-07-31 12:08:44,39,0.0115,0.8042,0.1292,0.5029,1480,58
RSC-2021-04594,v2.1.4,2021-04-15 04:05:46,51,0.0166,0.7951,0.1387,0.4951,1145,93
RSC-2021-04595,v2.2.1,2021-05-27 20:35:39,42,0.0686,0.8055,0.1304,0.493,1345,105
RSC-2021-04596,v2.2.1,2021-10-25 06:57:33,51,0.0562,0.7714,0.1552,0.5174,1584,83
RSC-2021-04597,v2.3.0,2021-10-31 20:06:18,52,0.0304,0.7921,0.133,0.5381,1264,131
RSC-2021-04598,v2.2.1,2021-02-12 14:35:56,39,0.0496,0.7785,0.1261,0.5196,1480,50
RSC-2021-04599,v2.3.0,2021-12-11 16:53:29,46,0.0482,0.8462,0.1444,0.5375,1216,41
RSC-2021-04600,v2.2.1,2021-11-04 15:15:29,48,0.0696,0.805,0.1558,0.5332,1509,113
RSC-2021-04601,v2.3.0,2021-04-05 20:04:57,47,0.0289,0.7601,0.1374,0.5325,1387,43
RSC-2021-04602,v2.2.1,2021-05-25 22:14:47,42,0.0042,0.8354,0.1443,0.5199,1015,120
RSC-2021-04603,v2.2.0,2021-10-04 14:51:21,36,0.0512,0.8044,0.1351,0.5109,993,28
RSC-2021-04604,v2.1.3,2021-01-03 04:03:02,53,0.0113,0.834,0.1435,0.4888,1005,109
RSC-2021-04605,v2.1.4,2021-02-05 03:04:58,44,0.0612,0.8026,0.1673,0.5168,919,98
RSC-2021-04606,v2.1.3,2021-01-17 06:51:30,48,0.0605,0.7947,0.1423,0.5108,1486,47
RSC-2021-04607,v2.2.1,2021-10-05 23:43:26,40,0.0501,0.8211,0.1414,0.5379,1200,93
RSC-2021-04608,v2.3.0,2021-05-07 14:02:56,42,0.0857,0.8209,0.1342,0.5173,1533,64
RSC-2021-04609,v2.1.4,2021-08-24 06:28:48,57,0.011,0.7999,0.1451,0.5158,989,35
RSC-2021-04610,v2.2.0,2021-01-30 07:39:37,57,0.0404,0.8156,0.1292,0.5271,1050,135
RSC-2021-04611,v2.2.1,2021-07-10 23:14:46,42,0.0427,0.8045,0.1242,0.5088,1353,62
RSC-2021-04612,v2.2.1,2021-11-20 16:04:49,50,0.0297,0.8133,0.1438,0.5286,1407,87
RSC-2021-04613,v2.1.4,2021-08-15 01:10:23,39,0.0495,0.8276,0.1452,0.5146,1031,58
RSC-2021-04614,v2.2.1,2021-01-02 08:51:01,37,0.06,0.7907,0.1231,0.5107,1347,109
RSC-2021-04615,v2.3.0,2021-04-17 00:54:16,57,0.0102,0.8081,0.1423,0.5531,1386,118
RSC-2021-04616,v2.1.4,2021-10-09 21:04:25,49,0.0457,0.8178,0.134,0.5158,875,26
RSC-2021-04617,v2.1.3,2021-12-29 18:39:37,37,0.0183,0.8075,0.113,0.5154,888,121
RSC-2021-04618,v2.2.1,2021-08-02 04:16:11,50,0.0502,0.8063,0.158,0.5251,1226,96
RSC-2021-04619,v2.1.3,2021-03-12 02:41:16,52,0.0075,0.8123,0.1364,0.5036,1321,125
RSC-2021-04620,v2.2.0,2021-06-02 15:04:00,48,0.0072,0.7746,0.1533,0.5029,864,79
RSC-2021-04621,v2.3.0,2021-08-31 06:40:07,57,0.0857,0.8104,0.1468,0.4966,1232,27
RSC-2021-04622,v2.3.0,2021-02-11 19:02:53,41,0.0417,0.7944,0.1316,0.5339,1127,123
RSC-2021-04623,v2.2.0,2021-04-22 01:25:56,36,0.0307,0.7918,0.1537,0.5259,1454,40
RSC-2021-04624,v2.2.0,2021-12-08 03:38:41,45,0.0137,0.7941,0.1363,0.4896,931,63
RSC-2021-04625,v2.2.1,2021-04-25 15:35:34,53,0.0204,0.7916,0.1477,0.505,1187,92
RSC-2021-04626,v2.2.0,2021-05-29 02:40:20,56,0.0421,0.8178,0.1463,0.5145,1014,44
RSC-2021-04627,v2.1.3,2021-02-26 08:12:57,34,0.025,0.8037,0.146,0.4725,1237,49
RSC-2021-04628,v2.2.1,2021-09-06 10:17:16,42,0.029,0.8006,0.1511,0.5196,970,93
RSC-2021-04629,v2.1.4,2021-11-26 21:08:59,51,0.0258,0.7838,0.1418,0.4578,1093,47
RSC-2021-04630,v2.1.3,2021-05-12 07:49:15,48,0.017,0.8375,0.1295,0.5279,1230,43
RSC-2021-04631,v2.2.1,2021-06-16 14:07:21,55,0.0684,0.8009,0.1417,0.5265,1092,88
RSC-2021-04632,v2.2.0,2021-09-07 01:51:21,54,0.0076,0.7744,0.1284,0.5153,1021,99
RSC-2021-04633,v2.2.1,2021-12-27 04:58:22,40,0.0363,0.8023,0.1395,0.553,1479,44
RSC-2021-04634,v2.2.1,2021-12-24 18:48:18,43,0.0198,0.855,0.1528,0.5413,1135,73
RSC-2021-04635,v2.1.4,2021-08-05 12:14:17,53,0.0333,0.8188,0.1293,0.5061,1081,25
RSC-2021-04636,v2.1.4,2021-01-17 19:05:55,56,0.012,0.8202,0.1388,0.5167,1308,90
RSC-2021-04637,v2.3.0,2021-09-16 17:32:21,43,0.0105,0.8043,0.1489,0.4965,1562,93
RSC-2021-04638,v2.1.4,2021-12-12 16:36:15,43,0.0932,0.8525,0.1373,0.5266,964,33
RSC-2021-04639,v2.3.0,2021-12-22 09:28:29,47,0.0152,0.7913,0.1291,0.5354,1368,104
RSC-2021-04640,v2.1.4,2021-12-05 00:07:54,46,0.0285,0.8317,0.1543,0.5197,1175,129
RSC-2021-04641,v2.1.4,2021-12-31 01:25:51,45,0.0784,0.8259,0.1315,0.4878,1075,100
RSC-2021-04642,v2.3.0,2021-10-11 06:27:41,56,0.0234,0.8316,0.1373,0.53,1346,108
RSC-2021-04643,v2.2.1,2021-02-27 20:09:53,55,0.0024,0.8109,0.1067,0.5127,1162,111
RSC-2021-04644,v2.3.0,2021-10-27 15:02:18,56,0.0207,0.8207,0.1413,0.5308,1213,58
RSC-2021-04645,v2.1.3,2021-12-20 05:10:00,38,0.0708,0.7697,0.1629,0.5053,895,28
RSC-2021-04646,v2.1.4,2021-10-08 22:41:44,36,0.057,0.8445,0.121,0.4925,1091,134
RSC-2021-04647,v2.3.0,2021-12-03 07:23:17,39,0.0414,0.8245,0.1418,0.5167,1113,22
RSC-2021-04648,v2.1.4,2021-01-02 03:22:08,41,0.0741,0.8396,0.1547,0.5129,1459,72
RSC-2021-04649,v2.1.3,2021-06-10 20:42:10,48,0.0912,0.7937,0.1311,0.5147,1056,60
RSC-2021-04650,v2.2.0,2021-05-29 03:26:12,41,0.0428,0.862,0.1192,0.5217,1571,124
RSC-2021-04651,v2.1.4,2021-05-19 17:28:32,48,0.016,0.7915,0.1216,0.5135,1590,103
RSC-2021-04652,v2.3.0,2021-08-07 07:13:10,57,0.1565,0.8385,0.1468,0.4978,1579,41
RSC-2021-04653,v2.3.0,2021-03-14 16:13:43,52,0.0989,0.813,0.1482,0.4894,1581,76
RSC-2021-04654,v2.2.1,2021-06-11 12:34:11,52,0.0218,0.8179,0.1322,0.5013,1187,46
RSC-2021-04655,v2.1.4,2021-09-03 09:49:57,42,0.0337,0.8191,0.1451,0.5137,1485,131
RSC-2021-04656,v2.1.3,2021-10-20 19:04:34,52,0.0151,0.822,0.1522,0.4898,1171,132
RSC-2021-04657,v2.2.0,2021-09-11 03:00:24,35,0.0115,0.8112,0.1383,0.5213,989,127
RSC-2021-04658,v2.2.0,2021-08-16 19:16:54,42,0.0215,0.8219,0.1526,0.519,1146,98
RSC-2021-04659,v2.2.1,2021-03-09 03:25:24,38,0.0076,0.7731,0.1323,0.4847,1398,104
RSC-2021-04660,v2.3.0,2021-09-02 18:33:48,50,0.0328,0.7806,0.1469,0.5539,1554,131
RSC-2021-04661,v2.2.1,2021-07-08 11:40:06,36,0.0365,0.8254,0.1704,0.5081,1063,68
RSC-2021-04662,v2.1.3,2021-06-20 05:55:55,52,0.0387,0.792,0.14,0.4957,1282,139
RSC-2021-04663,v2.2.0,2021-11-15 06:47:06,43,0.0103,0.7954,0.1301,0.4964,946,78
RSC-2021-04664,v2.2.1,2021-04-09 21:53:22,52,0.0357,0.8347,0.1332,0.4783,935,98
RSC-2021-04665,v2.3.0,2021-08-19 02:38:49,54,0.0232,0.8277,0.1533,0.525,1095,85
RSC-2021-04666,v2.2.0,2021-09-29 22:57:43,52,0.0182,0.823,0.1252,0.5201,950,37
RSC-2021-04667,v2.3.0,2021-05-17 03:06:33,56,0.0148,0.8032,0.1457,0.5047,831,125
RSC-2021-04668,v2.1.4,2021-09-07 10:11:19,44,0.017,0.8152,0.14,0.5099,1002,77
RSC-2021-04669,v2.3.0,2021-03-07 18:03:39,54,0.0287,0.816,0.138,0.4938,1309,61
RSC-2021-04670,v2.1.4,2021-07-30 02:47:05,34,0.1326,0.7927,0.1168,0.509,1112,116
RSC-2021-04671,v2.3.0,2021-10-08 14:52:39,35,0.024,0.8335,0.1383,0.5021,1480,70
RSC-2021-04672,v2.2.0,2021-09-25 03:27:38,53,0.0188,0.8444,0.1268,0.5071,1363,54
RSC-2021-04673,v2.2.1,2021-12-30 09:08:58,57,0.0117,0.7817,0.1494,0.543,934,57
RSC-2021-04674,v2.1.4,2021-10-16 11:03:56,53,0.0297,0.814,0.1567,0.5007,1401,83
RSC-2021-04675,v2.2.0,2021-08-25 19:08:02,52,0.0275,0.8017,0.1494,0.4965,1529,91
RSC-2021-04676,v2.2.1,2021-03-25 22:40:14,50,0.0409,0.8224,0.1547,0.495,1439,61
RSC-2021-04677,v2.3.0,2021-07-06 06:53:07,45,0.0071,0.8052,0.1573,0.538,1180,135
RSC-2021-04678,v2.3.0,2021-01-23 14:21:35,56,0.0182,0.8397,0.1556,0.4954,1025,133
RSC-2021-04679,v2.3.0,2021-10-06 11:47:44,36,0.0429,0.8268,0.143,0.5237,1591,78
RSC-2021-04680,v2.2.0,2021-02-28 19:03:19,57,0.0183,0.8492,0.1329,0.5266,1154,94
RSC-2021-04681,v2.1.4,2021-07-07 12:21:45,40,0.0222,0.7946,0.1525,0.5204,913,93
RSC-2021-04682,v2.2.0,2021-04-24 11:03:15,56,0.0287,0.7802,0.1553,0.5189,1429,50
RSC-2021-04683,v2.1.4,2021-10-12 21:46:04,45,0.011,0.8226,0.1641,0.5181,1097,49
RSC-2021-04684,v2.3.0,2021-08-08 22:05:54,57,0.0528,0.8374,0.135,0.5157,1138,101
RSC-2021-04685,v2.3.0,2021-11-23 22:49:15,36,0.02,0.8048,0.1525,0.5426,849,133
RSC-2021-04686,v2.1.4,2021-10-18 03:48:44,49,0.0162,0.8006,0.1469,0.4819,1512,51
RSC-2021-04687,v2.2.0,2021-09-07 07:17:17,55,0.0404,0.8036,0.1496,0.5323,1145,35
RSC-2021-04688,v2.3.0,2021-01-26 23:26:08,46,0.0312,0.844,0.1368,0.5126,1230,42
