run_id,model_version,scored_at,n_features_used,feature_drift_psi,auroc_holdout,calibration_brier,decision_threshold,flagged_count,override_count
RSC-2020-00000,v2.1.3,2020-11-03 19:53:00,35,0.0184,0.8345,0.144,0.5293,1561,99
RSC-2020-00001,v2.2.1,2020-04-07 19:31:31,36,0.0662,0.8048,0.1499,0.5099,1092,77
RSC-2020-00002,v2.3.0,2020-12-27 09:24:28,50,0.0527,0.7949,0.1401,0.5097,1420,83
RSC-2020-00003,v2.1.4,2020-10-09 10:09:20,55,0.006,0.7991,0.1308,0.5055,1149,135
RSC-2020-00004,v2.2.0,2020-03-12 07:54:36,40,0.0214,0.7885,0.1318,0.5167,1015,97
RSC-2020-00005,v2.3.0,2020-03-27 20:42:42,51,0.037,0.8007,0.1339,0.5141,983,73
RSC-2020-00006,v2.3.0,2020-01-25 20:34:54,35,0.0359,0.8072,0.1212,0.5265,1402,32
RSC-2020-00007,v2.2.0,2020-08-29 23:25:06,53,0.0778,0.8065,0.1362,0.4589,1244,39
RSC-2020-00008,v2.2.1,2020-12-07 05:13:20,49,0.0171,0.8127,0.133,0.5505,1372,77
RSC-2020-00009,v2.3.0,2020-10-29 05:07:10,49,0.0377,0.8301,0.1217,0.5217,916,124
RSC-2020-00010,v2.1.4,2020-10-30 11:32:35,41,0.0192,0.8174,0.1405,0.5001,1297,95
RSC-2020-00011,v2.2.1,2020-08-28 19:09:06,44,0.0095,0.814,0.1239,0.52,1237,79
RSC-2020-00012,v2.2.0,2020-10-01 03:02:17,46,0.0207,0.8282,0.1235,0.4884,1213,94
RSC-2020-00013,v2.1.3,2020-04-02 15:51:47,46,0.0465,0.7979,0.1507,0.5251,977,53
RSC-2020-00014,v2.1.4,2020-10-20 08:12:33,41,0.0199,0.8037,0.1488,0.5019,1581,24
RSC-2020-00015,v2.1.4,2020-09-26 17:03:43,43,0.0149,0.7993,0.1369,0.4825,960,85
RSC-2020-00016,v2.2.1,2020-06-17 02:30:35,39,0.0171,0.7634,0.1286,0.493,922,53
RSC-2020-00017,v2.2.1,2020-10-19 07:39:47,42,0.039,0.8135,0.1537,0.4855,1117,80
RSC-2020-00018,v2.2.1,2020-09-02 21:05:54,55,0.0087,0.7873,0.1395,0.5396,1191,54
RSC-2020-00019,v2.1.4,2020-04-10 20:18:31,43,0.016,0.8154,0.1396,0.5288,1435,20
RSC-2020-00020,v2.2.1,2020-03-22 14:02:10,54,0.0166,0.8049,0.1455,0.4852,1426,128
RSC-2020-00021,v2.3.0,2020-07-07 22:38:49,55,0.0833,0.801,0.1486,0.4927,1162,33
RSC-2020-00022,v2.2.0,2020-10-04 03:31:12,46,0.0407,0.8059,0.1265,0.5023,1023,126
RSC-2020-00023,v2.2.1,2020-07-21 09:18:07,44,0.0575,0.8192,0.149,0.5607,918,27
RSC-2020-00024,v2.3.0,2020-05-27 14:06:24,50,0.0167,0.8243,0.162,0.5397,1244,23
RSC-2020-00025,v2.2.1,2020-07-22 09:39:50,42,0.0339,0.8037,0.1612,0.5382,1546,28
RSC-2020-00026,v2.1.3,2020-08-29 07:18:32,35,0.0445,0.8285,0.1703,0.5461,966,51
RSC-2020-00027,v2.2.1,2020-09-22 07:05:17,38,0.0231,0.8346,0.1355,0.5138,1234,111
RSC-2020-00028,v2.1.3,2020-03-20 20:23:24,57,0.0698,0.8253,0.1357,0.5338,1116,65
RSC-2020-00029,v2.2.0,2020-08-07 10:25:50,44,0.0247,0.8152,0.1451,0.4805,1537,62
RSC-2020-00030,v2.2.1,2020-08-11 20:33:49,56,0.0665,0.8161,0.1393,0.4744,1135,104
RSC-2020-00031,v2.2.0,2020-02-10 11:40:05,57,0.0051,0.8096,0.1185,0.5007,974,124
RSC-2020-00032,v2.2.0,2020-12-29 07:45:58,44,0.0148,0.8393,0.1403,0.4775,1482,102
RSC-2020-00033,v2.1.3,2020-10-27 15:43:20,41,0.0614,0.8149,0.1362,0.5509,1263,58
RSC-2020-00034,v2.3.0,2020-03-11 10:24:18,51,0.0432,0.8146,0.1426,0.4957,1517,113
RSC-2020-00035,v2.2.0,2020-06-07 21:15:22,44,0.0371,0.8866,0.1268,0.5142,802,113
RSC-2020-00036,v2.1.4,2020-12-26 01:39:43,56,0.1258,0.8228,0.1563,0.502,970,33
RSC-2020-00037,v2.1.4,2020-08-17 20:39:57,54,0.029,0.8183,0.1523,0.5161,1326,23
RSC-2020-00038,v2.3.0,2020-09-21 08:48:50,46,0.0391,0.7992,0.1582,0.5,808,64
RSC-2020-00039,v2.2.1,2020-08-21 20:13:45,36,0.0139,0.853,0.1567,0.5118,1559,26
RSC-2020-00040,v2.3.0,2020-02-19 00:50:02,37,0.0309,0.8082,0.1509,0.5386,938,70
RSC-2020-00041,v2.2.1,2020-07-28 16:00:14,46,0.0086,0.8199,0.139,0.5185,1310,107
RSC-2020-00042,v2.1.4,2020-07-09 18:41:10,52,0.0374,0.8356,0.1509,0.4879,1140,70
RSC-2020-00043,v2.2.0,2020-10-15 13:55:14,34,0.0133,0.8168,0.1268,0.4946,1464,112
RSC-2020-00044,v2.2.0,2020-05-21 22:42:59,55,0.086,0.7899,0.1447,0.5198,1386,137
RSC-2020-00045,v2.2.0,2020-10-23 19:58:36,51,0.0298,0.7884,0.1423,0.5017,976,39
RSC-2020-00046,v2.2.0,2020-03-19 18:48:50,49,0.0251,0.7931,0.1139,0.5362,1468,91
RSC-2020-00047,v2.1.3,2020-12-08 08:29:18,46,0.0416,0.8173,0.1489,0.5397,1504,64
RSC-2020-00048,v2.2.0,2020-04-26 18:15:36,49,0.0377,0.8095,0.1467,0.5302,956,73
RSC-2020-00049,v2.1.3,2020-10-14 01:07:54,45,0.0355,0.7866,0.1561,0.5091,1361,113
RSC-2020-00050,v2.2.1,2020-09-05 15:40:46,49,0.0046,0.813,0.1485,0.5026,1433,75
RSC-2020-00051,v2.1.3,2020-08-01 08:59:29,39,0.0118,0.8098,0.141,0.5414,1526,65
RSC-2020-00052,v2.3.0,2020-06-24 23:14:59,46,0.0341,0.7565,0.1303,0.5001,1176,93
RSC-2020-00053,v2.1.4,2020-02-28 10:47:14,54,0.0296,0.8363,0.1478,0.5175,896,80
RSC-2020-00054,v2.2.0,2020-12-13 11:40:04,36,0.0201,0.8077,0.1597,0.5018,862,128
RSC-2020-00055,v2.2.0,2020-03-26 11:06:06,51,0.0075,0.7571,0.1466,0.5082,1343,115
RSC-2020-00056,v2.3.0,2020-06-28 16:51:33,38,0.0263,0.8052,0.1487,0.5035,1290,25
RSC-2020-00057,v2.1.4,2020-08-26 04:20:53,36,0.0652,0.8249,0.1253,0.514,889,107
RSC-2020-00058,v2.1.4,2020-01-08 08:45:10,39,0.0138,0.8092,0.1302,0.5321,922,43
RSC-2020-00059,v2.2.1,2020-10-10 09:06:53,37,0.0495,0.8062,0.1448,0.5134,889,68
RSC-2020-00060,v2.2.0,2020-09-19 12:13:25,39,0.0121,0.8084,0.1206,0.4982,1489,108
RSC-2020-00061,v2.1.3,2020-08-10 08:52:34,35,0.018,0.8232,0.1183,0.5018,948,55
RSC-2020-00062,v2.1.3,2020-05-01 01:05:42,44,0.0204,0.8026,0.1392,0.5143,1051,136
RSC-2020-00063,v2.3.0,2020-12-30 08:34:24,56,0.0201,0.8085,0.14,0.5286,1533,95
RSC-2020-00064,v2.1.4,2020-06-13 01:32:00,38,0.0077,0.7751,0.1471,0.4621,1173,110
RSC-2020-00065,v2.1.4,2020-02-17 01:12:20,45,0.0005,0.8284,0.1599,0.501,1507,57
RSC-2020-00066,v2.1.3,2020-05-16 21:12:41,42,0.0588,0.7861,0.1628,0.5473,957,113
RSC-2020-00067,v2.2.1,2020-05-14 03:07:46,55,0.0299,0.8074,0.1384,0.5397,1406,125
RSC-2020-00068,v2.3.0,2020-12-12 12:28:29,50,0.0409,0.8158,0.1435,0.5364,997,46
RSC-2020-00069,v2.2.1,2020-07-10 14:36:52,46,0.1154,0.7889,0.1466,0.5243,1297,125
RSC-2020-00070,v2.2.0,2020-06-16 00:07:26,39,0.0311,0.8206,0.1514,0.5132,962,113
RSC-2020-00071,v2.2.0,2020-05-16 00:38:50,35,0.0207,0.8084,0.1502,0.5134,1377,52
RSC-2020-00072,v2.1.3,2020-01-17 09:42:30,38,0.023,0.7914,0.1558,0.5068,1186,92
RSC-2020-00073,v2.2.0,2020-10-19 11:53:33,36,0.0586,0.7969,0.1238,0.5354,1502,23
RSC-2020-00074,v2.2.0,2020-05-26 19:09:03,34,0.1321,0.827,0.1352,0.5221,1417,37
RSC-2020-00075,v2.1.4,2020-02-16 09:30:15,43,0.0267,0.8335,0.143,0.5006,1231,50
RSC-2020-00076,v2.3.0,2020-01-18 11:06:18,56,0.0157,0.7884,0.1603,0.5221,1156,75
RSC-2020-00077,v2.1.3,2020-10-23 18:49:58,49,0.0335,0.8289,0.141,0.4986,1213,93
RSC-2020-00078,v2.2.1,2020-10-22 09:00:47,52,0.0254,0.8195,0.1302,0.5179,875,33
RSC-2020-00079,v2.1.4,2020-03-15 07:33:52,57,0.0393,0.8157,0.1397,0.4774,1551,64
RSC-2020-00080,v2.1.4,2020-06-24 09:38:21,47,0.0166,0.8124,0.1269,0.5021,1105,76
RSC-2020-00081,v2.3.0,2020-02-04 04:36:03,38,0.022,0.8242,0.1489,0.4967,892,104
RSC-2020-00082,v2.3.0,2020-08-21 20:27:58,55,0.0137,0.7977,0.1479,0.4923,971,33
RSC-2020-00083,v2.1.4,2020-06-04 13:29:16,44,0.0208,0.8028,0.1504,0.4981,1579,79
RSC-2020-00084,v2.3.0,2020-09-27 17:10:12,42,0.0494,0.8199,0.1535,0.5265,960,36
RSC-2020-00085,v2.3.0,2020-01-27 16:44:20,53,0.0578,0.8226,0.1292,0.5298,892,135
RSC-2020-00086,v2.1.3,2020-06-28 01:09:39,37,0.0442,0.8118,0.1503,0.5153,806,47
RSC-2020-00087,v2.1.3,2020-10-03 16:01:00,52,0.017,0.7982,0.1634,0.5183,990,99
RSC-2020-00088,v2.2.0,2020-02-03 22:10:00,49,0.0817,0.8164,0.1202,0.5002,1589,90
RSC-2020-00089,v2.2.0,2020-05-31 07:34:19,42,0.0155,0.8047,0.1409,0.531,1360,92
RSC-2020-00090,v2.1.4,2020-05-28 02:57:12,35,0.0263,0.8291,0.1544,0.4953,1177,105
RSC-2020-00091,v2.2.1,2020-01-17 22:02:31,44,0.1388,0.8072,0.1509,0.5056,1137,79
RSC-2020-00092,v2.1.4,2020-11-23 05:24:27,54,0.0132,0.8427,0.1127,0.5311,1444,124
RSC-2020-00093,v2.2.0,2020-07-12 18:04:59,43,0.0763,0.7933,0.144,0.5606,1140,39
RSC-2020-00094,v2.1.4,2020-01-19 19:49:23,50,0.0774,0.8149,0.1246,0.51,1439,87
RSC-2020-00095,v2.2.0,2020-08-25 08:14:20,53,0.0301,0.8003,0.1414,0.4812,1521,23
RSC-2020-00096,v2.2.0,2020-10-06 07:22:08,44,0.0187,0.8126,0.1601,0.5253,1278,62
RSC-2020-00097,v2.2.1,2020-09-13 21:33:23,51,0.0058,0.8211,0.1369,0.4982,1355,124
RSC-2020-00098,v2.1.4,2020-10-07 06:28:49,46,0.0241,0.8276,0.1285,0.5312,1276,71
RSC-2020-00099,v2.1.3,2020-02-11 12:58:29,45,0.0161,0.8266,0.1349,0.5047,1385,64
RSC-2020-00100,v2.3.0,2020-01-24 03:22:20,51,0.0211,0.8114,0.137,0.4936,1282,122
RSC-2020-00101,v2.1.3,2020-02-06 17:15:28,52,0.0523,0.7902,0.1573,0.5383,1138,64
RSC-2020-00102,v2.2.1,2020-08-11 00:43:20,53,0.0671,0.8011,0.1429,0.5276,1291,41
RSC-2020-00103,v2.1.3,2020-09-11 22:41:33,40,0.1267,0.8279,0.1502,0.5157,1468,104
RSC-2020-00104,v2.1.4,2020-03-15 22:46:17,44,0.0334,0.8147,0.1333,0.5239,1523,103
RSC-2020-00105,v2.1.3,2020-03-22 18:11:18,38,0.0327,0.8139,0.1605,0.543,1115,114
RSC-2020-00106,v2.2.1,2020-02-14 03:36:43,43,0.014,0.8131,0.1348,0.5032,836,68
RSC-2020-00107,v2.3.0,2020-10-12 06:01:30,40,0.0227,0.8164,0.1397,0.5114,936,126
RSC-2020-00108,v2.1.4,2020-01-06 16:53:59,53,0.0793,0.8201,0.157,0.4809,1008,120
RSC-2020-00109,v2.3.0,2020-05-21 08:12:57,34,0.038,0.8055,0.1526,0.4679,1178,21
RSC-2020-00110,v2.1.3,2020-12-03 12:16:07,38,0.026,0.8163,0.1422,0.5282,1301,105
RSC-2020-00111,v2.3.0,2020-06-08 02:00:45,54,0.0061,0.8108,0.1238,0.5267,1441,119
RSC-2020-00112,v2.1.4,2020-08-04 07:01:01,40,0.0935,0.8458,0.1456,0.4778,1088,111
RSC-2020-00113,v2.1.4,2020-12-13 22:59:18,54,0.1005,0.8199,0.1474,0.4853,1065,76
RSC-2020-00114,v2.2.1,2020-04-27 13:21:19,42,0.0061,0.797,0.1229,0.5536,1071,50
RSC-2020-00115,v2.2.1,2020-05-23 05:48:17,38,0.0406,0.8188,0.1482,0.4983,844,55
RSC-2020-00116,v2.2.0,2020-06-09 06:34:08,52,0.021,0.8173,0.1613,0.4974,874,35
RSC-2020-00117,v2.2.0,2020-04-09 14:23:19,48,0.0561,0.7993,0.1239,0.5169,920,119
RSC-2020-00118,v2.1.4,2020-10-15 10:26:52,57,0.0726,0.7838,0.1276,0.4927,943,99
RSC-2020-00119,v2.2.1,2020-01-14 19:46:28,50,0.0365,0.8405,0.1372,0.5326,1436,87
RSC-2020-00120,v2.2.0,2020-11-07 02:45:51,49,0.0388,0.8146,0.1348,0.5243,940,59
RSC-2020-00121,v2.1.3,2020-07-26 05:36:17,40,0.0021,0.7994,0.1517,0.4784,1573,21
RSC-2020-00122,v2.2.1,2020-01-09 10:22:52,38,0.0051,0.8045,0.1331,0.5499,1216,61
RSC-2020-00123,v2.2.0,2020-02-03 12:23:18,39,0.0332,0.816,0.1416,0.5235,1143,29
RSC-2020-00124,v2.1.4,2020-02-24 04:12:13,39,0.064,0.8274,0.1354,0.4967,1550,113
RSC-2020-00125,v2.1.3,2020-10-14 20:36:21,42,0.0487,0.8086,0.1563,0.4895,994,124
RSC-2020-00126,v2.1.3,2020-05-01 05:34:20,35,0.0405,0.8173,0.1316,0.4776,928,61
RSC-2020-00127,v2.2.0,2020-11-28 12:48:11,55,0.011,0.8169,0.1492,0.5049,1013,64
RSC-2020-00128,v2.2.1,2020-06-29 18:49:34,53,0.0668,0.8037,0.1408,0.48,1054,94
RSC-2020-00129,v2.3.0,2020-05-18 03:08:02,52,0.0859,0.8051,0.1462,0.5284,1493,26
RSC-2020-00130,v2.2.1,2020-08-18 15:12:39,43,0.0551,0.8249,0.1498,0.4956,1012,59
RSC-2020-00131,v2.1.4,2020-01-26 00:52:13,51,0.0596,0.8212,0.1461,0.4982,1499,22
RSC-2020-00132,v2.2.1,2020-01-27 16:44:05,50,0.0179,0.818,0.1653,0.515,1079,97
RSC-2020-00133,v2.1.4,2020-01-28 19:26:55,54,0.0252,0.8404,0.1407,0.4907,972,130
RSC-2020-00134,v2.2.0,2020-05-24 10:01:27,36,0.0228,0.8153,0.136,0.5064,1164,87
RSC-2020-00135,v2.1.4,2020-08-05 07:02:28,41,0.1012,0.8114,0.1498,0.5061,1028,103
RSC-2020-00136,v2.2.1,2020-06-05 14:20:00,54,0.012,0.7986,0.157,0.5044,836,118
RSC-2020-00137,v2.3.0,2020-08-03 16:12:15,42,0.0147,0.8127,0.1396,0.539,814,116
RSC-2020-00138,v2.1.4,2020-05-19 11:29:58,36,0.036,0.79,0.1623,0.5254,852,101
RSC-2020-00139,v2.2.0,2020-08-27 15:30:04,50,0.0453,0.8025,0.1519,0.4934,909,133
RSC-2020-00140,v2.2.1,2020-05-14 04:24:43,52,0.0294,0.7736,0.1416,0.4995,1377,36
RSC-2020-00141,v2.1.3,2020-12-24 03:22:07,36,0.0414,0.832,0.1541,0.5241,856,67
RSC-2020-00142,v2.2.1,2020-02-16 03:55:21,50,0.0506,0.798,0.146,0.4834,1494,85
RSC-2020-00143,v2.2.1,2020-08-10 15:09:01,49,0.141,0.8263,0.102,0.4835,1348,73
RSC-2020-00144,v2.1.3,2020-03-18 14:11:20,48,0.0118,0.8279,0.1486,0.5428,881,47
RSC-2020-00145,v2.3.0,2020-09-15 01:15:07,57,0.0752,0.8282,0.1233,0.5305,1404,98
RSC-2020-00146,v2.1.3,2020-08-14 03:08:20,47,0.0266,0.8006,0.1539,0.5271,1371,31
RSC-2020-00147,v2.1.3,2020-05-12 09:44:04,42,0.0352,0.8272,0.134,0.5244,1463,136
RSC-2020-00148,v2.2.0,2020-09-05 18:48:11,47,0.0147,0.8306,0.1565,0.4933,873,80
RSC-2020-00149,v2.3.0,2020-10-17 13:35:07,51,0.0494,0.7965,0.1529,0.5181,1485,86
RSC-2020-00150,v2.3.0,2020-08-01 11:16:02,55,0.0439,0.7943,0.1472,0.5235,1035,51
RSC-2020-00151,v2.2.1,2020-01-09 19:08:16,49,0.0788,0.7987,0.1427,0.5032,1436,130
RSC-2020-00152,v2.3.0,2020-08-22 20:44:12,42,0.1164,0.7884,0.1296,0.4623,1408,86
RSC-2020-00153,v2.2.0,2020-07-20 08:35:01,34,0.0915,0.8141,0.1362,0.5135,970,77
RSC-2020-00154,v2.1.3,2020-11-14 19:52:53,43,0.0257,0.7811,0.1412,0.501,1081,80
RSC-2020-00155,v2.2.0,2020-09-06 21:51:23,40,0.0429,0.8414,0.1527,0.514,1323,124
RSC-2020-00156,v2.3.0,2020-03-27 23:11:08,53,0.0343,0.8041,0.1372,0.5271,884,33
RSC-2020-00157,v2.1.4,2020-09-28 01:51:00,39,0.0211,0.8055,0.1349,0.5087,1438,79
RSC-2020-00158,v2.2.1,2020-01-20 07:46:15,40,0.0229,0.8047,0.1389,0.5466,1302,72
RSC-2020-00159,v2.3.0,2020-04-11 12:12:35,40,0.0346,0.816,0.1561,0.5174,1032,72
RSC-2020-00160,v2.2.1,2020-05-31 16:57:47,39,0.0476,0.837,0.1489,0.4963,940,95
RSC-2020-00161,v2.1.3,2020-10-16 10:07:12,52,0.031,0.8287,0.1546,0.5263,1104,78
RSC-2020-00162,v2.1.3,2020-02-23 03:10:47,45,0.0229,0.79,0.1347,0.504,1440,94
RSC-2020-00163,v2.2.0,2020-01-30 02:07:57,52,0.0212,0.8441,0.128,0.4832,982,84
RSC-2020-00164,v2.1.3,2020-04-04 07:21:31,37,0.0543,0.8337,0.1298,0.5445,1368,85
RSC-2020-00165,v2.1.4,2020-06-25 17:32:16,55,0.0438,0.8359,0.1347,0.4918,999,46
RSC-2020-00166,v2.2.0,2020-07-19 09:40:34,57,0.0646,0.8167,0.1347,0.501,1439,126
RSC-2020-00167,v2.1.4,2020-11-10 23:23:52,48,0.0842,0.8143,0.1585,0.5015,1443,58
RSC-2020-00168,v2.3.0,2020-04-18 06:09:11,56,0.0258,0.8262,0.1319,0.4814,1447,96
RSC-2020-00169,v2.3.0,2020-09-30 07:19:53,44,0.0592,0.7687,0.1267,0.5157,1168,128
RSC-2020-00170,v2.2.0,2020-11-25 01:03:21,57,0.0192,0.8106,0.1414,0.5169,1452,72
RSC-2020-00171,v2.1.4,2020-10-20 11:24:25,37,0.0118,0.8016,0.1231,0.4836,1006,22
RSC-2020-00172,v2.3.0,2020-03-23 09:58:34,44,0.0314,0.7647,0.1412,0.506,1462,104
RSC-2020-00173,v2.3.0,2020-01-06 16:54:31,35,0.0431,0.8205,0.1544,0.5417,1495,108
RSC-2020-00174,v2.1.4,2020-03-24 16:08:27,34,0.0484,0.8507,0.1288,0.5142,965,37
RSC-2020-00175,v2.2.1,2020-10-28 20:39:04,35,0.0033,0.8103,0.134,0.5134,901,100
RSC-2020-00176,v2.2.0,2020-03-14 16:33:53,38,0.0093,0.8265,0.1323,0.5373,1279,57
RSC-2020-00177,v2.3.0,2020-10-20 00:15:59,34,0.1494,0.8167,0.1466,0.5109,954,110
RSC-2020-00178,v2.3.0,2020-06-18 13:04:41,55,0.0104,0.831,0.1335,0.4744,1215,84
RSC-2020-00179,v2.1.4,2020-01-01 16:25:30,40,0.0532,0.8259,0.1515,0.5451,1039,111
RSC-2020-00180,v2.3.0,2020-12-15 20:21:00,49,0.0333,0.8277,0.1473,0.5073,1187,124
RSC-2020-00181,v2.2.1,2020-01-12 13:34:14,46,0.0376,0.8212,0.1496,0.5008,1269,116
RSC-2020-00182,v2.1.4,2020-12-22 14:32:15,35,0.0264,0.7803,0.1464,0.5634,1343,35
RSC-2020-00183,v2.2.0,2020-10-18 11:50:04,51,0.0302,0.8221,0.1579,0.5198,1510,68
RSC-2020-00184,v2.2.0,2020-03-25 15:43:09,52,0.0163,0.8393,0.147,0.5179,1074,24
RSC-2020-00185,v2.2.0,2020-03-19 02:12:26,57,0.0116,0.8228,0.1582,0.5066,1317,81
RSC-2020-00186,v2.3.0,2020-05-01 07:16:40,57,0.0565,0.8205,0.1586,0.5638,1226,76
RSC-2020-00187,v2.3.0,2020-05-05 21:18:57,41,0.0254,0.8302,0.1386,0.5338,871,36
RSC-2020-00188,v2.3.0,2020-04-04 14:29:55,49,0.0209,0.8444,0.1522,0.5095,1478,23
RSC-2020-00189,v2.1.4,2020-07-07 19:53:19,54,0.0356,0.8058,0.1342,0.5099,983,52
RSC-2020-00190,v2.3.0,2020-01-03 18:11:52,44,0.0666,0.8146,0.1401,0.5007,897,111
RSC-2020-00191,v2.1.4,2020-08-23 03:54:51,40,0.0346,0.8293,0.1518,0.5225,1353,100
RSC-2020-00192,v2.1.4,2020-12-09 10:54:47,43,0.0114,0.8054,0.1326,0.5152,995,80
RSC-2020-00193,v2.3.0,2020-02-06 15:50:37,46,0.09,0.8331,0.1526,0.5068,1480,24
RSC-2020-00194,v2.1.4,2020-03-03 17:59:58,39,0.0498,0.8112,0.1393,0.4845,867,100
RSC-2020-00195,v2.1.4,2020-09-19 02:30:34,49,0.0263,0.791,0.1372,0.4835,1092,97
RSC-2020-00196,v2.1.4,2020-04-06 03:38:12,35,0.0448,0.8105,0.1337,0.5048,1539,83
RSC-2020-00197,v2.1.4,2020-07-20 02:28:03,48,0.0423,0.8286,0.1292,0.5183,1474,73
RSC-2020-00198,v2.2.1,2020-06-24 05:33:15,46,0.0511,0.7974,0.1503,0.5438,957,119
RSC-2020-00199,v2.2.0,2020-12-09 23:33:35,40,0.0374,0.8054,0.1551,0.5241,972,47
RSC-2020-00200,v2.2.1,2020-12-19 19:22:47,40,0.058,0.8125,0.1629,0.496,833,68
RSC-2020-00201,v2.1.3,2020-09-14 01:15:27,41,0.0152,0.7882,0.1481,0.4958,1296,94
RSC-2020-00202,v2.1.3,2020-08-29 01:23:49,45,0.0643,0.7913,0.1538,0.5032,1262,77
RSC-2020-00203,v2.2.1,2020-12-21 05:51:37,50,0.0363,0.8118,0.1365,0.5341,1185,105
RSC-2020-00204,v2.2.1,2020-11-03 13:44:24,54,0.0099,0.8173,0.1431,0.53,1436,137
RSC-2020-00205,v2.1.4,2020-05-02 13:53:02,40,0.0196,0.8032,0.1484,0.5099,978,121
RSC-2020-00206,v2.1.4,2020-08-25 03:38:49,36,0.0271,0.808,0.1669,0.5154,1273,26
RSC-2020-00207,v2.2.1,2020-07-29 19:23:33,36,0.0287,0.8061,0.1392,0.4933,953,59
RSC-2020-00208,v2.3.0,2020-10-22 08:26:53,48,0.0185,0.8365,0.1223,0.5004,899,25
RSC-2020-00209,v2.2.1,2020-08-07 03:57:58,48,0.0244,0.8235,0.1285,0.5157,1081,94
RSC-2020-00210,v2.3.0,2020-04-14 11:46:59,54,0.0299,0.7942,0.1595,0.4942,1501,45
RSC-2020-00211,v2.2.1,2020-10-30 05:04:29,42,0.0109,0.8119,0.1403,0.5358,1245,111
RSC-2020-00212,v2.1.4,2020-05-10 15:55:16,36,0.0255,0.8231,0.1446,0.536,925,89
RSC-2020-00213,v2.2.1,2020-04-03 04:24:21,34,0.0077,0.8242,0.165,0.5115,1289,38
RSC-2020-00214,v2.3.0,2020-01-20 00:16:12,53,0.0406,0.8223,0.1431,0.4933,953,49
RSC-2020-00215,v2.2.0,2020-06-07 04:10:20,57,0.0701,0.8311,0.1356,0.4923,994,109
RSC-2020-00216,v2.2.1,2020-03-10 11:29:54,56,0.0159,0.8141,0.1353,0.538,1486,27
RSC-2020-00217,v2.1.4,2020-12-12 06:13:56,55,0.0199,0.7923,0.163,0.5504,1085,69
RSC-2020-00218,v2.2.0,2020-07-27 07:20:26,39,0.0208,0.8046,0.1411,0.464,1389,21
RSC-2020-00219,v2.1.3,2020-02-08 11:42:23,47,0.0255,0.8415,0.1569,0.4721,1310,114
RSC-2020-00220,v2.1.4,2020-01-05 08:51:33,42,0.0846,0.8208,0.1363,0.5107,1591,22
RSC-2020-00221,v2.2.1,2020-01-04 04:25:37,41,0.1077,0.8212,0.1358,0.5127,1202,26
RSC-2020-00222,v2.1.4,2020-01-11 06:44:02,49,0.0605,0.8397,0.1475,0.4947,1509,60
RSC-2020-00223,v2.3.0,2020-09-16 11:00:11,57,0.045,0.8242,0.1377,0.5485,1498,103
RSC-2020-00224,v2.3.0,2020-04-07 11:55:55,52,0.0346,0.8012,0.149,0.5081,1312,122
RSC-2020-00225,v2.1.3,2020-10-29 00:06:54,52,0.0372,0.8105,0.1345,0.5247,1495,108
RSC-2020-00226,v2.3.0,2020-01-29 12:05:57,50,0.083,0.8342,0.1324,0.511,1097,66
RSC-2020-00227,v2.1.4,2020-08-16 04:02:43,57,0.0324,0.82,0.1475,0.5242,1128,29
RSC-2020-00228,v2.2.0,2020-09-06 09:58:52,42,0.0196,0.8111,0.1468,0.5257,1391,73
RSC-2020-00229,v2.2.0,2020-11-13 15:15:18,36,0.0188,0.7785,0.1473,0.4982,1595,20
RSC-2020-00230,v2.2.1,2020-11-18 02:15:03,57,0.0623,0.7997,0.1466,0.5212,1414,135
RSC-2020-00231,v2.3.0,2020-03-31 14:38:04,54,0.0393,0.8162,0.1324,0.5175,1369,135
RSC-2020-00232,v2.2.0,2020-03-01 03:38:36,52,0.0643,0.7808,0.1277,0.493,970,75
RSC-2020-00233,v2.2.1,2020-10-08 02:36:15,51,0.0559,0.7938,0.1431,0.4986,1575,77
RSC-2020-00234,v2.2.0,2020-01-24 22:53:26,35,0.0342,0.8166,0.1375,0.4508,813,86
RSC-2020-00235,v2.2.0,2020-11-12 09:03:07,42,0.0692,0.8525,0.1452,0.525,1484,82
RSC-2020-00236,v2.2.0,2020-09-03 10:03:25,37,0.0313,0.7944,0.1338,0.4776,1075,29
RSC-2020-00237,v2.1.4,2020-06-05 00:06:52,39,0.0083,0.8197,0.161,0.4966,1032,40
RSC-2020-00238,v2.1.3,2020-03-04 03:42:53,35,0.0214,0.8319,0.1419,0.5041,1526,62
RSC-2020-00239,v2.2.1,2020-06-25 09:46:28,40,0.04,0.7936,0.143,0.5506,1206,48
RSC-2020-00240,v2.1.3,2020-03-05 07:15:16,35,0.0023,0.84,0.1562,0.5091,1278,61
RSC-2020-00241,v2.1.4,2020-03-14 11:53:24,38,0.0368,0.8246,0.1427,0.5075,823,103
RSC-2020-00242,v2.1.3,2020-03-15 00:10:59,45,0.0615,0.8164,0.1598,0.5282,973,46
RSC-2020-00243,v2.3.0,2020-08-20 00:18:20,53,0.0726,0.7908,0.1437,0.5235,1090,110
RSC-2020-00244,v2.2.1,2020-08-29 11:36:52,47,0.0655,0.8098,0.1225,0.5516,948,138
RSC-2020-00245,v2.1.4,2020-11-25 22:19:08,50,0.0474,0.7956,0.1539,0.5031,1497,122
RSC-2020-00246,v2.1.3,2020-12-06 16:19:50,42,0.0297,0.8015,0.1668,0.5216,1126,87
RSC-2020-00247,v2.1.4,2020-03-07 07:26:28,46,0.039,0.8122,0.1368,0.5199,1043,37
RSC-2020-00248,v2.1.4,2020-10-12 08:58:19,52,0.0517,0.7828,0.1365,0.5134,904,73
RSC-2020-00249,v2.1.4,2020-02-14 21:19:32,43,0.0019,0.8106,0.1509,0.4956,901,52
RSC-2020-00250,v2.1.4,2020-01-30 20:33:54,45,0.0587,0.8514,0.1475,0.5336,1148,125
RSC-2020-00251,v2.2.1,2020-10-29 10:00:21,41,0.0098,0.8104,0.1439,0.5113,1047,138
RSC-2020-00252,v2.1.4,2020-12-02 02:39:44,46,0.0079,0.8291,0.1536,0.5362,876,23
RSC-2020-00253,v2.1.3,2020-03-03 06:08:40,51,0.0081,0.8009,0.1407,0.4911,1335,136
RSC-2020-00254,v2.3.0,2020-03-24 12:47:01,49,0.0482,0.7819,0.1335,0.5457,1461,31
RSC-2020-00255,v2.2.0,2020-11-25 23:24:04,45,0.049,0.801,0.1473,0.5239,1158,41
RSC-2020-00256,v2.1.4,2020-12-28 02:58:26,57,0.0667,0.8163,0.1542,0.5224,1483,94
RSC-2020-00257,v2.1.4,2020-11-11 21:30:20,47,0.1185,0.8289,0.1444,0.5308,840,49
RSC-2020-00258,v2.3.0,2020-01-15 18:43:02,45,0.0392,0.8194,0.14,0.5392,1218,64
RSC-2020-00259,v2.2.1,2020-03-08 06:01:08,39,0.0041,0.7803,0.1497,0.4969,953,25
RSC-2020-00260,v2.1.3,2020-10-04 22:23:48,44,0.0298,0.8072,0.1478,0.5257,1476,86
RSC-2020-00261,v2.3.0,2020-04-03 10:06:52,54,0.0282,0.8147,0.1383,0.4942,1041,24
RSC-2020-00262,v2.2.1,2020-12-17 19:51:15,50,0.0539,0.8403,0.1414,0.4706,853,103
RSC-2020-00263,v2.2.1,2020-03-24 00:24:59,45,0.0551,0.8223,0.1568,0.4837,1544,52
RSC-2020-00264,v2.1.4,2020-01-25 17:29:09,50,0.0584,0.7857,0.1459,0.4946,1321,87
RSC-2020-00265,v2.1.3,2020-02-23 11:12:24,47,0.0439,0.7852,0.149,0.4749,1000,105
RSC-2020-00266,v2.2.1,2020-11-26 20:54:33,48,0.0457,0.8281,0.1569,0.5363,1317,84
RSC-2020-00267,v2.2.1,2020-12-20 18:14:34,57,0.0128,0.8084,0.1387,0.4944,1091,53
RSC-2020-00268,v2.1.4,2020-07-22 04:27:13,52,0.1006,0.7755,0.162,0.5489,1050,119
RSC-2020-00269,v2.2.0,2020-05-05 13:15:50,55,0.0076,0.838,0.1376,0.469,1168,94
RSC-2020-00270,v2.2.0,2020-11-05 16:40:56,35,0.0469,0.8162,0.1469,0.5125,1447,94
RSC-2020-00271,v2.3.0,2020-10-22 23:36:59,43,0.0347,0.8312,0.1361,0.4706,1236,38
RSC-2020-00272,v2.1.3,2020-12-08 17:42:10,53,0.0137,0.8205,0.1291,0.5257,1026,82
RSC-2020-00273,v2.2.0,2020-01-02 18:09:12,57,0.0361,0.7909,0.1345,0.5155,1223,91
RSC-2020-00274,v2.2.0,2020-01-06 14:55:15,49,0.0464,0.8077,0.1459,0.506,1051,22
RSC-2020-00275,v2.1.3,2020-06-27 03:17:48,52,0.026,0.7821,0.141,0.5154,1434,57
RSC-2020-00276,v2.1.4,2020-06-30 23:50:50,46,0.0162,0.7954,0.1517,0.5143,1515,27
RSC-2020-00277,v2.1.4,2020-11-16 19:18:00,51,0.0282,0.7978,0.1192,0.5285,1456,61
RSC-2020-00278,v2.2.0,2020-09-03 08:35:45,48,0.0235,0.8022,0.1618,0.5239,955,55
RSC-2020-00279,v2.2.1,2020-10-19 18:00:50,43,0.0744,0.7863,0.1523,0.5046,947,86
RSC-2020-00280,v2.2.0,2020-12-09 14:24:43,57,0.0057,0.838,0.1444,0.4725,1155,20
RSC-2020-00281,v2.1.4,2020-02-18 14:49:38,56,0.023,0.802,0.127,0.5146,1019,36
RSC-2020-00282,v2.2.1,2020-10-06 19:24:59,44,0.0552,0.8004,0.1529,0.5047,1513,33
RSC-2020-00283,v2.1.4,2020-03-31 16:50:48,34,0.0483,0.7989,0.1504,0.5323,889,29
RSC-2020-00284,v2.1.4,2020-03-06 23:19:05,52,0.0444,0.7999,0.157,0.5038,996,137
RSC-2020-00285,v2.2.1,2020-01-26 02:25:55,56,0.0081,0.8225,0.132,0.5247,866,93
RSC-2020-00286,v2.1.3,2020-07-14 20:38:53,34,0.062,0.8065,0.1365,0.5376,1271,135
RSC-2020-00287,v2.1.4,2020-12-21 10:04:28,51,0.0461,0.8113,0.1522,0.5293,877,102
RSC-2020-00288,v2.1.3,2020-08-26 23:52:19,42,0.0234,0.8274,0.1198,0.5022,1270,129
RSC-2020-00289,v2.1.4,2020-03-28 12:03:05,38,0.0304,0.8206,0.1456,0.4957,1256,119
RSC-2020-00290,v2.3.0,2020-11-16 13:21:36,43,0.0115,0.8456,0.1269,0.5289,1314,40
RSC-2020-00291,v2.2.0,2020-06-24 13:28:10,35,0.0581,0.8295,0.1444,0.5377,887,124
RSC-2020-00292,v2.1.3,2020-02-02 03:23:49,38,0.0251,0.7998,0.1569,0.5099,1232,114
RSC-2020-00293,v2.1.3,2020-02-25 00:41:46,43,0.0323,0.7956,0.1414,0.4831,1243,41
RSC-2020-00294,v2.2.1,2020-05-10 01:50:49,36,0.0067,0.7511,0.1309,0.5165,1467,63
RSC-2020-00295,v2.1.3,2020-09-12 21:57:47,50,0.0116,0.844,0.1538,0.5176,1505,103
RSC-2020-00296,v2.1.3,2020-03-17 06:14:41,55,0.0305,0.8412,0.1549,0.5068,945,46
RSC-2020-00297,v2.3.0,2020-08-25 17:58:05,37,0.0084,0.804,0.1531,0.5109,813,90
RSC-2020-00298,v2.1.4,2020-04-15 13:33:46,40,0.0552,0.8234,0.1461,0.4953,1429,26
RSC-2020-00299,v2.3.0,2020-06-10 09:05:18,40,0.0932,0.8356,0.1188,0.5291,1063,134
RSC-2020-00300,v2.2.1,2020-09-21 11:43:48,49,0.0175,0.7818,0.1483,0.499,1527,119
RSC-2020-00301,v2.1.4,2020-03-26 14:49:16,37,0.0218,0.7944,0.1672,0.5029,892,95
RSC-2020-00302,v2.3.0,2020-12-11 09:13:08,45,0.0198,0.7849,0.1317,0.4771,852,82
RSC-2020-00303,v2.1.4,2020-06-05 14:48:32,35,0.092,0.8207,0.1414,0.4755,1246,117
RSC-2020-00304,v2.1.4,2020-10-26 01:09:33,48,0.0148,0.8078,0.1336,0.5028,1253,54
RSC-2020-00305,v2.1.3,2020-11-15 17:57:07,49,0.0262,0.8141,0.1384,0.519,1413,33
RSC-2020-00306,v2.1.3,2020-09-25 13:31:19,44,0.0133,0.7901,0.1514,0.5229,1273,137
RSC-2020-00307,v2.3.0,2020-05-14 00:49:52,44,0.0808,0.7908,0.1627,0.5088,1460,42
RSC-2020-00308,v2.1.3,2020-09-16 03:30:26,39,0.0478,0.8073,0.1415,0.5356,914,116
RSC-2020-00309,v2.2.1,2020-12-21 18:31:48,37,0.0549,0.8236,0.1396,0.4988,1085,87
RSC-2020-00310,v2.1.4,2020-10-03 09:08:25,35,0.0618,0.8188,0.1262,0.5143,1086,109
RSC-2020-00311,v2.2.1,2020-09-24 08:41:03,38,0.0283,0.8182,0.1492,0.5255,1098,34
RSC-2020-00312,v2.3.0,2020-02-16 06:43:30,57,0.0987,0.7933,0.125,0.5245,1180,33
RSC-2020-00313,v2.1.3,2020-06-27 10:10:11,40,0.0283,0.8097,0.1693,0.5136,1052,53
RSC-2020-00314,v2.3.0,2020-11-14 01:21:03,48,0.0293,0.8407,0.1415,0.475,1083,80
RSC-2020-00315,v2.3.0,2020-12-09 21:41:37,49,0.0369,0.8407,0.1639,0.542,1248,29
RSC-2020-00316,v2.3.0,2020-09-17 18:31:06,57,0.0349,0.796,0.1428,0.5262,1322,37
RSC-2020-00317,v2.2.1,2020-06-06 23:55:46,38,0.0455,0.8275,0.1271,0.5117,991,60
RSC-2020-00318,v2.2.1,2020-03-25 10:22:08,55,0.0557,0.7898,0.1412,0.5106,1132,130
RSC-2020-00319,v2.3.0,2020-10-15 21:49:32,43,0.0291,0.8324,0.1386,0.5185,1125,98
RSC-2020-00320,v2.3.0,2020-06-02 22:37:36,46,0.0226,0.7921,0.1556,0.5092,1365,27
RSC-2020-00321,v2.2.1,2020-03-05 10:46:35,36,0.0213,0.8135,0.1312,0.5108,1040,25
RSC-2020-00322,v2.1.3,2020-01-18 05:18:04,38,0.0836,0.8111,0.144,0.5301,984,29
RSC-2020-00323,v2.1.4,2020-06-25 18:59:12,39,0.0311,0.837,0.1373,0.4821,1265,84
RSC-2020-00324,v2.2.0,2020-07-06 08:47:54,38,0.0332,0.7903,0.1318,0.5054,1092,88
RSC-2020-00325,v2.1.4,2020-05-29 20:32:59,48,0.0144,0.7976,0.1372,0.5291,1535,89
RSC-2020-00326,v2.3.0,2020-06-11 03:05:56,43,0.0188,0.8042,0.1655,0.531,1203,133
RSC-2020-00327,v2.2.0,2020-05-21 11:37:48,42,0.116,0.8272,0.1503,0.508,1182,114
RSC-2020-00328,v2.2.0,2020-04-24 20:29:08,37,0.0212,0.8181,0.1307,0.4411,922,69
RSC-2020-00329,v2.3.0,2020-06-04 19:33:29,54,0.0507,0.8269,0.1168,0.5089,836,83
RSC-2020-00330,v2.1.4,2020-06-07 16:39:03,44,0.0801,0.8375,0.1362,0.5379,1525,111
RSC-2020-00331,v2.1.3,2020-10-26 16:05:33,49,0.0937,0.8169,0.1389,0.5559,1569,127
RSC-2020-00332,v2.2.0,2020-07-12 20:26:39,35,0.0444,0.8233,0.1312,0.5059,1417,53
RSC-2020-00333,v2.1.3,2020-11-09 03:14:52,37,0.0505,0.78,0.1452,0.5086,896,105
RSC-2020-00334,v2.2.0,2020-04-25 09:12:44,39,0.0454,0.7695,0.1503,0.5057,1304,56
RSC-2020-00335,v2.2.0,2020-07-08 06:52:06,38,0.0038,0.8383,0.1426,0.5183,1569,32
RSC-2020-00336,v2.3.0,2020-03-09 06:05:21,51,0.0141,0.8452,0.1522,0.5045,1559,35
RSC-2020-00337,v2.3.0,2020-02-26 01:47:43,35,0.1137,0.8248,0.1383,0.4997,1559,64
RSC-2020-00338,v2.1.3,2020-11-16 00:55:13,43,0.037,0.8124,0.1609,0.4927,1202,34
RSC-2020-00339,v2.1.4,2020-12-01 03:18:18,39,0.0196,0.8133,0.1537,0.5118,1440,108
RSC-2020-00340,v2.2.1,2020-03-30 22:40:53,45,0.0145,0.7836,0.1343,0.4897,1232,73
RSC-2020-00341,v2.1.3,2020-05-05 18:03:06,53,0.0898,0.8208,0.1591,0.5169,879,112
RSC-2020-00342,v2.2.1,2020-02-25 12:43:43,39,0.021,0.7951,0.15,0.5132,1375,78
RSC-2020-00343,v2.2.0,2020-05-12 03:36:59,35,0.0331,0.7741,0.147,0.5014,1265,68
RSC-2020-00344,v2.2.1,2020-04-27 13:53:46,34,0.1064,0.8232,0.1324,0.5125,850,100
RSC-2020-00345,v2.1.4,2020-09-05 20:27:56,50,0.0279,0.7937,0.1499,0.5255,957,21
RSC-2020-00346,v2.2.1,2020-02-22 16:43:08,52,0.0314,0.8234,0.1533,0.512,1226,22
RSC-2020-00347,v2.2.0,2020-04-09 14:14:59,55,0.0262,0.8542,0.1426,0.5205,1332,100
RSC-2020-00348,v2.1.3,2020-01-16 15:08:00,39,0.0064,0.7908,0.1529,0.531,879,98
RSC-2020-00349,v2.1.3,2020-07-27 05:48:43,45,0.0238,0.8156,0.1206,0.5205,1271,110
RSC-2020-00350,v2.1.4,2020-07-04 14:32:06,35,0.021,0.8158,0.1603,0.5184,1337,58
RSC-2020-00351,v2.2.0,2020-02-04 18:07:47,52,0.0193,0.8356,0.119,0.5358,1489,112
RSC-2020-00352,v2.2.0,2020-08-25 00:35:48,38,0.0203,0.7914,0.1608,0.5122,1370,61
RSC-2020-00353,v2.3.0,2020-01-11 07:07:17,49,0.0487,0.8248,0.1246,0.5161,1202,108
RSC-2020-00354,v2.2.1,2020-10-10 17:18:56,49,0.0051,0.8204,0.1432,0.4917,1064,114
RSC-2020-00355,v2.1.4,2020-05-03 23:22:56,57,0.0648,0.8293,0.1352,0.5047,1138,29
RSC-2020-00356,v2.3.0,2020-09-08 18:22:25,36,0.0111,0.8245,0.1561,0.5009,1096,120
RSC-2020-00357,v2.3.0,2020-10-08 05:23:44,38,0.0074,0.8239,0.1577,0.5093,1157,126
RSC-2020-00358,v2.2.1,2020-05-12 23:21:49,54,0.112,0.8152,0.148,0.5004,1494,132
RSC-2020-00359,v2.2.0,2020-07-30 06:31:02,52,0.0421,0.7765,0.1516,0.4956,1218,136
RSC-2020-00360,v2.3.0,2020-06-15 01:22:22,43,0.0672,0.7881,0.1484,0.5361,1424,130
RSC-2020-00361,v2.1.3,2020-12-23 22:48:23,52,0.0507,0.7951,0.1369,0.5543,804,39
RSC-2020-00362,v2.1.3,2020-09-02 22:21:48,42,0.0378,0.8471,0.1343,0.5037,1366,82
RSC-2020-00363,v2.1.4,2020-10-03 09:09:01,44,0.0144,0.7711,0.1376,0.4908,1225,59
RSC-2020-00364,v2.1.3,2020-07-22 22:10:13,53,0.0097,0.8176,0.1668,0.5034,1400,83
RSC-2020-00365,v2.2.0,2020-02-10 11:52:46,43,0.0647,0.7985,0.1473,0.5442,897,56
RSC-2020-00366,v2.2.1,2020-07-30 04:37:49,44,0.0228,0.7939,0.1515,0.5259,1123,118
RSC-2020-00367,v2.2.1,2020-12-13 07:26:22,52,0.0436,0.8185,0.1472,0.5224,1419,57
RSC-2020-00368,v2.1.3,2020-10-18 08:54:10,42,0.0259,0.8022,0.1509,0.509,837,81
RSC-2020-00369,v2.1.3,2020-11-18 05:55:36,55,0.0511,0.8092,0.1326,0.5429,1074,35
RSC-2020-00370,v2.1.4,2020-04-22 02:53:07,40,0.0499,0.8153,0.1438,0.5694,1022,109
RSC-2020-00371,v2.2.1,2020-06-23 11:40:01,43,0.0874,0.7945,0.1491,0.4725,1245,84
RSC-2020-00372,v2.1.4,2020-12-22 09:54:28,39,0.0277,0.8134,0.121,0.5277,1253,138
RSC-2020-00373,v2.1.3,2020-01-14 11:07:49,44,0.0779,0.8396,0.1421,0.5343,1114,92
RSC-2020-00374,v2.1.4,2020-04-21 18:07:24,54,0.0312,0.8403,0.1471,0.5284,1024,105
RSC-2020-00375,v2.1.3,2020-04-17 19:04:11,47,0.0376,0.7974,0.1619,0.4895,1213,48
RSC-2020-00376,v2.1.4,2020-11-23 23:20:02,40,0.077,0.8052,0.1447,0.4948,1381,114
RSC-2020-00377,v2.1.3,2020-11-25 03:36:36,46,0.0126,0.8279,0.1384,0.5157,1572,54
RSC-2020-00378,v2.2.0,2020-01-13 02:54:42,37,0.0582,0.8139,0.147,0.5088,1100,48
RSC-2020-00379,v2.2.1,2020-07-11 03:01:51,43,0.0079,0.8139,0.1543,0.501,1501,113
RSC-2020-00380,v2.2.1,2020-02-16 09:31:44,53,0.0192,0.8248,0.1561,0.5258,1414,71
RSC-2020-00381,v2.3.0,2020-03-26 11:51:58,34,0.051,0.8391,0.1425,0.524,1303,22
RSC-2020-00382,v2.1.4,2020-08-29 01:36:00,38,0.0635,0.8189,0.1525,0.5057,911,112
RSC-2020-00383,v2.2.0,2020-12-18 09:21:57,45,0.025,0.8326,0.1354,0.4825,1170,76
RSC-2020-00384,v2.2.0,2020-11-14 20:23:09,44,0.0157,0.8219,0.1465,0.5054,1450,120
RSC-2020-00385,v2.1.3,2020-10-13 15:13:27,34,0.0222,0.7932,0.1433,0.5295,1344,128
RSC-2020-00386,v2.1.4,2020-09-01 09:08:51,39,0.0164,0.8242,0.141,0.5317,869,124
RSC-2020-00387,v2.1.3,2020-09-24 22:10:46,54,0.0689,0.8039,0.1283,0.4964,926,131
RSC-2020-00388,v2.3.0,2020-11-03 17:24:44,49,0.0399,0.7957,0.1526,0.5066,872,73
RSC-2020-00389,v2.3.0,2020-11-17 08:28:47,53,0.0053,0.8216,0.1361,0.4655,1516,114
RSC-2020-00390,v2.2.1,2020-10-05 11:07:12,49,0.0349,0.7856,0.1392,0.5163,952,90
RSC-2020-00391,v2.1.4,2020-11-18 15:09:33,52,0.033,0.8129,0.1749,0.5124,1237,56
RSC-2020-00392,v2.3.0,2020-02-12 01:17:39,37,0.0401,0.8207,0.1714,0.497,1136,47
RSC-2020-00393,v2.1.3,2020-12-02 08:11:30,44,0.0224,0.8094,0.143,0.5473,1563,46
RSC-2020-00394,v2.2.1,2020-09-03 11:27:08,45,0.02,0.8535,0.1444,0.4967,809,108
RSC-2020-00395,v2.2.1,2020-04-20 14:46:27,46,0.0189,0.8174,0.1295,0.4878,1294,98
RSC-2020-00396,v2.2.1,2020-03-30 21:34:05,42,0.0293,0.7733,0.1615,0.5171,1157,108
RSC-2020-00397,v2.2.1,2020-04-03 02:35:51,40,0.0642,0.7978,0.1531,0.522,1106,69
RSC-2020-00398,v2.2.0,2020-06-02 00:05:56,46,0.0459,0.8073,0.1327,0.5123,1204,100
RSC-2020-00399,v2.3.0,2020-05-09 00:06:20,46,0.0379,0.8418,0.1267,0.5245,1248,51
RSC-2020-00400,v2.2.1,2020-04-21 17:58:36,43,0.0086,0.8238,0.1394,0.5373,818,56
RSC-2020-00401,v2.2.1,2020-06-27 03:02:38,41,0.0227,0.8193,0.1327,0.4839,961,110
RSC-2020-00402,v2.3.0,2020-11-25 08:51:02,37,0.0794,0.8051,0.1249,0.5158,967,135
RSC-2020-00403,v2.3.0,2020-08-05 15:01:55,52,0.0154,0.8113,0.1501,0.5186,1137,97
RSC-2020-00404,v2.2.1,2020-01-01 11:47:27,35,0.0325,0.7945,0.1404,0.5074,1473,126
RSC-2020-00405,v2.3.0,2020-07-27 15:38:50,36,0.0453,0.8545,0.1511,0.4963,973,70
RSC-2020-00406,v2.1.3,2020-01-23 04:18:05,36,0.0853,0.8156,0.1328,0.542,1044,82
RSC-2020-00407,v2.2.1,2020-06-30 17:13:52,35,0.081,0.7807,0.1332,0.525,1404,67
RSC-2020-00408,v2.1.3,2020-12-25 11:39:32,43,0.0077,0.8287,0.1369,0.5076,1080,28
RSC-2020-00409,v2.2.1,2020-09-21 21:25:20,47,0.0259,0.806,0.1416,0.5337,1274,94
RSC-2020-00410,v2.2.1,2020-07-08 01:37:57,41,0.014,0.8128,0.1673,0.5044,1094,116
RSC-2020-00411,v2.2.0,2020-10-18 04:46:19,47,0.0587,0.811,0.1297,0.5281,1527,113
RSC-2020-00412,v2.1.3,2020-09-12 07:17:06,36,0.0297,0.779,0.1305,0.5051,1504,114
RSC-2020-00413,v2.1.4,2020-10-06 11:16:37,57,0.0847,0.7656,0.1446,0.4832,1057,53
RSC-2020-00414,v2.2.0,2020-02-13 04:12:08,34,0.0285,0.7972,0.1379,0.4874,1257,37
RSC-2020-00415,v2.3.0,2020-04-03 18:35:03,47,0.0243,0.8227,0.141,0.5269,1368,116
RSC-2020-00416,v2.1.3,2020-05-16 06:04:21,50,0.0256,0.8151,0.1606,0.5263,1020,57
RSC-2020-00417,v2.1.4,2020-06-25 16:07:03,55,0.0527,0.8112,0.1279,0.5214,892,126
RSC-2020-00418,v2.1.3,2020-11-20 05:17:11,49,0.0071,0.7824,0.1656,0.5203,1321,49
RSC-2020-00419,v2.3.0,2020-09-26 22:07:15,46,0.0441,0.8183,0.1489,0.517,1183,56
RSC-2020-00420,v2.3.0,2020-08-22 18:47:31,36,0.021,0.7948,0.1385,0.5524,889,74
RSC-2020-00421,v2.2.0,2020-11-09 17:35:31,34,0.044,0.8276,0.1459,0.4821,1057,42
RSC-2020-00422,v2.1.3,2020-03-31 08:31:53,46,0.0616,0.8121,0.1277,0.4974,964,84
RSC-2020-00423,v2.2.1,2020-07-19 10:40:26,35,0.0428,0.8116,0.144,0.5364,1560,64
RSC-2020-00424,v2.1.4,2020-08-16 04:21:35,42,0.0876,0.8003,0.1423,0.4868,847,56
RSC-2020-00425,v2.1.3,2020-06-22 20:44:03,51,0.021,0.8113,0.1391,0.4975,1441,71
RSC-2020-00426,v2.3.0,2020-08-06 13:04:03,57,0.0853,0.8492,0.1431,0.5244,1395,54
RSC-2020-00427,v2.1.3,2020-07-06 23:53:55,35,0.0633,0.8372,0.1377,0.5043,810,94
RSC-2020-00428,v2.1.4,2020-07-21 21:33:43,39,0.0695,0.8016,0.1262,0.5284,875,48
RSC-2020-00429,v2.1.4,2020-05-27 19:31:56,40,0.004,0.7987,0.1346,0.5271,863,58
RSC-2020-00430,v2.1.4,2020-07-25 23:46:06,38,0.08,0.79,0.1517,0.5279,1405,95
RSC-2020-00431,v2.1.4,2020-01-02 14:03:20,52,0.0344,0.8059,0.1307,0.5178,966,58
RSC-2020-00432,v2.3.0,2020-04-21 23:54:14,55,0.0105,0.8092,0.1347,0.473,1399,51
RSC-2020-00433,v2.3.0,2020-12-25 10:08:57,36,0.0031,0.7798,0.1235,0.4802,1097,116
RSC-2020-00434,v2.1.3,2020-01-03 22:31:35,46,0.0351,0.8168,0.1499,0.5352,1370,95
RSC-2020-00435,v2.2.0,2020-07-26 17:56:36,56,0.0718,0.7989,0.137,0.5149,1250,76
RSC-2020-00436,v2.1.3,2020-10-28 02:33:28,41,0.0869,0.8065,0.1383,0.5423,1348,137
RSC-2020-00437,v2.1.3,2020-04-19 07:08:54,49,0.0124,0.8012,0.1511,0.4851,861,27
RSC-2020-00438,v2.3.0,2020-03-07 03:52:44,35,0.0275,0.7948,0.1412,0.5147,1115,58
RSC-2020-00439,v2.3.0,2020-03-11 16:01:45,38,0.0124,0.8077,0.1324,0.5286,1475,126
RSC-2020-00440,v2.3.0,2020-12-06 00:50:27,46,0.0427,0.8004,0.1222,0.536,1196,116
RSC-2020-00441,v2.2.0,2020-06-03 14:09:08,36,0.0307,0.7948,0.1381,0.5176,814,113
RSC-2020-00442,v2.1.3,2020-09-29 15:58:13,34,0.0595,0.8103,0.1441,0.5363,1010,44
RSC-2020-00443,v2.2.1,2020-10-27 14:38:07,42,0.0202,0.8022,0.1327,0.5241,940,127
RSC-2020-00444,v2.3.0,2020-11-10 08:50:09,54,0.0337,0.825,0.1342,0.5263,1203,97
RSC-2020-00445,v2.3.0,2020-03-08 21:27:33,56,0.0101,0.8088,0.1308,0.5344,1150,103
RSC-2020-00446,v2.3.0,2020-05-03 23:42:31,36,0.0193,0.8128,0.1589,0.5351,1584,133
RSC-2020-00447,v2.2.1,2020-08-27 03:04:21,39,0.0364,0.8173,0.1494,0.5106,1057,123
RSC-2020-00448,v2.1.3,2020-05-13 19:31:06,54,0.0908,0.7853,0.1585,0.5056,1465,33
RSC-2020-00449,v2.3.0,2020-02-07 01:15:13,41,0.0848,0.7767,0.1375,0.4925,1238,126
RSC-2020-00450,v2.2.0,2020-10-08 07:38:03,53,0.0258,0.8162,0.1401,0.4914,1162,51
RSC-2020-00451,v2.2.0,2020-02-01 08:46:47,50,0.0288,0.7938,0.1588,0.5257,1189,110
RSC-2020-00452,v2.1.4,2020-04-16 22:06:53,48,0.019,0.8304,0.1348,0.5426,1455,43
RSC-2020-00453,v2.1.3,2020-09-15 21:42:29,57,0.0322,0.8289,0.1426,0.5154,1102,87
RSC-2020-00454,v2.3.0,2020-04-02 16:52:45,55,0.0149,0.8313,0.1472,0.5058,1198,73
RSC-2020-00455,v2.3.0,2020-02-25 03:22:31,38,0.1121,0.8153,0.13,0.5334,1329,45
RSC-2020-00456,v2.3.0,2020-11-17 17:55:42,47,0.0996,0.806,0.1475,0.509,1194,30
RSC-2020-00457,v2.1.4,2020-02-06 18:28:41,57,0.0412,0.7805,0.1461,0.4946,1299,46
RSC-2020-00458,v2.2.0,2020-09-16 09:35:46,44,0.0157,0.8234,0.1492,0.5197,1063,92
RSC-2020-00459,v2.2.0,2020-06-15 13:55:21,36,0.0095,0.8321,0.1245,0.5049,1046,105
RSC-2020-00460,v2.2.0,2020-09-15 09:09:51,47,0.0201,0.8001,0.1388,0.4947,1538,46
RSC-2020-00461,v2.1.3,2020-02-02 18:00:40,43,0.0122,0.8067,0.1538,0.4875,1258,26
RSC-2020-00462,v2.2.0,2020-04-23 09:04:00,49,0.0116,0.8322,0.1332,0.5172,1397,128
RSC-2020-00463,v2.1.3,2020-10-17 07:15:06,57,0.0189,0.8038,0.1361,0.4839,1548,31
RSC-2020-00464,v2.2.0,2020-06-13 02:12:02,42,0.0175,0.823,0.1624,0.5034,1149,55
RSC-2020-00465,v2.2.1,2020-04-01 15:17:26,50,0.0184,0.8075,0.132,0.5184,829,57
RSC-2020-00466,v2.2.1,2020-12-09 13:44:57,55,0.0557,0.8123,0.1365,0.5235,895,124
RSC-2020-00467,v2.2.0,2020-09-26 15:32:44,39,0.043,0.8236,0.1449,0.5057,1188,87
RSC-2020-00468,v2.3.0,2020-01-30 17:40:03,43,0.0809,0.8276,0.1517,0.5169,1549,127
RSC-2020-00469,v2.1.3,2020-08-20 23:58:44,43,0.0466,0.7923,0.1333,0.4861,1411,51
RSC-2020-00470,v2.3.0,2020-11-06 06:07:43,39,0.0501,0.8024,0.1293,0.5481,1278,43
RSC-2020-00471,v2.1.3,2020-12-24 11:42:31,55,0.0391,0.8078,0.1394,0.5047,1471,83
RSC-2020-00472,v2.1.4,2020-04-17 12:29:28,53,0.0564,0.8182,0.1367,0.5076,1045,59
RSC-2020-00473,v2.2.1,2020-05-30 02:48:22,53,0.0777,0.8124,0.1315,0.5321,1317,49
RSC-2020-00474,v2.1.3,2020-10-25 10:03:33,46,0.0154,0.8413,0.1425,0.5324,1500,128
RSC-2020-00475,v2.2.1,2020-11-10 22:56:54,50,0.0381,0.8577,0.1475,0.5104,1592,92
RSC-2020-00476,v2.1.4,2020-10-22 04:30:23,56,0.0391,0.8246,0.1503,0.4853,870,91
RSC-2020-00477,v2.1.4,2020-05-05 13:34:55,45,0.0227,0.7783,0.1572,0.5318,1178,71
RSC-2020-00478,v2.3.0,2020-01-20 12:20:23,36,0.0156,0.8216,0.1506,0.5035,1085,76
RSC-2020-00479,v2.1.3,2020-12-19 07:57:16,43,0.0346,0.8036,0.1332,0.5039,902,113
RSC-2020-00480,v2.1.4,2020-08-01 11:09:09,56,0.0476,0.8012,0.1478,0.4876,1294,56
RSC-2020-00481,v2.1.4,2020-11-10 16:36:10,41,0.0717,0.806,0.1425,0.5151,1452,61
RSC-2020-00482,v2.2.0,2020-11-04 18:40:46,52,0.0238,0.8417,0.1382,0.5214,889,125
RSC-2020-00483,v2.2.1,2020-03-08 05:55:42,56,0.0197,0.8098,0.1391,0.5133,1209,85
RSC-2020-00484,v2.2.1,2020-03-24 19:13:58,47,0.0151,0.789,0.1448,0.5223,1326,92
RSC-2020-00485,v2.1.4,2020-03-28 04:54:03,50,0.0313,0.8218,0.1334,0.5081,1308,106
RSC-2020-00486,v2.1.3,2020-01-05 14:00:02,55,0.0266,0.8664,0.1461,0.5301,1543,63
RSC-2020-00487,v2.2.1,2020-01-09 00:47:26,44,0.1038,0.8366,0.1436,0.5004,1014,53
RSC-2020-00488,v2.2.0,2020-12-09 00:12:42,51,0.0026,0.8063,0.1382,0.4785,1306,107
RSC-2020-00489,v2.1.3,2020-04-28 13:49:51,39,0.0287,0.791,0.1453,0.5065,1417,58
RSC-2020-00490,v2.3.0,2020-07-12 01:32:22,43,0.0436,0.7944,0.162,0.4868,1028,37
RSC-2020-00491,v2.1.4,2020-11-08 13:36:57,52,0.0615,0.8196,0.1356,0.4907,1141,37
RSC-2020-00492,v2.2.1,2020-01-17 00:32:48,40,0.0333,0.8035,0.1406,0.4818,1055,67
RSC-2020-00493,v2.2.0,2020-04-01 10:28:47,52,0.0149,0.8254,0.1545,0.459,1556,44
RSC-2020-00494,v2.1.3,2020-08-28 07:19:52,46,0.0277,0.8151,0.1326,0.5165,1160,109
RSC-2020-00495,v2.2.0,2020-08-13 06:07:44,39,0.0639,0.8517,0.1552,0.5062,1214,62
RSC-2020-00496,v2.2.0,2020-10-25 10:48:10,38,0.0173,0.7721,0.1276,0.5099,1148,122
RSC-2020-00497,v2.1.3,2020-07-28 11:38:25,48,0.0198,0.8128,0.1329,0.5322,811,49
RSC-2020-00498,v2.2.1,2020-12-24 03:16:57,53,0.033,0.7967,0.1413,0.5065,869,61
RSC-2020-00499,v2.1.4,2020-04-17 00:13:46,34,0.0129,0.8163,0.172,0.5376,812,83
RSC-2020-00500,v2.1.3,2020-08-06 23:28:15,51,0.018,0.7826,0.1374,0.4959,922,131
RSC-2020-00501,v2.1.3,2020-08-22 14:31:03,55,0.0335,0.8005,0.1646,0.5114,1157,110
RSC-2020-00502,v2.3.0,2020-06-15 18:47:29,47,0.0539,0.8244,0.1434,0.5201,1567,66
RSC-2020-00503,v2.1.3,2020-06-15 15:01:25,55,0.0189,0.8255,0.1574,0.4896,1293,126
RSC-2020-00504,v2.1.4,2020-04-07 09:41:52,50,0.0503,0.8107,0.1409,0.4822,1335,124
RSC-2020-00505,v2.3.0,2020-11-30 06:03:13,35,0.0172,0.7869,0.1536,0.5378,1539,36
RSC-2020-00506,v2.3.0,2020-06-29 23:18:37,45,0.0166,0.8283,0.1477,0.5229,1284,82
RSC-2020-00507,v2.1.3,2020-06-02 01:41:06,38,0.0187,0.8164,0.1397,0.5133,1120,47
RSC-2020-00508,v2.2.1,2020-02-20 04:09:09,46,0.0176,0.8228,0.1698,0.509,1251,131
RSC-2020-00509,v2.1.3,2020-04-16 00:09:48,57,0.0153,0.8068,0.1517,0.5169,1521,22
RSC-2020-00510,v2.3.0,2020-09-03 14:39:16,46,0.097,0.8114,0.1495,0.4571,1100,99
RSC-2020-00511,v2.3.0,2020-01-13 00:18:00,34,0.0321,0.7986,0.1817,0.5039,1082,36
RSC-2020-00512,v2.1.4,2020-12-27 15:41:47,51,0.0179,0.7996,0.1254,0.487,903,54
RSC-2020-00513,v2.3.0,2020-11-07 09:47:14,55,0.0309,0.8338,0.1355,0.5188,869,21
RSC-2020-00514,v2.1.3,2020-10-09 13:23:14,53,0.0505,0.8277,0.121,0.536,1237,65
RSC-2020-00515,v2.1.3,2020-01-26 01:32:08,38,0.0056,0.7762,0.1413,0.5094,923,129
RSC-2020-00516,v2.1.4,2020-03-19 20:38:38,53,0.0498,0.8045,0.1409,0.4915,1416,35
RSC-2020-00517,v2.1.3,2020-02-26 19:29:10,38,0.011,0.8216,0.1462,0.4899,1329,74
RSC-2020-00518,v2.1.3,2020-05-19 08:31:48,54,0.0334,0.8375,0.1464,0.5297,1186,116
RSC-2020-00519,v2.2.0,2020-01-15 08:44:35,53,0.0353,0.8289,0.169,0.5317,1518,92
RSC-2020-00520,v2.2.0,2020-11-04 08:14:34,50,0.0654,0.8014,0.1151,0.5313,1498,71
RSC-2020-00521,v2.1.3,2020-04-18 15:11:42,53,0.0599,0.8049,0.1583,0.5385,993,83
RSC-2020-00522,v2.2.0,2020-06-24 16:09:06,53,0.0319,0.788,0.1284,0.515,1067,101
RSC-2020-00523,v2.2.0,2020-01-19 08:04:31,36,0.0453,0.8202,0.1299,0.5249,1464,123
RSC-2020-00524,v2.2.0,2020-11-06 09:00:24,43,0.0334,0.8252,0.1532,0.5126,1359,137
RSC-2020-00525,v2.2.0,2020-02-27 07:53:55,51,0.0127,0.8152,0.1425,0.515,1015,36
RSC-2020-00526,v2.2.1,2020-06-27 02:04:41,40,0.0542,0.8553,0.1638,0.5127,813,123
RSC-2020-00527,v2.1.3,2020-04-17 17:55:12,57,0.0444,0.8068,0.1362,0.4879,1341,102
RSC-2020-00528,v2.2.1,2020-06-14 22:02:23,55,0.0963,0.7636,0.1309,0.5066,996,57
RSC-2020-00529,v2.1.4,2020-07-30 01:46:29,50,0.0221,0.8039,0.139,0.4866,874,75
RSC-2020-00530,v2.2.1,2020-05-17 08:27:35,44,0.0197,0.8206,0.1333,0.4907,1025,49
RSC-2020-00531,v2.2.1,2020-05-02 08:28:01,37,0.0506,0.8443,0.1454,0.5131,1051,61
RSC-2020-00532,v2.1.4,2020-02-19 15:04:11,56,0.0956,0.7927,0.1298,0.52,969,37
RSC-2020-00533,v2.1.3,2020-10-09 02:49:18,53,0.0322,0.8066,0.1531,0.507,1019,95
RSC-2020-00534,v2.1.3,2020-09-04 08:40:40,56,0.0256,0.8075,0.1533,0.5073,1099,56
RSC-2020-00535,v2.2.0,2020-09-29 02:46:01,35,0.0486,0.81,0.162,0.5353,1292,65
RSC-2020-00536,v2.3.0,2020-06-11 08:36:22,53,0.0376,0.8055,0.1224,0.5262,1044,26
RSC-2020-00537,v2.2.0,2020-08-12 19:16:36,43,0.0288,0.8126,0.1452,0.5052,983,126
RSC-2020-00538,v2.2.1,2020-01-07 03:57:06,43,0.0783,0.8252,0.1527,0.5394,1538,48
RSC-2020-00539,v2.1.4,2020-03-16 22:50:01,34,0.0979,0.8217,0.1447,0.5415,1501,84
RSC-2020-00540,v2.1.4,2020-04-09 07:29:32,57,0.0391,0.8116,0.1285,0.502,1243,86
RSC-2020-00541,v2.2.1,2020-04-08 18:49:56,36,0.0593,0.8156,0.1384,0.5512,1020,93
RSC-2020-00542,v2.1.3,2020-02-01 01:38:03,43,0.0217,0.8345,0.1174,0.4848,1197,59
RSC-2020-00543,v2.2.1,2020-03-09 00:51:37,44,0.0569,0.8285,0.1428,0.5172,1437,51
RSC-2020-00544,v2.1.3,2020-08-06 21:24:21,57,0.0122,0.7945,0.1354,0.5373,1155,101
RSC-2020-00545,v2.3.0,2020-12-22 17:20:29,56,0.0854,0.8403,0.128,0.504,1541,22
RSC-2020-00546,v2.1.4,2020-07-26 05:21:49,49,0.0302,0.805,0.1594,0.5287,1077,77
RSC-2020-00547,v2.1.4,2020-01-31 20:48:08,39,0.0191,0.8071,0.1728,0.5031,1574,45
RSC-2020-00548,v2.2.0,2020-02-10 05:48:47,47,0.018,0.8028,0.1546,0.4625,1094,55
RSC-2020-00549,v2.3.0,2020-02-27 14:37:58,43,0.0409,0.7969,0.1174,0.5058,904,32
RSC-2020-00550,v2.2.1,2020-02-04 00:34:37,40,0.0299,0.808,0.1261,0.5147,1303,40
RSC-2020-00551,v2.1.4,2020-11-16 04:47:04,39,0.0128,0.8056,0.1409,0.5562,1206,108
RSC-2020-00552,v2.1.3,2020-02-08 22:25:13,51,0.075,0.7943,0.1469,0.471,1266,76
RSC-2020-00553,v2.2.0,2020-10-31 23:46:40,57,0.0041,0.8298,0.1438,0.468,1092,86
RSC-2020-00554,v2.1.3,2020-08-20 13:05:18,57,0.0789,0.8094,0.1145,0.5505,916,113
RSC-2020-00555,v2.2.1,2020-12-17 09:56:39,41,0.0481,0.8107,0.1505,0.4829,1370,25
RSC-2020-00556,v2.2.0,2020-04-19 08:09:46,40,0.0068,0.8084,0.137,0.548,1120,57
RSC-2020-00557,v2.1.4,2020-08-24 21:50:47,48,0.0171,0.7774,0.1391,0.5059,1298,80
RSC-2020-00558,v2.3.0,2020-05-02 03:34:43,45,0.0468,0.8163,0.1589,0.4758,1021,71
RSC-2020-00559,v2.2.1,2020-09-25 23:55:00,41,0.0763,0.8188,0.1252,0.5014,1214,85
RSC-2020-00560,v2.3.0,2020-01-11 05:14:16,37,0.0684,0.8029,0.1524,0.5254,1192,33
RSC-2020-00561,v2.1.4,2020-08-27 16:12:54,34,0.0311,0.8136,0.178,0.514,868,112
RSC-2020-00562,v2.3.0,2020-04-23 08:17:55,35,0.0063,0.8183,0.1539,0.504,1193,55
RSC-2020-00563,v2.2.0,2020-01-01 13:47:57,45,0.0278,0.8062,0.1457,0.5046,854,84
RSC-2020-00564,v2.2.0,2020-11-24 02:34:06,36,0.0162,0.7968,0.1481,0.5465,1252,40
RSC-2020-00565,v2.3.0,2020-01-19 07:52:02,50,0.0519,0.8289,0.1611,0.5337,1338,47
RSC-2020-00566,v2.1.4,2020-02-27 11:51:23,49,0.0399,0.8131,0.1418,0.4833,1334,132
RSC-2020-00567,v2.3.0,2020-02-18 02:56:32,55,0.0178,0.8447,0.1438,0.509,1055,53
RSC-2020-00568,v2.1.3,2020-07-15 22:48:44,35,0.1153,0.7838,0.1516,0.5089,1405,48
RSC-2020-00569,v2.2.1,2020-10-19 19:58:25,40,0.0344,0.815,0.1468,0.5225,1439,49
RSC-2020-00570,v2.2.1,2020-08-31 21:20:47,43,0.0541,0.7899,0.1455,0.4869,1217,37
RSC-2020-00571,v2.1.3,2020-07-29 23:22:35,42,0.0292,0.8281,0.1548,0.5129,1538,94
RSC-2020-00572,v2.1.3,2020-12-20 15:41:14,50,0.0448,0.8123,0.15,0.5072,1351,79
RSC-2020-00573,v2.3.0,2020-01-02 15:13:39,43,0.0258,0.7835,0.1554,0.5128,1526,46
RSC-2020-00574,v2.1.4,2020-05-02 09:19:59,47,0.0688,0.8001,0.1256,0.5374,1303,76
RSC-2020-00575,v2.2.0,2020-12-18 20:39:34,54,0.0217,0.8111,0.1401,0.4915,1110,96
RSC-2020-00576,v2.2.1,2020-05-16 10:29:26,47,0.0104,0.786,0.1499,0.5261,1113,118
RSC-2020-00577,v2.1.4,2020-09-16 01:34:36,37,0.0251,0.8022,0.1634,0.5344,1337,110
RSC-2020-00578,v2.3.0,2020-04-25 11:53:18,41,0.0261,0.8453,0.142,0.4775,1429,136
RSC-2020-00579,v2.1.4,2020-01-28 17:41:46,57,0.0462,0.8548,0.1493,0.5397,1395,33
RSC-2020-00580,v2.1.4,2020-05-13 03:25:20,45,0.0566,0.843,0.13,0.49,1375,64
RSC-2020-00581,v2.1.3,2020-09-21 18:50:17,51,0.0022,0.8404,0.1354,0.4619,892,43
RSC-2020-00582,v2.1.4,2020-10-28 02:57:21,35,0.0194,0.8141,0.1426,0.5143,1370,94
RSC-2020-00583,v2.3.0,2020-02-27 05:47:09,38,0.0043,0.8261,0.1328,0.5304,965,71
RSC-2020-00584,v2.1.3,2020-01-25 14:20:14,57,0.0417,0.8353,0.1386,0.5202,1110,42
RSC-2020-00585,v2.1.4,2020-07-09 06:43:17,41,0.009,0.7923,0.1494,0.5369,845,56
RSC-2020-00586,v2.2.1,2020-07-31 00:24:21,36,0.0705,0.7927,0.1169,0.4614,1322,78
RSC-2020-00587,v2.2.1,2020-03-02 02:59:44,38,0.0306,0.8244,0.1356,0.5487,1199,126
RSC-2020-00588,v2.2.0,2020-08-22 10:28:50,55,0.0381,0.788,0.1551,0.4885,1060,21
RSC-2020-00589,v2.2.0,2020-01-29 18:17:30,57,0.0351,0.828,0.1564,0.5216,1198,122
RSC-2020-00590,v2.1.4,2020-06-09 10:27:05,39,0.0096,0.8199,0.137,0.5171,1394,83
RSC-2020-00591,v2.3.0,2020-10-31 01:55:39,47,0.0259,0.8274,0.1268,0.5348,1218,90
RSC-2020-00592,v2.2.0,2020-08-22 18:09:54,50,0.0307,0.8344,0.1347,0.512,962,23
RSC-2020-00593,v2.1.3,2020-02-04 22:56:19,55,0.0418,0.7919,0.1314,0.491,1263,74
RSC-2020-00594,v2.1.3,2020-02-10 21:16:40,47,0.0548,0.8346,0.1321,0.5155,1571,79
RSC-2020-00595,v2.2.0,2020-11-12 12:03:52,56,0.0215,0.8443,0.1392,0.486,883,78
RSC-2020-00596,v2.1.3,2020-04-04 06:36:50,45,0.0128,0.8172,0.1501,0.5039,1382,103
RSC-2020-00597,v2.3.0,2020-07-21 01:11:41,39,0.0253,0.8077,0.1365,0.5216,1471,123
RSC-2020-00598,v2.2.1,2020-08-26 12:40:42,47,0.0603,0.7977,0.1424,0.5181,1477,91
RSC-2020-00599,v2.2.0,2020-10-06 00:07:36,50,0.0677,0.8029,0.1759,0.5457,1438,51
RSC-2020-00600,v2.1.3,2020-08-25 04:41:06,50,0.0188,0.7997,0.1272,0.5044,1167,114
RSC-2020-00601,v2.1.3,2020-06-09 07:52:55,49,0.1042,0.8052,0.1408,0.5395,1464,129
RSC-2020-00602,v2.1.3,2020-02-02 12:34:22,44,0.0081,0.8138,0.148,0.5061,908,43
RSC-2020-00603,v2.2.0,2020-10-04 15:47:23,51,0.0212,0.7809,0.1568,0.5405,1416,20
RSC-2020-00604,v2.2.0,2020-02-22 13:56:39,48,0.0726,0.8111,0.1586,0.523,1387,111
RSC-2020-00605,v2.2.1,2020-09-21 18:19:46,44,0.0379,0.8266,0.1531,0.5157,842,65
RSC-2020-00606,v2.1.4,2020-02-02 01:51:04,37,0.096,0.8365,0.1428,0.5032,1329,112
RSC-2020-00607,v2.1.3,2020-01-21 12:21:00,47,0.0489,0.8286,0.1287,0.4519,1014,54
RSC-2020-00608,v2.2.1,2020-09-06 00:44:34,49,0.0217,0.8128,0.1338,0.5211,978,38
RSC-2020-00609,v2.2.1,2020-11-30 06:23:36,34,0.0151,0.8174,0.1294,0.523,1113,33
RSC-2020-00610,v2.2.0,2020-10-18 03:03:38,35,0.0429,0.8094,0.1653,0.5025,1596,76
RSC-2020-00611,v2.2.0,2020-01-27 19:47:18,40,0.0151,0.8118,0.1556,0.4971,923,91
RSC-2020-00612,v2.2.0,2020-01-16 19:04:16,39,0.0332,0.7919,0.1392,0.5125,1200,126
RSC-2020-00613,v2.1.3,2020-09-27 14:56:44,39,0.007,0.7786,0.1536,0.5151,1235,119
RSC-2020-00614,v2.3.0,2020-01-07 13:29:47,51,0.0149,0.8365,0.1284,0.5474,1519,59
RSC-2020-00615,v2.3.0,2020-06-28 17:36:59,40,0.0356,0.7955,0.154,0.4508,1324,77
RSC-2020-00616,v2.1.3,2020-09-06 23:13:03,53,0.0596,0.7926,0.1491,0.4932,1292,117
RSC-2020-00617,v2.2.0,2020-05-27 18:20:07,57,0.0494,0.7985,0.1678,0.4799,1022,53
RSC-2020-00618,v2.1.3,2020-01-06 10:47:23,49,0.0327,0.8207,0.1353,0.5173,835,43
RSC-2020-00619,v2.3.0,2020-03-14 09:22:28,48,0.0265,0.8271,0.1399,0.5002,1208,32
RSC-2020-00620,v2.1.3,2020-05-11 02:06:18,41,0.0553,0.7893,0.1448,0.521,1000,63
RSC-2020-00621,v2.1.4,2020-12-24 17:29:34,41,0.0213,0.7922,0.1359,0.5061,941,60
RSC-2020-00622,v2.1.3,2020-03-26 21:26:28,38,0.1634,0.7824,0.1474,0.5418,1234,113
RSC-2020-00623,v2.1.4,2020-05-03 19:14:37,43,0.0481,0.7931,0.1586,0.4902,1186,120
RSC-2020-00624,v2.2.0,2020-05-19 04:01:58,38,0.0426,0.8526,0.1288,0.5181,928,69
RSC-2020-00625,v2.3.0,2020-10-19 11:57:09,42,0.0972,0.8152,0.1447,0.5188,1048,125
RSC-2020-00626,v2.1.4,2020-09-21 01:29:48,40,0.0216,0.7948,0.1458,0.5116,1542,76
RSC-2020-00627,v2.1.4,2020-04-19 07:20:35,43,0.0608,0.8167,0.1262,0.5184,1354,56
RSC-2020-00628,v2.1.3,2020-05-14 04:56:23,41,0.0653,0.8216,0.1297,0.5187,1360,106
RSC-2020-00629,v2.2.1,2020-12-16 19:58:57,36,0.0156,0.7899,0.1518,0.5066,1240,61
RSC-2020-00630,v2.3.0,2020-09-03 00:25:34,43,0.0281,0.7848,0.1379,0.5093,1032,39
RSC-2020-00631,v2.2.1,2020-07-18 19:49:18,40,0.0133,0.8122,0.1465,0.4944,847,31
RSC-2020-00632,v2.1.3,2020-08-21 14:54:20,52,0.0581,0.7928,0.1373,0.5241,1040,37
RSC-2020-00633,v2.1.4,2020-08-13 02:02:57,49,0.0226,0.8254,0.16,0.4647,949,69
RSC-2020-00634,v2.3.0,2020-11-18 02:25:18,38,0.0572,0.8397,0.135,0.5042,851,22
RSC-2020-00635,v2.2.1,2020-11-29 14:47:39,52,0.0417,0.8145,0.1542,0.5511,1257,62
RSC-2020-00636,v2.1.3,2020-12-01 13:43:23,53,0.042,0.8433,0.1513,0.5336,1457,92
RSC-2020-00637,v2.1.3,2020-03-08 09:28:11,38,0.0431,0.8329,0.149,0.5239,1390,86
RSC-2020-00638,v2.2.0,2020-02-02 09:55:37,34,0.0441,0.8027,0.1642,0.5491,1087,87
RSC-2020-00639,v2.2.1,2020-06-26 11:51:26,47,0.053,0.8093,0.1357,0.5009,1138,75
RSC-2020-00640,v2.2.1,2020-01-26 11:14:37,53,0.0458,0.7987,0.1323,0.5095,883,124
RSC-2020-00641,v2.1.3,2020-09-06 19:23:42,42,0.0397,0.8342,0.1514,0.5153,1243,54
RSC-2020-00642,v2.2.1,2020-04-09 23:59:55,53,0.0525,0.818,0.1434,0.5209,1020,33
RSC-2020-00643,v2.3.0,2020-11-13 07:34:20,38,0.0123,0.7964,0.1383,0.4998,1414,98
RSC-2020-00644,v2.3.0,2020-02-19 03:33:28,38,0.1367,0.8011,0.126,0.496,1053,46
RSC-2020-00645,v2.1.3,2020-08-25 04:37:05,34,0.0153,0.8206,0.142,0.5508,1030,40
RSC-2020-00646,v2.2.1,2020-07-29 08:35:25,38,0.0032,0.8131,0.1421,0.516,1379,113
RSC-2020-00647,v2.1.4,2020-06-19 11:40:42,47,0.0367,0.8234,0.154,0.5421,972,26
RSC-2020-00648,v2.2.1,2020-09-21 11:42:10,49,0.0212,0.816,0.1326,0.5024,1593,95
RSC-2020-00649,v2.1.3,2020-10-17 09:03:27,47,0.0455,0.8363,0.1404,0.5094,919,133
RSC-2020-00650,v2.1.3,2020-04-30 17:54:06,36,0.0442,0.7863,0.1203,0.4815,1058,64
RSC-2020-00651,v2.1.3,2020-08-14 20:25:21,50,0.0422,0.8407,0.1564,0.5214,859,45
RSC-2020-00652,v2.2.1,2020-12-13 14:24:40,43,0.0208,0.809,0.1651,0.5087,1202,121
RSC-2020-00653,v2.3.0,2020-05-01 03:55:50,41,0.0075,0.8088,0.1261,0.4998,1247,40
RSC-2020-00654,v2.2.1,2020-01-20 06:12:35,55,0.1093,0.8315,0.1474,0.5159,800,53
RSC-2020-00655,v2.2.1,2020-12-10 15:29:42,56,0.0032,0.8161,0.1425,0.5106,969,46
RSC-2020-00656,v2.1.3,2020-07-21 09:18:23,47,0.035,0.8129,0.1467,0.5057,1413,64
RSC-2020-00657,v2.1.3,2020-09-13 12:00:25,40,0.0196,0.8215,0.1519,0.5281,1363,120
RSC-2020-00658,v2.2.1,2020-02-02 18:51:22,35,0.0941,0.8206,0.1252,0.4921,1452,94
RSC-2020-00659,v2.3.0,2020-04-16 01:18:37,47,0.0233,0.8038,0.1405,0.5095,993,48
RSC-2020-00660,v2.1.3,2020-06-23 10:13:59,51,0.0213,0.8479,0.1332,0.5053,1022,59
RSC-2020-00661,v2.1.3,2020-11-17 02:09:56,51,0.0099,0.8287,0.1555,0.5142,1574,27
RSC-2020-00662,v2.1.4,2020-07-08 00:53:11,36,0.0281,0.8161,0.1365,0.4949,990,59
RSC-2020-00663,v2.2.0,2020-06-29 16:48:21,55,0.0359,0.8285,0.1544,0.5374,1104,44
RSC-2020-00664,v2.2.0,2020-01-16 18:08:20,47,0.0512,0.7991,0.1637,0.4898,1365,26
RSC-2020-00665,v2.3.0,2020-11-23 10:41:36,54,0.025,0.7874,0.1442,0.5387,1367,60
RSC-2020-00666,v2.1.4,2020-02-21 03:20:20,34,0.0374,0.8346,0.1821,0.5116,1130,117
RSC-2020-00667,v2.1.4,2020-01-27 19:52:47,36,0.0336,0.7824,0.1459,0.5327,960,52
RSC-2020-00668,v2.1.4,2020-10-04 22:54:45,39,0.0446,0.8257,0.1237,0.5259,1006,99
RSC-2020-00669,v2.1.4,2020-05-13 03:30:52,38,0.0231,0.8127,0.1395,0.4998,1212,116
RSC-2020-00670,v2.1.3,2020-05-10 04:47:22,43,0.0966,0.7999,0.115,0.5119,1415,85
RSC-2020-00671,v2.1.4,2020-12-20 21:50:23,55,0.036,0.7958,0.1572,0.5315,1330,97
RSC-2020-00672,v2.2.1,2020-12-17 11:39:03,52,0.0291,0.7973,0.1334,0.5254,1035,96
RSC-2020-00673,v2.2.0,2020-03-28 17:06:05,51,0.0305,0.8124,0.1358,0.5089,1324,65
RSC-2020-00674,v2.1.3,2020-01-13 00:34:16,35,0.0369,0.8033,0.155,0.5085,1293,113
RSC-2020-00675,v2.2.0,2020-06-01 14:54:57,41,0.0226,0.7955,0.1331,0.4719,923,106
RSC-2020-00676,v2.1.4,2020-07-21 21:12:26,36,0.0365,0.817,0.1519,0.5216,1495,51
RSC-2020-00677,v2.3.0,2020-01-01 16:51:51,52,0.0054,0.8181,0.1398,0.5221,811,53
RSC-2020-00678,v2.2.0,2020-08-13 16:02:23,39,0.0368,0.806,0.1334,0.4844,1279,126
RSC-2020-00679,v2.2.0,2020-05-01 03:34:04,57,0.1135,0.7882,0.1472,0.5259,1536,133
RSC-2020-00680,v2.3.0,2020-09-20 09:40:36,56,0.0239,0.8237,0.1401,0.4985,1182,61
RSC-2020-00681,v2.1.4,2020-01-07 05:06:04,50,0.0053,0.8129,0.1491,0.528,1327,95
RSC-2020-00682,v2.3.0,2020-03-02 06:17:39,47,0.0699,0.8109,0.1452,0.499,1494,113
RSC-2020-00683,v2.1.3,2020-10-14 00:56:03,45,0.0388,0.8027,0.1275,0.5064,1415,32
RSC-2020-00684,v2.1.3,2020-05-09 19:41:35,55,0.0134,0.7822,0.1464,0.5134,1356,34
RSC-2020-00685,v2.1.4,2020-04-23 04:38:32,52,0.0092,0.8055,0.1395,0.5089,1528,121
RSC-2020-00686,v2.1.3,2020-02-27 17:43:38,49,0.0242,0.8341,0.1179,0.4941,1351,26
RSC-2020-00687,v2.2.1,2020-07-21 02:51:58,46,0.0516,0.8075,0.1428,0.5264,1598,139
RSC-2020-00688,v2.1.4,2020-01-18 10:00:01,42,0.0343,0.7938,0.1522,0.519,1142,109
RSC-2020-00689,v2.3.0,2020-04-28 16:15:13,40,0.0719,0.8178,0.1329,0.5406,1194,69
RSC-2020-00690,v2.3.0,2020-01-09 01:14:00,40,0.0086,0.8117,0.1493,0.4737,1081,66
RSC-2020-00691,v2.2.0,2020-02-04 22:36:00,53,0.0178,0.8239,0.1533,0.4938,1576,35
RSC-2020-00692,v2.2.1,2020-09-21 15:43:24,44,0.0563,0.7985,0.1219,0.5565,1137,82
RSC-2020-00693,v2.3.0,2020-02-27 06:07:46,55,0.007,0.7949,0.1696,0.5386,931,22
RSC-2020-00694,v2.2.0,2020-02-13 09:33:38,56,0.0104,0.8135,0.1407,0.5015,1144,106
RSC-2020-00695,v2.2.1,2020-12-06 23:42:10,52,0.0239,0.8094,0.1314,0.5045,1373,44
RSC-2020-00696,v2.2.0,2020-08-02 15:28:14,54,0.0447,0.8233,0.1278,0.5202,1262,87
RSC-2020-00697,v2.1.4,2020-02-09 04:11:48,52,0.0866,0.7926,0.1396,0.493,1484,23
RSC-2020-00698,v2.2.1,2020-03-08 00:26:28,38,0.0288,0.8078,0.1357,0.5233,954,87
RSC-2020-00699,v2.3.0,2020-11-25 01:01:58,39,0.0092,0.797,0.1406,0.5164,996,86
RSC-2020-00700,v2.3.0,2020-09-01 18:27:20,42,0.0181,0.8097,0.153,0.5385,1596,120
RSC-2020-00701,v2.1.3,2020-07-01 09:08:28,48,0.0807,0.7982,0.157,0.5279,925,55
RSC-2020-00702,v2.3.0,2020-07-15 08:00:09,55,0.0562,0.8074,0.1399,0.4755,1113,104
RSC-2020-00703,v2.1.3,2020-12-04 04:22:31,57,0.0695,0.8207,0.1194,0.5074,867,45
RSC-2020-00704,v2.2.0,2020-05-14 09:30:57,50,0.0313,0.8273,0.1328,0.5061,1412,96
RSC-2020-00705,v2.2.0,2020-02-26 18:37:27,45,0.0198,0.7884,0.1431,0.5116,844,127
RSC-2020-00706,v2.3.0,2020-07-06 11:54:07,39,0.025,0.8335,0.1438,0.4998,1515,100
RSC-2020-00707,v2.1.3,2020-01-13 12:48:23,41,0.0792,0.8295,0.1432,0.4839,999,120
RSC-2020-00708,v2.1.3,2020-11-30 16:00:52,46,0.0269,0.7739,0.1475,0.498,898,109
RSC-2020-00709,v2.2.0,2020-07-12 11:25:12,45,0.0701,0.7756,0.1679,0.4991,826,84
RSC-2020-00710,v2.3.0,2020-01-15 10:52:17,55,0.044,0.8285,0.1379,0.5229,1410,40
RSC-2020-00711,v2.1.4,2020-11-06 20:20:30,55,0.0258,0.7782,0.1386,0.5321,1168,114
RSC-2020-00712,v2.1.3,2020-08-24 10:24:46,53,0.0633,0.8307,0.1229,0.5153,1451,108
RSC-2020-00713,v2.1.3,2020-05-20 02:40:30,47,0.0337,0.8425,0.1573,0.5182,1091,68
RSC-2020-00714,v2.2.0,2020-03-05 11:01:24,44,0.0173,0.852,0.1459,0.5196,1406,100
RSC-2020-00715,v2.1.3,2020-03-10 09:08:00,34,0.0147,0.8106,0.1431,0.5324,1083,44
RSC-2020-00716,v2.3.0,2020-09-09 23:39:28,51,0.0334,0.7832,0.1505,0.5068,935,55
RSC-2020-00717,v2.3.0,2020-01-15 16:56:47,48,0.0767,0.7741,0.1488,0.5069,1466,105
RSC-2020-00718,v2.2.0,2020-10-15 18:02:03,37,0.0038,0.8096,0.1294,0.518,1090,26
RSC-2020-00719,v2.1.4,2020-06-06 07:41:17,42,0.0312,0.7868,0.1453,0.497,1145,28
RSC-2020-00720,v2.1.4,2020-11-01 18:57:36,55,0.0298,0.8058,0.1563,0.4948,867,59
RSC-2020-00721,v2.1.4,2020-06-12 04:36:30,37,0.0274,0.7547,0.1401,0.5333,1577,79
RSC-2020-00722,v2.1.4,2020-09-19 08:57:31,37,0.0485,0.837,0.1524,0.4855,1189,123
RSC-2020-00723,v2.3.0,2020-11-28 08:38:21,44,0.0114,0.8224,0.1288,0.4884,1476,85
RSC-2020-00724,v2.3.0,2020-03-23 15:50:45,37,0.0201,0.8435,0.1309,0.4919,999,52
RSC-2020-00725,v2.3.0,2020-12-12 17:58:41,47,0.0144,0.8206,0.1305,0.4988,1588,20
RSC-2020-00726,v2.3.0,2020-12-09 15:11:30,54,0.0564,0.7846,0.1507,0.4984,955,43
RSC-2020-00727,v2.2.0,2020-03-01 01:12:56,50,0.0054,0.8255,0.1563,0.4686,1074,99
RSC-2020-00728,v2.2.0,2020-08-06 15:10:59,46,0.0288,0.8098,0.1326,0.4953,1462,96
RSC-2020-00729,v2.2.1,2020-04-11 08:20:35,50,0.03,0.8135,0.1473,0.5086,928,75
RSC-2020-00730,v2.1.3,2020-12-07 03:56:34,40,0.0194,0.7922,0.1435,0.4813,1456,23
RSC-2020-00731,v2.1.3,2020-08-30 21:17:35,52,0.0814,0.8091,0.1557,0.5253,1570,73
RSC-2020-00732,v2.2.1,2020-06-07 10:41:31,52,0.0642,0.8128,0.1749,0.4974,1331,46
RSC-2020-00733,v2.1.3,2020-01-07 22:48:19,45,0.0981,0.8004,0.1377,0.5326,1589,21
RSC-2020-00734,v2.2.0,2020-10-11 07:36:37,57,0.0695,0.8075,0.1461,0.5373,867,67
RSC-2020-00735,v2.1.4,2020-07-11 21:36:30,46,0.0086,0.8372,0.1424,0.5006,926,71
RSC-2020-00736,v2.2.0,2020-12-25 16:38:15,46,0.0345,0.8212,0.1253,0.5045,1018,106
RSC-2020-00737,v2.3.0,2020-05-11 08:16:16,55,0.0528,0.8131,0.1387,0.532,1576,36
RSC-2020-00738,v2.1.3,2020-03-25 05:10:44,36,0.0355,0.8056,0.1568,0.5274,1032,51
RSC-2020-00739,v2.1.3,2020-08-30 13:59:37,34,0.058,0.8016,0.16,0.5162,1473,71
RSC-2020-00740,v2.3.0,2020-08-30 02:40:56,42,0.0221,0.8295,0.1672,0.4987,1299,50
RSC-2020-00741,v2.1.4,2020-02-09 00:13:45,45,0.1208,0.7954,0.1124,0.4943,1294,126
RSC-2020-00742,v2.2.1,2020-09-05 11:23:54,53,0.0363,0.7961,0.1592,0.5438,1120,94
RSC-2020-00743,v2.2.1,2020-02-18 17:19:04,54,0.0383,0.8004,0.1207,0.5381,1192,21
RSC-2020-00744,v2.3.0,2020-12-02 10:24:55,45,0.0713,0.8486,0.1331,0.4835,1071,128
RSC-2020-00745,v2.1.4,2020-05-07 09:12:26,43,0.0103,0.7957,0.1474,0.503,1359,64
RSC-2020-00746,v2.1.3,2020-04-08 15:58:15,54,0.0362,0.8328,0.1372,0.5262,1180,24
RSC-2020-00747,v2.3.0,2020-06-09 07:32:17,44,0.0582,0.808,0.1306,0.4934,1342,105
RSC-2020-00748,v2.1.3,2020-05-28 07:54:43,56,0.0101,0.785,0.1546,0.5098,1320,138
RSC-2020-00749,v2.1.3,2020-01-14 23:37:15,51,0.1047,0.8016,0.1338,0.5322,1276,95
RSC-2020-00750,v2.2.0,2020-11-21 22:45:15,37,0.0402,0.8153,0.169,0.5244,1051,106
RSC-2020-00751,v2.3.0,2020-06-28 18:50:57,55,0.0458,0.8369,0.1545,0.514,1411,59
RSC-2020-00752,v2.3.0,2020-08-29 15:09:37,46,0.0065,0.7874,0.1434,0.4878,1566,67
RSC-2020-00753,v2.1.4,2020-06-19 09:40:16,45,0.026,0.8308,0.1421,0.5428,1376,130
RSC-2020-00754,v2.3.0,2020-11-23 20:00:07,49,0.0312,0.8295,0.1284,0.5208,962,52
RSC-2020-00755,v2.1.3,2020-10-04 16:33:58,57,0.0289,0.8392,0.139,0.5146,910,53
RSC-2020-00756,v2.2.1,2020-04-22 00:45:27,54,0.0575,0.7945,0.1306,0.5442,1125,82
RSC-2020-00757,v2.1.3,2020-02-14 05:33:43,48,0.0769,0.8227,0.1534,0.5591,1259,47
RSC-2020-00758,v2.1.3,2020-06-18 15:45:05,47,0.0077,0.8487,0.1577,0.5205,1501,54
RSC-2020-00759,v2.2.0,2020-11-25 03:14:20,34,0.0056,0.8188,0.1517,0.5449,1165,55
RSC-2020-00760,v2.3.0,2020-03-28 12:46:34,56,0.018,0.8116,0.1435,0.5227,1399,121
RSC-2020-00761,v2.1.3,2020-11-03 03:52:09,57,0.0233,0.8271,0.1377,0.4863,1086,21
RSC-2020-00762,v2.1.3,2020-08-13 01:34:30,56,0.0838,0.8111,0.1468,0.4857,1316,114
RSC-2020-00763,v2.1.3,2020-02-01 05:53:13,40,0.0424,0.8139,0.1567,0.5087,927,69
RSC-2020-00764,v2.3.0,2020-12-17 23:34:10,53,0.0125,0.7936,0.1456,0.5302,1255,45
RSC-2020-00765,v2.2.1,2020-11-24 08:46:24,35,0.0177,0.8162,0.1339,0.5568,1359,64
RSC-2020-00766,v2.2.1,2020-05-29 02:52:27,55,0.0238,0.7957,0.1367,0.5084,1334,25
RSC-2020-00767,v2.2.0,2020-01-03 19:35:51,50,0.0245,0.8186,0.1713,0.5359,1200,22
RSC-2020-00768,v2.1.4,2020-04-02 20:47:09,51,0.0137,0.8057,0.1404,0.5233,1268,39
RSC-2020-00769,v2.1.4,2020-10-08 10:01:01,37,0.0974,0.7819,0.1445,0.4802,1216,51
RSC-2020-00770,v2.1.4,2020-03-05 08:38:34,50,0.0342,0.8257,0.1338,0.5009,1023,90
RSC-2020-00771,v2.3.0,2020-09-11 21:50:59,47,0.0307,0.8216,0.135,0.5106,1080,83
RSC-2020-00772,v2.3.0,2020-12-28 04:18:26,43,0.0585,0.8008,0.1371,0.4935,1587,43
RSC-2020-00773,v2.1.4,2020-04-30 04:02:13,48,0.0375,0.8283,0.1543,0.4888,1247,91
RSC-2020-00774,v2.1.3,2020-08-01 09:24:16,38,0.0765,0.8222,0.1338,0.5006,922,131
RSC-2020-00775,v2.1.4,2020-02-21 12:18:36,55,0.0309,0.8208,0.1396,0.5128,1014,91
RSC-2020-00776,v2.1.3,2020-12-07 06:44:46,53,0.0194,0.7985,0.1356,0.5191,1136,126
RSC-2020-00777,v2.1.4,2020-02-27 08:15:13,38,0.0402,0.8052,0.1384,0.5214,1575,23
RSC-2020-00778,v2.2.1,2020-02-17 03:39:33,45,0.0367,0.7952,0.1279,0.5221,1491,107
RSC-2020-00779,v2.2.1,2020-10-04 01:48:49,57,0.0819,0.805,0.1593,0.5456,1423,130
RSC-2020-00780,v2.2.0,2020-02-21 00:11:38,55,0.0301,0.8186,0.1337,0.5513,1232,32
RSC-2020-00781,v2.1.4,2020-09-17 19:24:47,39,0.0128,0.7923,0.1557,0.5243,1473,116
RSC-2020-00782,v2.1.3,2020-05-04 11:19:41,43,0.0053,0.8302,0.134,0.5288,1589,79
RSC-2020-00783,v2.2.1,2020-04-06 08:57:34,49,0.0638,0.8609,0.1481,0.4997,1210,27
RSC-2020-00784,v2.2.0,2020-12-25 16:48:08,56,0.0142,0.811,0.1611,0.5145,808,44
RSC-2020-00785,v2.2.1,2020-06-21 19:16:54,50,0.0379,0.8036,0.1465,0.5193,1094,72
RSC-2020-00786,v2.3.0,2020-09-21 17:47:50,50,0.038,0.7964,0.1505,0.4947,1198,112
RSC-2020-00787,v2.3.0,2020-10-25 17:45:22,50,0.0347,0.8385,0.1375,0.5025,1535,66
RSC-2020-00788,v2.3.0,2020-12-17 18:27:02,57,0.0417,0.8007,0.1413,0.512,1266,69
RSC-2020-00789,v2.1.4,2020-03-10 17:35:14,38,0.0333,0.8239,0.1309,0.5128,1344,136
RSC-2020-00790,v2.3.0,2020-11-30 11:12:06,52,0.0307,0.8077,0.1389,0.465,1499,68
RSC-2020-00791,v2.2.1,2020-09-07 02:22:14,54,0.0321,0.8166,0.1385,0.5255,1366,96
RSC-2020-00792,v2.1.4,2020-03-23 03:58:04,39,0.0176,0.8275,0.144,0.4981,1076,111
RSC-2020-00793,v2.3.0,2020-04-07 11:00:00,55,0.05,0.8048,0.1312,0.5393,984,67
RSC-2020-00794,v2.2.1,2020-08-24 12:25:01,34,0.0324,0.796,0.1307,0.5108,1024,136
RSC-2020-00795,v2.1.3,2020-08-17 09:13:39,44,0.0442,0.7915,0.1509,0.4888,1082,23
RSC-2020-00796,v2.1.4,2020-04-18 15:37:38,56,0.0366,0.7963,0.1566,0.4896,1155,132
RSC-2020-00797,v2.1.3,2020-06-15 00:32:22,37,0.1311,0.8231,0.1387,0.5304,1126,137
RSC-2020-00798,v2.1.4,2020-11-08 15:02:05,54,0.0267,0.809,0.1265,0.5049,1108,135
RSC-2020-00799,v2.2.1,2020-07-26 16:22:26,41,0.0762,0.816,0.1412,0.5097,1352,50
RSC-2020-00800,v2.2.1,2020-03-07 18:07:21,50,0.0228,0.842,0.1339,0.5143,1026,110
RSC-2020-00801,v2.3.0,2020-09-04 06:57:50,43,0.0411,0.8551,0.1419,0.506,1032,87
RSC-2020-00802,v2.2.0,2020-01-22 17:11:48,51,0.078,0.7807,0.1584,0.5072,1266,22
RSC-2020-00803,v2.1.3,2020-11-16 22:32:34,44,0.0505,0.7906,0.1577,0.4927,988,114
RSC-2020-00804,v2.2.1,2020-08-16 14:15:51,36,0.0352,0.7977,0.1244,0.5198,1020,98
RSC-2020-00805,v2.2.1,2020-06-11 10:18:17,44,0.0402,0.8346,0.1452,0.522,1162,104
RSC-2020-00806,v2.1.3,2020-09-29 22:27:19,55,0.0404,0.8179,0.1311,0.5158,1363,69
RSC-2020-00807,v2.1.3,2020-03-17 04:36:31,48,0.0961,0.824,0.1373,0.518,1567,61
RSC-2020-00808,v2.1.4,2020-04-10 08:34:13,46,0.0458,0.8242,0.1522,0.508,1438,22
RSC-2020-00809,v2.2.0,2020-01-13 08:17:01,42,0.0352,0.7976,0.1296,0.5006,1556,26
RSC-2020-00810,v2.1.3,2020-04-24 01:14:48,38,0.0125,0.8209,0.1399,0.5124,828,48
RSC-2020-00811,v2.1.3,2020-11-27 06:52:18,53,0.0311,0.8137,0.1391,0.5409,806,44
RSC-2020-00812,v2.2.1,2020-06-12 04:20:01,50,0.0461,0.7949,0.1408,0.5696,1423,88
RSC-2020-00813,v2.3.0,2020-08-04 09:49:44,55,0.0129,0.8376,0.1498,0.5342,1165,51
RSC-2020-00814,v2.2.1,2020-04-01 04:15:58,36,0.0915,0.8354,0.1444,0.512,1233,107
RSC-2020-00815,v2.2.1,2020-08-10 09:08:47,34,0.0197,0.8303,0.1284,0.5365,1164,27
RSC-2020-00816,v2.1.3,2020-03-09 19:51:29,35,0.033,0.8124,0.1432,0.503,1061,23
RSC-2020-00817,v2.1.3,2020-11-22 23:34:12,41,0.0168,0.8071,0.1359,0.5221,841,97
RSC-2020-00818,v2.1.3,2020-04-01 04:15:42,50,0.0518,0.8136,0.1338,0.4825,1539,91
RSC-2020-00819,v2.1.4,2020-12-11 15:33:59,44,0.0403,0.8209,0.1498,0.5081,1503,107
RSC-2020-00820,v2.1.4,2020-07-14 01:37:37,39,0.0821,0.8033,0.1372,0.4928,1402,32
RSC-2020-00821,v2.1.4,2020-03-04 16:49:13,50,0.014,0.8182,0.1191,0.528,1476,38
RSC-2020-00822,v2.2.0,2020-05-30 22:12:59,51,0.0355,0.7908,0.1404,0.4942,815,84
RSC-2020-00823,v2.1.3,2020-08-14 03:36:59,36,0.0583,0.8304,0.1293,0.5131,1593,36
RSC-2020-00824,v2.1.3,2020-09-28 11:29:41,38,0.0026,0.7953,0.1378,0.5481,1427,21
RSC-2020-00825,v2.1.4,2020-11-18 15:50:39,44,0.0307,0.8211,0.1391,0.5278,1302,59
RSC-2020-00826,v2.1.4,2020-03-04 08:34:38,41,0.0701,0.8328,0.133,0.5234,1040,38
RSC-2020-00827,v2.1.4,2020-12-18 13:16:34,36,0.0425,0.7932,0.1482,0.5213,1256,37
RSC-2020-00828,v2.2.0,2020-06-21 21:03:34,46,0.0116,0.83,0.1439,0.5123,974,117
RSC-2020-00829,v2.2.0,2020-01-02 13:38:43,39,0.0902,0.8025,0.1479,0.5403,939,97
RSC-2020-00830,v2.1.4,2020-12-06 10:55:11,43,0.0133,0.8048,0.1602,0.4912,1007,51
RSC-2020-00831,v2.2.1,2020-07-23 15:27:55,52,0.01,0.8244,0.1454,0.4798,1041,134
RSC-2020-00832,v2.1.4,2020-02-07 06:39:20,46,0.0233,0.8208,0.1513,0.494,1419,111
RSC-2020-00833,v2.3.0,2020-04-17 23:43:44,50,0.0348,0.8298,0.138,0.5438,817,60
RSC-2020-00834,v2.2.0,2020-12-26 15:06:35,35,0.0446,0.7992,0.1668,0.5185,1458,39
RSC-2020-00835,v2.2.1,2020-10-09 13:00:15,47,0.068,0.7976,0.1354,0.5064,1303,21
RSC-2020-00836,v2.1.4,2020-04-07 10:39:19,37,0.0574,0.8178,0.1567,0.5125,1004,90
RSC-2020-00837,v2.1.3,2020-09-19 14:42:04,55,0.0889,0.8474,0.1192,0.5005,1477,115
RSC-2020-00838,v2.1.4,2020-03-01 15:00:06,53,0.044,0.8023,0.149,0.544,874,26
RSC-2020-00839,v2.3.0,2020-03-14 05:47:31,49,0.0218,0.83,0.1557,0.4955,1034,34
RSC-2020-00840,v2.3.0,2020-03-06 01:22:05,39,0.0136,0.7989,0.1356,0.5382,1216,137
RSC-2020-00841,v2.1.3,2020-09-08 14:29:22,50,0.0151,0.8325,0.1587,0.5189,1368,58
RSC-2020-00842,v2.2.0,2020-12-04 07:30:19,39,0.0201,0.7861,0.1461,0.5266,1521,131
RSC-2020-00843,v2.2.1,2020-08-03 11:21:16,50,0.0258,0.8184,0.1473,0.549,1513,82
RSC-2020-00844,v2.3.0,2020-08-25 02:04:56,48,0.0369,0.8278,0.1587,0.5215,1310,85
RSC-2020-00845,v2.2.0,2020-03-31 04:07:29,46,0.0426,0.7947,0.1542,0.5069,1171,113
RSC-2020-00846,v2.2.0,2020-04-14 14:00:35,34,0.0806,0.8398,0.1298,0.5189,971,53
RSC-2020-00847,v2.3.0,2020-11-03 21:37:59,54,0.0929,0.7954,0.1284,0.553,1413,27
RSC-2020-00848,v2.2.1,2020-11-04 11:26:59,45,0.07,0.8308,0.1469,0.5449,1034,95
RSC-2020-00849,v2.1.4,2020-06-25 05:20:14,43,0.0386,0.804,0.1382,0.4958,1386,65
RSC-2020-00850,v2.1.4,2020-02-02 16:45:40,50,0.1025,0.7946,0.134,0.502,1075,113
RSC-2020-00851,v2.2.0,2020-06-05 05:00:07,52,0.0315,0.8022,0.1679,0.5018,982,66
RSC-2020-00852,v2.1.4,2020-07-25 21:08:16,40,0.0624,0.8392,0.1467,0.514,1291,79
RSC-2020-00853,v2.1.4,2020-09-07 15:54:13,38,0.0102,0.8181,0.1488,0.4839,1031,126
RSC-2020-00854,v2.2.0,2020-05-24 21:23:42,46,0.04,0.8254,0.1357,0.5224,1230,88
RSC-2020-00855,v2.1.4,2020-11-07 17:55:48,52,0.0607,0.8121,0.1345,0.4927,1489,122
RSC-2020-00856,v2.2.1,2020-06-03 17:55:22,53,0.0703,0.8181,0.1456,0.5153,1250,51
RSC-2020-00857,v2.2.1,2020-10-15 11:53:58,46,0.0357,0.818,0.1505,0.5435,1092,48
RSC-2020-00858,v2.1.3,2020-01-08 20:36:53,38,0.0147,0.8345,0.1601,0.4983,1148,91
RSC-2020-00859,v2.2.1,2020-02-29 04:30:32,41,0.0136,0.8118,0.1566,0.485,949,108
RSC-2020-00860,v2.2.1,2020-08-02 11:03:30,48,0.0357,0.8163,0.1424,0.4997,967,98
RSC-2020-00861,v2.1.4,2020-06-22 07:15:23,40,0.009,0.804,0.1534,0.5076,1133,32
RSC-2020-00862,v2.1.4,2020-03-18 17:52:41,35,0.0275,0.8162,0.1433,0.5296,1559,91
RSC-2020-00863,v2.1.4,2020-03-01 07:12:18,53,0.0226,0.8066,0.1442,0.5355,1049,93
RSC-2020-00864,v2.1.4,2020-03-25 03:40:01,48,0.0219,0.8277,0.1342,0.5379,1444,75
RSC-2020-00865,v2.1.3,2020-07-22 12:21:58,44,0.0032,0.8128,0.1484,0.5137,966,106
RSC-2020-00866,v2.1.4,2020-01-01 18:01:30,55,0.069,0.8176,0.1196,0.5045,1066,111
RSC-2020-00867,v2.2.0,2020-11-05 20:22:34,35,0.072,0.783,0.1528,0.5156,1510,117
RSC-2020-00868,v2.1.3,2020-05-06 11:07:59,47,0.0306,0.8256,0.1268,0.5212,1411,59
RSC-2020-00869,v2.2.0,2020-06-17 14:05:53,51,0.0556,0.8145,0.1385,0.5082,1341,138
RSC-2020-00870,v2.3.0,2020-07-23 09:30:58,37,0.0344,0.8037,0.1299,0.5108,1363,95
RSC-2020-00871,v2.3.0,2020-01-22 06:03:20,38,0.1306,0.8466,0.1195,0.5238,967,103
RSC-2020-00872,v2.1.4,2020-07-03 19:19:03,46,0.0172,0.7984,0.1577,0.4976,1139,103
RSC-2020-00873,v2.2.0,2020-06-07 17:23:49,55,0.046,0.7983,0.1149,0.5279,1500,74
RSC-2020-00874,v2.2.0,2020-05-23 22:06:53,53,0.022,0.8239,0.1321,0.4993,1133,132
RSC-2020-00875,v2.3.0,2020-07-02 08:34:31,35,0.0653,0.7668,0.1307,0.5115,1014,125
RSC-2020-00876,v2.1.3,2020-02-20 03:46:13,40,0.0134,0.7968,0.1388,0.4868,1123,38
RSC-2020-00877,v2.1.3,2020-01-04 23:10:07,41,0.0168,0.7903,0.1618,0.4688,877,87
RSC-2020-00878,v2.3.0,2020-04-12 14:08:19,35,0.0175,0.8078,0.1361,0.5274,1361,57
RSC-2020-00879,v2.1.3,2020-01-13 14:01:15,36,0.0399,0.8092,0.1298,0.5088,1579,76
RSC-2020-00880,v2.2.1,2020-02-02 05:29:11,54,0.009,0.8057,0.1542,0.5314,1367,97
RSC-2020-00881,v2.2.0,2020-03-11 06:20:36,52,0.0458,0.8077,0.148,0.5371,874,111
RSC-2020-00882,v2.2.0,2020-10-02 19:35:53,54,0.0252,0.7961,0.1392,0.4962,1138,93
RSC-2020-00883,v2.3.0,2020-05-08 09:06:16,34,0.05,0.8194,0.1525,0.5256,1503,124
RSC-2020-00884,v2.1.3,2020-10-11 18:48:47,34,0.0489,0.8096,0.1269,0.4956,1463,73
RSC-2020-00885,v2.3.0,2020-12-28 01:24:37,56,0.0371,0.8157,0.1393,0.4976,1256,67
RSC-2020-00886,v2.2.1,2020-03-26 13:06:25,51,0.0205,0.7847,0.1599,0.5101,1105,114
RSC-2020-00887,v2.1.4,2020-11-05 22:56:00,38,0.0946,0.8331,0.1463,0.4814,1025,114
RSC-2020-00888,v2.2.1,2020-06-22 11:37:19,34,0.0585,0.7676,0.1388,0.4757,1019,77
RSC-2020-00889,v2.2.0,2020-09-06 07:23:18,46,0.0209,0.8193,0.1378,0.5376,1523,131
RSC-2020-00890,v2.2.1,2020-05-06 07:47:03,57,0.0499,0.8246,0.1252,0.5429,1587,103
RSC-2020-00891,v2.1.4,2020-06-30 03:36:16,40,0.0367,0.8286,0.138,0.5241,945,39
RSC-2020-00892,v2.1.4,2020-10-19 21:44:22,44,0.0385,0.8262,0.1622,0.4998,924,126
RSC-2020-00893,v2.3.0,2020-05-13 19:00:16,43,0.0341,0.8059,0.1396,0.5222,1351,93
RSC-2020-00894,v2.2.0,2020-02-14 18:46:58,45,0.0597,0.8141,0.1162,0.5028,1055,36
RSC-2020-00895,v2.1.3,2020-10-12 21:44:45,36,0.0515,0.8056,0.1667,0.4828,1315,23
RSC-2020-00896,v2.1.3,2020-03-17 06:57:08,54,0.0801,0.8392,0.1249,0.5194,1051,20
RSC-2020-00897,v2.1.3,2020-07-06 13:51:04,53,0.0622,0.7945,0.153,0.5301,1052,39
RSC-2020-00898,v2.1.3,2020-08-30 17:56:30,41,0.0649,0.8003,0.1443,0.4897,1349,88
RSC-2020-00899,v2.1.4,2020-03-09 05:21:41,47,0.0307,0.8021,0.1407,0.4971,1098,101
RSC-2020-00900,v2.1.3,2020-01-27 04:45:27,51,0.0082,0.8024,0.1268,0.4996,1570,72
RSC-2020-00901,v2.1.3,2020-08-29 21:08:42,35,0.0252,0.823,0.1244,0.4924,1410,96
RSC-2020-00902,v2.1.3,2020-11-20 15:25:41,47,0.0269,0.8446,0.1271,0.521,1475,91
RSC-2020-00903,v2.3.0,2020-03-11 02:15:43,46,0.035,0.8381,0.1441,0.4749,1581,74
RSC-2020-00904,v2.3.0,2020-08-02 21:00:45,36,0.0304,0.8006,0.1291,0.5027,866,28
RSC-2020-00905,v2.1.4,2020-12-28 10:02:26,50,0.0213,0.8163,0.143,0.5071,1270,90
RSC-2020-00906,v2.2.1,2020-12-16 09:52:06,36,0.0551,0.7966,0.1532,0.5158,1382,117
RSC-2020-00907,v2.1.3,2020-03-21 03:10:20,50,0.0689,0.8031,0.1326,0.4955,1337,89
RSC-2020-00908,v2.2.0,2020-06-15 19:34:31,44,0.024,0.8347,0.1469,0.5113,882,120
RSC-2020-00909,v2.1.3,2020-01-04 18:21:52,40,0.0703,0.7718,0.1729,0.5155,1335,64
RSC-2020-00910,v2.2.1,2020-06-03 00:06:19,38,0.0459,0.809,0.1321,0.5496,990,128
RSC-2020-00911,v2.1.3,2020-01-14 07:09:51,54,0.02,0.8361,0.1419,0.4854,1393,45
RSC-2020-00912,v2.2.1,2020-10-02 03:23:08,53,0.0352,0.8302,0.1376,0.5089,990,42
RSC-2020-00913,v2.1.4,2020-01-27 13:24:49,41,0.0267,0.8109,0.1602,0.4999,1526,29
RSC-2020-00914,v2.3.0,2020-12-10 20:43:59,40,0.008,0.8488,0.1521,0.5072,1286,110
RSC-2020-00915,v2.1.3,2020-04-12 00:25:34,42,0.008,0.7794,0.153,0.5339,1037,50
RSC-2020-00916,v2.1.3,2020-04-21 03:16:45,56,0.0131,0.7829,0.1303,0.5272,1057,95
RSC-2020-00917,v2.1.3,2020-08-18 14:55:22,38,0.0357,0.8182,0.1269,0.5239,1349,98
RSC-2020-00918,v2.3.0,2020-03-04 04:26:45,42,0.0413,0.8389,0.1341,0.5032,1183,55
RSC-2020-00919,v2.2.0,2020-11-25 09:15:43,46,0.0272,0.8591,0.1494,0.5292,946,64
RSC-2020-00920,v2.1.3,2020-01-06 11:53:48,57,0.0955,0.7993,0.1571,0.479,1494,116
RSC-2020-00921,v2.2.1,2020-11-03 04:57:12,35,0.0377,0.8149,0.1586,0.5403,1076,131
RSC-2020-00922,v2.1.3,2020-01-02 03:43:30,44,0.0441,0.8135,0.1362,0.5006,1109,72
RSC-2020-00923,v2.2.1,2020-08-03 07:40:38,39,0.0608,0.7993,0.1349,0.5272,873,126
RSC-2020-00924,v2.3.0,2020-04-24 09:46:34,41,0.0465,0.7916,0.146,0.4918,1405,44
RSC-2020-00925,v2.1.4,2020-12-11 12:28:09,46,0.0393,0.8567,0.1371,0.5075,889,122
RSC-2020-00926,v2.1.4,2020-10-01 16:06:36,42,0.0377,0.8187,0.1415,0.5123,953,110
RSC-2020-00927,v2.2.0,2020-03-30 10:59:46,51,0.032,0.8164,0.144,0.5079,1215,63
RSC-2020-00928,v2.3.0,2020-04-13 12:58:20,34,0.0079,0.8418,0.1637,0.5146,1497,118
RSC-2020-00929,v2.3.0,2020-01-10 06:47:58,53,0.0334,0.8212,0.154,0.4866,1189,40
RSC-2020-00930,v2.1.3,2020-07-14 20:37:42,44,0.1009,0.8201,0.1348,0.5249,913,43
RSC-2020-00931,v2.1.3,2020-09-02 08:39:48,41,0.0479,0.8045,0.1316,0.473,1380,92
RSC-2020-00932,v2.2.0,2020-05-27 04:35:40,55,0.0459,0.7886,0.1428,0.5141,958,60
RSC-2020-00933,v2.2.0,2020-11-12 21:21:14,54,0.0453,0.8148,0.1471,0.5006,1134,20
RSC-2020-00934,v2.2.0,2020-02-15 05:34:06,39,0.0699,0.8282,0.1497,0.5037,1495,55
RSC-2020-00935,v2.1.3,2020-01-21 00:00:26,50,0.0307,0.8252,0.157,0.5195,801,96
RSC-2020-00936,v2.1.3,2020-07-19 00:55:09,39,0.0166,0.832,0.1388,0.4925,808,89
RSC-2020-00937,v2.2.1,2020-02-12 12:15:06,47,0.0165,0.8135,0.1471,0.4941,1333,76
RSC-2020-00938,v2.3.0,2020-12-25 14:18:55,45,0.0365,0.7748,0.1274,0.5099,1222,71
RSC-2020-00939,v2.3.0,2020-04-21 21:32:24,55,0.0144,0.8206,0.1508,0.4999,1316,49
RSC-2020-00940,v2.1.4,2020-12-29 11:58:09,37,0.0652,0.8179,0.1559,0.5093,1524,76
RSC-2020-00941,v2.2.0,2020-11-08 17:37:32,55,0.0084,0.8252,0.1483,0.5107,1323,87
RSC-2020-00942,v2.2.0,2020-08-31 10:58:03,38,0.0363,0.8371,0.1547,0.5234,1225,41
RSC-2020-00943,v2.2.0,2020-02-24 19:19:27,45,0.0183,0.8249,0.1334,0.4711,1174,104
RSC-2020-00944,v2.2.0,2020-09-20 15:19:28,51,0.047,0.8131,0.1362,0.515,1534,104
RSC-2020-00945,v2.3.0,2020-02-26 12:41:38,44,0.0423,0.8221,0.1334,0.5194,1242,49
RSC-2020-00946,v2.3.0,2020-01-21 17:14:02,47,0.0473,0.7875,0.1425,0.5022,1032,97
RSC-2020-00947,v2.3.0,2020-04-24 23:33:53,45,0.0416,0.8094,0.166,0.536,1128,51
RSC-2020-00948,v2.1.4,2020-07-12 02:44:05,36,0.0226,0.8043,0.1447,0.4847,1462,99
RSC-2020-00949,v2.1.4,2020-12-11 05:50:55,35,0.0495,0.797,0.1463,0.5346,1117,105
RSC-2020-00950,v2.1.3,2020-02-29 13:42:27,47,0.0498,0.787,0.1404,0.5236,988,122
RSC-2020-00951,v2.2.0,2020-04-18 21:27:21,51,0.0233,0.8293,0.1405,0.4935,1030,73
RSC-2020-00952,v2.2.0,2020-03-02 23:52:53,38,0.0291,0.7801,0.1399,0.5029,842,135
RSC-2020-00953,v2.1.3,2020-01-29 04:37:55,44,0.013,0.794,0.1247,0.5148,1056,77
RSC-2020-00954,v2.1.3,2020-08-25 11:11:28,34,0.0428,0.7991,0.1411,0.5289,1032,72
RSC-2020-00955,v2.1.3,2020-01-11 09:55:31,35,0.0217,0.7993,0.1154,0.5159,854,98
RSC-2020-00956,v2.2.0,2020-08-08 22:22:13,40,0.1176,0.8221,0.1304,0.4805,1155,122
RSC-2020-00957,v2.3.0,2020-03-28 16:16:41,44,0.0237,0.8369,0.1347,0.5461,1429,37
RSC-2020-00958,v2.1.3,2020-06-07 18:32:43,35,0.0468,0.8396,0.1509,0.5127,867,98
RSC-2020-00959,v2.1.3,2020-07-29 09:31:28,39,0.0497,0.8038,0.1455,0.5431,1089,89
RSC-2020-00960,v2.1.3,2020-07-29 07:56:03,45,0.0429,0.8055,0.1606,0.5231,1285,28
RSC-2020-00961,v2.3.0,2020-11-02 19:36:30,40,0.0102,0.8205,0.1385,0.4803,885,53
RSC-2020-00962,v2.1.4,2020-07-22 23:42:08,36,0.0336,0.8004,0.1368,0.5033,1212,74
RSC-2020-00963,v2.2.0,2020-08-10 10:20:25,51,0.0178,0.783,0.1277,0.5081,1384,36
RSC-2020-00964,v2.3.0,2020-08-07 11:57:39,57,0.0339,0.8119,0.1446,0.504,816,119
RSC-2020-00965,v2.3.0,2020-09-13 14:30:00,37,0.0563,0.8453,0.1356,0.5196,1436,23
RSC-2020-00966,v2.2.1,2020-01-30 16:33:34,50,0.0276,0.8447,0.1259,0.4985,1081,45
RSC-2020-00967,v2.2.1,2020-02-25 19:16:44,48,0.0189,0.8018,0.1401,0.4883,831,93
RSC-2020-00968,v2.3.0,2020-12-19 00:58:27,53,0.0866,0.8151,0.1829,0.5019,1064,132
RSC-2020-00969,v2.2.1,2020-11-18 14:22:47,39,0.0058,0.817,0.1406,0.5255,1323,102
RSC-2020-00970,v2.1.4,2020-01-06 04:29:37,53,0.089,0.7909,0.1334,0.5447,1192,97
RSC-2020-00971,v2.3.0,2020-08-26 23:09:36,48,0.0333,0.8037,0.1413,0.5044,1512,42
RSC-2020-00972,v2.1.4,2020-03-23 14:04:13,37,0.0024,0.8112,0.1554,0.5055,1259,124
RSC-2020-00973,v2.2.0,2020-10-06 16:15:13,47,0.0428,0.8289,0.1437,0.5462,1322,121
RSC-2020-00974,v2.2.1,2020-10-03 19:37:14,37,0.0257,0.7906,0.1547,0.5066,902,128
RSC-2020-00975,v2.3.0,2020-11-24 21:06:54,56,0.0306,0.7941,0.1632,0.5144,1219,99
RSC-2020-00976,v2.2.1,2020-07-01 22:33:27,50,0.0065,0.8407,0.1456,0.5412,1341,99
RSC-2020-00977,v2.1.4,2020-04-14 10:51:55,44,0.0281,0.798,0.1313,0.5107,1533,23
RSC-2020-00978,v2.3.0,2020-10-23 02:15:00,57,0.055,0.8154,0.1544,0.4939,1270,99
RSC-2020-00979,v2.1.4,2020-12-13 21:55:44,51,0.108,0.8353,0.1367,0.5313,1085,71
RSC-2020-00980,v2.1.4,2020-08-15 13:44:10,57,0.0033,0.7855,0.1415,0.499,977,88
RSC-2020-00981,v2.1.4,2020-02-05 18:02:35,52,0.0435,0.8303,0.1393,0.5127,1164,105
RSC-2020-00982,v2.2.1,2020-01-29 13:42:09,45,0.0128,0.8529,0.1363,0.5034,1438,44
RSC-2020-00983,v2.2.0,2020-05-15 04:28:23,56,0.0242,0.8038,0.1589,0.5502,1452,97
RSC-2020-00984,v2.2.1,2020-09-18 14:15:08,56,0.053,0.7938,0.155,0.5184,1085,94
RSC-2020-00985,v2.2.1,2020-07-04 06:07:31,45,0.0309,0.788,0.1264,0.5295,1258,77
RSC-2020-00986,v2.2.1,2020-07-13 22:34:04,55,0.0141,0.8046,0.1366,0.5371,1196,85
RSC-2020-00987,v2.1.3,2020-01-07 02:05:38,42,0.0604,0.7957,0.1425,0.5279,1146,137
RSC-2020-00988,v2.1.3,2020-08-05 04:12:26,56,0.0152,0.8268,0.1487,0.4946,1267,88
RSC-2020-00989,v2.2.0,2020-12-18 07:11:47,56,0.074,0.8112,0.1429,0.4754,1059,125
RSC-2020-00990,v2.2.1,2020-12-23 02:24:25,45,0.0618,0.8278,0.1589,0.5127,1567,58
RSC-2020-00991,v2.2.1,2020-12-20 00:05:17,56,0.034,0.8101,0.1299,0.534,955,115
RSC-2020-00992,v2.3.0,2020-05-30 07:27:14,36,0.0178,0.8281,0.1548,0.5196,1148,42
RSC-2020-00993,v2.2.0,2020-07-22 18:16:40,45,0.0578,0.8393,0.1676,0.5345,1278,134
RSC-2020-00994,v2.3.0,2020-04-22 17:42:55,57,0.0955,0.8163,0.1451,0.4742,1277,25
RSC-2020-00995,v2.2.1,2020-07-04 02:56:25,51,0.0333,0.8403,0.1461,0.5141,1225,118
RSC-2020-00996,v2.2.1,2020-11-16 05:33:34,52,0.0253,0.818,0.1072,0.5082,1354,103
RSC-2020-00997,v2.3.0,2020-11-08 04:45:10,42,0.1071,0.8141,0.1323,0.5346,1531,62
RSC-2020-00998,v2.3.0,2020-05-23 06:00:08,44,0.0239,0.8009,0.1235,0.5252,804,97
RSC-2020-00999,v2.3.0,2020-05-25 17:23:26,46,0.0174,0.8037,0.1497,0.5151,1281,44
RSC-2020-01000,v2.2.0,2020-12-07 13:32:06,46,0.0624,0.8235,0.1594,0.5108,885,83
RSC-2020-01001,v2.1.4,2020-05-06 11:41:44,44,0.0272,0.829,0.1319,0.4716,1058,24
RSC-2020-01002,v2.3.0,2020-02-22 05:54:39,45,0.0526,0.7961,0.1214,0.4902,1104,71
RSC-2020-01003,v2.1.3,2020-03-12 22:49:46,38,0.0528,0.808,0.1535,0.5406,1331,124
RSC-2020-01004,v2.1.4,2020-07-03 03:34:42,44,0.0141,0.813,0.1335,0.5044,1588,139
RSC-2020-01005,v2.1.3,2020-06-05 15:48:59,34,0.018,0.7768,0.1376,0.5475,1183,43
RSC-2020-01006,v2.2.1,2020-08-08 00:27:33,44,0.0211,0.8146,0.1455,0.4807,951,121
RSC-2020-01007,v2.1.4,2020-01-02 07:02:55,43,0.0492,0.8231,0.1547,0.526,1458,52
RSC-2020-01008,v2.1.4,2020-02-09 22:14:35,39,0.0221,0.7873,0.1398,0.51,1468,87
RSC-2020-01009,v2.2.0,2020-02-13 03:07:35,53,0.0509,0.8176,0.1411,0.4808,1533,61
RSC-2020-01010,v2.1.4,2020-03-22 09:10:55,34,0.0317,0.7807,0.1396,0.5293,821,32
RSC-2020-01011,v2.1.4,2020-06-16 18:48:27,57,0.0621,0.8413,0.1153,0.5046,1083,35
RSC-2020-01012,v2.2.0,2020-01-25 17:47:23,43,0.0089,0.8094,0.1644,0.5104,1586,77
RSC-2020-01013,v2.3.0,2020-12-28 07:46:48,35,0.0661,0.7906,0.1533,0.5291,1477,119
RSC-2020-01014,v2.2.1,2020-05-30 22:16:13,46,0.0626,0.8371,0.1259,0.5035,957,82
RSC-2020-01015,v2.1.3,2020-05-22 10:09:56,52,0.0132,0.8208,0.1235,0.5194,1162,64
RSC-2020-01016,v2.3.0,2020-12-13 18:20:31,39,0.0344,0.816,0.1531,0.5361,1258,113
RSC-2020-01017,v2.3.0,2020-09-04 16:17:30,41,0.0154,0.8228,0.1368,0.4911,884,103
RSC-2020-01018,v2.1.3,2020-11-16 07:20:47,54,0.0175,0.8317,0.131,0.5035,1211,46
RSC-2020-01019,v2.3.0,2020-04-16 00:55:57,54,0.0223,0.8089,0.1379,0.4964,1369,108
RSC-2020-01020,v2.2.1,2020-12-04 16:33:22,38,0.0175,0.8095,0.1285,0.4911,1520,124
RSC-2020-01021,v2.1.4,2020-03-09 18:37:39,46,0.0157,0.7855,0.1415,0.529,1071,23
RSC-2020-01022,v2.2.1,2020-10-12 20:08:12,44,0.0208,0.8025,0.1379,0.5075,1385,133
RSC-2020-01023,v2.1.3,2020-08-13 10:27:17,54,0.0115,0.8438,0.1346,0.5398,1579,67
RSC-2020-01024,v2.2.0,2020-03-11 16:14:44,53,0.0118,0.8029,0.1441,0.518,1561,57
RSC-2020-01025,v2.3.0,2020-05-24 19:12:30,53,0.0383,0.7978,0.1421,0.4901,968,43
RSC-2020-01026,v2.1.4,2020-03-17 04:44:22,57,0.0523,0.7865,0.1508,0.4964,1205,69
RSC-2020-01027,v2.3.0,2020-08-07 09:22:28,35,0.0338,0.7997,0.1415,0.4948,1488,32
RSC-2020-01028,v2.1.3,2020-12-13 22:18:49,56,0.0184,0.8177,0.1424,0.5298,954,86
RSC-2020-01029,v2.1.3,2020-05-26 03:38:08,54,0.0372,0.8316,0.145,0.5135,1339,65
RSC-2020-01030,v2.1.4,2020-06-18 22:55:28,36,0.0208,0.8488,0.1342,0.5212,1386,65
RSC-2020-01031,v2.1.3,2020-08-29 08:33:46,37,0.053,0.8143,0.1344,0.5383,971,127
RSC-2020-01032,v2.2.1,2020-05-31 13:35:11,54,0.0327,0.8547,0.1257,0.5178,1531,73
RSC-2020-01033,v2.3.0,2020-05-24 00:59:21,38,0.0206,0.8202,0.1671,0.5522,857,103
RSC-2020-01034,v2.3.0,2020-03-18 11:04:23,50,0.0691,0.8178,0.1112,0.5241,1590,24
RSC-2020-01035,v2.3.0,2020-08-29 19:56:57,46,0.0109,0.8179,0.1468,0.5366,1328,61
RSC-2020-01036,v2.1.4,2020-05-02 16:31:40,52,0.0343,0.8184,0.1376,0.4847,808,98
RSC-2020-01037,v2.1.3,2020-03-05 22:04:48,55,0.0377,0.8336,0.1514,0.5213,1575,62
RSC-2020-01038,v2.2.0,2020-08-10 07:18:12,50,0.0513,0.8101,0.1489,0.5205,1102,22
RSC-2020-01039,v2.3.0,2020-08-02 19:48:43,47,0.0423,0.8015,0.1745,0.5145,1193,71
RSC-2020-01040,v2.3.0,2020-02-16 08:21:40,45,0.128,0.8113,0.1436,0.5156,1595,110
RSC-2020-01041,v2.1.4,2020-02-22 18:00:49,47,0.0787,0.806,0.1597,0.5184,1151,109
RSC-2020-01042,v2.3.0,2020-04-08 03:55:39,42,0.0921,0.8189,0.1404,0.5019,1154,98
RSC-2020-01043,v2.2.1,2020-01-02 15:01:32,35,0.0333,0.8343,0.1274,0.5095,1357,22
RSC-2020-01044,v2.2.1,2020-04-02 06:20:35,38,0.047,0.8245,0.1597,0.5085,1082,32
RSC-2020-01045,v2.1.3,2020-11-29 05:59:10,53,0.0163,0.822,0.1388,0.5365,1575,62
RSC-2020-01046,v2.1.3,2020-08-02 13:07:01,36,0.0515,0.8492,0.1442,0.507,820,67
RSC-2020-01047,v2.2.0,2020-10-13 23:19:55,54,0.0113,0.8117,0.1486,0.5116,1405,125
RSC-2020-01048,v2.1.4,2020-11-13 05:04:57,38,0.0436,0.8141,0.152,0.4769,1584,107
RSC-2020-01049,v2.1.3,2020-08-16 15:20:37,47,0.0345,0.8268,0.1516,0.5729,1134,69
RSC-2020-01050,v2.3.0,2020-03-12 02:56:17,49,0.0433,0.7968,0.1558,0.5156,983,23
RSC-2020-01051,v2.2.1,2020-06-18 14:44:00,42,0.0272,0.814,0.1324,0.5432,1129,44
RSC-2020-01052,v2.2.0,2020-04-08 14:02:41,38,0.0532,0.8014,0.1482,0.5407,1100,20
RSC-2020-01053,v2.1.3,2020-07-30 09:24:31,41,0.0203,0.8108,0.1222,0.5451,950,36
RSC-2020-01054,v2.2.0,2020-10-26 18:23:08,52,0.0387,0.8114,0.1499,0.474,1302,30
RSC-2020-01055,v2.2.1,2020-09-26 08:45:26,55,0.0324,0.8336,0.1399,0.4744,915,44
RSC-2020-01056,v2.1.4,2020-03-29 09:57:45,53,0.0942,0.8403,0.1557,0.514,1045,106
RSC-2020-01057,v2.1.4,2020-11-18 19:23:02,57,0.0257,0.8505,0.153,0.5315,1212,129
RSC-2020-01058,v2.1.4,2020-04-18 12:58:09,35,0.0335,0.8103,0.1295,0.4992,1366,65
RSC-2020-01059,v2.1.4,2020-08-11 11:49:32,47,0.0197,0.8127,0.1222,0.493,1052,82
RSC-2020-01060,v2.1.4,2020-08-05 06:14:36,36,0.0541,0.7755,0.1283,0.48,889,48
RSC-2020-01061,v2.2.1,2020-05-16 15:06:22,38,0.0162,0.8156,0.1292,0.5008,999,124
RSC-2020-01062,v2.1.4,2020-12-06 10:52:51,39,0.0543,0.808,0.1342,0.5061,1230,52
RSC-2020-01063,v2.2.1,2020-06-23 21:28:02,51,0.0117,0.8051,0.1558,0.5046,1480,73
RSC-2020-01064,v2.3.0,2020-08-28 22:00:43,37,0.0055,0.8216,0.1429,0.492,1277,63
RSC-2020-01065,v2.1.3,2020-11-03 07:57:27,52,0.0541,0.799,0.1418,0.4948,1327,110
RSC-2020-01066,v2.1.3,2020-12-10 04:53:35,39,0.0299,0.8074,0.1533,0.4921,1106,27
RSC-2020-01067,v2.1.3,2020-09-04 07:21:19,39,0.0958,0.8236,0.1569,0.5296,1561,96
RSC-2020-01068,v2.2.0,2020-12-27 14:24:45,42,0.0175,0.7918,0.1347,0.515,1374,76
RSC-2020-01069,v2.2.1,2020-10-24 05:39:52,46,0.0737,0.8039,0.1596,0.5275,1388,112
RSC-2020-01070,v2.1.3,2020-07-01 04:30:00,44,0.017,0.8127,0.1493,0.5174,1195,63
RSC-2020-01071,v2.2.0,2020-09-04 12:33:05,40,0.0527,0.8173,0.1352,0.4889,882,139
RSC-2020-01072,v2.2.1,2020-06-29 01:45:42,37,0.0069,0.7847,0.1378,0.5022,1118,80
RSC-2020-01073,v2.2.0,2020-07-27 21:33:43,49,0.0379,0.8058,0.1511,0.4885,1102,73
RSC-2020-01074,v2.3.0,2020-01-24 16:03:00,46,0.047,0.8166,0.1595,0.4931,1521,84
RSC-2020-01075,v2.2.0,2020-04-22 18:58:33,47,0.0236,0.7941,0.1433,0.5179,1567,20
RSC-2020-01076,v2.2.0,2020-09-06 01:08:01,54,0.0338,0.7992,0.1309,0.4994,1359,70
RSC-2020-01077,v2.1.4,2020-05-22 14:41:14,55,0.0546,0.8147,0.1393,0.5101,948,95
RSC-2020-01078,v2.2.1,2020-08-04 02:49:03,56,0.0164,0.8257,0.1556,0.5235,1287,69
RSC-2020-01079,v2.2.1,2020-03-09 05:08:31,56,0.0291,0.801,0.1241,0.4837,920,82
RSC-2020-01080,v2.3.0,2020-08-09 11:02:53,37,0.0089,0.8268,0.15,0.5025,1412,116
RSC-2020-01081,v2.2.1,2020-12-11 07:04:30,57,0.0318,0.789,0.1209,0.515,1043,56
RSC-2020-01082,v2.1.3,2020-03-27 17:55:25,41,0.047,0.8233,0.139,0.5012,875,109
RSC-2020-01083,v2.1.3,2020-06-28 03:31:42,53,0.0068,0.8192,0.1364,0.4706,1538,86
RSC-2020-01084,v2.1.3,2020-05-03 21:42:53,38,0.0895,0.839,0.1491,0.5046,1121,81
RSC-2020-01085,v2.1.4,2020-12-13 17:21:43,42,0.0218,0.8066,0.146,0.5326,856,134
RSC-2020-01086,v2.1.3,2020-04-21 17:57:21,42,0.0561,0.8497,0.136,0.5302,1261,112
RSC-2020-01087,v2.1.3,2020-07-05 09:03:46,34,0.0199,0.7936,0.1555,0.5057,818,54
RSC-2020-01088,v2.2.1,2020-05-24 06:37:51,44,0.0511,0.7927,0.1386,0.5201,1546,122
RSC-2020-01089,v2.1.4,2020-08-03 03:26:26,47,0.035,0.7996,0.1361,0.5055,1169,96
RSC-2020-01090,v2.2.1,2020-11-15 17:06:05,41,0.0253,0.8107,0.1418,0.5058,1182,94
RSC-2020-01091,v2.3.0,2020-05-25 00:25:47,50,0.0093,0.8345,0.1433,0.5002,959,133
RSC-2020-01092,v2.1.4,2020-07-29 02:25:30,54,0.038,0.7958,0.1325,0.4815,1180,51
RSC-2020-01093,v2.3.0,2020-12-04 07:16:21,44,0.035,0.7979,0.1201,0.5322,1377,137
RSC-2020-01094,v2.2.0,2020-06-12 15:31:58,48,0.0989,0.8102,0.1379,0.5495,1478,34
RSC-2020-01095,v2.1.3,2020-07-29 09:34:09,46,0.0718,0.7948,0.1577,0.534,1134,89
RSC-2020-01096,v2.1.3,2020-12-03 06:55:58,49,0.0314,0.8118,0.1426,0.4926,1401,67
RSC-2020-01097,v2.3.0,2020-05-06 15:09:43,51,0.0656,0.7858,0.1434,0.5132,1595,59
RSC-2020-01098,v2.2.1,2020-08-31 11:36:14,37,0.0731,0.7856,0.1611,0.4961,1151,88
RSC-2020-01099,v2.2.1,2020-07-12 04:03:01,52,0.0598,0.8114,0.1411,0.4946,1013,124
RSC-2020-01100,v2.2.0,2020-07-03 20:02:54,44,0.0134,0.8177,0.1404,0.5164,1104,51
RSC-2020-01101,v2.1.3,2020-03-14 16:21:07,52,0.0252,0.7959,0.1314,0.5207,1049,29
RSC-2020-01102,v2.3.0,2020-02-23 17:04:13,45,0.0506,0.8027,0.1416,0.5102,1592,69
RSC-2020-01103,v2.2.0,2020-09-09 10:20:51,51,0.0335,0.7909,0.1545,0.5094,1039,105
RSC-2020-01104,v2.2.0,2020-02-15 02:55:36,43,0.0771,0.8269,0.1739,0.5203,1102,47
RSC-2020-01105,v2.3.0,2020-05-29 20:41:13,49,0.0288,0.7952,0.1606,0.5088,828,134
RSC-2020-01106,v2.1.4,2020-09-03 13:20:05,50,0.0605,0.8149,0.1346,0.5346,807,117
RSC-2020-01107,v2.1.3,2020-11-02 12:14:59,52,0.0326,0.7856,0.1518,0.4866,1185,23
RSC-2020-01108,v2.1.4,2020-01-23 00:05:28,35,0.0636,0.8011,0.13,0.4716,1202,119
RSC-2020-01109,v2.3.0,2020-01-07 01:30:49,51,0.0194,0.814,0.1475,0.5122,1407,60
RSC-2020-01110,v2.2.1,2020-09-10 23:53:34,40,0.0573,0.8044,0.1279,0.5055,1361,124
RSC-2020-01111,v2.1.4,2020-03-21 15:54:49,56,0.0367,0.8329,0.1596,0.5036,1068,38
RSC-2020-01112,v2.2.1,2020-09-08 14:50:21,50,0.047,0.8051,0.1475,0.5446,1125,49
RSC-2020-01113,v2.3.0,2020-02-16 02:58:52,43,0.0299,0.8048,0.136,0.5225,1473,129
RSC-2020-01114,v2.3.0,2020-12-18 14:27:16,46,0.04,0.83,0.1384,0.5191,1098,74
RSC-2020-01115,v2.1.3,2020-03-17 20:53:07,52,0.0725,0.7982,0.1581,0.4802,1539,84
RSC-2020-01116,v2.3.0,2020-02-17 17:46:36,44,0.1048,0.8068,0.1302,0.4875,1005,81
RSC-2020-01117,v2.3.0,2020-10-02 15:51:00,47,0.0266,0.8156,0.117,0.4923,983,82
RSC-2020-01118,v2.3.0,2020-07-05 17:36:27,55,0.011,0.8434,0.1379,0.4876,1261,22
RSC-2020-01119,v2.3.0,2020-04-12 10:00:27,42,0.0032,0.8361,0.1237,0.5094,1224,62
RSC-2020-01120,v2.2.1,2020-12-14 12:02:21,38,0.0061,0.8078,0.1433,0.5145,1346,23
RSC-2020-01121,v2.3.0,2020-09-02 01:06:49,55,0.0781,0.8518,0.1616,0.5154,1147,52
RSC-2020-01122,v2.1.3,2020-05-19 03:28:00,46,0.0166,0.8101,0.1326,0.5126,1435,84
RSC-2020-01123,v2.2.1,2020-05-01 23:41:26,35,0.0046,0.8286,0.1564,0.5267,1002,109
RSC-2020-01124,v2.2.1,2020-08-21 12:52:15,56,0.0235,0.8011,0.1446,0.5122,1169,75
RSC-2020-01125,v2.1.3,2020-12-22 15:33:03,54,0.0684,0.7824,0.1456,0.4744,1102,42
RSC-2020-01126,v2.1.3,2020-10-31 14:27:33,44,0.0244,0.8107,0.1246,0.4771,1105,118
RSC-2020-01127,v2.2.1,2020-08-19 03:58:35,41,0.0041,0.8022,0.1547,0.4956,1491,101
RSC-2020-01128,v2.1.4,2020-06-29 06:19:32,53,0.0251,0.8029,0.1415,0.5202,1386,71
RSC-2020-01129,v2.2.0,2020-02-18 18:24:19,50,0.0666,0.7802,0.1207,0.5147,1402,84
RSC-2020-01130,v2.2.1,2020-10-22 22:05:38,42,0.0359,0.7952,0.1225,0.5314,849,97
RSC-2020-01131,v2.2.0,2020-05-01 12:15:04,51,0.0057,0.7943,0.1449,0.5502,1425,137
RSC-2020-01132,v2.1.4,2020-08-29 20:34:48,54,0.0662,0.8234,0.1278,0.5353,1275,47
RSC-2020-01133,v2.3.0,2020-08-25 04:24:36,57,0.1008,0.7995,0.1378,0.5221,1529,44
RSC-2020-01134,v2.2.1,2020-12-26 14:11:57,53,0.0219,0.8012,0.156,0.4851,1333,107
RSC-2020-01135,v2.1.4,2020-12-18 19:35:59,39,0.0239,0.8299,0.1358,0.5241,1059,24
RSC-2020-01136,v2.2.0,2020-08-13 10:06:55,38,0.0339,0.8105,0.1387,0.5589,1543,99
RSC-2020-01137,v2.2.0,2020-08-10 12:31:08,48,0.0546,0.8002,0.1513,0.4942,1300,92
RSC-2020-01138,v2.3.0,2020-07-21 13:27:24,50,0.0234,0.8115,0.1404,0.499,896,134
RSC-2020-01139,v2.2.1,2020-12-19 16:30:50,35,0.0334,0.7912,0.1483,0.4922,1038,87
RSC-2020-01140,v2.2.0,2020-03-06 01:06:29,49,0.0584,0.7993,0.1434,0.5485,1187,127
RSC-2020-01141,v2.1.3,2020-05-14 14:06:35,46,0.0136,0.8464,0.129,0.5145,866,23
RSC-2020-01142,v2.2.0,2020-12-27 02:55:11,54,0.0548,0.839,0.1265,0.5019,931,136
RSC-2020-01143,v2.2.1,2020-05-01 07:08:23,57,0.0483,0.8311,0.1328,0.5052,976,98
RSC-2020-01144,v2.2.1,2020-03-19 10:35:40,50,0.0449,0.8118,0.1395,0.5497,1197,125
RSC-2020-01145,v2.1.3,2020-02-08 23:45:06,53,0.0059,0.8137,0.147,0.476,1101,99
RSC-2020-01146,v2.3.0,2020-09-03 14:30:12,51,0.0073,0.8595,0.1601,0.5285,1532,60
RSC-2020-01147,v2.2.0,2020-03-10 08:55:19,47,0.0494,0.8016,0.1342,0.5166,1509,45
RSC-2020-01148,v2.3.0,2020-11-22 18:31:44,40,0.0579,0.772,0.127,0.5231,1528,66
RSC-2020-01149,v2.2.1,2020-12-21 09:51:16,55,0.1262,0.8372,0.1232,0.5028,1382,41
RSC-2020-01150,v2.1.3,2020-08-17 06:48:52,55,0.0741,0.7921,0.1276,0.5109,1147,134
RSC-2020-01151,v2.1.4,2020-07-29 22:39:08,56,0.0798,0.8045,0.1372,0.4825,1520,101
RSC-2020-01152,v2.2.0,2020-08-28 12:18:15,56,0.0522,0.8138,0.1603,0.5362,1398,123
RSC-2020-01153,v2.2.1,2020-01-24 05:37:28,54,0.0491,0.7922,0.1302,0.5542,1082,28
RSC-2020-01154,v2.3.0,2020-12-20 15:09:25,48,0.0776,0.869,0.1249,0.5131,1046,82
RSC-2020-01155,v2.3.0,2020-06-13 00:35:52,44,0.0151,0.8128,0.1586,0.5264,1035,58
RSC-2020-01156,v2.2.1,2020-01-05 07:11:07,52,0.0231,0.8521,0.1452,0.4856,999,39
RSC-2020-01157,v2.1.3,2020-05-07 05:48:33,51,0.0633,0.8489,0.1399,0.5127,1376,115
RSC-2020-01158,v2.1.3,2020-04-13 00:42:28,44,0.0354,0.8159,0.1543,0.528,1367,108
RSC-2020-01159,v2.1.4,2020-09-30 11:47:00,47,0.0926,0.8203,0.1286,0.5322,1444,112
RSC-2020-01160,v2.3.0,2020-04-09 23:24:08,54,0.019,0.8333,0.1384,0.534,1422,102
RSC-2020-01161,v2.3.0,2020-08-28 00:42:20,46,0.0397,0.8281,0.1438,0.5247,1571,94
RSC-2020-01162,v2.1.3,2020-02-21 08:18:09,53,0.0282,0.8148,0.1493,0.5351,887,76
RSC-2020-01163,v2.3.0,2020-06-14 01:45:32,39,0.0205,0.7696,0.146,0.5213,1262,27
RSC-2020-01164,v2.1.3,2020-04-24 16:41:17,46,0.0783,0.7887,0.1502,0.4966,1019,96
RSC-2020-01165,v2.3.0,2020-06-22 03:30:49,52,0.011,0.8031,0.1356,0.5407,1310,55
RSC-2020-01166,v2.2.1,2020-03-03 12:40:10,43,0.0738,0.8153,0.1325,0.4996,1239,135
RSC-2020-01167,v2.2.0,2020-10-19 15:23:17,55,0.0478,0.8019,0.1574,0.4948,910,53
RSC-2020-01168,v2.3.0,2020-07-10 15:00:27,35,0.0573,0.8264,0.1615,0.5079,902,86
RSC-2020-01169,v2.1.4,2020-10-30 12:57:19,53,0.0332,0.8307,0.1374,0.5292,1197,63
RSC-2020-01170,v2.1.4,2020-12-23 18:39:03,43,0.0397,0.8043,0.1421,0.5273,1148,28
RSC-2020-01171,v2.1.3,2020-12-27 22:23:06,35,0.0277,0.7799,0.1434,0.5111,1518,131
RSC-2020-01172,v2.1.4,2020-10-16 06:34:38,45,0.0168,0.7917,0.1375,0.5162,1413,111
RSC-2020-01173,v2.1.4,2020-04-10 15:36:11,45,0.0285,0.8251,0.136,0.5024,1596,82
RSC-2020-01174,v2.1.4,2020-12-06 00:06:44,56,0.0625,0.8067,0.1626,0.516,1257,105
RSC-2020-01175,v2.2.0,2020-06-18 18:37:43,52,0.061,0.8085,0.1313,0.5421,1400,79
RSC-2020-01176,v2.3.0,2020-06-30 18:35:05,52,0.0677,0.8098,0.1386,0.5086,1090,115
RSC-2020-01177,v2.2.0,2020-04-12 07:12:31,43,0.0365,0.8193,0.1282,0.518,1234,115
RSC-2020-01178,v2.1.3,2020-03-22 10:25:41,35,0.0683,0.7897,0.122,0.5028,1367,132
RSC-2020-01179,v2.1.4,2020-04-22 14:48:43,55,0.0305,0.796,0.1385,0.5,1011,108
RSC-2020-01180,v2.2.0,2020-04-13 05:23:00,49,0.027,0.8232,0.1591,0.4949,1371,22
RSC-2020-01181,v2.2.1,2020-10-11 14:28:22,46,0.0321,0.8256,0.1571,0.5096,888,102
RSC-2020-01182,v2.1.3,2020-04-23 10:14:06,50,0.032,0.8046,0.1423,0.5402,1070,53
RSC-2020-01183,v2.3.0,2020-08-13 05:06:58,44,0.0652,0.8125,0.1392,0.5043,874,86
RSC-2020-01184,v2.1.3,2020-08-25 23:10:37,52,0.0375,0.8024,0.1364,0.5077,1187,85
RSC-2020-01185,v2.2.1,2020-09-10 20:44:31,35,0.0136,0.7896,0.1431,0.5144,1457,30
RSC-2020-01186,v2.1.4,2020-09-14 15:35:49,53,0.0535,0.8138,0.1339,0.5202,1129,54
RSC-2020-01187,v2.1.4,2020-03-26 07:27:19,54,0.0619,0.8165,0.1496,0.5028,1392,41
RSC-2020-01188,v2.3.0,2020-10-28 10:04:12,45,0.0165,0.8263,0.1315,0.5465,1227,56
RSC-2020-01189,v2.3.0,2020-02-23 19:34:16,39,0.0094,0.8122,0.1475,0.5423,1426,98
RSC-2020-01190,v2.2.0,2020-11-16 23:40:09,39,0.098,0.8026,0.1562,0.5358,810,102
RSC-2020-01191,v2.1.4,2020-06-08 05:11:27,57,0.0177,0.8065,0.1533,0.5502,1274,84
RSC-2020-01192,v2.3.0,2020-11-07 15:24:01,39,0.0109,0.8069,0.1307,0.5086,944,135
RSC-2020-01193,v2.1.4,2020-01-12 16:43:03,57,0.0326,0.8085,0.1401,0.4821,1286,130
RSC-2020-01194,v2.2.1,2020-11-07 16:42:12,36,0.0084,0.8149,0.1614,0.4693,990,99
RSC-2020-01195,v2.2.0,2020-08-06 19:14:13,45,0.0689,0.7955,0.1426,0.5268,1251,126
RSC-2020-01196,v2.2.0,2020-08-20 22:09:04,48,0.0289,0.8333,0.1444,0.5304,1080,96
RSC-2020-01197,v2.2.1,2020-08-06 17:03:39,38,0.0335,0.8,0.1479,0.5194,1500,129
RSC-2020-01198,v2.1.4,2020-04-30 03:56:49,35,0.0181,0.7917,0.1576,0.5031,1401,101
RSC-2020-01199,v2.2.0,2020-04-26 04:39:39,54,0.041,0.7889,0.1303,0.4914,1463,53
RSC-2020-01200,v2.1.3,2020-07-26 21:40:45,53,0.0624,0.78,0.1594,0.5555,868,102
RSC-2020-01201,v2.3.0,2020-04-26 16:46:00,50,0.0145,0.8007,0.1328,0.5398,814,28
RSC-2020-01202,v2.2.1,2020-02-18 21:21:22,38,0.0447,0.8035,0.1343,0.524,942,75
RSC-2020-01203,v2.1.4,2020-09-10 05:37:17,50,0.033,0.8132,0.179,0.5644,1548,118
RSC-2020-01204,v2.2.0,2020-08-15 19:54:58,49,0.0158,0.8054,0.1391,0.5073,1419,34
RSC-2020-01205,v2.2.0,2020-01-22 17:56:52,46,0.0051,0.8317,0.1298,0.5057,1429,92
RSC-2020-01206,v2.2.0,2020-03-04 08:39:08,41,0.0811,0.7807,0.1299,0.4935,1599,105
RSC-2020-01207,v2.1.3,2020-06-14 04:31:39,36,0.0252,0.8117,0.1595,0.5247,939,62
RSC-2020-01208,v2.1.3,2020-06-02 05:04:04,46,0.0249,0.8103,0.1386,0.5399,848,75
RSC-2020-01209,v2.1.3,2020-01-20 04:07:03,37,0.043,0.7841,0.158,0.5433,803,105
RSC-2020-01210,v2.3.0,2020-11-19 16:57:21,43,0.0744,0.8046,0.1224,0.4994,1167,98
RSC-2020-01211,v2.1.3,2020-07-25 08:29:16,53,0.0336,0.7729,0.1256,0.5464,1287,27
RSC-2020-01212,v2.3.0,2020-11-04 14:02:57,57,0.0388,0.8102,0.1509,0.5069,1465,76
RSC-2020-01213,v2.1.3,2020-02-10 01:03:16,48,0.047,0.783,0.1375,0.5258,1111,44
RSC-2020-01214,v2.1.4,2020-01-22 19:38:19,41,0.0229,0.8204,0.1582,0.5241,910,78
RSC-2020-01215,v2.2.0,2020-10-07 08:56:44,46,0.0438,0.7977,0.1467,0.4995,1529,93
RSC-2020-01216,v2.1.4,2020-08-27 05:26:48,53,0.0589,0.8199,0.1368,0.4907,1336,88
RSC-2020-01217,v2.1.4,2020-11-19 16:13:23,50,0.0316,0.7897,0.1483,0.5035,883,135
RSC-2020-01218,v2.2.1,2020-06-18 18:03:59,49,0.0915,0.8175,0.1548,0.5024,1159,57
RSC-2020-01219,v2.3.0,2020-12-17 02:48:10,49,0.0135,0.8017,0.1239,0.4885,1299,127
RSC-2020-01220,v2.1.3,2020-05-09 04:48:25,57,0.0637,0.8162,0.1482,0.4812,1433,123
RSC-2020-01221,v2.1.3,2020-11-07 20:44:41,53,0.0082,0.7971,0.1452,0.5331,1255,37
RSC-2020-01222,v2.1.3,2020-10-29 13:21:27,54,0.0562,0.8207,0.1177,0.5329,1464,103
RSC-2020-01223,v2.2.1,2020-05-10 09:32:02,49,0.0258,0.8176,0.1494,0.5068,1399,105
RSC-2020-01224,v2.1.3,2020-03-05 14:17:56,37,0.0193,0.8477,0.1234,0.5073,1304,57
RSC-2020-01225,v2.1.4,2020-09-18 07:17:12,57,0.0367,0.8055,0.1528,0.5034,1461,125
RSC-2020-01226,v2.1.4,2020-08-29 03:48:25,54,0.0719,0.8081,0.1502,0.5135,822,120
RSC-2020-01227,v2.3.0,2020-08-19 11:34:42,55,0.0806,0.8548,0.146,0.5131,1091,124
RSC-2020-01228,v2.2.0,2020-08-01 04:39:49,55,0.0172,0.8201,0.1394,0.527,900,133
RSC-2020-01229,v2.1.3,2020-06-01 01:09:34,50,0.0215,0.8372,0.1623,0.532,1097,46
RSC-2020-01230,v2.1.4,2020-10-11 06:09:09,39,0.0415,0.8196,0.148,0.5239,1512,80
RSC-2020-01231,v2.1.4,2020-02-01 19:23:57,57,0.0393,0.814,0.1562,0.545,1234,96
RSC-2020-01232,v2.2.1,2020-08-23 03:58:14,34,0.0424,0.7655,0.1585,0.5177,1046,60
RSC-2020-01233,v2.2.1,2020-04-04 22:46:08,47,0.0729,0.8096,0.1345,0.4888,1267,90
RSC-2020-01234,v2.2.0,2020-08-18 11:26:16,43,0.0381,0.8105,0.1461,0.5031,1430,65
RSC-2020-01235,v2.1.3,2020-03-26 21:21:40,46,0.0407,0.8244,0.1332,0.4881,1001,90
RSC-2020-01236,v2.2.1,2020-12-21 04:48:36,36,0.0376,0.8034,0.1412,0.4864,1476,77
RSC-2020-01237,v2.2.1,2020-08-15 11:01:49,55,0.0475,0.8115,0.1573,0.524,878,129
RSC-2020-01238,v2.2.0,2020-01-01 05:58:04,48,0.0708,0.8163,0.1585,0.503,1396,79
RSC-2020-01239,v2.2.1,2020-10-06 11:14:22,53,0.0094,0.7945,0.1644,0.5156,1398,30
RSC-2020-01240,v2.1.4,2020-08-05 18:42:23,42,0.0494,0.8382,0.1399,0.4986,1160,41
RSC-2020-01241,v2.2.0,2020-08-11 18:39:37,45,0.0428,0.8014,0.133,0.5032,1333,110
RSC-2020-01242,v2.1.3,2020-04-30 08:12:12,43,0.0423,0.8235,0.1414,0.526,1301,21
RSC-2020-01243,v2.2.1,2020-01-11 10:08:57,40,0.0671,0.7804,0.1356,0.5071,852,105
RSC-2020-01244,v2.2.1,2020-07-04 14:03:46,43,0.0543,0.805,0.16,0.5147,994,34
RSC-2020-01245,v2.2.0,2020-10-12 21:17:16,50,0.038,0.8337,0.1516,0.5093,1447,70
RSC-2020-01246,v2.2.0,2020-12-14 01:02:45,47,0.0178,0.8065,0.1335,0.5168,1147,60
RSC-2020-01247,v2.2.1,2020-04-14 00:45:30,56,0.0449,0.8182,0.1434,0.521,1217,83
RSC-2020-01248,v2.2.1,2020-12-30 17:22:25,40,0.0481,0.8438,0.158,0.5302,1542,40
RSC-2020-01249,v2.2.0,2020-06-05 10:07:48,57,0.0366,0.7716,0.1499,0.4888,848,43
RSC-2020-01250,v2.2.0,2020-07-02 13:40:59,37,0.025,0.8106,0.1498,0.5178,1382,27
RSC-2020-01251,v2.1.3,2020-04-03 17:17:05,43,0.0131,0.808,0.1434,0.5027,845,98
RSC-2020-01252,v2.2.0,2020-04-17 08:29:17,39,0.0317,0.8319,0.1577,0.4983,1028,101
RSC-2020-01253,v2.1.3,2020-10-15 04:58:21,45,0.0195,0.8166,0.1485,0.4936,1499,39
RSC-2020-01254,v2.1.4,2020-01-18 15:58:28,52,0.0112,0.8069,0.1531,0.5095,1333,50
RSC-2020-01255,v2.1.4,2020-03-25 21:53:15,34,0.0493,0.802,0.1338,0.5349,1477,126
RSC-2020-01256,v2.1.3,2020-05-19 03:04:12,44,0.0192,0.8014,0.1678,0.5183,1295,94
RSC-2020-01257,v2.1.4,2020-07-09 08:35:21,51,0.0465,0.8186,0.1304,0.5241,1146,31
RSC-2020-01258,v2.2.1,2020-11-08 08:44:43,48,0.049,0.8267,0.1552,0.4761,1207,112
RSC-2020-01259,v2.3.0,2020-10-17 00:04:36,35,0.0738,0.8271,0.1607,0.5148,1242,47
RSC-2020-01260,v2.2.1,2020-09-06 06:49:39,40,0.0522,0.8226,0.1384,0.532,1396,21
RSC-2020-01261,v2.3.0,2020-09-28 12:50:06,54,0.0584,0.8216,0.124,0.5283,1176,87
RSC-2020-01262,v2.2.0,2020-04-24 21:30:01,39,0.0195,0.7986,0.165,0.526,1356,75
RSC-2020-01263,v2.3.0,2020-10-28 01:07:00,57,0.0471,0.7991,0.1556,0.51,1466,135
RSC-2020-01264,v2.1.4,2020-08-03 17:44:02,43,0.0287,0.8098,0.149,0.5336,1499,132
RSC-2020-01265,v2.2.0,2020-08-31 23:28:44,53,0.0255,0.7946,0.1373,0.4873,1202,75
RSC-2020-01266,v2.3.0,2020-03-17 21:35:44,36,0.0269,0.7632,0.1542,0.51,1511,49
RSC-2020-01267,v2.1.4,2020-08-11 02:26:37,41,0.0135,0.8479,0.1402,0.5153,1355,30
RSC-2020-01268,v2.1.4,2020-10-18 22:13:56,53,0.0142,0.8032,0.1489,0.5331,1348,80
RSC-2020-01269,v2.2.1,2020-06-07 12:31:35,34,0.0239,0.8181,0.1429,0.5591,1252,42
RSC-2020-01270,v2.3.0,2020-07-19 23:52:29,42,0.0057,0.8126,0.1455,0.4914,1285,105
RSC-2020-01271,v2.2.0,2020-06-20 01:27:24,48,0.0022,0.8117,0.1319,0.4952,817,49
RSC-2020-01272,v2.1.3,2020-04-02 13:31:28,40,0.0656,0.8138,0.1497,0.5332,1330,132
RSC-2020-01273,v2.2.0,2020-10-19 16:20:23,48,0.0514,0.8038,0.1436,0.4991,821,71
RSC-2020-01274,v2.2.1,2020-03-18 07:01:58,53,0.0345,0.8226,0.1416,0.5149,1473,96
RSC-2020-01275,v2.2.1,2020-09-26 17:04:21,49,0.0324,0.7942,0.1288,0.4927,1369,60
RSC-2020-01276,v2.2.0,2020-06-24 19:49:57,52,0.0531,0.7868,0.1426,0.5286,1022,55
RSC-2020-01277,v2.2.0,2020-02-19 00:58:52,42,0.0875,0.8072,0.1327,0.4989,1576,109
RSC-2020-01278,v2.2.1,2020-05-03 17:43:18,45,0.0126,0.8359,0.1443,0.5157,1099,81
RSC-2020-01279,v2.2.0,2020-12-30 04:04:53,45,0.0988,0.8114,0.1544,0.5336,1328,94
RSC-2020-01280,v2.3.0,2020-02-29 02:06:35,57,0.0488,0.8075,0.16,0.5185,803,108
RSC-2020-01281,v2.1.3,2020-03-20 22:57:54,38,0.0443,0.8194,0.135,0.5014,1123,105
RSC-2020-01282,v2.3.0,2020-07-23 01:48:11,49,0.0257,0.8065,0.1594,0.5001,1215,28
RSC-2020-01283,v2.2.1,2020-11-30 12:23:21,34,0.02,0.7972,0.1472,0.5429,1058,98
RSC-2020-01284,v2.3.0,2020-11-15 16:25:17,55,0.0257,0.8244,0.1436,0.5285,1039,68
RSC-2020-01285,v2.2.1,2020-04-09 10:30:42,38,0.0139,0.8391,0.1281,0.5219,1046,67
RSC-2020-01286,v2.3.0,2020-05-18 06:53:06,46,0.0539,0.8313,0.1423,0.511,1504,122
RSC-2020-01287,v2.2.0,2020-01-03 14:55:27,52,0.0327,0.8304,0.1466,0.4939,1594,61
RSC-2020-01288,v2.1.3,2020-10-01 17:17:28,49,0.0316,0.838,0.1473,0.4835,1475,69
RSC-2020-01289,v2.2.0,2020-07-03 19:35:50,38,0.0438,0.8065,0.1478,0.5211,963,96
RSC-2020-01290,v2.3.0,2020-08-14 15:03:33,40,0.0507,0.8089,0.1561,0.5107,1473,52
RSC-2020-01291,v2.3.0,2020-05-17 23:43:59,47,0.0213,0.8106,0.1507,0.4782,857,87
RSC-2020-01292,v2.1.3,2020-06-07 08:34:37,50,0.0293,0.8197,0.1343,0.4822,962,44
RSC-2020-01293,v2.3.0,2020-10-09 22:23:10,54,0.0167,0.8088,0.1509,0.5011,1099,129
RSC-2020-01294,v2.2.1,2020-09-15 03:42:29,44,0.0434,0.8244,0.1321,0.5411,990,111
RSC-2020-01295,v2.1.4,2020-01-30 10:34:49,47,0.0317,0.8235,0.1347,0.5275,1465,124
RSC-2020-01296,v2.3.0,2020-12-14 23:36:33,49,0.0248,0.7986,0.1351,0.5026,1484,48
RSC-2020-01297,v2.2.0,2020-04-07 14:37:59,43,0.0338,0.804,0.1542,0.5055,804,44
RSC-2020-01298,v2.2.0,2020-09-25 01:57:47,46,0.0339,0.8097,0.1351,0.5111,897,78
RSC-2020-01299,v2.2.0,2020-01-25 10:08:41,37,0.0118,0.8149,0.1415,0.5386,1336,25
RSC-2020-01300,v2.1.3,2020-02-12 02:56:38,50,0.0453,0.8328,0.1409,0.5419,881,56
RSC-2020-01301,v2.3.0,2020-04-23 15:02:27,52,0.0287,0.7944,0.1494,0.5583,884,28
RSC-2020-01302,v2.2.1,2020-02-05 18:28:50,37,0.0879,0.8177,0.1578,0.4612,1473,91
RSC-2020-01303,v2.3.0,2020-03-24 22:11:34,48,0.0384,0.8168,0.1255,0.5304,1278,102
RSC-2020-01304,v2.1.4,2020-05-01 06:28:14,54,0.0365,0.7978,0.1477,0.5225,841,115
RSC-2020-01305,v2.3.0,2020-11-18 08:25:53,55,0.097,0.7868,0.1439,0.5301,860,28
RSC-2020-01306,v2.1.3,2020-02-09 04:58:47,50,0.0272,0.8092,0.1424,0.5069,810,120
RSC-2020-01307,v2.1.4,2020-09-04 19:26:56,43,0.0642,0.7974,0.1377,0.5224,1593,91
RSC-2020-01308,v2.3.0,2020-10-12 12:01:45,42,0.0681,0.7862,0.162,0.4958,801,129
RSC-2020-01309,v2.3.0,2020-03-04 20:31:35,37,0.023,0.8037,0.1361,0.5351,1206,77
RSC-2020-01310,v2.2.0,2020-12-06 12:06:42,49,0.1011,0.8216,0.162,0.5136,1347,26
RSC-2020-01311,v2.3.0,2020-10-31 14:38:23,50,0.0897,0.7974,0.127,0.5336,976,105
RSC-2020-01312,v2.2.0,2020-09-23 02:39:04,34,0.0247,0.8134,0.1454,0.4992,1466,52
RSC-2020-01313,v2.2.0,2020-01-17 20:29:58,55,0.0603,0.8201,0.1488,0.4999,1045,27
RSC-2020-01314,v2.2.1,2020-03-30 19:50:19,44,0.0496,0.8305,0.1542,0.5115,867,87
RSC-2020-01315,v2.2.0,2020-03-12 15:38:38,51,0.0242,0.8451,0.1268,0.5187,1018,57
RSC-2020-01316,v2.2.1,2020-12-27 13:21:47,43,0.0148,0.8271,0.1434,0.4721,856,94
RSC-2020-01317,v2.2.0,2020-01-20 18:37:46,51,0.025,0.8203,0.1388,0.4745,1040,139
RSC-2020-01318,v2.3.0,2020-10-31 18:52:55,44,0.0257,0.8341,0.1494,0.5079,931,41
RSC-2020-01319,v2.1.3,2020-01-21 05:02:58,43,0.0164,0.8206,0.1522,0.4985,1305,69
RSC-2020-01320,v2.2.1,2020-05-31 11:37:18,45,0.0332,0.8293,0.1477,0.4761,873,117
RSC-2020-01321,v2.2.0,2020-03-02 15:52:29,49,0.0634,0.831,0.137,0.528,1337,57
RSC-2020-01322,v2.3.0,2020-08-11 04:41:03,41,0.0263,0.8267,0.1445,0.567,1457,21
RSC-2020-01323,v2.1.3,2020-12-14 22:00:20,48,0.0206,0.8317,0.1511,0.5098,874,72
RSC-2020-01324,v2.2.1,2020-01-30 21:28:32,52,0.0988,0.8139,0.1375,0.517,1104,26
RSC-2020-01325,v2.2.1,2020-08-05 03:54:23,44,0.037,0.7949,0.1397,0.5175,974,72
RSC-2020-01326,v2.3.0,2020-12-18 23:27:55,41,0.0378,0.8438,0.1462,0.4748,1489,55
RSC-2020-01327,v2.1.4,2020-02-13 02:21:01,49,0.0628,0.7995,0.1385,0.4821,821,91
RSC-2020-01328,v2.2.1,2020-12-25 22:19:23,41,0.0188,0.8272,0.1486,0.5155,1502,136
RSC-2020-01329,v2.1.4,2020-07-14 04:07:38,51,0.0393,0.7942,0.1497,0.5214,1446,68
RSC-2020-01330,v2.1.4,2020-05-19 08:12:07,38,0.0151,0.7872,0.1464,0.5232,1127,74
RSC-2020-01331,v2.1.3,2020-11-22 13:38:51,50,0.0128,0.7845,0.1341,0.4951,838,83
RSC-2020-01332,v2.1.3,2020-12-29 10:45:26,56,0.0487,0.8149,0.1605,0.5122,1124,34
RSC-2020-01333,v2.2.0,2020-07-01 03:27:07,35,0.0601,0.8258,0.166,0.5482,904,48
RSC-2020-01334,v2.3.0,2020-04-08 15:26:25,42,0.0044,0.8085,0.1435,0.5,974,103
RSC-2020-01335,v2.2.1,2020-09-08 19:36:37,52,0.0585,0.7998,0.1585,0.4987,927,54
RSC-2020-01336,v2.2.0,2020-06-06 18:47:17,37,0.0232,0.8221,0.1441,0.506,1480,85
RSC-2020-01337,v2.1.3,2020-10-25 23:04:03,43,0.0484,0.8212,0.1191,0.5371,983,40
RSC-2020-01338,v2.1.3,2020-07-31 06:45:13,53,0.0107,0.7994,0.1272,0.518,1251,125
RSC-2020-01339,v2.3.0,2020-10-06 12:33:24,53,0.0326,0.8132,0.1341,0.4775,840,128
RSC-2020-01340,v2.1.4,2020-06-15 18:14:22,56,0.0458,0.8093,0.1451,0.4827,1201,79
RSC-2020-01341,v2.2.1,2020-11-12 06:15:02,46,0.0477,0.8192,0.1533,0.5192,1065,28
RSC-2020-01342,v2.2.0,2020-02-24 18:54:55,44,0.0443,0.8323,0.1399,0.493,1458,23
RSC-2020-01343,v2.2.1,2020-11-25 09:26:27,47,0.0172,0.7901,0.1437,0.4941,1174,51
RSC-2020-01344,v2.3.0,2020-10-16 03:29:49,43,0.0384,0.7944,0.1399,0.5291,1590,28
RSC-2020-01345,v2.1.3,2020-01-09 17:09:51,43,0.0295,0.8247,0.1587,0.4883,1329,97
RSC-2020-01346,v2.2.0,2020-11-18 13:45:55,35,0.0395,0.8288,0.1437,0.5216,1385,109
RSC-2020-01347,v2.1.4,2020-07-23 13:06:53,55,0.0991,0.7933,0.1433,0.5036,1531,115
RSC-2020-01348,v2.1.4,2020-10-25 10:10:37,54,0.0537,0.8205,0.1386,0.508,1296,42
RSC-2020-01349,v2.1.4,2020-08-11 06:09:27,51,0.033,0.8072,0.1456,0.5206,1132,81
RSC-2020-01350,v2.1.4,2020-06-03 03:07:37,43,0.0777,0.8273,0.144,0.5243,828,59
RSC-2020-01351,v2.2.0,2020-08-26 02:54:00,44,0.0129,0.7798,0.1337,0.5226,1416,47
RSC-2020-01352,v2.1.4,2020-06-14 05:59:39,53,0.0554,0.7985,0.141,0.5478,873,132
RSC-2020-01353,v2.1.3,2020-02-26 13:41:25,39,0.0661,0.7949,0.1527,0.5063,1259,34
RSC-2020-01354,v2.2.0,2020-06-05 19:57:25,36,0.0141,0.818,0.1612,0.545,1257,38
RSC-2020-01355,v2.2.1,2020-09-05 02:17:55,52,0.0463,0.8273,0.1231,0.5277,1103,74
RSC-2020-01356,v2.1.4,2020-07-09 14:58:36,35,0.0365,0.7827,0.1379,0.5025,1092,27
RSC-2020-01357,v2.2.1,2020-11-05 00:12:11,47,0.0267,0.8096,0.139,0.4468,1553,41
RSC-2020-01358,v2.2.0,2020-02-26 09:58:48,43,0.0835,0.7981,0.1632,0.5723,887,104
RSC-2020-01359,v2.1.4,2020-02-05 08:19:27,45,0.0239,0.8501,0.174,0.5086,1317,68
RSC-2020-01360,v2.1.3,2020-02-01 04:26:44,37,0.0281,0.7989,0.1388,0.5017,1071,84
RSC-2020-01361,v2.1.4,2020-02-19 09:06:42,35,0.0169,0.8022,0.1532,0.55,1495,59
RSC-2020-01362,v2.3.0,2020-08-25 09:45:24,51,0.023,0.8348,0.1359,0.5135,1450,54
RSC-2020-01363,v2.2.0,2020-11-10 21:40:02,36,0.013,0.818,0.1503,0.5212,894,24
RSC-2020-01364,v2.2.1,2020-09-17 08:44:14,42,0.0179,0.8283,0.1446,0.4904,1333,48
RSC-2020-01365,v2.3.0,2020-05-26 06:46:58,38,0.0052,0.8204,0.1159,0.4719,990,75
RSC-2020-01366,v2.2.0,2020-04-12 22:14:28,51,0.035,0.7521,0.1451,0.5258,984,69
RSC-2020-01367,v2.2.0,2020-09-30 09:03:06,53,0.1029,0.8087,0.1462,0.5095,1321,21
RSC-2020-01368,v2.2.1,2020-11-03 17:30:05,35,0.0245,0.8209,0.1683,0.5154,1353,83
RSC-2020-01369,v2.3.0,2020-10-22 05:44:53,51,0.0706,0.7844,0.1471,0.5315,1258,122
RSC-2020-01370,v2.1.3,2020-02-06 15:41:23,39,0.0214,0.813,0.1277,0.5237,1364,27
RSC-2020-01371,v2.2.0,2020-09-28 14:11:48,38,0.069,0.7971,0.1556,0.5361,1036,103
RSC-2020-01372,v2.2.0,2020-07-10 01:35:30,54,0.0173,0.8061,0.1422,0.5347,1172,119
RSC-2020-01373,v2.2.0,2020-04-25 09:53:11,42,0.0038,0.8349,0.1362,0.4837,1457,87
RSC-2020-01374,v2.1.3,2020-02-02 19:11:45,45,0.1184,0.8115,0.1338,0.5162,1205,34
RSC-2020-01375,v2.1.3,2020-08-22 20:39:50,54,0.0325,0.8025,0.1324,0.4881,1354,59
RSC-2020-01376,v2.3.0,2020-06-22 04:21:53,44,0.0286,0.8108,0.145,0.4673,1365,99
RSC-2020-01377,v2.1.4,2020-06-20 23:50:15,47,0.013,0.8042,0.1578,0.5173,1223,54
RSC-2020-01378,v2.1.3,2020-10-29 23:32:33,40,0.0284,0.8426,0.1507,0.5068,1137,64
RSC-2020-01379,v2.1.4,2020-10-22 21:32:33,36,0.0943,0.8134,0.1589,0.5081,1330,35
RSC-2020-01380,v2.2.1,2020-05-10 20:37:59,34,0.0856,0.7988,0.146,0.5419,1433,66
RSC-2020-01381,v2.2.0,2020-02-20 03:44:44,42,0.1061,0.8244,0.1494,0.4795,1525,90
RSC-2020-01382,v2.2.0,2020-03-25 02:28:36,38,0.0057,0.7895,0.1438,0.5334,1023,110
RSC-2020-01383,v2.1.3,2020-11-25 08:20:13,45,0.0224,0.8153,0.1668,0.5113,1370,129
RSC-2020-01384,v2.2.0,2020-11-22 02:08:52,52,0.114,0.83,0.1409,0.5167,1510,24
RSC-2020-01385,v2.2.0,2020-09-19 21:30:10,51,0.0558,0.7882,0.1399,0.4845,869,126
RSC-2020-01386,v2.1.4,2020-08-18 03:06:43,42,0.0853,0.8188,0.1651,0.5265,1167,126
RSC-2020-01387,v2.2.1,2020-01-12 00:01:45,56,0.0055,0.8093,0.1602,0.5146,1141,127
RSC-2020-01388,v2.1.3,2020-12-17 06:36:51,40,0.0222,0.8247,0.1304,0.5183,1536,46
RSC-2020-01389,v2.2.1,2020-05-26 21:29:50,53,0.0141,0.7945,0.1508,0.5384,1581,70
RSC-2020-01390,v2.3.0,2020-05-02 17:13:46,42,0.0368,0.8102,0.1638,0.4875,943,20
RSC-2020-01391,v2.2.0,2020-05-27 05:08:24,35,0.018,0.8173,0.1391,0.5261,1065,22
RSC-2020-01392,v2.2.0,2020-09-30 16:27:18,56,0.0114,0.8146,0.1422,0.513,1095,58
RSC-2020-01393,v2.3.0,2020-02-19 10:43:50,41,0.0127,0.8354,0.1536,0.522,1252,22
RSC-2020-01394,v2.2.1,2020-11-28 09:39:05,39,0.0553,0.7902,0.1504,0.5019,1324,126
RSC-2020-01395,v2.2.1,2020-03-07 08:46:57,56,0.0429,0.8073,0.1524,0.5156,924,78
RSC-2020-01396,v2.1.4,2020-09-01 23:10:49,35,0.0044,0.8123,0.1274,0.5363,1550,33
RSC-2020-01397,v2.1.4,2020-03-24 21:37:04,40,0.0287,0.838,0.162,0.51,1248,20
RSC-2020-01398,v2.1.4,2020-06-03 10:51:06,55,0.0129,0.8206,0.1604,0.5069,1502,104
RSC-2020-01399,v2.3.0,2020-04-03 08:17:48,49,0.005,0.8233,0.165,0.4923,857,63
RSC-2020-01400,v2.3.0,2020-04-22 03:08:42,41,0.031,0.7964,0.1171,0.532,1371,84
RSC-2020-01401,v2.1.4,2020-01-13 11:47:29,54,0.0311,0.7983,0.1368,0.5297,1011,46
RSC-2020-01402,v2.1.3,2020-12-30 17:39:08,49,0.0384,0.8144,0.1415,0.5186,1171,53
RSC-2020-01403,v2.1.3,2020-05-10 16:03:09,45,0.0859,0.8037,0.1389,0.5104,983,125
RSC-2020-01404,v2.2.0,2020-12-14 13:38:35,44,0.074,0.8253,0.1411,0.5307,1291,116
RSC-2020-01405,v2.1.3,2020-09-22 07:36:50,41,0.0692,0.7994,0.1651,0.5226,857,76
RSC-2020-01406,v2.2.1,2020-06-26 10:43:40,34,0.0226,0.8024,0.1276,0.5155,1593,91
RSC-2020-01407,v2.1.4,2020-06-29 21:00:37,37,0.026,0.8295,0.1261,0.5078,1595,28
RSC-2020-01408,v2.1.4,2020-08-13 05:32:11,47,0.0883,0.8135,0.1547,0.5085,1446,94
RSC-2020-01409,v2.3.0,2020-07-30 03:50:26,44,0.0284,0.8163,0.1527,0.5077,996,106
RSC-2020-01410,v2.1.3,2020-07-24 06:26:33,54,0.0426,0.8008,0.1343,0.517,910,68
RSC-2020-01411,v2.3.0,2020-01-29 03:16:33,44,0.0242,0.7819,0.1565,0.5213,1376,40
RSC-2020-01412,v2.3.0,2020-05-11 16:22:38,49,0.0133,0.8088,0.1512,0.5107,1091,55
RSC-2020-01413,v2.2.1,2020-09-11 12:07:40,34,0.0584,0.8358,0.1303,0.5089,831,29
RSC-2020-01414,v2.2.1,2020-09-17 21:45:55,51,0.0556,0.8147,0.1364,0.5442,1044,132
RSC-2020-01415,v2.2.1,2020-12-30 20:03:26,50,0.0394,0.8169,0.1212,0.5323,1097,137
RSC-2020-01416,v2.3.0,2020-10-22 09:17:06,44,0.0124,0.8203,0.1493,0.5117,1306,45
RSC-2020-01417,v2.1.3,2020-01-20 16:37:37,49,0.0399,0.8112,0.1376,0.5131,1495,72
RSC-2020-01418,v2.2.1,2020-03-02 15:42:37,44,0.0021,0.827,0.1471,0.517,1331,101
RSC-2020-01419,v2.2.0,2020-08-19 18:05:09,36,0.0297,0.8295,0.1177,0.4834,1124,43
RSC-2020-01420,v2.3.0,2020-07-10 21:10:22,42,0.0566,0.8227,0.1514,0.4992,921,36
RSC-2020-01421,v2.2.1,2020-04-12 02:20:44,35,0.0299,0.7911,0.1245,0.4795,1597,110
RSC-2020-01422,v2.3.0,2020-10-05 00:01:38,52,0.0482,0.801,0.1337,0.5128,1459,75
RSC-2020-01423,v2.3.0,2020-05-20 21:41:38,53,0.0212,0.8016,0.152,0.5251,952,26
RSC-2020-01424,v2.3.0,2020-06-02 12:35:40,42,0.0506,0.8005,0.1452,0.5232,967,50
RSC-2020-01425,v2.2.0,2020-06-02 00:20:48,35,0.023,0.7977,0.1396,0.4905,1363,99
RSC-2020-01426,v2.2.0,2020-02-28 19:54:02,43,0.0608,0.8168,0.144,0.4638,1340,63
RSC-2020-01427,v2.1.4,2020-11-24 14:48:26,51,0.0164,0.8122,0.1283,0.5209,1038,138
RSC-2020-01428,v2.1.3,2020-07-21 17:58:31,43,0.0416,0.7992,0.1577,0.5322,1073,22
RSC-2020-01429,v2.3.0,2020-06-02 23:44:18,41,0.0261,0.7761,0.1237,0.5118,1343,97
RSC-2020-01430,v2.3.0,2020-08-17 03:56:29,36,0.0264,0.8361,0.1417,0.5048,1192,136
RSC-2020-01431,v2.3.0,2020-04-28 05:12:06,47,0.0687,0.8146,0.1529,0.4918,1510,121
RSC-2020-01432,v2.2.0,2020-12-30 13:53:47,43,0.0078,0.7973,0.1628,0.543,1429,129
RSC-2020-01433,v2.2.1,2020-04-30 04:00:59,40,0.0424,0.8116,0.1503,0.4991,1177,91
RSC-2020-01434,v2.1.4,2020-04-01 11:46:34,40,0.0452,0.8181,0.1562,0.5386,1174,115
RSC-2020-01435,v2.2.0,2020-12-15 07:58:02,41,0.0283,0.8302,0.1262,0.4899,1555,66
RSC-2020-01436,v2.2.0,2020-01-02 00:41:56,38,0.0526,0.7973,0.1162,0.4959,1444,122
RSC-2020-01437,v2.2.1,2020-05-29 02:23:30,51,0.0391,0.7907,0.1284,0.5268,1403,46
RSC-2020-01438,v2.1.3,2020-12-01 23:43:34,42,0.0255,0.8126,0.1284,0.5015,913,59
RSC-2020-01439,v2.3.0,2020-06-25 17:26:30,41,0.0148,0.8012,0.1474,0.4944,1266,113
RSC-2020-01440,v2.3.0,2020-11-22 20:02:48,39,0.0351,0.839,0.141,0.512,828,85
RSC-2020-01441,v2.2.1,2020-02-29 12:44:25,42,0.0564,0.8178,0.1404,0.5449,1518,49
RSC-2020-01442,v2.3.0,2020-10-28 10:28:12,35,0.0581,0.8123,0.1405,0.523,1523,135
RSC-2020-01443,v2.2.0,2020-08-25 10:31:28,49,0.0036,0.827,0.1251,0.5071,1004,98
RSC-2020-01444,v2.3.0,2020-01-28 03:39:25,48,0.0588,0.8146,0.1226,0.4954,1425,125
RSC-2020-01445,v2.1.4,2020-07-16 23:04:56,41,0.0435,0.8196,0.1627,0.5032,1403,126
RSC-2020-01446,v2.3.0,2020-06-01 12:42:29,55,0.0219,0.819,0.1083,0.5295,1110,87
RSC-2020-01447,v2.1.3,2020-07-07 02:02:48,43,0.0168,0.8263,0.1547,0.4975,884,72
RSC-2020-01448,v2.1.3,2020-09-02 12:17:16,46,0.0278,0.8382,0.1528,0.5283,978,42
RSC-2020-01449,v2.2.1,2020-04-30 20:02:05,51,0.0908,0.8198,0.1556,0.4837,877,115
RSC-2020-01450,v2.2.1,2020-05-08 13:22:20,49,0.0391,0.84,0.1469,0.4972,1267,72
RSC-2020-01451,v2.1.4,2020-04-30 08:07:59,55,0.0066,0.8045,0.1419,0.5064,909,94
RSC-2020-01452,v2.1.3,2020-06-13 08:53:57,39,0.0694,0.8321,0.1341,0.5432,1011,25
RSC-2020-01453,v2.2.0,2020-08-21 07:19:13,41,0.0159,0.8388,0.1486,0.5502,1588,22
RSC-2020-01454,v2.3.0,2020-11-22 03:24:35,38,0.0792,0.8235,0.1306,0.464,1172,66
RSC-2020-01455,v2.2.1,2020-10-20 20:53:15,34,0.0383,0.8208,0.1381,0.5079,954,121
RSC-2020-01456,v2.1.4,2020-10-28 08:36:10,50,0.0343,0.7976,0.1569,0.5249,1573,92
RSC-2020-01457,v2.1.3,2020-01-28 05:26:26,34,0.0135,0.8168,0.1459,0.5223,1343,83
RSC-2020-01458,v2.1.3,2020-07-10 19:05:42,46,0.019,0.8052,0.1329,0.5115,1547,94
RSC-2020-01459,v2.1.4,2020-08-26 18:29:54,56,0.0831,0.8153,0.1148,0.5342,1401,131
RSC-2020-01460,v2.1.4,2020-08-03 01:26:51,52,0.0765,0.8048,0.1244,0.5327,910,106
RSC-2020-01461,v2.3.0,2020-11-03 03:16:17,51,0.0302,0.8123,0.1555,0.516,1339,136
RSC-2020-01462,v2.3.0,2020-08-01 13:59:18,55,0.0615,0.8083,0.1488,0.4969,868,28
RSC-2020-01463,v2.3.0,2020-01-29 21:11:56,35,0.0738,0.7985,0.1385,0.5144,1378,105
RSC-2020-01464,v2.1.3,2020-02-13 17:52:42,39,0.0422,0.8244,0.152,0.5211,1531,93
RSC-2020-01465,v2.3.0,2020-06-13 12:48:19,34,0.0269,0.833,0.1379,0.5044,1561,57
RSC-2020-01466,v2.2.0,2020-07-22 18:35:09,38,0.0228,0.823,0.1389,0.5096,967,116
RSC-2020-01467,v2.1.3,2020-11-01 02:46:19,42,0.099,0.7897,0.1264,0.5138,1296,22
RSC-2020-01468,v2.2.1,2020-01-20 14:37:47,38,0.078,0.8092,0.1586,0.5085,1309,107
RSC-2020-01469,v2.1.4,2020-05-12 23:26:26,39,0.0687,0.8311,0.1604,0.5072,1063,65
RSC-2020-01470,v2.1.3,2020-08-07 12:58:13,44,0.0337,0.8105,0.1428,0.5025,930,43
RSC-2020-01471,v2.2.1,2020-12-30 11:53:19,55,0.0333,0.8219,0.1515,0.4962,1352,114
RSC-2020-01472,v2.2.0,2020-03-27 16:12:23,37,0.043,0.79,0.1433,0.5142,1414,56
RSC-2020-01473,v2.1.4,2020-09-14 02:12:42,49,0.0293,0.8365,0.1322,0.4953,1029,115
RSC-2020-01474,v2.2.0,2020-02-12 23:33:04,51,0.1136,0.8228,0.156,0.5051,1287,42
RSC-2020-01475,v2.2.1,2020-06-21 22:08:11,39,0.0945,0.8051,0.1354,0.4695,1378,40
RSC-2020-01476,v2.1.3,2020-02-25 09:57:07,42,0.0562,0.806,0.13,0.5192,1447,138
RSC-2020-01477,v2.3.0,2020-07-12 08:01:04,53,0.0379,0.7997,0.1361,0.4909,1002,118
RSC-2020-01478,v2.2.0,2020-12-08 15:09:12,52,0.0363,0.8222,0.1667,0.5253,847,78
RSC-2020-01479,v2.1.3,2020-10-18 12:18:10,43,0.0094,0.8276,0.1605,0.5017,1254,43
RSC-2020-01480,v2.2.1,2020-05-06 13:11:17,41,0.0396,0.8075,0.142,0.5072,1156,120
RSC-2020-01481,v2.2.1,2020-01-20 20:16:39,44,0.013,0.7919,0.1451,0.5052,1578,35
RSC-2020-01482,v2.2.0,2020-06-20 07:02:59,57,0.0227,0.8123,0.1576,0.5254,1509,59
RSC-2020-01483,v2.2.1,2020-08-14 15:17:55,50,0.0592,0.823,0.1244,0.5449,1223,75
RSC-2020-01484,v2.1.3,2020-09-23 15:23:52,42,0.0209,0.807,0.1299,0.5404,1370,55
RSC-2020-01485,v2.2.0,2020-03-06 23:45:36,42,0.05,0.8134,0.1544,0.5204,907,133
RSC-2020-01486,v2.3.0,2020-03-16 02:02:58,45,0.0172,0.8149,0.1519,0.5235,1029,116
RSC-2020-01487,v2.1.3,2020-03-26 01:11:24,54,0.0268,0.8466,0.136,0.5317,1009,88
RSC-2020-01488,v2.2.0,2020-06-12 22:38:56,53,0.0198,0.8144,0.1485,0.5479,930,36
RSC-2020-01489,v2.1.4,2020-01-18 12:37:43,50,0.0351,0.8239,0.1378,0.5464,1544,49
RSC-2020-01490,v2.1.3,2020-04-17 15:42:09,40,0.0292,0.819,0.1681,0.4995,1330,116
RSC-2020-01491,v2.2.0,2020-07-13 21:01:13,43,0.0588,0.8356,0.1504,0.5431,1304,56
RSC-2020-01492,v2.1.4,2020-12-19 05:06:11,44,0.0166,0.7904,0.1527,0.5365,1492,107
RSC-2020-01493,v2.1.3,2020-11-18 00:59:24,48,0.0155,0.7958,0.1449,0.4936,1146,126
RSC-2020-01494,v2.2.1,2020-07-24 05:27:11,52,0.0563,0.8039,0.1388,0.5416,1277,71
RSC-2020-01495,v2.2.0,2020-09-03 01:13:18,38,0.0332,0.8139,0.1526,0.5001,1370,40
RSC-2020-01496,v2.1.3,2020-09-08 23:42:51,43,0.0024,0.8008,0.1495,0.508,1307,44
RSC-2020-01497,v2.1.4,2020-05-21 18:11:06,41,0.0573,0.8195,0.1543,0.5159,914,127
RSC-2020-01498,v2.1.4,2020-11-28 05:41:40,52,0.0355,0.8412,0.1214,0.514,1109,131
RSC-2020-01499,v2.2.1,2020-05-04 19:55:19,45,0.0425,0.8293,0.1362,0.5109,1199,61
RSC-2020-01500,v2.1.3,2020-02-25 09:23:15,56,0.0254,0.7968,0.1247,0.5243,917,30
RSC-2020-01501,v2.1.3,2020-06-05 21:06:18,47,0.04,0.7939,0.1374,0.5053,811,87
RSC-2020-01502,v2.3.0,2020-01-20 18:11:56,45,0.009,0.8108,0.1439,0.4987,1493,136
RSC-2020-01503,v2.2.1,2020-11-27 20:16:42,46,0.0299,0.8296,0.1767,0.5284,984,30
RSC-2020-01504,v2.2.0,2020-02-06 16:41:22,39,0.0518,0.794,0.1418,0.5255,1533,24
RSC-2020-01505,v2.2.1,2020-07-07 05:15:09,54,0.0262,0.7801,0.163,0.5329,1264,63
RSC-2020-01506,v2.3.0,2020-11-05 16:31:46,36,0.0266,0.814,0.1394,0.4992,1538,50
RSC-2020-01507,v2.1.3,2020-11-11 09:10:58,53,0.0607,0.8048,0.1374,0.5152,1471,119
RSC-2020-01508,v2.1.3,2020-03-03 01:05:04,36,0.0508,0.8335,0.1373,0.472,1448,132
RSC-2020-01509,v2.3.0,2020-03-25 23:25:15,56,0.059,0.8338,0.1259,0.5131,961,91
RSC-2020-01510,v2.3.0,2020-09-11 00:38:22,49,0.0351,0.8037,0.1487,0.5304,1095,64
RSC-2020-01511,v2.1.3,2020-12-14 21:10:29,50,0.0285,0.8255,0.1642,0.5128,1411,120
RSC-2020-01512,v2.3.0,2020-01-28 12:56:53,36,0.0541,0.7822,0.1351,0.5394,1092,44
RSC-2020-01513,v2.1.4,2020-12-27 22:36:45,56,0.0365,0.811,0.1523,0.5334,989,43
RSC-2020-01514,v2.1.3,2020-12-29 19:51:59,39,0.1129,0.8207,0.1263,0.5106,1345,38
RSC-2020-01515,v2.1.3,2020-10-06 17:45:51,48,0.007,0.7795,0.1291,0.5071,985,77
RSC-2020-01516,v2.2.0,2020-10-22 18:40:50,38,0.015,0.8282,0.1385,0.5036,940,57
RSC-2020-01517,v2.2.0,2020-02-18 02:10:42,50,0.0615,0.8426,0.1382,0.5027,976,117
RSC-2020-01518,v2.3.0,2020-07-31 03:40:37,50,0.038,0.8118,0.159,0.4981,1021,66
RSC-2020-01519,v2.2.0,2020-02-22 12:55:51,54,0.0208,0.8183,0.1374,0.5358,876,104
RSC-2020-01520,v2.3.0,2020-08-18 04:36:29,48,0.0217,0.7917,0.144,0.4775,825,124
RSC-2020-01521,v2.1.3,2020-01-29 16:00:16,48,0.0387,0.8227,0.1378,0.4748,1179,77
RSC-2020-01522,v2.2.0,2020-12-22 16:27:48,41,0.0409,0.8172,0.1447,0.5045,1184,117
RSC-2020-01523,v2.2.0,2020-11-30 10:22:33,37,0.0364,0.7965,0.1346,0.5226,1152,47
RSC-2020-01524,v2.2.1,2020-10-03 12:49:28,54,0.1053,0.7894,0.1317,0.5038,1102,137
RSC-2020-01525,v2.3.0,2020-12-07 04:09:19,47,0.0463,0.8252,0.1354,0.5263,1149,60
RSC-2020-01526,v2.3.0,2020-05-27 05:58:58,49,0.0697,0.8226,0.1498,0.5104,967,129
RSC-2020-01527,v2.2.1,2020-12-05 07:48:19,48,0.0331,0.8058,0.1521,0.5087,1449,38
RSC-2020-01528,v2.1.3,2020-07-02 18:15:47,56,0.0604,0.8119,0.1648,0.5288,1240,119
RSC-2020-01529,v2.3.0,2020-12-15 05:12:05,36,0.074,0.8124,0.129,0.5343,1166,71
RSC-2020-01530,v2.2.0,2020-12-13 06:44:27,44,0.0767,0.7929,0.1501,0.5141,1391,30
RSC-2020-01531,v2.1.3,2020-09-06 14:50:35,50,0.0764,0.8053,0.158,0.5079,1378,135
RSC-2020-01532,v2.2.0,2020-11-30 02:57:24,36,0.0821,0.8307,0.1269,0.4786,1206,103
RSC-2020-01533,v2.1.3,2020-06-09 11:32:28,56,0.0298,0.8023,0.1536,0.5097,1232,78
RSC-2020-01534,v2.1.3,2020-09-05 23:29:47,51,0.046,0.827,0.1281,0.5098,1498,40
RSC-2020-01535,v2.1.4,2020-04-11 17:35:05,45,0.0184,0.8127,0.1508,0.5094,824,73
RSC-2020-01536,v2.2.1,2020-04-11 09:06:38,43,0.1172,0.8228,0.1339,0.4865,1160,128
RSC-2020-01537,v2.1.3,2020-09-13 09:11:52,57,0.072,0.767,0.1453,0.5153,1015,68
RSC-2020-01538,v2.2.1,2020-03-27 23:00:12,43,0.0157,0.7938,0.1385,0.509,1152,105
RSC-2020-01539,v2.3.0,2020-01-14 07:04:48,36,0.0311,0.8183,0.125,0.4748,1376,73
RSC-2020-01540,v2.2.1,2020-06-06 11:04:55,36,0.0286,0.8171,0.1365,0.4796,1006,83
RSC-2020-01541,v2.1.4,2020-06-21 15:54:11,48,0.0146,0.8214,0.1511,0.5046,1376,100
RSC-2020-01542,v2.1.3,2020-12-11 16:54:48,53,0.0067,0.8178,0.1506,0.5367,823,138
RSC-2020-01543,v2.3.0,2020-05-27 23:02:47,56,0.0127,0.8288,0.1316,0.502,1503,98
RSC-2020-01544,v2.1.4,2020-03-18 07:09:03,34,0.0335,0.7881,0.1308,0.5144,990,138
RSC-2020-01545,v2.3.0,2020-11-09 15:08:20,53,0.0268,0.8081,0.1348,0.5273,1224,115
RSC-2020-01546,v2.3.0,2020-12-27 01:03:52,49,0.0186,0.8159,0.1488,0.5113,820,53
RSC-2020-01547,v2.2.0,2020-03-16 09:01:58,54,0.0193,0.812,0.1425,0.5042,1515,26
RSC-2020-01548,v2.2.1,2020-02-03 18:48:15,45,0.0191,0.8055,0.1584,0.5064,1144,115
RSC-2020-01549,v2.2.1,2020-12-01 11:12:50,44,0.013,0.8189,0.1465,0.5196,1546,120
RSC-2020-01550,v2.1.3,2020-01-12 00:20:19,34,0.0343,0.8469,0.1337,0.5213,1206,132
RSC-2020-01551,v2.3.0,2020-03-14 14:12:30,50,0.1346,0.8132,0.1051,0.5209,1064,61
RSC-2020-01552,v2.1.4,2020-05-17 23:56:09,48,0.0278,0.8139,0.1609,0.5193,1035,33
RSC-2020-01553,v2.1.4,2020-11-09 13:00:24,51,0.0078,0.8242,0.1621,0.5552,1111,79
RSC-2020-01554,v2.1.4,2020-12-27 19:46:33,57,0.022,0.7942,0.1352,0.5361,1316,138
RSC-2020-01555,v2.2.1,2020-01-15 18:05:03,38,0.0352,0.8146,0.1355,0.5003,1341,138
RSC-2020-01556,v2.2.1,2020-05-09 07:20:44,54,0.0389,0.8065,0.1137,0.5184,953,47
RSC-2020-01557,v2.1.3,2020-05-23 10:05:05,50,0.0182,0.8102,0.1537,0.5168,1126,41
RSC-2020-01558,v2.2.0,2020-10-01 21:28:32,37,0.0167,0.8008,0.1447,0.5074,1147,86
RSC-2020-01559,v2.1.3,2020-10-20 04:42:10,35,0.0402,0.7999,0.1404,0.5343,929,124
RSC-2020-01560,v2.3.0,2020-08-02 22:23:08,54,0.0291,0.8098,0.1317,0.5188,1598,137
RSC-2020-01561,v2.1.3,2020-05-31 12:30:44,40,0.0143,0.8025,0.125,0.5353,999,70
RSC-2020-01562,v2.2.1,2020-04-19 00:13:02,54,0.061,0.7794,0.1476,0.4996,1145,130
RSC-2020-01563,v2.1.3,2020-08-26 21:17:57,49,0.0102,0.8207,0.1321,0.5114,1251,130
RSC-2020-01564,v2.3.0,2020-09-25 04:17:45,56,0.0221,0.8032,0.1454,0.5272,1474,98
RSC-2020-01565,v2.2.1,2020-02-03 04:28:16,41,0.0467,0.7988,0.1578,0.5362,1290,23
RSC-2020-01566,v2.2.1,2020-08-04 13:31:57,52,0.0516,0.799,0.1431,0.5397,1190,118
RSC-2020-01567,v2.3.0,2020-08-31 23:57:37,57,0.0289,0.812,0.1378,0.5283,998,118
RSC-2020-01568,v2.2.0,2020-01-16 19:58:06,38,0.0133,0.7946,0.1518,0.4587,1090,94
RSC-2020-01569,v2.1.3,2020-06-04 04:09:29,42,0.0157,0.8138,0.1365,0.5096,1535,53
RSC-2020-01570,v2.2.1,2020-09-27 11:09:26,50,0.0411,0.8278,0.14,0.5015,1459,109
RSC-2020-01571,v2.3.0,2020-04-18 08:35:39,55,0.0044,0.8062,0.1335,0.4964,1462,77
RSC-2020-01572,v2.2.1,2020-01-06 17:15:10,57,0.0307,0.8057,0.1361,0.4958,975,90
RSC-2020-01573,v2.1.3,2020-08-04 17:55:44,49,0.0705,0.8315,0.1371,0.5027,1259,93
RSC-2020-01574,v2.2.1,2020-07-23 15:18:14,55,0.0379,0.8705,0.1399,0.5143,1068,106
RSC-2020-01575,v2.3.0,2020-05-07 12:19:07,37,0.0544,0.8008,0.1552,0.4833,1105,134
RSC-2020-01576,v2.1.3,2020-02-03 01:51:11,54,0.022,0.8072,0.1393,0.5185,871,100
RSC-2020-01577,v2.1.3,2020-09-11 08:12:04,53,0.0875,0.8357,0.1268,0.5084,1440,134
RSC-2020-01578,v2.3.0,2020-03-10 13:47:01,54,0.0566,0.825,0.123,0.5245,1062,117
RSC-2020-01579,v2.1.3,2020-06-04 09:47:10,53,0.0224,0.8276,0.1286,0.5269,1365,103
RSC-2020-01580,v2.1.3,2020-07-01 00:46:33,57,0.0344,0.7962,0.1557,0.5273,1482,98
RSC-2020-01581,v2.3.0,2020-05-05 21:46:47,42,0.0608,0.806,0.135,0.5145,1202,26
RSC-2020-01582,v2.3.0,2020-01-27 14:53:01,35,0.0479,0.8094,0.1615,0.4949,1122,135
RSC-2020-01583,v2.2.0,2020-04-11 18:43:28,34,0.0656,0.8085,0.1499,0.5479,1337,28
RSC-2020-01584,v2.2.0,2020-03-27 07:12:05,39,0.0277,0.813,0.148,0.4979,1471,51
RSC-2020-01585,v2.2.0,2020-05-22 11:03:42,51,0.0071,0.8184,0.1461,0.5144,1370,82
RSC-2020-01586,v2.2.0,2020-04-22 11:07:14,40,0.024,0.7925,0.1268,0.4754,1071,52
RSC-2020-01587,v2.3.0,2020-10-27 02:18:47,48,0.0999,0.7786,0.1285,0.5093,975,123
RSC-2020-01588,v2.2.1,2020-03-22 01:39:24,37,0.0412,0.8321,0.1402,0.529,995,71
RSC-2020-01589,v2.1.4,2020-07-08 05:27:29,41,0.0268,0.8176,0.1555,0.5208,1498,126
RSC-2020-01590,v2.3.0,2020-08-07 18:01:45,56,0.0221,0.8467,0.1453,0.5208,1440,24
RSC-2020-01591,v2.3.0,2020-01-11 12:46:14,38,0.027,0.7835,0.1674,0.5167,1059,52
RSC-2020-01592,v2.1.3,2020-06-14 06:54:36,56,0.0362,0.8045,0.1423,0.522,825,86
RSC-2020-01593,v2.3.0,2020-10-26 17:22:27,48,0.0502,0.8007,0.1448,0.4944,1104,117
RSC-2020-01594,v2.2.1,2020-10-23 15:37:58,46,0.0856,0.8328,0.1418,0.5213,1134,40
RSC-2020-01595,v2.2.1,2020-06-02 23:31:48,51,0.0641,0.8099,0.1221,0.521,1370,28
RSC-2020-01596,v2.2.1,2020-07-08 05:56:23,57,0.0708,0.7946,0.1561,0.5191,1557,98
RSC-2020-01597,v2.2.0,2020-01-03 11:57:47,44,0.0137,0.838,0.1428,0.4933,1165,116
RSC-2020-01598,v2.1.4,2020-08-16 00:08:52,35,0.0272,0.8243,0.1404,0.5186,1588,128
RSC-2020-01599,v2.2.1,2020-04-02 17:13:37,50,0.1046,0.8203,0.1266,0.5123,1201,30
RSC-2020-01600,v2.2.1,2020-01-21 11:31:32,43,0.0048,0.7875,0.1505,0.5232,1515,71
RSC-2020-01601,v2.2.0,2020-06-11 01:48:39,46,0.0195,0.7841,0.1468,0.5113,1047,45
RSC-2020-01602,v2.2.1,2020-01-26 05:59:10,34,0.0095,0.798,0.1565,0.5326,1006,22
RSC-2020-01603,v2.1.4,2020-04-13 12:11:14,55,0.0494,0.8228,0.1429,0.487,1385,41
RSC-2020-01604,v2.3.0,2020-03-21 17:34:08,51,0.0453,0.7923,0.155,0.5476,1437,89
RSC-2020-01605,v2.2.0,2020-02-07 07:11:07,44,0.063,0.8011,0.1506,0.4982,977,116
RSC-2020-01606,v2.3.0,2020-01-22 09:54:45,38,0.0424,0.8274,0.137,0.5324,1554,123
RSC-2020-01607,v2.2.1,2020-04-08 04:10:42,46,0.065,0.7998,0.1403,0.536,1177,31
RSC-2020-01608,v2.2.0,2020-09-06 18:45:32,40,0.0268,0.7838,0.1265,0.4605,875,137
RSC-2020-01609,v2.2.1,2020-06-19 23:38:03,53,0.0082,0.8084,0.1364,0.4977,1457,83
RSC-2020-01610,v2.3.0,2020-01-02 15:08:49,50,0.0195,0.8022,0.161,0.5129,1553,68
RSC-2020-01611,v2.1.4,2020-02-20 07:51:56,53,0.0237,0.8154,0.1396,0.5171,1075,97
RSC-2020-01612,v2.1.4,2020-09-02 16:00:44,42,0.0488,0.8095,0.1391,0.5057,1547,124
RSC-2020-01613,v2.1.3,2020-02-11 18:52:01,45,0.0096,0.8358,0.1615,0.4836,1222,50
RSC-2020-01614,v2.2.0,2020-03-29 18:43:12,43,0.0093,0.8244,0.1462,0.5305,1349,35
RSC-2020-01615,v2.1.3,2020-03-17 19:08:22,38,0.0349,0.812,0.1445,0.5216,1162,106
RSC-2020-01616,v2.2.0,2020-08-27 16:51:06,55,0.0507,0.8231,0.1448,0.5165,1070,54
RSC-2020-01617,v2.1.4,2020-03-28 03:01:17,42,0.0157,0.8029,0.1447,0.502,1188,111
RSC-2020-01618,v2.2.1,2020-10-21 06:55:12,50,0.0615,0.8231,0.1514,0.5701,954,71
RSC-2020-01619,v2.3.0,2020-01-10 01:03:28,36,0.0075,0.7804,0.122,0.5115,805,50
RSC-2020-01620,v2.2.1,2020-03-16 22:15:03,40,0.0456,0.8083,0.1317,0.5184,1401,68
RSC-2020-01621,v2.2.0,2020-09-14 23:08:14,39,0.0215,0.83,0.1387,0.5123,1564,121
RSC-2020-01622,v2.3.0,2020-12-17 15:42:06,41,0.0255,0.8035,0.1355,0.5336,892,97
RSC-2020-01623,v2.1.3,2020-03-19 15:27:55,57,0.0339,0.8187,0.1241,0.514,1352,107
RSC-2020-01624,v2.2.1,2020-02-08 05:00:31,57,0.0209,0.8107,0.135,0.5387,1286,28
RSC-2020-01625,v2.1.4,2020-04-01 05:48:18,42,0.0094,0.817,0.1367,0.4919,829,31
RSC-2020-01626,v2.2.0,2020-09-23 23:11:09,56,0.0311,0.8053,0.1297,0.5485,819,81
RSC-2020-01627,v2.3.0,2020-12-30 12:48:22,57,0.0175,0.8295,0.1377,0.5402,863,27
RSC-2020-01628,v2.2.0,2020-01-02 18:42:06,55,0.1339,0.8398,0.1558,0.5367,895,112
RSC-2020-01629,v2.3.0,2020-12-08 21:35:46,47,0.0483,0.8042,0.1579,0.4953,861,121
RSC-2020-01630,v2.3.0,2020-03-13 22:27:58,43,0.0257,0.7634,0.1358,0.5301,945,31
RSC-2020-01631,v2.2.0,2020-06-06 22:42:47,38,0.0504,0.8004,0.1412,0.5082,1534,84
RSC-2020-01632,v2.1.4,2020-12-17 20:11:12,51,0.0225,0.7761,0.1462,0.5504,837,86
RSC-2020-01633,v2.3.0,2020-04-19 15:50:41,47,0.0231,0.7976,0.1371,0.4741,1307,100
RSC-2020-01634,v2.1.4,2020-03-27 23:33:05,47,0.0249,0.8317,0.1557,0.5234,1436,100
RSC-2020-01635,v2.1.4,2020-12-03 21:49:01,57,0.0205,0.8213,0.1374,0.5162,861,23
RSC-2020-01636,v2.2.0,2020-08-19 06:35:22,40,0.0151,0.8117,0.1359,0.5423,1588,51
RSC-2020-01637,v2.3.0,2020-05-24 21:32:00,54,0.0387,0.804,0.1373,0.5247,904,33
RSC-2020-01638,v2.1.4,2020-06-29 09:51:06,55,0.0577,0.8172,0.144,0.488,1154,98
RSC-2020-01639,v2.3.0,2020-08-17 23:16:40,39,0.0542,0.7899,0.1382,0.5088,1197,117
RSC-2020-01640,v2.1.4,2020-08-20 20:50:26,52,0.0477,0.8164,0.1476,0.5152,1367,94
RSC-2020-01641,v2.2.1,2020-07-27 16:03:02,56,0.1273,0.838,0.1494,0.502,1352,117
RSC-2020-01642,v2.1.3,2020-11-02 22:08:57,48,0.046,0.7669,0.1207,0.5205,815,20
RSC-2020-01643,v2.2.0,2020-02-24 00:18:35,34,0.008,0.8093,0.1659,0.5205,1272,85
RSC-2020-01644,v2.3.0,2020-08-28 03:40:10,50,0.059,0.7991,0.1551,0.5503,1286,30
RSC-2020-01645,v2.3.0,2020-03-02 21:40:35,46,0.0415,0.8361,0.1446,0.4648,849,115
RSC-2020-01646,v2.2.1,2020-04-23 10:38:41,49,0.0247,0.8087,0.1464,0.4996,1353,44
RSC-2020-01647,v2.3.0,2020-06-17 07:06:29,46,0.0557,0.7973,0.1423,0.5227,1012,100
RSC-2020-01648,v2.1.3,2020-03-03 20:23:24,39,0.0047,0.7992,0.1344,0.505,1129,121
RSC-2020-01649,v2.2.1,2020-04-03 13:56:58,34,0.1014,0.8183,0.1435,0.5489,1080,63
RSC-2020-01650,v2.1.3,2020-10-01 15:53:12,52,0.0497,0.8111,0.1543,0.5002,1454,70
RSC-2020-01651,v2.1.3,2020-06-26 13:06:08,47,0.0311,0.8263,0.1435,0.5049,1463,52
RSC-2020-01652,v2.3.0,2020-12-28 09:28:31,48,0.0447,0.8383,0.1494,0.4855,1495,122
RSC-2020-01653,v2.1.4,2020-08-23 11:30:56,53,0.0462,0.8067,0.1578,0.511,1158,58
RSC-2020-01654,v2.2.0,2020-03-07 08:08:09,51,0.0158,0.8206,0.159,0.5311,1437,21
RSC-2020-01655,v2.3.0,2020-09-02 15:25:39,38,0.0358,0.8223,0.125,0.5368,865,85
RSC-2020-01656,v2.2.1,2020-02-15 22:02:27,45,0.0293,0.7872,0.123,0.5183,1553,27
RSC-2020-01657,v2.1.3,2020-10-31 14:56:56,50,0.0566,0.786,0.1614,0.5099,1092,115
RSC-2020-01658,v2.2.0,2020-12-25 19:07:33,51,0.0168,0.8013,0.1352,0.5211,1195,127
RSC-2020-01659,v2.2.0,2020-11-06 08:35:42,55,0.0296,0.8165,0.1724,0.4897,894,52
RSC-2020-01660,v2.2.1,2020-03-18 02:52:42,49,0.0368,0.7981,0.1267,0.5245,1188,70
RSC-2020-01661,v2.2.0,2020-09-15 22:36:24,48,0.1147,0.8532,0.1388,0.4847,976,89
RSC-2020-01662,v2.2.1,2020-08-16 23:52:55,40,0.034,0.7915,0.1455,0.5021,1511,116
RSC-2020-01663,v2.3.0,2020-07-05 01:16:31,51,0.0418,0.8074,0.14,0.5169,1582,78
RSC-2020-01664,v2.2.0,2020-01-06 12:05:37,55,0.0212,0.8165,0.1214,0.4999,1189,38
RSC-2020-01665,v2.2.1,2020-11-03 06:35:27,45,0.0629,0.8269,0.1386,0.5216,1528,118
RSC-2020-01666,v2.3.0,2020-05-03 00:40:11,38,0.0136,0.8111,0.1414,0.5145,918,75
RSC-2020-01667,v2.2.1,2020-08-01 12:54:40,54,0.0474,0.8036,0.1564,0.51,1087,86
RSC-2020-01668,v2.1.3,2020-08-10 03:25:39,36,0.0426,0.7975,0.1444,0.5024,1567,51
RSC-2020-01669,v2.2.1,2020-06-02 13:16:29,48,0.0123,0.7985,0.1573,0.4959,1286,38
RSC-2020-01670,v2.1.3,2020-12-30 11:33:44,46,0.0431,0.7703,0.1444,0.4878,1523,85
RSC-2020-01671,v2.2.0,2020-01-31 00:16:56,53,0.0394,0.8307,0.1341,0.5117,1076,71
RSC-2020-01672,v2.2.0,2020-05-19 00:51:56,37,0.0597,0.7942,0.1487,0.5159,1006,44
RSC-2020-01673,v2.2.0,2020-04-20 13:39:04,38,0.1306,0.8268,0.1219,0.5027,1587,29
RSC-2020-01674,v2.2.1,2020-03-01 00:10:45,34,0.0316,0.805,0.1474,0.5327,917,44
RSC-2020-01675,v2.1.3,2020-06-02 05:57:31,57,0.0306,0.8086,0.1412,0.5124,980,72
RSC-2020-01676,v2.3.0,2020-08-09 21:29:12,56,0.0145,0.8129,0.1348,0.5153,1131,131
RSC-2020-01677,v2.2.1,2020-10-23 18:29:56,36,0.0747,0.8295,0.1452,0.5152,1095,103
RSC-2020-01678,v2.2.1,2020-04-16 00:05:30,56,0.0206,0.8209,0.1346,0.5062,844,42
RSC-2020-01679,v2.1.4,2020-06-03 04:26:00,34,0.0353,0.8055,0.1343,0.5039,1525,51
RSC-2020-01680,v2.3.0,2020-10-30 23:24:47,57,0.0143,0.7682,0.149,0.4992,894,24
RSC-2020-01681,v2.1.3,2020-10-28 15:46:36,40,0.0201,0.8043,0.1589,0.5134,1579,62
RSC-2020-01682,v2.2.1,2020-05-10 04:00:04,56,0.1064,0.8117,0.1574,0.5093,1396,88
RSC-2020-01683,v2.2.0,2020-04-04 23:36:46,37,0.0088,0.8084,0.1198,0.504,1192,117
RSC-2020-01684,v2.3.0,2020-01-24 15:09:02,39,0.0287,0.805,0.1475,0.4946,1596,104
RSC-2020-01685,v2.3.0,2020-01-01 21:05:18,42,0.023,0.7952,0.1361,0.4512,1413,96
RSC-2020-01686,v2.3.0,2020-06-25 19:28:03,41,0.0526,0.8097,0.1376,0.5198,828,102
RSC-2020-01687,v2.2.1,2020-04-02 20:28:20,57,0.0137,0.7979,0.1601,0.4807,894,111
RSC-2020-01688,v2.2.0,2020-06-13 08:47:54,47,0.0163,0.8311,0.1409,0.4839,1427,114
RSC-2020-01689,v2.1.4,2020-11-08 23:47:03,51,0.0236,0.8216,0.1531,0.5366,1301,80
RSC-2020-01690,v2.2.1,2020-04-29 00:44:06,51,0.0209,0.7899,0.1306,0.4911,1115,75
RSC-2020-01691,v2.1.3,2020-11-18 15:21:12,35,0.039,0.8078,0.1423,0.5199,900,52
RSC-2020-01692,v2.2.1,2020-08-28 08:00:15,36,0.063,0.8029,0.1494,0.5134,1394,94
RSC-2020-01693,v2.1.4,2020-12-26 10:39:32,44,0.0148,0.7625,0.14,0.5318,1394,32
RSC-2020-01694,v2.1.4,2020-11-02 12:43:09,45,0.0143,0.8153,0.1506,0.5036,1315,82
RSC-2020-01695,v2.3.0,2020-09-27 00:15:34,48,0.0461,0.8332,0.1332,0.5026,1138,95
RSC-2020-01696,v2.1.3,2020-05-06 23:40:03,40,0.0243,0.8174,0.1311,0.4986,1298,56
RSC-2020-01697,v2.2.0,2020-12-06 00:41:20,57,0.0371,0.8116,0.154,0.5348,1044,49
RSC-2020-01698,v2.2.1,2020-02-22 02:27:47,38,0.0614,0.7835,0.1425,0.5079,1491,63
RSC-2020-01699,v2.2.1,2020-11-15 06:52:39,50,0.0229,0.8182,0.1305,0.4786,1575,110
RSC-2020-01700,v2.1.3,2020-02-10 07:53:57,48,0.0477,0.8436,0.1398,0.4672,1566,50
RSC-2020-01701,v2.2.0,2020-06-02 06:31:04,50,0.0259,0.8281,0.163,0.4852,1585,23
RSC-2020-01702,v2.2.1,2020-09-16 00:50:59,47,0.007,0.8384,0.1495,0.5139,1282,137
RSC-2020-01703,v2.2.1,2020-07-31 19:39:19,40,0.0282,0.7952,0.1484,0.5029,1426,111
RSC-2020-01704,v2.1.3,2020-06-12 03:48:00,56,0.0783,0.8142,0.1523,0.5112,911,69
RSC-2020-01705,v2.3.0,2020-07-09 14:56:28,36,0.0217,0.8326,0.1442,0.4802,939,114
RSC-2020-01706,v2.2.1,2020-11-28 12:48:07,38,0.0219,0.8142,0.143,0.5201,1408,57
RSC-2020-01707,v2.2.1,2020-07-15 04:51:12,37,0.0273,0.8054,0.1516,0.552,1020,88
RSC-2020-01708,v2.2.1,2020-08-29 09:57:42,39,0.0062,0.8445,0.1224,0.5176,898,70
RSC-2020-01709,v2.3.0,2020-05-14 21:26:40,45,0.0368,0.8122,0.1585,0.5039,862,98
RSC-2020-01710,v2.1.3,2020-07-18 13:42:35,55,0.0542,0.816,0.1343,0.5057,1412,108
RSC-2020-01711,v2.2.0,2020-05-15 01:41:44,36,0.0207,0.8183,0.1676,0.5226,1324,101
RSC-2020-01712,v2.2.0,2020-01-14 20:20:27,41,0.0353,0.815,0.1464,0.5242,1026,21
RSC-2020-01713,v2.3.0,2020-07-05 11:10:50,45,0.0714,0.8114,0.1477,0.5269,1322,40
RSC-2020-01714,v2.3.0,2020-02-25 21:44:28,50,0.0095,0.825,0.1546,0.4886,810,29
RSC-2020-01715,v2.2.1,2020-08-23 20:35:11,56,0.0549,0.841,0.126,0.5413,959,52
RSC-2020-01716,v2.2.1,2020-07-19 08:20:27,55,0.0796,0.8089,0.1466,0.493,1304,50
RSC-2020-01717,v2.1.3,2020-06-01 12:43:03,48,0.0328,0.8011,0.131,0.5162,1511,108
RSC-2020-01718,v2.2.1,2020-10-31 05:26:50,44,0.0614,0.7891,0.15,0.504,1049,54
RSC-2020-01719,v2.1.4,2020-03-17 00:39:35,40,0.0404,0.7949,0.1419,0.5132,1284,109
RSC-2020-01720,v2.1.4,2020-01-16 12:30:19,56,0.0769,0.8176,0.1472,0.5113,1213,65
RSC-2020-01721,v2.1.3,2020-01-06 23:14:57,41,0.0147,0.7924,0.1226,0.5272,811,69
RSC-2020-01722,v2.2.0,2020-01-15 15:44:00,35,0.0111,0.8164,0.1334,0.5217,1268,88
RSC-2020-01723,v2.3.0,2020-03-18 11:31:44,42,0.0138,0.8251,0.1396,0.4918,1504,41
RSC-2020-01724,v2.1.3,2020-12-08 00:13:43,41,0.0286,0.7732,0.1578,0.5269,1416,22
RSC-2020-01725,v2.1.3,2020-07-08 05:30:12,48,0.0116,0.8274,0.1649,0.5086,1407,57
RSC-2020-01726,v2.1.3,2020-11-13 04:03:44,40,0.0206,0.8155,0.1277,0.5159,1406,23
RSC-2020-01727,v2.1.4,2020-04-28 02:31:18,41,0.0152,0.7981,0.135,0.4846,1015,103
RSC-2020-01728,v2.1.3,2020-12-07 22:09:33,55,0.0692,0.8477,0.1465,0.5232,842,102
RSC-2020-01729,v2.1.3,2020-09-16 12:03:42,49,0.0252,0.8229,0.1458,0.5437,839,46
RSC-2020-01730,v2.3.0,2020-04-10 02:16:43,47,0.0729,0.8282,0.143,0.5241,1314,90
RSC-2020-01731,v2.2.1,2020-11-29 05:02:33,38,0.0078,0.8277,0.1224,0.5216,1009,127
RSC-2020-01732,v2.1.4,2020-08-12 16:18:59,52,0.0091,0.7872,0.1503,0.4906,1077,38
RSC-2020-01733,v2.1.4,2020-12-07 23:33:25,35,0.0276,0.8128,0.1341,0.4932,1397,127
RSC-2020-01734,v2.3.0,2020-03-10 19:21:19,36,0.0523,0.8307,0.1397,0.5226,1389,38
RSC-2020-01735,v2.2.1,2020-06-10 22:14:11,52,0.0559,0.8103,0.1492,0.487,821,111
RSC-2020-01736,v2.3.0,2020-11-20 00:03:21,42,0.0078,0.8016,0.1273,0.5148,823,108
RSC-2020-01737,v2.3.0,2020-09-16 11:36:23,36,0.0357,0.7837,0.1557,0.4861,1563,55
RSC-2020-01738,v2.1.4,2020-10-02 13:22:50,53,0.0042,0.8176,0.1344,0.4874,1451,102
RSC-2020-01739,v2.3.0,2020-04-23 05:00:21,47,0.038,0.8063,0.1484,0.4879,1190,81
RSC-2020-01740,v2.2.0,2020-10-26 15:14:06,34,0.034,0.7958,0.151,0.5339,1300,39
RSC-2020-01741,v2.1.4,2020-09-14 17:15:21,42,0.0241,0.817,0.1456,0.5257,1337,108
RSC-2020-01742,v2.2.0,2020-07-02 22:10:57,37,0.0023,0.8419,0.1457,0.5382,960,94
RSC-2020-01743,v2.1.3,2020-02-27 16:20:37,39,0.0401,0.8145,0.1459,0.5143,924,71
RSC-2020-01744,v2.3.0,2020-05-17 16:44:57,40,0.0431,0.8175,0.1409,0.5096,1448,127
RSC-2020-01745,v2.1.3,2020-04-26 12:43:18,46,0.0117,0.799,0.1396,0.4917,1382,78
RSC-2020-01746,v2.3.0,2020-03-03 20:27:56,47,0.0069,0.7765,0.1424,0.5841,1447,93
RSC-2020-01747,v2.2.0,2020-10-24 11:03:30,35,0.0711,0.7883,0.1507,0.4964,1387,39
RSC-2020-01748,v2.1.3,2020-08-10 04:10:05,52,0.0129,0.8002,0.1038,0.4764,1598,32
RSC-2020-01749,v2.1.3,2020-04-17 19:59:42,37,0.0097,0.8385,0.1578,0.5313,1297,135
RSC-2020-01750,v2.3.0,2020-06-24 02:33:07,46,0.0179,0.7882,0.152,0.5287,974,29
RSC-2020-01751,v2.2.1,2020-07-21 23:20:44,38,0.0171,0.818,0.1261,0.5052,1389,91
RSC-2020-01752,v2.1.3,2020-08-05 14:37:55,38,0.0076,0.8133,0.1339,0.5205,1314,130
RSC-2020-01753,v2.1.3,2020-06-10 07:34:34,45,0.008,0.8151,0.148,0.5189,1137,138
RSC-2020-01754,v2.1.3,2020-01-02 04:44:47,37,0.0491,0.8136,0.1659,0.5293,1562,68
RSC-2020-01755,v2.2.0,2020-07-08 15:29:30,38,0.0553,0.7951,0.1531,0.5198,1196,135
RSC-2020-01756,v2.1.3,2020-05-04 01:13:55,46,0.0046,0.8231,0.1372,0.5384,1026,133
RSC-2020-01757,v2.3.0,2020-11-30 21:58:39,37,0.0203,0.8066,0.1216,0.4972,893,30
RSC-2020-01758,v2.1.4,2020-03-30 10:08:56,52,0.0804,0.801,0.1407,0.5214,1210,44
RSC-2020-01759,v2.2.0,2020-10-20 09:59:22,36,0.0748,0.7905,0.123,0.5033,1545,121
RSC-2020-01760,v2.2.1,2020-05-20 02:05:30,44,0.0667,0.832,0.1232,0.5581,1591,105
RSC-2020-01761,v2.3.0,2020-06-16 08:29:45,41,0.0173,0.7875,0.1456,0.5053,1462,115
RSC-2020-01762,v2.1.3,2020-05-03 18:57:34,39,0.032,0.8196,0.1447,0.532,1249,55
RSC-2020-01763,v2.2.0,2020-02-19 13:29:22,50,0.0389,0.8001,0.1727,0.4889,819,123
RSC-2020-01764,v2.1.4,2020-12-15 10:40:39,43,0.0989,0.8213,0.1489,0.4645,827,116
RSC-2020-01765,v2.1.4,2020-03-31 12:27:47,43,0.0348,0.8258,0.1391,0.5042,1581,54
RSC-2020-01766,v2.3.0,2020-11-14 00:17:47,36,0.0717,0.7897,0.1479,0.4973,1208,65
RSC-2020-01767,v2.3.0,2020-08-04 18:06:32,55,0.0241,0.7967,0.134,0.4959,1356,110
RSC-2020-01768,v2.1.3,2020-09-21 19:58:29,40,0.0472,0.8073,0.1628,0.5027,814,134
RSC-2020-01769,v2.3.0,2020-08-06 18:09:58,50,0.0053,0.7971,0.1295,0.4607,1547,30
RSC-2020-01770,v2.3.0,2020-07-01 02:50:12,53,0.0229,0.8395,0.1419,0.5162,1019,100
RSC-2020-01771,v2.2.0,2020-02-09 00:33:20,40,0.0409,0.8091,0.1502,0.5095,1361,71
RSC-2020-01772,v2.2.0,2020-06-24 09:46:14,44,0.0914,0.799,0.1551,0.5257,991,72
RSC-2020-01773,v2.1.4,2020-12-13 12:50:21,39,0.0443,0.8337,0.1412,0.5094,1315,83
RSC-2020-01774,v2.2.0,2020-03-03 02:28:33,49,0.0924,0.8426,0.1549,0.5144,1209,126
RSC-2020-01775,v2.2.1,2020-09-02 21:02:11,49,0.04,0.8434,0.1201,0.4962,1090,48
RSC-2020-01776,v2.1.4,2020-08-11 18:40:06,41,0.0689,0.8262,0.1529,0.521,1269,85
RSC-2020-01777,v2.2.0,2020-08-25 18:03:13,51,0.0659,0.8201,0.1512,0.4969,995,53
RSC-2020-01778,v2.1.4,2020-09-01 04:19:38,37,0.0123,0.799,0.1446,0.5055,1068,128
RSC-2020-01779,v2.2.0,2020-01-22 21:28:48,41,0.0253,0.8051,0.131,0.55,1258,54
RSC-2020-01780,v2.2.1,2020-03-08 17:05:03,48,0.0427,0.8192,0.1339,0.5266,1445,110
RSC-2020-01781,v2.1.4,2020-01-28 17:07:55,38,0.0513,0.8315,0.138,0.5307,1560,25
RSC-2020-01782,v2.1.4,2020-07-07 01:18:27,47,0.0032,0.7813,0.1489,0.4888,1254,126
RSC-2020-01783,v2.3.0,2020-03-12 12:24:44,56,0.0403,0.7913,0.1678,0.5271,832,25
RSC-2020-01784,v2.1.3,2020-03-30 16:38:39,45,0.0371,0.8201,0.154,0.5106,883,74
RSC-2020-01785,v2.2.0,2020-09-01 13:58:34,49,0.0445,0.8164,0.1547,0.509,1139,80
RSC-2020-01786,v2.1.4,2020-03-21 07:50:48,37,0.0198,0.8102,0.1624,0.5253,1129,59
RSC-2020-01787,v2.2.1,2020-04-21 13:11:35,51,0.0123,0.8189,0.1312,0.4854,1231,81
RSC-2020-01788,v2.1.3,2020-05-16 01:22:09,55,0.0481,0.7851,0.1369,0.5008,1418,118
RSC-2020-01789,v2.2.0,2020-05-26 21:49:15,57,0.0271,0.8137,0.1515,0.5274,1081,131
RSC-2020-01790,v2.2.0,2020-03-30 15:24:36,50,0.0306,0.8186,0.1674,0.5008,1427,31
RSC-2020-01791,v2.1.3,2020-06-16 19:31:17,42,0.0337,0.8091,0.1466,0.4696,906,41
RSC-2020-01792,v2.3.0,2020-08-25 01:33:40,44,0.0642,0.7848,0.1505,0.5037,1552,98
RSC-2020-01793,v2.1.3,2020-06-05 02:32:57,36,0.0611,0.8093,0.1466,0.504,1188,63
RSC-2020-01794,v2.2.1,2020-02-04 00:06:01,48,0.0166,0.8205,0.1281,0.5334,1116,25
RSC-2020-01795,v2.3.0,2020-12-15 02:11:28,57,0.0467,0.791,0.1297,0.533,975,123
RSC-2020-01796,v2.2.1,2020-11-17 05:23:01,44,0.0484,0.8133,0.1512,0.4742,915,56
RSC-2020-01797,v2.1.4,2020-04-27 10:17:35,34,0.0696,0.7954,0.1535,0.5129,808,131
RSC-2020-01798,v2.2.0,2020-03-06 14:02:46,45,0.0288,0.8157,0.1731,0.5271,1219,113
RSC-2020-01799,v2.2.1,2020-07-08 16:39:04,56,0.0326,0.8328,0.1475,0.4819,1065,123
RSC-2020-01800,v2.3.0,2020-02-29 04:05:22,41,0.0589,0.8052,0.1523,0.5123,887,138
RSC-2020-01801,v2.1.3,2020-06-27 22:57:13,54,0.0487,0.8159,0.1575,0.4812,1092,82
RSC-2020-01802,v2.3.0,2020-11-22 16:35:44,45,0.068,0.8391,0.135,0.5282,1437,28
RSC-2020-01803,v2.1.4,2020-09-15 08:30:05,35,0.0169,0.8143,0.15,0.4913,1456,126
RSC-2020-01804,v2.1.3,2020-09-26 18:13:27,36,0.0973,0.8194,0.1267,0.5244,1061,20
RSC-2020-01805,v2.1.3,2020-01-08 04:26:12,36,0.1192,0.8215,0.1368,0.5326,1386,48
RSC-2020-01806,v2.3.0,2020-12-10 10:00:02,48,0.0309,0.8373,0.1537,0.4831,1550,21
RSC-2020-01807,v2.2.0,2020-04-19 12:36:25,44,0.0516,0.8163,0.1673,0.5199,1402,135
RSC-2020-01808,v2.1.4,2020-07-03 13:19:42,54,0.015,0.7846,0.1299,0.4806,881,81
RSC-2020-01809,v2.1.3,2020-01-20 20:51:27,38,0.0227,0.828,0.1471,0.5124,1031,51
RSC-2020-01810,v2.1.3,2020-05-24 07:37:39,40,0.0334,0.7812,0.1402,0.4965,802,79
RSC-2020-01811,v2.3.0,2020-04-15 23:49:05,41,0.0421,0.828,0.1529,0.5126,1255,61
RSC-2020-01812,v2.2.1,2020-11-30 01:21:39,48,0.0219,0.8188,0.1472,0.4943,1301,49
RSC-2020-01813,v2.2.0,2020-12-16 09:31:28,47,0.0189,0.8244,0.1199,0.4809,945,88
RSC-2020-01814,v2.2.0,2020-04-22 11:25:43,52,0.0539,0.8355,0.1653,0.5222,886,133
RSC-2020-01815,v2.1.4,2020-02-18 17:42:09,54,0.0487,0.8127,0.1393,0.5171,1260,58
RSC-2020-01816,v2.1.3,2020-05-08 19:38:57,39,0.0538,0.8111,0.1389,0.4883,1238,32
RSC-2020-01817,v2.1.4,2020-08-28 14:51:55,42,0.0597,0.8287,0.1447,0.5118,825,114
RSC-2020-01818,v2.2.1,2020-11-08 12:54:37,37,0.0124,0.8219,0.1282,0.4847,1320,107
RSC-2020-01819,v2.2.0,2020-02-05 14:49:09,43,0.0106,0.7849,0.1436,0.5043,1048,22
RSC-2020-01820,v2.1.4,2020-04-18 19:29:56,45,0.0531,0.8156,0.1425,0.488,1399,128
RSC-2020-01821,v2.2.0,2020-06-24 16:29:15,40,0.0759,0.8075,0.1625,0.5259,1325,126
RSC-2020-01822,v2.1.3,2020-11-11 10:01:37,41,0.0432,0.8248,0.1564,0.489,1069,82
RSC-2020-01823,v2.1.3,2020-11-11 20:03:58,35,0.02,0.8023,0.1525,0.5383,861,60
RSC-2020-01824,v2.1.3,2020-02-07 04:57:49,45,0.0359,0.8132,0.1573,0.5006,1105,21
RSC-2020-01825,v2.1.3,2020-02-19 11:03:38,57,0.0041,0.807,0.149,0.5127,1197,22
RSC-2020-01826,v2.1.3,2020-12-28 20:32:37,56,0.0651,0.8185,0.1588,0.4874,1201,115
RSC-2020-01827,v2.1.3,2020-09-10 19:15:50,50,0.0216,0.8211,0.1387,0.4965,1195,59
RSC-2020-01828,v2.2.1,2020-07-10 16:41:46,51,0.0415,0.7927,0.1368,0.5249,1247,57
RSC-2020-01829,v2.1.3,2020-01-04 16:27:15,48,0.0326,0.822,0.1675,0.5239,1494,78
RSC-2020-01830,v2.1.3,2020-12-26 00:22:46,39,0.0647,0.8368,0.149,0.5241,958,138
RSC-2020-01831,v2.1.3,2020-06-28 09:12:35,37,0.0261,0.7976,0.1474,0.4949,1418,50
RSC-2020-01832,v2.1.3,2020-03-13 10:10:16,52,0.0271,0.8239,0.1749,0.5087,1482,61
RSC-2020-01833,v2.2.0,2020-06-25 18:08:46,39,0.0532,0.8232,0.1405,0.5104,1439,133
RSC-2020-01834,v2.2.0,2020-10-24 23:19:50,51,0.0156,0.7772,0.1546,0.5009,1233,49
RSC-2020-01835,v2.2.0,2020-05-27 21:30:11,43,0.0339,0.7993,0.1585,0.5076,810,36
RSC-2020-01836,v2.3.0,2020-07-08 23:09:10,35,0.0331,0.7892,0.1362,0.5245,1429,51
RSC-2020-01837,v2.2.1,2020-07-21 17:44:05,48,0.0125,0.8226,0.1354,0.4989,1400,73
RSC-2020-01838,v2.3.0,2020-07-24 02:46:59,43,0.0201,0.7992,0.1393,0.4828,1067,67
RSC-2020-01839,v2.2.0,2020-04-26 05:51:45,48,0.0599,0.817,0.1359,0.504,831,68
RSC-2020-01840,v2.3.0,2020-09-23 12:38:27,50,0.046,0.8019,0.155,0.5057,1519,59
RSC-2020-01841,v2.2.0,2020-08-19 02:24:58,43,0.0172,0.8466,0.1541,0.4884,922,130
RSC-2020-01842,v2.1.3,2020-09-10 21:39:04,44,0.0403,0.828,0.1604,0.5232,1212,58
RSC-2020-01843,v2.1.3,2020-06-08 07:08:02,46,0.0417,0.7988,0.1485,0.5237,1014,67
RSC-2020-01844,v2.2.1,2020-05-16 08:18:01,44,0.0203,0.8073,0.1203,0.5291,1312,37
RSC-2020-01845,v2.3.0,2020-03-13 06:01:25,53,0.0417,0.7963,0.1565,0.5247,1093,24
RSC-2020-01846,v2.1.4,2020-09-10 17:55:26,35,0.0368,0.8186,0.1544,0.5161,1160,29
RSC-2020-01847,v2.2.1,2020-11-27 22:43:43,53,0.0535,0.7911,0.128,0.5632,1284,37
RSC-2020-01848,v2.2.1,2020-08-11 21:25:05,46,0.0929,0.7917,0.1607,0.5255,1176,60
RSC-2020-01849,v2.1.3,2020-04-11 10:46:34,43,0.0832,0.8147,0.1532,0.5105,836,127
RSC-2020-01850,v2.1.3,2020-12-06 23:56:34,38,0.0427,0.8241,0.1348,0.5175,1429,75
RSC-2020-01851,v2.1.3,2020-08-15 15:23:07,54,0.064,0.8286,0.1476,0.5193,894,61
RSC-2020-01852,v2.2.0,2020-11-16 04:21:55,39,0.0326,0.8313,0.1467,0.5094,1428,117
RSC-2020-01853,v2.3.0,2020-07-22 11:43:16,53,0.0291,0.7995,0.1637,0.5095,1457,135
RSC-2020-01854,v2.2.1,2020-06-06 03:07:23,57,0.0153,0.8248,0.1432,0.5109,1264,47
RSC-2020-01855,v2.2.0,2020-07-13 01:35:15,52,0.0268,0.8298,0.136,0.4779,1020,39
RSC-2020-01856,v2.2.1,2020-07-27 19:17:44,41,0.0934,0.7883,0.1553,0.5468,1375,43
RSC-2020-01857,v2.2.1,2020-01-16 18:31:34,40,0.0331,0.8384,0.1515,0.5249,813,27
RSC-2020-01858,v2.1.3,2020-08-10 19:58:15,55,0.015,0.8248,0.1304,0.517,804,86
RSC-2020-01859,v2.1.4,2020-08-20 04:24:58,55,0.0272,0.8013,0.1425,0.5249,1005,83
RSC-2020-01860,v2.1.4,2020-08-26 06:48:35,46,0.0674,0.844,0.1482,0.5254,1565,64
RSC-2020-01861,v2.1.3,2020-09-25 13:30:31,47,0.0353,0.812,0.1273,0.4959,844,56
RSC-2020-01862,v2.2.0,2020-09-01 18:16:45,37,0.0161,0.7787,0.1472,0.5047,1055,38
RSC-2020-01863,v2.1.3,2020-05-28 00:15:32,49,0.0464,0.7986,0.1266,0.503,893,109
RSC-2020-01864,v2.3.0,2020-02-01 17:27:56,41,0.0178,0.8096,0.1245,0.5185,854,27
RSC-2020-01865,v2.2.0,2020-02-01 06:41:12,49,0.0605,0.8126,0.1444,0.5234,1367,56
RSC-2020-01866,v2.3.0,2020-09-11 13:05:50,37,0.032,0.8067,0.149,0.4918,1387,138
RSC-2020-01867,v2.1.3,2020-04-16 08:12:48,43,0.0918,0.8015,0.1413,0.5048,937,40
RSC-2020-01868,v2.2.1,2020-06-02 01:57:59,38,0.026,0.8117,0.1612,0.5028,852,101
RSC-2020-01869,v2.3.0,2020-09-16 10:11:31,43,0.0906,0.8198,0.1616,0.501,1408,41
RSC-2020-01870,v2.3.0,2020-04-18 04:08:57,48,0.0169,0.8171,0.1501,0.4855,945,66
RSC-2020-01871,v2.2.1,2020-06-23 03:17:57,56,0.0051,0.8072,0.1605,0.5296,1183,101
RSC-2020-01872,v2.1.4,2020-06-04 09:45:16,37,0.0754,0.8121,0.1318,0.5104,1485,112
RSC-2020-01873,v2.2.1,2020-07-27 07:28:59,48,0.0426,0.8307,0.1243,0.5117,1230,89
RSC-2020-01874,v2.2.0,2020-01-04 16:58:29,46,0.0481,0.7992,0.1386,0.5178,830,131
RSC-2020-01875,v2.2.0,2020-01-02 12:20:11,49,0.0701,0.7973,0.1326,0.506,1342,24
RSC-2020-01876,v2.3.0,2020-01-13 15:13:04,55,0.0499,0.81,0.1639,0.5448,1452,99
RSC-2020-01877,v2.3.0,2020-08-25 16:41:22,41,0.0533,0.7997,0.1352,0.4905,1185,37
RSC-2020-01878,v2.1.3,2020-03-25 17:52:42,41,0.0317,0.8212,0.176,0.5235,1295,25
RSC-2020-01879,v2.2.0,2020-11-15 00:12:47,57,0.0217,0.8127,0.1337,0.5399,1189,139
RSC-2020-01880,v2.2.0,2020-07-11 21:58:45,55,0.041,0.8216,0.1547,0.5142,1259,120
RSC-2020-01881,v2.3.0,2020-09-26 07:34:03,51,0.0153,0.8328,0.1461,0.485,1262,110
RSC-2020-01882,v2.2.0,2020-04-07 13:44:16,54,0.0826,0.8109,0.1469,0.5018,866,84
RSC-2020-01883,v2.2.0,2020-05-28 04:16:17,52,0.005,0.7897,0.14,0.5113,1123,74
RSC-2020-01884,v2.2.1,2020-02-25 11:55:20,47,0.0032,0.801,0.1116,0.5321,1039,122
RSC-2020-01885,v2.2.0,2020-05-10 21:43:50,36,0.0485,0.8103,0.1355,0.5222,1546,90
RSC-2020-01886,v2.2.0,2020-10-15 07:41:19,40,0.0505,0.7972,0.1592,0.5068,1485,40
RSC-2020-01887,v2.1.4,2020-12-27 08:43:43,54,0.0545,0.8031,0.1461,0.5327,884,112
RSC-2020-01888,v2.3.0,2020-08-14 13:22:45,49,0.0309,0.8037,0.1397,0.4767,1556,92
RSC-2020-01889,v2.3.0,2020-03-11 11:13:52,51,0.0182,0.7859,0.1491,0.4953,917,57
RSC-2020-01890,v2.2.0,2020-08-25 09:32:27,35,0.0353,0.8409,0.1415,0.5276,1582,126
RSC-2020-01891,v2.2.1,2020-09-12 05:18:04,36,0.0358,0.7907,0.1381,0.5088,987,132
RSC-2020-01892,v2.2.1,2020-04-06 09:32:39,53,0.0197,0.8157,0.154,0.501,1572,76
RSC-2020-01893,v2.2.1,2020-07-11 16:39:28,53,0.0055,0.8073,0.1291,0.4922,1065,85
RSC-2020-01894,v2.2.0,2020-03-13 02:35:48,47,0.0396,0.8037,0.1442,0.5215,1539,93
RSC-2020-01895,v2.1.4,2020-09-02 15:00:51,54,0.0613,0.8164,0.1451,0.5386,1093,116
RSC-2020-01896,v2.1.4,2020-08-30 02:13:06,56,0.0203,0.8366,0.1494,0.4933,1306,91
RSC-2020-01897,v2.3.0,2020-11-05 21:34:07,37,0.0279,0.8531,0.1537,0.5202,1216,123
RSC-2020-01898,v2.2.1,2020-03-17 15:00:54,41,0.0361,0.7913,0.1564,0.4954,808,71
RSC-2020-01899,v2.2.0,2020-07-26 05:59:07,36,0.0354,0.7969,0.153,0.4724,1386,94
RSC-2020-01900,v2.2.1,2020-02-11 22:41:23,41,0.0436,0.8192,0.1166,0.4933,1384,138
RSC-2020-01901,v2.3.0,2020-03-25 01:06:54,42,0.0256,0.7839,0.1653,0.4854,1155,105
RSC-2020-01902,v2.2.0,2020-04-27 23:43:32,39,0.0126,0.8068,0.1376,0.5024,1327,127
RSC-2020-01903,v2.2.1,2020-06-05 11:19:24,34,0.0223,0.8107,0.1372,0.5607,1484,26
RSC-2020-01904,v2.1.4,2020-06-07 21:04:59,36,0.034,0.8292,0.1402,0.5192,1307,80
RSC-2020-01905,v2.3.0,2020-03-04 22:47:55,56,0.0461,0.8268,0.1247,0.5261,1278,26
RSC-2020-01906,v2.1.3,2020-01-29 07:18:43,34,0.0246,0.7943,0.147,0.5221,1174,88
RSC-2020-01907,v2.2.1,2020-03-02 08:58:48,49,0.0255,0.763,0.1409,0.5538,820,37
RSC-2020-01908,v2.1.3,2020-11-11 13:57:01,46,0.028,0.816,0.1417,0.5179,1111,107
RSC-2020-01909,v2.2.0,2020-10-01 10:07:23,48,0.0249,0.8135,0.1331,0.5265,921,68
RSC-2020-01910,v2.2.0,2020-07-04 01:15:59,54,0.0382,0.8012,0.1272,0.488,1116,40
RSC-2020-01911,v2.1.3,2020-05-21 17:17:53,44,0.044,0.8097,0.1437,0.515,1315,103
RSC-2020-01912,v2.2.1,2020-04-24 05:29:18,41,0.0342,0.8128,0.1208,0.48,862,62
RSC-2020-01913,v2.2.1,2020-02-27 18:09:37,43,0.0118,0.7918,0.138,0.5625,1101,133
RSC-2020-01914,v2.2.1,2020-12-18 14:05:36,42,0.0197,0.8025,0.1558,0.5483,925,63
RSC-2020-01915,v2.1.4,2020-12-02 08:00:23,52,0.0389,0.7773,0.1624,0.517,1037,83
RSC-2020-01916,v2.1.4,2020-12-05 08:30:29,55,0.0116,0.796,0.1442,0.5269,1432,26
RSC-2020-01917,v2.2.0,2020-06-06 04:35:31,46,0.0103,0.8361,0.1444,0.4968,1046,27
RSC-2020-01918,v2.2.0,2020-02-03 12:52:51,55,0.0347,0.7848,0.1323,0.5047,1216,122
RSC-2020-01919,v2.1.4,2020-08-13 05:52:43,46,0.0336,0.7947,0.1634,0.5106,1230,117
RSC-2020-01920,v2.3.0,2020-12-14 04:52:38,47,0.0336,0.8086,0.1463,0.541,814,54
RSC-2020-01921,v2.3.0,2020-12-23 00:30:37,46,0.0066,0.8272,0.1103,0.5069,813,64
RSC-2020-01922,v2.1.3,2020-01-23 05:10:18,53,0.0568,0.8248,0.1312,0.5327,1021,86
RSC-2020-01923,v2.2.1,2020-01-04 15:05:30,44,0.0148,0.8101,0.1605,0.5337,1268,90
RSC-2020-01924,v2.2.1,2020-05-19 08:15:26,47,0.1523,0.8026,0.1475,0.5,1567,130
RSC-2020-01925,v2.1.4,2020-03-08 12:12:18,49,0.0381,0.7952,0.136,0.5052,1460,68
RSC-2020-01926,v2.3.0,2020-11-07 00:29:24,42,0.0038,0.8155,0.1507,0.5657,1138,62
RSC-2020-01927,v2.2.0,2020-03-23 07:19:57,40,0.0981,0.8204,0.1438,0.5032,1038,130
RSC-2020-01928,v2.1.3,2020-09-09 17:05:28,37,0.0475,0.8171,0.1607,0.5114,1492,27
RSC-2020-01929,v2.2.1,2020-11-20 23:59:01,56,0.0233,0.8262,0.1247,0.5287,1512,95
RSC-2020-01930,v2.2.0,2020-12-08 07:57:28,48,0.0574,0.8145,0.1472,0.522,1444,98
RSC-2020-01931,v2.2.1,2020-04-21 23:11:31,35,0.0592,0.8175,0.1597,0.4874,1192,99
RSC-2020-01932,v2.3.0,2020-04-16 11:02:57,50,0.1007,0.7883,0.1373,0.4976,1188,38
RSC-2020-01933,v2.2.0,2020-09-22 05:51:54,51,0.0308,0.8028,0.1468,0.5054,1211,66
RSC-2020-01934,v2.3.0,2020-07-31 20:00:11,34,0.0365,0.802,0.1359,0.513,1464,117
RSC-2020-01935,v2.3.0,2020-04-19 00:55:42,55,0.1149,0.812,0.1452,0.5147,908,75
RSC-2020-01936,v2.3.0,2020-09-22 00:15:59,47,0.0567,0.8173,0.1514,0.5074,1381,138
RSC-2020-01937,v2.3.0,2020-08-15 15:15:21,41,0.0281,0.8174,0.1367,0.5093,895,22
RSC-2020-01938,v2.2.0,2020-08-16 03:11:26,55,0.0248,0.8393,0.1494,0.5053,1047,83
RSC-2020-01939,v2.2.0,2020-05-03 02:51:21,57,0.0463,0.7946,0.128,0.5397,1119,83
RSC-2020-01940,v2.1.4,2020-04-17 01:57:53,42,0.0901,0.8112,0.13,0.5081,1323,114
RSC-2020-01941,v2.1.3,2020-07-08 12:51:09,43,0.0682,0.8247,0.1582,0.5271,1104,46
RSC-2020-01942,v2.3.0,2020-05-14 04:09:19,40,0.0536,0.8113,0.1549,0.4933,1371,36
RSC-2020-01943,v2.1.4,2020-10-06 20:13:08,57,0.0091,0.7935,0.1672,0.529,935,90
RSC-2020-01944,v2.1.3,2020-07-12 16:59:48,49,0.0318,0.8149,0.1413,0.5031,884,49
RSC-2020-01945,v2.1.4,2020-08-04 17:54:59,36,0.0934,0.7841,0.1215,0.4577,802,39
RSC-2020-01946,v2.2.0,2020-06-22 02:14:54,40,0.0484,0.8261,0.1272,0.5291,847,93
RSC-2020-01947,v2.1.3,2020-01-22 23:32:27,48,0.0133,0.819,0.1481,0.529,831,23
RSC-2020-01948,v2.2.1,2020-09-03 10:09:36,44,0.0394,0.8172,0.148,0.5256,1143,58
RSC-2020-01949,v2.1.3,2020-02-18 03:08:05,34,0.0158,0.8212,0.1453,0.5228,1576,134
RSC-2020-01950,v2.1.3,2020-07-14 11:37:47,43,0.0297,0.8283,0.1411,0.508,1599,51
RSC-2020-01951,v2.2.1,2020-10-14 05:34:00,47,0.0807,0.8372,0.1405,0.5179,1073,86
RSC-2020-01952,v2.1.4,2020-01-13 14:02:59,34,0.0108,0.8318,0.135,0.4782,1443,132
RSC-2020-01953,v2.2.0,2020-03-20 20:11:22,44,0.0082,0.8468,0.1652,0.4619,800,133
RSC-2020-01954,v2.2.0,2020-10-18 11:40:38,35,0.097,0.8134,0.1482,0.5262,1304,42
RSC-2020-01955,v2.3.0,2020-09-24 02:34:04,43,0.0128,0.7834,0.1412,0.5273,1485,52
RSC-2020-01956,v2.1.4,2020-03-10 23:11:42,46,0.0416,0.8372,0.1338,0.4892,1355,133
RSC-2020-01957,v2.3.0,2020-12-04 08:24:45,40,0.0101,0.8196,0.144,0.4941,1076,66
RSC-2020-01958,v2.2.1,2020-03-09 13:19:21,39,0.0772,0.8182,0.1428,0.4867,1023,124
RSC-2020-01959,v2.1.3,2020-01-17 11:01:50,39,0.0188,0.8115,0.147,0.4993,836,48
RSC-2020-01960,v2.2.0,2020-01-14 00:49:35,45,0.0096,0.8086,0.1352,0.4752,1021,77
RSC-2020-01961,v2.1.4,2020-12-23 04:27:11,56,0.0261,0.8011,0.1559,0.4693,1252,130
RSC-2020-01962,v2.1.3,2020-03-02 08:09:38,51,0.0907,0.8118,0.1384,0.4919,913,97
RSC-2020-01963,v2.2.0,2020-11-10 16:24:23,42,0.079,0.8069,0.1396,0.5265,832,59
RSC-2020-01964,v2.1.3,2020-07-06 23:33:17,46,0.0176,0.788,0.1518,0.5303,1040,41
RSC-2020-01965,v2.2.1,2020-01-17 19:30:52,56,0.0254,0.7983,0.1506,0.5279,1216,138
RSC-2020-01966,v2.2.1,2020-08-03 00:27:36,49,0.0169,0.8067,0.1517,0.504,1477,127
RSC-2020-01967,v2.2.0,2020-08-13 16:45:18,34,0.0197,0.8263,0.156,0.5603,1336,123
RSC-2020-01968,v2.1.4,2020-11-17 10:51:49,53,0.083,0.8025,0.1438,0.5389,1182,136
RSC-2020-01969,v2.2.0,2020-11-26 06:41:45,46,0.0265,0.816,0.1641,0.529,1199,46
RSC-2020-01970,v2.2.0,2020-03-26 00:11:39,39,0.0427,0.788,0.146,0.4834,1099,76
RSC-2020-01971,v2.1.3,2020-12-12 09:41:23,57,0.0559,0.8323,0.1619,0.4946,1557,80
RSC-2020-01972,v2.3.0,2020-10-23 04:51:12,54,0.016,0.794,0.1695,0.5508,1276,52
RSC-2020-01973,v2.3.0,2020-04-30 10:13:05,52,0.0326,0.8132,0.1634,0.5313,1501,91
RSC-2020-01974,v2.2.1,2020-07-18 17:29:24,52,0.0412,0.8177,0.1499,0.5009,1593,99
RSC-2020-01975,v2.2.0,2020-11-02 12:27:15,44,0.0055,0.8205,0.1323,0.4742,1283,55
RSC-2020-01976,v2.2.1,2020-07-23 13:55:00,56,0.0437,0.7892,0.1497,0.5273,1095,125
RSC-2020-01977,v2.2.0,2020-06-02 07:38:32,35,0.0198,0.7889,0.1358,0.5134,853,112
RSC-2020-01978,v2.3.0,2020-06-25 02:40:38,57,0.0706,0.8217,0.1374,0.487,1209,30
RSC-2020-01979,v2.1.4,2020-07-26 07:36:19,48,0.1006,0.8087,0.148,0.5177,1543,98
RSC-2020-01980,v2.3.0,2020-12-07 11:38:53,48,0.0288,0.8084,0.127,0.5104,953,50
RSC-2020-01981,v2.1.3,2020-11-14 09:56:17,50,0.0166,0.8282,0.1347,0.4961,1247,33
RSC-2020-01982,v2.1.3,2020-03-14 02:01:15,54,0.0397,0.8095,0.1381,0.5113,1550,126
RSC-2020-01983,v2.1.3,2020-06-18 14:40:32,42,0.027,0.8083,0.153,0.484,1420,93
RSC-2020-01984,v2.1.4,2020-04-18 19:59:41,53,0.0368,0.8177,0.1332,0.5024,1489,43
RSC-2020-01985,v2.2.0,2020-09-26 05:53:22,56,0.0222,0.819,0.1432,0.504,1581,132
RSC-2020-01986,v2.2.1,2020-11-26 04:10:01,56,0.0113,0.7958,0.1491,0.4938,1189,69
RSC-2020-01987,v2.2.0,2020-09-07 03:08:21,38,0.0181,0.8174,0.1459,0.4861,922,71
RSC-2020-01988,v2.2.0,2020-10-05 08:25:22,48,0.1219,0.835,0.1611,0.4858,1495,94
RSC-2020-01989,v2.1.3,2020-08-03 14:38:24,47,0.0348,0.7833,0.1121,0.5709,1230,68
RSC-2020-01990,v2.1.3,2020-11-26 07:37:06,41,0.0251,0.815,0.1456,0.497,1268,60
RSC-2020-01991,v2.1.4,2020-07-11 05:44:05,56,0.0223,0.8179,0.1395,0.4957,1021,30
RSC-2020-01992,v2.3.0,2020-10-20 08:32:06,56,0.0166,0.802,0.1296,0.5381,837,118
RSC-2020-01993,v2.2.1,2020-01-23 21:10:18,41,0.0111,0.8123,0.1617,0.5025,1442,120
RSC-2020-01994,v2.2.1,2020-05-31 19:26:40,39,0.0094,0.8192,0.136,0.5208,1413,103
RSC-2020-01995,v2.3.0,2020-10-03 15:29:32,56,0.0417,0.8437,0.153,0.5269,1185,127
RSC-2020-01996,v2.1.3,2020-11-17 15:45:56,40,0.0157,0.8246,0.144,0.4871,1116,125
RSC-2020-01997,v2.1.3,2020-09-21 17:37:46,35,0.0159,0.8008,0.1476,0.4953,1086,123
RSC-2020-01998,v2.2.0,2020-03-30 10:55:03,39,0.0106,0.8329,0.1534,0.5198,988,30
RSC-2020-01999,v2.1.4,2020-11-28 10:36:59,52,0.0422,0.8126,0.1257,0.5393,1127,132
RSC-2020-02000,v2.1.4,2020-10-22 07:19:16,39,0.0335,0.8299,0.1351,0.4911,1447,121
RSC-2020-02001,v2.2.0,2020-02-19 04:46:07,44,0.051,0.797,0.1471,0.5039,1431,56
RSC-2020-02002,v2.1.4,2020-02-19 17:48:28,44,0.0497,0.7942,0.1665,0.5445,941,81
RSC-2020-02003,v2.1.4,2020-11-20 10:19:04,51,0.059,0.796,0.1664,0.5104,1390,56
RSC-2020-02004,v2.2.1,2020-03-22 10:31:24,54,0.042,0.8136,0.1588,0.4925,1139,35
RSC-2020-02005,v2.2.0,2020-05-05 17:09:22,36,0.0253,0.8105,0.1563,0.5392,857,23
RSC-2020-02006,v2.1.3,2020-11-11 14:15:58,35,0.0363,0.8064,0.1366,0.5389,1041,123
RSC-2020-02007,v2.2.0,2020-05-11 02:18:18,48,0.0144,0.7875,0.1424,0.533,1126,72
RSC-2020-02008,v2.1.3,2020-05-15 08:04:17,52,0.0848,0.8193,0.1471,0.5266,1122,109
RSC-2020-02009,v2.3.0,2020-12-07 19:06:17,36,0.0333,0.7903,0.1453,0.5013,1001,106
RSC-2020-02010,v2.1.3,2020-08-22 19:29:35,55,0.0087,0.7942,0.1106,0.4984,1209,42
RSC-2020-02011,v2.1.4,2020-04-14 08:15:32,45,0.0109,0.8167,0.1393,0.5063,1206,90
RSC-2020-02012,v2.2.1,2020-05-11 17:21:31,48,0.0243,0.845,0.1155,0.524,1316,92
RSC-2020-02013,v2.2.1,2020-02-09 12:22:30,34,0.0265,0.8239,0.1492,0.508,1423,124
RSC-2020-02014,v2.2.1,2020-02-28 13:32:25,55,0.0164,0.816,0.1431,0.5257,1015,46
RSC-2020-02015,v2.1.4,2020-06-16 00:43:34,35,0.0223,0.8192,0.1474,0.534,883,130
RSC-2020-02016,v2.2.1,2020-11-24 05:00:25,51,0.0255,0.8031,0.1306,0.5549,871,118
RSC-2020-02017,v2.1.4,2020-09-16 03:18:11,47,0.0923,0.8113,0.1445,0.5213,1294,86
RSC-2020-02018,v2.3.0,2020-01-07 13:37:43,47,0.0508,0.8165,0.1433,0.5399,1411,47
RSC-2020-02019,v2.3.0,2020-03-24 17:23:03,45,0.0332,0.7897,0.133,0.5187,1130,50
RSC-2020-02020,v2.2.0,2020-12-06 02:25:39,47,0.0122,0.8053,0.146,0.5109,1399,99
RSC-2020-02021,v2.1.3,2020-09-12 00:56:52,50,0.0123,0.8184,0.1466,0.498,1443,81
RSC-2020-02022,v2.2.0,2020-01-05 06:06:43,35,0.0427,0.772,0.1549,0.4918,937,76
RSC-2020-02023,v2.3.0,2020-05-31 14:47:28,38,0.0056,0.8244,0.1253,0.4857,1162,42
RSC-2020-02024,v2.3.0,2020-03-07 08:33:20,36,0.0114,0.8278,0.1498,0.5035,974,68
RSC-2020-02025,v2.1.3,2020-05-18 13:30:18,38,0.0262,0.8005,0.1448,0.4877,1367,55
RSC-2020-02026,v2.1.4,2020-01-03 02:07:25,40,0.0221,0.7792,0.1455,0.5296,1247,28
RSC-2020-02027,v2.2.1,2020-02-20 02:51:50,43,0.0315,0.8126,0.1498,0.5133,891,111
RSC-2020-02028,v2.1.3,2020-04-23 14:24:24,38,0.0381,0.8134,0.1544,0.5243,1325,39
RSC-2020-02029,v2.2.1,2020-11-09 06:36:50,56,0.04,0.8102,0.148,0.5282,832,21
RSC-2020-02030,v2.1.3,2020-06-18 12:18:43,37,0.1396,0.8233,0.1481,0.5253,1591,93
RSC-2020-02031,v2.1.3,2020-10-25 09:51:48,41,0.0199,0.8475,0.161,0.5142,893,78
RSC-2020-02032,v2.1.4,2020-07-29 13:21:38,41,0.0475,0.8363,0.1353,0.5377,1108,24
RSC-2020-02033,v2.2.0,2020-04-18 11:39:03,50,0.0099,0.7998,0.1474,0.5161,1503,31
RSC-2020-02034,v2.3.0,2020-10-20 03:35:17,43,0.0692,0.8025,0.1266,0.5278,1096,69
RSC-2020-02035,v2.2.1,2020-04-09 11:24:56,36,0.0646,0.8206,0.1519,0.4703,1144,121
RSC-2020-02036,v2.2.1,2020-05-17 11:25:41,36,0.0721,0.8052,0.1536,0.5408,1093,110
RSC-2020-02037,v2.2.1,2020-01-05 08:03:21,57,0.0153,0.8286,0.1256,0.5168,872,130
RSC-2020-02038,v2.3.0,2020-09-27 10:26:56,38,0.0169,0.8439,0.1366,0.4987,1199,67
RSC-2020-02039,v2.2.1,2020-09-12 05:54:35,53,0.0262,0.7951,0.1234,0.5069,1566,41
RSC-2020-02040,v2.2.1,2020-09-15 20:20:26,44,0.0871,0.8227,0.1346,0.5333,983,45
RSC-2020-02041,v2.2.0,2020-01-17 21:46:34,50,0.0116,0.8186,0.1434,0.5206,1352,63
RSC-2020-02042,v2.2.1,2020-07-08 01:50:51,36,0.0185,0.8184,0.1427,0.5054,1573,115
RSC-2020-02043,v2.1.3,2020-05-31 07:24:09,55,0.0589,0.8117,0.1384,0.5197,1193,36
RSC-2020-02044,v2.1.4,2020-11-29 01:27:26,42,0.0439,0.7562,0.1491,0.5021,875,47
RSC-2020-02045,v2.2.0,2020-03-04 00:45:48,43,0.044,0.8231,0.1425,0.5198,1064,70
RSC-2020-02046,v2.2.1,2020-06-14 13:32:01,35,0.0267,0.8073,0.1415,0.514,992,57
RSC-2020-02047,v2.1.3,2020-11-05 13:39:20,56,0.0357,0.844,0.1382,0.5485,908,49
RSC-2020-02048,v2.2.1,2020-05-23 09:57:08,35,0.024,0.8058,0.1249,0.5412,1220,130
RSC-2020-02049,v2.2.1,2020-05-12 14:54:10,37,0.0199,0.7768,0.1562,0.5196,884,87
RSC-2020-02050,v2.2.0,2020-08-11 14:42:46,42,0.0226,0.7966,0.1465,0.5151,1127,125
RSC-2020-02051,v2.1.4,2020-06-06 06:31:44,47,0.0172,0.8121,0.1467,0.5068,968,69
RSC-2020-02052,v2.2.0,2020-05-28 19:57:36,42,0.0473,0.8153,0.1493,0.5416,1517,63
RSC-2020-02053,v2.2.0,2020-05-27 02:03:14,54,0.0147,0.8192,0.1446,0.5039,910,26
RSC-2020-02054,v2.3.0,2020-04-03 17:38:09,36,0.0231,0.7925,0.1465,0.55,1337,66
RSC-2020-02055,v2.2.0,2020-05-14 16:16:50,35,0.0222,0.8162,0.1546,0.5344,1428,36
RSC-2020-02056,v2.1.4,2020-03-01 11:28:04,55,0.0062,0.8154,0.135,0.5513,1539,135
RSC-2020-02057,v2.1.4,2020-09-30 21:36:31,55,0.0046,0.8373,0.1417,0.5224,1040,116
RSC-2020-02058,v2.2.1,2020-04-18 18:51:21,54,0.0778,0.809,0.137,0.5247,1258,43
RSC-2020-02059,v2.1.3,2020-11-02 18:30:36,46,0.0763,0.8401,0.1354,0.5282,1055,69
RSC-2020-02060,v2.2.0,2020-05-09 16:38:35,36,0.0587,0.7991,0.1369,0.5222,1558,47
RSC-2020-02061,v2.1.4,2020-12-17 23:15:47,51,0.0344,0.7795,0.1556,0.5111,923,50
RSC-2020-02062,v2.2.1,2020-03-12 19:49:58,49,0.0558,0.8188,0.1446,0.5096,941,46
RSC-2020-02063,v2.3.0,2020-01-04 18:13:38,49,0.034,0.8272,0.1452,0.4896,1210,45
RSC-2020-02064,v2.3.0,2020-02-04 21:14:00,34,0.0529,0.8031,0.1238,0.5297,1046,66
RSC-2020-02065,v2.3.0,2020-08-25 05:20:07,57,0.0511,0.7788,0.1566,0.503,1143,40
RSC-2020-02066,v2.1.4,2020-11-01 06:21:21,39,0.0299,0.8117,0.1204,0.5223,1162,20
RSC-2020-02067,v2.2.0,2020-05-27 13:05:30,43,0.0336,0.799,0.1343,0.5001,1036,127
RSC-2020-02068,v2.2.0,2020-04-11 11:42:00,54,0.0329,0.7905,0.1392,0.5224,1252,47
RSC-2020-02069,v2.2.1,2020-06-12 00:16:55,43,0.0239,0.8277,0.1524,0.4826,1279,111
RSC-2020-02070,v2.1.4,2020-11-22 18:58:14,56,0.0734,0.8156,0.1387,0.4892,1047,92
RSC-2020-02071,v2.3.0,2020-10-30 02:13:20,48,0.0019,0.7965,0.1506,0.511,969,40
RSC-2020-02072,v2.2.0,2020-11-15 16:21:04,43,0.0656,0.8187,0.135,0.549,1292,72
RSC-2020-02073,v2.2.0,2020-12-20 18:13:28,39,0.0292,0.8058,0.1346,0.5089,1406,71
RSC-2020-02074,v2.3.0,2020-06-13 12:24:09,39,0.078,0.8038,0.1451,0.5231,1125,72
RSC-2020-02075,v2.1.4,2020-03-26 08:58:18,38,0.074,0.7933,0.1395,0.533,1542,35
RSC-2020-02076,v2.2.0,2020-09-07 01:35:13,43,0.0074,0.7921,0.1315,0.5112,1167,36
RSC-2020-02077,v2.3.0,2020-12-07 19:16:43,39,0.0603,0.7875,0.1425,0.5315,878,114
RSC-2020-02078,v2.3.0,2020-03-30 18:58:19,50,0.0225,0.8299,0.1726,0.4788,1021,130
RSC-2020-02079,v2.2.1,2020-09-19 08:31:03,51,0.0423,0.8002,0.14,0.5222,980,120
RSC-2020-02080,v2.3.0,2020-08-27 20:10:28,39,0.0417,0.8286,0.1351,0.487,827,107
RSC-2020-02081,v2.1.4,2020-11-21 10:26:16,46,0.0038,0.8294,0.1368,0.5079,1186,32
RSC-2020-02082,v2.1.3,2020-10-03 00:26:34,36,0.0275,0.7814,0.1595,0.4915,1234,138
RSC-2020-02083,v2.1.3,2020-07-30 03:00:28,51,0.0499,0.7875,0.1325,0.4981,934,20
RSC-2020-02084,v2.2.1,2020-09-29 18:44:44,34,0.013,0.8194,0.131,0.4907,1398,62
RSC-2020-02085,v2.1.4,2020-10-25 15:09:51,43,0.0359,0.8166,0.1727,0.5401,1327,22
RSC-2020-02086,v2.3.0,2020-04-11 15:13:40,36,0.0747,0.8004,0.1293,0.478,1416,32
RSC-2020-02087,v2.1.3,2020-02-29 00:48:26,53,0.0308,0.8156,0.1394,0.5116,945,60
RSC-2020-02088,v2.1.4,2020-12-03 23:48:45,39,0.0204,0.8284,0.1613,0.5393,1001,124
RSC-2020-02089,v2.2.1,2020-01-13 23:37:32,46,0.0144,0.8216,0.1568,0.5367,863,91
RSC-2020-02090,v2.2.0,2020-07-16 17:49:25,54,0.0226,0.7934,0.1271,0.5003,1403,130
RSC-2020-02091,v2.2.1,2020-09-22 10:11:51,34,0.0521,0.8163,0.1383,0.5214,1276,113
RSC-2020-02092,v2.1.3,2020-07-08 20:01:35,44,0.011,0.7939,0.136,0.4911,1300,89
RSC-2020-02093,v2.1.4,2020-02-23 20:19:30,48,0.0088,0.8229,0.1534,0.4806,1319,38
RSC-2020-02094,v2.3.0,2020-03-01 12:31:53,40,0.0629,0.8169,0.1473,0.5126,919,32
RSC-2020-02095,v2.1.3,2020-03-21 04:03:34,36,0.009,0.8124,0.1623,0.5347,1312,92
RSC-2020-02096,v2.1.3,2020-12-09 11:50:08,53,0.0117,0.8128,0.1368,0.5138,1162,70
RSC-2020-02097,v2.1.4,2020-02-11 05:06:46,45,0.018,0.8089,0.1376,0.5143,1487,41
RSC-2020-02098,v2.1.4,2020-02-08 21:48:20,39,0.0583,0.802,0.1199,0.5161,1354,54
RSC-2020-02099,v2.2.0,2020-12-23 20:47:01,50,0.0382,0.8109,0.1439,0.4899,1061,52
RSC-2020-02100,v2.3.0,2020-09-05 21:05:38,36,0.0768,0.8264,0.1594,0.5201,841,128
RSC-2020-02101,v2.2.0,2020-09-27 10:29:08,41,0.0112,0.8181,0.1576,0.5258,1154,47
RSC-2020-02102,v2.2.1,2020-05-01 17:56:36,52,0.0161,0.8151,0.1494,0.5298,962,23
RSC-2020-02103,v2.1.3,2020-03-22 07:58:14,43,0.0157,0.7911,0.139,0.5159,1307,99
RSC-2020-02104,v2.3.0,2020-11-27 16:46:52,50,0.0737,0.8198,0.159,0.5515,887,46
RSC-2020-02105,v2.1.3,2020-05-29 18:12:18,39,0.1224,0.8083,0.1468,0.5134,1022,128
RSC-2020-02106,v2.2.1,2020-09-28 04:53:34,39,0.0496,0.7954,0.1365,0.5033,900,138
RSC-2020-02107,v2.2.1,2020-09-28 02:41:35,52,0.0008,0.8284,0.1487,0.4944,1278,91
RSC-2020-02108,v2.1.4,2020-12-26 18:48:23,57,0.0298,0.8323,0.145,0.5086,1090,133
RSC-2020-02109,v2.1.3,2020-12-17 04:38:20,55,0.0337,0.7971,0.1495,0.5111,1053,135
RSC-2020-02110,v2.2.0,2020-05-03 12:46:43,49,0.0055,0.8033,0.1428,0.4943,1432,32
RSC-2020-02111,v2.1.3,2020-07-16 18:41:47,51,0.0072,0.8144,0.139,0.5073,1575,50
RSC-2020-02112,v2.2.1,2020-07-19 23:11:40,52,0.0436,0.8058,0.1394,0.5198,1123,67
RSC-2020-02113,v2.1.4,2020-06-04 13:44:31,34,0.0349,0.8171,0.1756,0.5425,861,21
RSC-2020-02114,v2.2.0,2020-12-20 09:48:50,55,0.0508,0.8235,0.1429,0.5062,1450,37
RSC-2020-02115,v2.2.1,2020-04-15 20:46:50,48,0.0144,0.8113,0.1619,0.4805,844,84
RSC-2020-02116,v2.2.1,2020-06-14 14:39:34,55,0.0372,0.8315,0.1366,0.5417,1329,50
RSC-2020-02117,v2.2.1,2020-02-17 00:06:25,51,0.0281,0.8407,0.1144,0.5482,1223,51
RSC-2020-02118,v2.3.0,2020-09-18 14:17:33,37,0.0183,0.8163,0.1493,0.4884,1106,25
RSC-2020-02119,v2.2.0,2020-06-13 00:03:09,50,0.0063,0.8488,0.1364,0.5229,1344,50
RSC-2020-02120,v2.3.0,2020-12-03 19:44:42,48,0.0217,0.7922,0.1586,0.5147,1343,73
RSC-2020-02121,v2.3.0,2020-08-12 04:45:07,47,0.03,0.8239,0.1471,0.4968,1354,98
RSC-2020-02122,v2.2.0,2020-09-22 11:14:23,42,0.0317,0.8049,0.131,0.5285,850,60
RSC-2020-02123,v2.1.4,2020-07-06 10:56:42,39,0.0324,0.8034,0.1383,0.5027,1185,24
RSC-2020-02124,v2.2.0,2020-05-15 05:51:22,53,0.026,0.8197,0.1395,0.5515,884,73
RSC-2020-02125,v2.2.0,2020-01-21 11:13:58,48,0.0375,0.8047,0.1461,0.5068,1487,83
RSC-2020-02126,v2.3.0,2020-09-12 10:13:09,34,0.0354,0.8141,0.1427,0.5155,960,54
RSC-2020-02127,v2.1.4,2020-01-22 16:28:57,56,0.0109,0.832,0.158,0.4812,856,88
RSC-2020-02128,v2.1.4,2020-05-19 04:54:47,34,0.0747,0.787,0.142,0.4859,1111,36
RSC-2020-02129,v2.2.1,2020-04-18 05:58:43,41,0.0143,0.8024,0.1532,0.5076,1228,80
RSC-2020-02130,v2.3.0,2020-05-26 18:38:50,56,0.0329,0.7974,0.1355,0.4895,956,77
RSC-2020-02131,v2.2.0,2020-09-27 10:02:34,54,0.0396,0.8009,0.1451,0.5127,1530,105
RSC-2020-02132,v2.1.3,2020-03-07 15:53:36,38,0.065,0.79,0.1337,0.5132,976,21
RSC-2020-02133,v2.3.0,2020-12-20 21:12:11,57,0.0647,0.7962,0.1394,0.5412,838,121
RSC-2020-02134,v2.3.0,2020-11-27 22:13:24,45,0.0277,0.8054,0.1565,0.5123,870,34
RSC-2020-02135,v2.2.1,2020-05-05 17:46:43,39,0.035,0.8242,0.1226,0.5099,1341,137
RSC-2020-02136,v2.1.4,2020-09-18 21:08:07,49,0.0243,0.8393,0.1386,0.5327,1422,130
RSC-2020-02137,v2.1.3,2020-07-04 16:55:47,56,0.0622,0.8029,0.1602,0.4942,1159,124
RSC-2020-02138,v2.1.3,2020-04-28 00:52:14,43,0.0025,0.7801,0.136,0.5057,1322,89
RSC-2020-02139,v2.2.1,2020-10-31 12:14:57,39,0.0124,0.8142,0.159,0.5423,804,109
RSC-2020-02140,v2.1.3,2020-11-24 07:51:35,47,0.0104,0.8218,0.1283,0.525,1465,132
RSC-2020-02141,v2.1.3,2020-04-08 17:15:25,57,0.0424,0.822,0.1481,0.5026,1030,108
RSC-2020-02142,v2.1.4,2020-03-12 17:58:26,57,0.0431,0.8011,0.124,0.5271,1031,74
RSC-2020-02143,v2.3.0,2020-11-01 10:50:05,50,0.0101,0.7796,0.1467,0.4953,1102,136
RSC-2020-02144,v2.1.4,2020-03-02 14:02:33,39,0.0208,0.8118,0.1434,0.4946,1080,139
RSC-2020-02145,v2.1.4,2020-11-02 11:39:45,41,0.025,0.8063,0.1324,0.5059,1294,29
RSC-2020-02146,v2.2.1,2020-03-01 07:11:47,46,0.019,0.7978,0.1586,0.5046,1489,136
RSC-2020-02147,v2.2.1,2020-02-14 19:14:15,47,0.0089,0.8217,0.1467,0.5215,1248,93
RSC-2020-02148,v2.1.4,2020-11-08 09:42:07,40,0.0598,0.8238,0.1375,0.5092,949,75
RSC-2020-02149,v2.2.0,2020-08-03 00:49:27,35,0.0399,0.8168,0.1271,0.5367,825,21
RSC-2020-02150,v2.3.0,2020-04-08 01:12:09,44,0.081,0.7917,0.1331,0.5282,880,61
RSC-2020-02151,v2.1.4,2020-05-20 08:44:12,37,0.0189,0.8053,0.1443,0.5335,1458,39
RSC-2020-02152,v2.2.0,2020-09-30 04:55:59,52,0.0195,0.8337,0.1662,0.5115,956,34
RSC-2020-02153,v2.2.1,2020-01-08 18:12:58,46,0.0157,0.8241,0.165,0.5262,973,53
RSC-2020-02154,v2.2.0,2020-03-24 13:47:07,43,0.0369,0.8474,0.1611,0.5117,1384,102
RSC-2020-02155,v2.1.4,2020-04-01 09:59:43,39,0.0965,0.8135,0.1413,0.5307,1398,73
RSC-2020-02156,v2.2.1,2020-02-23 08:06:01,44,0.0786,0.8272,0.1518,0.4921,1009,59
RSC-2020-02157,v2.1.3,2020-09-29 12:55:37,50,0.0242,0.7947,0.1731,0.5153,834,27
RSC-2020-02158,v2.1.3,2020-09-10 06:14:33,52,0.0375,0.8017,0.1167,0.5253,938,137
RSC-2020-02159,v2.1.3,2020-07-12 22:43:48,57,0.0458,0.8076,0.1345,0.5064,1465,91
RSC-2020-02160,v2.2.0,2020-06-03 14:38:09,55,0.008,0.8258,0.1336,0.5515,1086,125
RSC-2020-02161,v2.1.4,2020-11-05 15:54:48,46,0.0748,0.816,0.1555,0.4974,1000,54
RSC-2020-02162,v2.2.0,2020-01-08 06:15:55,46,0.0491,0.7865,0.1245,0.4889,1401,20
RSC-2020-02163,v2.1.3,2020-03-17 19:17:09,48,0.0107,0.7848,0.1377,0.5114,1255,96
RSC-2020-02164,v2.1.4,2020-10-23 09:32:27,56,0.0057,0.816,0.1345,0.5008,1458,72
RSC-2020-02165,v2.2.0,2020-12-13 09:58:11,39,0.0128,0.8232,0.1437,0.5248,1592,107
RSC-2020-02166,v2.1.4,2020-07-21 23:08:11,56,0.0054,0.7883,0.1547,0.4931,1570,71
RSC-2020-02167,v2.1.4,2020-09-11 22:12:55,55,0.0876,0.7909,0.1347,0.498,1274,88
RSC-2020-02168,v2.3.0,2020-10-22 21:48:55,39,0.0239,0.8137,0.1497,0.5197,961,32
RSC-2020-02169,v2.3.0,2020-10-20 13:42:54,50,0.073,0.795,0.1287,0.5053,889,78
RSC-2020-02170,v2.1.4,2020-06-15 23:13:02,43,0.0146,0.8326,0.1442,0.5423,1018,67
RSC-2020-02171,v2.1.3,2020-01-24 06:42:04,53,0.0325,0.8346,0.1511,0.5115,1481,66
RSC-2020-02172,v2.2.1,2020-08-17 14:55:53,49,0.0528,0.8378,0.1416,0.5013,1360,96
RSC-2020-02173,v2.2.0,2020-10-25 21:36:54,42,0.0435,0.8104,0.1564,0.5357,1372,98
RSC-2020-02174,v2.2.0,2020-11-24 01:06:26,47,0.0632,0.7974,0.1301,0.5024,1208,63
RSC-2020-02175,v2.1.3,2020-02-25 09:27:56,36,0.0178,0.7917,0.1322,0.5096,1169,128
RSC-2020-02176,v2.3.0,2020-12-30 05:24:27,40,0.0236,0.8314,0.1463,0.4886,1408,37
RSC-2020-02177,v2.1.3,2020-07-26 12:59:21,37,0.0541,0.8274,0.1208,0.494,1415,133
RSC-2020-02178,v2.2.0,2020-08-14 04:43:46,47,0.0307,0.7942,0.144,0.5371,1155,28
RSC-2020-02179,v2.3.0,2020-08-21 05:42:23,49,0.0326,0.8126,0.1429,0.5132,1184,121
RSC-2020-02180,v2.1.3,2020-09-22 03:25:38,44,0.0592,0.7887,0.1445,0.5268,1010,111
RSC-2020-02181,v2.1.3,2020-03-20 13:27:48,50,0.0095,0.8284,0.1475,0.4822,1568,121
RSC-2020-02182,v2.1.4,2020-01-31 01:23:39,35,0.0362,0.7984,0.1413,0.5171,933,74
RSC-2020-02183,v2.2.0,2020-02-23 09:18:13,40,0.0608,0.8026,0.1344,0.5294,1360,67
RSC-2020-02184,v2.3.0,2020-12-12 07:53:25,40,0.0062,0.8176,0.1462,0.4861,1425,81
RSC-2020-02185,v2.2.0,2020-05-02 19:05:20,50,0.0221,0.7969,0.1395,0.4997,1494,86
RSC-2020-02186,v2.1.4,2020-07-15 08:09:20,56,0.0395,0.8065,0.1442,0.5042,1060,39
RSC-2020-02187,v2.3.0,2020-06-17 08:13:42,35,0.0324,0.8204,0.122,0.5283,1260,87
RSC-2020-02188,v2.1.4,2020-02-28 15:52:38,45,0.0312,0.8149,0.1368,0.4809,1554,135
RSC-2020-02189,v2.3.0,2020-05-04 20:14:40,42,0.0333,0.8053,0.1575,0.5478,1191,82
RSC-2020-02190,v2.2.1,2020-11-18 01:48:51,37,0.0092,0.8259,0.1486,0.5525,930,53
RSC-2020-02191,v2.3.0,2020-09-08 07:12:59,43,0.0742,0.8432,0.1591,0.506,1352,130
RSC-2020-02192,v2.1.4,2020-06-11 07:24:35,43,0.0054,0.8155,0.1464,0.5082,1330,88
RSC-2020-02193,v2.1.4,2020-01-08 02:50:07,45,0.0901,0.8175,0.1397,0.4814,1157,94
RSC-2020-02194,v2.1.3,2020-03-17 18:14:42,51,0.0964,0.8287,0.1459,0.4963,802,53
RSC-2020-02195,v2.2.0,2020-04-15 09:47:29,43,0.0276,0.819,0.1339,0.4894,1540,79
RSC-2020-02196,v2.1.3,2020-03-11 01:58:36,52,0.0671,0.8282,0.1592,0.5189,1210,75
RSC-2020-02197,v2.2.0,2020-03-03 20:28:44,52,0.0842,0.8135,0.1567,0.4993,1480,68
RSC-2020-02198,v2.2.1,2020-05-18 20:22:12,35,0.0106,0.7861,0.1361,0.5447,808,89
RSC-2020-02199,v2.3.0,2020-11-21 22:07:34,36,0.0255,0.7934,0.1599,0.4852,1575,108
RSC-2020-02200,v2.1.3,2020-12-17 23:17:17,57,0.0716,0.819,0.1663,0.534,1115,132
RSC-2020-02201,v2.2.1,2020-05-27 16:52:56,55,0.1097,0.8163,0.1567,0.5057,960,33
RSC-2020-02202,v2.2.1,2020-01-23 04:27:08,54,0.066,0.8136,0.149,0.5602,932,133
RSC-2020-02203,v2.2.1,2020-06-04 09:09:18,40,0.0352,0.7999,0.1438,0.5307,1529,105
RSC-2020-02204,v2.2.1,2020-04-07 05:35:41,47,0.0262,0.8199,0.1438,0.5097,1445,88
RSC-2020-02205,v2.3.0,2020-09-07 09:58:45,48,0.1201,0.7833,0.1493,0.5455,972,139
RSC-2020-02206,v2.2.1,2020-07-21 07:15:37,48,0.0477,0.8195,0.1488,0.5221,1362,95
RSC-2020-02207,v2.1.4,2020-03-13 19:44:11,52,0.0415,0.8265,0.1662,0.5114,1172,107
RSC-2020-02208,v2.3.0,2020-10-05 16:13:45,56,0.0658,0.8552,0.1299,0.5323,1123,66
RSC-2020-02209,v2.2.1,2020-03-14 00:45:30,38,0.0306,0.8401,0.1396,0.508,893,104
RSC-2020-02210,v2.3.0,2020-06-24 08:09:57,47,0.0721,0.8539,0.1534,0.4956,959,21
RSC-2020-02211,v2.3.0,2020-04-19 10:17:19,53,0.0346,0.8121,0.1352,0.5176,1497,76
RSC-2020-02212,v2.2.1,2020-07-16 00:32:58,49,0.0007,0.8251,0.1488,0.4834,902,34
RSC-2020-02213,v2.1.4,2020-02-13 22:04:52,38,0.0814,0.7908,0.1384,0.5045,880,32
RSC-2020-02214,v2.1.3,2020-09-19 00:07:45,46,0.0247,0.8071,0.1423,0.4956,885,93
RSC-2020-02215,v2.1.3,2020-07-18 02:49:17,53,0.009,0.8122,0.1444,0.5101,878,123
RSC-2020-02216,v2.2.1,2020-09-26 22:53:48,38,0.0395,0.8009,0.1496,0.516,1463,116
RSC-2020-02217,v2.2.1,2020-09-19 09:43:53,57,0.0319,0.7946,0.1463,0.5108,1310,111
RSC-2020-02218,v2.1.3,2020-11-07 08:44:14,56,0.0557,0.7935,0.1506,0.5097,1421,90
RSC-2020-02219,v2.2.0,2020-12-21 09:04:05,50,0.0043,0.8245,0.1544,0.5431,843,133
RSC-2020-02220,v2.1.3,2020-08-14 18:18:49,36,0.0245,0.7705,0.1286,0.5201,947,124
RSC-2020-02221,v2.2.0,2020-05-02 05:22:04,41,0.0344,0.8121,0.1265,0.5172,1256,98
RSC-2020-02222,v2.2.0,2020-05-04 21:03:01,55,0.0327,0.8095,0.1574,0.5113,1459,130
RSC-2020-02223,v2.2.1,2020-10-04 04:20:56,36,0.075,0.8349,0.1417,0.5072,940,69
RSC-2020-02224,v2.2.0,2020-02-08 13:11:07,34,0.0668,0.8223,0.1477,0.5025,1441,124
RSC-2020-02225,v2.3.0,2020-02-01 21:44:15,56,0.0261,0.813,0.1414,0.4668,1356,61
RSC-2020-02226,v2.2.1,2020-10-22 04:09:42,48,0.117,0.8187,0.1567,0.5214,1115,76
RSC-2020-02227,v2.2.0,2020-08-07 04:23:19,38,0.0131,0.8336,0.1333,0.5149,1219,47
RSC-2020-02228,v2.1.4,2020-06-11 10:51:39,45,0.0292,0.816,0.1321,0.4613,1113,66
RSC-2020-02229,v2.1.4,2020-02-22 21:46:35,36,0.0376,0.8153,0.1146,0.5175,1498,112
RSC-2020-02230,v2.2.0,2020-09-30 23:12:07,45,0.0276,0.8133,0.1545,0.4818,1359,112
RSC-2020-02231,v2.1.3,2020-10-06 09:56:45,57,0.0445,0.8305,0.132,0.5103,1295,134
RSC-2020-02232,v2.2.0,2020-04-11 02:44:34,51,0.0132,0.7903,0.1235,0.5041,806,111
RSC-2020-02233,v2.2.1,2020-03-19 00:10:46,42,0.0358,0.8269,0.1533,0.5129,1376,22
RSC-2020-02234,v2.1.4,2020-07-14 02:30:55,43,0.0253,0.7978,0.1291,0.5057,1429,36
RSC-2020-02235,v2.1.4,2020-06-24 16:11:22,46,0.0667,0.8419,0.144,0.4961,1053,22
RSC-2020-02236,v2.3.0,2020-05-28 15:56:18,45,0.0066,0.8124,0.157,0.5162,1438,120
RSC-2020-02237,v2.3.0,2020-05-24 06:23:16,54,0.0827,0.7958,0.1338,0.5352,1154,36
RSC-2020-02238,v2.1.4,2020-08-09 00:22:52,44,0.0202,0.8079,0.1459,0.501,1238,118
RSC-2020-02239,v2.1.3,2020-05-28 01:59:58,53,0.0327,0.8189,0.1465,0.5088,822,88
RSC-2020-02240,v2.1.4,2020-05-04 14:30:12,48,0.079,0.7965,0.1452,0.4872,1483,48
RSC-2020-02241,v2.2.0,2020-05-28 18:02:14,48,0.0128,0.8173,0.1366,0.5161,1457,27
RSC-2020-02242,v2.2.0,2020-12-13 16:11:55,51,0.0508,0.865,0.1393,0.5203,1015,132
RSC-2020-02243,v2.1.3,2020-04-02 04:04:52,40,0.0415,0.8272,0.1417,0.5329,1211,35
RSC-2020-02244,v2.2.1,2020-05-27 19:33:02,48,0.023,0.811,0.1372,0.5161,855,114
RSC-2020-02245,v2.3.0,2020-06-04 12:03:39,39,0.0508,0.781,0.1371,0.5059,1063,102
RSC-2020-02246,v2.3.0,2020-04-02 05:06:56,34,0.0108,0.7925,0.1625,0.5053,1414,119
RSC-2020-02247,v2.1.4,2020-06-16 23:35:34,35,0.0683,0.8343,0.1258,0.5438,1128,30
RSC-2020-02248,v2.1.4,2020-09-30 22:38:10,41,0.0337,0.8331,0.14,0.4798,1401,71
RSC-2020-02249,v2.1.3,2020-07-18 07:40:15,46,0.0351,0.8178,0.1528,0.4899,1553,30
RSC-2020-02250,v2.1.4,2020-01-09 13:58:24,43,0.0304,0.7843,0.1177,0.5393,982,29
RSC-2020-02251,v2.1.3,2020-09-27 18:47:09,43,0.0052,0.8026,0.1542,0.5025,1513,62
RSC-2020-02252,v2.2.0,2020-10-01 14:59:35,42,0.03,0.7959,0.1497,0.4782,894,137
RSC-2020-02253,v2.1.3,2020-07-05 07:48:46,36,0.0242,0.812,0.143,0.5047,975,124
RSC-2020-02254,v2.2.0,2020-11-23 10:26:07,36,0.0139,0.8221,0.149,0.5222,1496,54
RSC-2020-02255,v2.2.0,2020-04-19 08:06:06,47,0.0525,0.7639,0.1322,0.5616,1095,59
RSC-2020-02256,v2.1.3,2020-11-18 23:46:45,35,0.0904,0.7776,0.1503,0.4983,1056,33
RSC-2020-02257,v2.1.4,2020-07-07 19:36:00,42,0.0089,0.825,0.1417,0.4874,857,36
RSC-2020-02258,v2.1.4,2020-06-01 18:21:42,39,0.0706,0.8196,0.1479,0.5031,1213,77
RSC-2020-02259,v2.2.1,2020-11-29 00:13:02,54,0.016,0.8014,0.1467,0.5062,1561,75
RSC-2020-02260,v2.2.1,2020-05-13 10:54:44,47,0.0814,0.8028,0.1442,0.5774,1522,110
RSC-2020-02261,v2.2.1,2020-10-14 14:43:41,36,0.0177,0.8122,0.1465,0.4991,1543,124
RSC-2020-02262,v2.3.0,2020-12-02 22:53:50,37,0.0188,0.8088,0.1171,0.4896,1003,114
RSC-2020-02263,v2.2.0,2020-10-15 03:38:08,44,0.0356,0.8042,0.1231,0.514,868,117
RSC-2020-02264,v2.1.3,2020-06-18 12:40:46,40,0.0629,0.7858,0.1336,0.5098,1116,71
RSC-2020-02265,v2.3.0,2020-09-24 14:44:18,51,0.0259,0.8362,0.141,0.5025,833,68
RSC-2020-02266,v2.1.3,2020-04-16 13:04:45,55,0.0618,0.8036,0.1562,0.523,1545,96
RSC-2020-02267,v2.2.0,2020-05-10 19:19:12,49,0.0515,0.8079,0.168,0.4851,1273,37
RSC-2020-02268,v2.1.3,2020-11-13 06:38:12,51,0.0079,0.8307,0.1302,0.521,958,88
RSC-2020-02269,v2.2.1,2020-06-16 19:31:57,40,0.0539,0.8069,0.1455,0.499,1463,24
RSC-2020-02270,v2.2.0,2020-07-11 05:34:28,36,0.02,0.844,0.1283,0.4954,1444,73
RSC-2020-02271,v2.2.0,2020-01-23 12:44:12,39,0.0372,0.7978,0.1467,0.5221,1162,101
RSC-2020-02272,v2.1.3,2020-10-15 06:44:40,41,0.0548,0.8155,0.158,0.522,915,46
RSC-2020-02273,v2.1.4,2020-08-28 17:51:25,40,0.0179,0.8455,0.1395,0.5043,1429,68
RSC-2020-02274,v2.1.4,2020-04-28 23:29:02,57,0.0117,0.8148,0.1496,0.5465,1471,43
RSC-2020-02275,v2.2.1,2020-03-03 06:52:50,56,0.0138,0.8151,0.1334,0.5219,1578,66
RSC-2020-02276,v2.1.4,2020-10-09 15:46:13,40,0.0382,0.8101,0.1204,0.4947,1175,135
RSC-2020-02277,v2.1.4,2020-02-10 23:45:42,37,0.0078,0.8016,0.1483,0.493,939,70
RSC-2020-02278,v2.3.0,2020-05-14 04:54:54,37,0.0138,0.8332,0.1329,0.5297,1436,58
RSC-2020-02279,v2.2.0,2020-03-29 06:31:26,45,0.0183,0.8026,0.164,0.5324,918,22
RSC-2020-02280,v2.2.0,2020-09-25 07:34:31,43,0.0701,0.8024,0.1352,0.5291,961,118
RSC-2020-02281,v2.2.0,2020-09-10 16:56:11,48,0.0784,0.776,0.1296,0.4986,1523,56
RSC-2020-02282,v2.2.1,2020-03-22 15:14:48,37,0.0716,0.7962,0.1412,0.5131,1147,76
RSC-2020-02283,v2.2.0,2020-12-26 23:38:49,34,0.0488,0.8086,0.1569,0.4906,1427,31
RSC-2020-02284,v2.2.1,2020-01-09 01:18:25,49,0.0256,0.8382,0.1481,0.531,1099,126
RSC-2020-02285,v2.1.4,2020-12-02 09:01:37,53,0.0184,0.7711,0.1563,0.5351,1095,37
RSC-2020-02286,v2.1.3,2020-08-12 01:12:31,41,0.05,0.8089,0.1261,0.505,1595,100
RSC-2020-02287,v2.2.1,2020-05-19 10:20:27,51,0.0329,0.8094,0.1505,0.5153,1082,117
RSC-2020-02288,v2.2.0,2020-06-06 14:10:31,35,0.0412,0.8128,0.1502,0.5062,1581,127
RSC-2020-02289,v2.1.4,2020-05-15 19:34:50,51,0.0342,0.8124,0.1347,0.5339,1233,54
RSC-2020-02290,v2.2.1,2020-04-09 08:10:45,57,0.0148,0.8241,0.1329,0.5059,1562,120
RSC-2020-02291,v2.3.0,2020-09-02 07:46:43,54,0.004,0.8008,0.1335,0.4771,1536,71
RSC-2020-02292,v2.1.4,2020-05-21 17:32:38,34,0.0305,0.8026,0.1686,0.4724,1411,70
RSC-2020-02293,v2.2.0,2020-03-11 22:42:05,46,0.0256,0.8133,0.1445,0.5032,826,62
RSC-2020-02294,v2.1.3,2020-10-01 01:16:09,37,0.0417,0.8167,0.1602,0.495,809,43
RSC-2020-02295,v2.1.3,2020-12-13 18:31:55,41,0.0072,0.8322,0.1423,0.5056,889,100
RSC-2020-02296,v2.3.0,2020-04-08 07:17:42,34,0.0221,0.8124,0.1395,0.543,862,57
RSC-2020-02297,v2.1.3,2020-05-25 11:58:18,38,0.0106,0.8158,0.1472,0.4926,1230,108
RSC-2020-02298,v2.3.0,2020-05-22 22:44:56,34,0.0298,0.8147,0.1694,0.4893,1376,127
RSC-2020-02299,v2.2.0,2020-12-01 05:43:33,48,0.017,0.7803,0.1351,0.521,1247,110
RSC-2020-02300,v2.1.4,2020-10-02 13:33:09,48,0.0412,0.8096,0.1464,0.5251,1082,138
RSC-2020-02301,v2.1.3,2020-07-28 12:03:23,47,0.0774,0.8295,0.1568,0.537,1081,115
RSC-2020-02302,v2.1.4,2020-01-04 07:57:36,42,0.0221,0.8204,0.1274,0.51,1361,42
RSC-2020-02303,v2.2.0,2020-11-01 22:49:58,54,0.0097,0.8023,0.1574,0.4826,1519,125
RSC-2020-02304,v2.3.0,2020-12-17 12:28:15,45,0.0135,0.8023,0.1168,0.4707,1460,40
RSC-2020-02305,v2.2.0,2020-06-10 01:36:41,45,0.0683,0.8219,0.1362,0.5057,1031,31
RSC-2020-02306,v2.1.4,2020-07-18 22:14:21,50,0.0296,0.7942,0.1427,0.4916,932,104
RSC-2020-02307,v2.1.4,2020-01-26 13:43:29,55,0.0322,0.8215,0.1507,0.5314,1359,115
RSC-2020-02308,v2.1.4,2020-12-24 21:33:35,49,0.0962,0.8272,0.1372,0.5051,1477,76
RSC-2020-02309,v2.1.3,2020-12-15 16:02:18,55,0.04,0.8336,0.122,0.5359,1127,79
RSC-2020-02310,v2.2.0,2020-01-24 14:00:56,55,0.009,0.8234,0.1375,0.5045,1595,101
RSC-2020-02311,v2.2.0,2020-05-11 08:32:41,56,0.0108,0.8507,0.1224,0.513,1350,21
RSC-2020-02312,v2.3.0,2020-03-24 05:45:20,35,0.0351,0.8197,0.1471,0.4792,1100,55
RSC-2020-02313,v2.2.0,2020-10-04 02:22:38,41,0.0381,0.8079,0.1344,0.5209,1582,76
RSC-2020-02314,v2.2.0,2020-04-28 21:46:39,54,0.0176,0.8164,0.151,0.525,1430,130
RSC-2020-02315,v2.2.1,2020-07-18 03:35:26,34,0.0199,0.797,0.1434,0.5216,1256,20
RSC-2020-02316,v2.3.0,2020-11-17 02:53:01,48,0.0705,0.8248,0.1437,0.5059,1470,65
RSC-2020-02317,v2.2.1,2020-10-24 00:22:54,49,0.0537,0.8153,0.1275,0.5014,1211,125
RSC-2020-02318,v2.1.3,2020-06-15 16:17:07,47,0.0276,0.8137,0.153,0.5219,1597,40
RSC-2020-02319,v2.2.1,2020-02-08 06:06:29,37,0.0256,0.7939,0.1407,0.5215,1421,123
RSC-2020-02320,v2.1.4,2020-08-05 09:07:04,37,0.0692,0.8205,0.1416,0.5056,1228,36
RSC-2020-02321,v2.1.3,2020-08-27 00:45:05,38,0.0374,0.7852,0.1471,0.4958,1013,69
RSC-2020-02322,v2.2.0,2020-10-04 09:55:01,42,0.0815,0.8226,0.1337,0.5273,1158,92
RSC-2020-02323,v2.1.3,2020-08-13 14:24:02,52,0.0494,0.8283,0.1557,0.5247,1358,30
RSC-2020-02324,v2.1.3,2020-07-22 01:38:27,48,0.1141,0.8332,0.1222,0.5234,1143,23
RSC-2020-02325,v2.2.1,2020-11-23 12:17:22,56,0.0241,0.8007,0.1477,0.5232,1187,54
RSC-2020-02326,v2.2.1,2020-01-04 04:50:22,48,0.0214,0.7905,0.1353,0.5064,1332,49
RSC-2020-02327,v2.1.3,2020-02-09 21:25:41,41,0.0328,0.834,0.1483,0.5102,1160,97
RSC-2020-02328,v2.3.0,2020-09-19 08:11:36,50,0.0271,0.8117,0.1375,0.4951,1179,56
RSC-2020-02329,v2.1.4,2020-03-28 23:41:36,39,0.0212,0.823,0.1433,0.5091,852,95
RSC-2020-02330,v2.2.1,2020-11-16 02:12:05,36,0.0126,0.8,0.1411,0.4879,1119,105
RSC-2020-02331,v2.2.1,2020-12-02 23:23:33,45,0.0332,0.8015,0.1298,0.5203,1568,34
RSC-2020-02332,v2.3.0,2020-12-10 00:39:10,34,0.048,0.7788,0.1583,0.5013,1179,106
RSC-2020-02333,v2.2.0,2020-09-25 01:25:38,53,0.0198,0.8132,0.1286,0.5106,1209,90
RSC-2020-02334,v2.2.0,2020-08-10 21:40:58,43,0.0407,0.8137,0.1497,0.531,1012,68
RSC-2020-02335,v2.1.4,2020-10-05 20:54:33,42,0.0449,0.8403,0.1378,0.5066,926,116
RSC-2020-02336,v2.1.3,2020-12-20 20:16:10,57,0.0111,0.8431,0.1133,0.5191,1238,88
RSC-2020-02337,v2.1.3,2020-10-23 22:32:41,35,0.0423,0.8052,0.1497,0.5075,1332,91
RSC-2020-02338,v2.2.1,2020-09-11 01:56:33,42,0.0252,0.8117,0.1492,0.5295,1479,105
RSC-2020-02339,v2.2.1,2020-09-20 02:23:39,47,0.0274,0.8045,0.1295,0.518,1132,39
RSC-2020-02340,v2.1.4,2020-07-30 18:44:43,46,0.055,0.8229,0.1552,0.5328,1403,49
RSC-2020-02341,v2.2.0,2020-08-09 00:56:55,51,0.0027,0.8268,0.1499,0.469,1117,51
RSC-2020-02342,v2.2.0,2020-03-14 06:10:44,42,0.031,0.8359,0.1524,0.5072,1013,49
RSC-2020-02343,v2.1.3,2020-09-13 10:31:11,36,0.0203,0.8272,0.1458,0.5272,879,132
RSC-2020-02344,v2.1.3,2020-02-24 10:35:17,56,0.062,0.8589,0.1716,0.5282,878,44
RSC-2020-02345,v2.1.4,2020-03-10 09:09:54,48,0.0261,0.8432,0.1602,0.5058,826,137
RSC-2020-02346,v2.1.4,2020-11-28 07:07:29,50,0.0589,0.8336,0.1529,0.5352,1211,125
RSC-2020-02347,v2.2.1,2020-11-05 17:15:57,46,0.0005,0.8167,0.1314,0.5163,925,82
RSC-2020-02348,v2.1.4,2020-09-26 06:46:23,36,0.0145,0.79,0.1489,0.539,1551,101
RSC-2020-02349,v2.3.0,2020-06-17 10:36:14,37,0.0589,0.8027,0.1495,0.4917,1051,119
RSC-2020-02350,v2.1.3,2020-01-12 10:12:15,39,0.0292,0.8007,0.1491,0.5299,1362,76
RSC-2020-02351,v2.3.0,2020-04-09 12:52:30,38,0.0913,0.801,0.1368,0.502,1574,68
RSC-2020-02352,v2.3.0,2020-05-03 03:00:22,57,0.0568,0.8142,0.1419,0.4998,1057,44
RSC-2020-02353,v2.1.3,2020-01-17 08:09:41,43,0.0628,0.8046,0.1543,0.4752,1106,137
RSC-2020-02354,v2.3.0,2020-05-07 07:04:37,44,0.0996,0.8146,0.1605,0.4985,1114,117
RSC-2020-02355,v2.1.3,2020-10-17 14:12:25,41,0.0302,0.7883,0.1521,0.5113,1360,44
RSC-2020-02356,v2.2.1,2020-01-29 23:21:03,46,0.0078,0.7995,0.1372,0.5013,1445,92
RSC-2020-02357,v2.1.3,2020-06-04 10:24:39,36,0.0367,0.7931,0.1389,0.5306,975,105
RSC-2020-02358,v2.2.1,2020-11-14 00:49:15,41,0.0676,0.8342,0.1478,0.5103,926,111
RSC-2020-02359,v2.1.3,2020-05-06 16:11:50,57,0.1028,0.8324,0.1264,0.5146,1241,23
RSC-2020-02360,v2.1.4,2020-08-16 05:22:49,34,0.0254,0.8284,0.1425,0.5065,1510,113
RSC-2020-02361,v2.2.0,2020-08-13 17:09:09,37,0.0407,0.8388,0.1547,0.5708,1044,133
RSC-2020-02362,v2.1.3,2020-07-11 12:20:45,44,0.0491,0.8143,0.1523,0.5335,1118,44
RSC-2020-02363,v2.1.4,2020-11-30 20:00:58,49,0.0478,0.828,0.1436,0.5339,1260,122
RSC-2020-02364,v2.1.3,2020-04-24 13:56:15,35,0.079,0.8326,0.1377,0.5182,946,62
RSC-2020-02365,v2.2.1,2020-02-04 14:23:15,55,0.0236,0.8016,0.151,0.5007,1386,74
RSC-2020-02366,v2.1.3,2020-03-16 18:59:52,55,0.0299,0.8377,0.1596,0.5144,833,81
RSC-2020-02367,v2.2.1,2020-08-24 06:53:38,36,0.0462,0.7445,0.1515,0.5119,810,82
RSC-2020-02368,v2.3.0,2020-02-02 13:11:26,47,0.1367,0.8116,0.1443,0.5083,1188,55
RSC-2020-02369,v2.2.0,2020-09-25 17:47:54,35,0.0362,0.7983,0.1315,0.514,895,135
RSC-2020-02370,v2.3.0,2020-04-13 22:08:17,53,0.0221,0.7763,0.1418,0.5112,1200,113
RSC-2020-02371,v2.2.1,2020-09-15 03:01:34,50,0.0172,0.7772,0.1448,0.5078,1163,84
RSC-2020-02372,v2.1.3,2020-11-05 08:19:27,53,0.0748,0.8111,0.1504,0.5396,1472,119
RSC-2020-02373,v2.1.4,2020-09-04 08:08:25,56,0.0324,0.8463,0.1479,0.5605,1596,99
RSC-2020-02374,v2.1.4,2020-08-13 13:43:48,41,0.0252,0.7905,0.1371,0.5254,1039,23
RSC-2020-02375,v2.1.3,2020-08-20 19:14:55,43,0.0149,0.8101,0.1444,0.5114,1347,64
RSC-2020-02376,v2.1.3,2020-01-27 11:43:51,42,0.0715,0.8289,0.14,0.5067,1387,77
RSC-2020-02377,v2.2.1,2020-08-31 15:17:05,44,0.0431,0.7997,0.1412,0.5064,1542,104
RSC-2020-02378,v2.2.0,2020-08-06 04:52:16,52,0.0382,0.7778,0.1376,0.5155,893,42
RSC-2020-02379,v2.2.1,2020-05-09 19:10:52,42,0.0097,0.7942,0.1484,0.4867,1429,123
RSC-2020-02380,v2.1.3,2020-11-02 05:47:28,48,0.0135,0.8176,0.1518,0.5287,912,31
RSC-2020-02381,v2.2.0,2020-11-24 14:37:48,53,0.0244,0.7965,0.1465,0.4998,1317,47
RSC-2020-02382,v2.3.0,2020-09-18 22:21:02,56,0.116,0.7874,0.1423,0.5374,1035,81
RSC-2020-02383,v2.2.1,2020-02-01 22:44:14,35,0.0196,0.8077,0.1641,0.5467,910,116
RSC-2020-02384,v2.1.4,2020-09-16 17:49:18,40,0.0236,0.7955,0.1488,0.4892,1257,112
RSC-2020-02385,v2.1.4,2020-08-19 18:39:30,54,0.0407,0.7984,0.1233,0.476,1423,132
RSC-2020-02386,v2.1.4,2020-02-11 22:03:00,37,0.0485,0.807,0.1581,0.4933,1495,94
RSC-2020-02387,v2.1.3,2020-05-05 08:34:33,34,0.057,0.8246,0.1376,0.5049,1311,41
RSC-2020-02388,v2.2.0,2020-12-05 08:47:21,50,0.0278,0.807,0.1421,0.5144,847,77
RSC-2020-02389,v2.1.4,2020-02-26 07:26:22,38,0.0392,0.8326,0.1479,0.5197,1479,31
RSC-2020-02390,v2.2.1,2020-07-23 02:30:02,50,0.0196,0.8315,0.1609,0.4797,1450,53
RSC-2020-02391,v2.3.0,2020-10-18 02:35:29,47,0.0351,0.8107,0.1307,0.502,1205,132
RSC-2020-02392,v2.1.3,2020-05-16 20:15:12,35,0.0176,0.7758,0.1318,0.4879,889,96
RSC-2020-02393,v2.1.3,2020-02-17 18:02:36,53,0.0627,0.8313,0.143,0.5298,1128,60
RSC-2020-02394,v2.3.0,2020-04-03 23:25:47,39,0.0385,0.8155,0.1491,0.5215,1327,75
RSC-2020-02395,v2.2.1,2020-07-12 11:40:25,46,0.0418,0.8253,0.1474,0.5512,982,70
RSC-2020-02396,v2.1.4,2020-03-09 00:58:00,40,0.0778,0.7466,0.1309,0.5247,1463,22
RSC-2020-02397,v2.1.3,2020-04-04 12:49:20,44,0.0732,0.7988,0.133,0.4846,1461,41
RSC-2020-02398,v2.3.0,2020-08-13 12:50:08,38,0.0638,0.7869,0.1408,0.4931,1532,52
RSC-2020-02399,v2.2.0,2020-09-10 03:01:40,55,0.0354,0.8043,0.1307,0.5328,905,63
RSC-2020-02400,v2.3.0,2020-05-08 19:29:26,57,0.0224,0.8331,0.1438,0.5251,1513,90
RSC-2020-02401,v2.1.4,2020-01-13 14:28:57,36,0.0046,0.7695,0.1543,0.505,1221,23
RSC-2020-02402,v2.2.1,2020-04-20 12:54:54,44,0.0365,0.7789,0.16,0.5014,1046,121
RSC-2020-02403,v2.1.4,2020-07-18 22:49:52,50,0.0123,0.8068,0.1401,0.5152,1158,113
RSC-2020-02404,v2.1.4,2020-08-21 01:54:09,38,0.0304,0.7989,0.1733,0.5418,1367,59
RSC-2020-02405,v2.1.3,2020-03-13 20:55:34,48,0.0137,0.8237,0.1462,0.4887,1016,75
RSC-2020-02406,v2.1.3,2020-09-11 00:22:07,38,0.0333,0.8369,0.1391,0.5118,855,135
RSC-2020-02407,v2.2.0,2020-02-06 01:13:07,57,0.0316,0.8624,0.131,0.5002,803,127
RSC-2020-02408,v2.1.3,2020-02-29 12:11:02,53,0.0332,0.8194,0.1284,0.4939,1321,107
RSC-2020-02409,v2.1.4,2020-02-24 08:13:03,37,0.0281,0.8386,0.1414,0.4964,1146,56
RSC-2020-02410,v2.2.1,2020-09-23 21:09:55,57,0.0473,0.7829,0.1446,0.5001,1210,60
RSC-2020-02411,v2.1.3,2020-08-04 15:19:34,40,0.0492,0.8128,0.1243,0.5533,1007,30
RSC-2020-02412,v2.1.4,2020-08-24 13:24:50,55,0.0577,0.8064,0.148,0.5644,1531,135
RSC-2020-02413,v2.2.0,2020-06-01 21:34:57,50,0.0209,0.7914,0.1372,0.5225,829,122
RSC-2020-02414,v2.2.1,2020-06-03 09:58:00,47,0.0516,0.7972,0.144,0.5014,1591,39
RSC-2020-02415,v2.2.1,2020-02-26 14:38:14,43,0.0248,0.8054,0.1526,0.5069,996,51
RSC-2020-02416,v2.3.0,2020-12-02 22:26:33,41,0.0364,0.8099,0.1574,0.4869,982,76
RSC-2020-02417,v2.3.0,2020-07-02 06:02:22,55,0.0207,0.7927,0.137,0.5222,1386,51
RSC-2020-02418,v2.1.3,2020-06-14 16:03:42,44,0.0057,0.8149,0.1341,0.5108,1476,27
RSC-2020-02419,v2.2.0,2020-12-17 00:07:20,40,0.0217,0.8348,0.1418,0.4907,1115,73
RSC-2020-02420,v2.1.4,2020-06-30 17:06:16,50,0.0401,0.7992,0.1418,0.5226,1501,74
RSC-2020-02421,v2.2.1,2020-03-06 04:25:19,51,0.0536,0.8047,0.1267,0.4594,1251,78
RSC-2020-02422,v2.3.0,2020-03-27 14:23:08,35,0.0338,0.7909,0.1303,0.5084,1096,105
RSC-2020-02423,v2.1.4,2020-07-17 14:15:50,42,0.0362,0.8405,0.1372,0.5438,1301,20
RSC-2020-02424,v2.1.3,2020-02-29 06:10:49,49,0.0509,0.8245,0.1353,0.5269,1379,138
RSC-2020-02425,v2.3.0,2020-08-04 17:13:40,36,0.0117,0.8329,0.1404,0.5116,1542,45
RSC-2020-02426,v2.2.1,2020-05-28 21:21:29,52,0.0348,0.7984,0.1555,0.5261,1599,94
RSC-2020-02427,v2.1.4,2020-10-24 03:15:06,44,0.0368,0.8092,0.1287,0.5521,1583,79
RSC-2020-02428,v2.3.0,2020-12-30 03:23:29,49,0.0108,0.7996,0.1176,0.5012,1517,20
RSC-2020-02429,v2.2.1,2020-05-19 02:48:17,42,0.0459,0.8267,0.1452,0.5119,1044,47
RSC-2020-02430,v2.2.0,2020-07-03 15:51:43,43,0.0621,0.8144,0.1503,0.4982,816,89
RSC-2020-02431,v2.1.3,2020-03-09 00:33:17,50,0.0178,0.828,0.1434,0.493,1427,121
RSC-2020-02432,v2.2.1,2020-07-19 10:41:44,57,0.0116,0.7736,0.1162,0.5029,1573,21
RSC-2020-02433,v2.2.0,2020-09-05 13:28:46,51,0.0281,0.8478,0.1492,0.4885,1545,21
RSC-2020-02434,v2.2.0,2020-07-10 04:57:56,46,0.0397,0.8418,0.1408,0.5053,1423,69
RSC-2020-02435,v2.1.4,2020-05-28 12:27:49,43,0.0356,0.8048,0.1541,0.5214,1525,98
RSC-2020-02436,v2.2.0,2020-06-26 13:18:31,47,0.0685,0.792,0.1449,0.5236,1292,87
RSC-2020-02437,v2.2.1,2020-05-19 22:17:18,54,0.0194,0.8357,0.157,0.5229,1078,90
RSC-2020-02438,v2.3.0,2020-03-13 04:16:40,52,0.0365,0.8186,0.1469,0.4957,978,52
RSC-2020-02439,v2.3.0,2020-05-01 17:36:15,36,0.0105,0.8259,0.1279,0.5479,1476,64
RSC-2020-02440,v2.2.1,2020-12-28 04:41:58,46,0.0255,0.7953,0.1332,0.5273,1355,114
RSC-2020-02441,v2.2.1,2020-04-02 23:22:59,51,0.0624,0.8133,0.1453,0.5262,981,34
RSC-2020-02442,v2.1.3,2020-04-27 14:55:19,45,0.022,0.8116,0.1575,0.4967,1172,27
RSC-2020-02443,v2.1.3,2020-11-29 23:39:10,53,0.0797,0.8351,0.1354,0.5137,1335,34
RSC-2020-02444,v2.1.4,2020-04-06 08:41:52,39,0.0459,0.8244,0.1369,0.493,1047,120
RSC-2020-02445,v2.3.0,2020-07-08 07:02:52,51,0.1313,0.8037,0.1507,0.4964,1501,78
RSC-2020-02446,v2.3.0,2020-10-15 14:51:17,53,0.0157,0.8048,0.1557,0.5481,976,83
RSC-2020-02447,v2.3.0,2020-01-04 18:43:54,44,0.0041,0.7953,0.1304,0.49,934,53
RSC-2020-02448,v2.1.3,2020-11-09 01:32:28,49,0.0221,0.8242,0.1742,0.4913,1528,125
RSC-2020-02449,v2.3.0,2020-05-14 21:29:50,48,0.0492,0.8146,0.1231,0.4942,1344,98
RSC-2020-02450,v2.2.0,2020-12-20 04:53:57,57,0.0033,0.782,0.1232,0.5115,1417,74
RSC-2020-02451,v2.1.3,2020-08-29 05:48:41,52,0.0295,0.7918,0.1365,0.5192,1210,94
RSC-2020-02452,v2.1.4,2020-09-16 08:26:08,43,0.042,0.8272,0.1499,0.4666,1382,89
RSC-2020-02453,v2.1.3,2020-12-05 07:59:59,38,0.012,0.7873,0.1549,0.5329,915,56
RSC-2020-02454,v2.1.4,2020-08-07 22:15:27,36,0.0259,0.7906,0.1316,0.4937,1204,47
RSC-2020-02455,v2.2.0,2020-06-20 15:39:58,47,0.0324,0.8159,0.1315,0.4821,1595,98
RSC-2020-02456,v2.2.0,2020-02-17 06:57:23,34,0.0688,0.8288,0.1393,0.4888,923,87
RSC-2020-02457,v2.1.4,2020-08-22 23:35:20,55,0.0478,0.8214,0.1492,0.5453,974,83
RSC-2020-02458,v2.3.0,2020-08-22 15:23:43,49,0.0437,0.7954,0.1436,0.4899,1406,72
RSC-2020-02459,v2.3.0,2020-08-07 19:03:53,40,0.0441,0.8466,0.1363,0.5214,1371,111
RSC-2020-02460,v2.2.1,2020-09-14 11:49:46,36,0.0351,0.826,0.1459,0.511,1077,103
RSC-2020-02461,v2.2.1,2020-02-28 22:53:02,56,0.0336,0.83,0.1571,0.507,1185,32
RSC-2020-02462,v2.1.4,2020-01-19 07:07:27,54,0.0546,0.7828,0.132,0.5242,1289,51
RSC-2020-02463,v2.1.4,2020-08-22 17:43:43,48,0.0322,0.7947,0.14,0.4991,1300,21
RSC-2020-02464,v2.1.4,2020-03-17 16:01:25,51,0.0616,0.8084,0.1557,0.5381,885,93
RSC-2020-02465,v2.1.3,2020-09-03 01:36:01,53,0.1201,0.7837,0.1465,0.5158,1479,32
RSC-2020-02466,v2.3.0,2020-04-20 04:32:55,53,0.0157,0.7682,0.1458,0.5335,1048,92
RSC-2020-02467,v2.1.4,2020-01-23 01:31:39,42,0.0875,0.8029,0.1468,0.5122,1223,101
RSC-2020-02468,v2.2.1,2020-10-11 14:12:49,56,0.0741,0.8214,0.1523,0.543,1388,108
RSC-2020-02469,v2.2.0,2020-12-13 21:47:04,45,0.0728,0.8223,0.1423,0.5241,1524,81
RSC-2020-02470,v2.2.1,2020-09-17 19:47:22,34,0.0658,0.8275,0.1342,0.548,1574,38
RSC-2020-02471,v2.1.3,2020-08-09 03:43:52,34,0.0857,0.8389,0.1384,0.5281,1304,132
RSC-2020-02472,v2.1.4,2020-10-25 18:34:06,53,0.0204,0.8127,0.1378,0.4869,1135,121
RSC-2020-02473,v2.1.3,2020-12-07 12:19:18,51,0.0208,0.8029,0.1414,0.5499,1279,85
RSC-2020-02474,v2.1.3,2020-07-20 09:03:34,55,0.0228,0.8138,0.1532,0.5586,1430,61
RSC-2020-02475,v2.1.4,2020-09-06 17:27:53,35,0.0137,0.8203,0.1461,0.513,1337,54
RSC-2020-02476,v2.1.4,2020-11-22 02:39:15,53,0.014,0.8001,0.1413,0.5355,959,30
RSC-2020-02477,v2.3.0,2020-06-26 23:39:31,54,0.0159,0.8123,0.1361,0.534,1121,56
RSC-2020-02478,v2.1.3,2020-01-14 20:22:21,38,0.0253,0.8168,0.1399,0.5285,915,69
RSC-2020-02479,v2.1.4,2020-01-05 04:22:08,42,0.0266,0.8194,0.1598,0.5373,1195,138
RSC-2020-02480,v2.2.1,2020-07-17 02:28:23,44,0.0553,0.8152,0.1412,0.5164,1445,63
RSC-2020-02481,v2.3.0,2020-02-06 19:07:53,45,0.0931,0.8339,0.1229,0.5097,845,93
RSC-2020-02482,v2.2.1,2020-12-21 11:40:28,52,0.0087,0.7738,0.1389,0.5505,1090,45
RSC-2020-02483,v2.1.3,2020-02-04 15:58:48,50,0.0218,0.7811,0.1442,0.5071,973,45
RSC-2020-02484,v2.2.0,2020-05-09 09:12:10,56,0.0575,0.8218,0.1261,0.5111,1467,80
RSC-2020-02485,v2.1.3,2020-09-14 07:26:10,34,0.1096,0.8095,0.1539,0.5019,968,110
RSC-2020-02486,v2.1.3,2020-09-29 03:41:54,34,0.1182,0.8088,0.1419,0.5307,1268,116
RSC-2020-02487,v2.1.4,2020-03-25 09:43:12,36,0.0072,0.802,0.1506,0.5171,1233,90
RSC-2020-02488,v2.1.4,2020-09-19 01:57:06,45,0.0153,0.8145,0.1336,0.505,1446,120
RSC-2020-02489,v2.1.4,2020-10-03 12:25:29,46,0.0026,0.8005,0.142,0.4863,1209,24
RSC-2020-02490,v2.2.0,2020-08-05 19:42:53,55,0.0272,0.781,0.1385,0.5192,873,45
RSC-2020-02491,v2.1.4,2020-04-19 11:59:14,37,0.039,0.8181,0.1626,0.4889,1300,75
RSC-2020-02492,v2.1.3,2020-06-15 10:28:13,48,0.0622,0.809,0.1503,0.5383,1308,51
RSC-2020-02493,v2.1.4,2020-08-17 06:57:11,54,0.089,0.8355,0.1247,0.5276,1527,32
RSC-2020-02494,v2.3.0,2020-04-09 08:57:29,41,0.0365,0.8109,0.1471,0.4899,1403,35
RSC-2020-02495,v2.3.0,2020-07-05 21:49:19,34,0.0474,0.8253,0.1446,0.5169,973,61
RSC-2020-02496,v2.1.4,2020-06-26 10:19:54,51,0.0472,0.7898,0.1513,0.4938,1179,122
RSC-2020-02497,v2.2.1,2020-08-17 03:42:14,54,0.0283,0.8592,0.1413,0.5215,1322,87
RSC-2020-02498,v2.2.0,2020-06-19 01:36:25,41,0.0337,0.8102,0.1617,0.5428,1589,84
RSC-2020-02499,v2.2.1,2020-10-10 12:03:01,34,0.0127,0.8226,0.1461,0.4774,811,65
RSC-2020-02500,v2.2.1,2020-09-01 20:01:13,36,0.0478,0.7865,0.1332,0.533,1547,111
RSC-2020-02501,v2.2.0,2020-07-31 20:47:13,53,0.042,0.8006,0.1537,0.5405,1195,76
RSC-2020-02502,v2.1.4,2020-08-27 09:01:02,55,0.0805,0.8335,0.1356,0.512,1135,76
RSC-2020-02503,v2.1.3,2020-09-15 11:09:16,46,0.0261,0.7986,0.1327,0.5042,1579,37
RSC-2020-02504,v2.1.4,2020-04-02 05:37:56,36,0.0399,0.7986,0.1466,0.4929,1072,49
RSC-2020-02505,v2.3.0,2020-06-15 08:39:05,41,0.0432,0.7874,0.145,0.5395,909,68
RSC-2020-02506,v2.2.0,2020-01-12 09:00:06,36,0.0486,0.8217,0.1473,0.5126,1230,91
RSC-2020-02507,v2.2.1,2020-06-25 18:07:47,47,0.0135,0.8225,0.1383,0.5052,955,123
RSC-2020-02508,v2.2.0,2020-07-03 07:34:34,57,0.0285,0.8352,0.1304,0.5356,1059,99
RSC-2020-02509,v2.2.0,2020-10-25 18:07:53,53,0.0374,0.8177,0.1595,0.4987,990,128
RSC-2020-02510,v2.2.1,2020-06-21 11:44:36,34,0.0434,0.8045,0.142,0.5096,1088,116
RSC-2020-02511,v2.3.0,2020-10-01 08:20:45,45,0.0708,0.8241,0.1398,0.5134,1288,128
RSC-2020-02512,v2.1.3,2020-05-18 19:50:28,51,0.0503,0.8104,0.1613,0.5301,1511,88
RSC-2020-02513,v2.1.3,2020-02-22 18:22:18,53,0.0169,0.7962,0.1327,0.5204,1163,134
RSC-2020-02514,v2.2.0,2020-10-09 07:01:34,36,0.0226,0.7871,0.1485,0.4923,1214,20
RSC-2020-02515,v2.2.0,2020-12-29 16:57:41,57,0.0043,0.7954,0.1282,0.5116,1454,126
RSC-2020-02516,v2.2.1,2020-10-15 04:58:34,36,0.0363,0.8288,0.1331,0.5286,1386,106
RSC-2020-02517,v2.2.0,2020-07-08 01:22:33,57,0.0713,0.8261,0.1371,0.5341,960,62
RSC-2020-02518,v2.2.0,2020-11-22 22:00:01,52,0.0233,0.7865,0.1416,0.527,1405,117
RSC-2020-02519,v2.1.4,2020-05-03 17:51:04,55,0.0204,0.8253,0.1263,0.4909,1401,34
RSC-2020-02520,v2.1.4,2020-08-12 05:38:05,35,0.0299,0.8314,0.1493,0.4858,1474,25
RSC-2020-02521,v2.2.0,2020-12-22 20:44:02,38,0.0961,0.8314,0.1492,0.5321,1536,23
RSC-2020-02522,v2.1.3,2020-06-15 20:07:31,42,0.0538,0.8158,0.1377,0.4698,1589,20
RSC-2020-02523,v2.3.0,2020-03-26 01:34:54,46,0.0398,0.8048,0.1567,0.4889,917,71
RSC-2020-02524,v2.2.0,2020-10-03 23:20:36,54,0.0161,0.8215,0.1449,0.516,1110,118
RSC-2020-02525,v2.1.4,2020-01-01 18:16:41,53,0.0326,0.7962,0.1395,0.4831,1287,98
RSC-2020-02526,v2.3.0,2020-07-16 00:23:43,57,0.0219,0.7888,0.1278,0.513,1384,40
RSC-2020-02527,v2.2.1,2020-03-03 05:11:19,57,0.0362,0.7857,0.1485,0.4859,1573,108
RSC-2020-02528,v2.1.4,2020-01-22 05:05:48,44,0.0768,0.8069,0.1219,0.5308,892,132
RSC-2020-02529,v2.2.1,2020-02-11 03:54:10,39,0.0266,0.8155,0.1656,0.5042,915,43
RSC-2020-02530,v2.1.3,2020-01-05 09:29:55,37,0.0725,0.8162,0.1315,0.5127,1140,103
RSC-2020-02531,v2.1.4,2020-11-18 13:30:09,37,0.0493,0.8097,0.1494,0.506,981,79
RSC-2020-02532,v2.3.0,2020-10-31 21:51:31,49,0.019,0.8147,0.142,0.5127,1315,39
RSC-2020-02533,v2.1.4,2020-03-16 15:19:41,37,0.0377,0.8142,0.16,0.5088,1498,54
RSC-2020-02534,v2.1.4,2020-10-28 04:19:30,46,0.103,0.8237,0.1382,0.5208,879,82
RSC-2020-02535,v2.1.3,2020-05-31 11:58:26,42,0.081,0.8001,0.1448,0.5006,1483,40
RSC-2020-02536,v2.1.4,2020-08-09 14:04:50,51,0.1216,0.8105,0.1598,0.495,958,121
RSC-2020-02537,v2.1.4,2020-10-31 15:33:39,45,0.0435,0.8339,0.1365,0.5217,1301,105
RSC-2020-02538,v2.2.0,2020-07-31 00:53:31,42,0.0525,0.8194,0.1512,0.53,1240,82
RSC-2020-02539,v2.1.3,2020-02-13 03:23:44,57,0.0694,0.801,0.1295,0.5238,860,32
RSC-2020-02540,v2.2.0,2020-11-23 02:35:23,41,0.0422,0.8197,0.1175,0.5065,1134,79
RSC-2020-02541,v2.1.4,2020-10-26 18:48:11,53,0.0249,0.8021,0.1281,0.4975,1120,122
RSC-2020-02542,v2.2.0,2020-03-12 06:52:39,39,0.0236,0.8119,0.1488,0.5403,1052,49
RSC-2020-02543,v2.1.3,2020-09-24 02:04:35,37,0.0074,0.8064,0.1522,0.5103,1452,128
RSC-2020-02544,v2.2.0,2020-04-18 23:46:46,36,0.0441,0.7911,0.1506,0.5125,1454,99
RSC-2020-02545,v2.1.4,2020-06-21 18:47:56,55,0.1229,0.8259,0.1387,0.4953,874,124
RSC-2020-02546,v2.3.0,2020-07-24 14:31:59,36,0.0281,0.8063,0.1599,0.5016,970,65
RSC-2020-02547,v2.2.1,2020-11-24 12:59:15,35,0.0327,0.8034,0.1516,0.4882,1312,95
RSC-2020-02548,v2.1.4,2020-10-15 20:40:59,53,0.0146,0.8098,0.1422,0.5499,1305,116
RSC-2020-02549,v2.2.1,2020-09-09 18:30:35,55,0.0305,0.8237,0.1351,0.4685,876,72
RSC-2020-02550,v2.2.0,2020-02-24 10:04:56,52,0.0237,0.7952,0.143,0.5195,1438,88
RSC-2020-02551,v2.2.0,2020-08-29 22:52:03,49,0.0273,0.8245,0.1289,0.5323,1228,86
RSC-2020-02552,v2.2.0,2020-01-28 01:29:22,51,0.0343,0.8351,0.1527,0.5084,1029,124
RSC-2020-02553,v2.1.3,2020-09-23 17:35:44,38,0.0435,0.8287,0.1616,0.4899,926,103
RSC-2020-02554,v2.1.4,2020-06-03 04:59:01,42,0.0341,0.8074,0.1519,0.5269,1503,71
RSC-2020-02555,v2.2.0,2020-09-12 03:15:57,48,0.0274,0.8371,0.1401,0.5023,1310,68
RSC-2020-02556,v2.2.0,2020-09-24 02:48:27,34,0.067,0.7676,0.1296,0.5551,1080,58
RSC-2020-02557,v2.2.1,2020-11-24 01:58:35,41,0.0306,0.8444,0.1498,0.4988,1376,96
RSC-2020-02558,v2.1.4,2020-04-22 20:37:50,41,0.0672,0.8137,0.1258,0.5499,1064,90
RSC-2020-02559,v2.1.4,2020-04-26 16:26:22,47,0.0366,0.8166,0.1387,0.4845,1524,138
RSC-2020-02560,v2.1.3,2020-03-16 11:11:46,36,0.0186,0.8391,0.1327,0.5043,1319,67
RSC-2020-02561,v2.2.1,2020-10-17 08:19:06,35,0.0239,0.7931,0.1531,0.5448,1084,121
RSC-2020-02562,v2.1.3,2020-10-21 01:27:13,53,0.0631,0.8052,0.1282,0.4957,823,124
RSC-2020-02563,v2.2.0,2020-12-07 21:28:58,55,0.0689,0.8248,0.1595,0.5249,1085,136
RSC-2020-02564,v2.1.3,2020-07-07 03:30:32,36,0.0726,0.8095,0.1369,0.506,967,50
RSC-2020-02565,v2.3.0,2020-10-18 02:57:30,48,0.0364,0.8188,0.1092,0.5608,920,49
RSC-2020-02566,v2.1.3,2020-09-25 00:33:35,53,0.0363,0.8172,0.1481,0.5047,1298,82
RSC-2020-02567,v2.2.0,2020-11-02 21:59:54,54,0.0322,0.7841,0.1394,0.5505,930,135
RSC-2020-02568,v2.1.4,2020-09-25 11:10:34,39,0.0161,0.808,0.1496,0.5192,800,133
RSC-2020-02569,v2.2.1,2020-07-30 17:17:19,42,0.0138,0.82,0.1498,0.5339,1565,74
RSC-2020-02570,v2.1.3,2020-06-23 14:04:37,40,0.054,0.8047,0.165,0.5068,1004,108
RSC-2020-02571,v2.1.3,2020-03-07 13:55:54,42,0.0087,0.8422,0.1506,0.514,873,119
RSC-2020-02572,v2.1.4,2020-10-28 15:59:43,45,0.0415,0.8057,0.1367,0.4796,849,23
RSC-2020-02573,v2.2.1,2020-11-15 08:40:51,41,0.0133,0.8171,0.1439,0.5091,1522,109
RSC-2020-02574,v2.3.0,2020-12-04 06:37:11,51,0.0294,0.8289,0.1341,0.5013,1212,48
RSC-2020-02575,v2.1.4,2020-03-24 08:24:12,46,0.0712,0.8021,0.1527,0.5178,928,52
RSC-2020-02576,v2.2.1,2020-04-08 22:53:58,54,0.0242,0.821,0.1176,0.5214,1539,24
RSC-2020-02577,v2.2.0,2020-02-18 11:19:01,52,0.0536,0.7954,0.1346,0.5097,987,128
RSC-2020-02578,v2.3.0,2020-03-24 02:57:53,56,0.0276,0.7851,0.1429,0.5288,1496,78
RSC-2020-02579,v2.2.0,2020-10-03 21:24:36,36,0.0095,0.7756,0.1299,0.5071,1102,28
RSC-2020-02580,v2.2.1,2020-02-08 05:22:21,46,0.0847,0.8245,0.15,0.5324,1268,55
RSC-2020-02581,v2.2.0,2020-06-24 13:08:39,34,0.0377,0.8388,0.1315,0.5098,1375,73
RSC-2020-02582,v2.1.4,2020-12-29 01:48:01,57,0.0805,0.8206,0.127,0.5312,1101,52
RSC-2020-02583,v2.1.3,2020-03-31 16:23:31,45,0.0088,0.8114,0.1565,0.5036,879,43
RSC-2020-02584,v2.3.0,2020-04-08 18:41:27,38,0.0363,0.8226,0.1424,0.4661,1518,99
RSC-2020-02585,v2.2.1,2020-06-22 16:40:32,45,0.0185,0.8422,0.1525,0.5148,1267,134
RSC-2020-02586,v2.2.1,2020-02-06 22:49:26,37,0.0015,0.8166,0.1347,0.5589,901,116
RSC-2020-02587,v2.2.1,2020-02-26 02:18:44,49,0.0391,0.8343,0.1548,0.4884,1396,109
RSC-2020-02588,v2.3.0,2020-09-14 22:50:27,41,0.0246,0.8176,0.1498,0.5012,1474,124
RSC-2020-02589,v2.3.0,2020-10-16 03:07:01,34,0.0317,0.7895,0.147,0.5145,1198,76
RSC-2020-02590,v2.1.4,2020-09-13 00:27:29,52,0.0572,0.8069,0.1481,0.5046,1053,105
RSC-2020-02591,v2.1.4,2020-06-16 08:09:42,45,0.037,0.8051,0.1446,0.4971,969,101
RSC-2020-02592,v2.2.1,2020-11-17 21:19:38,43,0.078,0.7839,0.1689,0.5103,1189,131
RSC-2020-02593,v2.2.0,2020-05-30 14:46:04,44,0.0609,0.8025,0.124,0.5363,1444,45
RSC-2020-02594,v2.1.4,2020-11-12 04:18:37,40,0.0098,0.7677,0.147,0.4811,1301,43
RSC-2020-02595,v2.1.3,2020-03-08 18:07:54,49,0.1222,0.796,0.1332,0.5116,1032,68
RSC-2020-02596,v2.3.0,2020-02-22 09:31:08,45,0.0556,0.7758,0.1342,0.5203,811,121
RSC-2020-02597,v2.1.3,2020-10-16 05:26:12,45,0.0247,0.8,0.15,0.5066,827,22
RSC-2020-02598,v2.1.3,2020-12-26 06:31:27,43,0.0557,0.8471,0.1519,0.4805,937,53
RSC-2020-02599,v2.2.1,2020-03-03 11:54:37,37,0.0804,0.8274,0.1337,0.5138,1307,34
RSC-2020-02600,v2.3.0,2020-01-17 10:31:08,41,0.0051,0.8034,0.1649,0.5493,911,95
RSC-2020-02601,v2.1.3,2020-07-26 17:27:34,46,0.0355,0.814,0.1243,0.4994,856,71
RSC-2020-02602,v2.3.0,2020-02-25 00:00:54,34,0.0394,0.7908,0.1373,0.5396,934,47
RSC-2020-02603,v2.2.0,2020-06-04 10:23:49,56,0.0325,0.7954,0.1367,0.473,1542,39
RSC-2020-02604,v2.1.4,2020-06-05 03:40:32,34,0.0461,0.8512,0.14,0.5342,1272,80
RSC-2020-02605,v2.2.1,2020-06-12 06:55:34,35,0.0328,0.8054,0.1387,0.5073,845,114
RSC-2020-02606,v2.1.4,2020-03-27 14:44:43,39,0.0672,0.7947,0.1492,0.4856,1093,57
RSC-2020-02607,v2.3.0,2020-02-04 18:52:53,37,0.0231,0.8018,0.1425,0.4592,1192,65
RSC-2020-02608,v2.3.0,2020-09-12 15:39:52,57,0.0849,0.8307,0.156,0.5291,838,128
RSC-2020-02609,v2.1.4,2020-11-30 20:42:10,51,0.0339,0.8258,0.1424,0.5334,1294,93
RSC-2020-02610,v2.1.3,2020-04-28 00:19:22,35,0.0261,0.7905,0.1449,0.4906,1342,46
RSC-2020-02611,v2.1.4,2020-02-26 12:21:16,55,0.0092,0.8091,0.15,0.5011,1111,107
RSC-2020-02612,v2.1.4,2020-04-14 03:38:49,54,0.0077,0.8258,0.1654,0.4888,996,128
RSC-2020-02613,v2.3.0,2020-08-04 19:17:29,48,0.0512,0.7896,0.1545,0.5065,1237,135
RSC-2020-02614,v2.1.4,2020-03-09 06:02:12,45,0.0993,0.7941,0.1562,0.5242,894,67
RSC-2020-02615,v2.2.1,2020-01-06 11:26:36,40,0.0603,0.803,0.1486,0.5081,1427,86
RSC-2020-02616,v2.1.3,2020-03-23 15:58:42,45,0.0241,0.7932,0.1451,0.5127,952,125
RSC-2020-02617,v2.2.1,2020-08-05 17:47:08,49,0.0222,0.804,0.1568,0.5198,1529,130
RSC-2020-02618,v2.2.1,2020-06-23 10:00:08,38,0.0084,0.8192,0.1364,0.526,1322,73
RSC-2020-02619,v2.1.4,2020-09-15 00:00:45,47,0.0737,0.7985,0.1471,0.486,1382,59
RSC-2020-02620,v2.1.4,2020-08-23 03:58:16,57,0.0243,0.8074,0.1511,0.5109,1228,131
RSC-2020-02621,v2.2.0,2020-09-17 23:08:42,55,0.0617,0.8233,0.1556,0.4849,1542,131
RSC-2020-02622,v2.2.1,2020-01-06 07:49:55,39,0.0564,0.8165,0.1331,0.4963,1293,99
RSC-2020-02623,v2.2.1,2020-07-02 03:47:31,40,0.0273,0.7573,0.1569,0.5116,908,92
RSC-2020-02624,v2.1.3,2020-10-01 23:37:45,56,0.0129,0.8301,0.1338,0.4906,1187,86
RSC-2020-02625,v2.1.4,2020-04-25 14:43:35,40,0.0723,0.8278,0.1616,0.4919,973,114
RSC-2020-02626,v2.1.4,2020-07-11 11:00:01,53,0.0227,0.7926,0.1633,0.5021,1307,116
RSC-2020-02627,v2.1.4,2020-05-07 13:35:25,44,0.0384,0.824,0.1457,0.5457,1144,29
RSC-2020-02628,v2.2.0,2020-02-05 07:27:41,41,0.0679,0.8069,0.1597,0.4857,1288,71
RSC-2020-02629,v2.1.4,2020-05-03 13:25:09,40,0.024,0.8174,0.1391,0.521,1219,50
RSC-2020-02630,v2.1.3,2020-10-27 07:36:36,36,0.0399,0.8003,0.1345,0.5378,1422,64
RSC-2020-02631,v2.1.4,2020-02-25 10:41:24,46,0.0037,0.8225,0.1485,0.5268,985,100
RSC-2020-02632,v2.1.3,2020-06-24 10:12:25,54,0.054,0.809,0.1519,0.4996,1170,110
RSC-2020-02633,v2.2.1,2020-12-27 22:21:02,49,0.031,0.8161,0.1548,0.4903,1200,97
RSC-2020-02634,v2.2.0,2020-07-12 01:05:47,52,0.0252,0.8046,0.1476,0.5278,1321,40
RSC-2020-02635,v2.3.0,2020-02-10 05:20:40,37,0.0528,0.8109,0.1391,0.4908,1068,63
RSC-2020-02636,v2.2.0,2020-06-10 20:18:09,48,0.0964,0.8144,0.147,0.5048,1086,111
RSC-2020-02637,v2.2.1,2020-08-10 16:15:24,39,0.0176,0.8182,0.1501,0.5316,1012,83
RSC-2020-02638,v2.1.3,2020-01-29 02:11:51,45,0.0197,0.8358,0.1298,0.5272,1447,60
RSC-2020-02639,v2.2.1,2020-01-27 07:08:14,38,0.0246,0.8274,0.1203,0.4896,1344,104
RSC-2020-02640,v2.1.3,2020-08-31 15:43:21,44,0.0977,0.7962,0.1543,0.5163,918,68
RSC-2020-02641,v2.1.4,2020-04-06 23:03:16,57,0.0511,0.7874,0.1316,0.4865,1344,92
RSC-2020-02642,v2.3.0,2020-01-05 22:36:20,43,0.0136,0.7711,0.1432,0.5285,1368,27
RSC-2020-02643,v2.1.4,2020-01-03 17:35:36,48,0.0351,0.8252,0.1281,0.4958,908,136
RSC-2020-02644,v2.1.4,2020-11-15 04:50:43,51,0.0175,0.7928,0.1361,0.5367,1512,80
RSC-2020-02645,v2.1.4,2020-11-22 23:31:23,50,0.0982,0.794,0.1509,0.4853,804,109
RSC-2020-02646,v2.3.0,2020-04-18 18:22:45,45,0.0475,0.8127,0.1341,0.5171,1194,46
RSC-2020-02647,v2.1.3,2020-07-25 07:47:56,40,0.0386,0.7846,0.1395,0.5182,1011,31
RSC-2020-02648,v2.3.0,2020-12-20 21:05:44,43,0.036,0.8269,0.1459,0.4912,811,55
RSC-2020-02649,v2.3.0,2020-04-12 07:04:43,43,0.0574,0.8027,0.137,0.4729,1110,62
RSC-2020-02650,v2.3.0,2020-01-04 18:38:44,42,0.0148,0.8021,0.1468,0.5249,1377,99
RSC-2020-02651,v2.2.1,2020-02-19 23:55:55,48,0.0377,0.7985,0.146,0.5228,1430,22
RSC-2020-02652,v2.3.0,2020-12-14 13:22:51,49,0.0079,0.8002,0.1396,0.5028,1077,71
RSC-2020-02653,v2.3.0,2020-08-05 22:14:03,56,0.1094,0.8031,0.1238,0.5157,1187,109
RSC-2020-02654,v2.1.4,2020-04-21 13:33:45,51,0.0237,0.775,0.1392,0.54,1501,121
RSC-2020-02655,v2.1.3,2020-01-14 02:33:36,46,0.0473,0.8046,0.1414,0.5124,952,93
RSC-2020-02656,v2.3.0,2020-08-22 18:59:02,46,0.0396,0.8146,0.1419,0.5095,1139,136
RSC-2020-02657,v2.2.1,2020-01-08 22:54:41,47,0.0217,0.8567,0.1545,0.4925,986,52
RSC-2020-02658,v2.3.0,2020-02-11 07:04:25,47,0.0292,0.8375,0.1554,0.5086,830,76
RSC-2020-02659,v2.1.4,2020-03-14 09:53:40,51,0.1127,0.8142,0.1474,0.5106,1267,82
RSC-2020-02660,v2.2.1,2020-04-12 15:42:30,42,0.0904,0.8074,0.1196,0.5609,1070,94
RSC-2020-02661,v2.3.0,2020-10-21 20:25:43,42,0.0147,0.7824,0.147,0.4936,1306,46
RSC-2020-02662,v2.1.4,2020-11-13 02:58:59,47,0.0029,0.8157,0.1427,0.4926,998,112
RSC-2020-02663,v2.2.1,2020-02-12 15:55:20,34,0.0404,0.776,0.151,0.4903,961,89
RSC-2020-02664,v2.1.3,2020-01-29 02:26:08,56,0.0417,0.7991,0.1305,0.4983,1201,109
RSC-2020-02665,v2.2.0,2020-12-10 23:45:49,41,0.0674,0.7913,0.1459,0.4903,979,71
RSC-2020-02666,v2.2.1,2020-01-20 03:43:09,54,0.0197,0.8169,0.122,0.5399,1184,125
RSC-2020-02667,v2.1.4,2020-06-14 16:01:24,47,0.0826,0.7839,0.1381,0.4966,875,127
RSC-2020-02668,v2.3.0,2020-05-02 02:29:02,34,0.0422,0.8152,0.1559,0.5232,1450,96
RSC-2020-02669,v2.2.0,2020-12-16 01:18:20,42,0.0893,0.7948,0.1335,0.5227,997,20
RSC-2020-02670,v2.3.0,2020-04-22 14:59:26,57,0.1235,0.8132,0.139,0.5163,1406,84
RSC-2020-02671,v2.2.0,2020-12-14 22:40:05,54,0.01,0.8091,0.1345,0.531,1517,122
RSC-2020-02672,v2.1.3,2020-10-03 02:12:13,57,0.0524,0.8364,0.1537,0.5102,1339,99
RSC-2020-02673,v2.1.3,2020-03-24 00:34:48,56,0.0252,0.8187,0.147,0.4927,1449,84
RSC-2020-02674,v2.1.3,2020-08-27 08:01:01,40,0.0774,0.8209,0.1191,0.5177,1255,25
RSC-2020-02675,v2.1.4,2020-07-23 02:03:06,38,0.0434,0.83,0.1422,0.5387,948,108
RSC-2020-02676,v2.2.1,2020-10-12 02:55:41,56,0.0392,0.8135,0.1528,0.5604,1248,46
RSC-2020-02677,v2.1.4,2020-02-17 21:19:42,34,0.0566,0.7618,0.1398,0.4974,1059,97
RSC-2020-02678,v2.3.0,2020-08-06 01:26:53,54,0.0883,0.8202,0.1259,0.5444,1480,70
RSC-2020-02679,v2.2.1,2020-10-14 12:16:25,53,0.0356,0.8185,0.1481,0.5141,838,94
RSC-2020-02680,v2.3.0,2020-10-30 12:06:01,39,0.0395,0.8224,0.1265,0.5228,1417,51
RSC-2020-02681,v2.1.4,2020-10-11 01:38:49,53,0.0283,0.8159,0.1431,0.532,955,87
RSC-2020-02682,v2.2.0,2020-11-13 08:30:07,42,0.0486,0.7865,0.1568,0.4613,1017,37
RSC-2020-02683,v2.1.4,2020-08-18 05:49:58,40,0.0256,0.8369,0.1393,0.5252,1286,43
RSC-2020-02684,v2.3.0,2020-11-26 16:06:26,43,0.0296,0.7916,0.1592,0.5227,1030,122
RSC-2020-02685,v2.1.4,2020-10-28 06:50:21,47,0.0414,0.8163,0.1349,0.4594,1466,75
RSC-2020-02686,v2.1.3,2020-07-22 07:00:37,34,0.0095,0.8004,0.1489,0.5059,859,41
RSC-2020-02687,v2.3.0,2020-08-04 12:10:04,57,0.0124,0.808,0.1356,0.5331,1106,119
RSC-2020-02688,v2.1.4,2020-01-07 06:37:52,38,0.0485,0.8148,0.1422,0.5011,1379,119
RSC-2020-02689,v2.3.0,2020-08-10 06:09:56,54,0.0562,0.8125,0.1493,0.5422,1252,56
RSC-2020-02690,v2.2.1,2020-06-18 01:05:55,49,0.0292,0.7959,0.1406,0.5076,1213,77
RSC-2020-02691,v2.2.0,2020-12-25 07:01:55,35,0.0127,0.8048,0.1567,0.5272,1294,22
RSC-2020-02692,v2.1.4,2020-04-13 14:09:40,44,0.0679,0.8253,0.125,0.5022,903,125
RSC-2020-02693,v2.2.0,2020-03-04 02:48:13,48,0.0113,0.8289,0.132,0.5308,884,134
RSC-2020-02694,v2.2.1,2020-07-12 19:11:04,57,0.0121,0.816,0.1303,0.4895,1082,72
RSC-2020-02695,v2.3.0,2020-11-25 16:18:50,44,0.0116,0.8206,0.1458,0.5303,813,41
RSC-2020-02696,v2.2.0,2020-05-16 04:46:48,45,0.0249,0.7863,0.1403,0.5528,1464,103
RSC-2020-02697,v2.1.4,2020-12-25 16:15:56,55,0.0069,0.8364,0.1349,0.4947,816,27
RSC-2020-02698,v2.1.3,2020-09-09 20:47:34,53,0.0091,0.8116,0.1343,0.5251,1416,47
RSC-2020-02699,v2.1.4,2020-05-28 00:08:16,50,0.031,0.8284,0.1414,0.4793,1356,134
RSC-2020-02700,v2.1.3,2020-02-11 00:34:45,56,0.0611,0.8198,0.1412,0.5064,932,43
RSC-2020-02701,v2.2.1,2020-09-24 04:41:40,37,0.0473,0.787,0.1441,0.5056,1511,106
RSC-2020-02702,v2.1.3,2020-01-03 08:41:24,37,0.0358,0.8067,0.1249,0.4902,1018,103
RSC-2020-02703,v2.2.1,2020-02-15 01:31:10,44,0.0715,0.8241,0.1551,0.5309,864,25
RSC-2020-02704,v2.1.3,2020-01-04 18:27:25,41,0.0381,0.8297,0.151,0.5327,1069,85
RSC-2020-02705,v2.2.1,2020-07-12 10:25:17,50,0.012,0.7873,0.1587,0.5017,978,139
RSC-2020-02706,v2.2.1,2020-04-17 04:37:22,35,0.0201,0.8429,0.1518,0.5123,1089,37
RSC-2020-02707,v2.2.1,2020-04-19 23:54:04,52,0.0184,0.81,0.1354,0.4991,869,87
RSC-2020-02708,v2.3.0,2020-09-15 23:33:47,46,0.0017,0.7714,0.1412,0.5,968,119
RSC-2020-02709,v2.3.0,2020-07-20 01:46:49,38,0.0828,0.793,0.1272,0.5377,1115,45
RSC-2020-02710,v2.2.0,2020-02-12 13:01:33,51,0.0359,0.8061,0.147,0.5032,1365,26
RSC-2020-02711,v2.1.4,2020-03-16 13:45:59,37,0.0105,0.7739,0.1441,0.4992,1163,55
RSC-2020-02712,v2.3.0,2020-03-29 19:31:35,57,0.0519,0.8156,0.1478,0.5086,1199,126
RSC-2020-02713,v2.2.1,2020-02-19 18:37:12,34,0.0944,0.8043,0.1331,0.5036,956,72
RSC-2020-02714,v2.1.3,2020-09-04 03:27:55,41,0.0434,0.8201,0.1445,0.5474,1514,79
RSC-2020-02715,v2.3.0,2020-06-13 07:12:29,44,0.0269,0.8316,0.1369,0.4978,1516,73
RSC-2020-02716,v2.2.0,2020-02-10 09:25:07,37,0.0451,0.8151,0.1538,0.5488,1143,42
RSC-2020-02717,v2.2.0,2020-04-27 02:39:13,53,0.0213,0.8042,0.142,0.5198,1573,64
RSC-2020-02718,v2.2.1,2020-03-05 01:16:02,49,0.0011,0.8033,0.1495,0.5057,1455,139
RSC-2020-02719,v2.2.1,2020-01-22 18:17:04,51,0.0217,0.8174,0.1309,0.5062,1376,94
RSC-2020-02720,v2.1.4,2020-10-17 20:32:39,35,0.0253,0.8221,0.1486,0.4654,1264,123
RSC-2020-02721,v2.2.1,2020-05-18 18:42:26,37,0.0881,0.7815,0.1589,0.5186,1172,57
RSC-2020-02722,v2.2.0,2020-11-03 01:55:45,57,0.0413,0.7722,0.1298,0.5315,1480,46
RSC-2020-02723,v2.2.1,2020-02-29 12:56:56,41,0.0498,0.8444,0.146,0.5248,1131,62
RSC-2020-02724,v2.1.4,2020-07-18 18:06:45,35,0.0477,0.821,0.1537,0.5083,1520,132
RSC-2020-02725,v2.2.0,2020-02-22 10:24:07,50,0.0112,0.8137,0.1756,0.4862,1372,64
RSC-2020-02726,v2.1.3,2020-11-07 12:24:49,57,0.0487,0.8322,0.1547,0.4984,1433,115
RSC-2020-02727,v2.3.0,2020-09-29 10:41:24,38,0.064,0.767,0.1322,0.5013,1000,26
RSC-2020-02728,v2.3.0,2020-06-25 19:20:28,54,0.0081,0.8077,0.149,0.5062,976,80
RSC-2020-02729,v2.1.3,2020-12-02 09:37:22,53,0.0414,0.8041,0.1758,0.4961,1524,79
RSC-2020-02730,v2.3.0,2020-10-30 03:16:33,37,0.0493,0.8226,0.1571,0.5351,1303,137
RSC-2020-02731,v2.1.4,2020-02-27 12:36:47,55,0.0076,0.7996,0.1443,0.4983,1559,29
RSC-2020-02732,v2.1.3,2020-10-16 02:18:55,54,0.0462,0.7888,0.1496,0.4879,1592,108
RSC-2020-02733,v2.3.0,2020-11-18 21:00:38,56,0.066,0.831,0.1631,0.4972,1316,137
RSC-2020-02734,v2.2.1,2020-04-23 00:36:28,57,0.1377,0.804,0.1685,0.5242,1476,93
RSC-2020-02735,v2.3.0,2020-09-15 00:31:59,48,0.0184,0.8361,0.1481,0.4539,1563,117
RSC-2020-02736,v2.2.1,2020-03-04 15:08:55,35,0.0484,0.7964,0.149,0.4804,997,29
RSC-2020-02737,v2.1.4,2020-06-14 22:08:49,35,0.0535,0.8231,0.1214,0.4798,1533,80
RSC-2020-02738,v2.3.0,2020-08-20 07:42:13,47,0.0515,0.8172,0.1454,0.4733,1066,30
RSC-2020-02739,v2.2.0,2020-10-08 09:28:42,50,0.0095,0.8048,0.134,0.5074,1140,20
RSC-2020-02740,v2.1.3,2020-02-19 00:31:35,52,0.0156,0.8026,0.1574,0.4892,917,87
RSC-2020-02741,v2.2.0,2020-02-10 15:07:41,55,0.0136,0.8143,0.1344,0.4872,1240,105
RSC-2020-02742,v2.1.4,2020-10-25 09:36:20,50,0.0602,0.8026,0.1411,0.4988,1404,33
RSC-2020-02743,v2.1.3,2020-08-30 16:34:38,46,0.0145,0.8025,0.1388,0.5006,1206,90
RSC-2020-02744,v2.2.0,2020-03-19 09:14:07,44,0.0561,0.8247,0.1555,0.5122,834,48
RSC-2020-02745,v2.3.0,2020-09-07 01:52:17,34,0.0413,0.8028,0.1379,0.4766,892,137
RSC-2020-02746,v2.1.3,2020-04-13 00:34:48,39,0.0769,0.836,0.1169,0.5108,1115,54
RSC-2020-02747,v2.2.1,2020-02-24 09:33:05,55,0.0449,0.7953,0.1371,0.5315,944,76
RSC-2020-02748,v2.3.0,2020-02-15 02:29:44,51,0.0192,0.7892,0.1421,0.4901,1147,56
RSC-2020-02749,v2.1.4,2020-06-23 07:02:40,54,0.0191,0.7863,0.1261,0.5237,1273,28
RSC-2020-02750,v2.1.4,2020-07-03 05:05:36,50,0.0527,0.8303,0.1496,0.5202,1523,77
RSC-2020-02751,v2.1.3,2020-07-09 03:09:29,34,0.0061,0.8037,0.1476,0.491,1313,88
RSC-2020-02752,v2.1.3,2020-04-02 22:08:58,44,0.0359,0.811,0.1638,0.5109,1404,48
RSC-2020-02753,v2.1.3,2020-07-08 12:05:40,55,0.0335,0.8542,0.1485,0.4969,914,113
RSC-2020-02754,v2.1.3,2020-02-09 05:30:27,47,0.0802,0.8435,0.13,0.5162,1065,131
RSC-2020-02755,v2.2.1,2020-02-10 10:10:16,42,0.0316,0.8607,0.1321,0.489,1340,136
RSC-2020-02756,v2.2.0,2020-01-02 05:27:07,48,0.0487,0.8489,0.148,0.5603,1467,26
RSC-2020-02757,v2.3.0,2020-09-24 01:15:18,42,0.0019,0.8156,0.1413,0.5246,1135,131
RSC-2020-02758,v2.2.1,2020-05-25 08:18:49,40,0.0944,0.8362,0.1459,0.4797,1465,53
RSC-2020-02759,v2.3.0,2020-05-24 09:13:27,50,0.04,0.8036,0.1391,0.4988,1308,101
RSC-2020-02760,v2.1.3,2020-01-07 03:01:51,50,0.0983,0.843,0.1465,0.503,1389,42
RSC-2020-02761,v2.3.0,2020-08-15 11:17:09,54,0.014,0.8235,0.1694,0.5275,1045,92
RSC-2020-02762,v2.3.0,2020-12-12 14:19:41,51,0.1179,0.7902,0.1493,0.5289,846,137
RSC-2020-02763,v2.2.1,2020-06-29 21:25:11,34,0.016,0.8089,0.1278,0.4952,1002,22
RSC-2020-02764,v2.1.3,2020-01-30 08:00:01,45,0.0052,0.8047,0.142,0.5354,939,76
RSC-2020-02765,v2.1.4,2020-04-16 15:59:53,55,0.0623,0.8207,0.1701,0.5482,1423,59
RSC-2020-02766,v2.2.1,2020-06-30 02:44:58,37,0.0365,0.8133,0.1362,0.474,1266,115
RSC-2020-02767,v2.2.0,2020-06-10 13:21:09,47,0.0273,0.8323,0.1529,0.5254,1312,68
RSC-2020-02768,v2.2.1,2020-01-07 03:36:00,52,0.0352,0.8213,0.1436,0.4923,1073,55
RSC-2020-02769,v2.2.0,2020-08-20 16:18:55,36,0.026,0.8139,0.1471,0.506,1320,87
RSC-2020-02770,v2.3.0,2020-09-29 06:18:24,38,0.0795,0.8195,0.1398,0.536,1028,36
RSC-2020-02771,v2.3.0,2020-02-25 15:02:28,56,0.0606,0.8213,0.1345,0.5484,1334,48
RSC-2020-02772,v2.2.1,2020-02-11 15:44:31,46,0.0908,0.796,0.1522,0.5399,1550,28
RSC-2020-02773,v2.2.1,2020-08-22 13:14:15,47,0.0427,0.8204,0.1531,0.5116,1483,85
RSC-2020-02774,v2.1.4,2020-07-18 20:58:12,57,0.0252,0.8322,0.1512,0.5159,1303,70
RSC-2020-02775,v2.2.1,2020-12-13 11:56:40,52,0.0363,0.8127,0.1398,0.5131,947,132
RSC-2020-02776,v2.1.4,2020-08-29 07:27:17,47,0.0071,0.8324,0.1515,0.5143,908,45
RSC-2020-02777,v2.3.0,2020-09-15 14:53:03,43,0.1204,0.8141,0.1319,0.5243,980,97
RSC-2020-02778,v2.2.0,2020-12-25 22:13:52,40,0.0425,0.8461,0.1487,0.4954,1461,84
RSC-2020-02779,v2.1.3,2020-06-25 19:03:22,45,0.0572,0.8191,0.1421,0.4666,1513,124
RSC-2020-02780,v2.3.0,2020-06-06 06:47:33,52,0.0892,0.8125,0.1443,0.4984,1361,116
RSC-2020-02781,v2.3.0,2020-08-22 02:27:20,52,0.055,0.8385,0.1517,0.5195,1437,57
RSC-2020-02782,v2.2.1,2020-06-01 13:52:53,53,0.0209,0.8309,0.1418,0.5221,915,86
RSC-2020-02783,v2.2.0,2020-11-29 13:09:35,48,0.0576,0.8147,0.1304,0.5086,1597,31
RSC-2020-02784,v2.1.4,2020-07-04 01:38:52,36,0.034,0.8172,0.132,0.4804,1598,49
RSC-2020-02785,v2.3.0,2020-01-19 20:54:10,41,0.0192,0.8258,0.1534,0.5245,945,97
RSC-2020-02786,v2.2.0,2020-01-12 01:56:46,36,0.0196,0.7975,0.1487,0.5134,1423,110
RSC-2020-02787,v2.1.4,2020-09-26 01:00:53,43,0.0774,0.81,0.1236,0.49,1344,78
RSC-2020-02788,v2.3.0,2020-09-26 23:12:43,45,0.0578,0.8111,0.1491,0.5107,1332,20
RSC-2020-02789,v2.1.4,2020-02-29 07:08:09,51,0.0305,0.8089,0.1582,0.5425,1570,87
RSC-2020-02790,v2.1.3,2020-08-07 11:41:35,36,0.0345,0.844,0.132,0.5255,1262,76
RSC-2020-02791,v2.2.1,2020-08-28 20:26:11,43,0.0032,0.8262,0.1265,0.5351,1535,55
RSC-2020-02792,v2.2.0,2020-11-27 12:09:56,34,0.0051,0.8405,0.1511,0.5079,1183,89
RSC-2020-02793,v2.1.4,2020-09-06 19:28:58,52,0.0356,0.8389,0.1224,0.5158,1455,91
RSC-2020-02794,v2.3.0,2020-09-08 05:42:05,48,0.0233,0.803,0.1416,0.529,1467,99
RSC-2020-02795,v2.2.1,2020-08-09 03:45:18,47,0.1477,0.8139,0.1423,0.5147,1355,33
RSC-2020-02796,v2.3.0,2020-09-01 04:11:21,36,0.032,0.8012,0.1457,0.4901,1178,89
RSC-2020-02797,v2.2.1,2020-07-14 10:55:40,38,0.0372,0.7853,0.1496,0.4846,1136,99
RSC-2020-02798,v2.1.3,2020-09-05 18:51:34,44,0.0378,0.8136,0.1383,0.5333,1019,96
RSC-2020-02799,v2.2.0,2020-07-29 20:24:50,41,0.0178,0.853,0.1618,0.4937,1199,93
RSC-2020-02800,v2.1.3,2020-02-10 05:04:32,38,0.0625,0.7827,0.1451,0.5502,922,36
RSC-2020-02801,v2.2.0,2020-06-23 22:35:58,34,0.0134,0.8259,0.1325,0.489,1515,105
RSC-2020-02802,v2.1.4,2020-11-08 09:54:26,51,0.0148,0.787,0.1335,0.5405,1385,70
RSC-2020-02803,v2.1.4,2020-01-19 14:10:21,48,0.0756,0.8075,0.1378,0.4978,906,96
RSC-2020-02804,v2.2.1,2020-07-26 10:42:17,43,0.0276,0.8096,0.1316,0.5296,926,114
RSC-2020-02805,v2.1.3,2020-10-18 23:07:16,44,0.0144,0.8037,0.1415,0.5358,1287,92
RSC-2020-02806,v2.1.3,2020-03-22 15:04:43,50,0.0552,0.8086,0.1358,0.4927,953,86
RSC-2020-02807,v2.1.3,2020-03-27 13:01:40,52,0.0581,0.8075,0.1442,0.556,855,51
RSC-2020-02808,v2.1.4,2020-01-10 05:28:28,54,0.0284,0.8225,0.1559,0.5091,1372,41
RSC-2020-02809,v2.3.0,2020-06-22 02:06:59,36,0.018,0.8277,0.1237,0.504,1184,27
RSC-2020-02810,v2.2.0,2020-09-21 05:19:42,46,0.1046,0.7931,0.1458,0.46,898,84
RSC-2020-02811,v2.2.0,2020-04-02 02:26:27,43,0.0261,0.7862,0.1537,0.5329,1542,53
RSC-2020-02812,v2.2.1,2020-06-10 16:44:51,55,0.1489,0.8236,0.1504,0.5174,1080,63
RSC-2020-02813,v2.1.3,2020-10-26 21:57:33,52,0.0385,0.8342,0.1375,0.5121,1134,91
RSC-2020-02814,v2.2.1,2020-07-18 09:48:42,48,0.0849,0.825,0.1442,0.5608,1548,81
RSC-2020-02815,v2.2.0,2020-02-25 20:49:28,42,0.0331,0.8507,0.1295,0.5324,1038,83
RSC-2020-02816,v2.1.4,2020-07-22 10:59:35,56,0.0288,0.8268,0.1418,0.5655,1224,88
RSC-2020-02817,v2.1.3,2020-06-12 05:54:38,38,0.0522,0.804,0.1234,0.5179,1305,127
RSC-2020-02818,v2.1.4,2020-08-13 06:57:46,56,0.0282,0.8046,0.1488,0.5675,1564,25
RSC-2020-02819,v2.1.4,2020-12-20 03:08:13,43,0.0549,0.818,0.1472,0.5084,1328,34
RSC-2020-02820,v2.2.0,2020-06-02 05:08:47,55,0.0148,0.7912,0.1354,0.5054,879,46
RSC-2020-02821,v2.1.4,2020-06-13 01:42:49,44,0.0157,0.8276,0.1471,0.5011,812,29
RSC-2020-02822,v2.3.0,2020-04-02 13:51:59,41,0.013,0.7855,0.1617,0.5479,1442,133
RSC-2020-02823,v2.3.0,2020-05-22 11:18:31,52,0.0207,0.8371,0.1333,0.5304,882,45
RSC-2020-02824,v2.2.1,2020-10-17 22:16:41,51,0.0047,0.8036,0.1487,0.5053,800,48
RSC-2020-02825,v2.3.0,2020-09-19 04:15:57,49,0.0298,0.8337,0.1547,0.5248,1144,65
RSC-2020-02826,v2.1.3,2020-10-07 03:56:44,53,0.0872,0.8063,0.1456,0.4863,1239,114
RSC-2020-02827,v2.1.3,2020-06-14 06:33:06,43,0.024,0.8329,0.1494,0.5025,1300,134
RSC-2020-02828,v2.3.0,2020-01-28 10:51:08,50,0.0214,0.8334,0.1441,0.5341,1389,73
RSC-2020-02829,v2.3.0,2020-03-14 18:40:10,48,0.0334,0.8394,0.1434,0.5228,1545,91
RSC-2020-02830,v2.1.4,2020-06-24 09:36:12,34,0.0333,0.8066,0.135,0.5168,1314,34
RSC-2020-02831,v2.3.0,2020-01-05 23:37:34,53,0.0422,0.8252,0.1302,0.5199,1059,88
RSC-2020-02832,v2.1.4,2020-02-01 04:11:38,51,0.0022,0.8413,0.1529,0.5211,1284,106
RSC-2020-02833,v2.1.3,2020-12-19 09:04:54,52,0.0106,0.7934,0.1262,0.4855,836,124
RSC-2020-02834,v2.2.1,2020-09-07 23:48:09,48,0.0365,0.8385,0.156,0.5724,970,34
RSC-2020-02835,v2.3.0,2020-10-18 21:03:44,47,0.0452,0.7945,0.1339,0.5264,1226,97
RSC-2020-02836,v2.1.4,2020-07-14 22:46:12,38,0.0727,0.7996,0.1416,0.4931,1315,69
RSC-2020-02837,v2.1.4,2020-06-03 13:16:45,34,0.0168,0.7996,0.1518,0.4751,1358,88
RSC-2020-02838,v2.3.0,2020-01-04 02:48:33,56,0.027,0.8326,0.1526,0.4891,1154,27
RSC-2020-02839,v2.2.0,2020-06-03 03:54:36,56,0.0584,0.8221,0.1336,0.5067,954,33
RSC-2020-02840,v2.3.0,2020-10-23 22:59:32,40,0.0088,0.8361,0.1434,0.5156,1067,134
RSC-2020-02841,v2.3.0,2020-08-07 21:02:41,42,0.0269,0.8094,0.1427,0.5168,892,112
RSC-2020-02842,v2.1.3,2020-11-08 12:32:55,38,0.0419,0.8214,0.1187,0.5073,1474,100
RSC-2020-02843,v2.2.1,2020-09-14 05:28:57,55,0.0745,0.7762,0.1439,0.5433,1015,88
RSC-2020-02844,v2.3.0,2020-04-18 12:29:05,42,0.0037,0.7991,0.1474,0.5348,1590,86
RSC-2020-02845,v2.2.1,2020-06-12 07:39:14,50,0.0404,0.7917,0.1325,0.5401,1505,107
RSC-2020-02846,v2.3.0,2020-10-14 11:46:34,38,0.0161,0.8398,0.1533,0.5221,1051,43
RSC-2020-02847,v2.1.3,2020-02-04 16:14:02,57,0.053,0.822,0.1573,0.5063,894,49
RSC-2020-02848,v2.2.1,2020-11-17 09:34:26,43,0.0109,0.8223,0.1427,0.5317,1283,53
RSC-2020-02849,v2.1.3,2020-04-08 10:08:11,34,0.0152,0.84,0.1273,0.4792,850,28
RSC-2020-02850,v2.2.0,2020-01-23 09:44:01,39,0.008,0.7767,0.1421,0.5477,1537,64
RSC-2020-02851,v2.1.3,2020-07-09 09:54:47,45,0.0651,0.818,0.1464,0.4812,1415,104
RSC-2020-02852,v2.2.1,2020-12-20 21:12:54,42,0.0144,0.8174,0.1389,0.5108,932,130
RSC-2020-02853,v2.1.4,2020-01-06 13:52:51,38,0.0521,0.8404,0.1253,0.523,1249,71
RSC-2020-02854,v2.1.3,2020-09-12 20:48:40,53,0.0252,0.8344,0.1249,0.5025,1441,105
RSC-2020-02855,v2.1.4,2020-06-24 12:49:46,36,0.0096,0.8055,0.1715,0.4886,868,118
RSC-2020-02856,v2.2.0,2020-11-03 23:18:08,52,0.0069,0.7982,0.1613,0.521,938,54
RSC-2020-02857,v2.2.0,2020-12-16 13:40:59,51,0.0024,0.8033,0.1348,0.5105,1537,137
RSC-2020-02858,v2.2.1,2020-12-17 23:41:42,34,0.0506,0.8447,0.1299,0.5168,968,79
RSC-2020-02859,v2.2.1,2020-08-18 04:03:17,42,0.0337,0.825,0.1486,0.5372,1366,92
RSC-2020-02860,v2.1.3,2020-07-02 01:48:18,36,0.0814,0.8237,0.1534,0.5376,1575,133
RSC-2020-02861,v2.1.4,2020-02-11 00:28:38,37,0.0185,0.816,0.1266,0.5136,1343,127
RSC-2020-02862,v2.1.3,2020-11-06 01:26:16,41,0.029,0.8221,0.1346,0.5085,1054,114
RSC-2020-02863,v2.2.1,2020-12-18 17:33:07,50,0.0777,0.7774,0.1433,0.506,881,55
RSC-2020-02864,v2.2.1,2020-01-14 22:44:45,53,0.0149,0.8364,0.1193,0.5081,1335,45
RSC-2020-02865,v2.1.4,2020-04-19 03:08:11,48,0.0578,0.8252,0.131,0.5198,1248,83
RSC-2020-02866,v2.2.0,2020-03-09 00:23:37,50,0.0674,0.7921,0.1468,0.5223,1116,52
RSC-2020-02867,v2.1.3,2020-10-09 19:36:04,44,0.0191,0.8135,0.1302,0.5176,1203,128
RSC-2020-02868,v2.2.1,2020-01-12 15:56:45,55,0.06,0.7898,0.137,0.5178,1289,60
RSC-2020-02869,v2.3.0,2020-06-09 08:27:28,36,0.0756,0.8477,0.1428,0.4897,1259,46
RSC-2020-02870,v2.2.0,2020-08-12 20:55:11,49,0.0506,0.8138,0.15,0.5338,1013,94
RSC-2020-02871,v2.2.1,2020-09-24 19:16:49,41,0.0478,0.8416,0.1479,0.4979,1015,46
RSC-2020-02872,v2.2.1,2020-09-15 15:01:44,43,0.013,0.8106,0.1307,0.5194,1232,20
RSC-2020-02873,v2.3.0,2020-04-27 10:25:58,52,0.0242,0.7998,0.1321,0.4804,1508,132
RSC-2020-02874,v2.2.0,2020-01-29 05:56:06,40,0.0315,0.8337,0.1448,0.5288,1363,126
RSC-2020-02875,v2.1.3,2020-01-12 04:51:06,53,0.0399,0.7925,0.1296,0.4817,1515,120
RSC-2020-02876,v2.1.4,2020-05-13 04:14:02,41,0.0195,0.7915,0.1584,0.5064,1145,87
RSC-2020-02877,v2.3.0,2020-05-15 02:54:28,44,0.0842,0.8248,0.1311,0.5428,918,118
RSC-2020-02878,v2.2.0,2020-04-22 08:19:00,38,0.002,0.7565,0.1372,0.5409,1531,59
RSC-2020-02879,v2.1.3,2020-07-21 20:53:22,40,0.0314,0.8131,0.1558,0.4771,1163,128
RSC-2020-02880,v2.1.4,2020-12-30 14:56:14,52,0.0103,0.7944,0.1456,0.5298,1459,42
RSC-2020-02881,v2.1.3,2020-08-23 19:32:27,35,0.082,0.8003,0.1359,0.4922,1053,20
RSC-2020-02882,v2.2.1,2020-01-09 06:28:54,34,0.0673,0.7861,0.1291,0.4918,927,56
RSC-2020-02883,v2.1.4,2020-06-14 23:31:20,49,0.0512,0.8318,0.1507,0.5206,984,40
RSC-2020-02884,v2.3.0,2020-09-20 19:36:59,43,0.0428,0.8157,0.1334,0.5093,1523,78
RSC-2020-02885,v2.3.0,2020-05-31 09:48:16,57,0.0552,0.81,0.1255,0.5366,1316,70
RSC-2020-02886,v2.3.0,2020-11-11 03:53:47,49,0.0323,0.8276,0.1499,0.5177,1381,106
RSC-2020-02887,v2.1.3,2020-03-05 15:37:50,56,0.0353,0.8336,0.132,0.5534,1598,125
RSC-2020-02888,v2.1.3,2020-10-27 15:58:16,56,0.0558,0.7629,0.1437,0.5048,957,50
RSC-2020-02889,v2.2.0,2020-09-08 01:45:41,46,0.0496,0.8242,0.1724,0.5134,1332,103
RSC-2020-02890,v2.3.0,2020-08-05 10:45:54,45,0.1045,0.7928,0.1678,0.5286,949,74
RSC-2020-02891,v2.2.0,2020-11-24 19:27:10,51,0.0088,0.8368,0.1527,0.5092,1042,93
RSC-2020-02892,v2.2.0,2020-03-22 20:02:24,41,0.0379,0.8011,0.158,0.4939,1057,43
RSC-2020-02893,v2.2.0,2020-04-08 10:06:53,44,0.0647,0.7899,0.1549,0.5448,1381,129
RSC-2020-02894,v2.1.4,2020-12-16 17:44:13,46,0.0192,0.816,0.1576,0.5044,1392,29
RSC-2020-02895,v2.2.0,2020-05-03 11:08:09,43,0.0526,0.7891,0.1437,0.4677,1379,86
RSC-2020-02896,v2.3.0,2020-06-02 22:06:32,48,0.085,0.8364,0.1328,0.5241,1278,42
RSC-2020-02897,v2.2.1,2020-08-12 12:32:25,46,0.06,0.8012,0.1484,0.5567,919,27
RSC-2020-02898,v2.3.0,2020-09-22 13:43:37,36,0.0373,0.8208,0.1335,0.5009,810,120
RSC-2020-02899,v2.3.0,2020-09-14 05:06:25,46,0.0117,0.8261,0.148,0.4737,1000,85
RSC-2020-02900,v2.2.0,2020-06-16 02:11:15,39,0.021,0.7969,0.1316,0.5295,1357,131
RSC-2020-02901,v2.3.0,2020-02-13 12:18:22,34,0.0358,0.826,0.152,0.5202,1330,116
RSC-2020-02902,v2.1.3,2020-06-16 02:31:03,38,0.015,0.835,0.1694,0.5194,1060,118
RSC-2020-02903,v2.1.4,2020-03-25 11:20:24,46,0.0258,0.8398,0.13,0.5153,880,20
RSC-2020-02904,v2.3.0,2020-07-13 14:32:14,44,0.0215,0.8204,0.1575,0.491,865,88
RSC-2020-02905,v2.2.1,2020-07-18 22:25:14,50,0.0606,0.8234,0.1594,0.5291,1279,35
RSC-2020-02906,v2.1.4,2020-02-17 13:08:14,57,0.0481,0.818,0.1449,0.493,1187,135
RSC-2020-02907,v2.1.3,2020-06-29 16:39:25,47,0.0374,0.8206,0.1533,0.4927,838,24
RSC-2020-02908,v2.3.0,2020-03-27 07:42:21,38,0.0156,0.8152,0.1331,0.519,1373,58
RSC-2020-02909,v2.1.3,2020-07-14 15:24:12,40,0.029,0.8238,0.1429,0.5145,1478,119
RSC-2020-02910,v2.2.1,2020-11-02 07:40:08,50,0.0244,0.8067,0.1515,0.515,919,132
RSC-2020-02911,v2.2.1,2020-04-26 14:03:48,41,0.0277,0.8171,0.1409,0.4936,932,116
RSC-2020-02912,v2.2.0,2020-04-05 04:57:52,56,0.0385,0.8489,0.1536,0.5174,1009,116
RSC-2020-02913,v2.2.1,2020-08-20 07:41:43,34,0.0549,0.8132,0.1568,0.4581,1570,50
RSC-2020-02914,v2.2.0,2020-03-14 04:49:16,42,0.029,0.8023,0.1593,0.5074,1397,31
RSC-2020-02915,v2.3.0,2020-01-27 17:17:15,47,0.0315,0.8184,0.1551,0.523,1096,35
RSC-2020-02916,v2.3.0,2020-08-10 18:55:04,37,0.0246,0.8667,0.1405,0.5049,1468,58
RSC-2020-02917,v2.1.3,2020-08-29 21:03:32,34,0.0305,0.8082,0.1355,0.5117,1507,22
RSC-2020-02918,v2.3.0,2020-12-28 00:36:08,38,0.0153,0.8255,0.1283,0.4982,1145,96
RSC-2020-02919,v2.1.3,2020-09-12 03:30:05,45,0.0331,0.7737,0.141,0.5045,920,91
RSC-2020-02920,v2.1.4,2020-10-08 22:05:36,54,0.0528,0.8125,0.137,0.4955,966,43
RSC-2020-02921,v2.1.4,2020-08-16 23:08:13,56,0.0164,0.8345,0.1284,0.4947,1011,122
RSC-2020-02922,v2.2.1,2020-12-17 08:12:37,51,0.0197,0.8185,0.1426,0.5232,1140,61
RSC-2020-02923,v2.3.0,2020-04-29 02:13:08,41,0.039,0.8189,0.155,0.4989,1567,78
RSC-2020-02924,v2.1.4,2020-03-05 17:44:06,49,0.0919,0.828,0.1553,0.5153,878,97
RSC-2020-02925,v2.2.0,2020-02-05 22:26:30,40,0.0177,0.829,0.1427,0.5012,1566,68
RSC-2020-02926,v2.1.3,2020-11-16 09:36:31,45,0.0428,0.7995,0.1259,0.5178,1450,57
RSC-2020-02927,v2.1.3,2020-09-26 09:23:00,53,0.0373,0.8197,0.1426,0.4713,1425,22
RSC-2020-02928,v2.3.0,2020-04-19 14:42:43,52,0.0294,0.8074,0.135,0.5364,1226,119
RSC-2020-02929,v2.3.0,2020-11-16 19:00:51,49,0.0411,0.7916,0.1536,0.5052,1373,47
RSC-2020-02930,v2.2.0,2020-01-12 03:40:05,34,0.0517,0.8308,0.1273,0.519,1065,68
RSC-2020-02931,v2.2.1,2020-09-22 19:13:28,48,0.0746,0.8532,0.1484,0.4922,1103,64
RSC-2020-02932,v2.2.0,2020-09-01 22:52:17,40,0.0242,0.817,0.1443,0.5013,1536,34
RSC-2020-02933,v2.3.0,2020-09-11 05:19:10,51,0.0534,0.8329,0.1596,0.5166,1563,47
RSC-2020-02934,v2.3.0,2020-12-29 11:23:48,55,0.0482,0.8095,0.1473,0.5053,1510,87
RSC-2020-02935,v2.1.3,2020-03-06 12:17:26,51,0.0593,0.8149,0.1547,0.4715,1541,79
RSC-2020-02936,v2.1.4,2020-03-14 06:27:07,52,0.0782,0.8335,0.1423,0.515,802,39
RSC-2020-02937,v2.3.0,2020-07-13 19:55:01,46,0.093,0.8184,0.1456,0.5049,1182,80
RSC-2020-02938,v2.2.1,2020-09-16 15:09:49,42,0.0383,0.831,0.1467,0.5114,860,96
RSC-2020-02939,v2.3.0,2020-07-23 04:06:12,39,0.0424,0.8182,0.1477,0.5212,1088,66
RSC-2020-02940,v2.3.0,2020-06-17 13:51:37,36,0.0788,0.8145,0.1442,0.5085,1065,124
RSC-2020-02941,v2.3.0,2020-10-09 03:24:40,55,0.0172,0.8257,0.1391,0.4998,1045,86
RSC-2020-02942,v2.3.0,2020-03-17 07:12:43,53,0.0695,0.8225,0.1191,0.4872,1516,100
RSC-2020-02943,v2.1.3,2020-10-26 19:22:02,48,0.0763,0.8302,0.1484,0.5199,1472,44
RSC-2020-02944,v2.1.4,2020-01-25 08:41:31,44,0.0204,0.8551,0.1426,0.5124,834,108
RSC-2020-02945,v2.3.0,2020-05-08 18:28:42,41,0.018,0.7948,0.157,0.4976,1192,116
RSC-2020-02946,v2.2.0,2020-09-19 19:51:42,57,0.0062,0.8488,0.1336,0.5381,1382,135
RSC-2020-02947,v2.2.1,2020-05-08 19:53:14,47,0.0234,0.7993,0.1318,0.4805,1064,118
RSC-2020-02948,v2.2.1,2020-02-28 22:54:55,47,0.0205,0.8267,0.1452,0.4921,1046,103
RSC-2020-02949,v2.1.4,2020-03-12 04:59:26,44,0.0295,0.8034,0.1397,0.5201,1479,77
RSC-2020-02950,v2.2.0,2020-02-01 18:17:36,51,0.0632,0.7836,0.1346,0.4986,820,49
RSC-2020-02951,v2.2.0,2020-09-05 08:58:08,48,0.0569,0.7815,0.1373,0.5243,996,122
RSC-2020-02952,v2.1.3,2020-06-07 20:27:20,53,0.0376,0.8264,0.1275,0.5226,1423,96
RSC-2020-02953,v2.2.1,2020-12-21 08:07:37,56,0.0252,0.8116,0.1491,0.5149,1477,110
RSC-2020-02954,v2.1.3,2020-07-14 21:21:08,40,0.0524,0.8084,0.148,0.5349,820,95
RSC-2020-02955,v2.1.4,2020-04-23 03:58:18,51,0.0263,0.7959,0.1494,0.5172,1556,36
RSC-2020-02956,v2.3.0,2020-02-13 22:25:45,45,0.044,0.828,0.1152,0.5111,1370,47
RSC-2020-02957,v2.1.4,2020-07-21 19:46:24,46,0.0508,0.7981,0.144,0.4917,1507,100
RSC-2020-02958,v2.3.0,2020-02-08 01:34:56,45,0.0218,0.8,0.1461,0.4745,1492,65
RSC-2020-02959,v2.1.4,2020-12-25 11:03:51,50,0.0178,0.7735,0.1404,0.5215,1058,104
RSC-2020-02960,v2.2.1,2020-02-24 21:11:45,39,0.0138,0.8133,0.1322,0.5557,1194,75
RSC-2020-02961,v2.2.0,2020-09-27 00:24:17,41,0.0404,0.831,0.1349,0.4717,1533,33
RSC-2020-02962,v2.1.4,2020-04-25 15:05:07,50,0.0609,0.8062,0.1493,0.4945,1407,38
RSC-2020-02963,v2.1.3,2020-11-03 00:20:28,51,0.0408,0.8123,0.1414,0.4561,1365,29
RSC-2020-02964,v2.1.3,2020-02-26 11:08:30,56,0.0206,0.7936,0.1538,0.5138,1479,112
RSC-2020-02965,v2.2.0,2020-01-13 13:17:12,55,0.0132,0.8283,0.1453,0.5192,1074,106
RSC-2020-02966,v2.1.4,2020-11-28 07:08:30,46,0.0883,0.7915,0.156,0.5075,1456,96
RSC-2020-02967,v2.1.3,2020-08-07 17:46:01,37,0.0131,0.8182,0.1537,0.5119,1540,27
RSC-2020-02968,v2.3.0,2020-07-26 20:15:42,47,0.0663,0.8226,0.1482,0.5305,1351,125
RSC-2020-02969,v2.3.0,2020-08-04 01:40:41,45,0.0125,0.827,0.1569,0.5059,956,62
RSC-2020-02970,v2.3.0,2020-03-17 09:28:14,57,0.0132,0.8048,0.1668,0.5259,864,67
RSC-2020-02971,v2.2.1,2020-11-29 19:30:27,49,0.0534,0.7837,0.1457,0.4954,873,66
RSC-2020-02972,v2.2.0,2020-08-30 23:32:28,35,0.0121,0.8474,0.1387,0.5084,1567,60
RSC-2020-02973,v2.3.0,2020-05-27 17:21:00,48,0.0858,0.8379,0.1434,0.5002,1221,94
RSC-2020-02974,v2.1.3,2020-04-22 11:59:16,45,0.0413,0.8426,0.1181,0.4927,882,82
RSC-2020-02975,v2.1.3,2020-06-10 21:28:43,54,0.0275,0.8073,0.1579,0.5346,1071,90
RSC-2020-02976,v2.2.0,2020-01-26 18:10:24,41,0.0265,0.7909,0.1574,0.5183,1252,57
RSC-2020-02977,v2.1.4,2020-08-29 02:36:07,34,0.0472,0.8223,0.1424,0.5051,899,106
RSC-2020-02978,v2.2.0,2020-04-15 10:58:51,42,0.0428,0.8189,0.1529,0.5378,1191,131
RSC-2020-02979,v2.2.0,2020-12-26 05:43:16,47,0.0504,0.8078,0.1471,0.5193,918,67
RSC-2020-02980,v2.2.0,2020-07-31 07:33:45,45,0.0201,0.8004,0.134,0.4821,1450,110
RSC-2020-02981,v2.2.0,2020-04-25 15:27:35,48,0.031,0.8103,0.1352,0.532,1059,60
RSC-2020-02982,v2.2.0,2020-08-24 23:13:50,54,0.045,0.823,0.1371,0.5319,1226,136
RSC-2020-02983,v2.2.1,2020-11-27 07:20:38,50,0.043,0.8007,0.1336,0.5462,829,86
RSC-2020-02984,v2.1.4,2020-04-15 01:48:47,40,0.0434,0.8007,0.1502,0.531,1472,95
RSC-2020-02985,v2.2.1,2020-07-14 11:39:12,51,0.0526,0.8003,0.15,0.4865,1017,57
RSC-2020-02986,v2.3.0,2020-06-24 14:19:56,37,0.0373,0.8072,0.1684,0.4822,1465,88
RSC-2020-02987,v2.2.0,2020-07-19 13:36:30,36,0.0478,0.8104,0.1168,0.4844,845,56
RSC-2020-02988,v2.2.0,2020-10-19 06:00:09,37,0.0302,0.8395,0.1507,0.521,844,126
RSC-2020-02989,v2.2.1,2020-03-09 06:34:25,45,0.1018,0.8338,0.158,0.4838,1506,37
RSC-2020-02990,v2.2.0,2020-06-08 06:19:13,37,0.084,0.7913,0.14,0.5235,919,35
RSC-2020-02991,v2.2.0,2020-04-09 10:53:04,53,0.0126,0.8117,0.1226,0.4857,1180,64
RSC-2020-02992,v2.1.4,2020-03-11 23:33:41,46,0.0106,0.7941,0.1394,0.4871,1241,61
RSC-2020-02993,v2.2.1,2020-10-07 06:19:56,45,0.0733,0.8352,0.1209,0.505,1458,44
RSC-2020-02994,v2.2.0,2020-07-10 03:43:33,40,0.0712,0.827,0.1472,0.5412,1126,28
RSC-2020-02995,v2.2.1,2020-12-23 06:52:32,37,0.0414,0.8012,0.1369,0.4826,822,129
RSC-2020-02996,v2.1.3,2020-01-14 21:45:19,45,0.0151,0.7819,0.1301,0.5005,1491,101
RSC-2020-02997,v2.2.0,2020-05-20 16:52:39,42,0.0285,0.8274,0.1458,0.4891,1093,48
RSC-2020-02998,v2.3.0,2020-12-28 23:29:15,55,0.0722,0.8292,0.1305,0.538,1266,37
RSC-2020-02999,v2.2.0,2020-12-28 14:44:28,40,0.0169,0.826,0.1516,0.5105,1436,48
RSC-2020-03000,v2.2.0,2020-05-01 06:00:38,50,0.0357,0.8071,0.1499,0.4923,1506,22
RSC-2020-03001,v2.2.1,2020-03-01 21:32:27,56,0.0986,0.8275,0.1474,0.52,811,68
RSC-2020-03002,v2.1.4,2020-11-30 09:43:08,56,0.0871,0.779,0.1355,0.4861,812,26
RSC-2020-03003,v2.1.4,2020-03-09 08:55:24,40,0.0123,0.7984,0.1338,0.4792,1240,81
RSC-2020-03004,v2.2.1,2020-02-29 13:40:22,46,0.0387,0.8358,0.136,0.5309,1518,129
RSC-2020-03005,v2.3.0,2020-06-12 11:44:07,38,0.0264,0.826,0.153,0.5215,1401,120
RSC-2020-03006,v2.2.1,2020-09-30 17:18:16,41,0.0469,0.7807,0.1368,0.5372,1027,59
RSC-2020-03007,v2.3.0,2020-04-26 06:13:23,35,0.0259,0.8433,0.1276,0.4851,1528,94
RSC-2020-03008,v2.2.0,2020-08-30 06:50:29,39,0.0632,0.8151,0.1258,0.4985,996,106
RSC-2020-03009,v2.1.3,2020-06-13 14:22:35,42,0.0248,0.8149,0.1669,0.4901,1080,31
RSC-2020-03010,v2.2.0,2020-03-20 04:35:54,45,0.0481,0.8224,0.1527,0.4806,1592,50
RSC-2020-03011,v2.2.0,2020-09-01 22:45:13,39,0.0501,0.8041,0.1294,0.528,1179,107
RSC-2020-03012,v2.2.1,2020-06-11 06:56:48,46,0.0481,0.7763,0.1372,0.4969,1059,93
RSC-2020-03013,v2.1.3,2020-04-23 16:05:43,37,0.0785,0.8126,0.1484,0.5083,1048,53
RSC-2020-03014,v2.1.4,2020-09-19 17:14:47,50,0.0277,0.8089,0.1224,0.5275,858,59
RSC-2020-03015,v2.2.0,2020-01-08 00:58:20,39,0.0329,0.8047,0.1561,0.5101,1323,97
RSC-2020-03016,v2.2.0,2020-07-21 14:51:43,49,0.0157,0.8138,0.1355,0.5165,1158,62
RSC-2020-03017,v2.1.4,2020-06-04 06:14:44,53,0.0103,0.8166,0.1336,0.5008,834,60
RSC-2020-03018,v2.2.1,2020-04-12 21:44:05,46,0.0076,0.8244,0.1435,0.5189,1376,40
RSC-2020-03019,v2.3.0,2020-01-06 15:31:13,55,0.0708,0.8274,0.1314,0.5303,1549,119
RSC-2020-03020,v2.1.4,2020-06-26 13:11:53,45,0.033,0.8145,0.1579,0.5013,1100,107
RSC-2020-03021,v2.2.0,2020-07-09 22:10:40,34,0.0043,0.7935,0.1479,0.5265,1396,100
RSC-2020-03022,v2.2.1,2020-08-01 12:20:53,48,0.0809,0.8078,0.1373,0.4998,1354,91
RSC-2020-03023,v2.2.0,2020-11-06 23:15:00,34,0.0107,0.8238,0.1346,0.5203,1007,76
RSC-2020-03024,v2.2.1,2020-08-02 02:53:19,45,0.0348,0.8228,0.1533,0.4552,1349,32
RSC-2020-03025,v2.1.4,2020-07-04 18:22:31,39,0.0327,0.8096,0.1177,0.4949,1163,66
RSC-2020-03026,v2.2.1,2020-01-15 06:56:02,54,0.0823,0.8391,0.1589,0.4869,1504,31
RSC-2020-03027,v2.1.4,2020-08-09 10:29:01,52,0.038,0.7968,0.1437,0.5168,1443,95
RSC-2020-03028,v2.1.3,2020-09-07 11:27:18,50,0.0439,0.7952,0.156,0.5363,931,118
RSC-2020-03029,v2.2.0,2020-06-26 20:25:08,45,0.0283,0.8149,0.1381,0.5105,1588,52
RSC-2020-03030,v2.2.0,2020-12-02 13:44:04,55,0.0082,0.8189,0.1665,0.5433,1299,84
RSC-2020-03031,v2.1.4,2020-04-02 05:25:52,36,0.0281,0.7896,0.1265,0.5353,1162,45
RSC-2020-03032,v2.1.3,2020-05-17 18:24:32,50,0.0124,0.7957,0.1342,0.5156,1275,91
RSC-2020-03033,v2.2.0,2020-12-27 22:40:18,37,0.0071,0.7876,0.1555,0.5015,1282,102
RSC-2020-03034,v2.2.0,2020-12-15 12:52:06,41,0.0257,0.8173,0.1329,0.5079,1312,31
RSC-2020-03035,v2.3.0,2020-06-17 16:03:17,55,0.0903,0.8019,0.1376,0.5388,1177,104
RSC-2020-03036,v2.2.1,2020-03-13 17:03:26,51,0.0831,0.8077,0.1688,0.5411,805,20
RSC-2020-03037,v2.1.3,2020-05-25 20:06:36,37,0.0069,0.8012,0.1347,0.5024,1319,35
RSC-2020-03038,v2.1.4,2020-10-14 12:56:42,48,0.0242,0.8159,0.1366,0.5304,1518,35
RSC-2020-03039,v2.2.0,2020-12-19 19:23:46,35,0.0325,0.7875,0.1471,0.5179,1537,134
RSC-2020-03040,v2.1.4,2020-06-28 12:07:37,56,0.0132,0.8213,0.1354,0.4968,1075,62
RSC-2020-03041,v2.1.4,2020-12-23 06:57:11,55,0.052,0.797,0.1291,0.5444,1098,117
RSC-2020-03042,v2.1.4,2020-05-27 09:36:57,35,0.0749,0.7621,0.156,0.507,848,57
RSC-2020-03043,v2.2.1,2020-03-24 08:37:45,41,0.0432,0.7998,0.1332,0.5396,1085,54
RSC-2020-03044,v2.2.1,2020-08-16 16:43:10,49,0.0607,0.816,0.1634,0.5137,839,96
RSC-2020-03045,v2.1.3,2020-12-10 20:24:38,40,0.0274,0.8149,0.1463,0.5199,947,42
RSC-2020-03046,v2.2.1,2020-12-02 02:14:08,50,0.0659,0.8086,0.136,0.5001,1087,42
RSC-2020-03047,v2.1.3,2020-08-11 21:34:12,47,0.0324,0.8143,0.1326,0.5085,1025,109
RSC-2020-03048,v2.3.0,2020-03-10 16:01:31,54,0.0408,0.7961,0.1573,0.5168,1484,134
RSC-2020-03049,v2.1.3,2020-02-17 18:38:15,54,0.0771,0.8395,0.152,0.5234,1291,66
RSC-2020-03050,v2.3.0,2020-03-03 02:22:11,54,0.053,0.7867,0.1467,0.5202,1563,44
RSC-2020-03051,v2.1.3,2020-05-01 05:25:33,50,0.0181,0.8058,0.1366,0.4969,1311,44
RSC-2020-03052,v2.3.0,2020-07-24 10:59:53,56,0.0746,0.8091,0.1064,0.4983,1100,76
RSC-2020-03053,v2.2.0,2020-09-30 02:00:27,56,0.0374,0.8356,0.1538,0.4932,1109,129
RSC-2020-03054,v2.2.0,2020-06-12 07:26:51,57,0.0152,0.8292,0.1557,0.4928,1078,137
RSC-2020-03055,v2.3.0,2020-02-23 05:07:02,38,0.0457,0.7945,0.1338,0.5305,1145,76
RSC-2020-03056,v2.1.3,2020-05-06 01:30:51,49,0.0425,0.8066,0.1464,0.5203,1318,22
RSC-2020-03057,v2.2.0,2020-10-19 03:26:10,38,0.0082,0.802,0.1463,0.5274,1170,94
RSC-2020-03058,v2.3.0,2020-03-01 18:45:56,47,0.0395,0.7933,0.1359,0.4914,1394,93
RSC-2020-03059,v2.2.1,2020-04-24 16:45:56,51,0.0364,0.837,0.1414,0.5065,1563,109
RSC-2020-03060,v2.2.0,2020-10-14 12:11:07,56,0.0192,0.8137,0.1468,0.5318,1192,85
RSC-2020-03061,v2.1.4,2020-03-31 11:39:12,36,0.0407,0.7819,0.1582,0.5577,888,20
RSC-2020-03062,v2.3.0,2020-02-04 15:20:54,43,0.0357,0.8351,0.166,0.5185,1538,85
RSC-2020-03063,v2.2.0,2020-07-23 19:47:47,35,0.0506,0.7904,0.1382,0.481,1450,62
RSC-2020-03064,v2.2.0,2020-04-12 21:40:26,42,0.0219,0.8066,0.1304,0.4979,1347,112
RSC-2020-03065,v2.2.1,2020-03-16 01:46:11,53,0.0445,0.7962,0.1459,0.5027,863,46
RSC-2020-03066,v2.3.0,2020-05-21 15:08:50,42,0.0213,0.7974,0.1367,0.507,975,35
RSC-2020-03067,v2.1.4,2020-03-15 10:51:58,55,0.0181,0.7898,0.1364,0.5,1220,56
RSC-2020-03068,v2.1.3,2020-11-13 16:19:05,45,0.0385,0.8063,0.1471,0.5246,1331,94
RSC-2020-03069,v2.2.0,2020-08-01 17:03:29,49,0.0161,0.7975,0.1308,0.5423,1063,61
RSC-2020-03070,v2.1.4,2020-08-08 12:13:54,39,0.0188,0.7882,0.1572,0.4964,1131,103
RSC-2020-03071,v2.1.4,2020-07-28 09:54:37,55,0.0403,0.8004,0.1323,0.5451,1204,124
RSC-2020-03072,v2.1.4,2020-07-12 14:59:24,49,0.0413,0.7983,0.1609,0.4494,902,77
RSC-2020-03073,v2.1.4,2020-05-24 01:02:35,57,0.0573,0.8107,0.1312,0.5409,1430,46
RSC-2020-03074,v2.3.0,2020-10-11 19:30:56,51,0.0312,0.8114,0.1353,0.5479,1543,95
RSC-2020-03075,v2.1.4,2020-08-15 13:42:42,49,0.0134,0.7968,0.1467,0.5424,968,109
RSC-2020-03076,v2.2.1,2020-03-19 02:47:12,57,0.0652,0.8181,0.1307,0.4691,828,28
RSC-2020-03077,v2.1.4,2020-12-18 18:18:28,55,0.0213,0.7972,0.1204,0.5558,1291,72
RSC-2020-03078,v2.2.1,2020-04-26 22:34:55,56,0.0071,0.8109,0.1213,0.5181,1167,37
RSC-2020-03079,v2.2.1,2020-03-31 08:39:23,57,0.0051,0.806,0.1502,0.5236,1471,53
RSC-2020-03080,v2.1.3,2020-01-08 13:28:45,50,0.0352,0.805,0.1459,0.5458,1153,122
RSC-2020-03081,v2.2.1,2020-12-13 09:31:34,46,0.01,0.8291,0.1452,0.4772,1557,64
RSC-2020-03082,v2.1.3,2020-10-16 20:16:57,41,0.0206,0.8156,0.1481,0.5066,1209,107
RSC-2020-03083,v2.1.4,2020-06-18 17:37:07,37,0.0184,0.8042,0.1221,0.5169,1118,76
RSC-2020-03084,v2.3.0,2020-10-04 22:54:11,45,0.053,0.8182,0.1432,0.5254,819,32
RSC-2020-03085,v2.2.1,2020-10-07 13:29:30,52,0.0171,0.8241,0.1337,0.4995,1126,128
RSC-2020-03086,v2.2.0,2020-05-26 23:36:49,40,0.0126,0.8081,0.134,0.5201,1266,94
RSC-2020-03087,v2.1.4,2020-09-05 06:26:45,46,0.0212,0.8267,0.1358,0.5081,1471,51
RSC-2020-03088,v2.3.0,2020-04-09 11:48:10,48,0.0912,0.8017,0.146,0.5452,1486,40
RSC-2020-03089,v2.1.4,2020-04-20 23:56:00,38,0.0141,0.8122,0.1536,0.4855,1413,114
RSC-2020-03090,v2.1.3,2020-10-23 17:16:10,50,0.0015,0.8231,0.1487,0.5054,962,56
RSC-2020-03091,v2.3.0,2020-09-02 22:42:24,50,0.0201,0.7935,0.1476,0.5416,1511,45
RSC-2020-03092,v2.1.4,2020-05-19 06:43:35,47,0.0374,0.8204,0.1404,0.4836,1208,63
RSC-2020-03093,v2.1.4,2020-08-07 17:21:37,56,0.0295,0.8151,0.1363,0.5181,812,28
RSC-2020-03094,v2.3.0,2020-02-24 10:38:47,50,0.0054,0.8071,0.1356,0.4906,1527,35
RSC-2020-03095,v2.3.0,2020-12-10 18:16:12,50,0.012,0.7821,0.1386,0.5373,1047,56
RSC-2020-03096,v2.2.1,2020-08-29 22:21:40,47,0.0688,0.7978,0.1175,0.5215,1033,51
RSC-2020-03097,v2.3.0,2020-03-29 14:53:30,52,0.0871,0.8336,0.1478,0.4923,1355,46
RSC-2020-03098,v2.1.4,2020-10-05 09:15:01,43,0.0258,0.7917,0.1415,0.5342,1535,57
RSC-2020-03099,v2.2.0,2020-01-28 08:58:25,56,0.0083,0.81,0.1401,0.514,1111,89
RSC-2020-03100,v2.3.0,2020-05-22 22:07:40,49,0.0706,0.8015,0.1368,0.5077,1034,43
RSC-2020-03101,v2.3.0,2020-09-10 11:05:15,46,0.0109,0.7829,0.1241,0.5359,1463,69
RSC-2020-03102,v2.2.0,2020-05-24 17:03:34,34,0.0368,0.7828,0.1499,0.5407,980,76
RSC-2020-03103,v2.2.0,2020-01-28 22:58:16,34,0.0271,0.832,0.1591,0.5324,1162,39
RSC-2020-03104,v2.1.4,2020-04-14 23:42:28,35,0.0233,0.8174,0.1309,0.5158,1440,34
RSC-2020-03105,v2.3.0,2020-02-03 05:19:08,42,0.0559,0.8144,0.1406,0.513,1120,122
RSC-2020-03106,v2.2.1,2020-11-30 01:38:13,45,0.0253,0.775,0.1434,0.5119,886,108
RSC-2020-03107,v2.1.3,2020-06-27 14:26:54,47,0.035,0.8017,0.1295,0.5147,1092,103
RSC-2020-03108,v2.1.3,2020-11-17 02:27:04,34,0.0353,0.8351,0.1357,0.51,899,126
RSC-2020-03109,v2.2.0,2020-02-27 21:09:38,34,0.0299,0.8037,0.1373,0.5281,1068,54
RSC-2020-03110,v2.3.0,2020-11-30 18:25:19,50,0.0359,0.8248,0.1415,0.4842,1431,112
RSC-2020-03111,v2.2.1,2020-02-01 11:28:21,52,0.0287,0.7984,0.1204,0.5043,1062,66
RSC-2020-03112,v2.2.1,2020-12-23 15:08:05,51,0.0931,0.8273,0.1297,0.5289,821,87
RSC-2020-03113,v2.1.4,2020-09-28 00:28:27,53,0.0147,0.8215,0.1603,0.5012,1316,92
RSC-2020-03114,v2.2.1,2020-07-04 00:26:50,50,0.0485,0.8383,0.1444,0.5302,1116,77
RSC-2020-03115,v2.2.1,2020-02-12 20:23:05,42,0.0326,0.8203,0.1302,0.5063,1278,23
RSC-2020-03116,v2.1.3,2020-02-26 07:09:45,40,0.1083,0.7742,0.1427,0.5252,1185,64
RSC-2020-03117,v2.2.0,2020-12-29 05:21:56,35,0.0488,0.8065,0.1545,0.5128,997,77
RSC-2020-03118,v2.2.1,2020-07-10 02:14:24,36,0.1043,0.8235,0.1466,0.4915,839,48
RSC-2020-03119,v2.2.0,2020-05-28 06:14:10,50,0.0067,0.8246,0.1349,0.4949,1570,43
RSC-2020-03120,v2.2.0,2020-01-11 14:55:34,39,0.0558,0.8017,0.1377,0.5251,1189,100
RSC-2020-03121,v2.1.3,2020-12-20 02:51:05,44,0.0108,0.7737,0.1231,0.5254,1091,122
RSC-2020-03122,v2.1.4,2020-06-24 04:46:39,39,0.0276,0.8107,0.1465,0.5027,1416,58
RSC-2020-03123,v2.2.1,2020-04-09 01:59:28,48,0.0211,0.8239,0.1351,0.4858,1407,28
RSC-2020-03124,v2.2.1,2020-04-20 19:32:42,42,0.0047,0.7956,0.1355,0.5056,1559,95
RSC-2020-03125,v2.1.3,2020-05-11 16:48:18,41,0.0516,0.8114,0.1486,0.5208,1330,126
RSC-2020-03126,v2.3.0,2020-01-02 12:10:38,55,0.0226,0.8183,0.1507,0.5225,1389,26
RSC-2020-03127,v2.2.0,2020-12-02 11:02:20,38,0.0548,0.8064,0.1441,0.4997,1438,132
RSC-2020-03128,v2.1.4,2020-04-13 23:05:22,51,0.0164,0.8338,0.1567,0.4844,908,57
RSC-2020-03129,v2.2.1,2020-12-25 16:56:46,41,0.1305,0.8319,0.1342,0.5021,1006,78
RSC-2020-03130,v2.1.3,2020-10-01 03:15:40,34,0.0381,0.7847,0.1391,0.4677,882,34
RSC-2020-03131,v2.3.0,2020-01-20 14:45:47,40,0.019,0.8045,0.142,0.5006,1345,87
RSC-2020-03132,v2.2.1,2020-03-09 05:56:01,43,0.0219,0.8188,0.1233,0.5469,943,90
RSC-2020-03133,v2.3.0,2020-08-19 14:00:28,38,0.0157,0.802,0.1334,0.5207,1021,89
RSC-2020-03134,v2.2.1,2020-06-24 17:05:58,34,0.0398,0.8272,0.1486,0.5134,1584,55
RSC-2020-03135,v2.3.0,2020-10-29 00:12:49,45,0.0205,0.8189,0.1457,0.534,1130,33
RSC-2020-03136,v2.2.1,2020-09-22 09:05:05,40,0.0119,0.8161,0.1338,0.5166,1064,74
RSC-2020-03137,v2.1.3,2020-11-29 09:30:12,52,0.0558,0.7934,0.1283,0.4843,1473,130
RSC-2020-03138,v2.2.0,2020-07-14 03:50:29,40,0.0654,0.7735,0.1339,0.5036,1501,34
RSC-2020-03139,v2.2.1,2020-04-30 19:06:50,34,0.0163,0.8039,0.1404,0.5095,1183,54
RSC-2020-03140,v2.2.1,2020-11-16 05:35:41,41,0.0296,0.7938,0.1247,0.5047,1367,89
RSC-2020-03141,v2.3.0,2020-03-18 21:14:52,57,0.0512,0.8203,0.1511,0.4906,1133,105
RSC-2020-03142,v2.1.4,2020-01-19 19:00:17,39,0.0499,0.8093,0.1358,0.5141,1119,48
RSC-2020-03143,v2.2.0,2020-04-01 07:40:04,45,0.049,0.8257,0.1544,0.4934,892,109
RSC-2020-03144,v2.2.1,2020-07-22 15:43:22,48,0.0182,0.8247,0.1547,0.5016,1464,112
RSC-2020-03145,v2.1.3,2020-05-20 00:43:31,52,0.0797,0.7889,0.1289,0.5321,1329,33
RSC-2020-03146,v2.1.3,2020-02-19 02:25:21,45,0.0345,0.8103,0.1701,0.5258,1210,105
RSC-2020-03147,v2.3.0,2020-08-09 07:00:15,35,0.1014,0.7858,0.1516,0.5255,1168,93
RSC-2020-03148,v2.3.0,2020-07-09 21:54:58,37,0.0057,0.8062,0.1304,0.5002,1428,115
RSC-2020-03149,v2.1.3,2020-12-18 11:27:50,35,0.035,0.8148,0.1542,0.5239,1535,64
RSC-2020-03150,v2.2.1,2020-05-04 00:51:43,52,0.0602,0.8398,0.1345,0.5057,817,90
RSC-2020-03151,v2.1.3,2020-06-27 09:09:27,52,0.0185,0.812,0.1192,0.5221,1409,62
RSC-2020-03152,v2.3.0,2020-07-28 03:41:49,40,0.0194,0.7812,0.133,0.5056,974,27
RSC-2020-03153,v2.1.4,2020-12-01 19:36:54,55,0.0176,0.7866,0.1383,0.5162,1121,127
RSC-2020-03154,v2.1.4,2020-01-02 08:14:44,44,0.0327,0.7695,0.1407,0.5144,1231,60
RSC-2020-03155,v2.1.3,2020-08-26 03:16:35,44,0.0894,0.8001,0.1474,0.4914,1580,30
RSC-2020-03156,v2.2.1,2020-05-10 09:41:51,34,0.0846,0.8154,0.1665,0.5056,836,124
RSC-2020-03157,v2.1.4,2020-07-16 15:46:53,56,0.0526,0.8099,0.1392,0.5069,1060,76
RSC-2020-03158,v2.2.1,2020-08-17 11:32:42,56,0.0487,0.8027,0.1523,0.4997,1017,87
RSC-2020-03159,v2.1.4,2020-01-20 02:14:20,57,0.0376,0.7807,0.1361,0.5346,1392,97
RSC-2020-03160,v2.1.3,2020-10-02 13:03:58,44,0.0158,0.8051,0.143,0.5072,1388,38
RSC-2020-03161,v2.1.4,2020-07-26 10:53:31,53,0.0138,0.8242,0.1487,0.5252,1067,33
RSC-2020-03162,v2.2.1,2020-10-29 00:23:59,57,0.0529,0.8186,0.1564,0.5185,1280,97
RSC-2020-03163,v2.2.1,2020-09-17 10:09:49,37,0.0262,0.8289,0.1216,0.4856,1151,75
RSC-2020-03164,v2.2.0,2020-04-24 11:10:28,34,0.0193,0.8013,0.138,0.4944,1331,57
RSC-2020-03165,v2.1.3,2020-02-12 09:52:54,41,0.0265,0.8105,0.1588,0.5233,1254,73
RSC-2020-03166,v2.1.3,2020-12-01 20:24:41,40,0.0391,0.7912,0.1399,0.5506,1075,36
RSC-2020-03167,v2.2.0,2020-09-09 13:14:42,38,0.0415,0.8171,0.1444,0.4917,1345,76
RSC-2020-03168,v2.2.0,2020-02-25 04:22:22,51,0.0425,0.8217,0.1501,0.5037,1118,69
RSC-2020-03169,v2.1.4,2020-09-07 23:30:59,54,0.0365,0.8009,0.1747,0.5694,1418,104
RSC-2020-03170,v2.1.4,2020-12-28 11:53:06,54,0.0503,0.8343,0.1477,0.4981,1266,127
RSC-2020-03171,v2.2.0,2020-03-29 09:03:43,43,0.055,0.786,0.1494,0.5315,1261,118
RSC-2020-03172,v2.2.1,2020-12-27 11:39:34,40,0.1122,0.7782,0.1283,0.5242,942,87
RSC-2020-03173,v2.3.0,2020-11-12 11:40:53,49,0.0257,0.8213,0.1341,0.5183,910,119
RSC-2020-03174,v2.1.3,2020-08-22 21:55:26,42,0.0579,0.8059,0.1547,0.5047,1172,76
RSC-2020-03175,v2.3.0,2020-01-17 19:20:59,48,0.0452,0.8071,0.1507,0.5491,1037,112
RSC-2020-03176,v2.2.1,2020-08-22 05:49:37,55,0.047,0.8124,0.1427,0.4922,821,71
RSC-2020-03177,v2.2.0,2020-12-13 08:05:25,46,0.0355,0.839,0.1298,0.5008,839,76
RSC-2020-03178,v2.1.4,2020-04-11 00:30:30,35,0.0385,0.7983,0.1541,0.5038,1171,86
RSC-2020-03179,v2.3.0,2020-08-11 00:40:47,56,0.1214,0.8027,0.1274,0.4941,1516,33
RSC-2020-03180,v2.1.3,2020-04-08 18:29:40,55,0.0123,0.8203,0.1516,0.5223,1022,73
RSC-2020-03181,v2.1.3,2020-08-12 00:11:27,37,0.0838,0.8114,0.1396,0.5263,1018,90
RSC-2020-03182,v2.2.1,2020-10-27 22:18:58,56,0.0211,0.7951,0.1358,0.5185,1411,120
RSC-2020-03183,v2.2.0,2020-07-16 21:33:38,54,0.0119,0.8323,0.143,0.5187,961,54
RSC-2020-03184,v2.2.1,2020-11-22 09:23:38,37,0.0342,0.8411,0.1556,0.5292,886,20
RSC-2020-03185,v2.3.0,2020-05-04 10:47:03,46,0.0398,0.8094,0.1656,0.5256,971,130
RSC-2020-03186,v2.3.0,2020-12-07 14:54:29,55,0.0142,0.8452,0.1358,0.5033,1335,69
RSC-2020-03187,v2.1.3,2020-10-03 00:30:56,39,0.0526,0.7928,0.1371,0.5144,1118,137
RSC-2020-03188,v2.2.1,2020-12-06 19:54:11,48,0.0024,0.8127,0.1455,0.5196,1194,95
RSC-2020-03189,v2.3.0,2020-02-27 05:30:00,49,0.0132,0.7913,0.1239,0.4887,1532,51
RSC-2020-03190,v2.2.0,2020-12-09 23:46:08,39,0.0143,0.7933,0.1336,0.512,1342,55
RSC-2020-03191,v2.3.0,2020-03-29 00:13:58,34,0.0299,0.8116,0.1433,0.5032,1072,27
RSC-2020-03192,v2.1.3,2020-08-11 06:22:51,46,0.0441,0.8301,0.1399,0.5442,1108,111
RSC-2020-03193,v2.1.3,2020-12-30 05:14:46,43,0.0497,0.8078,0.1217,0.5131,1068,137
RSC-2020-03194,v2.1.4,2020-06-15 08:27:29,38,0.0381,0.7751,0.1446,0.4727,1469,71
RSC-2020-03195,v2.2.0,2020-12-21 12:58:14,49,0.1357,0.79,0.1537,0.4779,1187,120
RSC-2020-03196,v2.3.0,2020-12-23 02:48:28,35,0.0698,0.791,0.1345,0.5119,821,86
RSC-2020-03197,v2.1.4,2020-07-01 22:11:33,34,0.0079,0.8339,0.1834,0.5121,1563,38
RSC-2020-03198,v2.2.1,2020-05-18 03:13:28,37,0.1046,0.7952,0.1436,0.5241,953,83
RSC-2020-03199,v2.2.1,2020-01-20 04:42:38,50,0.0343,0.8175,0.1545,0.5196,1346,135
RSC-2020-03200,v2.2.0,2020-10-07 02:41:21,48,0.0271,0.8203,0.1576,0.5059,1397,135
RSC-2020-03201,v2.2.0,2020-05-10 12:05:26,54,0.0188,0.7979,0.1423,0.5607,1064,138
RSC-2020-03202,v2.1.3,2020-12-25 08:37:49,49,0.0635,0.7995,0.1371,0.4851,866,84
RSC-2020-03203,v2.2.0,2020-11-20 14:04:18,41,0.0995,0.7899,0.1635,0.5007,1413,101
RSC-2020-03204,v2.1.4,2020-10-19 12:33:29,42,0.0484,0.8065,0.1567,0.5236,1536,85
RSC-2020-03205,v2.1.4,2020-11-25 23:51:15,42,0.0191,0.8152,0.1517,0.4796,827,62
RSC-2020-03206,v2.1.3,2020-04-16 05:10:03,56,0.04,0.8247,0.1354,0.4804,1173,51
RSC-2020-03207,v2.2.1,2020-10-26 16:15:48,49,0.009,0.7808,0.1244,0.5227,1337,71
RSC-2020-03208,v2.1.3,2020-05-25 10:07:56,57,0.0129,0.8174,0.1552,0.5037,1209,81
RSC-2020-03209,v2.2.0,2020-11-17 15:37:28,53,0.0443,0.8333,0.1228,0.5061,1087,106
RSC-2020-03210,v2.3.0,2020-03-17 15:05:07,54,0.0252,0.8031,0.1467,0.5228,1209,133
RSC-2020-03211,v2.3.0,2020-12-20 07:49:47,43,0.0186,0.8008,0.137,0.4947,1461,88
RSC-2020-03212,v2.3.0,2020-03-07 04:13:47,40,0.0079,0.8123,0.1722,0.5434,1509,99
RSC-2020-03213,v2.2.1,2020-06-05 22:44:57,56,0.0851,0.7889,0.1511,0.5258,898,20
RSC-2020-03214,v2.2.1,2020-03-30 21:38:28,37,0.0069,0.8074,0.1492,0.5341,1343,105
RSC-2020-03215,v2.2.1,2020-06-02 11:42:15,39,0.0436,0.8078,0.1473,0.4775,1069,111
RSC-2020-03216,v2.3.0,2020-02-09 23:34:34,42,0.0472,0.7931,0.1326,0.5465,900,119
RSC-2020-03217,v2.3.0,2020-07-25 19:53:28,55,0.0871,0.8075,0.1413,0.5181,1226,132
RSC-2020-03218,v2.2.0,2020-12-15 02:45:58,44,0.0121,0.8199,0.1498,0.5077,1288,133
RSC-2020-03219,v2.1.4,2020-04-17 19:50:02,43,0.0463,0.7943,0.1355,0.5077,1595,20
RSC-2020-03220,v2.3.0,2020-06-10 16:33:28,34,0.0476,0.802,0.1433,0.5036,1096,44
RSC-2020-03221,v2.2.1,2020-02-09 13:47:41,38,0.0302,0.8205,0.1442,0.5246,892,93
RSC-2020-03222,v2.1.4,2020-05-21 20:09:26,42,0.0155,0.7988,0.1567,0.5408,842,119
RSC-2020-03223,v2.2.1,2020-07-06 21:28:38,35,0.0348,0.7781,0.1316,0.4894,1209,27
RSC-2020-03224,v2.2.1,2020-03-06 01:52:06,42,0.0109,0.7853,0.1814,0.5006,1408,118
RSC-2020-03225,v2.2.0,2020-12-21 09:56:43,47,0.013,0.7954,0.1437,0.51,1060,83
RSC-2020-03226,v2.1.3,2020-04-08 22:02:56,56,0.0325,0.8097,0.1577,0.4918,1215,117
RSC-2020-03227,v2.1.3,2020-08-21 12:50:53,57,0.0787,0.8033,0.1386,0.4954,881,92
RSC-2020-03228,v2.1.3,2020-03-21 06:42:29,38,0.0196,0.7786,0.127,0.5133,1250,25
RSC-2020-03229,v2.1.3,2020-02-21 17:26:09,42,0.0356,0.8037,0.1292,0.4775,1230,51
RSC-2020-03230,v2.2.0,2020-10-22 09:15:53,36,0.0622,0.7933,0.1381,0.51,907,81
RSC-2020-03231,v2.2.0,2020-12-10 22:02:03,43,0.0598,0.8266,0.1486,0.5172,1436,78
RSC-2020-03232,v2.1.4,2020-04-09 09:05:46,47,0.0639,0.7989,0.154,0.5247,1019,98
RSC-2020-03233,v2.2.0,2020-04-14 17:57:13,44,0.03,0.7802,0.142,0.4985,926,65
RSC-2020-03234,v2.3.0,2020-08-19 04:14:21,56,0.0479,0.8117,0.1224,0.4927,1272,128
RSC-2020-03235,v2.1.4,2020-10-28 00:01:13,53,0.0636,0.7985,0.1434,0.5366,1503,39
RSC-2020-03236,v2.2.0,2020-03-02 13:54:23,41,0.0699,0.808,0.1637,0.4867,1011,47
RSC-2020-03237,v2.1.3,2020-02-24 09:36:16,41,0.0453,0.8033,0.139,0.5246,1363,25
RSC-2020-03238,v2.2.1,2020-11-05 19:09:30,55,0.0446,0.8188,0.1549,0.5151,1376,25
RSC-2020-03239,v2.1.3,2020-07-27 14:52:52,39,0.0989,0.8287,0.1453,0.4917,1417,30
RSC-2020-03240,v2.1.4,2020-11-13 17:41:45,40,0.0168,0.8234,0.1585,0.5259,1337,132
RSC-2020-03241,v2.1.4,2020-08-29 11:39:42,37,0.0186,0.8151,0.1244,0.5106,1511,92
RSC-2020-03242,v2.1.3,2020-03-26 01:20:17,46,0.0578,0.8222,0.1446,0.5028,1448,43
RSC-2020-03243,v2.1.4,2020-09-02 16:58:46,45,0.0744,0.8159,0.1354,0.5363,1579,118
RSC-2020-03244,v2.1.3,2020-04-01 22:04:01,42,0.027,0.8062,0.1532,0.5565,1597,42
RSC-2020-03245,v2.2.1,2020-11-21 20:22:22,44,0.0305,0.8101,0.1362,0.4842,826,53
RSC-2020-03246,v2.2.1,2020-12-22 11:40:12,55,0.0129,0.7817,0.1484,0.4909,1418,28
RSC-2020-03247,v2.2.0,2020-10-03 16:13:40,42,0.0384,0.7923,0.1682,0.515,932,87
RSC-2020-03248,v2.2.0,2020-05-17 16:30:38,54,0.0886,0.8323,0.1351,0.4707,893,24
RSC-2020-03249,v2.2.1,2020-04-07 16:48:27,39,0.0523,0.8109,0.1222,0.516,1087,124
RSC-2020-03250,v2.3.0,2020-10-15 22:45:53,54,0.1172,0.8208,0.1562,0.4753,925,22
RSC-2020-03251,v2.2.1,2020-05-19 15:30:34,45,0.0177,0.8588,0.1453,0.5455,850,65
RSC-2020-03252,v2.1.4,2020-10-15 21:11:53,38,0.1004,0.8015,0.139,0.5394,801,134
RSC-2020-03253,v2.2.1,2020-05-18 22:37:44,36,0.0576,0.8356,0.1314,0.5442,1141,116
RSC-2020-03254,v2.1.3,2020-09-27 05:27:46,42,0.0156,0.7915,0.1087,0.4836,935,81
RSC-2020-03255,v2.3.0,2020-07-20 00:06:21,52,0.1455,0.8214,0.1412,0.5335,1374,77
RSC-2020-03256,v2.1.4,2020-06-08 09:09:54,42,0.0176,0.8025,0.168,0.4883,1587,108
RSC-2020-03257,v2.1.3,2020-07-06 00:03:36,34,0.0303,0.8014,0.1403,0.5147,1406,35
RSC-2020-03258,v2.1.4,2020-03-06 03:24:56,40,0.0503,0.801,0.1451,0.5261,1201,70
RSC-2020-03259,v2.1.3,2020-11-22 08:59:48,51,0.0621,0.7912,0.1311,0.515,1469,121
RSC-2020-03260,v2.3.0,2020-03-06 08:17:24,56,0.1127,0.809,0.1714,0.5138,1220,26
RSC-2020-03261,v2.3.0,2020-11-25 19:51:21,51,0.0128,0.8218,0.1329,0.5381,947,104
RSC-2020-03262,v2.2.0,2020-05-17 17:24:25,46,0.0471,0.8191,0.1465,0.4799,1513,128
RSC-2020-03263,v2.2.1,2020-08-13 02:05:03,57,0.0317,0.8176,0.141,0.4925,1412,111
RSC-2020-03264,v2.2.0,2020-12-18 07:44:40,35,0.0351,0.7945,0.1439,0.5381,1298,128
RSC-2020-03265,v2.2.1,2020-03-06 12:55:43,54,0.0147,0.8264,0.1343,0.5095,831,101
RSC-2020-03266,v2.2.1,2020-02-05 13:17:59,35,0.0247,0.802,0.1492,0.5244,1272,35
RSC-2020-03267,v2.1.3,2020-11-09 02:02:59,42,0.0746,0.817,0.1304,0.5264,1070,130
RSC-2020-03268,v2.3.0,2020-10-31 14:56:54,44,0.0039,0.8155,0.1424,0.4918,1470,45
RSC-2020-03269,v2.2.0,2020-04-01 06:51:44,45,0.039,0.8134,0.1322,0.4733,1401,99
RSC-2020-03270,v2.1.3,2020-09-18 10:52:59,35,0.0295,0.7769,0.1474,0.5207,1241,30
RSC-2020-03271,v2.2.1,2020-10-02 11:24:16,57,0.0405,0.7919,0.1542,0.4998,1217,103
RSC-2020-03272,v2.2.0,2020-07-06 16:31:37,41,0.023,0.8187,0.1441,0.507,1094,37
RSC-2020-03273,v2.1.3,2020-09-22 13:12:39,43,0.0547,0.8316,0.1361,0.496,1131,130
RSC-2020-03274,v2.1.3,2020-05-06 14:42:32,57,0.0133,0.7836,0.1359,0.487,822,130
RSC-2020-03275,v2.1.3,2020-11-17 20:37:17,46,0.0408,0.815,0.1172,0.4835,1477,24
RSC-2020-03276,v2.3.0,2020-04-26 21:28:49,39,0.074,0.8303,0.1304,0.4774,953,113
RSC-2020-03277,v2.2.1,2020-04-07 22:57:33,52,0.0259,0.8122,0.1479,0.4834,1424,44
RSC-2020-03278,v2.2.1,2020-03-12 02:12:55,38,0.0241,0.8213,0.1503,0.5416,1324,61
RSC-2020-03279,v2.2.1,2020-09-11 22:57:46,46,0.085,0.7841,0.1584,0.485,1042,34
RSC-2020-03280,v2.2.0,2020-09-04 05:12:17,43,0.0109,0.7779,0.1578,0.5527,836,65
RSC-2020-03281,v2.2.0,2020-04-29 02:14:03,38,0.0164,0.8038,0.141,0.5127,974,83
RSC-2020-03282,v2.1.3,2020-01-03 06:24:15,40,0.0284,0.7731,0.1357,0.5294,815,43
RSC-2020-03283,v2.2.1,2020-12-16 00:17:30,48,0.0728,0.8325,0.1397,0.5221,1145,126
RSC-2020-03284,v2.2.0,2020-12-02 12:53:42,47,0.0361,0.7849,0.1497,0.5301,1566,129
RSC-2020-03285,v2.3.0,2020-05-10 02:11:01,43,0.0097,0.7911,0.1444,0.5418,1463,122
RSC-2020-03286,v2.1.3,2020-02-16 01:23:03,39,0.0691,0.8062,0.1248,0.5134,1147,138
RSC-2020-03287,v2.3.0,2020-10-14 03:11:44,42,0.0321,0.8225,0.1361,0.4952,837,116
RSC-2020-03288,v2.1.4,2020-09-15 14:46:43,40,0.0344,0.8439,0.1395,0.4832,1475,100
RSC-2020-03289,v2.1.3,2020-07-16 09:04:24,42,0.0357,0.8148,0.1461,0.5072,1506,97
RSC-2020-03290,v2.2.1,2020-08-27 23:25:15,54,0.0797,0.8136,0.1387,0.5249,974,73
RSC-2020-03291,v2.1.3,2020-07-16 02:12:53,50,0.0434,0.7893,0.1512,0.4938,1006,95
RSC-2020-03292,v2.3.0,2020-03-23 15:06:19,48,0.0235,0.8237,0.1436,0.5138,1370,132
RSC-2020-03293,v2.1.3,2020-05-08 19:25:35,49,0.0095,0.8431,0.1368,0.5308,829,116
RSC-2020-03294,v2.2.1,2020-09-01 16:58:05,34,0.0186,0.8406,0.1406,0.5308,827,37
RSC-2020-03295,v2.3.0,2020-10-01 03:29:57,45,0.1082,0.8259,0.1569,0.5165,978,115
RSC-2020-03296,v2.3.0,2020-06-30 15:04:27,41,0.043,0.7976,0.1445,0.4962,1492,74
RSC-2020-03297,v2.2.1,2020-12-29 14:00:17,42,0.0463,0.8003,0.1415,0.5166,1589,59
RSC-2020-03298,v2.2.1,2020-12-28 05:53:25,51,0.0627,0.8167,0.1407,0.5197,1070,118
RSC-2020-03299,v2.2.1,2020-12-19 07:16:27,36,0.0515,0.8079,0.1429,0.4967,1387,20
RSC-2020-03300,v2.1.3,2020-01-06 02:17:57,37,0.0348,0.7802,0.1295,0.5223,1384,96
RSC-2020-03301,v2.1.3,2020-12-26 15:46:44,35,0.017,0.8279,0.1609,0.5254,1593,65
RSC-2020-03302,v2.3.0,2020-04-29 18:51:58,52,0.0605,0.8219,0.154,0.555,1483,60
RSC-2020-03303,v2.2.1,2020-11-26 18:08:58,45,0.0451,0.8159,0.1586,0.5131,959,121
RSC-2020-03304,v2.1.4,2020-04-19 22:41:38,55,0.045,0.8127,0.1433,0.5465,1262,135
RSC-2020-03305,v2.1.4,2020-05-14 21:21:57,34,0.0112,0.8302,0.1289,0.5536,1212,114
RSC-2020-03306,v2.2.0,2020-04-10 02:44:29,57,0.0464,0.8084,0.1288,0.5178,1487,74
RSC-2020-03307,v2.2.0,2020-06-11 20:21:04,48,0.0239,0.8093,0.1473,0.5028,1347,85
RSC-2020-03308,v2.3.0,2020-08-03 05:25:17,50,0.0321,0.8268,0.1295,0.5186,1510,67
RSC-2020-03309,v2.1.4,2020-10-22 20:51:25,57,0.0541,0.8014,0.1493,0.5028,804,60
RSC-2020-03310,v2.1.4,2020-09-11 05:29:49,35,0.0292,0.8379,0.1366,0.5371,1368,138
RSC-2020-03311,v2.2.1,2020-11-21 10:34:20,40,0.0986,0.8317,0.1492,0.4733,1239,85
RSC-2020-03312,v2.2.0,2020-06-12 21:07:06,53,0.0507,0.8023,0.1187,0.5175,1476,122
RSC-2020-03313,v2.2.0,2020-08-02 07:12:57,50,0.0229,0.8118,0.1592,0.5496,873,22
RSC-2020-03314,v2.2.0,2020-02-15 10:57:32,56,0.0342,0.8583,0.1479,0.4839,1531,59
RSC-2020-03315,v2.1.3,2020-08-20 06:17:20,54,0.0234,0.8013,0.1495,0.5181,1367,47
RSC-2020-03316,v2.1.4,2020-03-16 22:17:46,36,0.0104,0.829,0.1496,0.5118,1246,58
RSC-2020-03317,v2.2.0,2020-06-16 01:50:19,51,0.0145,0.7969,0.1403,0.5185,1284,90
RSC-2020-03318,v2.3.0,2020-06-18 12:16:28,41,0.121,0.8412,0.1471,0.4929,1120,40
RSC-2020-03319,v2.1.3,2020-05-27 19:08:51,46,0.0486,0.7984,0.1647,0.5038,1440,110
RSC-2020-03320,v2.3.0,2020-01-24 12:56:31,34,0.0836,0.7942,0.1353,0.4976,965,71
RSC-2020-03321,v2.2.1,2020-03-29 09:46:29,56,0.0347,0.8555,0.1445,0.5338,1091,118
RSC-2020-03322,v2.2.1,2020-07-11 12:05:06,48,0.0597,0.8101,0.1416,0.5291,1354,97
RSC-2020-03323,v2.1.4,2020-03-18 12:22:32,56,0.0294,0.8175,0.1327,0.5094,1511,67
RSC-2020-03324,v2.1.3,2020-05-01 22:45:12,57,0.0406,0.8002,0.1532,0.5064,1556,36
RSC-2020-03325,v2.2.1,2020-04-21 05:22:50,39,0.0229,0.8219,0.1195,0.5253,1242,28
RSC-2020-03326,v2.1.4,2020-11-27 04:33:02,40,0.0018,0.8064,0.1452,0.4775,1531,51
RSC-2020-03327,v2.1.4,2020-01-19 06:23:39,50,0.0775,0.819,0.1523,0.5301,1130,85
RSC-2020-03328,v2.1.3,2020-10-14 23:06:57,34,0.0045,0.8236,0.1464,0.5157,1413,35
RSC-2020-03329,v2.3.0,2020-12-17 06:30:30,48,0.0338,0.8126,0.1519,0.546,929,40
RSC-2020-03330,v2.1.3,2020-06-12 08:14:07,41,0.0745,0.8196,0.1396,0.5252,841,63
RSC-2020-03331,v2.2.1,2020-10-10 20:16:14,37,0.0652,0.7921,0.1065,0.5046,1295,133
RSC-2020-03332,v2.2.1,2020-05-20 06:45:58,34,0.0357,0.8372,0.1514,0.5114,1382,50
RSC-2020-03333,v2.2.1,2020-06-13 06:24:52,57,0.0639,0.8221,0.1441,0.5197,1587,68
RSC-2020-03334,v2.3.0,2020-08-29 20:20:41,42,0.0329,0.8363,0.1351,0.4936,1011,27
RSC-2020-03335,v2.1.3,2020-09-08 14:58:37,41,0.0764,0.8179,0.1688,0.4816,1260,94
RSC-2020-03336,v2.2.1,2020-11-13 06:46:08,38,0.0085,0.8121,0.1298,0.4872,1110,127
RSC-2020-03337,v2.2.1,2020-02-27 16:11:16,56,0.0076,0.7953,0.1321,0.5232,1237,119
RSC-2020-03338,v2.2.1,2020-04-29 03:07:44,52,0.0178,0.8008,0.1462,0.5217,830,58
RSC-2020-03339,v2.3.0,2020-04-21 01:24:27,40,0.0498,0.8177,0.1443,0.5064,1520,96
RSC-2020-03340,v2.2.1,2020-01-23 17:31:42,39,0.0609,0.791,0.1466,0.5022,1384,46
RSC-2020-03341,v2.2.0,2020-04-01 15:15:06,53,0.0369,0.7947,0.156,0.5201,1270,62
RSC-2020-03342,v2.3.0,2020-12-18 21:01:44,43,0.029,0.8049,0.1585,0.514,1074,38
RSC-2020-03343,v2.3.0,2020-01-19 21:54:19,44,0.0137,0.794,0.1666,0.5033,813,72
RSC-2020-03344,v2.1.4,2020-01-24 06:23:37,55,0.0575,0.8003,0.1367,0.4977,1475,138
RSC-2020-03345,v2.3.0,2020-11-06 16:55:03,46,0.0714,0.8089,0.157,0.5015,1468,25
RSC-2020-03346,v2.1.4,2020-01-02 23:51:51,44,0.0431,0.8087,0.1267,0.51,823,67
RSC-2020-03347,v2.1.3,2020-01-31 05:37:29,35,0.0314,0.8378,0.1245,0.5268,1391,91
RSC-2020-03348,v2.3.0,2020-09-15 09:59:02,46,0.0169,0.7854,0.1612,0.5123,1168,82
RSC-2020-03349,v2.3.0,2020-04-01 22:26:35,43,0.0497,0.7911,0.1547,0.5145,802,86
RSC-2020-03350,v2.1.3,2020-03-30 14:41:25,53,0.0515,0.7665,0.1373,0.4984,1435,117
RSC-2020-03351,v2.1.3,2020-04-15 20:18:52,43,0.0269,0.8096,0.1602,0.5208,1211,79
RSC-2020-03352,v2.1.4,2020-06-16 04:45:57,49,0.0018,0.8071,0.137,0.519,1507,37
RSC-2020-03353,v2.1.3,2020-04-28 21:16:03,47,0.0479,0.7952,0.1406,0.5056,1003,51
RSC-2020-03354,v2.1.4,2020-06-12 14:27:47,46,0.0345,0.815,0.1575,0.527,1302,59
RSC-2020-03355,v2.2.0,2020-04-29 00:08:00,50,0.0185,0.8007,0.1628,0.5413,1128,126
RSC-2020-03356,v2.1.4,2020-11-27 21:06:40,41,0.0356,0.8209,0.1428,0.5622,1428,120
RSC-2020-03357,v2.2.1,2020-09-09 07:46:52,42,0.0094,0.8026,0.1408,0.4827,816,103
RSC-2020-03358,v2.2.0,2020-09-20 15:16:00,52,0.0335,0.785,0.1493,0.5299,1453,60
RSC-2020-03359,v2.3.0,2020-11-10 07:40:46,47,0.0835,0.7842,0.1452,0.5065,959,66
RSC-2020-03360,v2.1.3,2020-12-30 01:29:34,40,0.0159,0.8205,0.1588,0.5287,1148,91
RSC-2020-03361,v2.3.0,2020-08-13 07:58:00,54,0.0235,0.7779,0.147,0.514,1494,29
RSC-2020-03362,v2.2.1,2020-06-23 04:09:13,48,0.0308,0.8049,0.1506,0.5203,1250,69
RSC-2020-03363,v2.1.3,2020-05-06 11:47:52,39,0.0151,0.8065,0.1399,0.5136,901,107
RSC-2020-03364,v2.1.4,2020-08-04 16:38:09,43,0.0201,0.8134,0.1411,0.5372,1008,125
RSC-2020-03365,v2.1.4,2020-05-11 00:46:34,55,0.0205,0.7966,0.1728,0.5299,1074,89
RSC-2020-03366,v2.2.1,2020-10-11 09:12:56,38,0.0428,0.8281,0.1502,0.5136,839,109
RSC-2020-03367,v2.2.1,2020-01-18 15:12:05,38,0.0596,0.814,0.1155,0.5085,1122,50
RSC-2020-03368,v2.1.4,2020-04-14 07:06:06,45,0.0234,0.7717,0.1488,0.5301,1160,96
RSC-2020-03369,v2.2.1,2020-05-11 08:18:54,51,0.0189,0.8111,0.1272,0.5013,847,20
RSC-2020-03370,v2.2.0,2020-02-22 16:35:45,51,0.0043,0.799,0.151,0.4958,1540,80
RSC-2020-03371,v2.1.3,2020-07-20 19:02:35,54,0.0689,0.8016,0.1351,0.5269,1141,124
RSC-2020-03372,v2.3.0,2020-07-24 08:50:45,40,0.0297,0.8435,0.1431,0.5173,1157,60
RSC-2020-03373,v2.1.4,2020-11-29 07:55:55,50,0.0626,0.797,0.147,0.5118,1230,50
RSC-2020-03374,v2.2.0,2020-06-09 19:29:38,48,0.0443,0.8054,0.1367,0.4971,1055,137
RSC-2020-03375,v2.1.3,2020-10-28 09:12:30,55,0.0248,0.8084,0.136,0.53,886,105
RSC-2020-03376,v2.1.3,2020-11-19 07:20:38,35,0.0488,0.8205,0.1537,0.4552,1458,38
RSC-2020-03377,v2.2.0,2020-02-25 14:37:47,48,0.0483,0.8244,0.1326,0.5046,1321,110
RSC-2020-03378,v2.1.3,2020-01-18 21:53:10,44,0.0181,0.781,0.1629,0.5042,1142,106
RSC-2020-03379,v2.2.1,2020-01-20 22:05:29,37,0.0389,0.7977,0.1504,0.5012,1104,80
RSC-2020-03380,v2.3.0,2020-06-30 02:17:57,51,0.0444,0.8187,0.1381,0.5159,1120,124
RSC-2020-03381,v2.1.4,2020-05-02 00:31:34,45,0.0142,0.811,0.1344,0.5325,1109,96
RSC-2020-03382,v2.1.4,2020-08-07 18:13:47,57,0.0168,0.8177,0.1399,0.5333,905,138
RSC-2020-03383,v2.2.0,2020-12-05 23:36:59,56,0.0614,0.8017,0.1369,0.5342,1273,73
RSC-2020-03384,v2.3.0,2020-11-27 12:13:14,43,0.0415,0.8557,0.1418,0.5002,1509,88
RSC-2020-03385,v2.2.0,2020-02-18 06:35:04,54,0.0172,0.8251,0.1563,0.4913,1287,60
RSC-2020-03386,v2.2.0,2020-06-03 09:05:57,35,0.0225,0.8243,0.1648,0.4814,1473,99
RSC-2020-03387,v2.1.4,2020-06-28 00:17:13,42,0.0076,0.8128,0.1497,0.5269,1371,122
RSC-2020-03388,v2.1.4,2020-07-16 10:14:47,52,0.0401,0.795,0.1366,0.5154,1306,67
RSC-2020-03389,v2.2.0,2020-06-27 08:18:04,37,0.071,0.8133,0.1237,0.5321,876,79
RSC-2020-03390,v2.3.0,2020-01-17 12:12:27,41,0.1093,0.8258,0.1644,0.5274,840,28
RSC-2020-03391,v2.1.4,2020-08-19 23:08:16,48,0.0373,0.8441,0.117,0.4916,1233,88
RSC-2020-03392,v2.1.4,2020-12-22 13:21:30,35,0.0462,0.8261,0.1089,0.5087,1233,23
RSC-2020-03393,v2.1.4,2020-03-27 20:03:38,48,0.0377,0.8091,0.1454,0.5379,895,115
RSC-2020-03394,v2.1.4,2020-03-01 11:16:37,49,0.0106,0.7829,0.1273,0.4972,1353,25
RSC-2020-03395,v2.2.1,2020-06-16 03:09:19,39,0.0258,0.8212,0.1394,0.5163,1594,27
RSC-2020-03396,v2.3.0,2020-05-07 11:24:21,49,0.0748,0.8086,0.1352,0.5419,1519,105
RSC-2020-03397,v2.2.1,2020-04-11 06:34:11,47,0.0049,0.8024,0.1499,0.5036,1343,22
RSC-2020-03398,v2.3.0,2020-06-23 00:21:55,50,0.0545,0.8586,0.1294,0.4962,1163,103
RSC-2020-03399,v2.1.3,2020-05-22 20:49:07,51,0.108,0.7975,0.1531,0.5127,1071,41
RSC-2020-03400,v2.1.3,2020-01-23 22:27:28,38,0.0204,0.8012,0.1453,0.5307,1568,134
RSC-2020-03401,v2.1.3,2020-04-12 00:29:00,50,0.0624,0.83,0.1711,0.4911,1440,25
RSC-2020-03402,v2.1.4,2020-03-18 12:15:33,49,0.0113,0.7963,0.1582,0.5167,1322,27
RSC-2020-03403,v2.2.0,2020-01-26 17:54:45,45,0.0779,0.8031,0.131,0.5087,1280,93
RSC-2020-03404,v2.2.0,2020-03-20 19:15:05,40,0.0072,0.8377,0.1331,0.5239,1421,41
RSC-2020-03405,v2.1.4,2020-03-24 09:55:09,51,0.0631,0.7658,0.1368,0.5183,1165,46
RSC-2020-03406,v2.3.0,2020-07-05 13:54:14,48,0.0198,0.8413,0.1586,0.5368,1072,114
RSC-2020-03407,v2.2.1,2020-10-27 12:36:58,55,0.0135,0.823,0.1344,0.4964,1010,36
RSC-2020-03408,v2.3.0,2020-07-22 05:41:30,48,0.0827,0.8352,0.1622,0.53,1167,115
RSC-2020-03409,v2.1.3,2020-07-22 18:39:46,53,0.0405,0.8131,0.1443,0.4785,1118,89
RSC-2020-03410,v2.1.3,2020-06-05 23:38:54,56,0.0309,0.802,0.1504,0.5124,1289,123
RSC-2020-03411,v2.1.3,2020-11-18 18:02:04,55,0.0241,0.8252,0.1474,0.5066,1316,77
RSC-2020-03412,v2.1.3,2020-10-02 22:33:08,50,0.0184,0.8078,0.1287,0.536,1088,75
RSC-2020-03413,v2.2.0,2020-01-01 01:17:04,48,0.0801,0.8268,0.1341,0.5153,1012,27
RSC-2020-03414,v2.2.0,2020-02-08 10:13:11,39,0.0587,0.8321,0.151,0.5325,1162,87
RSC-2020-03415,v2.3.0,2020-11-27 11:33:38,41,0.0121,0.7927,0.1398,0.5192,963,77
RSC-2020-03416,v2.3.0,2020-04-22 04:48:53,42,0.047,0.8064,0.1525,0.5074,1336,42
RSC-2020-03417,v2.2.1,2020-08-23 02:29:58,38,0.0279,0.8035,0.1294,0.5339,1266,58
RSC-2020-03418,v2.2.1,2020-12-14 12:36:06,35,0.0195,0.8138,0.1403,0.5137,1402,86
RSC-2020-03419,v2.1.3,2020-01-06 08:36:59,43,0.0158,0.8141,0.1362,0.5014,1494,71
RSC-2020-03420,v2.3.0,2020-01-17 13:14:29,42,0.0198,0.7677,0.1399,0.4836,1557,53
RSC-2020-03421,v2.1.3,2020-07-30 20:19:03,51,0.0535,0.8124,0.127,0.5323,965,97
RSC-2020-03422,v2.2.0,2020-01-20 09:26:50,39,0.0093,0.7872,0.1601,0.525,840,70
RSC-2020-03423,v2.3.0,2020-04-27 15:01:41,36,0.063,0.8421,0.1508,0.5205,1173,114
RSC-2020-03424,v2.3.0,2020-02-23 23:10:57,39,0.0268,0.8203,0.1573,0.5084,1109,30
RSC-2020-03425,v2.3.0,2020-12-10 20:09:41,44,0.0475,0.8069,0.1458,0.5407,1326,76
RSC-2020-03426,v2.1.3,2020-05-25 18:43:00,57,0.0312,0.8157,0.1392,0.5237,1314,29
RSC-2020-03427,v2.1.3,2020-10-09 05:03:12,37,0.0386,0.8298,0.1311,0.5481,1464,123
RSC-2020-03428,v2.3.0,2020-06-06 07:08:49,56,0.0414,0.8253,0.1376,0.4992,1575,32
RSC-2020-03429,v2.1.3,2020-12-08 13:52:13,56,0.0694,0.7625,0.1459,0.5199,1222,43
RSC-2020-03430,v2.2.1,2020-05-04 11:06:01,56,0.0464,0.8285,0.1319,0.5035,1239,94
RSC-2020-03431,v2.2.1,2020-04-21 04:15:59,52,0.006,0.804,0.1537,0.5032,1034,32
RSC-2020-03432,v2.1.3,2020-03-15 13:13:16,45,0.0995,0.8182,0.1519,0.5239,1559,28
RSC-2020-03433,v2.2.0,2020-06-20 07:38:12,37,0.0132,0.8054,0.1367,0.5315,1586,34
RSC-2020-03434,v2.2.1,2020-07-15 07:45:17,55,0.0094,0.8367,0.1522,0.5125,820,85
RSC-2020-03435,v2.2.0,2020-05-30 05:14:33,41,0.0534,0.8542,0.1207,0.5177,1245,57
RSC-2020-03436,v2.2.1,2020-08-03 18:34:03,51,0.0406,0.8054,0.1464,0.4773,974,46
RSC-2020-03437,v2.2.0,2020-12-20 20:51:36,51,0.0224,0.8123,0.1617,0.5236,1072,56
RSC-2020-03438,v2.3.0,2020-07-11 18:38:48,46,0.027,0.8139,0.1404,0.5035,1224,31
RSC-2020-03439,v2.2.0,2020-11-02 01:03:41,42,0.0144,0.7916,0.1479,0.5339,1046,21
RSC-2020-03440,v2.1.3,2020-08-23 10:02:33,45,0.0106,0.841,0.1313,0.51,1388,72
RSC-2020-03441,v2.2.0,2020-06-13 22:02:26,57,0.0704,0.8244,0.1277,0.5185,1597,95
RSC-2020-03442,v2.2.1,2020-11-01 22:40:40,38,0.0023,0.8181,0.1451,0.5343,1509,60
RSC-2020-03443,v2.3.0,2020-02-04 03:48:12,51,0.0508,0.8203,0.1676,0.5318,1226,61
RSC-2020-03444,v2.3.0,2020-10-13 08:49:11,50,0.0277,0.7855,0.1442,0.4951,1283,72
RSC-2020-03445,v2.1.3,2020-09-14 22:24:36,44,0.0153,0.8309,0.1424,0.5668,1355,106
RSC-2020-03446,v2.1.4,2020-09-02 04:12:21,55,0.0237,0.8408,0.1289,0.5311,1475,21
RSC-2020-03447,v2.2.0,2020-11-03 01:26:33,44,0.0104,0.7905,0.1262,0.5068,1584,131
RSC-2020-03448,v2.2.1,2020-05-25 13:01:30,41,0.0467,0.8106,0.1492,0.4826,1197,62
RSC-2020-03449,v2.1.4,2020-11-11 21:46:51,47,0.0243,0.8306,0.1489,0.5034,1486,93
RSC-2020-03450,v2.2.1,2020-08-05 15:14:07,34,0.0176,0.7969,0.1411,0.529,1004,115
RSC-2020-03451,v2.1.4,2020-11-15 00:49:06,41,0.0125,0.8277,0.1548,0.5155,978,136
RSC-2020-03452,v2.3.0,2020-09-27 12:39:42,38,0.0168,0.8132,0.1291,0.5047,1115,53
RSC-2020-03453,v2.1.3,2020-01-18 09:50:28,50,0.0323,0.8119,0.1362,0.4934,1507,138
RSC-2020-03454,v2.1.3,2020-10-02 01:26:26,43,0.063,0.8271,0.1268,0.5153,1324,85
RSC-2020-03455,v2.1.4,2020-02-02 05:43:41,49,0.0516,0.8068,0.13,0.5091,924,106
RSC-2020-03456,v2.3.0,2020-02-29 02:04:25,53,0.0056,0.8186,0.1159,0.5078,1384,33
RSC-2020-03457,v2.1.4,2020-07-01 20:34:43,42,0.0129,0.8221,0.1487,0.5307,894,34
RSC-2020-03458,v2.1.3,2020-11-10 01:12:46,37,0.0351,0.8145,0.1669,0.4814,1036,83
RSC-2020-03459,v2.1.3,2020-12-11 14:13:48,48,0.0195,0.8443,0.1611,0.5219,1092,125
RSC-2020-03460,v2.2.1,2020-11-20 01:44:09,56,0.07,0.8117,0.1314,0.532,1128,122
RSC-2020-03461,v2.2.1,2020-03-02 02:14:16,44,0.044,0.7913,0.1596,0.5014,1192,129
RSC-2020-03462,v2.2.1,2020-05-15 13:15:58,40,0.0108,0.8045,0.1482,0.5215,1130,62
RSC-2020-03463,v2.3.0,2020-03-22 17:35:17,52,0.0102,0.8179,0.1729,0.5173,1220,72
RSC-2020-03464,v2.2.0,2020-06-25 21:26:15,35,0.044,0.8095,0.138,0.5113,1011,58
RSC-2020-03465,v2.1.4,2020-07-31 15:53:48,57,0.009,0.8349,0.1384,0.5189,1163,37
RSC-2020-03466,v2.1.3,2020-06-07 19:30:23,34,0.0466,0.8092,0.1452,0.5288,1435,20
RSC-2020-03467,v2.2.1,2020-04-07 06:01:09,37,0.0338,0.7931,0.1575,0.5197,1305,137
RSC-2020-03468,v2.2.1,2020-01-08 10:49:35,40,0.084,0.7711,0.1575,0.5072,880,34
RSC-2020-03469,v2.3.0,2020-09-26 06:19:33,44,0.0683,0.8116,0.1562,0.5105,1376,21
RSC-2020-03470,v2.2.0,2020-11-18 05:30:47,44,0.0368,0.8092,0.153,0.4895,1230,108
RSC-2020-03471,v2.3.0,2020-02-27 08:01:20,41,0.0189,0.8181,0.138,0.5028,1433,133
RSC-2020-03472,v2.2.1,2020-08-02 04:47:31,47,0.0628,0.8266,0.1372,0.4741,1406,99
RSC-2020-03473,v2.1.3,2020-11-27 00:58:26,37,0.0297,0.8207,0.1433,0.4883,1544,82
RSC-2020-03474,v2.1.3,2020-01-01 11:29:19,35,0.0354,0.7524,0.1465,0.4895,992,23
RSC-2020-03475,v2.3.0,2020-11-13 08:22:08,50,0.0161,0.8075,0.1424,0.4962,1007,95
RSC-2020-03476,v2.2.1,2020-06-12 00:07:18,44,0.0146,0.821,0.1105,0.5214,1443,122
RSC-2020-03477,v2.1.3,2020-10-03 03:44:52,43,0.0045,0.8088,0.1404,0.496,1372,70
RSC-2020-03478,v2.1.4,2020-09-07 10:21:57,49,0.0378,0.8332,0.1333,0.5103,1545,112
RSC-2020-03479,v2.2.0,2020-01-06 23:28:56,50,0.0478,0.8077,0.174,0.5199,860,66
RSC-2020-03480,v2.3.0,2020-04-04 01:15:30,45,0.0905,0.8244,0.1506,0.554,1435,21
RSC-2020-03481,v2.1.3,2020-05-10 18:42:23,42,0.0858,0.7982,0.1595,0.4941,1073,129
RSC-2020-03482,v2.1.4,2020-04-24 06:25:56,40,0.0178,0.8196,0.1558,0.4883,827,43
RSC-2020-03483,v2.1.3,2020-09-16 14:05:17,50,0.035,0.7966,0.1428,0.4773,1533,43
RSC-2020-03484,v2.3.0,2020-03-01 21:34:11,49,0.0643,0.7833,0.1484,0.5174,1140,134
RSC-2020-03485,v2.2.0,2020-08-28 20:21:57,54,0.0352,0.841,0.1463,0.51,1310,80
RSC-2020-03486,v2.1.4,2020-05-08 17:48:37,46,0.0162,0.786,0.1119,0.5288,1057,56
RSC-2020-03487,v2.2.0,2020-03-29 03:05:30,37,0.0319,0.8203,0.1227,0.5239,1424,113
RSC-2020-03488,v2.1.4,2020-12-02 04:16:03,55,0.0354,0.8025,0.1523,0.5095,1296,133
RSC-2020-03489,v2.1.4,2020-08-06 23:43:23,41,0.0594,0.8279,0.1274,0.5112,1560,92
RSC-2020-03490,v2.1.4,2020-04-05 03:41:49,45,0.0261,0.8068,0.1345,0.4981,1538,24
RSC-2020-03491,v2.2.0,2020-04-09 22:54:47,48,0.0319,0.8014,0.1507,0.5324,992,89
RSC-2020-03492,v2.1.4,2020-08-14 05:09:17,35,0.0718,0.8273,0.139,0.5726,1568,46
RSC-2020-03493,v2.3.0,2020-11-27 18:44:49,45,0.0397,0.8029,0.1165,0.5148,1350,60
RSC-2020-03494,v2.3.0,2020-10-21 09:25:59,34,0.0089,0.8201,0.1478,0.5232,1001,43
RSC-2020-03495,v2.1.4,2020-06-07 16:38:19,44,0.0431,0.8509,0.1526,0.5008,1127,97
RSC-2020-03496,v2.1.4,2020-10-08 22:48:41,46,0.0078,0.8049,0.1538,0.5138,959,133
RSC-2020-03497,v2.3.0,2020-11-11 11:17:18,35,0.0374,0.7494,0.1342,0.5193,963,37
RSC-2020-03498,v2.1.4,2020-02-06 19:18:17,40,0.0586,0.8408,0.1221,0.5402,1340,114
RSC-2020-03499,v2.1.4,2020-10-06 18:37:39,39,0.0511,0.7973,0.1604,0.5175,1458,135
RSC-2020-03500,v2.1.4,2020-06-04 22:37:45,56,0.0304,0.8216,0.1514,0.5337,839,79
RSC-2020-03501,v2.1.3,2020-08-16 23:59:11,39,0.0738,0.7992,0.1549,0.492,1437,20
RSC-2020-03502,v2.1.3,2020-02-23 13:20:23,41,0.0152,0.8148,0.1465,0.5086,1469,64
RSC-2020-03503,v2.1.4,2020-05-24 18:02:46,57,0.0286,0.8335,0.1795,0.4798,1232,33
RSC-2020-03504,v2.1.3,2020-10-05 04:11:37,55,0.0193,0.8147,0.1245,0.5241,1245,53
RSC-2020-03505,v2.3.0,2020-07-21 13:06:36,43,0.0115,0.7851,0.1521,0.5279,857,109
RSC-2020-03506,v2.1.3,2020-01-15 20:53:51,36,0.0231,0.8061,0.1596,0.5034,994,72
RSC-2020-03507,v2.2.1,2020-11-26 12:40:01,52,0.0736,0.7907,0.1549,0.4999,973,81
RSC-2020-03508,v2.2.0,2020-05-23 06:35:11,57,0.0173,0.844,0.1585,0.5295,1429,72
RSC-2020-03509,v2.1.4,2020-10-24 20:20:10,57,0.0194,0.8036,0.1547,0.4605,856,130
RSC-2020-03510,v2.1.3,2020-03-08 13:41:29,35,0.0252,0.7924,0.1591,0.5125,1411,99
RSC-2020-03511,v2.1.4,2020-06-20 04:40:05,41,0.0893,0.8074,0.1446,0.4908,1325,128
RSC-2020-03512,v2.2.0,2020-06-21 13:40:51,56,0.0254,0.8364,0.1565,0.4722,1576,108
RSC-2020-03513,v2.1.3,2020-07-03 10:28:11,40,0.0208,0.8024,0.1361,0.5327,1515,129
RSC-2020-03514,v2.2.1,2020-07-23 02:18:29,42,0.0564,0.823,0.1582,0.5171,1262,103
RSC-2020-03515,v2.1.4,2020-12-04 17:48:23,55,0.0698,0.8139,0.1554,0.4607,1556,98
RSC-2020-03516,v2.2.0,2020-07-04 01:16:49,46,0.0333,0.7808,0.1314,0.5078,1426,25
RSC-2020-03517,v2.2.1,2020-04-17 05:37:15,47,0.0116,0.8063,0.139,0.5114,1404,133
RSC-2020-03518,v2.1.3,2020-01-30 03:50:24,34,0.025,0.8035,0.1612,0.5442,1423,69
RSC-2020-03519,v2.2.1,2020-10-25 04:00:27,57,0.0249,0.8245,0.1522,0.5255,1017,43
RSC-2020-03520,v2.1.4,2020-04-23 07:29:36,41,0.0178,0.802,0.1416,0.5322,1006,63
RSC-2020-03521,v2.1.3,2020-11-23 04:12:26,44,0.0174,0.8425,0.1527,0.5109,1502,21
RSC-2020-03522,v2.3.0,2020-04-01 13:21:52,52,0.0048,0.8191,0.16,0.5137,1473,91
RSC-2020-03523,v2.1.3,2020-10-03 17:17:15,37,0.0181,0.8165,0.1481,0.503,808,120
RSC-2020-03524,v2.2.1,2020-12-02 14:36:46,51,0.0605,0.8234,0.1519,0.5305,1088,80
RSC-2020-03525,v2.1.3,2020-02-12 12:05:59,43,0.0472,0.8092,0.1424,0.4782,1350,101
RSC-2020-03526,v2.1.4,2020-06-01 11:03:16,49,0.0139,0.7817,0.1341,0.5122,1437,134
RSC-2020-03527,v2.2.0,2020-07-26 15:28:58,43,0.0202,0.7991,0.1582,0.5047,1023,137
RSC-2020-03528,v2.1.3,2020-05-17 00:48:13,46,0.0137,0.7966,0.1519,0.5049,896,126
RSC-2020-03529,v2.1.4,2020-02-06 13:32:20,36,0.0445,0.8114,0.1356,0.4886,1595,133
RSC-2020-03530,v2.3.0,2020-06-04 11:49:52,55,0.0437,0.7934,0.1222,0.5424,1320,105
RSC-2020-03531,v2.2.0,2020-02-17 18:38:33,54,0.0251,0.8145,0.1519,0.5295,924,45
RSC-2020-03532,v2.2.0,2020-03-21 12:11:02,45,0.014,0.8319,0.1277,0.5255,1582,49
RSC-2020-03533,v2.2.0,2020-01-18 04:10:47,42,0.03,0.7969,0.1571,0.5206,1208,131
RSC-2020-03534,v2.2.0,2020-12-04 04:05:47,51,0.024,0.7906,0.1648,0.4848,1510,134
RSC-2020-03535,v2.2.1,2020-04-15 03:00:51,48,0.0133,0.795,0.1427,0.4963,1083,101
RSC-2020-03536,v2.1.3,2020-10-11 03:45:28,36,0.0088,0.8145,0.1524,0.4762,1102,33
RSC-2020-03537,v2.2.0,2020-11-05 06:36:20,49,0.0371,0.815,0.1401,0.511,1470,62
RSC-2020-03538,v2.1.4,2020-08-10 01:31:11,41,0.0475,0.8318,0.1365,0.5138,1581,50
RSC-2020-03539,v2.3.0,2020-04-27 06:44:23,53,0.0614,0.8047,0.1368,0.5042,920,79
RSC-2020-03540,v2.2.1,2020-08-26 11:38:21,38,0.0253,0.8033,0.1471,0.5368,1316,25
RSC-2020-03541,v2.1.4,2020-12-06 22:30:24,51,0.0857,0.7916,0.1506,0.5149,1591,122
RSC-2020-03542,v2.1.4,2020-09-27 11:22:40,57,0.0682,0.8108,0.1371,0.5148,1410,89
RSC-2020-03543,v2.1.4,2020-08-26 22:05:54,44,0.0849,0.7892,0.1276,0.531,858,109
RSC-2020-03544,v2.1.4,2020-04-07 10:32:23,41,0.0207,0.7899,0.1846,0.5541,858,25
RSC-2020-03545,v2.1.4,2020-11-29 00:28:05,56,0.0239,0.796,0.1512,0.5059,1219,100
RSC-2020-03546,v2.1.3,2020-12-05 07:50:37,46,0.0204,0.8124,0.1526,0.5001,1319,20
RSC-2020-03547,v2.2.1,2020-09-02 20:06:40,56,0.0098,0.7854,0.1178,0.5018,1136,94
RSC-2020-03548,v2.1.4,2020-01-08 06:34:48,35,0.0247,0.8209,0.1449,0.5098,1071,81
RSC-2020-03549,v2.2.0,2020-03-05 04:18:39,43,0.0135,0.8139,0.1286,0.5075,848,134
RSC-2020-03550,v2.3.0,2020-10-23 22:00:41,57,0.0758,0.8006,0.1391,0.5297,925,45
RSC-2020-03551,v2.2.1,2020-02-22 21:23:44,52,0.0477,0.8118,0.1382,0.4478,839,85
RSC-2020-03552,v2.2.0,2020-06-11 14:06:46,36,0.067,0.7762,0.1465,0.5033,1051,100
RSC-2020-03553,v2.3.0,2020-12-22 05:29:53,49,0.0317,0.8179,0.1432,0.5077,1386,119
RSC-2020-03554,v2.3.0,2020-11-20 22:05:53,47,0.0359,0.7984,0.1421,0.5321,892,60
RSC-2020-03555,v2.1.4,2020-03-25 23:17:06,37,0.0022,0.7818,0.1478,0.5006,1073,35
RSC-2020-03556,v2.1.4,2020-05-15 07:25:53,35,0.024,0.7755,0.1397,0.4874,939,52
RSC-2020-03557,v2.2.1,2020-12-13 19:59:43,37,0.0272,0.8138,0.135,0.558,1478,95
RSC-2020-03558,v2.2.0,2020-01-31 19:24:06,53,0.0381,0.8135,0.1456,0.4954,1088,94
RSC-2020-03559,v2.1.3,2020-03-03 10:09:02,51,0.0384,0.8039,0.13,0.5307,1108,47
RSC-2020-03560,v2.1.3,2020-07-01 15:09:25,50,0.0911,0.8056,0.1513,0.4827,1207,85
RSC-2020-03561,v2.1.4,2020-03-03 16:24:20,34,0.02,0.7907,0.1169,0.5309,1232,121
RSC-2020-03562,v2.1.3,2020-10-23 13:54:02,48,0.0279,0.8208,0.1623,0.5327,1081,122
RSC-2020-03563,v2.2.1,2020-01-04 01:38:31,54,0.0345,0.8496,0.135,0.5039,814,48
RSC-2020-03564,v2.1.4,2020-09-30 05:36:11,50,0.0167,0.7752,0.1555,0.5284,1096,34
RSC-2020-03565,v2.2.1,2020-03-06 03:41:29,35,0.0034,0.8356,0.1511,0.5366,1253,135
RSC-2020-03566,v2.1.4,2020-09-04 04:39:09,36,0.0672,0.8151,0.1445,0.5302,1479,93
RSC-2020-03567,v2.1.4,2020-07-26 13:19:19,36,0.0018,0.8177,0.1358,0.5,975,82
RSC-2020-03568,v2.3.0,2020-05-07 20:55:55,42,0.0819,0.8235,0.1317,0.5293,1331,139
RSC-2020-03569,v2.1.3,2020-06-25 18:15:47,49,0.0135,0.8302,0.1494,0.5071,1202,93
RSC-2020-03570,v2.3.0,2020-02-03 13:16:17,48,0.0741,0.8088,0.1572,0.5194,1547,139
RSC-2020-03571,v2.1.4,2020-08-09 06:26:24,47,0.0546,0.8249,0.1604,0.4954,1075,121
RSC-2020-03572,v2.2.1,2020-02-25 06:05:37,51,0.0576,0.8049,0.1479,0.5317,1467,92
RSC-2020-03573,v2.2.0,2020-03-05 12:46:38,55,0.0393,0.8275,0.1447,0.5151,1108,30
RSC-2020-03574,v2.1.3,2020-04-10 19:32:08,37,0.0207,0.7979,0.1355,0.4952,1073,54
RSC-2020-03575,v2.3.0,2020-07-18 04:17:52,49,0.0254,0.8122,0.1282,0.5197,1357,35
RSC-2020-03576,v2.1.3,2020-08-28 13:37:08,46,0.0756,0.8219,0.1508,0.5388,811,132
RSC-2020-03577,v2.1.4,2020-04-25 04:33:19,46,0.0336,0.8049,0.1296,0.5071,1395,54
RSC-2020-03578,v2.2.0,2020-04-30 19:47:24,37,0.0439,0.8077,0.1339,0.5234,1281,79
RSC-2020-03579,v2.3.0,2020-12-21 03:21:12,36,0.0315,0.8729,0.1542,0.5208,966,28
RSC-2020-03580,v2.2.1,2020-11-01 06:27:40,50,0.0022,0.8008,0.1554,0.5222,1066,64
RSC-2020-03581,v2.1.4,2020-04-24 14:05:32,41,0.0163,0.81,0.1457,0.5127,988,59
RSC-2020-03582,v2.2.1,2020-06-18 08:41:02,38,0.0461,0.8097,0.1271,0.4907,802,90
RSC-2020-03583,v2.1.3,2020-01-03 12:16:09,54,0.0304,0.7951,0.1297,0.5462,1263,93
RSC-2020-03584,v2.1.4,2020-03-15 05:10:41,46,0.0115,0.7942,0.1646,0.5288,988,129
RSC-2020-03585,v2.3.0,2020-12-29 11:01:58,41,0.0282,0.8047,0.144,0.526,852,60
RSC-2020-03586,v2.1.3,2020-01-13 20:27:01,37,0.0168,0.8288,0.1388,0.5423,1458,119
RSC-2020-03587,v2.1.4,2020-09-04 07:48:39,49,0.0213,0.8128,0.1493,0.5343,1461,73
RSC-2020-03588,v2.1.3,2020-09-21 01:46:37,36,0.0139,0.8036,0.1663,0.5308,1569,71
RSC-2020-03589,v2.3.0,2020-07-22 04:25:02,52,0.0541,0.8261,0.1287,0.5086,800,103
RSC-2020-03590,v2.3.0,2020-06-07 14:57:05,53,0.0208,0.8034,0.1282,0.5061,1440,35
RSC-2020-03591,v2.2.0,2020-12-06 16:52:08,47,0.0549,0.8027,0.1393,0.4838,1486,23
RSC-2020-03592,v2.2.1,2020-02-23 08:55:41,50,0.0068,0.7953,0.1483,0.5127,1267,58
RSC-2020-03593,v2.3.0,2020-07-08 14:43:02,56,0.0179,0.807,0.127,0.5376,842,48
RSC-2020-03594,v2.1.4,2020-12-08 10:13:36,57,0.0061,0.8074,0.1378,0.5026,1564,71
RSC-2020-03595,v2.1.3,2020-04-24 13:21:33,54,0.0599,0.7839,0.1414,0.5086,1325,31
RSC-2020-03596,v2.1.3,2020-06-25 00:05:02,35,0.0365,0.8455,0.1363,0.4749,1352,87
RSC-2020-03597,v2.1.4,2020-01-07 16:10:44,55,0.0142,0.7869,0.1406,0.4961,1184,102
RSC-2020-03598,v2.1.3,2020-05-19 15:03:59,49,0.0251,0.8292,0.1497,0.53,879,79
RSC-2020-03599,v2.3.0,2020-02-20 12:59:09,45,0.0785,0.7898,0.1269,0.5351,1411,114
RSC-2020-03600,v2.1.3,2020-02-04 06:27:03,54,0.0131,0.8117,0.1563,0.5012,1113,29
RSC-2020-03601,v2.1.3,2020-02-23 18:35:49,48,0.0235,0.7995,0.1388,0.5196,1094,113
RSC-2020-03602,v2.1.3,2020-04-03 18:34:39,53,0.0064,0.8134,0.1597,0.5053,937,55
RSC-2020-03603,v2.1.4,2020-12-14 17:19:10,45,0.0526,0.8128,0.1323,0.5042,868,26
RSC-2020-03604,v2.1.3,2020-10-06 15:16:30,55,0.0388,0.8053,0.1502,0.5292,1263,25
RSC-2020-03605,v2.2.0,2020-04-16 09:17:20,41,0.0773,0.8155,0.1345,0.5182,1327,118
RSC-2020-03606,v2.3.0,2020-11-06 07:32:11,48,0.0349,0.8296,0.1603,0.5492,1389,100
RSC-2020-03607,v2.2.0,2020-03-14 01:16:36,47,0.0467,0.8022,0.1493,0.5209,851,37
RSC-2020-03608,v2.2.1,2020-11-10 13:47:37,56,0.0677,0.8154,0.1535,0.4961,1540,117
RSC-2020-03609,v2.2.0,2020-05-16 10:55:15,56,0.0151,0.806,0.1388,0.5122,1580,118
RSC-2020-03610,v2.2.1,2020-01-05 05:00:59,38,0.0326,0.8055,0.1303,0.5255,1558,72
RSC-2020-03611,v2.1.4,2020-08-09 04:27:56,56,0.0217,0.8302,0.1448,0.5439,1211,80
RSC-2020-03612,v2.2.0,2020-12-06 09:18:10,54,0.079,0.8279,0.1605,0.5392,1404,63
RSC-2020-03613,v2.3.0,2020-11-11 06:16:14,38,0.0549,0.8186,0.1244,0.5246,1163,132
RSC-2020-03614,v2.3.0,2020-07-01 10:59:47,34,0.085,0.8189,0.1604,0.5515,1214,32
RSC-2020-03615,v2.2.0,2020-10-01 21:52:46,34,0.0088,0.8145,0.139,0.5479,1254,92
RSC-2020-03616,v2.1.3,2020-10-29 12:58:26,34,0.0964,0.8188,0.1225,0.4954,862,41
RSC-2020-03617,v2.3.0,2020-09-29 04:58:30,50,0.0519,0.8045,0.1578,0.4869,1279,88
RSC-2020-03618,v2.2.0,2020-09-13 15:41:30,44,0.0577,0.8004,0.1517,0.4941,1373,133
RSC-2020-03619,v2.3.0,2020-11-04 00:23:18,40,0.1019,0.8052,0.1404,0.4782,818,26
RSC-2020-03620,v2.2.0,2020-09-30 09:45:11,36,0.0493,0.8229,0.1602,0.5228,859,70
RSC-2020-03621,v2.1.4,2020-10-10 13:19:23,54,0.0405,0.8488,0.1465,0.4882,1508,65
RSC-2020-03622,v2.1.3,2020-04-08 11:35:57,40,0.1139,0.837,0.1539,0.5171,829,89
RSC-2020-03623,v2.1.4,2020-04-28 05:18:49,47,0.0589,0.8155,0.1535,0.5074,1413,54
RSC-2020-03624,v2.1.3,2020-10-27 23:43:32,39,0.053,0.8308,0.1398,0.5685,1487,126
RSC-2020-03625,v2.1.3,2020-11-28 09:26:24,48,0.0065,0.8191,0.1348,0.5149,1207,73
RSC-2020-03626,v2.2.1,2020-06-28 14:00:02,38,0.1179,0.8502,0.1375,0.5152,851,68
RSC-2020-03627,v2.2.0,2020-10-19 07:11:37,37,0.0071,0.8285,0.1454,0.523,878,49
RSC-2020-03628,v2.2.0,2020-05-18 22:59:47,57,0.0463,0.8099,0.1399,0.5121,1046,139
RSC-2020-03629,v2.3.0,2020-10-15 03:35:30,37,0.0658,0.8347,0.1382,0.5239,989,21
RSC-2020-03630,v2.2.1,2020-06-20 18:13:46,55,0.0754,0.8325,0.1527,0.5331,1332,59
RSC-2020-03631,v2.2.0,2020-06-01 11:31:56,46,0.0046,0.8529,0.15,0.5119,800,83
RSC-2020-03632,v2.2.0,2020-10-10 22:20:59,55,0.0179,0.8222,0.1358,0.5216,1097,46
RSC-2020-03633,v2.2.0,2020-04-21 15:32:34,50,0.0339,0.8134,0.1446,0.5224,1177,137
RSC-2020-03634,v2.2.0,2020-10-01 00:52:07,45,0.0274,0.8033,0.1275,0.5316,1547,27
RSC-2020-03635,v2.2.1,2020-03-30 12:11:59,52,0.0458,0.8125,0.1517,0.5264,1195,93
RSC-2020-03636,v2.1.3,2020-08-05 09:34:31,49,0.0478,0.8162,0.1289,0.5249,1087,46
RSC-2020-03637,v2.1.3,2020-11-10 10:42:01,34,0.0359,0.7895,0.1308,0.5059,1364,112
RSC-2020-03638,v2.2.0,2020-02-19 05:49:09,34,0.047,0.7897,0.146,0.5388,868,99
RSC-2020-03639,v2.2.1,2020-07-07 04:56:42,43,0.027,0.7965,0.1522,0.5017,1482,24
RSC-2020-03640,v2.3.0,2020-01-09 14:35:13,57,0.0473,0.7895,0.1499,0.5198,951,82
RSC-2020-03641,v2.2.0,2020-12-24 03:18:40,39,0.0425,0.8155,0.1469,0.4992,1491,110
RSC-2020-03642,v2.3.0,2020-03-21 17:00:18,53,0.0536,0.8248,0.1407,0.5197,1298,62
RSC-2020-03643,v2.1.3,2020-12-15 19:03:48,38,0.0128,0.7792,0.1434,0.4934,1394,28
RSC-2020-03644,v2.2.0,2020-04-02 14:16:25,44,0.023,0.8252,0.1318,0.5166,1155,54
RSC-2020-03645,v2.1.3,2020-10-01 05:04:40,45,0.0152,0.808,0.1337,0.5048,896,23
RSC-2020-03646,v2.2.1,2020-09-13 01:37:31,37,0.0265,0.8046,0.1244,0.507,1092,73
RSC-2020-03647,v2.1.3,2020-05-13 13:22:59,43,0.019,0.857,0.1438,0.5069,1441,41
RSC-2020-03648,v2.2.1,2020-07-05 22:05:58,50,0.0259,0.8317,0.1286,0.5102,1459,83
RSC-2020-03649,v2.2.0,2020-03-08 08:55:50,48,0.0555,0.8224,0.1354,0.5154,1408,85
RSC-2020-03650,v2.3.0,2020-12-29 04:16:22,45,0.0495,0.819,0.138,0.5297,1245,115
RSC-2020-03651,v2.1.4,2020-06-13 06:40:32,49,0.0198,0.8331,0.1303,0.5197,925,114
RSC-2020-03652,v2.2.1,2020-03-13 21:08:44,45,0.0598,0.8049,0.1591,0.4973,1479,100
RSC-2020-03653,v2.1.3,2020-01-08 18:53:19,36,0.0128,0.7933,0.1182,0.5113,834,112
RSC-2020-03654,v2.2.0,2020-12-04 14:44:35,48,0.0197,0.8,0.1198,0.5053,968,99
RSC-2020-03655,v2.1.3,2020-12-26 23:39:03,45,0.0202,0.8088,0.1125,0.4971,1055,105
RSC-2020-03656,v2.2.1,2020-08-29 19:28:05,44,0.013,0.7957,0.1385,0.5334,1118,31
RSC-2020-03657,v2.2.1,2020-03-15 19:16:40,40,0.0278,0.8083,0.1448,0.5014,1227,34
RSC-2020-03658,v2.1.4,2020-11-02 16:38:29,40,0.0422,0.8254,0.1372,0.5091,1174,24
RSC-2020-03659,v2.1.4,2020-11-26 12:20:14,47,0.027,0.8397,0.1666,0.5075,901,28
RSC-2020-03660,v2.1.3,2020-02-01 16:23:08,37,0.0275,0.8159,0.1143,0.508,1362,104
RSC-2020-03661,v2.2.0,2020-12-25 08:39:19,37,0.0418,0.7783,0.1386,0.5228,1538,49
RSC-2020-03662,v2.3.0,2020-12-16 18:21:31,56,0.0815,0.7788,0.1443,0.4997,1278,54
RSC-2020-03663,v2.2.0,2020-07-23 02:34:21,40,0.0632,0.8055,0.1532,0.5447,1493,102
RSC-2020-03664,v2.3.0,2020-08-18 19:06:02,34,0.0498,0.8027,0.1387,0.4893,811,51
RSC-2020-03665,v2.2.0,2020-01-07 06:09:26,40,0.0536,0.7907,0.1495,0.5089,1333,74
RSC-2020-03666,v2.1.3,2020-06-03 12:08:58,37,0.0479,0.8134,0.1479,0.5082,1520,65
RSC-2020-03667,v2.1.4,2020-10-15 12:23:57,35,0.0304,0.7963,0.1362,0.4995,1314,87
RSC-2020-03668,v2.2.1,2020-03-28 21:06:57,54,0.0172,0.7854,0.1346,0.5027,1529,30
RSC-2020-03669,v2.1.3,2020-12-01 01:09:25,42,0.0538,0.8321,0.1623,0.548,1442,81
RSC-2020-03670,v2.3.0,2020-12-27 01:48:03,41,0.0656,0.8035,0.14,0.5084,1027,67
RSC-2020-03671,v2.1.3,2020-06-05 05:05:52,52,0.0141,0.8366,0.1723,0.5446,1220,34
RSC-2020-03672,v2.3.0,2020-11-07 21:30:08,43,0.0032,0.8071,0.1461,0.4703,917,26
RSC-2020-03673,v2.1.4,2020-07-10 20:17:30,38,0.0222,0.8143,0.1337,0.5318,1155,70
RSC-2020-03674,v2.3.0,2020-03-01 10:27:57,46,0.0442,0.8157,0.1365,0.5166,1506,99
RSC-2020-03675,v2.3.0,2020-12-12 21:07:07,48,0.0608,0.8122,0.1569,0.4996,1572,116
RSC-2020-03676,v2.1.3,2020-07-17 13:19:32,50,0.0387,0.813,0.1551,0.5392,1414,20
RSC-2020-03677,v2.1.3,2020-12-07 19:26:29,44,0.0286,0.8029,0.1723,0.5223,1047,73
RSC-2020-03678,v2.2.0,2020-05-14 21:15:49,52,0.0141,0.8094,0.1421,0.4752,1346,29
RSC-2020-03679,v2.1.3,2020-08-14 19:49:14,38,0.0183,0.8224,0.131,0.5208,1561,111
RSC-2020-03680,v2.1.3,2020-11-10 14:54:05,55,0.0152,0.8207,0.1447,0.4794,1083,78
RSC-2020-03681,v2.2.1,2020-09-13 08:53:21,42,0.0427,0.8183,0.1268,0.4964,1313,51
RSC-2020-03682,v2.1.4,2020-06-12 21:57:41,51,0.0878,0.8192,0.1386,0.5416,1557,68
RSC-2020-03683,v2.2.0,2020-06-27 07:49:37,52,0.0196,0.8126,0.1422,0.5304,1014,100
RSC-2020-03684,v2.1.4,2020-12-17 11:35:29,51,0.0165,0.7848,0.1578,0.4883,1415,101
RSC-2020-03685,v2.3.0,2020-02-11 06:22:36,36,0.1227,0.8051,0.1505,0.5027,1344,57
RSC-2020-03686,v2.1.3,2020-08-12 21:10:18,39,0.0757,0.8466,0.1413,0.4901,1267,116
RSC-2020-03687,v2.1.4,2020-06-19 14:31:18,38,0.0242,0.819,0.1426,0.5115,1543,22
RSC-2020-03688,v2.3.0,2020-01-07 09:10:06,43,0.0275,0.8334,0.1397,0.4799,1364,88
RSC-2020-03689,v2.1.4,2020-07-01 13:56:05,39,0.0218,0.8181,0.1415,0.5104,1545,21
RSC-2020-03690,v2.2.0,2020-03-10 22:38:57,42,0.0351,0.8368,0.1454,0.5069,1211,119
RSC-2020-03691,v2.1.4,2020-11-24 19:00:50,47,0.053,0.7832,0.1563,0.4988,1404,52
RSC-2020-03692,v2.3.0,2020-04-12 01:14:03,55,0.0052,0.8027,0.1708,0.5095,1564,104
RSC-2020-03693,v2.1.3,2020-10-15 06:42:14,37,0.0139,0.8436,0.1575,0.5212,1304,47
RSC-2020-03694,v2.3.0,2020-09-30 12:33:15,47,0.0368,0.8305,0.1395,0.4719,912,87
RSC-2020-03695,v2.2.1,2020-10-01 14:18:11,36,0.061,0.7986,0.1381,0.4829,908,84
RSC-2020-03696,v2.3.0,2020-10-23 15:31:12,36,0.0494,0.8289,0.1263,0.5055,1339,137
RSC-2020-03697,v2.3.0,2020-12-01 10:23:35,55,0.045,0.8267,0.1343,0.5035,1206,47
RSC-2020-03698,v2.1.3,2020-06-05 09:53:43,49,0.0263,0.7907,0.1492,0.5124,1444,64
RSC-2020-03699,v2.2.0,2020-04-16 18:28:19,53,0.0593,0.8016,0.1378,0.4883,1536,117
RSC-2020-03700,v2.1.3,2020-09-11 00:15:41,49,0.0305,0.7869,0.1253,0.5203,864,129
RSC-2020-03701,v2.1.4,2020-03-19 21:01:47,34,0.1118,0.7948,0.1332,0.5304,978,105
RSC-2020-03702,v2.2.1,2020-01-31 07:33:15,37,0.0273,0.7926,0.1625,0.5493,1463,106
RSC-2020-03703,v2.1.3,2020-03-09 11:22:12,35,0.1079,0.7984,0.1476,0.4927,835,57
RSC-2020-03704,v2.2.0,2020-12-18 09:19:15,41,0.0386,0.8199,0.1409,0.4597,979,49
RSC-2020-03705,v2.3.0,2020-11-12 01:04:46,36,0.0173,0.8261,0.165,0.5234,1384,98
RSC-2020-03706,v2.1.4,2020-02-19 02:36:28,48,0.0206,0.8198,0.154,0.5146,1110,66
RSC-2020-03707,v2.1.4,2020-05-19 14:46:30,37,0.0658,0.8363,0.1623,0.5072,877,47
RSC-2020-03708,v2.1.4,2020-12-10 17:37:24,43,0.0477,0.8337,0.1463,0.5008,870,60
RSC-2020-03709,v2.2.1,2020-04-07 20:18:56,53,0.0174,0.7928,0.1599,0.5141,1578,30
RSC-2020-03710,v2.2.0,2020-04-14 02:33:34,36,0.0264,0.8212,0.1554,0.522,1169,94
RSC-2020-03711,v2.2.1,2020-07-08 17:58:05,43,0.0614,0.8158,0.1619,0.5247,1328,26
RSC-2020-03712,v2.1.4,2020-05-16 22:24:14,38,0.0606,0.8454,0.1399,0.5239,1368,93
RSC-2020-03713,v2.1.3,2020-08-17 18:48:13,43,0.0342,0.8183,0.1258,0.5155,1139,97
RSC-2020-03714,v2.2.1,2020-04-04 02:31:08,35,0.0294,0.7977,0.1297,0.495,1050,55
RSC-2020-03715,v2.2.1,2020-02-03 09:26:50,51,0.0628,0.7901,0.156,0.501,1100,100
RSC-2020-03716,v2.1.4,2020-04-22 04:46:30,44,0.0358,0.8102,0.1407,0.5135,1104,85
RSC-2020-03717,v2.1.3,2020-05-15 06:18:35,36,0.0267,0.8288,0.1529,0.4981,819,39
RSC-2020-03718,v2.1.4,2020-06-03 07:58:08,57,0.031,0.8195,0.1424,0.4865,1306,57
RSC-2020-03719,v2.2.0,2020-04-23 11:13:42,49,0.0335,0.7999,0.1294,0.5452,1469,43
RSC-2020-03720,v2.1.4,2020-09-24 05:32:08,47,0.0088,0.8022,0.1287,0.5069,1198,90
RSC-2020-03721,v2.2.0,2020-10-02 21:06:03,37,0.0173,0.7917,0.1405,0.5426,1341,26
RSC-2020-03722,v2.2.0,2020-11-12 16:37:53,43,0.0197,0.7941,0.1347,0.4875,1433,53
RSC-2020-03723,v2.2.0,2020-05-13 20:39:57,46,0.046,0.8223,0.1319,0.4844,1304,68
RSC-2020-03724,v2.2.1,2020-03-08 12:52:02,38,0.0508,0.7964,0.1366,0.5465,1216,125
RSC-2020-03725,v2.1.4,2020-01-04 12:05:47,54,0.037,0.8212,0.1503,0.522,1070,89
RSC-2020-03726,v2.2.0,2020-12-15 19:44:34,56,0.0696,0.8275,0.1363,0.496,1484,53
RSC-2020-03727,v2.2.0,2020-03-17 01:19:48,47,0.0279,0.7961,0.1369,0.5055,1206,70
RSC-2020-03728,v2.2.0,2020-07-16 04:34:35,46,0.0213,0.7956,0.1514,0.4503,1295,42
RSC-2020-03729,v2.2.1,2020-10-16 09:33:05,53,0.0477,0.8173,0.1622,0.5137,986,62
RSC-2020-03730,v2.3.0,2020-07-22 13:42:45,57,0.1021,0.7788,0.1399,0.4754,1064,104
RSC-2020-03731,v2.1.4,2020-07-16 23:06:19,53,0.0817,0.8061,0.132,0.5013,1306,50
RSC-2020-03732,v2.2.0,2020-11-28 15:17:54,45,0.0219,0.837,0.1421,0.4876,1147,128
RSC-2020-03733,v2.1.4,2020-05-19 13:13:14,41,0.0447,0.7966,0.1526,0.5614,1058,37
RSC-2020-03734,v2.1.4,2020-11-12 22:22:09,36,0.0558,0.8454,0.1344,0.5067,1544,103
RSC-2020-03735,v2.2.1,2020-06-23 16:29:42,37,0.0206,0.8296,0.1555,0.4992,933,69
RSC-2020-03736,v2.1.3,2020-09-15 17:02:24,49,0.0312,0.7998,0.1472,0.5504,1570,130
RSC-2020-03737,v2.1.4,2020-10-24 08:00:46,51,0.0625,0.7767,0.1515,0.55,1289,105
RSC-2020-03738,v2.2.0,2020-03-19 13:17:08,43,0.0951,0.7787,0.1373,0.5208,1489,36
RSC-2020-03739,v2.1.4,2020-12-02 11:29:52,36,0.0095,0.8178,0.1529,0.5193,1358,27
RSC-2020-03740,v2.2.0,2020-10-09 01:39:17,36,0.034,0.7929,0.129,0.504,1421,93
RSC-2020-03741,v2.1.3,2020-03-01 15:25:33,34,0.0488,0.8174,0.1567,0.5333,872,23
RSC-2020-03742,v2.2.1,2020-06-17 05:12:12,57,0.0158,0.8079,0.1558,0.5747,1060,129
RSC-2020-03743,v2.1.4,2020-03-30 23:47:27,49,0.0703,0.817,0.1495,0.5466,1260,129
RSC-2020-03744,v2.1.3,2020-07-19 06:43:33,50,0.0985,0.8229,0.138,0.512,1316,123
RSC-2020-03745,v2.1.4,2020-06-14 04:01:10,37,0.0244,0.8124,0.1377,0.5036,1583,91
RSC-2020-03746,v2.1.4,2020-10-06 03:29:26,37,0.0406,0.8361,0.1451,0.5038,1523,134
RSC-2020-03747,v2.1.4,2020-12-01 12:26:07,43,0.0073,0.8163,0.1563,0.4969,1368,41
RSC-2020-03748,v2.1.3,2020-03-31 05:33:22,54,0.0224,0.8152,0.1642,0.5514,1560,107
RSC-2020-03749,v2.3.0,2020-09-18 06:34:20,55,0.0141,0.7989,0.1334,0.5219,1238,37
RSC-2020-03750,v2.2.1,2020-06-16 09:54:20,51,0.0058,0.8035,0.1409,0.5102,1304,27
RSC-2020-03751,v2.2.0,2020-05-06 03:00:53,41,0.0615,0.8328,0.1404,0.5245,912,68
RSC-2020-03752,v2.3.0,2020-03-24 06:47:27,47,0.0259,0.7979,0.141,0.5081,1008,41
RSC-2020-03753,v2.2.1,2020-07-29 16:58:18,46,0.0079,0.8396,0.1556,0.5064,918,106
RSC-2020-03754,v2.3.0,2020-08-18 23:31:55,37,0.0848,0.8227,0.1402,0.5223,835,26
RSC-2020-03755,v2.3.0,2020-06-13 01:37:31,38,0.0347,0.8164,0.151,0.4992,1560,24
RSC-2020-03756,v2.1.4,2020-02-03 08:05:09,43,0.0081,0.8037,0.1535,0.5159,901,64
RSC-2020-03757,v2.2.0,2020-05-19 00:21:39,35,0.0099,0.835,0.152,0.5539,1039,63
RSC-2020-03758,v2.3.0,2020-09-21 02:31:39,56,0.042,0.8257,0.1298,0.504,1506,20
RSC-2020-03759,v2.2.1,2020-04-16 12:18:40,37,0.045,0.8158,0.1485,0.5125,1309,104
RSC-2020-03760,v2.3.0,2020-08-23 11:59:40,57,0.0166,0.804,0.1378,0.4958,1215,44
RSC-2020-03761,v2.3.0,2020-12-07 12:19:51,40,0.0271,0.759,0.1457,0.5157,882,76
RSC-2020-03762,v2.1.4,2020-02-02 04:59:16,45,0.022,0.8095,0.1507,0.4656,1567,135
RSC-2020-03763,v2.1.3,2020-08-18 22:43:12,51,0.0806,0.798,0.1259,0.4928,1092,42
RSC-2020-03764,v2.1.4,2020-03-28 19:10:00,54,0.1072,0.8147,0.1579,0.5442,1426,71
RSC-2020-03765,v2.3.0,2020-01-31 02:32:26,41,0.0734,0.8252,0.1274,0.5324,940,139
RSC-2020-03766,v2.2.0,2020-12-24 08:55:05,51,0.0298,0.8024,0.138,0.5258,1122,132
RSC-2020-03767,v2.2.0,2020-09-02 09:20:10,48,0.0454,0.7988,0.1448,0.5226,1148,99
RSC-2020-03768,v2.3.0,2020-06-01 06:37:57,47,0.0176,0.8197,0.1298,0.5031,1000,116
RSC-2020-03769,v2.2.0,2020-03-16 08:09:18,38,0.0056,0.8429,0.1313,0.5021,1573,42
RSC-2020-03770,v2.3.0,2020-04-03 06:09:21,34,0.0458,0.7887,0.148,0.5178,1388,130
RSC-2020-03771,v2.2.0,2020-05-27 11:31:24,35,0.0427,0.8669,0.1408,0.4946,1412,101
RSC-2020-03772,v2.3.0,2020-08-11 08:05:55,54,0.0417,0.8006,0.1582,0.5018,1331,59
RSC-2020-03773,v2.3.0,2020-11-16 20:45:29,43,0.0424,0.8372,0.1467,0.5244,1436,84
RSC-2020-03774,v2.2.1,2020-08-02 08:26:45,45,0.0162,0.8225,0.1426,0.4961,1025,132
RSC-2020-03775,v2.2.1,2020-06-28 13:49:05,42,0.036,0.7938,0.139,0.4977,1209,31
RSC-2020-03776,v2.2.1,2020-02-23 23:31:32,38,0.0271,0.8051,0.1497,0.5301,1536,49
RSC-2020-03777,v2.2.0,2020-05-08 01:31:43,44,0.058,0.7863,0.147,0.5128,986,118
RSC-2020-03778,v2.3.0,2020-12-14 23:09:22,38,0.066,0.7942,0.1347,0.5229,1172,46
RSC-2020-03779,v2.1.3,2020-05-07 20:11:04,40,0.021,0.7932,0.1461,0.526,895,82
RSC-2020-03780,v2.2.1,2020-09-19 04:25:49,57,0.0635,0.805,0.1571,0.4765,1211,117
RSC-2020-03781,v2.2.1,2020-05-21 12:01:39,50,0.0484,0.7875,0.148,0.4904,1101,46
RSC-2020-03782,v2.3.0,2020-12-26 12:06:57,55,0.0305,0.7993,0.1255,0.5193,1395,132
RSC-2020-03783,v2.2.0,2020-06-20 08:03:38,56,0.0126,0.8116,0.1471,0.5229,977,99
RSC-2020-03784,v2.2.0,2020-12-20 09:59:40,45,0.0662,0.84,0.1399,0.4868,1045,29
RSC-2020-03785,v2.1.3,2020-03-21 04:37:53,49,0.0391,0.791,0.1077,0.5229,1013,56
RSC-2020-03786,v2.2.1,2020-08-18 13:03:43,34,0.01,0.8038,0.153,0.4875,1564,33
RSC-2020-03787,v2.1.3,2020-02-04 05:25:27,53,0.0218,0.7997,0.1735,0.4871,1197,111
RSC-2020-03788,v2.1.4,2020-06-01 00:34:39,45,0.0902,0.7941,0.1307,0.5069,1407,126
RSC-2020-03789,v2.2.1,2020-06-30 15:57:59,56,0.0276,0.8292,0.1414,0.5047,868,61
RSC-2020-03790,v2.2.1,2020-12-05 17:16:12,34,0.0309,0.8013,0.1325,0.5096,1345,107
RSC-2020-03791,v2.1.4,2020-08-03 07:14:10,49,0.0136,0.7745,0.1602,0.4989,998,57
RSC-2020-03792,v2.1.4,2020-03-04 09:58:45,39,0.0223,0.7964,0.1383,0.5381,1165,125
RSC-2020-03793,v2.3.0,2020-04-28 07:02:44,34,0.0177,0.8214,0.1321,0.5211,936,28
RSC-2020-03794,v2.1.4,2020-03-31 12:06:18,43,0.0325,0.8023,0.1375,0.4805,1441,139
RSC-2020-03795,v2.1.3,2020-02-28 03:06:02,50,0.0325,0.8137,0.1351,0.5343,1178,78
RSC-2020-03796,v2.2.1,2020-01-07 19:30:57,37,0.0119,0.8401,0.1571,0.4879,1229,133
RSC-2020-03797,v2.3.0,2020-12-08 07:13:01,38,0.087,0.8104,0.1645,0.5228,821,119
RSC-2020-03798,v2.2.0,2020-04-05 03:07:44,40,0.0704,0.7666,0.1442,0.5059,1519,110
RSC-2020-03799,v2.2.0,2020-06-23 21:22:28,57,0.0416,0.8035,0.1309,0.5075,1120,128
RSC-2020-03800,v2.3.0,2020-08-25 14:57:12,34,0.0703,0.7823,0.1403,0.5195,853,136
RSC-2020-03801,v2.1.4,2020-10-10 05:56:37,36,0.0318,0.7773,0.169,0.4665,1372,125
RSC-2020-03802,v2.2.1,2020-05-06 07:22:01,37,0.0314,0.7961,0.1409,0.4795,894,46
RSC-2020-03803,v2.2.1,2020-01-13 15:47:07,56,0.0153,0.8193,0.1415,0.5263,910,83
RSC-2020-03804,v2.2.1,2020-11-21 22:41:52,48,0.0395,0.7934,0.1343,0.5004,1277,103
RSC-2020-03805,v2.2.0,2020-07-31 08:38:08,39,0.0692,0.8074,0.1422,0.4962,1318,42
RSC-2020-03806,v2.2.1,2020-10-20 11:27:38,37,0.074,0.8323,0.1411,0.5167,1189,27
RSC-2020-03807,v2.2.0,2020-10-23 07:09:36,51,0.0164,0.8159,0.1526,0.5442,1267,122
RSC-2020-03808,v2.1.4,2020-03-16 15:16:49,46,0.0457,0.7942,0.1508,0.498,957,103
RSC-2020-03809,v2.1.3,2020-01-18 06:38:05,55,0.0318,0.8306,0.1378,0.5198,1377,88
RSC-2020-03810,v2.3.0,2020-10-10 10:10:54,40,0.0117,0.817,0.1679,0.5054,1523,74
RSC-2020-03811,v2.1.4,2020-01-29 10:43:26,55,0.0528,0.7975,0.1501,0.529,1250,75
RSC-2020-03812,v2.1.3,2020-10-03 12:12:03,52,0.0727,0.8182,0.1692,0.4983,1024,113
RSC-2020-03813,v2.1.3,2020-05-15 12:01:57,44,0.0042,0.7948,0.1556,0.4994,1011,89
RSC-2020-03814,v2.1.3,2020-04-02 00:00:11,38,0.0518,0.8261,0.1545,0.4983,1565,115
RSC-2020-03815,v2.3.0,2020-05-03 09:59:11,37,0.0221,0.7959,0.1452,0.4961,1201,41
RSC-2020-03816,v2.2.1,2020-05-10 03:45:48,57,0.0548,0.8084,0.1543,0.5089,1599,23
RSC-2020-03817,v2.2.1,2020-06-20 14:29:30,35,0.0346,0.8334,0.1472,0.497,1053,93
RSC-2020-03818,v2.3.0,2020-09-04 09:25:24,35,0.0674,0.7972,0.1215,0.4839,1163,30
RSC-2020-03819,v2.3.0,2020-01-24 23:22:08,45,0.037,0.7997,0.1439,0.4923,1307,96
RSC-2020-03820,v2.2.0,2020-10-09 06:16:24,43,0.0845,0.8091,0.1242,0.5213,870,66
RSC-2020-03821,v2.3.0,2020-12-06 21:21:27,57,0.0766,0.8289,0.1466,0.4815,851,24
RSC-2020-03822,v2.1.3,2020-02-10 09:23:16,47,0.01,0.8169,0.1316,0.4954,1145,125
RSC-2020-03823,v2.1.3,2020-12-30 00:46:48,34,0.0437,0.8069,0.1458,0.4918,1111,113
RSC-2020-03824,v2.1.4,2020-02-06 19:17:16,56,0.046,0.8219,0.166,0.5197,1384,132
RSC-2020-03825,v2.1.3,2020-01-04 02:45:50,55,0.0264,0.8221,0.1452,0.4974,1145,64
RSC-2020-03826,v2.3.0,2020-07-30 23:08:56,56,0.0121,0.8204,0.1637,0.4879,1252,126
RSC-2020-03827,v2.2.0,2020-12-14 21:57:33,52,0.0325,0.8398,0.1319,0.5364,1302,71
RSC-2020-03828,v2.2.1,2020-05-24 08:39:26,54,0.0198,0.8421,0.1299,0.475,1261,97
RSC-2020-03829,v2.2.1,2020-04-05 11:57:21,36,0.0209,0.8091,0.1487,0.5399,1538,110
RSC-2020-03830,v2.1.3,2020-12-10 03:21:01,54,0.066,0.8159,0.15,0.5379,810,58
RSC-2020-03831,v2.3.0,2020-01-27 06:11:03,56,0.0281,0.8224,0.1378,0.5083,883,51
RSC-2020-03832,v2.2.0,2020-08-25 14:27:22,38,0.0582,0.8526,0.1502,0.5093,1517,97
RSC-2020-03833,v2.2.0,2020-12-16 03:07:00,48,0.0273,0.8086,0.1143,0.5428,1172,20
RSC-2020-03834,v2.1.4,2020-07-04 06:06:02,56,0.0747,0.7987,0.1489,0.5414,1075,55
RSC-2020-03835,v2.1.4,2020-06-08 22:45:44,56,0.0193,0.8245,0.1358,0.4898,1286,92
RSC-2020-03836,v2.2.1,2020-12-19 05:52:53,55,0.0662,0.7917,0.1399,0.5342,896,52
RSC-2020-03837,v2.1.4,2020-11-04 17:03:29,46,0.0723,0.7788,0.1496,0.5206,881,52
RSC-2020-03838,v2.1.4,2020-01-10 14:05:35,36,0.1373,0.8216,0.1417,0.5065,911,50
RSC-2020-03839,v2.3.0,2020-05-26 10:53:22,56,0.023,0.8181,0.1668,0.4963,1246,125
RSC-2020-03840,v2.1.3,2020-12-25 14:08:48,48,0.0164,0.8384,0.1394,0.5078,1125,125
RSC-2020-03841,v2.1.3,2020-01-23 01:26:06,52,0.0317,0.8007,0.1606,0.5489,923,88
RSC-2020-03842,v2.2.1,2020-12-11 08:32:30,34,0.0244,0.8297,0.1333,0.509,1330,23
RSC-2020-03843,v2.1.3,2020-02-05 23:55:15,40,0.0616,0.8201,0.1242,0.5587,1359,128
RSC-2020-03844,v2.1.4,2020-10-22 21:24:09,55,0.0911,0.8283,0.1363,0.5053,1064,56
RSC-2020-03845,v2.1.4,2020-02-17 00:38:29,35,0.0143,0.8045,0.1253,0.5179,1421,81
RSC-2020-03846,v2.2.0,2020-02-10 16:14:39,54,0.0329,0.8095,0.1687,0.5064,1421,85
RSC-2020-03847,v2.2.0,2020-02-27 09:52:35,54,0.093,0.793,0.1402,0.5355,1395,86
RSC-2020-03848,v2.2.0,2020-01-15 15:31:50,55,0.0433,0.8581,0.1332,0.5118,981,113
RSC-2020-03849,v2.3.0,2020-01-21 01:27:39,37,0.1176,0.8566,0.1591,0.5207,918,103
RSC-2020-03850,v2.2.1,2020-08-19 19:23:39,40,0.0039,0.8229,0.1394,0.5247,889,66
RSC-2020-03851,v2.1.4,2020-07-07 04:58:30,39,0.007,0.7644,0.1663,0.5034,1403,64
RSC-2020-03852,v2.1.3,2020-12-17 05:25:50,50,0.0322,0.8638,0.1314,0.4975,827,110
RSC-2020-03853,v2.2.0,2020-03-07 04:11:59,45,0.0594,0.8373,0.1592,0.4882,1527,136
RSC-2020-03854,v2.3.0,2020-04-19 23:09:23,49,0.1127,0.8301,0.1198,0.4891,1259,76
RSC-2020-03855,v2.1.4,2020-09-24 20:41:05,43,0.0227,0.8184,0.1565,0.5319,1210,119
RSC-2020-03856,v2.1.4,2020-04-06 15:08:04,47,0.0503,0.8064,0.149,0.4893,1228,118
RSC-2020-03857,v2.3.0,2020-02-17 16:56:02,44,0.0427,0.8091,0.1539,0.5394,1364,137
RSC-2020-03858,v2.2.0,2020-12-05 18:30:10,51,0.0549,0.8214,0.1357,0.5038,952,131
RSC-2020-03859,v2.2.0,2020-01-28 13:36:30,47,0.0654,0.8285,0.1301,0.5091,1303,71
RSC-2020-03860,v2.3.0,2020-05-20 06:29:35,36,0.0265,0.8285,0.1304,0.5094,979,25
RSC-2020-03861,v2.2.1,2020-10-06 11:12:57,41,0.0707,0.7909,0.1646,0.5226,1200,80
RSC-2020-03862,v2.2.0,2020-01-29 17:40:44,44,0.0337,0.8116,0.1311,0.4795,961,64
RSC-2020-03863,v2.1.4,2020-05-13 07:12:37,47,0.0263,0.7998,0.1516,0.5176,1106,129
RSC-2020-03864,v2.1.3,2020-01-01 18:52:49,47,0.0385,0.8113,0.1483,0.5071,936,79
RSC-2020-03865,v2.1.4,2020-03-30 05:51:55,57,0.0285,0.7966,0.1376,0.4558,1230,40
RSC-2020-03866,v2.3.0,2020-08-02 08:04:09,46,0.0294,0.7968,0.1286,0.5162,848,80
RSC-2020-03867,v2.3.0,2020-04-14 15:29:32,43,0.0489,0.805,0.1502,0.5225,1179,132
RSC-2020-03868,v2.2.1,2020-01-18 00:29:27,42,0.0048,0.7913,0.157,0.5035,1240,42
RSC-2020-03869,v2.1.3,2020-02-15 18:32:32,42,0.0356,0.7938,0.1536,0.5004,1222,99
RSC-2020-03870,v2.1.4,2020-05-26 03:17:01,36,0.06,0.8214,0.1434,0.5023,1577,64
RSC-2020-03871,v2.3.0,2020-06-16 12:22:47,39,0.0086,0.8187,0.1266,0.4864,1349,61
RSC-2020-03872,v2.2.0,2020-09-10 11:26:24,41,0.0635,0.8081,0.1332,0.5407,980,102
RSC-2020-03873,v2.3.0,2020-12-17 12:00:37,41,0.0217,0.8188,0.1391,0.5351,1202,21
RSC-2020-03874,v2.2.1,2020-06-26 23:29:02,45,0.1088,0.8346,0.1415,0.4892,1361,128
RSC-2020-03875,v2.1.3,2020-11-11 01:51:43,46,0.0067,0.796,0.1576,0.5309,1151,67
RSC-2020-03876,v2.1.4,2020-08-06 21:45:03,37,0.0341,0.8342,0.1563,0.5422,923,136
RSC-2020-03877,v2.2.0,2020-05-26 17:56:18,40,0.0647,0.8036,0.1513,0.5341,1379,127
RSC-2020-03878,v2.2.0,2020-04-26 12:42:36,43,0.0364,0.817,0.1253,0.5052,1292,121
RSC-2020-03879,v2.2.0,2020-04-20 01:07:49,50,0.0068,0.8173,0.1448,0.5461,1121,24
RSC-2020-03880,v2.2.0,2020-02-05 20:30:22,38,0.0609,0.8254,0.148,0.5168,1457,120
RSC-2020-03881,v2.3.0,2020-08-10 16:45:57,42,0.0158,0.7974,0.1377,0.5318,1382,99
RSC-2020-03882,v2.1.3,2020-01-21 08:13:39,36,0.0477,0.8248,0.1548,0.5359,1310,50
RSC-2020-03883,v2.1.3,2020-06-16 09:39:55,41,0.017,0.7825,0.1388,0.4973,1472,129
RSC-2020-03884,v2.2.1,2020-12-30 02:48:29,37,0.0694,0.8374,0.1414,0.4984,856,89
RSC-2020-03885,v2.2.0,2020-11-22 03:54:06,45,0.0532,0.8145,0.1491,0.5203,1258,97
RSC-2020-03886,v2.3.0,2020-05-03 10:32:03,40,0.0057,0.8031,0.1187,0.5435,1560,59
RSC-2020-03887,v2.1.4,2020-06-24 04:53:14,44,0.1502,0.7665,0.1506,0.504,1429,135
RSC-2020-03888,v2.1.4,2020-12-23 08:20:29,49,0.024,0.8152,0.1409,0.5484,1147,74
RSC-2020-03889,v2.1.3,2020-02-22 00:36:13,54,0.0618,0.8031,0.1322,0.5047,1417,133
RSC-2020-03890,v2.3.0,2020-10-24 19:40:27,37,0.0254,0.7809,0.1422,0.5199,1440,85
RSC-2020-03891,v2.2.1,2020-12-02 13:24:26,51,0.015,0.8048,0.1627,0.538,1586,68
RSC-2020-03892,v2.2.0,2020-05-10 18:20:29,48,0.0434,0.8075,0.1123,0.5087,1544,96
RSC-2020-03893,v2.1.3,2020-01-13 15:04:17,39,0.0604,0.824,0.1421,0.5115,1188,52
RSC-2020-03894,v2.1.3,2020-12-23 04:39:56,43,0.0217,0.8125,0.1448,0.5268,1465,108
RSC-2020-03895,v2.3.0,2020-08-22 22:41:10,48,0.0786,0.8161,0.1474,0.4774,1498,130
RSC-2020-03896,v2.2.1,2020-09-05 00:45:34,54,0.043,0.8272,0.1537,0.5127,1003,115
RSC-2020-03897,v2.1.3,2020-05-19 18:38:27,46,0.0178,0.8193,0.1472,0.5443,1154,125
RSC-2020-03898,v2.2.0,2020-04-07 13:32:45,54,0.0258,0.8345,0.1366,0.5065,1177,95
RSC-2020-03899,v2.1.4,2020-01-13 00:35:15,57,0.0256,0.7881,0.1514,0.4887,1154,130
RSC-2020-03900,v2.3.0,2020-11-28 18:31:06,52,0.0613,0.8199,0.1474,0.5233,988,34
RSC-2020-03901,v2.2.1,2020-02-24 01:40:02,44,0.0327,0.781,0.1537,0.5058,1480,51
RSC-2020-03902,v2.2.1,2020-03-28 18:47:25,56,0.045,0.8162,0.1264,0.5221,824,134
RSC-2020-03903,v2.1.3,2020-04-14 17:34:45,37,0.038,0.7748,0.1412,0.4754,1587,24
RSC-2020-03904,v2.1.4,2020-09-08 10:57:13,42,0.0613,0.8146,0.1306,0.5106,909,51
RSC-2020-03905,v2.3.0,2020-02-22 16:54:12,35,0.0715,0.8152,0.1576,0.5098,948,92
RSC-2020-03906,v2.1.3,2020-08-14 07:38:52,51,0.062,0.7912,0.1381,0.5283,1503,89
RSC-2020-03907,v2.1.4,2020-07-19 01:28:57,46,0.0383,0.8195,0.1432,0.5296,1442,127
RSC-2020-03908,v2.1.3,2020-12-15 13:38:26,37,0.0346,0.7827,0.1237,0.5018,1292,68
RSC-2020-03909,v2.2.0,2020-11-12 12:40:25,50,0.0875,0.7805,0.1462,0.4814,1073,76
RSC-2020-03910,v2.1.3,2020-03-23 03:05:32,54,0.0745,0.7823,0.1401,0.5195,1114,52
RSC-2020-03911,v2.2.1,2020-11-12 07:43:10,37,0.0347,0.8334,0.1451,0.506,1223,72
RSC-2020-03912,v2.1.4,2020-02-07 02:52:57,34,0.0364,0.8365,0.1277,0.5233,1360,101
RSC-2020-03913,v2.1.4,2020-06-26 19:20:01,54,0.0719,0.8175,0.1369,0.5074,937,103
RSC-2020-03914,v2.1.4,2020-06-29 03:59:28,54,0.0122,0.7943,0.1449,0.5074,1251,39
RSC-2020-03915,v2.2.0,2020-01-21 17:29:24,47,0.0507,0.8163,0.1194,0.5231,1250,50
RSC-2020-03916,v2.2.0,2020-07-15 07:50:32,57,0.0293,0.8057,0.1607,0.4772,1193,132
RSC-2020-03917,v2.1.4,2020-10-30 01:51:26,47,0.0274,0.7924,0.1565,0.512,873,65
RSC-2020-03918,v2.2.0,2020-08-25 21:23:34,40,0.0195,0.8021,0.1452,0.52,808,123
RSC-2020-03919,v2.2.0,2020-11-15 09:10:46,50,0.0819,0.8051,0.1436,0.4899,1375,90
RSC-2020-03920,v2.2.1,2020-05-14 12:13:46,52,0.0225,0.8201,0.1507,0.4825,1427,65
RSC-2020-03921,v2.3.0,2020-01-20 12:23:00,53,0.0939,0.7969,0.1476,0.4957,817,96
RSC-2020-03922,v2.2.1,2020-10-21 12:03:58,54,0.031,0.8188,0.1317,0.5102,1207,87
RSC-2020-03923,v2.1.3,2020-08-23 11:26:24,47,0.0582,0.8029,0.1397,0.5262,1141,100
RSC-2020-03924,v2.1.4,2020-03-26 11:40:06,51,0.0147,0.8218,0.1369,0.5023,1496,56
RSC-2020-03925,v2.3.0,2020-05-27 16:06:12,35,0.0217,0.8163,0.1333,0.5307,1021,21
RSC-2020-03926,v2.2.0,2020-05-03 08:52:59,44,0.0435,0.8127,0.1313,0.5015,1101,112
RSC-2020-03927,v2.3.0,2020-09-13 23:33:09,57,0.0439,0.8191,0.1363,0.4924,885,52
RSC-2020-03928,v2.1.3,2020-05-17 01:59:27,53,0.0646,0.7868,0.1306,0.4999,1553,21
RSC-2020-03929,v2.2.0,2020-05-11 00:58:55,48,0.0057,0.7907,0.1349,0.4965,1181,52
RSC-2020-03930,v2.1.4,2020-11-10 15:09:04,35,0.0483,0.8329,0.1621,0.5302,1511,67
RSC-2020-03931,v2.1.3,2020-01-07 05:02:41,35,0.0028,0.7973,0.1244,0.51,1147,32
RSC-2020-03932,v2.3.0,2020-06-07 02:13:29,49,0.0344,0.7811,0.1785,0.5384,941,35
RSC-2020-03933,v2.1.4,2020-06-16 17:50:38,38,0.0716,0.8281,0.1502,0.5049,1209,63
RSC-2020-03934,v2.1.3,2020-01-05 02:16:47,51,0.0217,0.8171,0.1659,0.5193,1553,75
RSC-2020-03935,v2.1.4,2020-12-14 15:43:45,35,0.0297,0.8312,0.1483,0.503,1557,97
RSC-2020-03936,v2.1.3,2020-03-30 13:18:01,35,0.0736,0.81,0.1479,0.5272,1344,37
RSC-2020-03937,v2.1.4,2020-11-06 20:44:12,49,0.0099,0.8272,0.1531,0.5536,1506,127
RSC-2020-03938,v2.2.1,2020-03-13 13:54:51,39,0.0145,0.8309,0.1464,0.4944,809,119
RSC-2020-03939,v2.3.0,2020-08-12 02:01:03,39,0.0169,0.801,0.1397,0.538,1195,67
RSC-2020-03940,v2.1.3,2020-09-13 00:58:04,54,0.0267,0.8473,0.1482,0.5124,1590,26
RSC-2020-03941,v2.3.0,2020-03-23 12:18:45,51,0.0136,0.8326,0.1506,0.5296,1460,51
RSC-2020-03942,v2.2.1,2020-02-28 14:50:11,50,0.0194,0.8139,0.1576,0.4922,1578,64
RSC-2020-03943,v2.2.0,2020-06-09 04:29:03,34,0.0177,0.8027,0.1454,0.4795,1036,127
RSC-2020-03944,v2.2.1,2020-03-18 18:00:58,36,0.0556,0.8235,0.1245,0.5238,991,77
RSC-2020-03945,v2.2.0,2020-12-27 02:20:34,39,0.0023,0.8264,0.148,0.5172,1529,39
RSC-2020-03946,v2.1.3,2020-01-27 21:40:09,38,0.0298,0.8095,0.1473,0.4687,1560,97
RSC-2020-03947,v2.1.3,2020-02-26 06:05:19,43,0.0164,0.8244,0.1525,0.4721,1120,119
RSC-2020-03948,v2.3.0,2020-02-07 05:42:50,42,0.1248,0.8215,0.1243,0.5374,841,49
RSC-2020-03949,v2.2.1,2020-10-19 17:37:32,43,0.0315,0.8232,0.1589,0.5235,1568,37
RSC-2020-03950,v2.2.0,2020-08-14 08:15:24,42,0.0148,0.7922,0.1415,0.4916,878,72
RSC-2020-03951,v2.2.0,2020-03-14 00:39:37,38,0.0381,0.8168,0.1386,0.5049,975,129
RSC-2020-03952,v2.1.3,2020-07-18 21:07:41,42,0.0844,0.7893,0.1233,0.4981,1258,132
RSC-2020-03953,v2.2.1,2020-04-03 21:33:39,35,0.08,0.8092,0.1569,0.5175,1341,79
RSC-2020-03954,v2.1.4,2020-08-18 20:42:23,45,0.0211,0.8194,0.1494,0.5256,1476,41
RSC-2020-03955,v2.1.4,2020-03-22 11:12:00,45,0.0392,0.8051,0.1453,0.5358,1001,26
RSC-2020-03956,v2.2.0,2020-11-02 05:31:37,48,0.0373,0.7982,0.1319,0.5166,852,103
RSC-2020-03957,v2.2.0,2020-11-21 05:12:36,42,0.0371,0.826,0.1661,0.516,1065,44
RSC-2020-03958,v2.1.4,2020-03-13 23:14:48,56,0.0618,0.7824,0.1155,0.5289,921,99
RSC-2020-03959,v2.2.1,2020-09-22 11:20:18,36,0.0461,0.8301,0.1368,0.5066,1490,129
RSC-2020-03960,v2.1.3,2020-10-02 07:21:42,55,0.0219,0.8291,0.1423,0.4928,852,62
RSC-2020-03961,v2.2.1,2020-06-09 22:43:33,36,0.0054,0.821,0.1341,0.5044,1360,36
RSC-2020-03962,v2.3.0,2020-09-10 19:44:49,50,0.1006,0.8039,0.1304,0.5183,1048,80
RSC-2020-03963,v2.1.4,2020-12-18 09:59:30,43,0.0282,0.8201,0.1139,0.5147,906,35
RSC-2020-03964,v2.2.0,2020-02-06 17:36:00,56,0.0174,0.8091,0.1599,0.5629,1433,137
RSC-2020-03965,v2.1.3,2020-11-19 21:42:20,39,0.0279,0.8188,0.1454,0.4969,1064,136
RSC-2020-03966,v2.2.1,2020-11-02 11:20:51,54,0.0772,0.8028,0.1278,0.4849,1110,130
RSC-2020-03967,v2.1.3,2020-05-05 09:33:07,36,0.047,0.7932,0.1616,0.5326,1173,134
RSC-2020-03968,v2.1.3,2020-02-11 08:10:55,35,0.0796,0.8295,0.1372,0.5085,1254,40
RSC-2020-03969,v2.2.0,2020-09-08 22:58:15,42,0.0104,0.8152,0.138,0.4899,1151,51
RSC-2020-03970,v2.3.0,2020-05-27 04:38:29,42,0.0568,0.8139,0.1376,0.538,1459,87
RSC-2020-03971,v2.2.0,2020-01-07 05:56:29,40,0.0336,0.8234,0.1368,0.4927,1483,35
RSC-2020-03972,v2.2.0,2020-08-29 11:55:10,38,0.0166,0.8631,0.1482,0.5071,1571,64
RSC-2020-03973,v2.1.3,2020-06-17 13:45:46,41,0.0069,0.8218,0.1352,0.5164,1079,72
RSC-2020-03974,v2.2.0,2020-01-31 18:37:41,45,0.1296,0.8204,0.1499,0.5157,816,31
RSC-2020-03975,v2.1.3,2020-07-06 22:04:18,40,0.0717,0.7872,0.1388,0.5333,1210,116
RSC-2020-03976,v2.2.1,2020-08-30 11:02:29,39,0.0483,0.8275,0.1216,0.5009,1599,32
RSC-2020-03977,v2.2.0,2020-12-30 01:37:23,46,0.0114,0.8095,0.1282,0.5212,1084,76
RSC-2020-03978,v2.1.3,2020-07-13 16:40:36,54,0.0674,0.821,0.1371,0.4944,1515,72
RSC-2020-03979,v2.3.0,2020-06-06 21:55:55,41,0.1133,0.8006,0.1456,0.5296,1144,67
RSC-2020-03980,v2.2.1,2020-10-11 06:15:25,44,0.0639,0.8144,0.1768,0.5342,859,135
RSC-2020-03981,v2.2.1,2020-05-23 22:01:09,34,0.0181,0.8357,0.1348,0.5323,1163,37
RSC-2020-03982,v2.1.4,2020-01-27 18:40:01,36,0.0106,0.7897,0.1552,0.5018,812,71
RSC-2020-03983,v2.1.4,2020-12-23 00:09:48,42,0.0187,0.8482,0.1106,0.4875,919,46
RSC-2020-03984,v2.2.1,2020-07-02 16:58:23,37,0.0772,0.7999,0.1415,0.5334,1576,133
RSC-2020-03985,v2.3.0,2020-05-10 16:31:15,54,0.0613,0.8234,0.14,0.5087,855,134
RSC-2020-03986,v2.1.3,2020-07-03 13:10:01,56,0.0234,0.8242,0.1506,0.475,820,34
RSC-2020-03987,v2.2.0,2020-11-17 22:36:08,47,0.0667,0.8067,0.1517,0.5025,1021,43
RSC-2020-03988,v2.1.4,2020-12-19 12:17:15,41,0.016,0.8194,0.1467,0.5018,961,88
RSC-2020-03989,v2.3.0,2020-10-27 12:52:01,36,0.0849,0.8077,0.1339,0.5255,1415,92
RSC-2020-03990,v2.1.3,2020-03-06 20:51:29,50,0.0134,0.8127,0.1276,0.522,1080,112
RSC-2020-03991,v2.2.0,2020-03-05 02:48:02,36,0.049,0.8107,0.1427,0.5214,1591,43
RSC-2020-03992,v2.2.1,2020-05-08 23:31:03,42,0.0402,0.799,0.1295,0.4744,1289,102
RSC-2020-03993,v2.2.0,2020-11-04 21:37:04,49,0.0353,0.7806,0.1521,0.502,1186,38
RSC-2020-03994,v2.2.1,2020-11-11 16:07:57,38,0.0678,0.8317,0.1554,0.5034,826,108
RSC-2020-03995,v2.2.1,2020-07-26 10:06:40,56,0.0056,0.8331,0.1439,0.522,1107,20
RSC-2020-03996,v2.1.4,2020-10-24 14:36:46,53,0.058,0.842,0.1479,0.508,1470,91
RSC-2020-03997,v2.2.0,2020-10-02 07:04:42,35,0.0448,0.7995,0.1654,0.5575,1311,68
RSC-2020-03998,v2.1.3,2020-09-21 03:59:37,52,0.0683,0.8597,0.1478,0.5052,1042,21
RSC-2020-03999,v2.2.0,2020-06-04 09:17:49,38,0.0328,0.8247,0.1498,0.4891,1573,46
RSC-2020-04000,v2.3.0,2020-07-04 05:04:50,43,0.0375,0.7886,0.1377,0.4933,994,20
RSC-2020-04001,v2.2.1,2020-08-14 23:24:04,45,0.0267,0.7888,0.1433,0.5119,1458,25
RSC-2020-04002,v2.2.0,2020-04-08 10:39:08,46,0.1033,0.7992,0.1293,0.5059,1297,100
RSC-2020-04003,v2.3.0,2020-01-30 18:45:17,36,0.0069,0.7979,0.1519,0.5012,1093,51
RSC-2020-04004,v2.1.3,2020-10-20 15:43:46,49,0.0326,0.7826,0.1434,0.5243,919,84
RSC-2020-04005,v2.3.0,2020-01-27 19:38:23,53,0.0444,0.8064,0.1641,0.4989,861,107
RSC-2020-04006,v2.2.1,2020-01-25 23:56:56,40,0.03,0.8269,0.1398,0.5313,1404,21
RSC-2020-04007,v2.3.0,2020-04-26 00:27:46,42,0.0453,0.7949,0.1146,0.4931,1048,115
RSC-2020-04008,v2.1.3,2020-08-04 01:18:32,43,0.0229,0.7986,0.1612,0.5088,869,137
RSC-2020-04009,v2.1.4,2020-05-10 03:06:42,56,0.0464,0.8188,0.1323,0.518,941,65
RSC-2020-04010,v2.1.3,2020-01-15 01:06:21,38,0.0332,0.8402,0.1074,0.4833,1312,52
RSC-2020-04011,v2.1.3,2020-02-11 21:11:46,56,0.0204,0.8238,0.1552,0.5264,1586,100
RSC-2020-04012,v2.1.4,2020-11-30 09:38:24,47,0.0141,0.7636,0.1487,0.4867,1091,84
RSC-2020-04013,v2.1.3,2020-05-25 02:36:30,37,0.031,0.7952,0.1351,0.4988,995,85
RSC-2020-04014,v2.2.0,2020-04-25 19:49:07,40,0.055,0.7947,0.1386,0.4912,1476,38
RSC-2020-04015,v2.1.4,2020-03-21 11:15:01,41,0.0185,0.7918,0.1529,0.5201,1521,52
RSC-2020-04016,v2.3.0,2020-01-24 20:25:51,40,0.0948,0.8181,0.1314,0.5125,933,92
RSC-2020-04017,v2.1.3,2020-09-19 01:35:59,47,0.0418,0.8047,0.1718,0.5146,931,90
RSC-2020-04018,v2.1.3,2020-02-20 02:36:42,46,0.0183,0.7975,0.125,0.5035,1559,58
RSC-2020-04019,v2.1.3,2020-07-01 12:00:21,56,0.0441,0.8099,0.1234,0.4884,1381,67
RSC-2020-04020,v2.3.0,2020-05-26 00:34:49,36,0.046,0.8271,0.1273,0.4825,1461,129
RSC-2020-04021,v2.3.0,2020-09-05 05:00:30,45,0.0292,0.8249,0.1334,0.5476,1539,24
RSC-2020-04022,v2.3.0,2020-02-06 09:49:29,56,0.0521,0.8351,0.1532,0.5023,1195,111
RSC-2020-04023,v2.3.0,2020-01-30 09:50:38,43,0.0325,0.8261,0.1485,0.5037,1455,42
RSC-2020-04024,v2.3.0,2020-07-09 13:51:24,43,0.0448,0.7909,0.1404,0.5027,1286,117
RSC-2020-04025,v2.3.0,2020-09-12 07:46:13,56,0.0285,0.8048,0.1495,0.5053,1416,58
RSC-2020-04026,v2.1.4,2020-08-22 12:56:02,45,0.1009,0.7882,0.1708,0.5093,1246,116
RSC-2020-04027,v2.2.0,2020-10-04 13:27:37,46,0.0248,0.8236,0.135,0.5111,876,88
RSC-2020-04028,v2.3.0,2020-12-03 23:14:46,43,0.0284,0.804,0.1309,0.5143,809,101
RSC-2020-04029,v2.1.4,2020-01-19 03:13:12,54,0.0253,0.8219,0.1579,0.5488,1195,34
RSC-2020-04030,v2.2.0,2020-03-15 19:25:36,40,0.0029,0.8185,0.1365,0.5204,831,114
RSC-2020-04031,v2.1.3,2020-01-19 23:59:41,44,0.0299,0.8101,0.123,0.4976,1598,50
RSC-2020-04032,v2.1.3,2020-06-10 23:36:22,43,0.0394,0.7921,0.136,0.5175,1322,89
RSC-2020-04033,v2.3.0,2020-12-08 00:25:44,36,0.0268,0.8063,0.1401,0.5231,1333,70
RSC-2020-04034,v2.1.4,2020-06-12 09:53:05,54,0.0196,0.7814,0.1288,0.525,1471,93
RSC-2020-04035,v2.1.4,2020-10-03 21:49:17,54,0.0069,0.7973,0.132,0.4837,1210,65
RSC-2020-04036,v2.1.3,2020-02-05 06:49:55,54,0.0534,0.8132,0.1552,0.5301,1598,111
RSC-2020-04037,v2.2.0,2020-12-24 00:56:48,52,0.0171,0.8246,0.1325,0.5392,1356,63
RSC-2020-04038,v2.2.1,2020-11-03 15:36:32,35,0.0331,0.8108,0.1596,0.5129,811,117
RSC-2020-04039,v2.1.4,2020-08-12 21:03:11,34,0.0395,0.8199,0.1477,0.4891,851,107
RSC-2020-04040,v2.2.1,2020-02-16 04:27:25,38,0.0223,0.8235,0.1342,0.5391,815,97
RSC-2020-04041,v2.2.0,2020-01-04 12:05:51,36,0.094,0.7936,0.1347,0.4988,1557,46
RSC-2020-04042,v2.2.1,2020-05-25 13:50:18,44,0.0256,0.8006,0.128,0.5055,996,129
RSC-2020-04043,v2.1.3,2020-07-10 04:59:49,54,0.127,0.7963,0.14,0.5196,1051,117
RSC-2020-04044,v2.3.0,2020-06-09 01:43:37,52,0.0173,0.8297,0.1408,0.5223,1542,95
RSC-2020-04045,v2.1.4,2020-12-29 08:52:04,44,0.0667,0.8146,0.1563,0.5041,952,102
RSC-2020-04046,v2.2.0,2020-05-12 20:55:20,35,0.0178,0.8036,0.1282,0.4989,1015,41
RSC-2020-04047,v2.2.1,2020-11-22 02:38:21,41,0.0717,0.8302,0.1417,0.5082,1200,94
RSC-2020-04048,v2.1.3,2020-04-28 17:41:08,57,0.0085,0.7866,0.1391,0.5081,1477,28
RSC-2020-04049,v2.3.0,2020-06-06 17:09:16,56,0.0309,0.8084,0.134,0.5273,1209,98
RSC-2020-04050,v2.1.4,2020-08-14 22:15:52,47,0.0356,0.8128,0.121,0.5233,1189,36
RSC-2020-04051,v2.3.0,2020-12-14 15:55:14,57,0.0129,0.8099,0.1644,0.5461,1410,44
RSC-2020-04052,v2.3.0,2020-10-08 13:39:46,52,0.02,0.8239,0.1342,0.5081,1094,120
RSC-2020-04053,v2.2.1,2020-10-04 00:50:36,54,0.0235,0.7977,0.1649,0.5196,1167,118
RSC-2020-04054,v2.1.4,2020-08-30 20:59:49,56,0.0836,0.8006,0.1287,0.4999,843,135
RSC-2020-04055,v2.3.0,2020-04-02 08:19:01,56,0.0202,0.8133,0.1467,0.4815,1276,99
RSC-2020-04056,v2.3.0,2020-10-18 21:21:49,36,0.0264,0.7789,0.1683,0.5342,1091,84
RSC-2020-04057,v2.1.4,2020-11-30 11:20:07,40,0.0472,0.8303,0.1231,0.4992,843,104
RSC-2020-04058,v2.2.1,2020-05-15 15:12:30,55,0.0659,0.8245,0.1481,0.4908,1242,54
RSC-2020-04059,v2.3.0,2020-10-25 16:34:35,42,0.0488,0.796,0.1291,0.5188,805,118
RSC-2020-04060,v2.1.3,2020-06-23 17:05:15,40,0.0193,0.7894,0.1709,0.4886,916,61
RSC-2020-04061,v2.1.3,2020-02-22 08:15:42,49,0.0788,0.7915,0.1477,0.5023,967,98
RSC-2020-04062,v2.2.1,2020-05-01 15:29:48,45,0.0174,0.85,0.1306,0.4838,830,47
RSC-2020-04063,v2.1.4,2020-07-16 11:47:34,40,0.0397,0.7981,0.1363,0.5147,834,65
RSC-2020-04064,v2.1.3,2020-11-11 16:00:18,42,0.0058,0.8014,0.1329,0.5288,1334,66
RSC-2020-04065,v2.1.3,2020-10-27 04:59:46,35,0.0426,0.8233,0.1428,0.5211,1499,51
RSC-2020-04066,v2.1.3,2020-03-24 15:37:15,52,0.1039,0.8113,0.1394,0.5084,886,121
RSC-2020-04067,v2.3.0,2020-07-23 03:35:45,53,0.035,0.836,0.1391,0.4899,1515,59
RSC-2020-04068,v2.2.1,2020-02-08 21:54:30,37,0.0613,0.8158,0.1282,0.513,1003,134
RSC-2020-04069,v2.1.3,2020-10-14 08:31:52,37,0.0534,0.776,0.1464,0.4957,980,108
RSC-2020-04070,v2.2.0,2020-09-04 12:59:45,48,0.0137,0.8141,0.1394,0.5001,1569,38
RSC-2020-04071,v2.2.0,2020-01-26 15:29:01,54,0.0144,0.7988,0.1321,0.533,1067,129
RSC-2020-04072,v2.2.0,2020-05-19 22:03:21,35,0.0114,0.8129,0.1395,0.4775,1113,75
RSC-2020-04073,v2.1.4,2020-07-21 22:26:02,42,0.0236,0.8241,0.1234,0.4884,1137,106
RSC-2020-04074,v2.1.3,2020-01-21 16:01:08,52,0.0679,0.8235,0.1188,0.5137,1235,32
RSC-2020-04075,v2.1.4,2020-12-01 14:38:42,43,0.1098,0.8382,0.1311,0.5118,1317,95
RSC-2020-04076,v2.3.0,2020-09-10 04:13:01,44,0.0318,0.8284,0.1407,0.5158,1540,102
RSC-2020-04077,v2.1.3,2020-03-16 18:01:16,37,0.054,0.827,0.1599,0.4944,1454,139
RSC-2020-04078,v2.1.3,2020-08-05 13:34:57,56,0.019,0.8318,0.1632,0.493,1057,103
RSC-2020-04079,v2.2.1,2020-09-24 03:09:32,53,0.0536,0.8145,0.1397,0.5138,956,87
RSC-2020-04080,v2.1.4,2020-04-24 03:01:01,37,0.051,0.8078,0.1412,0.4997,1322,37
RSC-2020-04081,v2.1.4,2020-12-11 10:17:45,35,0.0344,0.8112,0.1278,0.5384,1092,63
RSC-2020-04082,v2.1.4,2020-12-03 13:52:39,57,0.0175,0.8019,0.1307,0.5522,1272,56
RSC-2020-04083,v2.3.0,2020-01-23 04:03:00,43,0.0478,0.7888,0.1361,0.508,1311,132
RSC-2020-04084,v2.2.1,2020-06-30 08:36:01,51,0.0221,0.8002,0.1407,0.5286,820,30
RSC-2020-04085,v2.1.4,2020-12-01 17:49:41,55,0.0159,0.7931,0.1361,0.4781,1046,94
RSC-2020-04086,v2.1.4,2020-07-13 17:14:52,41,0.0062,0.8065,0.1251,0.4994,1154,134
RSC-2020-04087,v2.2.0,2020-05-25 19:39:52,46,0.0153,0.8467,0.1338,0.4948,1515,30
RSC-2020-04088,v2.2.1,2020-10-30 13:25:11,54,0.0418,0.8189,0.1434,0.5236,1420,127
RSC-2020-04089,v2.1.3,2020-04-02 23:37:10,42,0.029,0.8256,0.1297,0.5249,803,27
RSC-2020-04090,v2.1.4,2020-02-05 01:03:38,47,0.102,0.7768,0.1365,0.4943,930,68
RSC-2020-04091,v2.1.3,2020-05-11 08:39:26,34,0.002,0.7737,0.1484,0.5101,1439,77
RSC-2020-04092,v2.2.0,2020-05-18 12:07:47,57,0.0088,0.807,0.1284,0.5262,1445,39
RSC-2020-04093,v2.1.4,2020-12-24 08:34:39,48,0.0862,0.8174,0.1231,0.5048,1454,97
RSC-2020-04094,v2.2.0,2020-11-26 06:31:48,54,0.032,0.7816,0.1192,0.5063,1115,54
RSC-2020-04095,v2.2.0,2020-11-25 06:22:42,44,0.1273,0.8245,0.1325,0.4983,802,89
RSC-2020-04096,v2.3.0,2020-05-25 05:37:13,45,0.0242,0.8127,0.1266,0.5231,1075,135
RSC-2020-04097,v2.2.1,2020-10-18 21:13:39,57,0.0256,0.8155,0.1493,0.5049,860,103
RSC-2020-04098,v2.2.0,2020-09-21 15:38:56,43,0.0353,0.7866,0.1591,0.5104,1062,123
RSC-2020-04099,v2.1.4,2020-03-26 21:19:06,57,0.0296,0.7808,0.1474,0.5025,923,109
RSC-2020-04100,v2.2.1,2020-02-29 02:23:48,53,0.0235,0.8031,0.1485,0.4874,1336,67
RSC-2020-04101,v2.2.0,2020-03-01 03:04:57,55,0.0261,0.8017,0.1478,0.5065,948,134
RSC-2020-04102,v2.1.3,2020-05-09 17:24:37,36,0.053,0.8039,0.14,0.4932,1382,125
RSC-2020-04103,v2.2.0,2020-06-22 14:12:35,40,0.0126,0.8193,0.1407,0.4993,1232,119
RSC-2020-04104,v2.3.0,2020-11-09 14:24:54,55,0.0303,0.7955,0.1497,0.4956,1552,88
RSC-2020-04105,v2.2.0,2020-03-01 08:01:23,51,0.0294,0.8067,0.1207,0.5058,1278,46
RSC-2020-04106,v2.1.3,2020-06-29 21:09:49,54,0.0589,0.82,0.1513,0.4963,1277,60
RSC-2020-04107,v2.1.4,2020-07-14 05:16:52,51,0.0268,0.817,0.1367,0.501,870,44
RSC-2020-04108,v2.2.0,2020-04-04 04:42:33,54,0.012,0.8024,0.1513,0.5157,868,62
RSC-2020-04109,v2.2.1,2020-03-16 07:48:51,56,0.0033,0.8163,0.1194,0.4771,1018,56
RSC-2020-04110,v2.1.4,2020-07-20 06:00:42,38,0.0342,0.8083,0.1355,0.4864,1016,50
RSC-2020-04111,v2.3.0,2020-01-07 12:54:11,43,0.0191,0.7935,0.138,0.4737,1278,65
RSC-2020-04112,v2.3.0,2020-06-06 20:23:46,55,0.0201,0.8337,0.1214,0.5385,1217,115
RSC-2020-04113,v2.2.1,2020-11-17 10:22:47,36,0.0052,0.8221,0.1626,0.517,982,118
RSC-2020-04114,v2.1.3,2020-12-22 10:49:43,54,0.0306,0.7971,0.1373,0.5232,1045,22
RSC-2020-04115,v2.2.1,2020-12-25 04:42:38,40,0.0219,0.7894,0.1502,0.5136,1540,47
RSC-2020-04116,v2.2.0,2020-03-07 08:06:24,56,0.0567,0.7981,0.1515,0.4967,958,126
RSC-2020-04117,v2.1.3,2020-10-15 05:38:28,52,0.0686,0.8106,0.1442,0.5053,944,133
RSC-2020-04118,v2.2.0,2020-07-08 14:44:53,51,0.0316,0.7968,0.1537,0.4681,1398,138
RSC-2020-04119,v2.2.0,2020-01-31 13:47:30,37,0.0052,0.8121,0.142,0.5209,1358,20
RSC-2020-04120,v2.1.4,2020-07-07 05:58:09,41,0.0237,0.8203,0.15,0.5357,878,62
RSC-2020-04121,v2.3.0,2020-10-08 12:33:57,42,0.0562,0.8182,0.1436,0.5087,1059,65
RSC-2020-04122,v2.1.3,2020-07-11 22:18:36,38,0.071,0.8424,0.1524,0.4773,1104,130
RSC-2020-04123,v2.2.1,2020-06-21 03:33:10,50,0.0115,0.8198,0.1178,0.49,1409,111
RSC-2020-04124,v2.1.3,2020-10-16 22:45:20,41,0.067,0.8199,0.1491,0.5394,1565,33
RSC-2020-04125,v2.1.4,2020-08-05 03:42:52,51,0.0187,0.8103,0.1523,0.4836,905,136
RSC-2020-04126,v2.2.0,2020-08-23 10:07:10,50,0.0196,0.7872,0.1443,0.4999,1241,77
RSC-2020-04127,v2.2.1,2020-02-01 16:04:55,36,0.0342,0.8064,0.1632,0.4943,1145,83
RSC-2020-04128,v2.1.3,2020-09-04 03:42:09,41,0.0447,0.8198,0.1218,0.4963,1083,131
RSC-2020-04129,v2.2.1,2020-05-26 20:09:57,41,0.0176,0.8096,0.1428,0.5071,1269,98
RSC-2020-04130,v2.2.0,2020-01-03 05:22:39,34,0.0066,0.7849,0.1385,0.4959,1247,81
RSC-2020-04131,v2.1.4,2020-10-26 05:04:49,34,0.0397,0.7983,0.1448,0.4894,1445,31
RSC-2020-04132,v2.3.0,2020-03-01 19:29:42,46,0.0049,0.7626,0.1433,0.4879,1306,32
RSC-2020-04133,v2.1.4,2020-07-20 07:23:00,57,0.0792,0.8361,0.141,0.5002,1474,52
RSC-2020-04134,v2.3.0,2020-09-28 02:37:53,38,0.0365,0.8576,0.1352,0.5443,1248,111
RSC-2020-04135,v2.1.3,2020-06-11 00:33:53,45,0.0715,0.8442,0.1631,0.5111,1532,24
RSC-2020-04136,v2.2.1,2020-06-10 17:09:17,42,0.0569,0.8429,0.139,0.513,1059,118
RSC-2020-04137,v2.2.0,2020-02-27 18:31:56,40,0.0179,0.8207,0.1399,0.4892,1566,106
RSC-2020-04138,v2.2.0,2020-10-13 20:12:12,46,0.0242,0.8144,0.1339,0.4851,1381,139
RSC-2020-04139,v2.1.3,2020-03-28 16:19:18,56,0.0689,0.8328,0.1715,0.4759,1116,78
RSC-2020-04140,v2.1.3,2020-03-02 15:27:46,44,0.0109,0.8153,0.1287,0.5006,1141,106
RSC-2020-04141,v2.2.0,2020-08-08 02:23:38,49,0.0813,0.8232,0.1526,0.5243,1501,111
RSC-2020-04142,v2.1.3,2020-06-12 00:43:49,53,0.0521,0.845,0.1384,0.4992,1060,76
RSC-2020-04143,v2.1.3,2020-12-11 17:34:05,45,0.028,0.8131,0.1383,0.4889,1093,55
RSC-2020-04144,v2.1.4,2020-11-26 10:59:12,35,0.0168,0.8314,0.1517,0.5347,1110,65
RSC-2020-04145,v2.1.4,2020-10-01 19:39:18,52,0.0178,0.8016,0.1536,0.5044,1594,48
RSC-2020-04146,v2.1.3,2020-03-22 11:29:18,54,0.0127,0.7906,0.1621,0.5304,1281,139
RSC-2020-04147,v2.3.0,2020-03-13 10:16:46,55,0.0287,0.8124,0.1303,0.5113,1436,126
RSC-2020-04148,v2.1.4,2020-12-15 14:54:42,45,0.015,0.7876,0.1354,0.4894,1563,33
RSC-2020-04149,v2.1.3,2020-12-19 23:42:36,47,0.018,0.8069,0.1536,0.4889,1290,59
RSC-2020-04150,v2.2.0,2020-01-20 17:59:31,42,0.0638,0.7962,0.1309,0.4903,825,95
RSC-2020-04151,v2.1.3,2020-04-20 14:20:28,36,0.0499,0.8117,0.1416,0.4933,1511,81
RSC-2020-04152,v2.2.1,2020-11-20 03:21:56,38,0.0668,0.8333,0.1325,0.5188,1108,101
RSC-2020-04153,v2.3.0,2020-04-09 02:09:25,54,0.0118,0.822,0.1268,0.5207,1155,101
RSC-2020-04154,v2.1.4,2020-12-15 20:53:21,44,0.0345,0.8247,0.1386,0.5129,1132,103
RSC-2020-04155,v2.1.3,2020-04-05 10:46:30,46,0.076,0.8337,0.1592,0.5037,1544,80
RSC-2020-04156,v2.1.3,2020-03-04 20:00:22,55,0.0702,0.8274,0.1472,0.5071,1147,113
RSC-2020-04157,v2.3.0,2020-02-07 02:21:05,52,0.0397,0.8104,0.1417,0.5212,1389,107
RSC-2020-04158,v2.1.4,2020-07-23 00:56:29,38,0.0256,0.8202,0.162,0.5217,1497,63
RSC-2020-04159,v2.1.4,2020-04-28 13:30:50,52,0.0455,0.7977,0.1412,0.4968,1383,117
RSC-2020-04160,v2.3.0,2020-07-28 11:45:53,50,0.0305,0.7946,0.1367,0.5241,1567,120
RSC-2020-04161,v2.1.4,2020-07-10 16:24:56,51,0.0052,0.8068,0.1518,0.5347,1159,139
RSC-2020-04162,v2.2.1,2020-09-17 11:53:23,53,0.0656,0.8157,0.1474,0.5073,1106,100
RSC-2020-04163,v2.2.0,2020-10-14 11:24:11,56,0.0765,0.8024,0.1611,0.5105,1155,49
RSC-2020-04164,v2.2.0,2020-05-18 02:19:45,53,0.0212,0.7996,0.1538,0.5203,1160,80
RSC-2020-04165,v2.3.0,2020-10-20 14:11:10,52,0.0263,0.8441,0.1364,0.4827,1577,67
RSC-2020-04166,v2.3.0,2020-11-13 19:20:28,45,0.0807,0.8107,0.1383,0.4956,1340,62
RSC-2020-04167,v2.1.3,2020-01-30 08:03:22,55,0.0123,0.803,0.134,0.4803,1022,118
RSC-2020-04168,v2.2.1,2020-03-12 03:30:37,34,0.0452,0.8596,0.1351,0.485,892,92
RSC-2020-04169,v2.2.1,2020-11-08 23:14:51,39,0.032,0.8196,0.1269,0.5147,1052,124
RSC-2020-04170,v2.3.0,2020-07-01 09:54:36,54,0.0864,0.8098,0.161,0.5146,1515,119
RSC-2020-04171,v2.1.4,2020-10-27 08:05:18,54,0.0963,0.8447,0.1179,0.5342,1501,43
RSC-2020-04172,v2.2.0,2020-09-06 00:47:00,38,0.0604,0.8331,0.1369,0.5107,1275,104
RSC-2020-04173,v2.1.4,2020-04-05 03:50:39,41,0.04,0.8197,0.1202,0.515,1118,46
RSC-2020-04174,v2.1.3,2020-11-15 09:10:08,42,0.0225,0.8056,0.1468,0.5442,1072,52
RSC-2020-04175,v2.2.0,2020-01-23 18:07:22,40,0.0415,0.8028,0.1462,0.533,862,107
RSC-2020-04176,v2.2.1,2020-11-14 07:22:06,41,0.03,0.8175,0.1281,0.5081,1193,139
RSC-2020-04177,v2.1.4,2020-04-20 11:02:50,53,0.0612,0.8168,0.1395,0.4975,855,104
RSC-2020-04178,v2.2.1,2020-04-01 04:31:17,43,0.0405,0.8136,0.1608,0.4966,1455,42
RSC-2020-04179,v2.2.0,2020-09-14 16:43:52,57,0.0379,0.8491,0.1558,0.4924,1513,36
RSC-2020-04180,v2.1.4,2020-04-21 15:14:23,48,0.0542,0.8187,0.158,0.5264,947,52
RSC-2020-04181,v2.2.1,2020-03-02 14:04:28,50,0.0093,0.8112,0.1379,0.4857,1068,75
RSC-2020-04182,v2.2.0,2020-10-05 23:14:47,41,0.0512,0.8316,0.1486,0.5383,1457,126
RSC-2020-04183,v2.3.0,2020-01-30 04:02:31,49,0.018,0.8237,0.1658,0.5396,1239,40
RSC-2020-04184,v2.3.0,2020-12-18 09:49:57,50,0.0305,0.8264,0.1509,0.5134,1191,132
RSC-2020-04185,v2.1.3,2020-12-09 13:31:37,36,0.0183,0.8177,0.1544,0.5105,1563,38
RSC-2020-04186,v2.1.4,2020-02-22 10:07:36,35,0.016,0.7684,0.1406,0.4826,1037,66
RSC-2020-04187,v2.3.0,2020-01-04 11:02:24,43,0.0094,0.8067,0.1581,0.5147,1054,99
RSC-2020-04188,v2.3.0,2020-05-18 00:03:43,34,0.0454,0.8092,0.1364,0.5611,1189,53
RSC-2020-04189,v2.2.0,2020-02-15 21:27:48,53,0.0602,0.8066,0.1581,0.5279,884,48
RSC-2020-04190,v2.2.0,2020-11-17 22:46:27,40,0.0348,0.7916,0.1357,0.4753,1472,134
RSC-2020-04191,v2.2.1,2020-12-18 20:23:38,34,0.0428,0.8282,0.1618,0.4932,1252,40
RSC-2020-04192,v2.1.3,2020-08-23 09:35:57,43,0.0354,0.8243,0.1231,0.5283,1017,93
RSC-2020-04193,v2.1.4,2020-02-28 08:01:54,38,0.0347,0.8127,0.1553,0.5102,1163,91
RSC-2020-04194,v2.3.0,2020-07-28 13:31:22,37,0.0674,0.8614,0.1435,0.5223,1500,116
RSC-2020-04195,v2.1.3,2020-07-19 12:00:51,45,0.0222,0.8115,0.1367,0.4797,1577,112
RSC-2020-04196,v2.3.0,2020-05-31 12:34:54,39,0.0066,0.8365,0.1462,0.4922,1393,99
RSC-2020-04197,v2.3.0,2020-11-04 17:20:11,44,0.0363,0.8062,0.1531,0.523,1043,63
RSC-2020-04198,v2.1.3,2020-12-02 10:58:27,41,0.0284,0.8145,0.133,0.5406,1120,130
RSC-2020-04199,v2.1.3,2020-08-03 19:37:08,50,0.0167,0.8138,0.1353,0.5446,1039,114
RSC-2020-04200,v2.1.3,2020-09-29 20:35:50,55,0.0185,0.8369,0.1401,0.4993,1227,121
RSC-2020-04201,v2.3.0,2020-09-07 08:01:18,41,0.0477,0.8043,0.1518,0.4995,1045,117
RSC-2020-04202,v2.2.1,2020-04-18 03:58:23,51,0.016,0.8175,0.1459,0.5176,1509,46
RSC-2020-04203,v2.3.0,2020-08-04 07:49:07,35,0.068,0.8287,0.126,0.5034,930,37
RSC-2020-04204,v2.2.0,2020-09-09 23:26:02,46,0.0178,0.835,0.1514,0.5395,1187,124
RSC-2020-04205,v2.3.0,2020-07-31 15:18:17,43,0.0271,0.8184,0.1243,0.5233,1112,91
RSC-2020-04206,v2.1.3,2020-06-24 04:29:05,53,0.0257,0.8032,0.1508,0.4918,1327,62
RSC-2020-04207,v2.3.0,2020-06-19 07:50:25,45,0.0138,0.8332,0.1538,0.5099,903,29
RSC-2020-04208,v2.1.4,2020-10-16 03:38:36,49,0.0351,0.8449,0.1242,0.504,1468,88
RSC-2020-04209,v2.1.4,2020-06-25 15:59:14,40,0.0187,0.8009,0.1376,0.5202,1406,100
RSC-2020-04210,v2.3.0,2020-09-12 19:34:59,40,0.0502,0.8329,0.141,0.5294,854,112
RSC-2020-04211,v2.2.1,2020-01-11 15:55:40,37,0.0292,0.8077,0.15,0.5236,1117,84
RSC-2020-04212,v2.1.3,2020-03-30 15:38:15,56,0.0144,0.8054,0.1543,0.4993,1344,119
RSC-2020-04213,v2.2.1,2020-03-11 20:41:39,57,0.1245,0.7858,0.1335,0.4844,912,112
RSC-2020-04214,v2.2.0,2020-10-14 11:34:15,48,0.0587,0.8383,0.1316,0.5038,1237,27
RSC-2020-04215,v2.2.1,2020-09-04 00:59:54,44,0.051,0.8076,0.1328,0.5216,912,98
RSC-2020-04216,v2.3.0,2020-06-13 21:35:46,56,0.0034,0.8148,0.1434,0.532,928,36
RSC-2020-04217,v2.1.3,2020-05-31 01:24:47,50,0.0081,0.808,0.148,0.5267,1477,27
RSC-2020-04218,v2.1.3,2020-09-05 00:56:34,52,0.0543,0.8109,0.1484,0.5028,1162,105
RSC-2020-04219,v2.2.1,2020-11-21 22:57:58,57,0.0192,0.8171,0.1464,0.4979,1364,28
RSC-2020-04220,v2.3.0,2020-01-26 06:04:01,40,0.0319,0.821,0.1256,0.5033,1140,62
RSC-2020-04221,v2.2.1,2020-10-10 14:23:20,43,0.0436,0.8169,0.1681,0.5343,1261,115
RSC-2020-04222,v2.3.0,2020-12-22 16:25:03,35,0.0082,0.8258,0.137,0.4931,1206,44
RSC-2020-04223,v2.1.3,2020-02-10 03:42:03,35,0.0535,0.7953,0.1472,0.5569,1203,58
RSC-2020-04224,v2.2.1,2020-02-19 05:41:35,44,0.0373,0.8087,0.1338,0.5313,839,25
RSC-2020-04225,v2.2.0,2020-09-13 05:37:39,48,0.0242,0.8206,0.1363,0.4995,949,59
RSC-2020-04226,v2.2.0,2020-09-15 11:36:31,46,0.0399,0.8164,0.1468,0.5176,977,31
RSC-2020-04227,v2.2.0,2020-01-26 02:16:13,54,0.0357,0.8253,0.1375,0.5276,1278,128
RSC-2020-04228,v2.2.0,2020-11-12 22:41:16,43,0.024,0.8334,0.1612,0.5398,1316,107
RSC-2020-04229,v2.1.4,2020-02-16 16:58:04,50,0.0664,0.8332,0.1378,0.5188,1291,60
RSC-2020-04230,v2.1.4,2020-11-09 10:10:07,49,0.0205,0.8148,0.1391,0.4972,1263,96
RSC-2020-04231,v2.1.3,2020-11-07 22:00:36,38,0.0194,0.8083,0.1247,0.509,1479,81
RSC-2020-04232,v2.1.3,2020-11-30 05:37:30,38,0.0911,0.7761,0.1431,0.5254,1543,110
RSC-2020-04233,v2.2.0,2020-10-17 20:46:50,52,0.0048,0.767,0.1495,0.4982,861,96
RSC-2020-04234,v2.2.1,2020-07-15 03:04:47,41,0.0569,0.8269,0.1417,0.5252,860,130
RSC-2020-04235,v2.2.1,2020-02-25 17:13:47,56,0.0577,0.7757,0.1431,0.5139,1115,116
RSC-2020-04236,v2.2.1,2020-10-21 11:40:01,38,0.0509,0.8175,0.128,0.5196,1184,82
RSC-2020-04237,v2.2.0,2020-10-30 07:52:00,46,0.0141,0.7817,0.1486,0.4882,1597,74
RSC-2020-04238,v2.1.3,2020-12-21 06:53:42,45,0.0147,0.8035,0.141,0.5079,1168,43
RSC-2020-04239,v2.1.4,2020-10-01 10:20:34,34,0.0329,0.8255,0.1123,0.5624,1381,135
RSC-2020-04240,v2.2.1,2020-07-21 17:59:20,50,0.0679,0.803,0.1143,0.5461,1164,102
RSC-2020-04241,v2.1.3,2020-01-17 04:09:05,48,0.0694,0.817,0.1404,0.5137,1153,123
RSC-2020-04242,v2.3.0,2020-06-22 20:52:06,51,0.0943,0.7741,0.1378,0.5159,834,139
RSC-2020-04243,v2.2.0,2020-11-12 19:18:15,38,0.0481,0.813,0.1208,0.5277,1505,110
RSC-2020-04244,v2.1.4,2020-01-24 16:32:55,36,0.0348,0.8583,0.137,0.5254,1091,66
RSC-2020-04245,v2.3.0,2020-07-11 02:11:02,44,0.0101,0.8185,0.142,0.5252,997,109
RSC-2020-04246,v2.3.0,2020-09-17 04:47:01,41,0.0274,0.8024,0.1321,0.4984,1511,113
RSC-2020-04247,v2.2.1,2020-01-18 04:37:51,36,0.084,0.8054,0.1625,0.5007,881,33
RSC-2020-04248,v2.2.0,2020-06-15 20:25:37,52,0.0489,0.7731,0.1471,0.5311,1177,62
RSC-2020-04249,v2.3.0,2020-08-20 11:05:25,52,0.0517,0.8352,0.1477,0.5022,1152,88
RSC-2020-04250,v2.2.1,2020-07-25 12:13:47,34,0.0058,0.8375,0.1238,0.5094,1462,125
RSC-2020-04251,v2.2.0,2020-06-10 19:43:57,43,0.0161,0.8074,0.1552,0.5374,864,100
RSC-2020-04252,v2.1.4,2020-01-06 08:46:50,41,0.0265,0.8009,0.1539,0.5043,1487,128
RSC-2020-04253,v2.1.4,2020-12-28 16:42:51,35,0.0359,0.7961,0.1161,0.4869,1493,72
RSC-2020-04254,v2.2.0,2020-10-16 10:34:59,53,0.0134,0.7923,0.1363,0.5349,1528,96
RSC-2020-04255,v2.3.0,2020-03-24 00:09:57,45,0.0199,0.7904,0.1532,0.4851,834,74
RSC-2020-04256,v2.1.4,2020-11-21 22:22:32,41,0.0066,0.8233,0.1158,0.5269,1398,137
RSC-2020-04257,v2.1.3,2020-09-08 05:03:11,57,0.0308,0.7948,0.1405,0.4688,1222,23
RSC-2020-04258,v2.1.4,2020-04-26 04:05:24,37,0.0327,0.8137,0.1418,0.5316,1042,91
RSC-2020-04259,v2.3.0,2020-06-26 23:58:22,45,0.0575,0.8431,0.1347,0.5083,1131,128
RSC-2020-04260,v2.1.3,2020-07-18 17:40:47,52,0.0144,0.8177,0.153,0.5166,990,95
RSC-2020-04261,v2.2.1,2020-04-23 18:51:28,45,0.0389,0.7961,0.1223,0.5472,993,34
RSC-2020-04262,v2.2.0,2020-09-15 13:44:01,53,0.0245,0.8133,0.1477,0.5602,879,28
RSC-2020-04263,v2.2.0,2020-03-07 02:51:38,57,0.0169,0.826,0.1496,0.5499,1596,69
RSC-2020-04264,v2.3.0,2020-12-04 09:54:44,45,0.031,0.8032,0.1314,0.4651,1458,116
RSC-2020-04265,v2.2.0,2020-06-24 06:58:40,42,0.0164,0.7874,0.157,0.4903,1473,22
RSC-2020-04266,v2.1.3,2020-05-21 22:33:59,45,0.036,0.8111,0.1424,0.4913,1394,117
RSC-2020-04267,v2.1.3,2020-11-14 14:38:56,41,0.0235,0.784,0.1269,0.5048,1210,79
RSC-2020-04268,v2.1.3,2020-03-11 22:26:01,38,0.0706,0.8088,0.1476,0.4767,1091,21
RSC-2020-04269,v2.1.4,2020-01-24 21:45:28,38,0.1239,0.8236,0.1297,0.4843,884,57
RSC-2020-04270,v2.1.3,2020-12-29 23:12:32,47,0.0458,0.8121,0.1541,0.5213,995,28
RSC-2020-04271,v2.2.0,2020-04-21 00:16:16,51,0.0597,0.798,0.1407,0.4718,1559,43
RSC-2020-04272,v2.2.1,2020-01-10 19:24:08,38,0.0221,0.8319,0.148,0.4976,1166,82
RSC-2020-04273,v2.2.1,2020-04-09 11:33:13,50,0.0634,0.8123,0.1482,0.4919,1481,59
RSC-2020-04274,v2.1.3,2020-10-27 19:44:57,39,0.0136,0.7683,0.1505,0.508,1411,106
RSC-2020-04275,v2.2.0,2020-10-02 07:43:11,54,0.0384,0.8184,0.1389,0.5153,1152,80
RSC-2020-04276,v2.2.0,2020-06-24 14:22:32,55,0.0942,0.8271,0.1591,0.5069,1488,66
RSC-2020-04277,v2.2.1,2020-11-20 07:14:30,35,0.035,0.8182,0.1472,0.4951,851,33
RSC-2020-04278,v2.2.1,2020-05-26 08:49:57,38,0.0576,0.8247,0.1611,0.5154,1562,79
RSC-2020-04279,v2.3.0,2020-04-17 03:57:43,43,0.0349,0.7933,0.1446,0.5285,1174,33
RSC-2020-04280,v2.1.3,2020-08-31 18:09:00,54,0.1207,0.8081,0.1409,0.5531,1318,133
RSC-2020-04281,v2.3.0,2020-11-13 22:34:33,51,0.0369,0.8193,0.1534,0.546,955,47
RSC-2020-04282,v2.1.3,2020-03-30 11:13:15,53,0.0404,0.8169,0.1398,0.5585,888,86
RSC-2020-04283,v2.2.1,2020-06-27 07:55:14,37,0.029,0.8025,0.1203,0.493,1432,136
RSC-2020-04284,v2.1.3,2020-04-11 18:43:07,37,0.0419,0.8042,0.1194,0.5157,1444,127
RSC-2020-04285,v2.3.0,2020-12-09 18:40:28,34,0.0424,0.8113,0.1543,0.5493,1360,96
RSC-2020-04286,v2.3.0,2020-11-07 07:46:42,52,0.0613,0.8307,0.1561,0.4843,1184,77
RSC-2020-04287,v2.1.4,2020-08-06 12:47:23,53,0.0128,0.8192,0.1446,0.5027,1000,90
RSC-2020-04288,v2.2.1,2020-05-28 22:11:21,55,0.0309,0.8214,0.1389,0.515,1319,63
RSC-2020-04289,v2.2.1,2020-07-18 03:56:34,47,0.021,0.8101,0.1316,0.506,1423,32
RSC-2020-04290,v2.2.1,2020-05-27 18:36:02,55,0.0651,0.7858,0.1292,0.5469,1063,26
RSC-2020-04291,v2.1.3,2020-02-13 10:35:05,44,0.0337,0.8246,0.1485,0.4982,946,26
RSC-2020-04292,v2.2.1,2020-01-24 09:30:39,35,0.0892,0.8224,0.1536,0.5393,1099,89
RSC-2020-04293,v2.3.0,2020-06-09 18:01:43,48,0.0282,0.811,0.1366,0.5089,1361,20
RSC-2020-04294,v2.2.0,2020-04-09 10:03:17,46,0.0938,0.7824,0.1473,0.5044,1182,125
RSC-2020-04295,v2.3.0,2020-05-02 14:52:22,42,0.0732,0.8127,0.1405,0.516,867,50
RSC-2020-04296,v2.1.4,2020-06-28 23:45:29,38,0.0063,0.7916,0.1434,0.5076,1409,73
RSC-2020-04297,v2.2.0,2020-01-20 07:17:31,38,0.0309,0.8306,0.1331,0.5213,1071,58
RSC-2020-04298,v2.1.3,2020-07-27 18:32:27,54,0.0258,0.8178,0.1187,0.4978,1396,22
RSC-2020-04299,v2.3.0,2020-11-15 03:18:31,34,0.0344,0.7972,0.1121,0.4839,868,139
RSC-2020-04300,v2.3.0,2020-06-13 22:38:33,50,0.0299,0.8109,0.1448,0.4907,1104,85
RSC-2020-04301,v2.1.4,2020-05-02 21:24:42,45,0.0159,0.8045,0.1252,0.5277,1511,134
RSC-2020-04302,v2.2.0,2020-09-18 01:12:40,42,0.0114,0.8308,0.1214,0.512,846,71
RSC-2020-04303,v2.1.3,2020-02-20 06:33:45,46,0.0416,0.7932,0.1502,0.5412,1473,89
RSC-2020-04304,v2.2.1,2020-01-04 16:22:53,44,0.0148,0.7942,0.1318,0.5275,1126,119
RSC-2020-04305,v2.1.3,2020-12-10 06:14:29,49,0.0296,0.8174,0.1776,0.5031,1076,55
RSC-2020-04306,v2.3.0,2020-10-08 02:03:37,55,0.0269,0.7878,0.1266,0.5027,1287,139
RSC-2020-04307,v2.2.0,2020-11-14 09:50:46,47,0.0348,0.7731,0.1473,0.4893,838,88
RSC-2020-04308,v2.2.1,2020-08-20 14:09:31,40,0.0377,0.8017,0.1468,0.5056,1152,38
RSC-2020-04309,v2.2.1,2020-02-17 07:23:08,57,0.0222,0.8345,0.1604,0.5211,1000,111
RSC-2020-04310,v2.2.0,2020-12-12 11:51:50,39,0.011,0.8091,0.1682,0.5105,1308,41
RSC-2020-04311,v2.1.3,2020-11-11 21:37:12,37,0.0682,0.8127,0.148,0.5342,903,122
RSC-2020-04312,v2.1.3,2020-01-16 21:18:09,48,0.0252,0.8208,0.1445,0.5327,1167,44
RSC-2020-04313,v2.2.1,2020-07-24 15:30:30,51,0.0198,0.7903,0.1411,0.5291,1112,67
RSC-2020-04314,v2.2.1,2020-12-15 11:37:09,36,0.0399,0.8003,0.1366,0.5198,1187,124
RSC-2020-04315,v2.1.4,2020-09-01 18:39:02,37,0.0078,0.8022,0.1501,0.5013,1259,124
RSC-2020-04316,v2.2.1,2020-07-07 21:22:57,50,0.0326,0.8148,0.1418,0.5198,1010,41
RSC-2020-04317,v2.2.1,2020-08-26 07:24:15,44,0.0202,0.7951,0.1296,0.5276,1079,91
RSC-2020-04318,v2.1.3,2020-01-31 16:22:08,39,0.0297,0.8242,0.1305,0.5078,984,101
RSC-2020-04319,v2.3.0,2020-08-05 13:52:04,57,0.0218,0.8068,0.137,0.5688,1265,56
RSC-2020-04320,v2.1.4,2020-03-21 22:11:53,57,0.0339,0.8068,0.1425,0.5009,1461,90
RSC-2020-04321,v2.2.0,2020-02-20 12:43:36,37,0.0586,0.8247,0.1483,0.5022,1067,126
RSC-2020-04322,v2.3.0,2020-12-15 09:34:37,53,0.0324,0.812,0.1369,0.4771,1433,92
RSC-2020-04323,v2.2.1,2020-09-01 20:57:17,34,0.0391,0.8357,0.1567,0.4686,1320,36
RSC-2020-04324,v2.1.4,2020-02-25 19:51:02,44,0.0122,0.8044,0.1441,0.5395,1284,70
RSC-2020-04325,v2.3.0,2020-03-15 17:53:50,57,0.0312,0.8051,0.1461,0.5158,912,73
RSC-2020-04326,v2.1.4,2020-09-19 11:47:23,46,0.0474,0.8309,0.1538,0.5266,1090,91
RSC-2020-04327,v2.2.1,2020-11-02 20:24:27,34,0.0265,0.7945,0.1403,0.5228,1325,32
RSC-2020-04328,v2.1.4,2020-09-12 20:14:46,35,0.0185,0.7965,0.1694,0.5189,1268,33
RSC-2020-04329,v2.2.1,2020-04-01 15:36:04,40,0.0282,0.7693,0.1522,0.4997,1112,133
RSC-2020-04330,v2.2.0,2020-01-09 02:48:28,46,0.047,0.7999,0.1421,0.5075,1155,135
RSC-2020-04331,v2.3.0,2020-04-08 17:37:02,44,0.0214,0.7797,0.1378,0.5119,836,24
RSC-2020-04332,v2.3.0,2020-05-24 15:42:13,43,0.0833,0.8359,0.1498,0.4677,1236,67
RSC-2020-04333,v2.1.3,2020-11-14 20:19:24,43,0.0482,0.8093,0.1414,0.516,1136,37
RSC-2020-04334,v2.1.4,2020-09-15 00:15:03,57,0.0584,0.8432,0.1661,0.5301,878,80
RSC-2020-04335,v2.2.0,2020-05-28 06:56:49,52,0.0138,0.8197,0.1322,0.4996,1035,60
RSC-2020-04336,v2.1.3,2020-03-01 13:35:51,41,0.0902,0.7836,0.1433,0.5121,1476,40
RSC-2020-04337,v2.1.4,2020-10-21 01:33:11,37,0.0055,0.7905,0.1459,0.5075,1106,41
RSC-2020-04338,v2.1.4,2020-10-01 11:30:17,43,0.0494,0.7922,0.1392,0.4879,969,121
RSC-2020-04339,v2.1.3,2020-08-23 21:05:57,36,0.0239,0.8295,0.1033,0.5302,1349,27
RSC-2020-04340,v2.2.0,2020-08-08 13:36:59,36,0.0963,0.8349,0.1429,0.5266,970,113
RSC-2020-04341,v2.1.3,2020-11-15 02:13:15,37,0.0284,0.8357,0.1477,0.5178,1524,110
RSC-2020-04342,v2.1.3,2020-06-21 01:02:15,47,0.0512,0.7826,0.1351,0.4965,1515,70
RSC-2020-04343,v2.3.0,2020-05-29 20:19:29,37,0.0534,0.7997,0.1325,0.5517,851,122
RSC-2020-04344,v2.1.4,2020-11-11 21:51:32,35,0.0675,0.8521,0.1468,0.5198,1399,127
RSC-2020-04345,v2.1.4,2020-11-28 19:12:40,46,0.021,0.7954,0.1434,0.5047,1277,88
RSC-2020-04346,v2.2.1,2020-05-19 07:11:10,41,0.0813,0.8083,0.1509,0.5183,1472,120
RSC-2020-04347,v2.2.0,2020-02-11 12:17:13,45,0.0787,0.8089,0.131,0.4812,961,117
RSC-2020-04348,v2.1.3,2020-09-25 09:10:28,54,0.019,0.7749,0.1377,0.4769,1006,129
RSC-2020-04349,v2.2.0,2020-12-26 20:04:03,55,0.0711,0.8133,0.1435,0.5225,1377,113
RSC-2020-04350,v2.1.4,2020-09-16 22:41:35,35,0.0115,0.8222,0.1596,0.5042,1526,76
RSC-2020-04351,v2.2.1,2020-02-24 09:29:18,37,0.0095,0.8266,0.1525,0.5379,1204,71
RSC-2020-04352,v2.3.0,2020-05-01 04:34:38,55,0.0662,0.7799,0.1488,0.4966,1354,112
RSC-2020-04353,v2.2.0,2020-12-08 18:04:34,51,0.0215,0.7996,0.1406,0.547,932,108
RSC-2020-04354,v2.3.0,2020-11-16 00:39:11,54,0.0429,0.8061,0.1318,0.4738,1044,122
RSC-2020-04355,v2.2.1,2020-01-25 16:13:00,42,0.0299,0.8231,0.1574,0.513,1097,84
RSC-2020-04356,v2.3.0,2020-08-04 22:29:27,34,0.0339,0.8106,0.132,0.483,1440,131
RSC-2020-04357,v2.2.0,2020-07-27 13:23:31,42,0.0287,0.8103,0.1263,0.5111,1259,32
RSC-2020-04358,v2.2.0,2020-12-21 21:02:30,42,0.0234,0.8008,0.1224,0.4812,857,98
RSC-2020-04359,v2.1.4,2020-04-10 20:54:37,40,0.0277,0.8192,0.1358,0.5266,896,58
RSC-2020-04360,v2.2.0,2020-06-12 11:35:04,47,0.0282,0.8095,0.1393,0.494,1275,22
RSC-2020-04361,v2.3.0,2020-12-21 14:26:59,41,0.0211,0.8113,0.1478,0.5252,1575,125
RSC-2020-04362,v2.2.1,2020-05-21 07:46:54,52,0.0201,0.8182,0.1603,0.5493,1306,64
RSC-2020-04363,v2.1.4,2020-07-14 01:14:35,41,0.0402,0.7952,0.1241,0.476,947,41
RSC-2020-04364,v2.1.4,2020-09-21 20:34:56,39,0.024,0.828,0.1414,0.5231,1361,22
RSC-2020-04365,v2.2.0,2020-07-23 19:21:58,56,0.0367,0.8257,0.1522,0.5217,1047,117
RSC-2020-04366,v2.2.1,2020-08-04 20:02:06,47,0.0275,0.7886,0.1154,0.4963,871,121
RSC-2020-04367,v2.1.4,2020-09-30 05:55:38,57,0.022,0.8065,0.1457,0.4795,818,72
RSC-2020-04368,v2.2.0,2020-05-13 22:05:21,50,0.0162,0.8135,0.1238,0.5197,888,68
RSC-2020-04369,v2.1.4,2020-02-10 23:04:20,38,0.0283,0.8146,0.1436,0.5038,1416,103
RSC-2020-04370,v2.3.0,2020-04-20 00:27:07,37,0.0795,0.8137,0.1499,0.4929,1208,34
RSC-2020-04371,v2.1.3,2020-05-12 00:25:51,36,0.0387,0.824,0.1428,0.5297,886,114
RSC-2020-04372,v2.2.1,2020-10-29 02:06:07,55,0.0575,0.8263,0.137,0.4956,1146,130
RSC-2020-04373,v2.1.3,2020-04-20 08:08:19,39,0.0115,0.8017,0.1503,0.5102,909,64
RSC-2020-04374,v2.2.0,2020-06-19 21:24:20,37,0.0199,0.7954,0.1424,0.5327,994,125
RSC-2020-04375,v2.3.0,2020-09-22 17:07:08,38,0.0248,0.8251,0.1377,0.518,1264,128
RSC-2020-04376,v2.3.0,2020-12-30 21:25:01,54,0.013,0.7758,0.1506,0.5211,1369,84
RSC-2020-04377,v2.3.0,2020-07-11 10:19:53,43,0.0358,0.776,0.1445,0.5158,1299,100
RSC-2020-04378,v2.1.3,2020-05-14 09:34:21,48,0.0587,0.802,0.1266,0.5212,845,85
RSC-2020-04379,v2.1.3,2020-09-27 02:06:03,42,0.0205,0.8353,0.1364,0.5293,1236,132
RSC-2020-04380,v2.1.3,2020-02-13 17:37:27,37,0.0354,0.8248,0.1575,0.4952,1594,48
RSC-2020-04381,v2.3.0,2020-03-10 03:20:04,53,0.0426,0.8369,0.1528,0.5463,1147,121
RSC-2020-04382,v2.3.0,2020-06-29 07:19:03,49,0.0828,0.8126,0.1464,0.4806,940,138
RSC-2020-04383,v2.1.4,2020-08-18 17:55:56,50,0.0947,0.8096,0.1323,0.503,1256,82
RSC-2020-04384,v2.2.0,2020-11-17 23:13:14,47,0.0276,0.8096,0.1234,0.5027,910,59
RSC-2020-04385,v2.3.0,2020-08-22 19:47:34,42,0.0717,0.8103,0.1472,0.5107,1554,121
RSC-2020-04386,v2.3.0,2020-11-28 05:22:22,37,0.0992,0.8114,0.1319,0.507,1113,65
RSC-2020-04387,v2.2.1,2020-05-11 15:27:21,45,0.0618,0.817,0.1411,0.5326,1200,27
RSC-2020-04388,v2.2.0,2020-04-22 17:28:43,38,0.0559,0.8406,0.1193,0.5504,1302,82
RSC-2020-04389,v2.1.3,2020-12-26 04:33:16,40,0.0222,0.8049,0.147,0.5112,1367,32
RSC-2020-04390,v2.2.1,2020-12-26 13:26:30,55,0.0359,0.8123,0.1393,0.513,1030,73
RSC-2020-04391,v2.2.0,2020-04-14 16:15:13,37,0.0085,0.8273,0.1274,0.5318,1133,102
RSC-2020-04392,v2.3.0,2020-06-20 11:46:45,56,0.0228,0.8247,0.1599,0.5025,1173,88
RSC-2020-04393,v2.3.0,2020-05-12 05:33:00,46,0.0162,0.8076,0.1429,0.5272,915,135
RSC-2020-04394,v2.3.0,2020-05-24 16:47:44,38,0.0309,0.8226,0.1516,0.5169,1190,27
RSC-2020-04395,v2.1.4,2020-04-24 14:28:06,44,0.0106,0.8149,0.1742,0.5114,1024,39
RSC-2020-04396,v2.2.1,2020-05-31 00:54:15,47,0.0611,0.7978,0.1422,0.5094,988,52
RSC-2020-04397,v2.3.0,2020-09-29 22:37:01,50,0.0234,0.7957,0.1564,0.4668,927,112
RSC-2020-04398,v2.2.0,2020-03-07 15:52:10,53,0.0085,0.7883,0.127,0.5291,1479,129
RSC-2020-04399,v2.1.4,2020-04-25 15:27:14,49,0.1387,0.8187,0.1404,0.5153,1400,103
RSC-2020-04400,v2.1.3,2020-08-02 08:23:27,41,0.0167,0.8551,0.1401,0.5072,991,110
RSC-2020-04401,v2.1.3,2020-07-24 04:13:27,47,0.0485,0.8037,0.1437,0.5465,1088,30
RSC-2020-04402,v2.1.4,2020-01-23 14:34:17,40,0.0327,0.7889,0.1334,0.4954,1559,69
RSC-2020-04403,v2.1.3,2020-09-07 09:41:07,41,0.0607,0.7623,0.1451,0.5281,844,86
RSC-2020-04404,v2.1.4,2020-03-14 14:43:13,41,0.0491,0.84,0.142,0.4979,1464,88
RSC-2020-04405,v2.1.3,2020-07-13 22:55:34,48,0.0355,0.8043,0.1424,0.4973,1501,79
RSC-2020-04406,v2.3.0,2020-04-06 15:41:51,40,0.0243,0.8121,0.1245,0.5107,1017,125
RSC-2020-04407,v2.2.1,2020-12-02 10:49:47,39,0.0535,0.8272,0.1237,0.5001,1489,121
RSC-2020-04408,v2.2.0,2020-01-12 16:54:05,34,0.0261,0.8079,0.122,0.5297,1035,134
RSC-2020-04409,v2.1.3,2020-05-04 08:32:22,38,0.0576,0.8183,0.1417,0.5076,1487,51
RSC-2020-04410,v2.2.0,2020-08-30 22:53:18,54,0.0679,0.7976,0.1148,0.4652,1512,101
RSC-2020-04411,v2.1.4,2020-04-28 17:24:38,46,0.0305,0.792,0.1537,0.5318,1319,23
RSC-2020-04412,v2.3.0,2020-10-22 06:44:27,34,0.0834,0.8339,0.1606,0.5011,1244,84
RSC-2020-04413,v2.1.4,2020-10-05 11:15:45,51,0.0146,0.8074,0.1435,0.5016,1002,22
RSC-2020-04414,v2.1.4,2020-09-03 13:51:25,54,0.0045,0.8193,0.1211,0.4617,943,95
RSC-2020-04415,v2.2.0,2020-03-04 16:27:41,43,0.037,0.7986,0.146,0.558,1544,84
RSC-2020-04416,v2.2.1,2020-12-12 00:35:05,43,0.0285,0.8229,0.1363,0.4837,1173,73
RSC-2020-04417,v2.3.0,2020-12-18 16:49:09,42,0.0313,0.8323,0.1265,0.4969,1331,128
RSC-2020-04418,v2.2.0,2020-10-01 23:28:25,39,0.1047,0.8093,0.147,0.5266,892,78
RSC-2020-04419,v2.2.0,2020-05-29 22:32:50,51,0.019,0.8196,0.1496,0.5364,1300,77
RSC-2020-04420,v2.2.1,2020-06-17 05:56:51,56,0.0285,0.8266,0.1514,0.4828,1423,48
RSC-2020-04421,v2.3.0,2020-02-16 09:46:30,35,0.0142,0.8197,0.1254,0.5283,859,102
RSC-2020-04422,v2.2.1,2020-02-20 01:34:41,53,0.0598,0.8211,0.14,0.5298,849,62
RSC-2020-04423,v2.1.4,2020-12-21 15:55:47,37,0.0154,0.7873,0.1402,0.5078,1316,34
RSC-2020-04424,v2.2.0,2020-12-26 15:45:33,36,0.0124,0.8194,0.1284,0.5002,1002,47
RSC-2020-04425,v2.2.0,2020-05-31 02:24:28,38,0.0344,0.803,0.1664,0.563,1227,81
RSC-2020-04426,v2.1.4,2020-09-22 23:56:49,44,0.0505,0.8275,0.1517,0.5449,843,116
RSC-2020-04427,v2.1.3,2020-04-01 08:45:03,38,0.0182,0.7971,0.1447,0.5179,1148,33
RSC-2020-04428,v2.2.0,2020-02-07 09:19:32,46,0.0059,0.7926,0.1592,0.4936,1139,44
RSC-2020-04429,v2.1.3,2020-08-23 00:40:56,40,0.0176,0.8467,0.1324,0.5078,1253,92
RSC-2020-04430,v2.2.1,2020-11-19 20:46:35,54,0.0023,0.8179,0.1452,0.4967,945,35
RSC-2020-04431,v2.2.0,2020-10-17 21:29:27,47,0.0578,0.7733,0.1495,0.4949,1369,119
RSC-2020-04432,v2.3.0,2020-06-03 16:17:14,37,0.0352,0.8169,0.1372,0.5174,811,88
RSC-2020-04433,v2.3.0,2020-06-19 23:10:48,52,0.0399,0.8069,0.1401,0.5487,1274,52
RSC-2020-04434,v2.2.1,2020-02-10 07:48:58,56,0.0428,0.819,0.1381,0.5166,1396,44
RSC-2020-04435,v2.2.0,2020-05-28 12:22:25,38,0.0406,0.8266,0.1601,0.5106,1521,120
RSC-2020-04436,v2.1.4,2020-11-01 19:01:43,49,0.0165,0.8259,0.1466,0.5178,1090,108
RSC-2020-04437,v2.2.0,2020-04-17 19:23:14,45,0.0338,0.8235,0.1295,0.5148,1466,139
RSC-2020-04438,v2.1.4,2020-08-11 22:45:01,39,0.0511,0.8133,0.1474,0.4883,1244,131
RSC-2020-04439,v2.1.3,2020-01-16 14:25:37,41,0.0313,0.8299,0.1675,0.4862,1270,97
RSC-2020-04440,v2.2.0,2020-01-21 02:51:54,56,0.0221,0.8058,0.1314,0.4964,1351,81
RSC-2020-04441,v2.3.0,2020-11-09 12:52:35,42,0.0432,0.8139,0.1505,0.539,920,36
RSC-2020-04442,v2.3.0,2020-03-01 16:45:41,56,0.0728,0.7986,0.1432,0.4883,1501,109
RSC-2020-04443,v2.1.4,2020-04-15 19:05:20,40,0.0173,0.797,0.1279,0.4877,1361,40
RSC-2020-04444,v2.3.0,2020-09-16 19:34:32,54,0.008,0.8184,0.1162,0.5389,1465,132
RSC-2020-04445,v2.3.0,2020-08-11 18:49:10,56,0.0628,0.8062,0.1422,0.4903,1393,23
RSC-2020-04446,v2.1.3,2020-12-28 19:30:41,56,0.0102,0.8215,0.1289,0.5025,918,104
RSC-2020-04447,v2.1.3,2020-04-28 04:57:48,53,0.0637,0.8195,0.1721,0.502,914,51
RSC-2020-04448,v2.1.3,2020-07-29 08:42:28,55,0.0059,0.8002,0.1481,0.5205,1546,49
RSC-2020-04449,v2.3.0,2020-02-03 23:51:40,53,0.0584,0.7929,0.1587,0.5061,907,136
RSC-2020-04450,v2.1.4,2020-05-02 09:00:22,37,0.0439,0.8566,0.1343,0.485,1563,111
RSC-2020-04451,v2.1.3,2020-10-10 10:32:09,49,0.0068,0.7885,0.1598,0.531,1200,26
RSC-2020-04452,v2.2.0,2020-12-30 08:39:34,44,0.0217,0.7961,0.1398,0.5207,1090,50
RSC-2020-04453,v2.2.1,2020-10-08 06:10:27,46,0.0393,0.817,0.1356,0.5235,1589,138
RSC-2020-04454,v2.1.3,2020-02-21 01:28:28,49,0.0412,0.8067,0.1357,0.4982,1232,139
RSC-2020-04455,v2.2.0,2020-01-26 02:26:55,37,0.0512,0.8218,0.1451,0.478,1028,58
RSC-2020-04456,v2.1.3,2020-06-06 10:16:39,48,0.0523,0.8176,0.1506,0.5097,884,59
RSC-2020-04457,v2.3.0,2020-11-22 12:39:32,45,0.0634,0.807,0.1368,0.5422,1178,20
RSC-2020-04458,v2.1.3,2020-11-28 14:59:47,36,0.0568,0.8281,0.1489,0.5217,1296,37
RSC-2020-04459,v2.2.0,2020-01-29 01:14:17,50,0.0763,0.7867,0.1496,0.4549,1386,108
RSC-2020-04460,v2.3.0,2020-11-24 15:38:02,53,0.0117,0.8287,0.1508,0.5427,1327,24
RSC-2020-04461,v2.2.1,2020-05-31 12:42:25,40,0.0195,0.8134,0.1434,0.5136,838,51
RSC-2020-04462,v2.2.1,2020-03-28 19:00:10,47,0.0052,0.8303,0.1648,0.4834,1401,88
RSC-2020-04463,v2.3.0,2020-02-04 19:07:06,43,0.0164,0.803,0.1633,0.4892,1320,96
RSC-2020-04464,v2.1.3,2020-08-17 21:27:32,46,0.0171,0.8294,0.1469,0.5255,1275,118
RSC-2020-04465,v2.1.4,2020-07-27 18:13:52,46,0.0133,0.8142,0.1533,0.467,1063,104
RSC-2020-04466,v2.2.1,2020-07-06 17:03:46,57,0.0071,0.8283,0.1563,0.505,1240,37
RSC-2020-04467,v2.3.0,2020-02-28 08:52:44,52,0.0513,0.8364,0.1495,0.5298,1246,34
RSC-2020-04468,v2.1.4,2020-07-25 15:41:10,55,0.0493,0.8224,0.144,0.4909,1217,68
RSC-2020-04469,v2.2.1,2020-07-22 09:06:33,39,0.0419,0.8151,0.1509,0.4991,1091,101
RSC-2020-04470,v2.1.3,2020-03-17 18:56:38,38,0.0144,0.782,0.1422,0.5048,1563,33
RSC-2020-04471,v2.2.0,2020-06-11 06:17:47,52,0.0069,0.809,0.1543,0.5205,819,53
RSC-2020-04472,v2.3.0,2020-11-11 01:01:32,47,0.0821,0.7932,0.1381,0.494,1397,52
RSC-2020-04473,v2.1.4,2020-05-18 21:36:02,48,0.0032,0.8204,0.1525,0.4864,1437,134
RSC-2020-04474,v2.3.0,2020-07-25 08:26:27,51,0.0209,0.8186,0.1488,0.5272,1101,49
RSC-2020-04475,v2.2.0,2020-06-09 20:00:44,53,0.0188,0.822,0.1457,0.4835,1565,139
RSC-2020-04476,v2.2.0,2020-03-09 08:09:36,42,0.0156,0.8435,0.1445,0.5033,1462,92
RSC-2020-04477,v2.2.1,2020-04-01 07:33:44,51,0.0439,0.8089,0.1399,0.522,1588,139
RSC-2020-04478,v2.2.1,2020-07-18 07:57:00,38,0.0558,0.8329,0.1489,0.5318,1152,135
RSC-2020-04479,v2.2.0,2020-08-14 07:16:15,57,0.0211,0.8216,0.1394,0.51,1315,20
RSC-2020-04480,v2.3.0,2020-10-15 03:02:10,55,0.0232,0.808,0.1454,0.533,1111,28
RSC-2020-04481,v2.1.3,2020-03-30 00:30:35,34,0.0377,0.7896,0.1352,0.5282,1409,58
RSC-2020-04482,v2.1.3,2020-06-07 19:03:17,34,0.0643,0.8108,0.1375,0.5154,1107,56
RSC-2020-04483,v2.1.4,2020-04-04 16:56:24,38,0.0487,0.8241,0.1402,0.513,927,29
RSC-2020-04484,v2.1.3,2020-04-15 00:59:13,38,0.0111,0.8181,0.161,0.507,1062,100
RSC-2020-04485,v2.2.0,2020-02-22 10:39:56,41,0.0206,0.8147,0.1607,0.5361,1288,46
RSC-2020-04486,v2.2.1,2020-07-06 05:21:55,39,0.0326,0.767,0.165,0.5211,1327,84
RSC-2020-04487,v2.1.4,2020-02-11 21:19:19,49,0.0287,0.7965,0.1321,0.4788,1041,21
RSC-2020-04488,v2.1.3,2020-11-08 16:28:42,48,0.0181,0.8124,0.1476,0.5383,1084,136
RSC-2020-04489,v2.2.1,2020-09-26 11:29:58,53,0.0174,0.8445,0.1257,0.4832,1336,49
RSC-2020-04490,v2.2.1,2020-03-19 08:33:38,51,0.0286,0.8006,0.1174,0.5408,978,58
RSC-2020-04491,v2.1.4,2020-03-16 21:43:00,45,0.0193,0.8191,0.1746,0.5368,1087,137
RSC-2020-04492,v2.1.3,2020-06-08 15:19:27,36,0.0437,0.8106,0.1496,0.5106,1325,63
RSC-2020-04493,v2.2.1,2020-07-25 22:05:17,36,0.0244,0.806,0.1508,0.5231,1154,113
RSC-2020-04494,v2.1.3,2020-08-25 03:23:34,37,0.0082,0.8427,0.13,0.4746,1189,61
RSC-2020-04495,v2.2.0,2020-05-04 06:55:14,43,0.0107,0.7945,0.1602,0.5082,922,26
RSC-2020-04496,v2.2.0,2020-12-01 13:52:16,49,0.1178,0.8116,0.1798,0.5123,877,53
RSC-2020-04497,v2.3.0,2020-05-29 20:26:09,38,0.0833,0.8415,0.1419,0.5151,804,85
RSC-2020-04498,v2.1.4,2020-09-06 22:29:43,44,0.0203,0.7804,0.136,0.5041,1558,55
RSC-2020-04499,v2.3.0,2020-01-12 07:58:02,55,0.0164,0.8493,0.1293,0.5122,1243,35
RSC-2020-04500,v2.3.0,2020-06-03 17:59:10,51,0.0537,0.841,0.128,0.5321,1190,44
RSC-2020-04501,v2.1.3,2020-12-20 15:34:01,51,0.0655,0.8142,0.1388,0.5478,1217,136
RSC-2020-04502,v2.1.3,2020-09-10 02:15:08,43,0.0894,0.8248,0.1333,0.4865,836,23
RSC-2020-04503,v2.3.0,2020-03-27 19:37:25,40,0.0183,0.7869,0.1489,0.4884,1135,22
RSC-2020-04504,v2.2.1,2020-06-01 09:03:44,39,0.0117,0.8263,0.1436,0.4957,1163,126
RSC-2020-04505,v2.2.0,2020-11-12 17:13:46,47,0.0245,0.7848,0.1332,0.4912,1589,134
RSC-2020-04506,v2.2.0,2020-05-12 22:19:45,34,0.0231,0.8068,0.1387,0.4732,1051,121
RSC-2020-04507,v2.2.0,2020-04-11 19:44:23,50,0.0252,0.8188,0.1222,0.5378,843,116
RSC-2020-04508,v2.2.0,2020-12-05 21:48:35,37,0.035,0.8257,0.1379,0.4634,1597,83
RSC-2020-04509,v2.3.0,2020-09-18 13:32:16,47,0.0227,0.7752,0.1471,0.496,1273,129
RSC-2020-04510,v2.1.3,2020-09-09 18:05:54,55,0.033,0.7888,0.1329,0.547,1045,70
RSC-2020-04511,v2.1.4,2020-07-23 13:19:40,42,0.0904,0.8202,0.1439,0.5139,1000,107
RSC-2020-04512,v2.3.0,2020-09-13 20:32:12,47,0.0047,0.8245,0.1582,0.5363,892,25
RSC-2020-04513,v2.2.1,2020-09-10 00:21:19,35,0.0687,0.829,0.137,0.5291,1559,79
RSC-2020-04514,v2.2.0,2020-11-23 21:27:42,55,0.0189,0.7981,0.1386,0.4948,1344,92
RSC-2020-04515,v2.1.4,2020-03-07 21:29:42,37,0.0202,0.8222,0.1461,0.5016,1204,32
RSC-2020-04516,v2.1.3,2020-02-03 21:01:04,36,0.0351,0.8101,0.1574,0.5049,962,132
RSC-2020-04517,v2.2.0,2020-06-13 17:44:56,46,0.0297,0.8131,0.1479,0.5316,916,56
RSC-2020-04518,v2.2.1,2020-12-08 16:01:19,45,0.0533,0.8189,0.1534,0.5259,1142,58
RSC-2020-04519,v2.3.0,2020-03-07 20:29:56,36,0.0289,0.796,0.1263,0.4877,963,79
RSC-2020-04520,v2.1.3,2020-07-31 17:05:32,56,0.061,0.8319,0.1344,0.5652,1341,57
RSC-2020-04521,v2.3.0,2020-07-17 00:49:27,53,0.0229,0.832,0.142,0.5037,1522,104
RSC-2020-04522,v2.1.3,2020-12-23 21:09:44,55,0.0657,0.8295,0.1248,0.5336,1011,132
RSC-2020-04523,v2.1.4,2020-09-01 18:07:11,40,0.0748,0.8007,0.1577,0.5213,1326,79
RSC-2020-04524,v2.3.0,2020-01-31 18:02:57,49,0.0774,0.7974,0.1492,0.5401,961,26
RSC-2020-04525,v2.2.1,2020-03-30 12:24:25,40,0.0186,0.8564,0.139,0.5118,810,40
RSC-2020-04526,v2.2.1,2020-12-12 22:30:18,49,0.0306,0.8251,0.1552,0.5032,1040,29
RSC-2020-04527,v2.2.1,2020-03-22 17:25:06,50,0.039,0.812,0.1313,0.4974,1016,113
RSC-2020-04528,v2.1.3,2020-11-17 09:35:58,54,0.0318,0.7819,0.1732,0.5134,1022,91
RSC-2020-04529,v2.1.4,2020-09-01 13:12:57,53,0.0173,0.8078,0.1369,0.5466,838,34
RSC-2020-04530,v2.2.0,2020-03-30 17:45:15,57,0.0629,0.8121,0.1448,0.5164,1060,26
RSC-2020-04531,v2.1.3,2020-03-06 16:09:42,43,0.0784,0.8324,0.1557,0.5292,868,110
RSC-2020-04532,v2.3.0,2020-04-15 19:33:33,57,0.023,0.8108,0.1376,0.5336,1055,60
RSC-2020-04533,v2.2.0,2020-05-22 07:44:17,34,0.0526,0.8134,0.1467,0.4969,1421,56
RSC-2020-04534,v2.3.0,2020-03-06 20:38:51,34,0.0031,0.8188,0.1462,0.5183,882,38
RSC-2020-04535,v2.2.1,2020-05-23 16:06:09,56,0.0258,0.7869,0.156,0.4937,912,27
RSC-2020-04536,v2.1.3,2020-03-30 23:37:59,48,0.0256,0.7724,0.137,0.5241,1337,81
RSC-2020-04537,v2.1.4,2020-03-30 03:24:24,57,0.0278,0.7871,0.157,0.4952,1380,136
RSC-2020-04538,v2.1.3,2020-06-30 02:43:23,47,0.0299,0.8284,0.147,0.514,989,79
RSC-2020-04539,v2.1.4,2020-08-03 17:32:21,44,0.1375,0.7932,0.178,0.4897,1105,102
RSC-2020-04540,v2.3.0,2020-10-22 20:48:50,36,0.0462,0.8202,0.136,0.5032,821,39
RSC-2020-04541,v2.1.3,2020-06-22 02:57:28,35,0.0578,0.797,0.1426,0.4961,1456,75
RSC-2020-04542,v2.3.0,2020-12-13 03:32:22,46,0.0201,0.8507,0.1592,0.5201,1376,103
RSC-2020-04543,v2.3.0,2020-10-27 08:23:37,47,0.0163,0.8039,0.1475,0.5336,1314,81
RSC-2020-04544,v2.2.1,2020-06-17 03:05:15,36,0.097,0.7979,0.1421,0.5282,1599,30
RSC-2020-04545,v2.3.0,2020-11-22 22:16:04,56,0.0298,0.8209,0.1362,0.5179,1480,72
RSC-2020-04546,v2.1.3,2020-08-19 21:16:44,35,0.032,0.8281,0.1251,0.5116,1263,76
RSC-2020-04547,v2.1.3,2020-03-01 11:54:29,52,0.0415,0.8106,0.1326,0.5172,829,51
RSC-2020-04548,v2.1.4,2020-04-03 10:56:55,51,0.0605,0.8075,0.1447,0.4819,1083,35
RSC-2020-04549,v2.1.4,2020-08-06 07:31:32,40,0.0031,0.843,0.147,0.5214,1260,124
RSC-2020-04550,v2.2.0,2020-12-17 23:37:05,34,0.033,0.8094,0.1431,0.4842,1539,44
RSC-2020-04551,v2.2.1,2020-02-17 19:34:25,44,0.0205,0.8388,0.1531,0.4712,1161,69
RSC-2020-04552,v2.1.3,2020-06-06 07:42:31,43,0.0188,0.8494,0.134,0.5261,1343,89
RSC-2020-04553,v2.1.3,2020-08-01 21:13:26,56,0.0705,0.812,0.1295,0.484,1301,41
RSC-2020-04554,v2.1.4,2020-05-22 19:47:15,53,0.0161,0.7746,0.1361,0.5075,1394,106
RSC-2020-04555,v2.1.4,2020-08-05 11:59:49,37,0.0289,0.8087,0.1506,0.526,1521,39
RSC-2020-04556,v2.2.1,2020-08-01 07:29:03,44,0.0493,0.8269,0.1566,0.5007,1546,78
RSC-2020-04557,v2.3.0,2020-01-02 09:12:05,40,0.017,0.8002,0.1428,0.543,1251,89
RSC-2020-04558,v2.1.3,2020-11-02 15:47:49,42,0.0141,0.8483,0.1544,0.4819,1295,44
RSC-2020-04559,v2.2.1,2020-12-08 11:32:31,56,0.0126,0.8132,0.1301,0.5113,1597,22
RSC-2020-04560,v2.1.3,2020-06-29 03:01:42,34,0.0061,0.799,0.1434,0.5199,1281,41
RSC-2020-04561,v2.1.4,2020-11-14 11:37:25,40,0.0629,0.8333,0.156,0.5271,1552,67
RSC-2020-04562,v2.3.0,2020-02-27 15:24:40,55,0.0268,0.8108,0.1413,0.5474,1495,72
RSC-2020-04563,v2.1.3,2020-09-11 13:03:28,51,0.0529,0.8312,0.1204,0.481,1149,32
RSC-2020-04564,v2.1.4,2020-07-06 04:41:38,34,0.0547,0.8325,0.1537,0.5073,1139,60
RSC-2020-04565,v2.2.1,2020-07-25 12:18:20,55,0.0198,0.8216,0.1586,0.5479,1514,137
RSC-2020-04566,v2.2.1,2020-01-17 08:33:13,43,0.0443,0.8248,0.1442,0.5084,1271,52
RSC-2020-04567,v2.2.1,2020-11-02 18:39:35,39,0.0676,0.8102,0.1555,0.4869,1069,122
RSC-2020-04568,v2.2.1,2020-09-11 11:47:39,41,0.0143,0.7831,0.1226,0.519,1246,29
RSC-2020-04569,v2.1.4,2020-07-31 01:59:43,55,0.0462,0.8183,0.1422,0.5417,1104,103
RSC-2020-04570,v2.1.4,2020-01-18 23:58:16,50,0.005,0.7889,0.14,0.5054,1144,102
RSC-2020-04571,v2.1.4,2020-07-17 05:06:31,34,0.0284,0.85,0.1319,0.4611,1126,88
RSC-2020-04572,v2.1.3,2020-09-22 08:32:47,50,0.0146,0.7925,0.1412,0.5075,1236,112
RSC-2020-04573,v2.1.3,2020-02-06 03:00:14,54,0.0807,0.8204,0.1511,0.5455,892,81
RSC-2020-04574,v2.2.0,2020-02-15 22:57:17,35,0.0645,0.8468,0.1407,0.5072,816,89
RSC-2020-04575,v2.2.0,2020-10-03 08:24:43,52,0.0949,0.8153,0.1505,0.4723,1522,100
RSC-2020-04576,v2.2.0,2020-11-20 08:47:50,46,0.0246,0.8392,0.1413,0.5552,1505,30
RSC-2020-04577,v2.1.3,2020-02-04 16:26:11,53,0.0229,0.8281,0.1591,0.5191,1261,83
RSC-2020-04578,v2.2.0,2020-03-04 11:38:59,44,0.0529,0.823,0.127,0.5131,1477,52
RSC-2020-04579,v2.3.0,2020-01-08 13:24:44,57,0.0131,0.7961,0.1557,0.5099,1133,97
RSC-2020-04580,v2.2.1,2020-07-12 16:43:15,46,0.089,0.8024,0.1536,0.516,1472,92
RSC-2020-04581,v2.1.4,2020-11-24 04:03:20,44,0.055,0.7997,0.1573,0.5418,1030,37
RSC-2020-04582,v2.2.1,2020-05-01 14:53:12,47,0.0163,0.8108,0.1398,0.5076,1225,112
RSC-2020-04583,v2.3.0,2020-04-25 17:55:35,53,0.0514,0.8082,0.1341,0.4819,1071,121
RSC-2020-04584,v2.1.3,2020-03-30 19:09:55,52,0.0409,0.8407,0.159,0.5145,1561,124
RSC-2020-04585,v2.2.0,2020-04-28 04:33:04,51,0.0527,0.7908,0.1606,0.4962,1128,23
RSC-2020-04586,v2.1.3,2020-04-08 23:03:05,48,0.0228,0.8316,0.1652,0.5226,1379,108
RSC-2020-04587,v2.3.0,2020-02-18 07:48:03,54,0.0698,0.809,0.1629,0.5022,1538,38
RSC-2020-04588,v2.1.4,2020-08-03 15:23:26,50,0.0721,0.8052,0.1577,0.4912,1069,67
RSC-2020-04589,v2.1.3,2020-12-25 17:53:40,44,0.0368,0.8049,0.1369,0.5463,1571,93
RSC-2020-04590,v2.1.3,2020-08-09 21:52:25,48,0.0247,0.7807,0.1354,0.5396,829,58
RSC-2020-04591,v2.2.0,2020-05-08 21:03:49,38,0.0612,0.8248,0.1491,0.5092,1597,31
RSC-2020-04592,v2.1.4,2020-11-09 12:42:12,51,0.0809,0.8095,0.1519,0.4884,1187,21
RSC-2020-04593,v2.2.1,2020-02-12 15:31:52,55,0.0387,0.7884,0.1547,0.5182,1449,113
RSC-2020-04594,v2.1.3,2020-09-01 19:05:54,50,0.0052,0.8186,0.1525,0.4866,1310,136
RSC-2020-04595,v2.2.1,2020-07-08 22:04:57,44,0.0436,0.8141,0.1563,0.5097,1511,63
RSC-2020-04596,v2.1.4,2020-04-07 08:33:41,42,0.0717,0.8204,0.1502,0.5156,808,82
RSC-2020-04597,v2.1.4,2020-04-16 05:17:21,36,0.0405,0.8329,0.1529,0.5288,1535,91
RSC-2020-04598,v2.1.4,2020-05-25 01:21:39,48,0.0499,0.8043,0.1394,0.504,955,134
RSC-2020-04599,v2.2.0,2020-06-26 17:23:35,40,0.0586,0.7964,0.1642,0.4719,944,120
RSC-2020-04600,v2.3.0,2020-06-28 15:52:40,57,0.0289,0.821,0.128,0.4958,933,139
RSC-2020-04601,v2.1.4,2020-08-20 00:10:19,35,0.0064,0.8222,0.1454,0.542,1009,33
RSC-2020-04602,v2.2.0,2020-10-10 12:08:21,49,0.0256,0.8031,0.132,0.4948,1179,50
RSC-2020-04603,v2.2.1,2020-05-26 15:09:21,49,0.0301,0.8008,0.1619,0.5142,1586,56
RSC-2020-04604,v2.2.1,2020-05-02 01:48:12,44,0.0527,0.8188,0.1558,0.4767,969,87
RSC-2020-04605,v2.2.0,2020-03-07 20:37:58,39,0.0261,0.8164,0.1287,0.5307,1534,64
RSC-2020-04606,v2.1.4,2020-03-02 01:46:54,38,0.0555,0.8208,0.1364,0.5396,1489,51
RSC-2020-04607,v2.1.4,2020-12-16 07:23:40,53,0.0263,0.8129,0.1486,0.4911,943,69
RSC-2020-04608,v2.1.3,2020-03-19 04:41:15,49,0.0286,0.8141,0.1333,0.5405,1016,41
RSC-2020-04609,v2.2.0,2020-12-07 23:55:33,56,0.041,0.8153,0.1389,0.4868,1519,28
RSC-2020-04610,v2.3.0,2020-12-27 02:22:08,47,0.0457,0.8192,0.1398,0.5074,1578,114
RSC-2020-04611,v2.2.1,2020-01-05 08:41:17,51,0.0247,0.7912,0.1548,0.5408,1101,26
RSC-2020-04612,v2.2.1,2020-07-28 04:56:48,54,0.0473,0.8227,0.1316,0.4894,1482,84
RSC-2020-04613,v2.3.0,2020-10-30 02:49:30,36,0.0113,0.8134,0.1496,0.5081,1574,51
RSC-2020-04614,v2.1.4,2020-08-05 04:01:26,40,0.0347,0.8129,0.1398,0.4813,1090,123
RSC-2020-04615,v2.2.1,2020-04-08 20:39:11,52,0.0122,0.8303,0.1526,0.512,869,28
RSC-2020-04616,v2.3.0,2020-09-16 13:00:15,54,0.0251,0.8084,0.1432,0.5131,1318,80
RSC-2020-04617,v2.3.0,2020-12-11 03:27:34,35,0.0222,0.806,0.147,0.5227,814,69
RSC-2020-04618,v2.3.0,2020-11-23 05:29:39,39,0.0478,0.8085,0.1419,0.5272,1529,123
RSC-2020-04619,v2.3.0,2020-07-13 09:15:13,36,0.0331,0.7862,0.1462,0.5001,1434,67
RSC-2020-04620,v2.3.0,2020-04-24 19:37:22,49,0.0649,0.8137,0.1311,0.5192,1224,118
RSC-2020-04621,v2.1.4,2020-10-23 15:06:37,41,0.0118,0.8037,0.145,0.4803,1243,45
RSC-2020-04622,v2.2.1,2020-06-10 01:25:36,50,0.0685,0.8152,0.1513,0.5209,891,66
RSC-2020-04623,v2.1.4,2020-10-21 04:11:13,54,0.0254,0.7961,0.1561,0.5539,1037,57
RSC-2020-04624,v2.3.0,2020-10-05 10:28:06,57,0.0691,0.7952,0.145,0.5144,1535,125
RSC-2020-04625,v2.2.0,2020-08-24 13:12:31,51,0.061,0.8281,0.1389,0.5291,1223,123
RSC-2020-04626,v2.3.0,2020-08-11 05:13:10,47,0.0729,0.8124,0.1592,0.5142,1470,27
RSC-2020-04627,v2.2.1,2020-07-21 02:03:01,56,0.0523,0.7994,0.1483,0.512,1182,39
RSC-2020-04628,v2.3.0,2020-02-20 23:19:40,40,0.0281,0.8199,0.1533,0.5171,1392,94
RSC-2020-04629,v2.1.3,2020-12-24 02:09:29,34,0.0743,0.8079,0.1462,0.537,1572,96
RSC-2020-04630,v2.2.0,2020-02-10 04:03:50,36,0.0053,0.8236,0.1374,0.5149,927,97
RSC-2020-04631,v2.3.0,2020-06-09 14:29:20,57,0.0702,0.8102,0.1443,0.5481,1518,98
RSC-2020-04632,v2.1.3,2020-06-17 10:51:05,53,0.0316,0.7894,0.1083,0.532,1268,79
RSC-2020-04633,v2.3.0,2020-02-03 17:47:28,34,0.0313,0.8245,0.1539,0.5392,908,88
RSC-2020-04634,v2.1.4,2020-05-28 13:13:06,48,0.1002,0.8219,0.129,0.4882,1532,126
RSC-2020-04635,v2.1.3,2020-05-26 19:09:20,41,0.0537,0.8287,0.1332,0.5127,1221,48
RSC-2020-04636,v2.1.4,2020-11-14 07:24:51,45,0.0448,0.8004,0.1603,0.5003,975,39
RSC-2020-04637,v2.3.0,2020-08-01 19:59:46,57,0.0241,0.8264,0.1581,0.4946,1101,84
RSC-2020-04638,v2.3.0,2020-09-12 06:57:26,45,0.0682,0.7915,0.128,0.5117,1199,77
RSC-2020-04639,v2.1.3,2020-06-19 10:43:54,45,0.0462,0.8076,0.1326,0.5338,1012,95
RSC-2020-04640,v2.2.0,2020-08-09 10:15:19,50,0.0287,0.8587,0.1204,0.5026,1075,81
RSC-2020-04641,v2.2.0,2020-02-20 23:22:44,51,0.0836,0.8003,0.1265,0.5271,835,103
RSC-2020-04642,v2.3.0,2020-04-25 23:03:59,43,0.0388,0.8135,0.1444,0.4754,1209,122
RSC-2020-04643,v2.1.3,2020-01-01 23:59:53,52,0.0331,0.7939,0.1435,0.5007,816,95
RSC-2020-04644,v2.3.0,2020-06-10 11:22:48,43,0.0241,0.8151,0.1558,0.4819,918,76
RSC-2020-04645,v2.1.4,2020-01-05 07:34:03,54,0.042,0.8144,0.1232,0.5305,1066,83
RSC-2020-04646,v2.2.0,2020-05-12 14:40:45,41,0.0874,0.814,0.1398,0.4947,1175,136
RSC-2020-04647,v2.1.4,2020-05-18 00:15:35,50,0.0102,0.7839,0.1328,0.4911,1075,115
RSC-2020-04648,v2.3.0,2020-09-11 16:18:02,36,0.018,0.8245,0.1286,0.5385,1289,78
RSC-2020-04649,v2.3.0,2020-08-03 09:53:28,44,0.038,0.7884,0.1535,0.4885,817,42
RSC-2020-04650,v2.1.4,2020-07-01 16:24:26,45,0.0039,0.7813,0.1686,0.5279,1099,69
RSC-2020-04651,v2.2.1,2020-10-18 18:19:57,41,0.0061,0.815,0.1147,0.4868,1441,77
RSC-2020-04652,v2.2.0,2020-01-25 12:42:58,35,0.0174,0.8276,0.1512,0.5145,985,68
RSC-2020-04653,v2.2.0,2020-09-02 03:01:07,47,0.0257,0.8292,0.1352,0.5047,1380,66
RSC-2020-04654,v2.1.3,2020-09-24 19:59:18,37,0.0135,0.7996,0.1511,0.5227,1291,86
RSC-2020-04655,v2.3.0,2020-11-02 13:49:53,49,0.0348,0.8409,0.1539,0.5628,1508,54
RSC-2020-04656,v2.1.3,2020-05-31 17:29:37,42,0.0637,0.779,0.1348,0.5284,1013,63
RSC-2020-04657,v2.3.0,2020-11-02 20:03:47,50,0.059,0.8352,0.1254,0.5049,1115,57
RSC-2020-04658,v2.1.3,2020-03-31 03:22:13,48,0.0555,0.8512,0.1287,0.5422,819,68
RSC-2020-04659,v2.1.4,2020-08-30 18:40:57,38,0.0562,0.8393,0.1269,0.5047,908,57
RSC-2020-04660,v2.1.4,2020-05-16 09:31:03,52,0.0088,0.824,0.1443,0.5414,1168,136
RSC-2020-04661,v2.3.0,2020-10-08 06:09:51,37,0.0882,0.8162,0.1648,0.5632,1266,65
RSC-2020-04662,v2.1.3,2020-03-22 23:41:10,51,0.1227,0.8137,0.1578,0.4992,1192,25
RSC-2020-04663,v2.2.1,2020-02-02 07:27:25,53,0.0852,0.8094,0.1466,0.5141,981,103
RSC-2020-04664,v2.3.0,2020-07-06 11:14:20,43,0.035,0.8093,0.1325,0.5096,1471,27
RSC-2020-04665,v2.1.4,2020-05-12 15:26:03,35,0.0652,0.8135,0.1269,0.4824,1113,103
RSC-2020-04666,v2.2.0,2020-07-11 19:25:50,55,0.0214,0.8133,0.1403,0.5267,1579,22
RSC-2020-04667,v2.1.4,2020-02-06 01:01:47,51,0.0872,0.8196,0.1434,0.5154,1299,83
RSC-2020-04668,v2.1.3,2020-06-18 01:38:53,50,0.0306,0.8583,0.1392,0.5129,1084,61
RSC-2020-04669,v2.2.1,2020-10-04 13:43:38,35,0.0273,0.8241,0.149,0.4776,1146,129
RSC-2020-04670,v2.3.0,2020-07-27 01:13:04,55,0.0252,0.833,0.133,0.4766,1494,26
RSC-2020-04671,v2.1.3,2020-12-03 19:07:57,42,0.0356,0.8269,0.1242,0.5335,1366,40
RSC-2020-04672,v2.2.0,2020-01-12 04:07:22,35,0.0067,0.8052,0.1249,0.4745,1363,91
RSC-2020-04673,v2.2.0,2020-02-24 02:56:47,41,0.0658,0.7972,0.1359,0.5184,1330,35
RSC-2020-04674,v2.3.0,2020-05-07 09:48:33,45,0.0278,0.8145,0.1382,0.5176,1191,57
RSC-2020-04675,v2.3.0,2020-08-25 10:24:57,34,0.061,0.8446,0.1523,0.5101,808,89
RSC-2020-04676,v2.3.0,2020-07-28 09:12:11,34,0.0369,0.8193,0.1362,0.5168,1269,29
RSC-2020-04677,v2.2.0,2020-12-19 18:17:13,46,0.0186,0.8248,0.1324,0.4882,1111,99
RSC-2020-04678,v2.1.3,2020-09-03 12:27:55,52,0.0396,0.7852,0.1483,0.4935,1477,125
RSC-2020-04679,v2.2.0,2020-04-01 09:35:43,57,0.0313,0.7896,0.1504,0.4976,1091,42
RSC-2020-04680,v2.1.3,2020-03-20 09:22:16,56,0.049,0.8028,0.12,0.5085,1132,132
RSC-2020-04681,v2.2.1,2020-03-07 04:38:49,36,0.0125,0.827,0.1299,0.4937,1195,107
RSC-2020-04682,v2.2.1,2020-10-22 08:43:50,54,0.0178,0.8248,0.1556,0.5294,1209,21
RSC-2020-04683,v2.2.1,2020-09-03 14:50:39,52,0.0585,0.8268,0.1603,0.4906,944,53
RSC-2020-04684,v2.2.1,2020-02-09 22:28:53,50,0.0154,0.8016,0.1585,0.5033,1289,137
RSC-2020-04685,v2.2.0,2020-05-26 07:51:55,45,0.0484,0.7931,0.1636,0.5186,1120,52
RSC-2020-04686,v2.1.4,2020-10-10 09:40:45,51,0.0236,0.8381,0.1344,0.5017,1472,131
RSC-2020-04687,v2.2.1,2020-11-14 03:31:51,56,0.0395,0.8382,0.1321,0.5161,1424,40
RSC-2020-04688,v2.1.4,2020-01-08 04:25:44,40,0.0454,0.8081,0.1403,0.4931,1186,103
RSC-2020-04689,v2.1.3,2020-01-09 06:26:11,37,0.0257,0.7911,0.1443,0.5064,996,125
RSC-2020-04690,v2.1.3,2020-06-17 15:50:52,46,0.1078,0.7885,0.1338,0.5156,1173,72
RSC-2020-04691,v2.1.4,2020-01-07 13:58:25,38,0.0009,0.8052,0.1474,0.5181,983,27
RSC-2020-04692,v2.1.4,2020-04-22 00:56:41,45,0.0766,0.852,0.1516,0.5144,1073,103
RSC-2020-04693,v2.1.4,2020-09-11 04:29:50,42,0.0979,0.8166,0.1456,0.5212,1359,109
RSC-2020-04694,v2.1.3,2020-08-05 09:31:50,41,0.0067,0.8117,0.125,0.5273,996,139
RSC-2020-04695,v2.2.0,2020-08-14 06:32:38,53,0.0669,0.8113,0.1358,0.5111,1407,55
RSC-2020-04696,v2.2.0,2020-11-01 05:25:18,47,0.0513,0.8291,0.1507,0.5042,1075,130
RSC-2020-04697,v2.3.0,2020-08-01 04:37:16,53,0.0201,0.8158,0.15,0.5172,1559,67
RSC-2020-04698,v2.1.4,2020-09-13 19:31:24,54,0.008,0.8107,0.1313,0.5312,994,109
RSC-2020-04699,v2.1.3,2020-08-04 09:20:48,35,0.0876,0.8004,0.1546,0.4977,1131,50
RSC-2020-04700,v2.2.0,2020-10-21 00:23:53,37,0.0156,0.812,0.1318,0.4851,1274,78
RSC-2020-04701,v2.1.3,2020-06-21 22:24:17,50,0.0335,0.8209,0.145,0.5091,849,97
RSC-2020-04702,v2.2.0,2020-04-01 22:03:58,37,0.033,0.8064,0.1403,0.5447,1000,58
RSC-2020-04703,v2.1.3,2020-02-26 22:21:34,44,0.0479,0.8212,0.144,0.5291,1473,125
RSC-2020-04704,v2.3.0,2020-04-17 14:51:33,45,0.0303,0.7749,0.1317,0.5127,863,37
RSC-2020-04705,v2.3.0,2020-08-26 04:19:37,44,0.0359,0.7985,0.1581,0.4998,853,95
RSC-2020-04706,v2.3.0,2020-02-20 18:06:31,57,0.0841,0.8335,0.1529,0.5226,1256,117
RSC-2020-04707,v2.2.0,2020-02-02 23:04:38,49,0.0866,0.8093,0.145,0.5271,1346,87
RSC-2020-04708,v2.1.4,2020-04-09 12:40:38,53,0.0407,0.8109,0.1466,0.5059,1535,70
RSC-2020-04709,v2.2.1,2020-11-27 19:10:13,45,0.0214,0.7972,0.1485,0.479,1140,79
RSC-2020-04710,v2.1.3,2020-12-21 22:40:44,40,0.0094,0.8188,0.1398,0.5055,819,120
RSC-2020-04711,v2.3.0,2020-02-29 04:39:25,37,0.0583,0.7988,0.156,0.4955,1299,96
RSC-2020-04712,v2.1.4,2020-12-10 01:44:08,54,0.0203,0.7993,0.163,0.5109,1250,80
RSC-2020-04713,v2.3.0,2020-03-14 21:54:06,49,0.0304,0.8107,0.1408,0.5125,1313,66
RSC-2020-04714,v2.1.4,2020-07-27 17:47:30,42,0.0272,0.7919,0.1479,0.5233,1402,106
RSC-2020-04715,v2.1.3,2020-10-26 13:58:55,45,0.1167,0.8121,0.1427,0.5278,835,116
RSC-2020-04716,v2.3.0,2020-03-30 17:39:38,37,0.0181,0.8436,0.1333,0.5053,1469,83
RSC-2020-04717,v2.1.4,2020-11-12 00:16:29,53,0.0314,0.821,0.1476,0.4797,1582,82
RSC-2020-04718,v2.1.4,2020-12-24 00:12:13,51,0.0194,0.8511,0.1231,0.5502,1595,66
RSC-2020-04719,v2.2.1,2020-07-17 09:13:08,44,0.0632,0.818,0.1376,0.4974,1091,86
RSC-2020-04720,v2.1.4,2020-01-16 16:37:58,37,0.0371,0.7955,0.1537,0.5429,1046,48
RSC-2020-04721,v2.3.0,2020-07-24 15:03:57,37,0.0611,0.8135,0.1491,0.491,1275,26
RSC-2020-04722,v2.2.0,2020-11-23 08:35:45,51,0.0218,0.8012,0.1684,0.5123,1171,70
RSC-2020-04723,v2.2.0,2020-12-19 04:57:05,56,0.0156,0.8094,0.1563,0.5206,1234,103
RSC-2020-04724,v2.2.0,2020-07-18 09:17:31,48,0.0409,0.821,0.1325,0.4698,1561,110
RSC-2020-04725,v2.1.4,2020-01-27 16:09:21,39,0.0432,0.8138,0.1568,0.543,1188,93
RSC-2020-04726,v2.1.3,2020-08-14 23:30:33,56,0.0225,0.7943,0.153,0.5047,1157,133
RSC-2020-04727,v2.2.0,2020-03-30 22:01:08,54,0.0167,0.8003,0.1385,0.4988,835,75
RSC-2020-04728,v2.3.0,2020-03-29 18:43:54,39,0.0369,0.7813,0.1701,0.5168,845,108
RSC-2020-04729,v2.1.3,2020-12-11 21:38:35,53,0.0486,0.838,0.1493,0.5143,847,78
RSC-2020-04730,v2.1.4,2020-04-08 15:47:53,46,0.0131,0.8282,0.138,0.5252,1183,54
RSC-2020-04731,v2.1.3,2020-06-19 08:37:29,41,0.04,0.7841,0.1296,0.5311,1045,103
RSC-2020-04732,v2.2.0,2020-11-12 06:52:32,52,0.0236,0.8258,0.1545,0.4838,970,67
RSC-2020-04733,v2.1.3,2020-04-01 09:44:50,44,0.0446,0.8078,0.1507,0.5272,1584,95
RSC-2020-04734,v2.2.0,2020-11-05 08:38:13,41,0.0178,0.8401,0.1327,0.5146,1445,49
RSC-2020-04735,v2.1.3,2020-02-18 20:19:43,54,0.1281,0.7753,0.1476,0.5354,920,22
RSC-2020-04736,v2.2.0,2020-06-13 08:06:15,48,0.0623,0.8538,0.1511,0.5023,1502,76
RSC-2020-04737,v2.2.0,2020-04-20 00:34:42,47,0.0353,0.8363,0.1451,0.566,1402,136
RSC-2020-04738,v2.3.0,2020-05-23 10:55:35,45,0.0593,0.832,0.141,0.5223,1406,76
RSC-2020-04739,v2.2.0,2020-07-13 04:35:27,48,0.0299,0.8408,0.1377,0.4916,1412,124
RSC-2020-04740,v2.1.4,2020-05-10 15:25:04,50,0.0652,0.7855,0.147,0.5424,1162,72
RSC-2020-04741,v2.1.4,2020-08-09 20:58:14,50,0.0014,0.8281,0.1541,0.5111,1511,79
RSC-2020-04742,v2.1.4,2020-05-05 23:44:01,54,0.1085,0.799,0.1447,0.4995,1132,33
RSC-2020-04743,v2.1.4,2020-02-07 20:21:16,39,0.0479,0.8449,0.1586,0.4914,1353,38
RSC-2020-04744,v2.3.0,2020-04-04 15:33:51,46,0.027,0.7871,0.1329,0.4814,1352,78
RSC-2020-04745,v2.2.1,2020-01-07 12:34:01,40,0.0688,0.8479,0.1346,0.5107,1146,76
RSC-2020-04746,v2.1.3,2020-01-27 01:30:07,56,0.0078,0.8131,0.1625,0.5383,1249,75
RSC-2020-04747,v2.3.0,2020-08-26 17:35:19,38,0.0444,0.7817,0.129,0.4777,834,89
RSC-2020-04748,v2.1.4,2020-07-27 21:01:13,53,0.0509,0.8469,0.1413,0.4699,1407,52
RSC-2020-04749,v2.2.0,2020-07-31 01:17:28,56,0.0297,0.8321,0.1505,0.4694,1494,130
