graduate_id	risk_score	eligible_z	enrolled_d
G2018000000	9.946	0	0
G2018000013	53.925	0	0
G2018000016	11.771	0	0
G2018000017	57.591	0	0
G2018000020	33.892	0	0
G2018000025	30.722	0	0
G2018000028	50.355	0	0
G2018000034	14.211	0	1
G2018000039	21.281	0	0
G2018000042	27.762	0	0
G2018000046	12.77	0	0
G2018000055	25.011	0	0
G2018000058	66.473	0	0
G2018000060	35.459	0	0
G2018000061	5.216	0	0
G2018000069	35.877	0	1
G2018000072	70.845	0	0
G2018000073	44.101	0	0
G2018000074	24.521	0	0
G2018000076	11.715	0	1
G2018000080	32.35	0	0
G2018000088	22.482	0	0
G2018000090	29.399	0	1
G2018000096	6.963	0	0
G2018000101	23.266	0	0
G2018000112	13.847	0	1
G2018000115	19.713	0	1
G2018000123	36.579	0	0
G2018000130	7.626	0	0
G2018000132	38.81	0	1
G2018000134	18.011	0	1
G2018000137	40.211	0	0
G2018000142	7.353	0	0
G2018000151	41.74	0	0
G2018000163	16.121	0	0
G2018000168	34.683	0	0
G2018000171	18.786	0	1
G2018000172	26.383	0	0
G2018000174	13.973	0	0
G2018000185	27.528	0	0
G2018000186	25.924	0	0
G2018000188	27.185	0	0
G2018000194	12.988	0	0
G2018000198	11.951	0	0
G2018000203	22.879	0	1
G2018000207	15.028	0	0
G2018000208	45.845	0	1
G2018000209	13.609	0	1
G2018000210	14.718	0	0
G2018000211	66.345	0	0
G2018000215	37.868	0	0
G2018000216	36.838	0	0
G2018000220	22.515	0	1
G2018000221	40.314	0	0
G2018000230	12.822	0	0
G2018000241	10.677	0	1
G2018000243	44.784	0	0
G2018000245	49.121	0	0
G2018000246	28.211	0	0
G2018000248	48.917	0	0
G2018000250	29.03	0	0
G2018000253	10.395	0	1
G2018000256	30.18	0	0
G2018000263	17.506	0	1
G2018000266	17.003	0	0
G2018000274	46.381	0	0
G2018000276	43.587	0	0
G2018000280	50.76	0	0
G2018000288	28.603	0	0
G2018000294	52.237	0	0
G2018000300	6.876	0	0
G2018000305	6.061	0	0
G2018000321	14.132	0	0
G2018000324	17.174	0	1
G2018000325	14.373	0	0
G2018000328	4.83	0	0
G2018000331	21.774	0	0
G2018000342	32.192	0	1
G2018000343	9.024	0	0
G2018000348	12.581	0	0
G2018000351	21.46	0	0
G2018000359	34.239	0	0
G2018000366	43.715	0	0
G2018000368	33.34	0	0
G2018000379	42.085	0	0
G2018000389	55.681	0	1
G2018000392	18.669	0	0
G2018000401	39.944	0	1
G2018000403	70.392	0	0
G2018000409	7.523	0	0
G2018000414	53.435	0	0
G2018000418	38.175	0	0
G2018000421	18.719	0	0
G2018000424	25.183	0	0
G2018000430	35.471	0	0
G2018000438	42.742	0	1
G2018000439	12.706	0	1
G2018000443	9.36	0	0
G2018000445	48.838	0	0
G2018000450	33.506	0	0
G2018000463	39.417	0	0
G2018000473	12.697	0	1
G2018000474	16.229	0	0
G2018000485	49.248	0	0
G2018000486	27.279	0	0
G2018000494	25.47	0	0
G2018000495	39.816	0	0
G2018000496	35.97	0	0
G2018000502	38.171	0	0
G2018000509	30.029	0	0
G2018000511	43.801	0	0
G2018000512	26.496	0	0
G2018000513	25.027	0	0
G2018000516	13.7	0	0
G2018000518	14.56	0	0
G2018000521	36.615	0	0
G2018000524	55.82	0	0
G2018000537	16.986	0	1
G2018000541	11.502	0	0
G2018000542	42.55	0	0
G2018000543	39.487	0	1
G2018000547	29.341	0	0
G2018000553	37.21	0	0
G2018000556	41.173	0	0
G2018000563	23.971	0	0
G2018000570	31.366	0	0
G2018000575	14.173	0	1
G2018000585	29.387	0	0
G2018000586	21.861	0	1
G2018000589	21.474	0	0
G2018000590	4.895	0	0
G2018000606	13.461	0	0
G2018000623	16.747	0	0
G2018000636	22.319	0	0
G2018000642	24.948	0	0
G2018000646	26.895	0	0
G2018000658	8.148	0	0
G2018000660	38.044	0	0
G2018000662	62.236	0	0
G2018000663	23.776	0	1
G2018000665	35.371	0	0
G2018000677	8.301	0	0
G2018000695	48.803	0	0
G2018000705	19.025	0	1
G2018000724	24.655	0	1
G2018000725	17.58	0	0
G2018000726	12.73	0	0
G2018000730	28.682	0	0
G2018000733	17.996	0	0
G2018000735	56.209	0	0
G2018000736	12.691	0	0
G2018000743	30.61	0	0
G2018000747	13.263	0	0
G2018000752	10.299	0	0
G2018000758	11.58	0	0
G2018000760	2.855	0	0
G2018000765	31.016	0	0
G2018000773	38.273	0	0
G2018000775	46.976	0	0
G2018000776	28.694	0	0
G2018000780	14.821	0	0
G2018000781	41.155	0	0
G2018000784	5.205	0	0
G2018000789	23.741	0	0
G2018000793	28.734	0	0
G2018000798	29.483	0	0
G2018000799	36.688	0	0
G2018000812	48.763	0	1
G2018000814	36.637	0	0
G2018000821	36.24	0	0
G2018000823	46.926	0	0
G2018000825	66.915	0	0
G2018000830	19.663	0	0
G2018000831	12.038	0	0
G2018000837	9.174	0	0
G2018000842	28.59	0	0
G2018000852	21.294	0	0
G2018000857	54.297	0	0
G2018000863	0.59	0	0
G2018000866	34.431	0	1
G2018000868	22.255	0	0
G2018000871	41.361	0	0
G2018000873	21.725	0	0
G2018000876	21.708	0	1
G2018000879	39.588	0	1
G2018000882	19.49	0	0
G2018000885	26.702	0	0
G2018000887	13.297	0	0
G2018000888	14.9	0	0
G2018000890	31.772	0	0
G2018000897	22.561	0	0
G2018000898	21.754	0	0
G2018000902	16.132	0	0
G2018000903	72.772	0	0
G2018000905	15.458	0	0
G2018000906	6.444	0	1
G2018000918	41.7	0	0
G2018000921	4.423	0	0
G2018000922	6.222	0	0
G2018000925	49.68	0	0
G2018000928	24.841	0	0
G2018000941	34.706	0	0
G2018000945	6.821	0	0
G2018000951	34.922	0	0
G2018000957	61.136	0	0
G2018000961	4.678	0	1
G2018000967	20.441	0	0
G2018000972	15.333	0	0
G2018000973	24.422	0	0
G2018000990	50.716	0	0
G2018000994	45.167	0	0
G2018000998	24.153	0	0
G2018001000	19.697	0	0
G2018001007	19.993	0	0
G2018001009	36.317	0	0
G2018001016	34.086	0	1
G2018001019	21.311	0	0
G2018001021	6.075	0	1
G2018001023	43.829	0	1
G2018001026	12.882	0	1
G2018001028	7.156	0	0
G2018001030	19.682	0	0
G2018001042	0.1	0	0
G2018001043	49.094	0	0
G2018001044	11.079	0	0
G2018001049	52.312	0	1
G2018001052	21.165	0	0
G2018001059	17.735	0	0
G2018001062	48.526	0	1
G2018001064	13.923	0	1
G2018001065	24.156	0	0
G2018001068	18.396	0	0
G2018001076	7.363	0	1
G2018001092	19.802	0	0
G2018001098	13.914	0	1
G2018001103	38.559	0	0
G2018001104	40.238	0	0
G2018001128	21.112	0	1
G2018001130	43.943	0	0
G2018001136	21.062	0	0
G2018001137	22.803	0	1
G2018001138	21.07	0	0
G2018001139	68.929	0	0
G2018001142	10.478	0	1
G2018001143	28.602	0	0
G2018001144	36.817	0	0
G2018001145	11.713	0	1
G2018001146	27.078	0	1
G2018001147	7.747	0	0
G2018001151	23.146	0	0
G2018001157	39.91	0	0
G2018001168	33.826	0	0
G2018001169	26.491	0	1
G2018001170	4.376	0	0
G2018001172	27.243	0	0
G2018001179	40.297	0	0
G2018001181	9.687	0	0
G2018001188	48.677	0	0
G2018001189	28.707	0	0
G2018001190	36.465	0	0
G2018001195	35.161	0	0
G2018001200	36.209	0	0
G2018001201	21.653	0	0
G2018001210	58.578	0	1
G2018001213	22.453	0	0
G2018001216	55.852	0	0
G2018001219	4.279	0	0
G2018001231	25.84	0	0
G2018001241	61.486	0	1
G2018001247	18.38	0	0
G2018001248	9.295	0	1
G2018001249	53.743	0	0
G2018001252	29.645	0	1
G2018001257	27.12	0	0
G2018001266	45.409	0	0
G2018001269	23.581	0	0
G2018001274	21.162	0	0
G2018001275	38.917	0	0
G2018001276	33.831	0	0
G2018001284	57.482	0	1
G2018001292	30.778	0	1
G2018001295	36.615	0	0
G2018001308	7.427	0	0
G2018001309	3.057	0	0
G2018001311	37.158	0	0
G2018001317	22.097	0	0
G2018001319	17.538	0	0
G2018001330	8.371	0	0
G2018001337	36.143	0	1
G2018001338	37.662	0	0
G2018001348	11.751	0	1
G2018001357	18.699	0	1
G2018001367	22.09	0	0
G2018001369	35.786	0	1
G2018001377	27.014	0	1
G2018001381	12.248	0	1
G2018001382	5.297	0	0
G2018001393	8.185	0	0
G2018001394	20.44	0	0
G2018001410	30.886	0	0
G2018001413	19.28	0	0
G2018001421	9.798	0	0
G2018001423	49.192	0	0
G2018001427	19.846	0	0
G2018001431	13.246	0	0
G2018001446	12.867	0	0
G2018001449	35.682	0	1
G2018001450	20.026	0	1
G2018001456	26.411	0	0
G2018001459	35.531	0	0
G2018001465	7.087	0	0
G2018001472	20.631	0	0
G2018001484	34.673	0	0
G2018001485	34.562	0	0
G2018001507	8.41	0	0
G2018001513	14.192	0	1
G2018001518	64.845	0	0
G2018001524	43.012	0	0
G2018001527	25.457	0	1
G2018001529	27.242	0	0
G2018001530	34.968	0	0
G2018001536	30.111	0	0
G2018001543	28.81	0	0
G2018001546	12.862	0	0
G2018001552	52.323	0	0
G2018001566	13.154	0	0
G2018001571	6.484	0	1
G2018001572	41.617	0	0
G2018001574	12.436	0	1
G2018001590	47.366	0	0
G2018001593	39.235	0	0
G2018001597	7.553	0	0
G2018001598	29.051	0	0
G2018001601	38.371	0	0
G2018001605	63.528	0	1
G2018001607	16.731	0	0
G2018001611	35.827	0	0
G2018001623	58.172	0	0
G2018001625	34.227	0	0
G2018001642	17.833	0	0
G2018001643	14.675	0	0
G2018001651	0.915	0	0
G2018001653	26.693	0	0
G2018001655	50.104	0	0
G2018001657	38.232	0	0
G2018001661	58.529	0	0
G2018001668	11.149	0	0
G2018001672	19.765	0	0
G2018001674	33.983	0	0
G2018001685	22.016	0	0
G2018001691	15.669	0	1
G2018001694	17.887	0	0
G2018001697	18.101	0	0
G2018001710	39.381	0	0
G2018001714	50.725	0	0
G2018001717	19.069	0	0
G2018001722	13.648	0	0
G2018001724	36.292	0	0
G2018001725	2.646	0	0
G2018001728	40.236	0	0
G2018001731	38.969	0	0
G2018001737	28.798	0	1
G2018001745	25.82	0	0
G2018001753	27.093	0	1
G2018001754	28.163	0	1
G2018001761	79.767	1	1
G2018001762	22.17	0	1
G2018001764	6.263	0	1
G2018001766	35.235	0	0
G2018001776	24.739	0	1
G2018001778	23.079	0	0
G2018001781	54.752	0	0
G2018001786	13.894	0	0
G2018001794	21.952	0	0
G2018001798	43.137	0	0
G2018001801	23.853	0	0
G2018001809	19.816	0	1
G2018001817	48.582	0	0
G2018001819	16.211	0	0
G2018001822	8.428	0	0
G2018001827	64.692	0	0
G2018001828	24.303	0	0
G2018001833	9.418	0	1
G2018001834	63.304	0	0
G2018001855	17.596	0	0
G2018001856	56.727	0	1
G2018001860	64.91	0	1
G2018001866	38.448	0	0
G2018001867	25.013	0	0
G2018001868	9.758	0	0
G2018001870	35.051	0	0
G2018001874	32.447	0	0
G2018001882	6.715	0	0
G2018001884	53.169	0	0
G2018001895	39.247	0	0
G2018001898	40.794	0	0
G2018001904	43.322	0	0
G2018001907	21.017	0	1
G2018001917	18.351	0	1
G2018001918	55.449	0	0
G2018001921	58.828	0	0
G2018001922	25.494	0	0
G2018001923	15.429	0	0
G2018001925	36.586	0	0
G2018001932	54.656	0	1
G2018001942	41.377	0	0
G2018001946	26.16	0	0
G2018001951	19.473	0	0
G2018001958	28.129	0	0
G2018001964	11.453	0	1
G2018001972	6.246	0	0
G2018001986	11.092	0	0
G2018001987	17.409	0	0
G2018001989	10.982	0	0
G2018001990	26.999	0	1
G2018001991	31.177	0	0
G2018001994	19.076	0	0
G2018001998	36.68	0	0
G2018002001	35.315	0	0
G2018002015	32.971	0	0
G2018002039	19.4	0	0
G2018002040	20.107	0	0
G2018002045	20.86	0	0
G2018002051	53.748	0	0
G2018002054	19.604	0	0
G2018002056	14.599	0	0
G2018002057	20.089	0	0
G2018002058	22.347	0	0
G2018002064	42.251	0	0
G2018002067	43.571	0	0
G2018002081	7.272	0	1
G2018002082	9.886	0	0
G2018002084	36.567	0	0
G2018002099	47.121	0	0
G2018002100	18.951	0	0
G2018002106	53.179	0	0
G2018002108	54.161	0	1
G2018002111	27.869	0	1
G2018002114	42.651	0	0
G2018002115	41.455	0	0
G2018002130	23.718	0	0
G2018002133	45.224	0	1
G2018002134	29.539	0	1
G2018002139	40.089	0	0
G2018002142	43.823	0	1
G2018002145	11.06	0	0
G2018002147	55.572	0	0
G2018002153	8.818	0	0
G2018002154	6.674	0	0
G2018002156	15.549	0	0
G2018002165	50.866	0	0
G2018002169	21.274	0	0
G2018002171	45.246	0	0
G2018002181	20.697	0	1
G2018002182	28.378	0	0
G2018002187	59.178	0	1
G2018002193	23.148	0	1
G2018002195	55.232	0	0
G2018002197	2.339	0	0
G2018002199	22.442	0	0
G2018002200	7.419	0	0
G2018002202	33.499	0	0
G2018002205	20.004	0	0
G2018002213	29.455	0	0
G2018002222	20.153	0	0
G2018002228	28.369	0	0
G2018002230	33.93	0	0
G2018002244	19.555	0	0
G2018002247	45.757	0	0
G2018002252	9.795	0	1
G2018002257	32.342	0	0
G2018002267	32.117	0	1
G2018002274	24.959	0	0
G2018002275	35.465	0	0
G2018002278	28.877	0	1
G2018002279	0.476	0	0
G2018002299	34.522	0	0
G2018002304	10.732	0	0
G2018002307	16.317	0	1
G2018002323	14.388	0	1
G2018002326	24.849	0	0
G2018002328	22.125	0	0
G2018002329	15.887	0	0
G2018002350	49.629	0	1
G2018002355	51.103	0	0
G2018002361	21.327	0	1
G2018002364	29.764	0	0
G2018002366	7.273	0	0
G2018002373	21.116	0	0
G2018002381	52.727	0	1
G2018002387	50.579	0	0
G2018002389	38.16	0	0
G2018002396	6.38	0	1
G2018002398	27.771	0	0
G2018002400	51.909	0	1
G2018002401	12.698	0	0
G2018002402	7.517	0	1
G2018002405	11.058	0	0
G2018002409	12.118	0	0
G2018002413	28.958	0	1
G2018002415	27.282	0	0
G2018002420	17.446	0	0
G2018002428	40.792	0	0
G2018002433	47.626	0	0
G2018002437	28.621	0	0
G2018002447	4.022	0	0
G2018002457	32.434	0	0
G2018002463	8.476	0	0
G2018002465	34.737	0	0
G2018002467	24.042	0	0
G2018002468	22.864	0	0
G2018002469	32.473	0	0
G2018002471	27.661	0	0
G2018002473	11.702	0	0
G2018002481	51.751	0	0
G2018002482	27.85	0	1
G2018002488	26.62	0	0
G2018002501	61.302	0	0
G2018002525	17.836	0	1
G2018002528	25.584	0	0
G2018002529	42.661	0	1
G2018002534	46.488	0	0
G2018002535	21.874	0	0
G2018002540	9.738	0	0
G2018002545	11.618	0	0
G2018002556	6.631	0	0
G2018002557	33.876	0	0
G2018002559	33.093	0	0
G2018002567	17.121	0	0
G2018002568	17.522	0	1
G2018002571	15.132	0	0
G2018002586	45.776	0	0
G2018002589	37.553	0	0
G2018002591	35.846	0	0
G2018002595	40.712	0	0
G2018002601	37.682	0	0
G2018002608	23.674	0	0
G2018002611	13.62	0	0
G2018002613	8.097	0	0
G2018002614	16.334	0	1
G2018002618	66.807	0	0
G2018002627	52.731	0	0
G2018002630	31.95	0	0
G2018002632	28.956	0	1
G2018002635	30.332	0	0
G2018002638	36.351	0	1
G2018002639	19.149	0	0
G2018002642	26.767	0	0
G2018002643	29.352	0	0
G2018002651	7.231	0	0
G2018002652	9.086	0	0
G2018002654	51.955	0	1
G2018002661	12.652	0	0
G2018002671	36.697	0	1
G2018002677	32.967	0	0
G2018002678	29.184	0	0
G2018002683	18.329	0	1
G2018002686	38.996	0	0
G2018002695	28.628	0	0
G2018002698	16.672	0	0
G2018002703	29.338	0	0
G2018002705	67.299	0	0
G2018002706	10.485	0	0
G2018002711	21.924	0	1
G2018002721	38.118	0	0
G2018002729	38.23	0	0
G2018002734	32.702	0	1
G2018002744	28.159	0	0
G2018002746	6.106	0	0
G2018002747	6.824	0	0
G2018002749	32.433	0	0
G2018002750	12.5	0	0
G2018002753	18.556	0	0
G2018002763	3.303	0	0
G2018002764	22.173	0	0
G2018002772	53.116	0	1
G2018002774	5.023	0	0
G2018002779	9.419	0	0
G2018002781	32.472	0	1
G2018002782	26.128	0	0
G2018002790	22.318	0	0
G2018002796	41.16	0	0
G2018002800	29.334	0	0
G2018002809	64.706	0	1
G2018002819	40.013	0	1
G2018002832	22.924	0	1
G2018002841	46.288	0	0
G2018002851	41.584	0	0
G2018002853	34.011	0	0
G2018002856	56.15	0	0
G2018002863	45.82	0	0
G2018002868	52.275	0	0
G2018002870	13.406	0	1
G2018002887	6.938	0	0
G2018002891	7.021	0	0
G2018002896	18.385	0	0
G2018002901	62.054	0	0
G2018002904	10.959	0	0
G2018002910	5.926	0	1
G2018002912	39.229	0	0
G2018002913	28.122	0	0
G2018002919	25.712	0	0
G2018002920	21.096	0	1
G2018002921	16.069	0	0
G2018002938	23.809	0	0
G2018002944	15.234	0	0
G2018002945	16.782	0	0
G2018002951	32.727	0	1
G2018002954	46.143	0	0
G2018002955	19.666	0	1
G2018002956	25.395	0	0
G2018002960	34.268	0	0
G2018002964	36.186	0	0
G2018002965	9.744	0	0
G2018002970	28.448	0	0
G2018002971	39.922	0	1
G2018002973	2.699	0	0
G2018002976	66.979	0	0
G2018002986	16.445	0	0
G2018002987	0.1	0	0
G2018002988	21.349	0	0
G2018002990	25.649	0	1
G2018002997	24.567	0	0
G2018003005	45.029	0	0
G2018003006	34.663	0	1
G2018003007	21.787	0	0
G2018003010	23.506	0	1
G2018003015	16.394	0	0
G2018003022	44.425	0	0
G2018003034	27.647	0	0
G2018003036	27.593	0	0
G2018003039	22.924	0	1
G2018003042	48.774	0	0
G2018003045	50.045	0	1
G2018003048	50.648	0	0
G2018003049	14.922	0	1
G2018003056	35.999	0	0
G2018003057	17.009	0	0
G2018003060	47.288	0	0
G2018003061	13.106	0	0
G2018003071	38.018	0	1
G2018003078	77.75	1	1
G2018003081	41.855	0	0
G2018003083	43.723	0	0
G2018003087	58.397	0	0
G2018003090	59.234	0	1
G2018003091	33.638	0	0
G2018003092	14.821	0	0
G2018003096	20.152	0	0
G2018003102	0.55	0	1
G2018003103	35.151	0	0
G2018003107	55.075	0	1
G2018003108	36.084	0	0
G2018003110	47.096	0	0
G2018003113	8.588	0	1
G2018003118	20.911	0	1
G2018003126	27.473	0	0
G2018003127	52.492	0	0
G2018003131	4.425	0	0
G2018003133	15.567	0	1
G2018003145	37.677	0	0
G2018003148	54.592	0	1
G2018003151	22.695	0	1
G2018003157	56.625	0	0
G2018003162	17.915	0	0
G2018003169	14.942	0	1
G2018003171	48.637	0	0
G2018003178	28.094	0	0
G2018003196	22.157	0	0
G2018003198	34.34	0	0
G2018003210	25.265	0	0
G2018003211	21.722	0	0
G2018003213	20.459	0	0
G2018003217	41.453	0	0
G2018003226	3.375	0	0
G2018003231	59.591	0	1
G2018003234	41.633	0	1
G2018003242	10.21	0	1
G2018003247	26.582	0	0
G2018003248	38.376	0	0
G2018003251	38.295	0	0
G2018003258	8.81	0	1
G2018003263	45.72	0	0
G2018003264	52.779	0	0
G2018003275	13.221	0	0
G2018003280	38.164	0	0
G2018003281	42.774	0	0
G2018003282	28.224	0	1
G2018003283	5.622	0	0
G2018003291	22.353	0	1
G2018003292	21.507	0	1
G2018003294	33.623	0	0
G2018003297	40.023	0	0
G2018003300	25.692	0	1
G2018003304	21.756	0	1
G2018003311	5.571	0	1
G2018003313	17.582	0	0
G2018003322	33.974	0	0
G2018003327	33.253	0	0
G2018003329	40.527	0	1
G2018003331	16.18	0	1
G2018003332	22.106	0	0
G2018003336	62.196	0	1
G2018003337	37.554	0	0
G2018003341	8.399	0	0
G2018003350	5.787	0	0
G2018003351	40.807	0	0
G2018003352	11.293	0	0
G2018003353	42.425	0	0
G2018003379	20.567	0	0
G2018003380	60.321	0	1
G2018003389	7.37	0	0
G2018003391	34.043	0	0
G2018003392	14.837	0	0
G2018003393	45.425	0	1
G2018003396	44.712	0	1
G2018003397	24.415	0	0
G2018003400	46.395	0	0
G2018003402	19.162	0	0
G2018003409	34.005	0	0
G2018003410	46.675	0	1
G2018003418	34.255	0	0
G2018003420	32.109	0	0
G2018003423	46.936	0	0
G2018003426	35.974	0	1
G2018003428	19.552	0	1
G2018003445	28.451	0	0
G2018003454	35.409	0	0
G2018003457	47.555	0	0
G2018003460	19.001	0	0
G2018003461	16.578	0	0
G2018003466	12.362	0	1
G2018003468	26.202	0	1
G2018003469	40.865	0	0
G2018003475	47.072	0	0
G2018003476	54.723	0	0
G2018003477	13.075	0	0
G2018003481	17.587	0	0
G2018003485	40.663	0	0
G2018003488	40.328	0	0
G2018003496	22.4	0	1
G2018003497	19.917	0	0
G2018003500	20.694	0	1
G2018003507	8.218	0	0
G2018003508	31.446	0	0
G2018003514	46.457	0	1
G2018003525	13.403	0	0
G2018003532	22.536	0	1
G2018003547	34.803	0	0
G2018003548	20.554	0	0
G2018003553	21.885	0	0
G2018003555	11.045	0	0
G2018003564	28.314	0	0
G2018003565	15.136	0	0
G2018003567	52.465	0	1
G2018003572	14.086	0	0
G2018003578	13.234	0	0
G2018003590	58.155	0	0
G2018003595	0.1	0	0
G2018003597	37.118	0	0
G2018003601	36.072	0	1
G2018003609	16.842	0	0
G2018003611	5.526	0	0
G2018003612	46.975	0	0
G2018003613	57.413	0	1
G2018003628	26.854	0	0
G2018003630	6.761	0	0
G2018003631	44.87	0	0
G2018003637	8.177	0	0
G2018003647	47.671	0	1
G2018003650	40.392	0	0
G2018003659	15.335	0	1
G2018003662	57.389	0	1
G2018003670	44.285	0	1
G2018003671	38.28	0	0
G2018003675	27.505	0	0
G2018003682	31.302	0	0
G2018003686	22.463	0	0
G2018003691	59.967	0	0
G2018003702	12.445	0	0
G2018003703	39.947	0	0
G2018003704	29.857	0	0
G2018003706	30.394	0	0
G2018003708	29.348	0	0
G2018003717	8.909	0	0
G2018003718	55.495	0	1
G2018003720	12.888	0	0
G2018003723	37.302	0	1
G2018003727	36.345	0	0
G2018003735	27.203	0	0
G2018003744	35.789	0	0
G2018003746	10.841	0	1
G2018003761	21.846	0	0
G2018003776	29.075	0	0
G2018003780	13.538	0	0
G2018003782	9.709	0	0
G2018003785	40.351	0	0
G2018003786	17.644	0	0
G2018003787	31.682	0	0
G2018003792	60.373	0	0
G2018003800	9.071	0	0
G2018003802	8.017	0	0
G2018003817	33.844	0	0
G2018003819	38.541	0	0
G2018003823	69.379	0	0
G2018003824	18.538	0	0
G2018003825	9.799	0	0
G2018003843	14.592	0	0
G2018003853	37.936	0	1
G2018003854	35.109	0	0
G2018003859	27.032	0	0
G2018003869	49.576	0	0
G2018003881	19.914	0	0
G2018003885	41.139	0	0
G2018003889	15.635	0	0
G2018003890	39.701	0	0
G2018003895	15.815	0	1
G2018003896	15.443	0	0
G2018003908	22.085	0	0
G2018003909	10.621	0	0
G2018003910	17.129	0	0
G2018003914	21.257	0	0
G2018003921	0.28	0	1
G2018003922	12.904	0	0
G2018003926	10.529	0	0
G2018003947	5.72	0	0
G2018003953	19.208	0	0
G2018003956	14.903	0	0
G2018003957	33.753	0	1
G2018003965	43.078	0	1
G2018003968	25.363	0	0
G2018003969	13.834	0	0
G2018003970	6.922	0	0
G2018003973	44.377	0	0
G2018003976	5.104	0	0
G2018003980	14.315	0	0
G2018003983	54.703	0	0
G2018003985	7.633	0	1
G2018003986	44.184	0	0
G2018003990	20.364	0	1
G2018003991	41.993	0	1
G2018003995	25.086	0	1
G2018004000	41.77	0	1
G2018004003	23.632	0	1
G2018004004	20.286	0	1
G2018004009	6.166	0	0
G2018004012	12.223	0	0
G2018004019	9.136	0	0
G2018004022	9.378	0	1
G2018004029	10.445	0	1
G2018004032	14.043	0	0
G2018004034	50.93	0	1
G2018004037	20.911	0	0
G2018004043	13.174	0	1
G2018004053	20.364	0	1
G2018004054	33.588	0	1
G2018004061	11.861	0	1
G2018004065	19.188	0	0
G2018004067	39.721	0	0
G2018004068	17.406	0	1
G2018004069	32.167	0	0
G2018004075	26.015	0	0
G2018004085	46.869	0	0
G2018004090	67.278	0	0
G2018004092	8.187	0	0
G2018004100	47.1	0	0
G2018004101	16.261	0	0
G2018004110	25.857	0	0
G2018004113	21.286	0	0
G2018004114	27.533	0	0
G2018004118	65.546	0	0
G2018004120	17.903	0	0
G2018004121	15.684	0	0
G2018004127	16.587	0	0
G2018004129	45.817	0	1
G2018004134	27.354	0	0
G2018004138	22.396	0	0
G2018004141	9.784	0	0
G2018004143	16.559	0	0
G2018004145	6.87	0	0
G2018004147	28.121	0	1
G2018004150	25.468	0	0
G2018004151	24.903	0	0
G2018004155	42.393	0	0
G2018004161	50.782	0	0
G2018004163	2.652	0	1
G2018004166	54.652	0	1
G2018004169	38.355	0	0
G2018004173	8.959	0	0
G2018004179	37.06	0	0
G2018004182	9.111	0	1
G2018004189	28.819	0	0
G2018004194	15.971	0	1
G2018004200	29.817	0	0
G2018004202	34.528	0	0
G2018004203	54.748	0	0
G2018004206	16.333	0	0
G2018004207	45.553	0	0
G2018004217	37.604	0	1
G2018004226	44.164	0	1
G2018004233	57.146	0	0
G2018004234	7.258	0	0
G2018004239	66.989	0	0
G2018004240	6.038	0	0
G2018004241	9.404	0	0
G2018004251	7.6	0	0
G2018004254	19.776	0	0
G2018004271	9.71	0	0
G2018004280	49.682	0	1
G2018004284	33.019	0	0
G2018004285	21.085	0	0
G2018004287	49.273	0	0
G2018004293	30.31	0	0
G2018004295	23.766	0	0
G2018004297	3.352	0	0
G2018004305	27.235	0	0
G2018004306	51.651	0	0
G2018004309	32.663	0	0
G2018004313	7.703	0	0
G2018004320	14.067	0	0
G2018004321	37.155	0	0
G2018004324	50.411	0	0
G2018004336	30.398	0	0
G2018004337	19.485	0	0
G2018004341	46.863	0	0
G2018004344	2.858	0	1
G2018004345	33.696	0	0
G2018004346	58.813	0	0
G2018004350	47.556	0	0
G2018004355	18.03	0	0
G2018004356	52.393	0	0
G2018004360	11.977	0	0
G2018004362	33.597	0	0
G2018004368	48.203	0	0
G2018004372	49.57	0	0
G2018004387	19.435	0	0
G2018004408	30.492	0	0
G2018004417	59.159	0	0
G2018004429	52.438	0	0
G2018004437	8.559	0	1
G2018004453	21.614	0	0
G2018004456	33.061	0	0
G2018004459	56.28	0	0
G2018004468	18.938	0	0
G2018004473	27.317	0	0
G2018004487	35.347	0	0
G2018004491	8.436	0	0
G2018004494	56.829	0	0
G2018004495	23.031	0	0
G2018004502	45.163	0	0
G2018004505	50.104	0	0
G2018004506	16.57	0	0
G2018004510	18.113	0	0
G2018004519	24.844	0	0
G2018004525	19.903	0	0
G2018004528	34.798	0	0
G2018004532	39.15	0	0
G2018004537	21.566	0	0
G2018004542	44.601	0	0
G2018004543	23.235	0	1
G2018004544	61.49	0	0
G2018004546	53.129	0	0
G2018004548	25.191	0	0
G2018004553	8.89	0	1
G2018004555	14.689	0	0
G2018004566	15.857	0	0
G2018004571	73.072	0	0
G2018004574	55.143	0	0
G2018004577	59.961	0	0
G2018004583	40.393	0	0
G2018004584	25.938	0	0
G2018004589	31.733	0	0
G2018004592	47.833	0	1
G2018004594	42.542	0	0
G2018004595	16.932	0	0
G2018004603	10.255	0	1
G2018004606	27.138	0	0
G2018004609	47.107	0	0
G2018004610	12.902	0	1
G2018004611	21.548	0	0
G2018004617	49.641	0	0
G2018004625	12.019	0	0
G2018004627	9.615	0	0
G2018004635	14.043	0	0
G2018004636	5.545	0	1
G2018004641	28.504	0	1
G2018004644	33.541	0	0
G2018004647	23.939	0	0
G2018004651	10.728	0	0
G2018004653	52.575	0	1
G2018004656	17.501	0	0
G2018004657	6.587	0	0
G2018004668	48.388	0	1
G2018004673	30.711	0	1
G2018004680	67.839	0	0
G2018004685	21.422	0	1
G2018004688	34.695	0	0
G2018004689	15.134	0	0
G2018004693	34.25	0	0
G2018004696	9.086	0	1
G2018004698	45.46	0	0
G2018004701	37.512	0	0
G2018004702	18.486	0	0
G2018004705	24.38	0	0
G2018004712	30.747	0	0
G2018004717	29.454	0	1
G2018004733	34.783	0	0
G2018004739	40.926	0	0
G2018004748	33.692	0	0
G2018004752	17.326	0	0
G2018004753	20.431	0	0
G2018004760	19.359	0	0
G2018004763	8.686	0	0
G2018004772	62.219	0	1
G2018004777	9.468	0	0
G2018004779	25.092	0	0
G2018004780	47.095	0	0
G2018004784	32.358	0	0
G2018004786	11.003	0	0
G2018004796	33.146	0	0
G2018004797	23.369	0	0
G2018004802	22.243	0	0
G2018004808	10.551	0	0
G2018004809	33.615	0	0
G2018004819	59.512	0	1
G2018004824	37.882	0	0
G2018004828	23.783	0	0
G2018004840	22.296	0	0
G2018004843	41.893	0	0
G2018004849	19.022	0	0
G2018004850	35.155	0	0
G2018004851	63.464	0	0
G2018004856	24.966	0	0
G2018004861	13.176	0	0
G2018004862	40.714	0	0
G2018004864	3.656	0	1
G2018004869	16.709	0	0
G2018004877	9.671	0	0
G2018004879	38.441	0	0
G2018004881	19.071	0	0
G2018004885	23.871	0	0
G2018004888	33.975	0	0
G2018004891	18.73	0	0
G2018004893	41.836	0	0
G2018004894	44.461	0	1
G2018004901	46.825	0	0
G2018004902	35.114	0	1
G2018004903	16.74	0	1
G2018004919	82.587	1	1
G2018004921	9.639	0	0
G2018004927	31.74	0	1
G2018004937	14.496	0	0
G2018004940	26.144	0	0
G2018004946	70.378	0	0
G2018004947	8.242	0	0
G2018004949	62.952	0	1
G2018004955	49.167	0	1
G2018004956	48.784	0	1
G2018004969	14.997	0	1
G2018004974	74.527	0	0
G2018004980	20.507	0	0
G2018004982	36.221	0	0
G2018004983	71.338	0	0
G2018004988	28.775	0	1
G2018004989	11.386	0	0
G2018004990	21.048	0	0
G2018004993	21.579	0	0
G2018004994	10.844	0	0
G2018004995	42.277	0	1
G2018005004	26.864	0	0
G2018005006	7.529	0	0
G2018005010	41.948	0	0
G2018005011	25.564	0	0
G2018005024	10.87	0	1
G2018005027	39.188	0	0
G2018005030	9.156	0	0
G2018005031	26.702	0	0
G2018005036	21.879	0	0
G2018005049	13.813	0	0
G2018005051	7.952	0	0
G2018005054	1.886	0	1
G2018005060	34.942	0	0
G2018005064	17.351	0	0
G2018005068	34.763	0	0
G2018005071	21.072	0	1
G2018005083	47.793	0	0
G2018005086	23.933	0	1
G2018005087	8.197	0	0
G2018005092	61.515	0	0
G2018005093	37.839	0	0
G2018005096	28.15	0	0
G2018005101	16.497	0	0
G2018005102	13.346	0	0
G2018005104	8.9	0	0
G2018005106	14.677	0	0
G2018005111	2.556	0	0
G2018005118	30.414	0	1
G2018005141	11.109	0	0
G2018005148	17.417	0	1
G2018005150	41.018	0	0
G2018005151	5.816	0	0
G2018005153	12.369	0	0
G2018005155	9.369	0	0
G2018005158	24.774	0	0
G2018005159	28.055	0	1
G2018005174	6.825	0	1
G2018005175	40.823	0	0
G2018005191	16.031	0	1
G2018005192	54.151	0	0
G2018005193	56.822	0	0
G2018005194	21.221	0	0
G2018005197	17.112	0	1
G2018005203	11.828	0	0
G2018005206	27.667	0	0
G2018005216	9.371	0	0
G2018005230	16.405	0	1
G2018005233	38.658	0	1
G2018005241	30.364	0	0
G2018005246	65.729	0	0
G2018005247	12.991	0	1
G2018005250	14.621	0	0
G2018005251	45.241	0	0
G2018005254	16.235	0	0
G2018005255	27.895	0	1
G2018005256	4.413	0	0
G2018005262	28.586	0	0
G2018005264	33.237	0	0
G2018005266	23.804	0	0
G2018005271	53.097	0	0
G2018005273	12.239	0	0
G2018005274	15.147	0	0
G2018005277	28.293	0	1
G2018005287	17.677	0	0
G2018005290	28.49	0	1
G2018005298	12.056	0	1
G2018005301	22.651	0	0
G2018005306	33.471	0	0
G2018005313	38.101	0	0
G2018005315	30.45	0	0
G2018005320	13.222	0	0
G2018005327	17.885	0	1
G2018005333	14.363	0	0
G2018005339	0.1	0	0
G2018005343	31.103	0	0
G2018005345	27.959	0	0
G2018005350	44.373	0	0
G2018005351	50.37	0	0
G2018005358	45.98	0	0
G2018005359	40.606	0	1
G2018005370	40.301	0	1
G2018005372	37.558	0	1
G2018005373	23.988	0	1
G2018005375	43.765	0	0
G2018005377	9.507	0	0
G2018005380	42.943	0	1
G2018005389	30.313	0	0
G2018005391	13.604	0	0
G2018005402	17.157	0	0
G2018005404	14.923	0	0
G2018005405	17.241	0	0
G2018005413	27.853	0	0
G2018005417	34.407	0	1
G2018005420	8.829	0	1
G2018005425	40.269	0	0
G2018005436	24.148	0	0
G2018005439	13.016	0	1
G2018005440	45.491	0	0
G2018005450	38.94	0	0
G2018005460	1.868	0	0
G2018005461	14.588	0	0
G2018005466	30.386	0	1
G2018005474	22.545	0	0
G2018005475	18.945	0	0
G2018005482	63.179	0	0
G2018005483	40.852	0	0
G2018005484	32.774	0	1
G2018005486	24.174	0	1
G2018005494	37.247	0	0
G2018005510	13.046	0	0
G2018005512	57.595	0	0
G2018005520	14.659	0	0
G2018005521	7.069	0	1
G2018005528	74.18	0	0
G2018005541	31.532	0	0
G2018005544	30.631	0	1
G2018005549	54.184	0	0
G2018005550	12.983	0	0
G2018005554	30.33	0	0
G2018005557	61.41	0	1
G2018005560	57.489	0	0
G2018005564	22.744	0	0
G2018005565	21.527	0	0
G2018005571	47.418	0	0
G2018005579	20.56	0	0
G2018005583	15.46	0	0
G2018005586	24.994	0	0
G2018005593	3.564	0	0
G2018005599	17.583	0	0
G2018005606	32.423	0	1
G2018005610	36.103	0	1
G2018005613	37.286	0	0
G2018005621	77.244	1	0
G2018005627	7.66	0	0
G2018005630	10.771	0	0
G2018005632	48.84	0	0
G2018005633	18.566	0	0
G2018005636	61.458	0	0
G2018005637	65.46	0	0
G2018005640	53.889	0	0
G2018005641	41.087	0	0
G2018005650	20.991	0	0
G2018005651	50.051	0	0
G2018005658	17.712	0	1
G2018005677	30.595	0	0
G2018005682	9.439	0	0
G2018005685	27.422	0	0
G2018005688	26.854	0	0
G2018005690	4.189	0	0
G2018005701	29.169	0	0
G2018005705	21.698	0	1
G2018005708	0.1	0	1
G2018005711	22.171	0	0
G2018005712	44.093	0	0
G2018005714	61.217	0	1
G2018005715	56.156	0	1
G2018005730	16.419	0	0
G2018005735	31.4	0	0
G2018005737	31.174	0	0
G2018005745	31.601	0	0
G2018005746	22.226	0	1
G2018005756	34.797	0	0
G2018005757	22.237	0	1
G2018005760	28.65	0	0
G2018005765	30.184	0	0
G2018005768	37.693	0	1
G2018005772	28.075	0	1
G2018005773	42.505	0	0
G2018005783	13.749	0	0
G2018005791	13.446	0	1
G2018005794	47.373	0	0
G2018005801	12.799	0	0
G2018005805	41.421	0	0
G2018005827	31.772	0	0
G2018005828	13.318	0	1
G2018005832	40.955	0	0
G2018005835	20.982	0	1
G2018005843	26.628	0	0
G2018005852	33.384	0	0
G2018005861	12.872	0	0
G2018005869	32.015	0	0
G2018005885	14.811	0	0
G2018005887	74.53	0	0
G2018005891	31.67	0	0
G2018005895	3.558	0	0
G2018005898	30.683	0	0
G2018005903	72.847	0	0
G2018005912	16.082	0	0
G2018005914	11.94	0	0
G2018005917	59.167	0	0
G2018005925	9.166	0	1
G2018005929	12.768	0	0
G2018005935	14.21	0	0
G2018005942	29.944	0	0
G2018005945	19.505	0	1
G2018005949	57.616	0	1
G2018005952	19.63	0	0
G2018005955	34.182	0	1
G2018005960	41.894	0	1
G2018005964	27.39	0	0
G2018005968	20.837	0	0
G2018005971	37.072	0	0
G2018005972	23.584	0	0
G2018005973	8.443	0	1
G2018005983	39.149	0	0
G2018005984	74.136	0	0
G2018005987	50.944	0	0
G2018005990	24.333	0	0
G2018006007	27.256	0	0
G2018006010	45.461	0	1
G2018006011	7.121	0	0
G2018006022	14.557	0	0
G2018006025	36.537	0	0
G2018006027	56.107	0	0
G2018006028	20.783	0	1
G2018006031	54.831	0	0
G2018006038	30.488	0	0
G2018006040	47.246	0	0
G2018006043	65.481	0	0
G2018006048	18.334	0	1
G2018006058	43.239	0	0
G2018006059	21.239	0	0
G2018006064	70.11	0	1
G2018006072	21.167	0	0
G2018006073	46.268	0	0
G2018006074	23.107	0	0
G2018006078	25.685	0	0
G2018006081	15.675	0	0
G2018006082	43.797	0	0
G2018006088	41.308	0	0
G2018006093	35.462	0	0
G2018006104	54.444	0	0
G2018006105	7.595	0	0
G2018006107	30.631	0	0
G2018006108	34.492	0	0
G2018006113	32.619	0	0
G2018006117	46.771	0	0
G2018006129	44.223	0	0
G2018006140	8.203	0	0
G2018006144	33.836	0	0
G2018006153	8.513	0	0
G2018006154	5.824	0	0
G2018006159	10.378	0	0
G2018006168	41.438	0	0
G2018006178	10.138	0	0
G2018006183	26.302	0	0
G2018006185	19.576	0	1
G2018006186	24.659	0	0
G2018006193	33.18	0	0
G2018006195	36.369	0	0
G2018006196	33.075	0	0
G2018006198	40.533	0	1
G2018006200	19.141	0	0
G2018006202	30.705	0	0
G2018006211	26.705	0	0
G2018006213	47.725	0	0
G2018006217	34.148	0	0
G2018006218	34.873	0	1
G2018006221	16.862	0	0
G2018006224	17.759	0	1
G2018006233	18.602	0	0
G2018006246	48.305	0	0
G2018006252	28.388	0	0
G2018006256	21.302	0	0
G2018006257	32.021	0	0
G2018006261	62.845	0	0
G2018006262	23.438	0	0
G2018006265	15.15	0	1
G2018006266	6.785	0	0
G2018006267	43.293	0	0
G2018006272	16.623	0	0
G2018006275	18.855	0	0
G2018006276	16.106	0	0
G2018006280	12.672	0	1
G2018006292	8.371	0	0
G2018006296	57.128	0	0
G2018006309	40.713	0	1
G2018006317	69.477	0	0
G2018006322	59.433	0	0
G2018006325	48.13	0	0
G2018006326	23.542	0	0
G2018006329	38.716	0	0
G2018006331	50.491	0	0
G2018006332	35.998	0	0
G2018006338	49.675	0	1
G2018006343	24.871	0	0
G2018006344	6.301	0	0
G2018006346	38.053	0	0
G2018006349	44.926	0	0
G2018006350	13.605	0	1
G2018006353	66.657	0	0
G2018006354	17.777	0	0
G2018006359	8.255	0	1
G2018006364	28.299	0	1
G2018006367	34.529	0	0
G2018006368	14.423	0	0
G2018006376	42.841	0	0
G2018006384	14.029	0	0
G2018006386	51.45	0	0
G2018006391	35.543	0	0
G2018006397	29.994	0	0
G2018006400	3.294	0	0
G2018006404	21.4	0	0
G2018006405	6.395	0	0
G2018006410	14.37	0	0
G2018006411	24.055	0	1
G2018006420	10.354	0	0
G2018006423	22.347	0	0
G2018006432	18.922	0	0
G2018006437	45.927	0	1
G2018006454	8.585	0	0
G2018006466	21.587	0	0
G2018006469	65.976	0	1
G2018006473	3.487	0	0
G2018006477	16.796	0	0
G2018006482	8.092	0	1
G2018006486	14.962	0	0
G2018006490	66.292	0	1
G2018006496	7.461	0	1
G2018006497	25.268	0	0
G2018006499	59.01	0	1
G2018006502	47.04	0	0
G2018006509	40.155	0	0
G2018006526	24.639	0	0
G2018006534	35.642	0	0
G2018006536	2.799	0	1
G2018006550	21.412	0	0
G2018006552	57.785	0	0
G2018006554	13.226	0	0
G2018006560	63.142	0	0
G2018006561	7.84	0	0
G2018006562	42.281	0	0
G2018006566	37.407	0	0
G2018006568	1.68	0	0
G2018006569	26.124	0	0
G2018006573	45.863	0	0
G2018006578	41.136	0	0
G2018006581	29.774	0	1
G2018006589	10.082	0	0
G2018006594	39.873	0	0
G2018006600	16.753	0	0
G2018006602	34.471	0	0
G2018006610	47.088	0	0
G2018006614	64.551	0	0
G2018006615	43.188	0	1
G2018006621	23.084	0	0
G2018006627	12.318	0	1
G2018006629	45.75	0	0
G2018006634	35.578	0	0
G2018006636	29.32	0	0
G2018006641	52.691	0	1
G2018006645	23.3	0	0
G2018006656	2.708	0	1
G2018006661	37.23	0	0
G2018006664	10.197	0	0
G2018006668	47.115	0	0
G2018006671	14.333	0	0
G2018006672	18.501	0	1
G2018006687	45.369	0	0
G2018006689	38.466	0	1
G2018006690	9.563	0	0
G2018006691	23.507	0	1
G2018006695	37.798	0	0
G2018006701	26.149	0	0
G2018006704	17.413	0	0
G2018006707	32.858	0	0
G2018006711	26.781	0	0
G2018006713	53.036	0	0
G2018006714	23.365	0	1
G2018006717	12.868	0	0
G2018006723	42.168	0	0
G2018006727	13.901	0	0
G2018006728	15.153	0	0
G2018006729	47.628	0	0
G2018006735	22.837	0	0
G2018006736	4.934	0	1
G2018006743	18.658	0	0
G2018006754	15.035	0	0
G2018006756	3.639	0	0
G2018006760	36.264	0	0
G2018006768	33.754	0	0
G2018006769	59.03	0	0
G2018006775	10.192	0	0
G2018006786	40.893	0	1
G2018006789	35.19	0	0
G2018006791	18.43	0	0
G2018006807	33.319	0	1
G2018006812	26.685	0	0
G2018006814	19.248	0	0
G2018006833	2.21	0	0
G2018006836	23.316	0	0
G2018006837	28.343	0	0
G2018006838	49.609	0	0
G2018006844	38.391	0	0
G2018006852	21.735	0	0
G2018006853	16.034	0	0
G2018006856	63.368	0	0
G2018006869	29.295	0	0
G2018006870	25.386	0	1
G2018006873	16.293	0	0
G2018006885	10.241	0	0
G2018006886	17.311	0	0
G2018006891	23.617	0	1
G2018006893	60.341	0	0
G2018006903	12.286	0	1
G2018006905	53.288	0	0
G2018006915	27.591	0	0
G2018006925	23.382	0	0
G2018006929	1.903	0	0
G2018006934	20.443	0	0
G2018006935	30.861	0	0
G2018006939	12.109	0	1
G2018006945	14.192	0	0
G2018006947	23.225	0	0
G2018006951	38.555	0	1
G2018006954	13.288	0	0
G2018006969	20.354	0	1
G2018006973	21.886	0	0
G2018006976	25.336	0	0
G2018006984	10.652	0	0
G2018006994	28.087	0	0
G2018006997	60.144	0	0
G2018007008	30.428	0	0
G2018007018	42.386	0	0
G2018007026	20.169	0	0
G2018007027	34.414	0	0
G2018007031	5.632	0	0
G2018007035	10.919	0	0
G2018007039	29.197	0	1
G2018007042	12.565	0	1
G2018007045	22.79	0	0
G2018007052	33.45	0	0
G2018007061	37.663	0	0
G2018007079	21.425	0	0
G2018007081	20.968	0	0
G2018007091	25.526	0	1
G2018007092	56.894	0	0
G2018007093	22.451	0	1
G2018007097	10.258	0	1
G2018007109	21.251	0	0
G2018007112	19.81	0	0
G2018007113	26.619	0	0
G2018007114	19.106	0	1
G2018007124	15.476	0	0
G2018007132	23.053	0	0
G2018007134	11.866	0	0
G2018007135	46.143	0	1
G2018007144	51.772	0	0
G2018007151	1.17	0	0
G2018007157	34.445	0	0
G2018007168	11.241	0	0
G2018007174	30.096	0	0
G2018007175	29.256	0	0
G2018007178	35.875	0	0
G2018007190	6.933	0	0
G2018007191	7.07	0	0
G2018007197	34.19	0	1
G2018007204	41.859	0	1
G2018007205	45.646	0	0
G2018007212	37.616	0	0
G2018007215	27.256	0	0
G2018007216	21.302	0	0
G2018007224	32.151	0	0
G2018007238	51.896	0	0
G2018007240	27.138	0	0
G2018007247	29.108	0	0
G2018007254	16.32	0	0
G2018007258	8.424	0	0
G2018007263	5.019	0	1
G2018007265	37.91	0	0
G2018007269	9.438	0	0
G2018007271	37.503	0	1
G2018007274	36.957	0	0
G2018007278	30.698	0	0
G2018007282	14.244	0	1
G2018007285	50.565	0	0
G2018007291	52.24	0	0
G2018007300	28.34	0	0
G2018007303	8.848	0	0
G2018007306	9.173	0	0
G2018007324	51.067	0	0
G2018007331	25.472	0	0
G2018007333	6.021	0	0
G2018007344	19.819	0	1
G2018007350	9.615	0	0
G2018007351	26.39	0	1
G2018007356	18.256	0	0
G2018007369	33.218	0	0
G2018007392	23.718	0	1
G2018007396	16.338	0	1
G2018007399	20.194	0	1
G2018007400	49.462	0	0
G2018007403	8.274	0	0
G2018007405	3.311	0	0
G2018007415	29.956	0	0
G2018007418	26.695	0	0
G2018007420	32.415	0	0
G2018007430	19.369	0	0
G2018007432	11.095	0	0
G2018007434	32.086	0	0
G2018007436	44.665	0	0
G2018007441	25.777	0	1
G2018007443	21.764	0	0
G2018007457	14.45	0	0
G2018007462	8.527	0	0
G2018007464	26.906	0	0
G2018007470	20.802	0	0
G2018007481	26.259	0	0
G2018007485	5.808	0	0
G2018007492	20.982	0	0
G2018007494	20.072	0	0
G2018007497	47.939	0	0
G2018007498	29.725	0	0
G2018007501	61.112	0	0
G2018007502	25.869	0	0
G2018007509	21.913	0	0
G2018007510	31.2	0	0
G2018007512	50.399	0	0
G2018007515	11.036	0	0
G2018007525	17.653	0	1
G2018007534	41.155	0	0
G2018007542	35.46	0	1
G2018007550	16.133	0	0
G2018007563	14.129	0	0
G2018007565	15.106	0	0
G2018007567	55.784	0	0
G2018007598	23.323	0	0
G2018007601	4.599	0	0
G2018007604	50.105	0	1
G2018007606	11.758	0	0
G2018007613	7.117	0	0
G2018007614	10.843	0	0
G2018007616	30.144	0	1
G2018007618	18.465	0	0
G2018007634	13.73	0	1
G2018007638	39.306	0	0
G2018007644	47.112	0	0
G2018007645	33.479	0	0
G2018007647	51.632	0	0
G2018007648	13.946	0	0
G2018007657	21.78	0	0
G2018007663	19.756	0	0
G2018007664	17.727	0	0
G2018007669	13.661	0	1
G2018007675	22.393	0	0
G2018007679	8.619	0	0
G2018007684	47.189	0	1
G2018007685	46.349	0	0
G2018007699	15.707	0	0
G2018007702	10.622	0	0
G2018007704	44.486	0	1
G2018007712	55.963	0	1
G2018007713	13.218	0	1
G2018007725	9.065	0	0
G2018007726	14.848	0	1
G2018007732	66.155	0	0
G2018007733	24.276	0	1
G2018007735	42.023	0	1
G2018007740	73.501	0	1
G2018007741	20.967	0	0
G2018007745	27.465	0	0
G2018007751	17.65	0	0
G2018007752	27.589	0	0
G2018007761	20.467	0	0
G2018007762	18.972	0	1
G2018007764	36.601	0	0
G2018007768	11.766	0	1
G2018007779	51.633	0	0
G2018007780	33.164	0	0
G2018007781	59.147	0	1
G2018007782	30.371	0	0
G2018007786	38.37	0	0
G2018007793	23.23	0	1
G2018007799	0.1	0	1
G2018007810	35.251	0	0
G2018007811	19.291	0	1
G2018007816	36.745	0	1
G2018007822	34.114	0	0
G2018007827	15.974	0	0
G2018007830	36.923	0	0
G2018007834	21.29	0	0
G2018007837	8.172	0	0
G2018007843	17.498	0	0
G2018007845	23.78	0	0
G2018007847	37.43	0	0
G2018007849	66.078	0	0
G2018007850	10.242	0	0
G2018007862	4.267	0	1
G2018007866	43.41	0	1
G2018007870	63.069	0	0
G2018007871	63.412	0	0
G2018007872	58.375	0	1
G2018007873	10.74	0	0
G2018007879	19.441	0	0
G2018007883	9.105	0	0
G2018007887	2.017	0	0
G2018007896	31.586	0	0
G2018007899	56.364	0	0
G2018007902	4.904	0	1
G2018007905	57.295	0	0
G2018007910	50.018	0	0
G2018007918	59.917	0	0
G2018007926	68.885	0	1
G2018007927	26.856	0	0
G2018007933	20.694	0	0
G2018007937	10.201	0	1
G2018007947	56.07	0	1
G2018007949	11.687	0	0
G2018007954	55.426	0	0
G2018007966	5.028	0	0
G2018007976	45.188	0	0
G2018007978	30.546	0	0
G2018007981	20.524	0	0
G2018007983	19.99	0	1
G2018007986	22.651	0	0
G2018007987	20.397	0	0
G2018007988	42.453	0	0
G2018007992	49.093	0	0
G2018008002	3.929	0	0
G2018008007	48.542	0	0
G2018008021	25.276	0	0
G2018008028	26.24	0	0
G2018008033	20.372	0	1
G2018008064	1.95	0	0
G2018008065	25.125	0	0
G2018008068	37.451	0	0
G2018008072	62.284	0	0
G2018008077	32.879	0	0
G2018008079	38.717	0	0
G2018008086	45.571	0	0
G2018008090	39.221	0	0
G2018008093	30.269	0	0
G2018008101	15.939	0	0
G2018008104	20.626	0	0
G2018008113	11.364	0	0
G2018008115	20.866	0	1
G2018008121	16.017	0	0
G2018008122	41.583	0	0
G2018008125	7.752	0	0
G2018008128	52.906	0	0
G2018008133	15.144	0	0
G2018008141	7.475	0	0
G2018008142	16.813	0	0
G2018008144	59.318	0	1
G2018008148	32.448	0	0
G2018008151	34.195	0	0
G2018008167	4.642	0	1
G2018008176	9.365	0	0
G2018008179	0.1	0	0
G2018008188	50.652	0	0
G2018008194	49.19	0	0
G2018008197	35.357	0	0
G2018008199	45.672	0	0
G2018008200	27.967	0	1
G2018008202	49.286	0	0
G2018008203	31.046	0	0
G2018008205	16.096	0	0
G2018008209	10.742	0	0
G2018008217	37.229	0	0
G2018008218	37.312	0	0
G2018008228	37.262	0	0
G2018008229	33.921	0	1
G2018008230	3.568	0	0
G2018008232	34.618	0	0
G2018008236	63.178	0	0
G2018008239	17.947	0	0
G2018008246	35.23	0	0
G2018008249	14.43	0	0
G2018008252	19.871	0	0
G2018008254	13.117	0	0
G2018008255	34.643	0	0
G2018008263	40.825	0	0
G2018008265	52.646	0	0
G2018008268	31.385	0	0
G2018008269	9.2	0	0
G2018008270	60.812	0	0
G2018008273	25.303	0	0
G2018008275	48.764	0	0
G2018008284	28.873	0	0
G2018008287	25.69	0	0
G2018008292	1.593	0	0
G2018008294	33.861	0	1
G2018008296	55.761	0	0
G2018008298	15.536	0	0
G2018008305	18.415	0	0
G2018008306	5.989	0	1
G2018008307	28.155	0	0
G2018008308	50.676	0	0
G2018008316	15.653	0	0
G2018008323	20.374	0	0
G2018008324	73.022	0	0
G2018008325	15.423	0	0
G2018008339	72.203	0	0
G2018008340	75.944	1	1
G2018008344	14.831	0	0
G2018008348	26.661	0	0
G2018008350	19.592	0	0
G2018008351	33.561	0	0
G2018008352	19.993	0	1
G2018008360	31.711	0	0
G2018008365	11.681	0	0
G2018008373	2.61	0	0
G2018008375	58.319	0	0
G2018008380	35.735	0	0
G2018008381	76.786	1	1
G2018008383	15.386	0	1
G2018008384	24.741	0	0
G2018008390	8.495	0	0
G2018008392	9.157	0	1
G2018008399	37.801	0	0
G2018008403	10.687	0	0
G2018008409	12.138	0	0
G2018008413	36.656	0	0
G2018008414	36.536	0	0
G2018008421	57.18	0	0
G2018008436	16.761	0	0
G2018008439	21.273	0	1
G2018008442	15.707	0	0
G2018008444	38.187	0	0
G2018008458	16.911	0	0
G2018008459	16.819	0	0
G2018008464	2.788	0	1
G2018008465	33.128	0	0
G2018008467	17.175	0	0
G2018008468	11.616	0	1
G2018008471	18.185	0	0
G2018008474	32.161	0	0
G2018008476	9.668	0	0
G2018008483	12.664	0	0
G2018008484	52.491	0	1
G2018008488	17.907	0	1
G2018008492	52.223	0	0
G2018008496	26.604	0	1
G2018008506	23.864	0	1
G2018008518	62.354	0	1
G2018008525	5.835	0	0
G2018008530	14.103	0	0
G2018008532	34.94	0	1
G2018008535	32.414	0	0
G2018008536	32.718	0	0
G2018008538	60.46	0	0
G2018008540	43.013	0	0
G2018008541	77.714	1	0
G2018008545	10.42	0	0
G2018008548	19.997	0	0
G2018008555	31.815	0	0
G2018008556	2.435	0	0
G2018008561	19.859	0	1
G2018008573	28.384	0	0
G2018008593	10.581	0	0
G2018008595	22.422	0	0
G2018008596	7.511	0	1
G2018008605	52.997	0	0
G2018008610	29.667	0	0
G2018008614	23.201	0	0
G2018008616	11.419	0	0
G2018008622	3.3	0	0
G2018008635	44.435	0	0
G2018008649	38.623	0	0
G2018008658	5.173	0	0
G2018008660	34.052	0	1
G2018008676	29.317	0	0
G2018008682	18.415	0	0
G2018008683	37.461	0	1
G2018008684	7.429	0	0
G2018008695	13.903	0	0
G2018008699	10.608	0	1
G2018008710	17.28	0	1
G2018008712	3.376	0	0
G2018008713	27.649	0	0
G2018008721	72.431	0	0
G2018008726	22.414	0	0
G2018008728	2.333	0	0
G2018008732	22.653	0	0
G2018008735	23.033	0	0
G2018008737	48.861	0	1
G2018008739	18.299	0	0
G2018008742	15.636	0	0
G2018008743	42.21	0	0
G2018008745	22.848	0	0
G2018008748	37.149	0	0
G2018008749	52.782	0	1
G2018008754	28.293	0	1
G2018008756	19.922	0	0
G2018008759	3.6	0	0
G2018008763	12.518	0	0
G2018008765	16.048	0	1
G2018008772	40.213	0	0
G2018008779	28.753	0	1
G2018008781	16.098	0	0
G2018008791	31.461	0	1
G2018008792	17.904	0	0
G2018008793	7.659	0	0
G2018008821	33.349	0	0
G2018008832	22.282	0	0
G2018008838	15.005	0	0
G2018008839	50.178	0	0
G2018008840	36.244	0	0
G2018008848	12.354	0	1
G2018008851	49.033	0	0
G2018008861	51.297	0	1
G2018008862	17.786	0	0
G2018008869	17.307	0	0
G2018008870	14.042	0	0
G2018008876	14.287	0	0
G2018008879	19.154	0	0
G2018008885	38.815	0	1
G2018008886	24.216	0	0
G2018008888	26.054	0	0
G2018008892	14.545	0	0
G2018008893	31.064	0	0
G2018008896	27.961	0	0
G2018008907	9.844	0	0
G2018008908	22.105	0	1
G2018008930	5.845	0	1
G2018008933	45.927	0	1
G2018008936	66.337	0	0
G2018008949	16.337	0	1
G2018008952	29.535	0	0
G2018008954	39.675	0	0
G2018008958	16.483	0	0
G2018008964	5.191	0	0
G2018008970	11.111	0	0
G2018008977	19.35	0	0
G2018008986	21.379	0	1
G2018008994	21.482	0	1
G2018008995	44.782	0	0
G2018008999	55.398	0	0
G2018009008	13.631	0	0
G2018009012	41.175	0	0
G2018009014	17.467	0	0
G2018009025	11.249	0	0
G2018009030	33.13	0	0
G2018009042	27.122	0	0
G2018009043	13.542	0	0
G2018009044	10.369	0	1
G2018009049	36.191	0	0
G2018009052	38.518	0	1
G2018009053	17.51	0	1
G2018009057	26.408	0	0
G2018009059	33.813	0	0
G2018009063	17.333	0	0
G2018009065	32.226	0	0
G2018009067	30.719	0	0
G2018009068	28.982	0	0
G2018009072	38.924	0	0
G2018009073	1.503	0	0
G2018009076	36.591	0	1
G2018009077	14.662	0	0
G2018009081	2.02	0	0
G2018009085	18.194	0	1
G2018009091	41.838	0	1
G2018009093	25.27	0	0
G2018009094	36.656	0	1
G2018009096	64.841	0	0
G2018009098	9.819	0	0
G2018009099	31.01	0	1
G2018009101	20.706	0	1
G2018009104	10.889	0	0
G2018009106	18.989	0	0
G2018009107	35.948	0	0
G2018009113	29.7	0	0
G2018009114	27.161	0	0
G2018009119	6.539	0	0
G2018009121	13.468	0	0
G2018009125	29.452	0	0
G2018009132	35.466	0	0
G2018009136	29.111	0	1
G2018009137	8.009	0	0
G2018009139	27.064	0	0
G2018009142	23.122	0	0
G2018009143	14.924	0	1
G2018009152	51.324	0	1
G2018009154	28.269	0	0
G2018009164	56.555	0	0
G2018009168	21.168	0	0
G2018009183	35.525	0	0
G2018009186	17.632	0	0
G2018009193	53.134	0	0
G2018009198	67.565	0	1
G2018009204	20.324	0	1
G2018009207	40.854	0	0
G2018009208	36.262	0	0
G2018009211	21.843	0	0
G2018009216	52.441	0	0
G2018009218	43.502	0	0
G2018009222	23.474	0	1
G2018009226	41.039	0	0
G2018009228	39.604	0	0
G2018009236	13.787	0	0
G2018009240	39.784	0	0
G2018009242	21.966	0	1
G2018009245	9.44	0	0
G2018009254	65.149	0	1
G2018009258	54.678	0	1
G2018009261	22.032	0	1
G2018009263	5.972	0	0
G2018009266	57.045	0	0
G2018009267	52.743	0	1
G2018009269	11.434	0	1
G2018009275	39.579	0	0
G2018009287	6.085	0	1
G2018009290	41.545	0	0
G2018009296	40.619	0	1
G2018009305	35.095	0	1
G2018009309	13.934	0	1
G2018009314	20.225	0	0
G2018009338	20.293	0	0
G2018009340	56.997	0	1
G2018009344	57.456	0	0
G2018009348	20.728	0	0
G2018009356	20.996	0	0
G2018009368	26.126	0	0
G2018009371	19.525	0	0
G2018009373	20.982	0	1
G2018009379	38.827	0	0
G2018009390	9.103	0	0
G2018009409	5.067	0	1
G2018009415	9.323	0	0
G2018009421	19.36	0	0
G2018009430	14.725	0	1
G2018009432	48.577	0	0
G2018009436	38.356	0	0
G2018009439	22.25	0	0
G2018009442	58.94	0	0
G2018009445	55.671	0	0
G2018009450	37.173	0	0
G2018009456	43.421	0	0
G2018009459	40.723	0	0
G2018009467	31.518	0	1
G2018009469	10.18	0	0
G2018009478	19.839	0	1
G2018009495	26.44	0	0
G2018009500	14.327	0	0
G2018009505	48.646	0	0
G2018009506	8.983	0	0
G2018009515	30.954	0	1
G2018009518	28.973	0	0
G2018009519	47.664	0	0
G2018009525	27.325	0	0
G2018009526	22.617	0	1
G2018009533	60.676	0	0
G2018009550	76.039	1	0
G2018009559	29.813	0	0
G2018009561	21.943	0	0
G2018009563	59.828	0	0
G2018009564	14.679	0	0
G2018009572	20.541	0	0
G2018009586	1.508	0	0
G2018009588	47.428	0	0
G2018009591	51.053	0	0
G2018009593	23.867	0	0
G2018009594	23.938	0	0
G2018009596	12.575	0	0
G2018009597	47.677	0	0
G2018009599	25.675	0	0
G2018009602	24.862	0	0
G2018009606	9.768	0	0
G2018009607	29.932	0	1
G2018009610	30.386	0	0
G2018009611	29.155	0	0
G2018009614	6.619	0	0
G2018009617	31.517	0	0
G2018009624	29.959	0	0
G2018009628	32.663	0	1
G2018009631	60.459	0	0
G2018009632	26.198	0	1
G2018009635	46.033	0	0
G2018009636	31.461	0	0
G2018009644	31.404	0	0
G2018009646	31.181	0	0
G2018009654	21.992	0	0
G2018009655	12.946	0	0
G2018009662	18.687	0	0
G2018009668	18.64	0	1
G2018009674	19.297	0	0
G2018009682	25.408	0	0
G2018009684	9.893	0	0
G2018009690	15.276	0	1
G2018009691	28.631	0	1
G2018009694	44.737	0	1
G2018009703	25.125	0	0
G2018009707	51.363	0	0
G2018009717	29.231	0	0
G2018009718	56.636	0	0
G2018009722	55.761	0	0
G2018009725	12.141	0	1
G2018009736	19.574	0	0
G2018009738	24.395	0	0
G2018009743	18.59	0	1
G2018009753	17.898	0	0
G2018009757	2.818	0	0
G2018009758	48.456	0	0
G2018009764	10.004	0	1
G2018009767	19.268	0	0
G2018009775	0.1	0	0
G2018009779	33.394	0	0
G2018009781	23.746	0	1
G2018009789	19.702	0	0
G2018009796	45.955	0	0
G2018009797	12.411	0	0
G2018009799	56.455	0	0
G2018009801	33.87	0	1
G2018009806	20.987	0	0
G2018009813	27.581	0	0
G2018009817	5.031	0	0
G2018009820	6.883	0	0
G2018009828	22.098	0	0
G2018009835	48.054	0	0
G2018009837	43.45	0	0
G2018009841	10.656	0	0
G2018009846	22.441	0	0
G2018009854	15.577	0	0
G2018009856	14.401	0	0
G2018009862	6.684	0	0
G2018009866	20.684	0	0
G2018009872	46.524	0	0
G2018009876	40.137	0	0
G2018009882	38.092	0	0
G2018009890	12.81	0	0
G2018009895	41.015	0	0
G2018009898	19.366	0	0
G2018009900	13.889	0	0
G2018009901	32.973	0	1
G2018009905	45.731	0	0
G2018009923	10.276	0	1
G2018009924	23.453	0	0
G2018009929	40.765	0	0
G2018009930	27.56	0	0
G2018009931	25.479	0	1
G2018009932	9.471	0	1
G2018009934	14.878	0	1
G2018009937	39.286	0	1
G2018009938	17.077	0	0
G2018009939	45.765	0	0
G2018009941	37.641	0	0
G2018009943	27.949	0	1
G2018009946	23.174	0	1
G2018009948	15.653	0	0
G2018009954	23.811	0	0
G2018009957	43.783	0	0
G2018009959	46.654	0	0
G2018009965	11.654	0	0
G2018009966	13.079	0	1
G2018009968	16.322	0	1
G2018009969	16.046	0	0
G2018009970	31.933	0	0
G2018009973	11.921	0	0
G2018009982	6.767	0	0
G2018009987	36.335	0	0
G2018009989	74.799	0	0
G2018009990	25.509	0	0
G2018009997	14.301	0	0
G2018009999	18.172	0	0
G2018010000	1.665	0	0
G2018010001	16.52	0	0
G2018010004	12.713	0	0
G2018010006	45.176	0	0
G2018010009	48.792	0	0
G2018010011	59.898	0	0
G2018010012	48.658	0	1
G2018010018	9.922	0	0
G2018010022	16.047	0	0
G2018010027	2.315	0	0
G2018010028	27.604	0	0
G2018010034	49.486	0	1
G2018010035	24.378	0	0
G2018010037	19.631	0	0
G2018010038	29.753	0	1
G2018010050	18.443	0	1
G2018010052	10.667	0	0
G2018010060	25.196	0	0
G2018010075	22.192	0	0
G2018010076	16.477	0	0
G2018010080	20.2	0	0
G2018010086	54.41	0	0
G2018010089	6.943	0	0
G2018010093	12.246	0	0
G2018010100	12.32	0	0
G2018010109	10.721	0	1
G2018010112	23.464	0	0
G2018010116	12.481	0	0
G2018010122	17.914	0	0
G2018010126	13.409	0	0
G2018010129	64.089	0	0
G2018010130	47.154	0	0
G2018010136	20.126	0	0
G2018010140	11.724	0	0
G2018010145	40.76	0	0
G2018010148	48.272	0	0
G2018010153	34.572	0	0
G2018010156	1.074	0	0
G2018010161	62.068	0	0
G2018010163	38.983	0	0
G2018010169	22.74	0	0
G2018010176	22.962	0	0
G2018010178	50.284	0	0
G2018010185	11.707	0	0
G2018010196	68.319	0	0
G2018010197	38.207	0	0
G2018010198	22.52	0	0
G2018010202	6.98	0	0
G2018010205	56.133	0	1
G2018010212	42.765	0	0
G2018010216	48.088	0	1
G2018010218	25.954	0	0
G2018010221	12.706	0	0
G2018010223	12.592	0	0
G2018010233	5.74	0	1
G2018010236	15.681	0	1
G2018010237	23.962	0	0
G2018010244	32.455	0	0
G2018010256	30.222	0	0
G2018010257	10.353	0	0
G2018010261	21.781	0	0
G2018010266	37.208	0	0
G2018010271	8.861	0	0
G2018010273	12.518	0	0
G2018010277	41.243	0	0
G2018010285	44.337	0	1
G2018010286	17.597	0	0
G2018010290	50.671	0	0
G2018010300	20.464	0	0
G2018010302	28.662	0	0
G2018010308	43.441	0	0
G2018010310	1.238	0	0
G2018010311	47.649	0	0
G2018010321	26.165	0	0
G2018010322	20.306	0	0
G2018010323	14.021	0	1
G2018010326	50.206	0	0
G2018010331	5.239	0	0
G2018010337	10.339	0	0
G2018010348	33.427	0	0
G2018010366	25.159	0	0
G2018010368	70.591	0	0
G2018010373	12.054	0	0
G2018010379	26.779	0	1
G2018010384	14.036	0	0
G2018010394	10.688	0	1
G2018010407	30.377	0	0
G2018010415	10.532	0	0
G2018010419	17.628	0	1
G2018010424	44.983	0	0
G2018010428	25.708	0	0
G2018010433	19.44	0	0
G2018010454	23.473	0	0
G2018010462	48.372	0	0
G2018010463	35.566	0	1
G2018010465	70.657	0	0
G2018010466	17.203	0	1
G2018010474	21.157	0	1
G2018010475	49.935	0	0
G2018010476	27.004	0	0
G2018010477	3.338	0	1
G2018010480	34.38	0	0
G2018010488	6.774	0	1
G2018010491	13.374	0	0
G2018010492	24.466	0	0
G2018010500	30.314	0	0
G2018010506	16.132	0	1
G2018010508	30.147	0	0
G2018010509	35.443	0	1
G2018010515	30.988	0	0
G2018010518	36.015	0	0
G2018010521	17.911	0	0
G2018010529	18.564	0	0
G2018010531	16.645	0	0
G2018010563	13.205	0	0
G2018010565	44.265	0	1
G2018010566	8.68	0	0
G2018010569	13.71	0	0
G2018010576	30.319	0	0
G2018010577	27.489	0	0
G2018010578	32.916	0	1
G2018010581	26.182	0	0
G2018010582	22.336	0	0
G2018010584	11.216	0	1
G2018010585	41.494	0	0
G2018010587	59.333	0	0
G2018010588	68.056	0	0
G2018010593	2.474	0	0
G2018010597	63.035	0	0
G2018010601	33.549	0	0
G2018010616	58.474	0	0
G2018010618	14.748	0	0
G2018010629	35.382	0	0
G2018010630	6.459	0	0
G2018010633	36.927	0	0
G2018010637	36.088	0	0
G2018010640	45.076	0	1
G2018010642	29.391	0	0
G2018010646	16.63	0	0
G2018010647	11.28	0	0
G2018010651	57.034	0	0
G2018010657	56.357	0	0
G2018010658	17.729	0	1
G2018010662	5.397	0	0
G2018010664	13.462	0	0
G2018010665	40.423	0	0
G2018010666	23.351	0	0
G2018010671	16.667	0	1
G2018010674	6.4	0	0
G2018010675	45.842	0	0
G2018010684	34.301	0	1
G2018010686	7.483	0	1
G2018010692	50.358	0	0
G2018010693	11.938	0	0
G2018010698	61.455	0	0
G2018010700	22.516	0	1
G2018010714	30.063	0	0
G2018010717	49.683	0	1
G2018010718	7.654	0	0
G2018010727	23.466	0	1
G2018010728	23.548	0	0
G2018010730	14.63	0	0
G2018010737	20.552	0	0
G2018010738	70.609	0	0
G2018010740	8.753	0	0
G2018010746	8.933	0	1
G2018010749	4.501	0	0
G2018010750	34.321	0	0
G2018010753	16.5	0	0
G2018010754	34.867	0	0
G2018010757	34.654	0	0
G2018010762	21.568	0	0
G2018010769	44.168	0	0
G2018010775	11.567	0	0
G2018010782	12.173	0	0
G2018010783	13.79	0	0
G2018010784	34.238	0	0
G2018010787	14.477	0	0
G2018010789	13.874	0	0
G2018010798	46.637	0	0
G2018010800	21.083	0	0
G2018010801	37.319	0	1
G2018010808	30.066	0	0
G2018010812	7.774	0	1
G2018010817	60.141	0	0
G2018010820	82.602	1	1
G2018010823	37.976	0	0
G2018010826	63.079	0	0
G2018010829	40.079	0	0
G2018010830	34.102	0	0
G2018010832	25.358	0	0
G2018010833	22.579	0	0
G2018010841	36.752	0	0
G2018010854	24.216	0	0
G2018010857	48.912	0	0
G2018010858	42.933	0	0
G2018010859	19.804	0	1
G2018010861	37.081	0	0
G2018010864	24.902	0	0
G2018010882	30.963	0	0
G2018010884	29.363	0	0
G2018010888	14.539	0	0
G2018010898	25.257	0	0
G2018010899	22.833	0	0
G2018010900	24.233	0	1
G2018010901	0.1	0	1
G2018010902	4.047	0	0
G2018010903	7.614	0	0
G2018010904	28.774	0	0
G2018010909	16.337	0	0
G2018010910	14.575	0	0
G2018010912	54.633	0	0
G2018010915	7.403	0	0
G2018010917	18.458	0	1
G2018010920	38.99	0	0
G2018010921	51.188	0	0
G2018010927	53.553	0	0
G2018010932	0.1	0	0
G2018010936	21.167	0	0
G2018010938	48.91	0	0
G2018010944	34.39	0	0
G2018010946	39.994	0	1
G2018010956	58.059	0	1
G2018010960	53.971	0	0
G2018010963	48.469	0	0
G2018010967	27.538	0	0
G2018010968	32.681	0	1
G2018010973	12.396	0	0
G2018010979	22.721	0	0
G2018010984	7.449	0	0
G2018010992	40.916	0	0
G2018010996	28.949	0	0
G2018011001	23.318	0	0
G2018011004	60.235	0	1
G2018011011	11.783	0	1
G2018011019	56.629	0	1
G2018011027	60.395	0	0
G2018011029	27.906	0	0
G2018011034	64.056	0	0
G2018011035	10.883	0	1
G2018011038	15.631	0	0
G2018011041	30.44	0	0
G2018011053	42.388	0	0
G2018011055	25.487	0	0
G2018011064	25.488	0	0
G2018011068	18.451	0	0
G2018011082	4.821	0	0
G2018011087	36.244	0	0
G2018011094	59.954	0	1
G2018011105	27.786	0	0
G2018011106	39.831	0	0
G2018011110	55.815	0	0
G2018011113	42.99	0	0
G2018011123	7.924	0	0
G2018011128	44.629	0	0
G2018011130	16.971	0	0
G2018011131	22.507	0	1
G2018011132	12.18	0	1
G2018011144	14.116	0	0
G2018011145	42.996	0	0
G2018011149	20.943	0	1
G2018011150	19.113	0	0
G2018011152	16.424	0	0
G2018011155	20.696	0	1
G2018011166	24.689	0	0
G2018011171	65.273	0	0
G2018011177	51.97	0	0
G2018011182	45.749	0	0
G2018011184	13.207	0	0
G2018011186	11.403	0	0
G2018011188	23.819	0	0
G2018011189	3.585	0	0
G2018011201	20.382	0	1
G2018011203	41.69	0	0
G2018011208	21.134	0	1
G2018011212	32.348	0	1
G2018011213	30.167	0	1
G2018011218	8.264	0	0
G2018011223	58.085	0	0
G2018011226	20.906	0	0
G2018011227	32.594	0	0
G2018011228	34.097	0	0
G2018011229	40.262	0	1
G2018011233	21.521	0	1
G2018011237	18.974	0	0
G2018011241	23.503	0	0
G2018011242	17.572	0	0
G2018011246	17.922	0	0
G2018011250	15.129	0	0
G2018011259	9.234	0	0
G2018011262	38.92	0	0
G2018011267	29.765	0	0
G2018011268	19.557	0	0
G2018011269	12.544	0	0
G2018011278	52.7	0	1
G2018011283	60.974	0	0
G2018011286	22.734	0	0
G2018011302	51.805	0	0
G2018011305	34.639	0	0
G2018011316	15.174	0	1
G2018011325	20.869	0	0
G2018011329	23.546	0	0
G2018011332	32.803	0	0
G2018011342	18.046	0	0
G2018011343	6.373	0	0
G2018011352	25.622	0	0
G2018011353	17.618	0	0
G2018011356	27.697	0	0
G2018011364	24.558	0	1
G2018011379	23.637	0	1
G2018011383	47.823	0	0
G2018011384	27.008	0	0
G2018011388	11.398	0	1
G2018011402	21.117	0	1
G2018011405	37.502	0	0
G2018011415	32.206	0	0
G2018011418	14.401	0	0
G2018011436	32.693	0	0
G2018011444	24.29	0	0
G2018011458	23.513	0	1
G2018011459	38.065	0	0
G2018011464	65.846	0	0
G2018011468	60.247	0	0
G2018011470	40.357	0	0
G2018011472	7.222	0	1
G2018011473	46.144	0	0
G2018011478	40.392	0	1
G2018011479	19.357	0	0
G2018011484	28.335	0	1
G2018011488	56.059	0	0
G2018011490	0.615	0	0
G2018011491	39.228	0	0
G2018011493	23.719	0	0
G2018011497	42.983	0	0
G2018011500	27.45	0	0
G2018011502	12.975	0	0
G2018011503	7.103	0	0
G2018011505	39.119	0	0
G2018011506	46.674	0	0
G2018011510	77.357	1	0
G2018011515	11.107	0	1
G2018011519	5.788	0	0
G2018011522	44.776	0	0
G2018011524	16.836	0	0
G2018011532	37.11	0	0
G2018011535	7.715	0	1
G2018011536	11.086	0	0
G2018011540	47.575	0	0
G2018011541	3.204	0	0
G2018011543	46.294	0	0
G2018011548	7.407	0	1
G2018011551	25.461	0	0
G2018011556	8.221	0	0
G2018011557	44.842	0	0
G2018011558	84.546	1	1
G2018011559	26.169	0	1
G2018011562	26.418	0	0
G2018011565	16.639	0	0
G2018011568	48.137	0	1
G2018011577	23.074	0	0
G2018011584	25.337	0	0
G2018011590	33.342	0	0
G2018011594	39.108	0	0
G2018011606	18.966	0	0
G2018011624	37.0	0	1
G2018011625	30.491	0	1
G2018011627	16.718	0	0
G2018011635	34.095	0	0
G2018011639	37.939	0	0
G2018011640	58.192	0	1
G2018011646	44.089	0	0
G2018011648	18.438	0	0
G2018011649	51.542	0	1
G2018011650	21.181	0	0
G2018011661	35.37	0	0
G2018011663	66.342	0	0
G2018011675	10.252	0	0
G2018011677	29.267	0	1
G2018011681	19.614	0	0
G2018011682	59.54	0	0
G2018011685	14.947	0	0
G2018011691	12.833	0	0
G2018011712	6.469	0	1
G2018011714	35.498	0	1
G2018011716	68.056	0	0
G2018011720	48.433	0	0
G2018011723	18.822	0	0
G2018011724	66.727	0	0
G2018011728	16.155	0	0
G2018011731	46.234	0	0
G2018011737	23.25	0	0
G2018011742	17.589	0	0
G2018011747	27.376	0	0
G2018011748	5.512	0	0
G2018011750	11.572	0	0
G2018011760	24.91	0	0
G2018011762	25.306	0	0
G2018011765	17.761	0	0
G2018011770	5.543	0	1
G2018011771	10.022	0	0
G2018011773	55.327	0	0
G2018011776	47.507	0	1
G2018011777	16.892	0	0
G2018011780	12.029	0	1
G2018011783	18.726	0	0
G2018011789	37.088	0	0
G2018011792	42.368	0	0
G2018011803	42.887	0	1
G2018011814	13.167	0	0
G2018011818	36.451	0	0
G2018011822	25.509	0	1
G2018011823	33.791	0	0
G2018011845	16.004	0	0
G2018011846	24.4	0	1
G2018011847	15.247	0	0
G2018011850	8.199	0	1
G2018011861	27.649	0	0
G2018011867	11.355	0	0
G2018011868	8.311	0	0
G2018011869	39.958	0	0
G2018011874	15.639	0	0
G2018011876	69.399	0	0
G2018011880	42.167	0	0
G2018011885	37.357	0	1
G2018011891	27.639	0	0
G2018011893	50.878	0	0
G2018011896	57.832	0	0
G2018011900	7.899	0	0
G2018011902	23.47	0	0
G2018011908	34.841	0	1
G2018011911	14.352	0	1
G2018011915	27.096	0	0
G2018011925	14.06	0	0
G2018011926	44.342	0	0
G2018011932	39.397	0	0
G2018011934	15.571	0	0
G2018011938	13.579	0	0
G2018011942	11.831	0	0
G2018011943	3.136	0	1
G2018011944	20.383	0	0
G2018011948	41.355	0	0
G2018011949	22.315	0	0
G2018011957	41.46	0	0
G2018011964	4.315	0	1
G2018011968	11.024	0	0
G2018011969	31.922	0	0
G2018011975	25.805	0	0
G2018011977	37.664	0	1
G2018011978	16.353	0	1
G2018011984	14.848	0	0
G2018011993	46.698	0	0
G2018011994	58.961	0	1
G2018011995	45.798	0	0
G2018012020	58.227	0	1
G2018012021	23.01	0	0
G2018012022	41.302	0	0
G2018012023	5.361	0	0
G2018012026	22.189	0	0
G2018012031	22.246	0	1
G2018012047	16.345	0	0
G2018012049	9.731	0	1
G2018012055	33.515	0	0
G2018012070	54.157	0	0
G2018012074	11.389	0	0
G2018012089	22.181	0	1
G2018012095	75.951	1	0
G2018012107	5.141	0	0
G2018012110	22.753	0	0
G2018012112	67.246	0	0
G2018012124	8.978	0	0
G2018012127	27.861	0	0
G2018012128	41.242	0	0
G2018012142	43.387	0	0
G2018012145	40.343	0	0
G2018012147	35.215	0	0
G2018012153	9.912	0	1
G2018012157	20.15	0	0
G2018012158	26.417	0	0
G2018012164	27.916	0	1
G2018012166	47.986	0	0
G2018012184	32.74	0	0
G2018012200	10.122	0	0
G2018012201	14.623	0	0
G2018012203	30.006	0	0
G2018012205	53.113	0	0
G2018012210	13.588	0	0
G2018012212	8.439	0	1
G2018012228	32.699	0	0
G2018012234	4.922	0	0
G2018012248	7.976	0	0
G2018012250	19.579	0	0
G2018012255	10.259	0	0
G2018012264	16.489	0	0
G2018012269	42.342	0	0
G2018012272	58.216	0	0
G2018012273	33.036	0	0
G2018012276	24.137	0	0
G2018012277	17.04	0	0
G2018012279	49.781	0	0
G2018012285	27.773	0	0
G2018012287	30.055	0	0
G2018012289	54.966	0	0
G2018012290	10.606	0	0
G2018012294	17.703	0	0
G2018012297	37.838	0	0
G2018012303	29.993	0	0
G2018012304	27.469	0	0
G2018012313	72.997	0	0
G2018012318	19.636	0	0
G2018012321	6.749	0	0
G2018012334	73.56	0	0
G2018012337	43.399	0	0
G2018012338	15.249	0	0
G2018012346	8.255	0	0
G2018012351	10.222	0	0
G2018012354	21.016	0	0
G2018012374	42.206	0	0
G2018012376	13.894	0	0
G2018012378	48.686	0	0
G2018012394	48.608	0	1
G2018012397	28.071	0	0
G2018012401	9.656	0	0
G2018012405	41.401	0	0
G2018012407	23.165	0	1
G2018012424	21.343	0	0
G2018012440	45.858	0	0
G2018012445	29.453	0	0
G2018012456	58.856	0	0
G2018012458	20.036	0	0
G2018012463	21.713	0	0
G2018012472	19.23	0	0
G2018012477	20.35	0	0
G2018012481	30.986	0	0
G2018012486	40.961	0	1
G2018012488	18.232	0	1
G2018012493	30.229	0	0
G2018012494	1.38	0	0
G2018012495	36.717	0	0
G2018012498	33.228	0	0
G2018012501	44.285	0	0
G2018012510	38.711	0	1
G2018012523	50.676	0	0
G2018012529	70.674	0	0
G2018012533	31.675	0	0
G2018012536	10.376	0	0
G2018012547	23.623	0	0
G2018012552	10.963	0	1
G2018012558	38.874	0	1
G2018012563	29.631	0	1
G2018012573	8.055	0	0
G2018012584	28.004	0	0
G2018012594	34.308	0	0
G2018012598	78.316	1	1
G2018012601	27.282	0	0
G2018012604	5.099	0	0
G2018012605	25.358	0	0
G2018012606	37.542	0	1
G2018012612	54.69	0	0
G2018012614	14.883	0	0
G2018012617	61.465	0	0
G2018012619	36.087	0	0
G2018012624	2.397	0	0
G2018012625	10.281	0	0
G2018012627	17.545	0	0
G2018012628	20.808	0	1
G2018012629	49.909	0	0
G2018012640	41.337	0	0
G2018012642	16.368	0	0
G2018012643	33.713	0	0
G2018012651	0.1	0	0
G2018012658	19.919	0	0
G2018012670	19.5	0	0
G2018012677	45.362	0	0
G2018012689	16.756	0	0
G2018012692	12.704	0	1
G2018012707	14.959	0	0
G2018012709	42.603	0	1
G2018012711	10.577	0	0
G2018012718	16.075	0	0
G2018012723	17.617	0	1
G2018012724	56.217	0	0
G2018012731	44.307	0	0
G2018012740	22.066	0	0
G2018012745	0.695	0	1
G2018012750	11.06	0	0
G2018012760	26.439	0	0
G2018012767	15.908	0	0
G2018012772	13.859	0	0
G2018012775	41.658	0	0
G2018012787	23.028	0	0
G2018012793	19.727	0	0
G2018012796	46.103	0	0
G2018012799	20.626	0	0
G2018012805	56.521	0	0
G2018012806	49.768	0	0
G2018012822	45.562	0	0
G2018012826	11.388	0	0
G2018012828	47.771	0	1
G2018012835	24.624	0	0
G2018012839	48.013	0	0
G2018012843	55.945	0	1
G2018012844	5.377	0	1
G2018012849	16.634	0	0
G2018012852	45.662	0	0
G2018012856	13.723	0	0
G2018012859	55.28	0	0
G2018012860	47.91	0	0
G2018012862	24.436	0	0
G2018012863	66.406	0	0
G2018012865	22.473	0	0
G2018012868	19.705	0	0
G2018012869	25.212	0	0
G2018012871	33.03	0	0
G2018012878	23.29	0	0
G2018012885	28.196	0	0
G2018012889	32.14	0	0
G2018012895	65.619	0	1
G2018012899	38.514	0	1
G2018012900	17.672	0	0
G2018012911	29.419	0	0
G2018012913	71.156	0	0
G2018012919	14.613	0	0
G2018012922	34.853	0	0
G2018012935	4.914	0	0
G2018012937	41.395	0	0
G2018012947	69.978	0	0
G2018012950	45.804	0	0
G2018012954	17.501	0	0
G2018012955	18.044	0	0
G2018012956	11.164	0	1
G2018012963	18.07	0	0
G2018012969	28.392	0	0
G2018012972	17.866	0	0
G2018012978	28.347	0	0
G2018012980	10.394	0	1
G2018012982	2.614	0	0
G2018012989	11.419	0	0
G2018012991	27.61	0	0
G2018012997	20.788	0	0
G2018013002	53.241	0	0
G2018013011	26.891	0	0
G2018013015	30.28	0	0
G2018013019	7.108	0	0
G2018013024	37.04	0	1
G2018013025	38.623	0	0
G2018013026	29.647	0	1
G2018013046	16.156	0	0
G2018013059	27.096	0	0
G2018013063	15.891	0	0
G2018013064	38.745	0	1
G2018013069	21.136	0	0
G2018013075	9.273	0	0
G2018013078	38.56	0	0
G2018013079	37.427	0	0
G2018013084	16.695	0	1
G2018013087	25.277	0	0
G2018013088	48.782	0	0
G2018013109	55.476	0	0
G2018013112	11.37	0	0
G2018013117	18.62	0	0
G2018013124	69.959	0	0
G2018013127	12.27	0	0
G2018013131	11.252	0	0
G2018013138	16.972	0	0
G2018013140	16.66	0	1
G2018013143	22.493	0	1
G2018013156	13.107	0	1
G2018013157	67.131	0	0
G2018013171	27.769	0	0
G2018013177	25.135	0	0
G2018013186	14.673	0	1
G2018013187	42.507	0	0
G2018013188	10.597	0	0
G2018013192	8.916	0	0
G2018013193	56.315	0	0
G2018013195	6.718	0	0
G2018013196	17.018	0	0
G2018013198	39.459	0	0
G2018013199	12.499	0	0
G2018013201	17.362	0	0
G2018013202	13.441	0	0
G2018013203	13.524	0	1
G2018013207	23.159	0	0
G2018013208	37.955	0	0
G2018013215	18.607	0	1
G2018013216	35.521	0	1
G2018013217	47.735	0	1
G2018013232	5.934	0	0
G2018013233	52.67	0	0
G2018013241	7.708	0	0
G2018013242	34.133	0	1
G2018013245	37.119	0	0
G2018013246	20.076	0	0
G2018013247	6.451	0	0
G2018013249	37.911	0	0
G2018013250	2.149	0	0
G2018013251	26.877	0	0
G2018013254	8.704	0	0
G2018013256	14.245	0	0
G2018013259	3.271	0	1
G2018013260	33.704	0	0
G2018013261	12.47	0	0
G2018013267	36.952	0	1
G2018013270	10.646	0	1
G2018013282	56.945	0	0
G2018013292	15.35	0	0
G2018013294	33.458	0	0
G2018013296	10.382	0	0
G2018013298	21.7	0	0
G2018013308	53.897	0	0
G2018013310	31.799	0	0
G2018013311	46.483	0	0
G2018013315	26.121	0	0
G2018013322	1.005	0	0
G2018013340	32.839	0	0
G2018013346	28.546	0	0
G2018013348	56.949	0	0
G2018013350	16.689	0	1
G2018013352	25.347	0	1
G2018013354	62.866	0	1
G2018013355	17.543	0	0
G2018013362	41.945	0	0
G2018013369	1.286	0	0
G2018013372	32.642	0	0
G2018013386	32.329	0	1
G2018013390	10.0	0	0
G2018013393	11.366	0	0
G2018013397	41.874	0	0
G2018013403	23.04	0	1
G2018013408	45.606	0	0
G2018013410	13.524	0	0
G2018013420	20.063	0	1
G2018013421	41.294	0	0
G2018013425	24.704	0	0
G2018013428	28.14	0	0
G2018013437	14.388	0	0
G2018013443	29.566	0	0
G2018013445	30.393	0	0
G2018013447	10.313	0	1
G2018013450	9.086	0	0
G2018013463	67.185	0	0
G2018013466	45.505	0	0
G2018013467	22.0	0	0
G2018013468	49.907	0	0
G2018013471	29.448	0	0
G2018013474	49.26	0	0
G2018013480	23.542	0	1
G2018013495	45.912	0	0
G2018013496	22.322	0	1
G2018013500	47.596	0	0
G2018013504	14.334	0	0
G2018013505	13.656	0	1
G2018013512	8.238	0	0
G2018013513	14.793	0	0
G2018013515	42.455	0	0
G2018013524	36.797	0	1
G2018013526	14.219	0	0
G2018013531	15.491	0	0
G2018013536	1.301	0	0
G2018013540	9.178	0	1
G2018013546	3.784	0	1
G2018013547	33.554	0	1
G2018013553	3.398	0	0
G2018013554	22.861	0	0
G2018013560	22.775	0	1
G2018013565	30.581	0	0
G2018013568	18.579	0	0
G2018013570	35.568	0	1
G2018013585	62.99	0	0
G2018013597	29.775	0	0
G2018013605	25.343	0	0
G2018013619	40.237	0	0
G2018013628	18.485	0	0
G2018013638	1.946	0	1
G2018013639	63.667	0	0
G2018013648	56.096	0	1
G2018013651	51.424	0	1
G2018013653	15.578	0	0
G2018013663	39.057	0	0
G2018013669	14.49	0	1
G2018013670	55.331	0	0
G2018013679	37.075	0	1
G2018013680	38.332	0	0
G2018013684	56.913	0	1
G2018013686	20.592	0	0
G2018013687	16.811	0	0
G2018013692	14.03	0	0
G2018013701	29.03	0	1
G2018013704	16.86	0	0
G2018013706	5.703	0	1
G2018013715	41.586	0	0
G2018013717	47.752	0	0
G2018013732	41.731	0	0
G2018013740	27.201	0	0
G2018013741	36.113	0	0
G2018013746	2.644	0	0
G2018013747	22.617	0	0
G2018013754	42.939	0	0
G2018013756	7.027	0	0
G2018013758	2.24	0	0
G2018013766	12.648	0	1
G2018013774	23.157	0	0
G2018013777	46.651	0	0
G2018013784	26.158	0	0
G2018013786	17.124	0	0
G2018013787	38.155	0	1
G2018013789	29.307	0	0
G2018013790	17.13	0	0
G2018013791	28.03	0	0
G2018013792	16.85	0	0
G2018013806	15.129	0	1
G2018013807	29.844	0	0
G2018013809	67.054	0	1
G2018013819	22.699	0	0
G2018013831	0.313	0	1
G2018013833	52.171	0	1
G2018013841	37.801	0	0
G2018013844	19.705	0	0
G2018013846	11.841	0	0
G2018013851	3.957	0	0
G2018013860	20.252	0	0
G2018013863	16.286	0	0
G2018013865	43.954	0	0
G2018013866	39.116	0	1
G2018013870	22.115	0	1
G2018013874	22.687	0	0
G2018013876	7.356	0	1
G2018013877	15.699	0	0
G2018013881	48.567	0	0
G2018013888	15.647	0	0
G2018013895	15.888	0	0
G2018013898	19.724	0	0
G2018013900	1.647	0	0
G2018013903	14.227	0	1
G2018013905	33.906	0	1
G2018013907	13.73	0	1
G2018013908	42.003	0	0
G2018013921	16.009	0	1
G2018013927	35.514	0	0
G2018013929	53.835	0	0
G2018013930	15.576	0	0
G2018013943	58.737	0	0
G2018013945	30.585	0	0
G2018013946	44.527	0	0
G2018013956	41.626	0	0
G2018013959	27.381	0	0
G2018013961	41.881	0	0
G2018013975	25.693	0	0
G2018013977	22.048	0	0
G2018013980	29.227	0	0
G2018013985	3.95	0	0
G2018013987	41.019	0	0
G2018013989	7.385	0	0
G2018013994	19.959	0	0
G2018013996	14.13	0	0
G2018013998	43.162	0	0
G2018014020	15.381	0	1
G2018014031	27.925	0	0
G2018014032	36.328	0	1
G2018014034	19.526	0	0
G2018014041	8.525	0	0
G2018014042	13.553	0	0
G2018014047	0.619	0	0
G2018014050	12.317	0	0
G2018014054	15.522	0	1
G2018014055	31.096	0	0
G2018014057	34.75	0	0
G2018014064	29.179	0	0
G2018014065	7.459	0	0
G2018014066	21.455	0	0
G2018014069	5.735	0	0
G2018014081	55.248	0	0
G2018014086	35.96	0	0
G2018014089	6.469	0	0
G2018014093	11.874	0	0
G2018014095	29.948	0	0
G2018014102	13.248	0	0
G2018014108	8.598	0	0
G2018014109	12.369	0	0
G2018014112	5.505	0	0
G2018014118	57.146	0	1
G2018014123	58.19	0	0
G2018014124	36.122	0	0
G2018014132	45.204	0	1
G2018014143	9.259	0	0
G2018014150	31.244	0	0
G2018014152	41.267	0	1
G2018014156	42.127	0	0
G2018014168	24.439	0	0
G2018014175	54.259	0	1
G2018014192	33.531	0	0
G2018014198	21.241	0	1
G2018014200	14.594	0	0
G2018014203	33.719	0	0
G2018014206	12.397	0	0
G2018014211	31.286	0	0
G2018014214	18.747	0	0
G2018014219	55.376	0	1
G2018014221	20.214	0	1
G2018014229	37.581	0	1
G2018014230	33.685	0	0
G2018014236	50.775	0	0
G2018014249	30.476	0	0
G2018014252	3.734	0	0
G2018014255	44.763	0	0
G2018014280	31.356	0	0
G2018014282	48.983	0	1
G2018014287	7.673	0	0
G2018014292	19.688	0	0
G2018014293	52.084	0	1
G2018014295	13.715	0	1
G2018014299	19.83	0	0
G2018014301	31.793	0	0
G2018014310	5.156	0	0
G2018014311	10.088	0	0
G2018014314	25.722	0	0
G2018014316	17.226	0	1
G2018014322	48.064	0	0
G2018014329	62.01	0	1
G2018014332	18.999	0	1
G2018014336	17.811	0	0
G2018014337	10.493	0	0
G2018014342	45.678	0	0
G2018014343	9.873	0	0
G2018014345	16.807	0	0
G2018014354	9.461	0	0
G2018014359	33.087	0	0
G2018014361	36.087	0	0
G2018014363	29.01	0	0
G2018014369	24.463	0	0
G2018014373	66.583	0	0
G2018014377	53.001	0	0
G2018014378	31.643	0	0
G2018014382	40.206	0	0
G2018014386	17.891	0	0
G2018014392	36.831	0	0
G2018014399	46.289	0	0
G2018014402	38.531	0	0
G2018014411	27.426	0	1
G2018014412	38.024	0	0
G2018014415	37.863	0	0
G2018014416	13.619	0	1
G2018014418	18.276	0	0
G2018014419	24.659	0	0
G2018014426	62.053	0	0
G2018014429	46.601	0	0
G2018014438	21.302	0	0
G2018014444	14.273	0	0
G2018014450	18.305	0	0
G2018014454	39.32	0	0
G2018014456	55.114	0	1
G2018014457	47.537	0	0
G2018014460	18.157	0	0
G2018014462	55.226	0	0
G2018014474	21.263	0	0
G2018014480	14.09	0	0
G2018014481	29.699	0	0
G2018014487	28.34	0	0
G2018014488	54.569	0	1
G2018014491	13.077	0	0
G2018014502	34.852	0	0
G2018014507	40.139	0	0
G2018014512	8.385	0	1
G2018014519	45.816	0	0
G2018014525	26.963	0	0
G2018014537	13.131	0	0
G2018014555	30.272	0	0
G2018014556	40.401	0	1
G2018014559	48.941	0	0
G2018014561	25.11	0	1
G2018014569	1.831	0	1
G2018014574	40.614	0	1
G2018014581	19.439	0	0
G2018014584	40.139	0	0
G2018014588	25.316	0	0
G2018014597	5.537	0	0
G2018014612	31.388	0	0
G2018014613	10.276	0	1
G2018014626	14.775	0	0
G2018014627	13.036	0	0
G2018014628	50.224	0	1
G2018014648	36.657	0	0
G2018014651	36.333	0	1
G2018014656	26.771	0	1
G2018014661	28.598	0	0
G2018014662	44.335	0	0
G2018014667	43.675	0	0
G2018014671	18.375	0	0
G2018014675	13.236	0	0
G2018014676	33.733	0	0
G2018014677	17.161	0	1
G2018014688	27.365	0	0
G2018014694	21.391	0	0
G2018014708	13.543	0	1
G2018014709	61.058	0	0
G2018014712	42.999	0	0
G2018014714	15.785	0	1
G2018014726	28.228	0	0
G2018014729	15.162	0	1
G2018014737	55.843	0	0
G2018014738	4.612	0	0
G2018014744	41.766	0	0
G2018014753	32.747	0	0
G2018014756	19.05	0	0
G2018014759	25.066	0	0
G2018014765	8.586	0	0
G2018014773	39.183	0	0
G2018014774	37.647	0	0
G2018014777	21.109	0	0
G2018014781	62.623	0	0
G2018014782	28.952	0	1
G2018014792	18.634	0	0
G2018014794	31.929	0	0
G2018014796	15.88	0	0
G2018014803	12.78	0	0
G2018014809	58.475	0	0
G2018014810	18.481	0	1
G2018014811	12.212	0	1
G2018014825	22.62	0	0
G2018014831	4.24	0	0
G2018014834	30.848	0	1
G2018014837	21.01	0	1
G2018014839	39.407	0	0
G2018014842	21.378	0	0
G2018014850	14.969	0	1
G2018014854	20.231	0	0
G2018014856	16.46	0	0
G2018014857	31.619	0	0
G2018014863	3.858	0	0
G2018014864	39.973	0	0
G2018014874	41.635	0	0
G2018014876	28.781	0	0
G2018014880	45.771	0	0
G2018014881	52.702	0	1
G2018014885	29.128	0	0
G2018014894	38.567	0	1
G2018014895	53.49	0	0
G2018014898	7.509	0	0
G2018014899	66.449	0	0
G2018014900	10.6	0	0
G2018014903	31.222	0	0
G2018014908	17.763	0	0
G2018014915	9.662	0	0
G2018014918	35.809	0	0
G2018014922	7.272	0	0
G2018014923	35.509	0	0
G2018014925	24.89	0	0
G2018014928	41.786	0	0
G2018014937	7.562	0	0
G2018014942	46.364	0	0
G2018014944	4.407	0	0
G2018014959	26.384	0	0
G2018014963	20.147	0	0
G2018014971	44.302	0	0
G2018014974	11.669	0	0
G2018014976	17.408	0	0
G2018014980	20.122	0	0
G2018014984	24.772	0	0
G2018014985	6.95	0	0
G2018014987	32.056	0	1
G2018014990	30.796	0	1
G2018014992	34.945	0	0
G2018014998	19.721	0	0
G2018015000	33.97	0	0
G2018015003	18.596	0	1
G2018015005	21.887	0	0
G2018015006	40.032	0	1
G2018015010	50.482	0	0
G2018015011	47.379	0	0
G2018015017	31.278	0	0
G2018015025	30.341	0	0
G2018015027	8.491	0	0
G2018015030	43.633	0	1
G2018015037	7.285	0	0
G2018015039	29.134	0	1
G2018015043	63.78	0	0
G2018015048	17.093	0	0
G2018015051	15.492	0	1
G2018015053	11.5	0	1
G2018015054	16.612	0	0
G2018015057	2.131	0	1
G2018015058	16.24	0	0
G2018015059	8.294	0	0
G2018015063	47.106	0	0
G2018015064	44.095	0	1
G2018015066	17.536	0	0
G2018015067	21.601	0	1
G2018015083	21.897	0	1
G2018015085	24.14	0	0
G2018015090	4.327	0	0
G2018015093	46.069	0	0
G2018015095	19.893	0	0
G2018015096	14.391	0	0
G2018015106	31.145	0	0
G2018015109	38.355	0	0
G2018015111	19.588	0	0
G2018015118	26.022	0	0
G2018015122	43.104	0	0
G2018015129	40.021	0	0
G2018015131	29.528	0	0
G2018015133	27.209	0	0
G2018015138	2.145	0	0
G2018015143	44.781	0	0
G2018015148	16.863	0	1
G2018015149	56.116	0	1
G2018015150	4.278	0	1
G2018015151	33.516	0	0
G2018015152	23.549	0	1
G2018015156	11.577	0	1
G2018015157	29.123	0	1
G2018015164	37.601	0	0
G2018015177	31.41	0	0
G2018015188	36.797	0	0
G2018015193	8.699	0	0
G2018015205	60.398	0	0
G2018015210	10.606	0	0
G2018015213	27.162	0	0
G2018015216	4.517	0	0
G2018015220	4.493	0	0
G2018015231	18.502	0	0
G2018015234	38.045	0	1
G2018015240	37.844	0	0
G2018015250	49.006	0	1
G2018015251	47.132	0	1
G2018015260	60.934	0	0
G2018015264	28.549	0	1
G2018015266	26.681	0	0
G2018015267	3.499	0	0
G2018015269	66.384	0	0
G2018015275	17.561	0	0
G2018015287	21.355	0	0
G2018015288	16.432	0	0
G2018015291	5.701	0	0
G2018015293	38.016	0	0
G2018015294	2.687	0	0
G2018015301	46.393	0	0
G2018015308	13.666	0	1
G2018015311	48.211	0	0
G2018015315	58.757	0	0
G2018015322	12.412	0	0
G2018015327	24.568	0	0
G2018015331	29.3	0	0
G2018015347	23.496	0	0
G2018015360	34.681	0	0
G2018015361	21.351	0	0
G2018015362	52.022	0	0
G2018015365	3.268	0	0
G2018015370	7.449	0	0
G2018015373	57.432	0	0
G2018015374	36.507	0	0
G2018015376	47.307	0	0
G2018015379	45.795	0	1
G2018015381	23.822	0	0
G2018015384	51.017	0	0
G2018015391	8.604	0	0
G2018015398	24.904	0	1
G2018015401	33.797	0	0
G2018015407	46.45	0	0
G2018015409	8.273	0	0
G2018015412	28.58	0	0
G2018015413	15.233	0	0
G2018015416	51.534	0	0
G2018015418	27.996	0	0
G2018015420	18.047	0	1
G2018015422	13.43	0	0
G2018015426	55.181	0	0
G2018015439	26.812	0	0
G2018015444	45.454	0	0
G2018015445	8.714	0	0
G2018015448	46.908	0	0
G2018015451	34.149	0	1
G2018015456	30.943	0	0
G2018015457	27.183	0	0
G2018015458	24.846	0	0
G2018015464	18.54	0	0
G2018015475	27.411	0	0
G2018015478	7.449	0	0
G2018015480	30.095	0	0
G2018015485	21.568	0	0
G2018015488	24.531	0	1
G2018015491	23.477	0	0
G2018015502	16.813	0	0
G2018015513	33.136	0	1
G2018015519	26.676	0	0
G2018015520	54.674	0	0
G2018015523	28.501	0	1
G2018015531	42.963	0	1
G2018015532	34.36	0	1
G2018015535	70.194	0	0
G2018015536	25.327	0	1
G2018015538	11.034	0	1
G2018015539	13.302	0	0
G2018015543	26.066	0	0
G2018015549	17.135	0	1
G2018015553	39.628	0	0
G2018015561	32.094	0	0
G2018015562	20.13	0	0
G2018015563	29.805	0	0
G2018015565	62.153	0	1
G2018015582	46.699	0	0
G2018015584	33.563	0	0
G2018015590	10.664	0	0
G2018015593	16.139	0	0
G2018015601	37.774	0	0
G2018015611	37.44	0	0
G2018015615	38.748	0	0
G2018015623	26.26	0	0
G2018015627	19.343	0	0
G2018015637	19.579	0	0
G2018015640	33.147	0	0
G2018015642	24.282	0	0
G2018015645	26.453	0	0
G2018015651	32.777	0	0
G2018015652	25.175	0	0
G2018015653	8.332	0	0
G2018015659	17.481	0	0
G2018015673	29.296	0	0
G2018015677	38.133	0	0
G2018015686	16.055	0	0
G2018015687	17.89	0	0
G2018015702	20.779	0	1
G2018015709	35.154	0	0
G2018015712	37.59	0	1
G2018015719	40.112	0	0
G2018015738	39.536	0	0
G2018015748	47.674	0	0
G2018015751	56.912	0	0
G2018015756	27.233	0	0
G2018015757	58.639	0	0
G2018015759	9.239	0	0
G2018015761	12.93	0	0
G2018015772	10.786	0	0
G2018015783	20.898	0	0
G2018015784	49.735	0	0
G2018015788	7.933	0	0
G2018015805	35.042	0	0
G2018015807	6.244	0	0
G2018015822	4.756	0	0
G2018015834	21.817	0	0
G2018015838	37.812	0	1
G2018015839	45.37	0	0
G2018015840	9.293	0	0
G2018015847	15.889	0	0
G2018015852	38.53	0	0
G2018015858	11.351	0	1
G2018015863	55.814	0	1
G2018015879	24.91	0	0
G2018015890	15.574	0	1
G2018015891	30.273	0	0
G2018015896	56.783	0	1
G2018015897	8.007	0	0
G2018015899	20.84	0	0
G2018015905	14.738	0	0
G2018015910	45.769	0	0
G2018015912	23.334	0	0
G2018015913	14.75	0	0
G2018015920	45.105	0	1
G2018015922	61.751	0	0
G2018015925	39.296	0	1
G2018015926	23.276	0	0
G2018015939	11.064	0	1
G2018015942	45.826	0	0
G2018015944	12.343	0	0
G2018015959	8.992	0	0
G2018015962	25.89	0	0
G2018015966	19.33	0	0
G2018015967	25.618	0	1
G2018015974	22.076	0	1
G2018015986	47.713	0	1
G2018015988	34.073	0	0
G2018016000	23.811	0	0
G2018016004	43.81	0	0
G2018016009	22.031	0	1
G2018016010	36.763	0	0
G2018016016	45.315	0	0
G2018016017	52.482	0	0
G2018016020	41.379	0	0
G2018016021	60.023	0	0
G2018016025	34.927	0	0
G2018016028	36.621	0	0
G2018016031	17.662	0	0
G2018016034	59.133	0	0
G2018016036	12.408	0	0
G2018016040	43.057	0	0
G2018016046	24.204	0	0
G2018016048	22.719	0	0
G2018016050	58.016	0	1
G2018016051	29.482	0	0
G2018016065	15.973	0	0
G2018016069	23.286	0	1
G2018016072	35.18	0	0
G2018016075	7.376	0	0
G2018016080	20.241	0	0
G2018016087	48.198	0	0
G2018016105	36.644	0	0
G2018016107	19.112	0	0
G2018016112	8.725	0	0
G2018016119	36.531	0	1
G2018016123	1.473	0	0
G2018016124	16.973	0	1
G2018016128	9.676	0	1
G2018016130	19.272	0	0
G2018016132	58.461	0	0
G2018016135	26.504	0	0
G2018016137	21.7	0	0
G2018016139	17.48	0	1
G2018016146	32.004	0	0
G2018016147	40.78	0	0
G2018016163	20.601	0	1
G2018016165	32.471	0	0
G2018016166	26.39	0	0
G2018016173	3.949	0	0
G2018016178	39.888	0	0
G2018016185	28.64	0	0
G2018016187	6.552	0	0
G2018016191	35.687	0	1
G2018016199	22.004	0	0
G2018016212	64.898	0	0
G2018016213	16.955	0	0
G2018016222	26.988	0	0
G2018016223	32.106	0	0
G2018016224	2.656	0	0
G2018016234	15.121	0	0
G2018016235	41.574	0	0
G2018016236	26.042	0	0
G2018016237	16.145	0	0
G2018016238	43.914	0	0
G2018016239	54.82	0	0
G2018016242	38.024	0	0
G2018016243	43.83	0	1
G2018016248	48.731	0	0
G2018016259	36.61	0	0
G2018016261	0.209	0	0
G2018016268	57.951	0	0
G2018016272	39.652	0	0
G2018016273	36.9	0	0
G2018016280	5.809	0	0
G2018016286	12.896	0	0
G2018016289	46.495	0	1
G2018016296	32.673	0	0
G2018016303	29.417	0	0
G2018016310	28.342	0	1
G2018016315	46.205	0	0
G2018016317	11.515	0	0
G2018016319	50.085	0	0
G2018016323	76.137	1	0
G2018016330	62.978	0	0
G2018016331	36.537	0	0
G2018016332	35.646	0	0
G2018016333	37.2	0	0
G2018016345	16.861	0	0
G2018016348	47.552	0	0
G2018016350	22.911	0	1
G2018016351	13.358	0	0
G2018016352	14.677	0	0
G2018016354	16.092	0	0
G2018016359	39.505	0	0
G2018016362	34.3	0	0
G2018016365	23.431	0	0
G2018016368	19.972	0	0
G2018016370	36.84	0	0
G2018016376	7.629	0	0
G2018016384	24.649	0	0
G2018016389	36.931	0	1
G2018016392	17.621	0	0
G2018016393	19.498	0	0
G2018016409	32.44	0	0
G2018016410	20.735	0	0
G2018016423	11.413	0	0
G2018016425	11.991	0	0
G2018016426	24.744	0	0
G2018016429	38.927	0	0
G2018016431	23.859	0	0
G2018016434	31.107	0	0
G2018016440	26.425	0	0
G2018016441	24.144	0	1
G2018016448	12.481	0	0
G2018016455	18.998	0	0
G2018016458	44.521	0	1
G2018016462	26.085	0	0
G2018016474	38.21	0	0
G2018016487	20.462	0	0
G2018016489	23.625	0	0
G2018016494	50.451	0	0
G2018016496	15.689	0	0
G2018016500	8.989	0	0
G2018016507	54.623	0	0
G2018016508	30.706	0	0
G2018016511	11.396	0	0
G2018016512	13.852	0	1
G2018016515	46.815	0	1
G2018016520	10.681	0	0
G2018016525	13.638	0	0
G2018016527	25.879	0	0
G2018016531	29.75	0	1
G2018016542	25.075	0	0
G2018016552	23.775	0	0
G2018016571	39.674	0	1
G2018016579	7.164	0	1
G2018016583	5.349	0	0
G2018016591	30.553	0	1
G2018016601	40.487	0	0
G2018016610	35.332	0	0
G2018016613	30.439	0	0
G2018016616	24.303	0	0
G2018016620	13.957	0	0
G2018016622	17.65	0	0
G2018016640	24.622	0	1
G2018016651	52.381	0	0
G2018016652	14.327	0	0
G2018016653	4.359	0	0
G2018016655	12.943	0	0
G2018016659	4.742	0	0
G2018016660	4.427	0	0
G2018016662	9.663	0	0
G2018016663	41.981	0	0
G2018016667	27.059	0	1
G2018016669	5.743	0	0
G2018016670	27.887	0	0
G2018016677	20.304	0	1
G2018016693	41.172	0	0
G2018016694	37.64	0	1
G2018016695	27.825	0	0
G2018016701	45.624	0	0
G2018016703	31.782	0	0
G2018016708	16.045	0	0
G2018016710	16.018	0	0
G2018016713	16.065	0	1
G2018016714	33.166	0	0
G2018016720	22.385	0	0
G2018016724	14.94	0	1
G2018016726	23.299	0	1
G2018016729	33.82	0	0
G2018016735	7.509	0	0
G2018016747	7.404	0	0
G2018016758	46.023	0	1
G2018016759	25.861	0	0
G2018016760	41.165	0	0
G2018016769	32.596	0	0
G2018016771	51.703	0	0
G2018016772	11.338	0	1
G2018016777	16.468	0	0
G2018016778	57.595	0	0
G2018016780	14.023	0	1
G2018016788	46.716	0	0
G2018016789	31.342	0	0
G2018016792	50.23	0	1
G2018016797	30.668	0	0
G2018016799	30.232	0	0
G2018016802	14.49	0	0
G2018016804	7.348	0	0
G2018016807	44.954	0	1
G2018016815	5.691	0	1
G2018016821	30.905	0	0
G2018016824	28.111	0	1
G2018016831	19.627	0	1
G2018016841	26.934	0	0
G2018016845	18.624	0	0
G2018016847	42.757	0	0
G2018016857	60.747	0	0
G2018016859	23.028	0	0
G2018016866	17.36	0	0
G2018016874	29.232	0	0
G2018016879	41.513	0	0
G2018016882	43.885	0	0
G2018016886	41.703	0	0
G2018016888	37.262	0	1
G2018016892	31.032	0	0
G2018016895	19.437	0	0
G2018016896	20.176	0	1
G2018016902	28.77	0	0
G2018016909	21.534	0	0
G2018016917	45.792	0	0
G2018016921	23.626	0	0
G2018016933	29.614	0	0
G2018016934	2.193	0	0
G2018016936	36.504	0	0
G2018016937	20.937	0	0
G2018016941	17.355	0	0
G2018016946	10.148	0	0
G2018016961	33.921	0	0
G2018016966	8.534	0	0
G2018016967	44.732	0	0
G2018016972	19.272	0	0
G2018016973	6.536	0	0
G2018016976	11.978	0	0
G2018016979	4.404	0	0
G2018016982	15.239	0	1
G2018016985	31.007	0	0
G2018016986	40.616	0	1
G2018016991	19.828	0	0
G2018016997	41.022	0	0
G2018016998	44.016	0	0
G2018017001	60.031	0	1
G2018017005	28.758	0	1
G2018017007	5.146	0	0
G2018017010	30.246	0	0
G2018017024	33.438	0	0
G2018017031	37.255	0	0
G2018017032	11.925	0	0
G2018017035	22.164	0	0
G2018017038	51.347	0	0
G2018017041	8.048	0	0
G2018017046	38.605	0	0
G2018017049	48.744	0	0
G2018017053	45.64	0	0
G2018017054	46.636	0	0
G2018017063	11.623	0	0
G2018017064	19.832	0	0
G2018017066	18.683	0	0
G2018017067	19.993	0	0
G2018017073	47.434	0	0
G2018017081	22.209	0	0
G2018017082	9.444	0	1
G2018017085	8.343	0	0
G2018017103	23.88	0	0
G2018017104	32.565	0	0
G2018017105	7.8	0	0
G2018017107	32.645	0	0
G2018017110	12.402	0	0
G2018017117	15.515	0	0
G2018017118	16.784	0	0
G2018017119	37.52	0	1
G2018017127	5.572	0	0
G2018017129	15.063	0	1
G2018017131	51.118	0	0
G2018017141	41.623	0	0
G2018017142	20.693	0	0
G2018017144	34.511	0	0
G2018017160	6.284	0	0
G2018017178	46.024	0	1
G2018017185	18.786	0	0
G2018017188	14.691	0	0
G2018017192	50.455	0	0
G2018017193	4.278	0	0
G2018017194	17.376	0	0
G2018017199	3.723	0	0
G2018017208	46.525	0	0
G2018017216	49.21	0	0
G2018017241	23.248	0	0
G2018017246	34.25	0	1
G2018017254	23.925	0	0
G2018017270	20.417	0	0
G2018017271	26.276	0	0
G2018017274	47.401	0	1
G2018017278	31.995	0	1
G2018017288	44.021	0	0
G2018017292	38.373	0	0
G2018017296	31.285	0	0
G2018017297	59.387	0	0
G2018017306	23.338	0	0
G2018017310	49.055	0	0
G2018017322	44.913	0	0
G2018017324	8.89	0	0
G2018017332	56.758	0	0
G2018017335	43.72	0	0
G2018017341	7.361	0	0
G2018017342	20.235	0	0
G2018017351	16.363	0	0
G2018017358	73.411	0	0
G2018017363	8.4	0	0
G2018017368	46.568	0	0
G2018017369	26.069	0	0
G2018017375	15.952	0	0
G2018017378	36.567	0	1
G2018017382	14.229	0	1
G2018017394	8.945	0	0
G2018017398	15.231	0	0
G2018017406	69.992	0	1
G2018017409	13.004	0	0
G2018017413	34.244	0	0
G2018017417	22.23	0	0
G2018017422	23.254	0	0
G2018017427	28.532	0	0
G2018017428	34.759	0	0
G2018017429	18.386	0	0
G2018017434	49.818	0	0
G2018017435	35.157	0	1
G2018017437	14.796	0	0
G2018017446	30.249	0	0
G2018017447	24.758	0	0
G2018017449	73.524	0	0
G2018017459	37.409	0	0
G2018017464	3.572	0	0
G2018017465	24.566	0	0
G2018017469	53.209	0	1
G2018017473	68.403	0	0
G2018017475	30.902	0	0
G2018017481	44.783	0	0
G2018017484	34.592	0	0
G2018017485	6.584	0	0
G2018017494	30.462	0	0
G2018017500	32.971	0	0
G2018017507	23.857	0	0
G2018017510	36.218	0	1
G2018017513	8.951	0	0
G2018017514	41.269	0	0
G2018017520	12.854	0	1
G2018017530	2.279	0	0
G2018017532	23.57	0	0
G2018017534	18.547	0	0
G2018017540	30.313	0	0
G2018017542	26.105	0	0
G2018017545	49.505	0	0
G2018017551	42.574	0	0
G2018017553	8.122	0	0
G2018017554	17.166	0	1
G2018017561	59.4	0	0
G2018017562	32.45	0	1
G2018017564	20.869	0	0
G2018017565	56.085	0	0
G2018017569	6.744	0	0
G2018017573	28.121	0	1
G2018017576	16.69	0	0
G2018017580	18.578	0	0
G2018017581	4.308	0	1
G2018017582	36.944	0	0
G2018017583	15.743	0	0
G2018017584	30.434	0	0
G2018017588	63.119	0	1
G2018017592	36.861	0	0
G2018017600	32.269	0	0
G2018017601	52.638	0	1
G2018017612	11.942	0	1
G2018017624	14.936	0	0
G2018017636	27.265	0	0
G2018017642	51.196	0	0
G2018017647	9.835	0	0
G2018017651	22.84	0	0
G2018017655	34.958	0	0
G2018017657	33.208	0	1
G2018017666	13.33	0	1
G2018017667	30.662	0	0
G2018017678	6.012	0	0
G2018017679	11.346	0	1
G2018017688	23.221	0	0
G2018017695	38.441	0	1
G2018017698	32.665	0	0
G2018017706	17.142	0	0
G2018017708	9.087	0	0
G2018017715	5.941	0	0
G2018017731	33.108	0	0
G2018017736	13.294	0	0
G2018017741	48.226	0	0
G2018017744	35.559	0	0
G2018017746	24.044	0	0
G2018017747	31.54	0	0
G2018017748	18.291	0	0
G2018017760	26.06	0	0
G2018017763	6.219	0	0
G2018017773	4.761	0	0
G2018017776	37.292	0	0
G2018017777	15.788	0	0
G2018017785	19.48	0	0
G2018017786	21.392	0	1
G2018017789	7.969	0	1
G2018017791	2.577	0	0
G2018017802	6.25	0	1
G2018017808	54.424	0	0
G2018017810	34.82	0	1
G2018017814	30.938	0	0
G2018017840	23.458	0	0
G2018017842	53.541	0	0
G2018017844	37.032	0	0
G2018017851	69.208	0	0
G2018017860	14.324	0	0
G2018017861	52.43	0	0
G2018017865	33.796	0	0
G2018017877	11.846	0	0
G2018017878	43.292	0	0
G2018017883	7.04	0	0
G2018017884	54.612	0	0
G2018017885	3.829	0	0
G2018017892	29.666	0	0
G2018017900	14.807	0	0
G2018017901	32.304	0	0
G2018017902	37.517	0	1
G2018017904	29.665	0	1
G2018017906	30.461	0	0
G2018017911	39.848	0	0
G2018017918	16.28	0	0
G2018017923	29.383	0	1
G2018017933	21.459	0	1
G2018017935	36.252	0	1
G2018017937	12.116	0	0
G2018017939	36.087	0	0
G2018017943	37.435	0	0
G2018017947	27.903	0	1
G2018017962	19.131	0	0
G2018017963	14.946	0	1
G2018017970	37.472	0	0
G2018017971	24.759	0	0
G2018017974	37.605	0	0
G2018017984	12.472	0	1
G2018017993	38.757	0	1
G2018017997	18.769	0	0
G2018017998	17.779	0	0
G2018017999	17.961	0	0
G2018018000	26.788	0	0
G2018018022	10.553	0	0
G2018018024	40.361	0	0
G2018018028	46.081	0	0
G2018018034	19.389	0	0
G2018018037	18.74	0	0
G2018018038	25.687	0	0
G2018018040	44.197	0	0
G2018018044	26.853	0	0
G2018018046	25.162	0	0
G2018018047	30.988	0	0
G2018018048	17.095	0	0
G2018018049	30.224	0	1
G2018018052	16.674	0	1
G2018018054	1.517	0	1
G2018018063	25.032	0	1
G2018018064	6.334	0	0
G2018018068	41.515	0	0
G2018018073	56.874	0	0
G2018018075	39.561	0	0
G2018018076	25.497	0	0
G2018018077	25.284	0	0
G2018018078	13.226	0	1
G2018018083	18.584	0	0
G2018018092	52.22	0	0
G2018018093	39.713	0	1
G2018018097	9.973	0	1
G2018018098	7.14	0	1
G2018018108	21.024	0	0
G2018018110	13.325	0	0
G2018018111	9.357	0	1
G2018018112	42.566	0	0
G2018018113	4.713	0	0
G2018018133	39.543	0	0
G2018018134	52.617	0	0
G2018018136	11.849	0	1
G2018018139	25.115	0	1
G2018018144	35.763	0	1
G2018018152	24.039	0	0
G2018018154	18.857	0	0
G2018018164	0.531	0	0
G2018018181	13.645	0	0
G2018018183	5.904	0	0
G2018018188	35.859	0	0
G2018018199	24.98	0	0
G2018018203	44.554	0	0
G2018018208	30.35	0	0
G2018018210	53.53	0	0
G2018018216	29.779	0	0
G2018018220	51.008	0	1
G2018018222	21.072	0	0
G2018018228	32.538	0	0
G2018018231	46.77	0	0
G2018018234	27.124	0	0
G2018018251	40.222	0	0
G2018018252	27.504	0	0
G2018018260	26.878	0	0
G2018018266	22.821	0	0
G2018018272	55.374	0	0
G2018018273	9.698	0	0
G2018018277	24.329	0	1
G2018018279	23.754	0	0
G2018018282	38.343	0	1
G2018018284	45.944	0	1
G2018018291	8.837	0	0
G2018018294	30.473	0	0
G2018018299	14.636	0	0
G2018018300	42.665	0	0
G2018018309	16.327	0	0
G2018018310	47.784	0	0
G2018018312	58.367	0	0
G2018018316	22.069	0	0
G2018018323	10.509	0	0
G2018018324	7.339	0	0
G2018018333	33.744	0	0
G2018018355	10.044	0	0
G2018018356	0.1	0	0
G2018018357	35.87	0	0
G2018018360	30.692	0	1
G2018018363	28.46	0	1
G2018018364	24.468	0	1
G2018018368	57.571	0	0
G2018018370	1.338	0	0
G2018018372	37.064	0	0
G2018018375	35.34	0	0
G2018018377	49.415	0	0
G2018018381	11.197	0	0
G2018018382	18.27	0	1
G2018018386	33.135	0	0
G2018018395	48.896	0	0
G2018018397	21.815	0	0
G2018018400	36.512	0	0
G2018018403	6.977	0	0
G2018018404	53.731	0	0
G2018018406	18.3	0	0
G2018018418	32.655	0	1
G2018018419	3.505	0	0
G2018018426	36.591	0	0
G2018018430	17.916	0	0
G2018018431	16.568	0	0
G2018018432	32.799	0	0
G2018018437	16.286	0	0
G2018018450	56.08	0	1
G2018018451	29.568	0	1
G2018018458	70.504	0	1
G2018018464	18.987	0	0
G2018018466	18.324	0	0
G2018018470	9.04	0	1
G2018018475	23.263	0	0
G2018018477	23.7	0	0
G2018018483	54.295	0	1
G2018018492	41.884	0	0
G2018018502	49.775	0	0
G2018018503	23.172	0	0
G2018018512	14.863	0	0
G2018018518	49.035	0	0
G2018018523	20.869	0	0
G2018018526	52.428	0	0
G2018018530	3.574	0	0
G2018018538	52.688	0	0
G2018018539	27.322	0	0
G2018018553	22.93	0	1
G2018018555	68.43	0	1
G2018018562	4.545	0	1
G2018018565	34.367	0	1
G2018018574	43.003	0	0
G2018018577	26.058	0	0
G2018018579	56.477	0	0
G2018018582	27.344	0	0
G2018018589	18.811	0	0
G2018018591	24.08	0	0
G2018018595	42.808	0	1
G2018018597	24.794	0	0
G2018018600	37.468	0	1
G2018018608	11.668	0	0
G2018018612	11.263	0	1
G2018018614	29.668	0	0
G2018018620	9.164	0	0
G2018018628	26.26	0	0
G2018018639	41.031	0	0
G2018018640	46.403	0	0
G2018018641	16.206	0	1
G2018018645	5.94	0	0
G2018018646	11.064	0	1
G2018018653	14.387	0	0
G2018018675	11.201	0	0
G2018018686	27.655	0	0
G2018018688	25.104	0	0
G2018018689	61.944	0	0
G2018018699	27.778	0	0
G2018018700	17.447	0	0
G2018018704	17.064	0	0
G2018018708	28.8	0	0
G2018018719	61.989	0	0
G2018018729	56.111	0	0
G2018018730	22.73	0	0
G2018018732	18.24	0	0
G2018018734	48.836	0	0
G2018018746	11.613	0	1
G2018018749	19.367	0	0
G2018018754	34.479	0	1
G2018018755	40.318	0	0
G2018018756	27.64	0	0
G2018018759	15.11	0	0
G2018018761	16.975	0	0
G2018018763	24.791	0	1
G2018018764	32.101	0	1
G2018018765	82.839	1	1
G2018018766	30.572	0	0
G2018018769	22.908	0	0
G2018018771	22.539	0	0
G2018018775	34.517	0	0
G2018018777	50.905	0	1
G2018018778	41.675	0	0
G2018018779	28.554	0	0
G2018018784	7.205	0	0
G2018018785	32.429	0	0
G2018018788	0.1	0	1
G2018018790	44.828	0	0
G2018018817	25.877	0	0
G2018018822	10.24	0	1
G2018018824	16.222	0	0
G2018018829	3.792	0	0
G2018018830	37.449	0	0
G2018018832	34.71	0	0
G2018018834	9.101	0	0
G2018018835	12.262	0	0
G2018018840	34.459	0	0
G2018018848	27.649	0	0
G2018018858	44.564	0	1
G2018018862	11.125	0	1
G2018018863	69.512	0	0
G2018018865	31.317	0	1
G2018018873	51.205	0	1
G2018018876	37.127	0	0
G2018018893	51.565	0	1
G2018018897	23.559	0	0
G2018018899	8.122	0	0
G2018018900	21.936	0	0
G2018018905	35.15	0	0
G2018018906	10.257	0	0
G2018018907	30.911	0	0
G2018018908	9.513	0	0
G2018018912	9.727	0	0
G2018018914	3.641	0	0
G2018018915	23.66	0	0
G2018018921	20.378	0	0
G2018018924	36.501	0	1
G2018018925	13.104	0	0
G2018018926	54.528	0	0
G2018018931	28.63	0	0
G2018018943	37.315	0	0
G2018018952	45.201	0	1
G2018018955	13.049	0	0
G2018018956	27.287	0	0
G2018018964	38.812	0	1
G2018018965	45.439	0	0
G2018018966	6.795	0	0
G2018018969	8.936	0	0
G2018018972	51.404	0	0
G2018018973	13.668	0	0
G2018018975	21.227	0	0
G2018018978	15.324	0	1
G2018018983	73.57	0	0
G2018018985	18.253	0	0
G2018019000	10.546	0	0
G2018019008	13.336	0	0
G2018019023	17.652	0	0
G2018019024	6.645	0	0
G2018019025	16.117	0	0
G2018019026	27.817	0	0
G2018019028	28.429	0	0
G2018019031	34.426	0	0
G2018019036	36.853	0	0
G2018019043	12.941	0	0
G2018019044	28.494	0	0
G2018019060	40.482	0	0
G2018019063	35.485	0	0
G2018019066	40.721	0	0
G2018019067	12.571	0	0
G2018019072	10.167	0	0
G2018019074	32.408	0	0
G2018019092	49.363	0	1
G2018019093	51.169	0	0
G2018019095	24.221	0	1
G2018019103	13.94	0	1
G2018019114	39.749	0	0
G2018019119	8.647	0	0
G2018019123	40.758	0	1
G2018019128	19.683	0	0
G2018019132	16.315	0	0
G2018019133	13.151	0	1
G2018019142	26.12	0	0
G2018019149	15.261	0	0
G2018019152	19.718	0	0
G2018019163	33.541	0	0
G2018019165	8.72	0	0
G2018019166	6.904	0	1
G2018019167	3.91	0	0
G2018019170	72.56	0	0
G2018019185	22.4	0	0
G2018019192	24.156	0	0
G2018019195	31.664	0	0
G2018019200	6.306	0	0
G2018019202	37.066	0	0
G2018019205	15.243	0	0
G2018019207	19.659	0	0
G2018019209	66.395	0	0
G2018019212	44.62	0	1
G2018019216	13.738	0	1
G2018019219	41.207	0	0
G2018019220	43.058	0	0
G2018019228	10.005	0	1
G2018019229	49.966	0	0
G2018019233	8.92	0	0
G2018019234	20.042	0	0
G2018019244	27.074	0	0
G2018019247	18.512	0	0
G2018019249	21.561	0	0
G2018019254	43.834	0	0
G2018019257	17.031	0	1
G2018019264	8.268	0	0
G2018019270	1.641	0	0
G2018019271	45.862	0	0
G2018019274	32.248	0	1
G2018019276	14.336	0	1
G2018019280	15.779	0	0
G2018019284	59.044	0	0
G2018019286	18.121	0	1
G2018019289	43.357	0	0
G2018019291	21.993	0	1
G2018019293	18.793	0	0
G2018019295	27.179	0	0
G2018019298	2.027	0	0
G2018019303	44.82	0	0
G2018019310	22.002	0	0
G2018019311	15.998	0	0
G2018019318	21.433	0	0
G2018019330	28.594	0	1
G2018019346	30.417	0	0
G2018019355	21.769	0	1
G2018019360	16.866	0	0
G2018019367	19.721	0	0
G2018019369	30.787	0	0
G2018019373	17.48	0	0
G2018019374	4.013	0	0
G2018019377	37.863	0	0
G2018019378	22.916	0	0
G2018019387	35.604	0	1
G2018019389	13.461	0	0
G2018019393	67.425	0	0
G2018019396	35.22	0	0
G2018019402	47.632	0	0
G2018019403	21.291	0	0
G2018019405	11.587	0	0
G2018019409	22.129	0	0
G2018019415	44.525	0	1
G2018019418	83.582	1	1
G2018019420	22.174	0	0
G2018019422	26.891	0	0
G2018019423	21.359	0	0
G2018019424	28.573	0	0
G2018019428	26.84	0	0
G2018019434	11.831	0	0
G2018019435	1.547	0	0
G2018019438	16.005	0	0
G2018019441	8.884	0	0
G2018019450	10.516	0	0
G2018019464	20.038	0	0
G2018019471	39.468	0	0
G2018019473	16.013	0	1
G2018019477	61.878	0	0
G2018019480	28.525	0	0
G2018019484	20.522	0	1
G2018019485	15.032	0	0
G2018019487	9.594	0	0
G2018019493	68.996	0	0
G2018019496	19.264	0	0
G2018019506	10.262	0	0
G2018019509	55.304	0	0
G2018019512	13.701	0	0
G2018019514	0.838	0	1
G2018019515	20.673	0	0
G2018019518	22.346	0	1
G2018019521	8.934	0	0
G2018019522	33.865	0	0
G2018019546	35.014	0	0
G2018019550	28.803	0	0
G2018019554	16.326	0	0
G2018019561	37.07	0	0
G2018019565	25.364	0	0
G2018019566	17.385	0	0
G2018019567	12.851	0	1
G2018019574	17.058	0	0
G2018019579	13.573	0	1
G2018019595	23.126	0	1
G2018019602	7.823	0	0
G2018019603	11.337	0	0
G2018019604	10.155	0	1
G2018019606	22.435	0	0
G2018019617	30.107	0	0
G2018019618	51.609	0	1
G2018019621	18.807	0	1
G2018019622	34.661	0	0
G2018019623	59.621	0	0
G2018019625	3.052	0	0
G2018019626	53.45	0	1
G2018019628	30.867	0	0
G2018019636	49.046	0	0
G2018019648	55.883	0	0
G2018019653	59.703	0	0
G2018019657	34.018	0	0
G2018019658	37.135	0	0
G2018019662	41.387	0	1
G2018019677	55.12	0	0
G2018019680	61.979	0	0
G2018019689	42.049	0	0
G2018019690	23.729	0	0
G2018019692	21.647	0	0
G2018019696	32.406	0	0
G2018019700	19.255	0	0
G2018019703	20.621	0	0
G2018019705	10.831	0	0
G2018019706	27.289	0	0
G2018019710	9.373	0	0
G2018019713	46.391	0	0
G2018019722	38.62	0	1
G2018019724	28.088	0	0
G2018019741	32.74	0	1
G2018019745	66.915	0	0
G2018019746	30.37	0	0
G2018019749	32.747	0	0
G2018019751	27.858	0	0
G2018019756	45.581	0	0
G2018019757	18.272	0	1
G2018019765	40.682	0	0
G2018019769	41.163	0	0
G2018019770	39.087	0	0
G2018019771	16.019	0	0
G2018019773	17.291	0	0
G2018019774	2.507	0	0
G2018019780	15.44	0	0
G2018019781	23.904	0	0
G2018019792	7.554	0	0
G2018019795	44.232	0	1
G2018019799	7.387	0	1
G2018019802	43.264	0	0
G2018019825	18.998	0	1
G2018019843	42.234	0	0
G2018019844	19.597	0	0
G2018019849	16.847	0	0
G2018019850	16.393	0	0
G2018019851	26.057	0	0
G2018019857	11.82	0	0
G2018019860	4.86	0	0
G2018019862	27.105	0	0
G2018019863	0.285	0	1
G2018019865	12.558	0	0
G2018019867	62.098	0	0
G2018019872	23.469	0	1
G2018019873	20.259	0	0
G2018019878	2.904	0	0
G2018019880	4.16	0	0
G2018019887	35.965	0	0
G2018019901	60.207	0	1
G2018019908	39.011	0	0
G2018019910	18.887	0	1
G2018019911	14.908	0	0
G2018019912	47.358	0	0
G2018019914	5.081	0	0
G2018019915	24.327	0	0
G2018019916	24.913	0	0
G2018019934	7.93	0	0
G2018019940	53.369	0	1
G2018019949	27.213	0	1
G2018019955	40.444	0	0
G2018019956	34.695	0	0
G2018019959	40.548	0	0
G2018019960	26.447	0	0
G2018019963	31.75	0	0
G2018019964	20.632	0	0
G2018019965	32.981	0	0
G2018019967	36.72	0	0
G2018019969	22.608	0	0
G2018019973	38.77	0	0
G2018019975	25.541	0	0
G2018019979	34.34	0	0
G2018019986	15.874	0	0
G2018019993	6.728	0	0
G2018019996	16.45	0	0
G2018020000	28.492	0	0
G2018020002	67.218	0	1
G2018020003	57.361	0	0
G2018020004	85.428	1	0
G2018020006	15.836	0	0
G2018020012	13.011	0	0
G2018020013	28.929	0	0
G2018020018	13.957	0	0
G2018020023	25.455	0	0
G2018020032	37.333	0	1
G2018020040	32.182	0	0
G2018020041	26.118	0	0
G2018020051	19.177	0	0
G2018020061	6.352	0	0
G2018020070	35.252	0	0
G2018020075	32.806	0	0
G2018020077	16.798	0	0
G2018020078	46.507	0	0
G2018020080	15.192	0	0
G2018020082	10.505	0	1
G2018020084	23.302	0	1
G2018020090	18.421	0	0
G2018020098	44.871	0	1
G2018020099	13.226	0	0
G2018020101	57.62	0	0
G2018020105	25.704	0	0
G2018020108	26.142	0	0
G2018020112	35.165	0	0
G2018020120	26.532	0	1
G2018020122	11.286	0	1
G2018020123	28.292	0	0
G2018020125	35.35	0	0
G2018020131	40.466	0	0
G2018020132	6.202	0	0
G2018020133	45.175	0	0
G2018020144	64.185	0	0
G2018020155	22.758	0	0
G2018020157	8.063	0	1
G2018020160	26.064	0	0
G2018020164	38.396	0	0
G2018020166	71.157	0	0
G2018020168	27.599	0	1
G2018020169	50.542	0	1
G2018020171	8.191	0	0
G2018020172	11.34	0	0
G2018020174	14.1	0	0
G2018020176	62.443	0	0
G2018020183	38.843	0	0
G2018020184	14.115	0	0
G2018020197	57.231	0	0
G2018020202	14.127	0	0
G2018020213	40.439	0	0
G2018020219	23.664	0	0
G2018020220	15.982	0	0
G2018020221	35.337	0	0
G2018020227	28.798	0	0
G2018020232	9.277	0	1
G2018020236	35.687	0	0
G2018020241	14.431	0	0
G2018020245	37.56	0	0
G2018020247	25.791	0	1
G2018020250	21.873	0	0
G2018020259	67.581	0	0
G2018020260	35.31	0	0
G2018020262	40.244	0	1
G2018020269	5.006	0	0
G2018020275	13.79	0	0
G2018020277	70.077	0	0
G2018020278	42.976	0	0
G2018020282	73.43	0	1
G2018020284	23.613	0	0
G2018020291	43.558	0	0
G2018020292	10.062	0	0
G2018020294	12.753	0	0
G2018020296	4.551	0	1
G2018020309	19.302	0	0
G2018020310	62.884	0	0
G2018020312	7.145	0	0
G2018020320	25.733	0	0
G2018020326	75.699	1	1
G2018020329	20.599	0	1
G2018020332	37.185	0	0
G2018020333	41.095	0	0
G2018020351	21.349	0	0
G2018020353	19.805	0	1
G2018020355	11.059	0	0
G2018020356	24.792	0	1
G2018020359	45.377	0	0
G2018020364	16.597	0	1
G2018020366	21.384	0	0
G2018020370	38.153	0	0
G2018020372	26.947	0	0
G2018020377	12.833	0	0
G2018020378	35.628	0	0
G2018020380	10.881	0	0
G2018020382	38.694	0	1
G2018020383	19.4	0	0
G2018020399	42.704	0	0
G2018020411	41.912	0	1
G2018020419	32.781	0	0
G2018020422	68.143	0	0
G2018020423	34.883	0	0
G2018020430	37.008	0	0
G2018020431	49.982	0	1
G2018020435	17.746	0	1
G2018020439	73.174	0	0
G2018020440	17.199	0	1
G2018020443	20.449	0	0
G2018020447	18.268	0	0
G2018020453	47.698	0	0
G2018020465	17.036	0	0
G2018020466	15.639	0	0
G2018020467	19.756	0	0
G2018020469	43.612	0	0
G2018020471	4.901	0	0
G2018020473	28.601	0	0
G2018020479	32.366	0	0
G2018020480	45.244	0	0
G2018020484	19.764	0	0
G2018020486	13.138	0	1
G2018020489	26.138	0	0
G2018020499	54.507	0	0
G2018020502	21.311	0	0
G2018020522	9.475	0	0
G2018020525	19.549	0	0
G2018020528	4.778	0	0
G2018020531	50.278	0	0
G2018020533	64.405	0	0
G2018020535	26.155	0	0
G2018020539	15.143	0	1
G2018020540	43.256	0	0
G2018020542	0.817	0	1
G2018020543	63.756	0	0
G2018020547	19.889	0	1
G2018020551	30.67	0	0
G2018020552	21.902	0	0
G2018020563	24.983	0	0
G2018020569	25.903	0	0
G2018020574	17.806	0	0
G2018020579	52.84	0	0
G2018020582	37.081	0	0
G2018020583	12.84	0	0
G2018020585	8.764	0	0
G2018020593	10.166	0	0
G2018020598	14.0	0	0
G2018020601	6.495	0	0
G2018020606	67.108	0	0
G2018020609	35.072	0	0
G2018020619	21.148	0	0
G2018020622	13.639	0	0
G2018020630	32.586	0	0
G2018020632	19.389	0	1
G2018020639	43.424	0	0
G2018020644	57.24	0	1
G2018020645	28.198	0	1
G2018020648	39.725	0	0
G2018020652	26.525	0	0
G2018020653	32.817	0	0
G2018020657	59.636	0	0
G2018020666	22.062	0	0
G2018020680	10.388	0	0
G2018020683	26.905	0	0
G2018020689	25.025	0	1
G2018020692	22.824	0	0
G2018020695	6.077	0	0
G2018020698	51.846	0	0
G2018020708	33.074	0	0
G2018020717	22.825	0	0
G2018020718	35.958	0	0
G2018020723	17.879	0	0
G2018020730	23.819	0	0
G2018020733	19.34	0	0
G2018020740	25.228	0	0
G2018020747	8.777	0	0
G2018020752	18.573	0	1
G2018020755	29.479	0	0
G2018020759	15.477	0	0
G2018020760	22.004	0	1
G2018020764	19.208	0	0
G2018020766	24.777	0	0
G2018020768	18.065	0	0
G2018020772	42.79	0	0
G2018020778	17.221	0	0
G2018020779	21.275	0	0
G2018020780	9.7	0	0
G2018020785	35.311	0	1
G2018020790	44.173	0	0
G2018020792	22.689	0	1
G2018020802	47.038	0	1
G2018020806	55.087	0	0
G2018020808	27.807	0	1
G2018020816	7.926	0	0
G2018020821	35.497	0	0
G2018020822	36.941	0	0
G2018020829	9.396	0	1
G2018020841	11.482	0	1
G2018020843	17.736	0	0
G2018020849	22.845	0	0
G2018020866	31.89	0	0
G2018020867	32.294	0	0
G2018020870	32.915	0	0
G2018020871	37.21	0	0
G2018020873	55.541	0	0
G2018020875	45.402	0	1
G2018020879	50.898	0	0
G2018020883	61.91	0	0
G2018020895	40.739	0	0
G2018020896	11.852	0	0
G2018020923	39.721	0	0
G2018020924	25.507	0	1
G2018020934	56.429	0	1
G2018020939	42.4	0	0
G2018020941	32.717	0	0
G2018020948	14.684	0	0
G2018020952	45.983	0	0
G2018020953	2.772	0	0
G2018020959	17.053	0	0
G2018020965	41.645	0	0
G2018020966	45.385	0	0
G2018020967	85.75	1	0
G2018020969	6.693	0	0
G2018020987	4.932	0	1
G2018020992	54.469	0	0
G2018020995	42.858	0	0
G2018020997	38.721	0	0
G2018020999	39.487	0	0
G2018021001	48.295	0	0
G2018021006	9.226	0	0
G2018021008	17.985	0	0
G2018021009	36.774	0	1
G2018021013	45.891	0	0
G2018021016	10.179	0	0
G2018021017	0.655	0	0
G2018021030	16.043	0	1
G2018021050	18.325	0	0
G2018021052	48.917	0	1
G2018021055	56.967	0	1
G2018021056	41.5	0	0
G2018021061	14.969	0	1
G2018021062	27.539	0	1
G2018021065	16.16	0	0
G2018021071	32.721	0	1
G2018021073	26.031	0	0
G2018021074	24.83	0	0
G2018021077	39.14	0	0
G2018021080	2.888	0	0
G2018021084	35.944	0	0
G2018021090	32.51	0	0
G2018021092	9.927	0	1
G2018021096	19.101	0	0
G2018021098	30.468	0	0
G2018021101	13.432	0	0
G2018021102	28.733	0	0
G2018021107	13.266	0	1
G2018021116	7.557	0	1
G2018021120	13.026	0	0
G2018021125	4.8	0	0
G2018021128	32.087	0	0
G2018021129	10.035	0	1
G2018021130	14.255	0	0
G2018021142	17.109	0	1
G2018021143	11.541	0	0
G2018021144	46.931	0	0
G2018021149	65.687	0	0
G2018021154	30.486	0	1
G2018021156	35.461	0	0
G2018021164	30.552	0	0
G2018021169	3.194	0	1
G2018021176	21.567	0	0
G2018021180	42.367	0	0
G2018021184	33.926	0	0
G2018021189	19.486	0	0
G2018021201	35.219	0	1
G2018021208	8.971	0	1
G2018021211	4.026	0	1
G2018021222	10.102	0	0
G2018021231	45.481	0	0
G2018021232	23.288	0	0
G2018021234	24.531	0	0
G2018021235	10.201	0	0
G2018021238	43.384	0	0
G2018021241	53.795	0	0
G2018021249	17.189	0	0
G2018021250	53.742	0	0
G2018021267	21.029	0	0
G2018021273	11.042	0	0
G2018021289	17.7	0	0
G2018021292	26.096	0	0
G2018021295	18.91	0	0
G2018021296	10.23	0	0
G2018021305	45.5	0	0
G2018021306	26.968	0	0
G2018021307	41.832	0	0
G2018021310	45.205	0	0
G2018021315	33.404	0	0
G2018021317	38.517	0	0
G2018021321	23.385	0	1
G2018021329	51.512	0	0
G2018021344	5.109	0	0
G2018021351	11.08	0	0
G2018021356	27.102	0	0
G2018021368	31.82	0	0
G2018021375	24.388	0	0
G2018021379	37.93	0	0
G2018021381	13.997	0	0
G2018021386	10.079	0	1
G2018021395	33.747	0	0
G2018021398	32.786	0	0
G2018021399	28.343	0	1
G2018021405	13.602	0	1
G2018021406	58.256	0	0
G2018021427	14.781	0	0
G2018021430	28.992	0	1
G2018021437	19.902	0	0
G2018021440	70.571	0	0
G2018021449	21.797	0	0
G2018021461	39.564	0	1
G2018021478	36.276	0	0
G2018021480	55.072	0	1
G2018021508	27.045	0	0
G2018021512	29.191	0	0
G2018021516	10.456	0	0
G2018021518	33.084	0	0
G2018021519	42.427	0	1
G2018021525	54.267	0	1
G2018021527	5.363	0	0
G2018021528	51.8	0	0
G2018021529	31.741	0	0
G2018021530	14.557	0	0
G2018021532	48.19	0	0
G2018021534	16.791	0	0
G2018021541	17.671	0	0
G2018021542	40.147	0	0
G2018021545	13.998	0	0
G2018021546	18.785	0	0
G2018021547	18.407	0	1
G2018021549	32.503	0	0
G2018021561	18.703	0	0
G2018021563	40.343	0	0
G2018021568	6.235	0	0
G2018021569	51.425	0	0
G2018021570	21.656	0	0
G2018021575	36.604	0	0
G2018021578	32.513	0	0
G2018021582	31.525	0	0
G2018021584	5.968	0	0
G2018021588	47.723	0	0
G2018021590	47.418	0	0
G2018021591	27.298	0	0
G2018021598	33.964	0	0
G2018021601	6.075	0	0
G2018021606	18.225	0	1
G2018021607	24.029	0	0
G2018021608	24.517	0	0
